Year,Category,Nominee,Movie,Winner
2010 (83rd),Actress -- Supporting Role,Amy Adams,The Fighter {'Charlene Fleming'},NO
2010 (83rd),Actress -- Supporting Role,Helena Bonham Carter,The King's Speech {'Queen Elizabeth'},NO
2010 (83rd),Actress -- Supporting Role,Hailee Steinfeld,True Grit {'Mattie Ross'},NO
2010 (83rd),Actress -- Supporting Role,Jacki Weaver,Animal Kingdom {'Janine 'Smurf' Cody'},NO
2009 (82nd),Actress -- Supporting Role,Penélope Cruz,Nine {'Carla'},NO
2009 (82nd),Actress -- Supporting Role,Vera Farmiga,Up in the Air {'Alex Goran'},NO
2009 (82nd),Actress -- Supporting Role,Maggie Gyllenhaal,Crazy Heart {'Jean Craddock'},NO
2009 (82nd),Actress -- Supporting Role,Anna Kendrick,Up in the Air {'Natalie Keener'},NO
2008 (81st),Actress -- Supporting Role,Amy Adams,Doubt {'Sister James'},NO
2008 (81st),Actress -- Supporting Role,Viola Davis,Doubt {'Mrs. Miller'},NO
2008 (81st),Actress -- Supporting Role,Taraji P. Henson,The Curious Case of Benjamin Button {'Queenie'},NO
2008 (81st),Actress -- Supporting Role,Marisa Tomei,The Wrestler {'Cassidy'},NO
2007 (80th),Actress -- Supporting Role,Cate Blanchett,I'm Not There {'Jude'},NO
2007 (80th),Actress -- Supporting Role,Ruby Dee,American Gangster {'Mama Lucas'},NO
2007 (80th),Actress -- Supporting Role,Saoirse Ronan,"Atonement {'Briony Tallis, aged 13'}",NO
2007 (80th),Actress -- Supporting Role,Amy Ryan,Gone Baby Gone {'Helene McCready'},NO
2006 (79th),Actress -- Supporting Role,Adriana Barraza,Babel {'Amelia'},NO
2006 (79th),Actress -- Supporting Role,Cate Blanchett,Notes on a Scandal {'Sheba Hart'},NO
2006 (79th),Actress -- Supporting Role,Abigail Breslin,Little Miss Sunshine {'Olive'},NO
2006 (79th),Actress -- Supporting Role,Rinko Kikuchi,Babel {'Chieko'},NO
2005 (78th),Actress -- Supporting Role,Amy Adams,Junebug {'Ashley'},NO
2005 (78th),Actress -- Supporting Role,Catherine Keener,Capote {'Nelle Harper Lee'},NO
2005 (78th),Actress -- Supporting Role,Frances McDormand,North Country {'Glory'},NO
2005 (78th),Actress -- Supporting Role,Michelle Williams,Brokeback Mountain {'Alma'},NO
2004 (77th),Actress -- Supporting Role,Laura Linney,Kinsey {'Clara McMillen'},NO
2004 (77th),Actress -- Supporting Role,Virginia Madsen,Sideways {'Maya'},NO
2004 (77th),Actress -- Supporting Role,Sophie Okonedo,Hotel Rwanda {'Tatiana Rusesabagina'},NO
2004 (77th),Actress -- Supporting Role,Natalie Portman,Closer {'Alice'},NO
2003 (76th),Actress -- Supporting Role,Shohreh Aghdashloo,House of Sand and Fog {'Nadi'},NO
2003 (76th),Actress -- Supporting Role,Patricia Clarkson,Pieces of April {'Joy Burns'},NO
2003 (76th),Actress -- Supporting Role,Marcia Gay Harden,Mystic River {'Celeste Boyle'},NO
2003 (76th),Actress -- Supporting Role,Holly Hunter,Thirteen {'Melanie'},NO
2002 (75th),Actress -- Supporting Role,Kathy Bates,About Schmidt {'Roberta Hertzel'},NO
2002 (75th),Actress -- Supporting Role,Julianne Moore,The Hours {'Laura Brown'},NO
2002 (75th),Actress -- Supporting Role,Queen Latifah,Chicago {'Matron Mama Morton'},NO
2002 (75th),Actress -- Supporting Role,Meryl Streep,Adaptation {'Susan Orlean'},NO
2001 (74th),Actress -- Supporting Role,Helen Mirren,Gosford Park {'Mrs. Wilson'},NO
2001 (74th),Actress -- Supporting Role,Maggie Smith,"Gosford Park {'Constance, Countess of Trentham'}",NO
2001 (74th),Actress -- Supporting Role,Marisa Tomei,In the Bedroom {'Natalie Strout'},NO
2001 (74th),Actress -- Supporting Role,Kate Winslet,Iris {'Young Iris Murdoch'},NO
2000 (73rd),Actress -- Supporting Role,Judi Dench,Chocolat {'Armande Voizin'},NO
2000 (73rd),Actress -- Supporting Role,Kate Hudson,Almost Famous {'Penny Lane'},NO
2000 (73rd),Actress -- Supporting Role,Frances McDormand,Almost Famous {'Elaine Miller'},NO
2000 (73rd),Actress -- Supporting Role,Julie Walters,Billy Elliot {'Mrs. Wilkinson'},NO
1999 (72nd),Actress -- Supporting Role,Toni Collette,The Sixth Sense {'Lynn Sear'},NO
1999 (72nd),Actress -- Supporting Role,Catherine Keener,Being John Malkovich {'Maxine'},NO
1999 (72nd),Actress -- Supporting Role,Samantha Morton,Sweet and Lowdown {'Hattie'},NO
1999 (72nd),Actress -- Supporting Role,Chloë Sevigny,Boys Don't Cry {'Lana Tisdel'},NO
1998 (71st),Actress -- Supporting Role,Kathy Bates,Primary Colors {'Libby'},NO
1998 (71st),Actress -- Supporting Role,Brenda Blethyn,Little Voice {'Mari'},NO
1998 (71st),Actress -- Supporting Role,Rachel Griffiths,Hilary and Jackie {'Hilary du Pré'},NO
1998 (71st),Actress -- Supporting Role,Lynn Redgrave,Gods and Monsters {'Hanna'},NO
1997 (70th),Actress -- Supporting Role,Joan Cusack,In & Out {'Emily Montgomery'},NO
1997 (70th),Actress -- Supporting Role,Minnie Driver,Good Will Hunting {'Skylar'},NO
1997 (70th),Actress -- Supporting Role,Julianne Moore,Boogie Nights {'Amber Waves'},NO
1997 (70th),Actress -- Supporting Role,Gloria Stuart,Titanic {'Old Rose'},NO
1996 (69th),Actress -- Supporting Role,Joan Allen,The Crucible {'Elizabeth Proctor'},NO
1996 (69th),Actress -- Supporting Role,Lauren Bacall,The Mirror Has Two Faces {'Hannah Morgan'},NO
1996 (69th),Actress -- Supporting Role,Barbara Hershey,The Portrait of a Lady {'Madame Serena Merle'},NO
1996 (69th),Actress -- Supporting Role,Marianne Jean-Baptiste,Secrets & Lies {'Hortense'},NO
1995 (68th),Actress -- Supporting Role,Joan Allen,Nixon {'Pat Nixon'},NO
1995 (68th),Actress -- Supporting Role,Kathleen Quinlan,Apollo 13 {'Marilyn Lovell'},NO
1995 (68th),Actress -- Supporting Role,Mare Winningham,Georgia {'Georgia'},NO
1995 (68th),Actress -- Supporting Role,Kate Winslet,Sense and Sensibility {'Marianne Dashwood'},NO
1994 (67th),Actress -- Supporting Role,Rosemary Harris,Tom & Viv {'Rose Haigh-Wood'},NO
1994 (67th),Actress -- Supporting Role,Helen Mirren,The Madness of King George {'Queen Charlotte'},NO
1994 (67th),Actress -- Supporting Role,Uma Thurman,Pulp Fiction {'Mia'},NO
1994 (67th),Actress -- Supporting Role,Jennifer Tilly,Bullets over Broadway {'Olive Neal'},NO
1993 (66th),Actress -- Supporting Role,Holly Hunter,The Firm {'Tammy Hemphill'},NO
1993 (66th),Actress -- Supporting Role,Rosie Perez,Fearless {'Carla Rodrigo'},NO
1993 (66th),Actress -- Supporting Role,Winona Ryder,The Age of Innocence {'May Welland'},NO
1993 (66th),Actress -- Supporting Role,Emma Thompson,In the Name of the Father {'Gareth Peirce'},NO
1992 (65th),Actress -- Supporting Role,Judy Davis,Husbands and Wives {'Sally'},NO
1992 (65th),Actress -- Supporting Role,Joan Plowright,Enchanted April {'Mrs. Fisher'},NO
1992 (65th),Actress -- Supporting Role,Vanessa Redgrave,Howards End {'Ruth Wilcox'},NO
1992 (65th),Actress -- Supporting Role,Miranda Richardson,Damage {'Ingrid'},NO
1991 (64th),Actress -- Supporting Role,Diane Ladd,Rambling Rose {'Mother'},NO
1991 (64th),Actress -- Supporting Role,Juliette Lewis,Cape Fear {'Danielle Bowden'},NO
1991 (64th),Actress -- Supporting Role,Kate Nelligan,The Prince of Tides {'Lila Wingo Newbury'},NO
1991 (64th),Actress -- Supporting Role,Jessica Tandy,Fried Green Tomatoes {'Ninny Threadgoode'},NO
1990 (63rd),Actress -- Supporting Role,Annette Bening,The Grifters {'Myra Langtry'},NO
1990 (63rd),Actress -- Supporting Role,Lorraine Bracco,Good Fellas {'Karen Hill'},NO
1990 (63rd),Actress -- Supporting Role,Diane Ladd,Wild at Heart {'Marietta Fortune'},NO
1990 (63rd),Actress -- Supporting Role,Mary McDonnell,Dances With Wolves {'Stands With A Fist'},NO
1989 (62nd),Actress -- Supporting Role,Anjelica Huston,"Enemies, A Love Story {'Tamara'}",NO
1989 (62nd),Actress -- Supporting Role,Lena Olin,"Enemies, A Love Story {'Masha'}",NO
1989 (62nd),Actress -- Supporting Role,Julia Roberts,Steel Magnolias {'Shelby Eatenton'},NO
1989 (62nd),Actress -- Supporting Role,Dianne Wiest,Parenthood {'Helen'},NO
1988 (61st),Actress -- Supporting Role,Joan Cusack,Working Girl {'Cyn'},NO
1988 (61st),Actress -- Supporting Role,Frances McDormand,Mississippi Burning {'Mrs. Pell'},NO
1988 (61st),Actress -- Supporting Role,Michelle Pfeiffer,Dangerous Liaisons {'Madame de Tourvel'},NO
1988 (61st),Actress -- Supporting Role,Sigourney Weaver,Working Girl {'Katharine Parker'},NO
1987 (60th),Actress -- Supporting Role,Norma Aleandro,Gaby - A True Story {'Florencia'},NO
1987 (60th),Actress -- Supporting Role,Anne Archer,Fatal Attraction {'Beth Gallagher'},NO
1987 (60th),Actress -- Supporting Role,Anne Ramsey,Throw Momma from the Train {'Momma'},NO
1987 (60th),Actress -- Supporting Role,Ann Sothern,The Whales of August {'Tisha Doughty'},NO
1986 (59th),Actress -- Supporting Role,Tess Harper,Crimes of the Heart {'Chick Boyle'},NO
1986 (59th),Actress -- Supporting Role,Piper Laurie,Children of a Lesser God {'Mrs. Norman'},NO
1986 (59th),Actress -- Supporting Role,Mary Elizabeth Mastrantonio,The Color of Money {'Carmen'},NO
1986 (59th),Actress -- Supporting Role,Maggie Smith,A Room with a View {'Charlotte Bartlett'},NO
1985 (58th),Actress -- Supporting Role,Margaret Avery,The Color Purple {'Shug Avery'},NO
1985 (58th),Actress -- Supporting Role,Amy Madigan,Twice in a Lifetime {'Sunny Sobel'},NO
1985 (58th),Actress -- Supporting Role,Meg Tilly,Agnes of God {'Sister Agnes'},NO
1985 (58th),Actress -- Supporting Role,Oprah Winfrey,The Color Purple {'Sofia'},NO
1984 (57th),Actress -- Supporting Role,Glenn Close,The Natural {'Iris'},NO
1984 (57th),Actress -- Supporting Role,Lindsay Crouse,Places in the Heart {'Margaret Lomax'},NO
1984 (57th),Actress -- Supporting Role,Christine Lahti,Swing Shift {'Hazel Zanussi'},NO
1984 (57th),Actress -- Supporting Role,Geraldine Page,The Pope of Greenwich Village {'Mrs. Ritter'},NO
1983 (56th),Actress -- Supporting Role,Cher,Silkwood {'Dolly Pelliker'},NO
1983 (56th),Actress -- Supporting Role,Glenn Close,The Big Chill {'Sarah'},NO
1983 (56th),Actress -- Supporting Role,Amy Irving,Yentl {'Hadaas'},NO
1983 (56th),Actress -- Supporting Role,Alfre Woodard,Cross Creek {'Geechee'},NO
1982 (55th),Actress -- Supporting Role,Glenn Close,The World According to Garp {'Jenny Fields'},NO
1982 (55th),Actress -- Supporting Role,Teri Garr,Tootsie {'Sandy Lester'},NO
1982 (55th),Actress -- Supporting Role,Kim Stanley,Frances {'Lillian Farmer'},NO
1982 (55th),Actress -- Supporting Role,Lesley Ann Warren,Victor/Victoria {'Norma'},NO
1981 (54th),Actress -- Supporting Role,Melinda Dillon,Absence of Malice {'Teresa'},NO
1981 (54th),Actress -- Supporting Role,Jane Fonda,On Golden Pond {'Chelsea Thayer Wayne'},NO
1981 (54th),Actress -- Supporting Role,Joan Hackett,Only When I Laugh {'Toby Landau'},NO
1981 (54th),Actress -- Supporting Role,Elizabeth McGovern,Ragtime {'Evelyn Nesbit'},NO
1980 (53rd),Actress -- Supporting Role,Eileen Brennan,Private Benjamin {'Captain Doreen Lewis'},NO
1980 (53rd),Actress -- Supporting Role,Eva Le Gallienne,Resurrection {'Grandma Pearl'},NO
1980 (53rd),Actress -- Supporting Role,Cathy Moriarty,Raging Bull {'Vicki LaMotta'},NO
1980 (53rd),Actress -- Supporting Role,Diana Scarwid,Inside Moves {'Louise'},NO
1979 (52nd),Actress -- Supporting Role,Jane Alexander,Kramer vs. Kramer {'Margaret Phelps'},NO
1979 (52nd),Actress -- Supporting Role,Barbara Barrie,Breaking Away {'Mrs. Stohler'},NO
1979 (52nd),Actress -- Supporting Role,Candice Bergen,Starting Over {'Jessica Potter'},NO
1979 (52nd),Actress -- Supporting Role,Mariel Hemingway,Manhattan {'Tracy'},NO
1978 (51st),Actress -- Supporting Role,Dyan Cannon,Heaven Can Wait {'Julia Farnsworth'},NO
1978 (51st),Actress -- Supporting Role,Penelope Milford,Coming Home {'Viola Munson'},NO
1978 (51st),Actress -- Supporting Role,Maureen Stapleton,Interiors {'Pearl'},NO
1978 (51st),Actress -- Supporting Role,Meryl Streep,The Deer Hunter {'Linda'},NO
1977 (50th),Actress -- Supporting Role,Leslie Browne,The Turning Point {'Emilia Rodgers'},NO
1977 (50th),Actress -- Supporting Role,Quinn Cummings,The Goodbye Girl {'Lucy McFadden'},NO
1977 (50th),Actress -- Supporting Role,Melinda Dillon,Close Encounters of the Third Kind {'Jillian Guiler'},NO
1977 (50th),Actress -- Supporting Role,Tuesday Weld,Looking for Mr. Goodbar {'Katherine Dunn'},NO
1976 (49th),Actress -- Supporting Role,Jane Alexander,All the President's Men {'The Bookkeeper'},NO
1976 (49th),Actress -- Supporting Role,Jodie Foster,Taxi Driver {'Iris'},NO
1976 (49th),Actress -- Supporting Role,Lee Grant,Voyage of the Damned {'Lilian Rosen'},NO
1976 (49th),Actress -- Supporting Role,Piper Laurie,Carrie {'Margaret White'},NO
1975 (48th),Actress -- Supporting Role,Ronee Blakley,Nashville {'Barbara Jean'},NO
1975 (48th),Actress -- Supporting Role,Sylvia Miles,"Farewell, My Lovely {'Mrs. Florian'}",NO
1975 (48th),Actress -- Supporting Role,Lily Tomlin,Nashville {'Linnea Reese'},NO
1975 (48th),Actress -- Supporting Role,Brenda Vaccaro,Jacqueline Susann's Once Is Not Enough {'Linda'},NO
1974 (47th),Actress -- Supporting Role,Valentina Cortese,Day for Night {'Severine'},NO
1974 (47th),Actress -- Supporting Role,Madeline Kahn,Blazing Saddles {'Lili Von Shtupp'},NO
1974 (47th),Actress -- Supporting Role,Diane Ladd,Alice Doesn't Live Here Anymore {'Flo'},NO
1974 (47th),Actress -- Supporting Role,Talia Shire,The Godfather Part II {'Connie Corleone'},NO
1973 (46th),Actress -- Supporting Role,Linda Blair,The Exorcist {'Regan MacNeil'},NO
1973 (46th),Actress -- Supporting Role,Candy Clark,American Graffiti {'Debbie'},NO
1973 (46th),Actress -- Supporting Role,Madeline Kahn,Paper Moon {'Trixie Delight'},NO
1973 (46th),Actress -- Supporting Role,Sylvia Sidney,"Summer Wishes, Winter Dreams {'Mrs. Pritchett'}",NO
1972 (45th),Actress -- Supporting Role,Jeannie Berlin,The Heartbreak Kid {'Lila'},NO
1972 (45th),Actress -- Supporting Role,Geraldine Page,Pete 'n' Tillie {'Gertrude'},NO
1972 (45th),Actress -- Supporting Role,Susan Tyrrell,Fat City {'Oma'},NO
1972 (45th),Actress -- Supporting Role,Shelley Winters,The Poseidon Adventure {'Belle Rosen'},NO
1971 (44th),Actress -- Supporting Role,Ann-Margret,Carnal Knowledge {'Bobbie'},NO
1971 (44th),Actress -- Supporting Role,Ellen Burstyn,The Last Picture Show {'Lois Farrow'},NO
1971 (44th),Actress -- Supporting Role,Barbara Harris,Who Is Harry Kellerman and Why Is He Saying Those Terrible Things about Me? {'Allison'},NO
1971 (44th),Actress -- Supporting Role,Margaret Leighton,The Go-Between {'Mrs. Maudsley'},NO
1970 (43rd),Actress -- Supporting Role,Karen Black,Five Easy Pieces {'Rayette Dipesto'},NO
1970 (43rd),Actress -- Supporting Role,Lee Grant,The Landlord {'Mrs. Enders'},NO
1970 (43rd),Actress -- Supporting Role,Sally Kellerman,M*A*S*H {'Major Margaret 'Hot Lips' Houlihan'},NO
1970 (43rd),Actress -- Supporting Role,Maureen Stapleton,Airport {'Inez Guerrero'},NO
1969 (42nd),Actress -- Supporting Role,Catherine Burns,Last Summer {'Rhoda'},NO
1969 (42nd),Actress -- Supporting Role,Dyan Cannon,Bob & Carol & Ted & Alice {'Alice Henderson'},NO
1969 (42nd),Actress -- Supporting Role,Sylvia Miles,Midnight Cowboy {'Cass'},NO
1969 (42nd),Actress -- Supporting Role,Susannah York,"They Shoot Horses, Don't They? {'Alice'}",NO
1968 (41st),Actress -- Supporting Role,Lynn Carlin,Faces {'Maria Forst'},NO
1968 (41st),Actress -- Supporting Role,Sondra Locke,The Heart Is a Lonely Hunter {'Mick Kelly'},NO
1968 (41st),Actress -- Supporting Role,Kay Medford,Funny Girl {'Rose Brice'},NO
1968 (41st),Actress -- Supporting Role,Estelle Parsons,"Rachel, Rachel {'Calla Mackie'}",NO
1967 (40th),Actress -- Supporting Role,Carol Channing,Thoroughly Modern Millie {'Muzzy Van Hossmere'},NO
1967 (40th),Actress -- Supporting Role,Mildred Natwick,Barefoot in the Park {'Mrs. Ethel Banks'},NO
1967 (40th),Actress -- Supporting Role,Beah Richards,Guess Who's Coming to Dinner {'Mrs. Prentice'},NO
1967 (40th),Actress -- Supporting Role,Katharine Ross,The Graduate {'Elaine Robinson'},NO
1966 (39th),Actress -- Supporting Role,Wendy Hiller,A Man for All Seasons {'Alice More'},NO
1966 (39th),Actress -- Supporting Role,Jocelyne Lagarde,Hawaii {'Malama'},NO
1966 (39th),Actress -- Supporting Role,Vivien Merchant,Alfie {'Lily'},NO
1966 (39th),Actress -- Supporting Role,Geraldine Page,You're a Big Boy Now {'Margary Chanticleer'},NO
1965 (38th),Actress -- Supporting Role,Ruth Gordon,Inside Daisy Clover {'The Dealer'},NO
1965 (38th),Actress -- Supporting Role,Joyce Redman,Othello {'Emilia'},NO
1965 (38th),Actress -- Supporting Role,Maggie Smith,Othello {'Desdemona'},NO
1965 (38th),Actress -- Supporting Role,Peggy Wood,The Sound of Music {'Mother Abbess'},NO
1964 (37th),Actress -- Supporting Role,Gladys Cooper,My Fair Lady {'Mrs. Higgins'},NO
1964 (37th),Actress -- Supporting Role,Dame Edith Evans,The Chalk Garden {'Mrs. St. Maugham'},NO
1964 (37th),Actress -- Supporting Role,Grayson Hall,The Night of the Iguana {'Judith Fellowes'},NO
1964 (37th),Actress -- Supporting Role,Agnes Moorehead,"Hush...Hush, Sweet Charlotte {'Velma Cruther'}",NO
1963 (36th),Actress -- Supporting Role,Diane Cilento,Tom Jones {'Molly'},NO
1963 (36th),Actress -- Supporting Role,Dame Edith Evans,Tom Jones {'Miss Western'},NO
1963 (36th),Actress -- Supporting Role,Joyce Redman,Tom Jones {'Mrs. Waters'},NO
1963 (36th),Actress -- Supporting Role,Lilia Skala,Lilies of the Field {'Mother Maria'},NO
1962 (35th),Actress -- Supporting Role,Mary Badham,To Kill a Mockingbird {'Scout Finch'},NO
1962 (35th),Actress -- Supporting Role,Shirley Knight,Sweet Bird of Youth {'Heavenly Finley'},NO
1962 (35th),Actress -- Supporting Role,Angela Lansbury,The Manchurian Candidate {'Raymond's Mother'},NO
1962 (35th),Actress -- Supporting Role,Thelma Ritter,Birdman of Alcatraz {'Elizabeth Stroud'},NO
1961 (34th),Actress -- Supporting Role,Fay Bainter,The Children's Hour {'Mrs. Amelia Tilford'},NO
1961 (34th),Actress -- Supporting Role,Judy Garland,Judgment at Nuremberg {'Irene Hoffman'},NO
1961 (34th),Actress -- Supporting Role,Lotte Lenya,The Roman Spring of Mrs. Stone {'Countess Magda Terribili-Gonzales'},NO
1961 (34th),Actress -- Supporting Role,Una Merkel,Summer and Smoke {'Mrs. Winemiller'},NO
1960 (33rd),Actress -- Supporting Role,Glynis Johns,The Sundowners {'Mrs. Firth'},NO
1960 (33rd),Actress -- Supporting Role,Shirley Knight,The Dark at the Top of the Stairs {'Reenie'},NO
1960 (33rd),Actress -- Supporting Role,Janet Leigh,Psycho {'Marion Crane'},NO
1960 (33rd),Actress -- Supporting Role,Mary Ure,Sons and Lovers {'Clara Dawes'},NO
1959 (32nd),Actress -- Supporting Role,Hermione Baddeley,Room at the Top {'Elspeth'},NO
1959 (32nd),Actress -- Supporting Role,Susan Kohner,Imitation of Life {'Sarah Jane (age 18)'},NO
1959 (32nd),Actress -- Supporting Role,Juanita Moore,Imitation of Life {'Annie Johnson'},NO
1959 (32nd),Actress -- Supporting Role,Thelma Ritter,Pillow Talk {'Alma'},NO
1958 (31st),Actress -- Supporting Role,Peggy Cass,Auntie Mame {'Agnes Gooch'},NO
1958 (31st),Actress -- Supporting Role,Martha Hyer,Some Came Running {'Gwen French'},NO
1958 (31st),Actress -- Supporting Role,Maureen Stapleton,Lonelyhearts {'Fay Doyle'},NO
1958 (31st),Actress -- Supporting Role,Cara Williams,The Defiant Ones {'The Woman'},NO
1957 (30th),Actress -- Supporting Role,Carolyn Jones,The Bachelor Party {'The Existentialist'},NO
1957 (30th),Actress -- Supporting Role,Elsa Lanchester,Witness for the Prosecution {'Miss Plimsoll'},NO
1957 (30th),Actress -- Supporting Role,Hope Lange,Peyton Place {'Selena Cross'},NO
1957 (30th),Actress -- Supporting Role,Diane Varsi,Peyton Place {'Allison MacKenzie'},NO
1956 (29th),Actress -- Supporting Role,Mildred Dunnock,Baby Doll {'Aunt Rose Comfort'},NO
1956 (29th),Actress -- Supporting Role,Eileen Heckart,The Bad Seed {'Mrs. Daigle'},NO
1956 (29th),Actress -- Supporting Role,Mercedes McCambridge,Giant {'Luz Benedict'},NO
1956 (29th),Actress -- Supporting Role,Patty McCormack,The Bad Seed {'Rhoda Penmark'},NO
1955 (28th),Actress -- Supporting Role,Betsy Blair,Marty {'Clara Snyder'},NO
1955 (28th),Actress -- Supporting Role,Peggy Lee,Pete Kelly's Blues {'Rose Hopkins'},NO
1955 (28th),Actress -- Supporting Role,Marisa Pavan,The Rose Tattoo {'Rosa Della Rose'},NO
1955 (28th),Actress -- Supporting Role,Natalie Wood,Rebel without a Cause {'Judy'},NO
1954 (27th),Actress -- Supporting Role,Nina Foch,Executive Suite {'Erica Martin'},NO
1954 (27th),Actress -- Supporting Role,Katy Jurado,Broken Lance {'Senora Devereaux'},NO
1954 (27th),Actress -- Supporting Role,Jan Sterling,The High and the Mighty {'Sally McKee'},NO
1954 (27th),Actress -- Supporting Role,Claire Trevor,The High and the Mighty {'Mary Holst'},NO
1953 (26th),Actress -- Supporting Role,Grace Kelly,Mogambo {'Linda Nordley'},NO
1953 (26th),Actress -- Supporting Role,Geraldine Page,Hondo {'Angie Lowe'},NO
1953 (26th),Actress -- Supporting Role,Marjorie Rambeau,Torch Song {'Mrs. Stewart'},NO
1953 (26th),Actress -- Supporting Role,Thelma Ritter,Pickup on South Street {'Moe'},NO
1952 (25th),Actress -- Supporting Role,Jean Hagen,Singin' in the Rain {'Lina Lamont'},NO
1952 (25th),Actress -- Supporting Role,Colette Marchand,Moulin Rouge {'Marie Charlet'},NO
1952 (25th),Actress -- Supporting Role,Terry Moore,"Come Back, Little Sheba {'Marie Loring'}",NO
1952 (25th),Actress -- Supporting Role,Thelma Ritter,With a Song in My Heart {'Clancy'},NO
1951 (24th),Actress -- Supporting Role,Joan Blondell,The Blue Veil {'Annie Rawlins'},NO
1951 (24th),Actress -- Supporting Role,Mildred Dunnock,Death of a Salesman {'Linda Loman'},NO
1951 (24th),Actress -- Supporting Role,Lee Grant,Detective Story {'A Shoplifter'},NO
1951 (24th),Actress -- Supporting Role,Thelma Ritter,The Mating Season {'Ellen McNulty'},NO
1950 (23rd),Actress -- Supporting Role,Hope Emerson,Caged {'Evelyn Harper'},NO
1950 (23rd),Actress -- Supporting Role,Celeste Holm,All about Eve {'Karen Richards'},NO
1950 (23rd),Actress -- Supporting Role,Nancy Olson,Sunset Blvd. {'Betty Schaefer'},NO
1950 (23rd),Actress -- Supporting Role,Thelma Ritter,All about Eve {'Birdie'},NO
1949 (22nd),Actress -- Supporting Role,Ethel Barrymore,Pinky {'Miss Em'},NO
1949 (22nd),Actress -- Supporting Role,Celeste Holm,Come to the Stable {'Sister Scholastica'},NO
1949 (22nd),Actress -- Supporting Role,Elsa Lanchester,Come to the Stable {'Miss Potts'},NO
1949 (22nd),Actress -- Supporting Role,Ethel Waters,Pinky {'Granny'},NO
1948 (21st),Actress -- Supporting Role,Barbara Bel Geddes,I Remember Mama {'Katrin'},NO
1948 (21st),Actress -- Supporting Role,Ellen Corby,I Remember Mama {'Aunt Trina'},NO
1948 (21st),Actress -- Supporting Role,Agnes Moorehead,Johnny Belinda {'Aggie McDonald'},NO
1948 (21st),Actress -- Supporting Role,Jean Simmons,Hamlet {'Ophelia'},NO
1947 (20th),Actress -- Supporting Role,Ethel Barrymore,The Paradine Case {'Lady Sophie Horfield'},NO
1947 (20th),Actress -- Supporting Role,Gloria Grahame,Crossfire {'Ginny Tremaine'},NO
1947 (20th),Actress -- Supporting Role,Marjorie Main,The Egg and I {'Ma Kettle'},NO
1947 (20th),Actress -- Supporting Role,Anne Revere,Gentleman's Agreement {'Mrs. Green'},NO
1946 (19th),Actress -- Supporting Role,Ethel Barrymore,The Spiral Staircase {'Mrs. Warren'},NO
1946 (19th),Actress -- Supporting Role,Lillian Gish,Duel in the Sun {'Belle McCanles'},NO
1946 (19th),Actress -- Supporting Role,Flora Robson,Saratoga Trunk {'Angelique Buiton'},NO
1946 (19th),Actress -- Supporting Role,Gale Sondergaard,Anna and the King of Siam {'Lady Thiang'},NO
1945 (18th),Actress -- Supporting Role,Eve Arden,Mildred Pierce {'Ida'},NO
1945 (18th),Actress -- Supporting Role,Ann Blyth,Mildred Pierce {'Veda Pierce'},NO
1945 (18th),Actress -- Supporting Role,Angela Lansbury,The Picture of Dorian Gray {'Sibyl Vane'},NO
1945 (18th),Actress -- Supporting Role,Joan Lorring,The Corn Is Green {'Bessie Watty'},NO
1944 (17th),Actress -- Supporting Role,Jennifer Jones,Since You Went Away {'Jane Hilton'},NO
1944 (17th),Actress -- Supporting Role,Angela Lansbury,Gaslight {'Nancy Oliver'},NO
1944 (17th),Actress -- Supporting Role,Aline MacMahon,Dragon Seed {'Ling's Wife'},NO
1944 (17th),Actress -- Supporting Role,Agnes Moorehead,Mrs. Parkington {'Aspacia Conti'},NO
1943 (16th),Actress -- Supporting Role,Gladys Cooper,The Song of Bernadette {'Sister Vauzous'},NO
1943 (16th),Actress -- Supporting Role,Paulette Goddard,So Proudly We Hail! {'Lieutenant Joan O'Doul'},NO
1943 (16th),Actress -- Supporting Role,Anne Revere,The Song of Bernadette {'Louise Soubirous'},NO
1943 (16th),Actress -- Supporting Role,Lucile Watson,Watch on the Rhine {'Fanny Farrelly'},NO
1942 (15th),Actress -- Supporting Role,Gladys Cooper,"Now, Voyager {'Mrs. Vale'}",NO
1942 (15th),Actress -- Supporting Role,Agnes Moorehead,The Magnificent Ambersons {'Fanny Minafer'},NO
1942 (15th),Actress -- Supporting Role,Susan Peters,Random Harvest {'Kitty'},NO
1942 (15th),Actress -- Supporting Role,Dame May Whitty,Mrs. Miniver {'Lady Beldon'},NO
1941 (14th),Actress -- Supporting Role,Sara Allgood,How Green Was My Valley {'Mrs. Morgan'},NO
1941 (14th),Actress -- Supporting Role,Patricia Collinge,The Little Foxes {'Birdie Hubbard'},NO
1941 (14th),Actress -- Supporting Role,Teresa Wright,The Little Foxes {'Alexandra Giddens'},NO
1941 (14th),Actress -- Supporting Role,Margaret Wycherly,Sergeant York {'Mother York'},NO
1940 (13th),Actress -- Supporting Role,Judith Anderson,Rebecca {'Mrs. Danvers'},NO
1940 (13th),Actress -- Supporting Role,Ruth Hussey,The Philadelphia Story {'Liz Imbrie'},NO
1940 (13th),Actress -- Supporting Role,Barbara O'Neil,"All This, and Heaven Too {'Duchesse de Praslin'}",NO
1940 (13th),Actress -- Supporting Role,Marjorie Rambeau,Primrose Path {'Mamie Adams'},NO
1939 (12th),Actress -- Supporting Role,Olivia de Havilland,Gone with the Wind {'Melanie Hamilton'},NO
1939 (12th),Actress -- Supporting Role,Geraldine Fitzgerald,Wuthering Heights {'Isabella'},NO
1939 (12th),Actress -- Supporting Role,Edna May Oliver,Drums along the Mohawk {'Sarah McKlennar'},NO
1939 (12th),Actress -- Supporting Role,Maria Ouspenskaya,"Love Affair {'Grandmother, Mme. Marnay'}",NO
1938 (11th),Actress -- Supporting Role,Beulah Bondi,Of Human Hearts {'Mary Wilkins'},NO
1938 (11th),Actress -- Supporting Role,Billie Burke,Merrily We Live {'Mrs. Emily Kilbourne'},NO
1938 (11th),Actress -- Supporting Role,Spring Byington,You Can't Take It with You {'Penny Sycamore'},NO
1938 (11th),Actress -- Supporting Role,Miliza Korjus,The Great Waltz {'Carla Donner'},NO
1937 (10th),Actress -- Supporting Role,Andrea Leeds,Stage Door {'Kaye Hamilton'},NO
1937 (10th),Actress -- Supporting Role,Anne Shirley,Stella Dallas {'Laurel Dallas'},NO
1937 (10th),Actress -- Supporting Role,Claire Trevor,Dead End {'Francie'},NO
1937 (10th),Actress -- Supporting Role,Dame May Whitty,Night Must Fall {'Mrs. Bramson'},NO
1936 (9th),Actress -- Supporting Role,Beulah Bondi,The Gorgeous Hussy {'Rachel Jackson'},NO
1936 (9th),Actress -- Supporting Role,Alice Brady,My Man Godfrey {'Angelica Bullock'},NO
1936 (9th),Actress -- Supporting Role,Bonita Granville,These Three {'Mary Tilford'},NO
1936 (9th),Actress -- Supporting Role,Maria Ouspenskaya,Dodsworth {'Baroness von Obersdorf'},NO
2010 (83rd),Actor -- Supporting Role,John Hawkes,Winter's Bone {'Teardrop'},NO
2010 (83rd),Actor -- Supporting Role,Jeremy Renner,The Town {'James Coughlin'},NO
2010 (83rd),Actor -- Supporting Role,Mark Ruffalo,The Kids Are All Right {'Paul'},NO
2010 (83rd),Actor -- Supporting Role,Geoffrey Rush,The King's Speech {'Lionel Logue'},NO
2009 (82nd),Actor -- Supporting Role,Matt Damon,Invictus {'Francois Pienaar'},NO
2009 (82nd),Actor -- Supporting Role,Woody Harrelson,The Messenger {'Captain Tony Stone'},NO
2009 (82nd),Actor -- Supporting Role,Christopher Plummer,The Last Station {'Tolstoy'},NO
2009 (82nd),Actor -- Supporting Role,Stanley Tucci,The Lovely Bones {'George Harvey'},NO
2008 (81st),Actor -- Supporting Role,Josh Brolin,Milk {'Dan White'},NO
2008 (81st),Actor -- Supporting Role,Robert Downey Jr.,Tropic Thunder {'Kirk Lazarus'},NO
2008 (81st),Actor -- Supporting Role,Philip Seymour Hoffman,Doubt {'Father Brendan Flynn'},NO
2008 (81st),Actor -- Supporting Role,Michael Shannon,Revolutionary Road {'John Givings'},NO
2007 (80th),Actor -- Supporting Role,Casey Affleck,The Assassination of Jesse James by the Coward Robert Ford {'Robert Ford'},NO
2007 (80th),Actor -- Supporting Role,Philip Seymour Hoffman,Charlie Wilson's War {'Gust Avrakotos'},NO
2007 (80th),Actor -- Supporting Role,Hal Holbrook,Into the Wild {'Ron Franz'},NO
2007 (80th),Actor -- Supporting Role,Tom Wilkinson,Michael Clayton {'Arthur Edens'},NO
2006 (79th),Actor -- Supporting Role,Jackie Earle Haley,Little Children {'Ronnie J. McGorvey'},NO
2006 (79th),Actor -- Supporting Role,Djimon Hounsou,Blood Diamond {'Solomon Vandy'},NO
2006 (79th),Actor -- Supporting Role,Eddie Murphy,Dreamgirls {'James 'Thunder' Early'},NO
2006 (79th),Actor -- Supporting Role,Mark Wahlberg,The Departed {'Dignam'},NO
2005 (78th),Actor -- Supporting Role,Matt Dillon,Crash {'Officer Ryan'},NO
2005 (78th),Actor -- Supporting Role,Paul Giamatti,Cinderella Man {'Joe Gould'},NO
2005 (78th),Actor -- Supporting Role,Jake Gyllenhaal,Brokeback Mountain {'Jack Twist'},NO
2005 (78th),Actor -- Supporting Role,William Hurt,A History of Violence {'Richie Cusack'},NO
2004 (77th),Actor -- Supporting Role,Alan Alda,The Aviator {'Senator Ralph Owen Brewster'},NO
2004 (77th),Actor -- Supporting Role,Thomas Haden Church,Sideways {'Jack'},NO
2004 (77th),Actor -- Supporting Role,Jamie Foxx,Collateral {'Max'},NO
2004 (77th),Actor -- Supporting Role,Clive Owen,Closer {'Larry'},NO
2003 (76th),Actor -- Supporting Role,Alec Baldwin,The Cooler {'Shelly Kaplow'},NO
2003 (76th),Actor -- Supporting Role,Benicio Del Toro,21 Grams {'Jack Jordan'},NO
2003 (76th),Actor -- Supporting Role,Djimon Hounsou,In America {'Mateo'},NO
2003 (76th),Actor -- Supporting Role,Ken Watanabe,The Last Samurai {'Katsumoto'},NO
2002 (75th),Actor -- Supporting Role,Ed Harris,The Hours {'Richard Brown'},NO
2002 (75th),Actor -- Supporting Role,Paul Newman,Road to Perdition {'John Rooney'},NO
2002 (75th),Actor -- Supporting Role,John C. Reilly,Chicago {'Amos Hart'},NO
2002 (75th),Actor -- Supporting Role,Christopher Walken,Catch Me If You Can {'Frank Abagnale'},NO
2001 (74th),Actor -- Supporting Role,Ethan Hawke,Training Day {'Jake'},NO
2001 (74th),Actor -- Supporting Role,Ben Kingsley,Sexy Beast {'Don Logan'},NO
2001 (74th),Actor -- Supporting Role,Ian McKellen,The Lord of the Rings: The Fellowship of the Ring {'Gandalf'},NO
2001 (74th),Actor -- Supporting Role,Jon Voight,Ali {'Howard Cosell'},NO
2000 (73rd),Actor -- Supporting Role,Jeff Bridges,The Contender {'President Jackson Evans'},NO
2000 (73rd),Actor -- Supporting Role,Willem Dafoe,Shadow of the Vampire {'Max Schreck'},NO
2000 (73rd),Actor -- Supporting Role,Albert Finney,Erin Brockovich {'Ed Masry'},NO
2000 (73rd),Actor -- Supporting Role,Joaquin Phoenix,Gladiator {'Commodus'},NO
1999 (72nd),Actor -- Supporting Role,Tom Cruise,Magnolia {'Frank T.J. Mackey'},NO
1999 (72nd),Actor -- Supporting Role,Michael Clarke Duncan,The Green Mile {'John Coffey'},NO
1999 (72nd),Actor -- Supporting Role,Jude Law,The Talented Mr. Ripley {'Dickie Greenleaf'},NO
1999 (72nd),Actor -- Supporting Role,Haley Joel Osment,The Sixth Sense {'Cole Sear'},NO
1998 (71st),Actor -- Supporting Role,Robert Duvall,A Civil Action {'Jerome Facher'},NO
1998 (71st),Actor -- Supporting Role,Ed Harris,The Truman Show {'Christof'},NO
1998 (71st),Actor -- Supporting Role,Geoffrey Rush,Shakespeare in Love {'Philip Henslowe'},NO
1998 (71st),Actor -- Supporting Role,Billy Bob Thornton,A Simple Plan {'Jacob'},NO
1997 (70th),Actor -- Supporting Role,Robert Forster,Jackie Brown {'Max Cherry'},NO
1997 (70th),Actor -- Supporting Role,Anthony Hopkins,Amistad {'John Quincy Adams'},NO
1997 (70th),Actor -- Supporting Role,Greg Kinnear,As Good as It Gets {'Simon Bishop'},NO
1997 (70th),Actor -- Supporting Role,Burt Reynolds,Boogie Nights {'Jack Horner'},NO
1996 (69th),Actor -- Supporting Role,William H. Macy,Fargo {'Jerry Lundegaard'},NO
1996 (69th),Actor -- Supporting Role,Armin Mueller-Stahl,Shine {'Peter Helfgott'},NO
1996 (69th),Actor -- Supporting Role,Edward Norton,Primal Fear {'Aaron Stampler'},NO
1996 (69th),Actor -- Supporting Role,James Woods,Ghosts of Mississippi {'Byron De La Beckwith'},NO
1995 (68th),Actor -- Supporting Role,James Cromwell,Babe {'Farmer Hoggett'},NO
1995 (68th),Actor -- Supporting Role,Ed Harris,Apollo 13 {'Gene Kranz'},NO
1995 (68th),Actor -- Supporting Role,Brad Pitt,12 Monkeys {'Jeffrey Goines'},NO
1995 (68th),Actor -- Supporting Role,Tim Roth,Rob Roy {'Archibald Cunningham'},NO
1994 (67th),Actor -- Supporting Role,Samuel L. Jackson,Pulp Fiction {'Jules Winnfield'},NO
1994 (67th),Actor -- Supporting Role,Chazz Palminteri,Bullets over Broadway {'Cheech'},NO
1994 (67th),Actor -- Supporting Role,Paul Scofield,Quiz Show {'Mark Van Doren'},NO
1994 (67th),Actor -- Supporting Role,Gary Sinise,Forrest Gump {'Lieutenant Dan'},NO
1993 (66th),Actor -- Supporting Role,Leonardo DiCaprio,What's Eating Gilbert Grape {'Arnie Grape'},NO
1993 (66th),Actor -- Supporting Role,Ralph Fiennes,Schindler's List {'Amon Goeth'},NO
1993 (66th),Actor -- Supporting Role,John Malkovich,In the Line of Fire {'Mitch Leary'},NO
1993 (66th),Actor -- Supporting Role,Pete Postlethwaite,In the Name of the Father {'Giuseppe Conlon'},NO
1992 (65th),Actor -- Supporting Role,Jaye Davidson,The Crying Game {'Dil'},NO
1992 (65th),Actor -- Supporting Role,Jack Nicholson,A Few Good Men {'Col. Nathan R. Jessep'},NO
1992 (65th),Actor -- Supporting Role,Al Pacino,Glengarry Glen Ross {'Ricky Roma'},NO
1992 (65th),Actor -- Supporting Role,David Paymer,Mr. Saturday Night {'Stan'},NO
1991 (64th),Actor -- Supporting Role,Tommy Lee Jones,JFK {'Clay Shaw'},NO
1991 (64th),Actor -- Supporting Role,Harvey Keitel,Bugsy {'Mickey Cohen'},NO
1991 (64th),Actor -- Supporting Role,Ben Kingsley,Bugsy {'Meyer Lansky'},NO
1991 (64th),Actor -- Supporting Role,Michael Lerner,Barton Fink {'Jack Lipnick'},NO
1990 (63rd),Actor -- Supporting Role,Bruce Davison,Longtime Companion {'David'},NO
1990 (63rd),Actor -- Supporting Role,Andy Garcia,"The Godfather, Part III {'Vincent Mancini'}",NO
1990 (63rd),Actor -- Supporting Role,Graham Greene,Dances With Wolves {'Kicking Bird'},NO
1990 (63rd),Actor -- Supporting Role,Al Pacino,Dick Tracy {'Big Boy Caprice'},NO
1989 (62nd),Actor -- Supporting Role,Danny Aiello,Do the Right Thing {'Sal'},NO
1989 (62nd),Actor -- Supporting Role,Dan Aykroyd,Driving Miss Daisy {'Boolie Werthan'},NO
1989 (62nd),Actor -- Supporting Role,Marlon Brando,A Dry White Season {'McKenzie'},NO
1989 (62nd),Actor -- Supporting Role,Martin Landau,Crimes and Misdemeanors {'Judah Rosenthal'},NO
1988 (61st),Actor -- Supporting Role,Alec Guinness,Little Dorrit {'William Dorrit'},NO
1988 (61st),Actor -- Supporting Role,Martin Landau,Tucker The Man and His Dream {'Abe'},NO
1988 (61st),Actor -- Supporting Role,River Phoenix,Running on Empty {'Danny Pope'},NO
1988 (61st),Actor -- Supporting Role,Dean Stockwell,Married to the Mob {'Tony 'the Tiger' Russo'},NO
1987 (60th),Actor -- Supporting Role,Albert Brooks,Broadcast News {'Aaron Altman'},NO
1987 (60th),Actor -- Supporting Role,Morgan Freeman,Street Smart {'Fast Black'},NO
1987 (60th),Actor -- Supporting Role,Vincent Gardenia,Moonstruck {'Cosmo Castorini'},NO
1987 (60th),Actor -- Supporting Role,Denzel Washington,Cry Freedom {'Steve Biko'},NO
1986 (59th),Actor -- Supporting Role,Tom Berenger,Platoon {'Sgt. Barnes'},NO
1986 (59th),Actor -- Supporting Role,Willem Dafoe,Platoon {'Sgt. Elias'},NO
1986 (59th),Actor -- Supporting Role,Denholm Elliott,A Room with a View {'Mr. Emerson'},NO
1986 (59th),Actor -- Supporting Role,Dennis Hopper,Hoosiers {'Shooter'},NO
1985 (58th),Actor -- Supporting Role,Klaus Maria Brandauer,Out of Africa {'Bror'},NO
1985 (58th),Actor -- Supporting Role,William Hickey,Prizzi's Honor {'Don Corrado Prizzi'},NO
1985 (58th),Actor -- Supporting Role,Robert Loggia,Jagged Edge {'Sam Ransom'},NO
1985 (58th),Actor -- Supporting Role,Eric Roberts,Runaway Train {'Buck'},NO
1984 (57th),Actor -- Supporting Role,Adolph Caesar,A Soldier's Story {'Sgt. Waters'},NO
1984 (57th),Actor -- Supporting Role,John Malkovich,Places in the Heart {'Mr. Will'},NO
1984 (57th),Actor -- Supporting Role,Noriyuki 'Pat' Morita,The Karate Kid {'Miyagi'},NO
1984 (57th),Actor -- Supporting Role,Ralph Richardson,"Greystoke: The Legend of Tarzan, Lord of the Apes {'The Sixth Earl of Greystoke'}",NO
1983 (56th),Actor -- Supporting Role,Charles Durning,To Be or Not to Be {'Col. Erhardt'},NO
1983 (56th),Actor -- Supporting Role,John Lithgow,Terms of Endearment {'Sam Burns'},NO
1983 (56th),Actor -- Supporting Role,Sam Shepard,The Right Stuff {'Chuck Yeager'},NO
1983 (56th),Actor -- Supporting Role,Rip Torn,Cross Creek {'Marsh Turner'},NO
1982 (55th),Actor -- Supporting Role,Charles Durning,The Best Little Whorehouse in Texas {'The Governor'},NO
1982 (55th),Actor -- Supporting Role,John Lithgow,The World According to Garp {'Roberta Muldoon'},NO
1982 (55th),Actor -- Supporting Role,James Mason,The Verdict {'Edward Concannon'},NO
1982 (55th),Actor -- Supporting Role,Robert Preston,Victor/Victoria {'Toddy'},NO
1981 (54th),Actor -- Supporting Role,James Coco,Only When I Laugh {'Jimmy Perry'},NO
1981 (54th),Actor -- Supporting Role,Ian Holm,Chariots of Fire {'Sam Mussabini'},NO
1981 (54th),Actor -- Supporting Role,Jack Nicholson,Reds {'Eugene O'Neill'},NO
1981 (54th),Actor -- Supporting Role,"Howard E. Rollins, Jr.","Ragtime {'Coalhouse Walker, Jr.'}",NO
1980 (53rd),Actor -- Supporting Role,Judd Hirsch,Ordinary People {'Dr. Berger'},NO
1980 (53rd),Actor -- Supporting Role,Michael O'Keefe,The Great Santini {'Ben Meechum'},NO
1980 (53rd),Actor -- Supporting Role,Joe Pesci,Raging Bull {'Joey LaMotta'},NO
1980 (53rd),Actor -- Supporting Role,Jason Robards,Melvin and Howard {'Howard Hughes'},NO
1979 (52nd),Actor -- Supporting Role,Robert Duvall,Apocalypse Now {'Lieutenant Colonel Kilgore'},NO
1979 (52nd),Actor -- Supporting Role,Frederic Forrest,The Rose {'Dyer'},NO
1979 (52nd),Actor -- Supporting Role,Justin Henry,Kramer vs. Kramer {'Billy Kramer'},NO
1979 (52nd),Actor -- Supporting Role,Mickey Rooney,The Black Stallion {'Henry Dailey'},NO
1978 (51st),Actor -- Supporting Role,Bruce Dern,Coming Home {'Captain Bob Hyde'},NO
1978 (51st),Actor -- Supporting Role,Richard Farnsworth,Comes a Horseman {'Dodger'},NO
1978 (51st),Actor -- Supporting Role,John Hurt,Midnight Express {'Max'},NO
1978 (51st),Actor -- Supporting Role,Jack Warden,Heaven Can Wait {'Max Corkle'},NO
1977 (50th),Actor -- Supporting Role,Mikhail Baryshnikov,The Turning Point {'Yuri Kopeikine'},NO
1977 (50th),Actor -- Supporting Role,Peter Firth,Equus {'Alan Strang'},NO
1977 (50th),Actor -- Supporting Role,Alec Guinness,Star Wars {'Ben 'Obi-Wan' Kenobi'},NO
1977 (50th),Actor -- Supporting Role,Maximilian Schell,Julia {'Johann'},NO
1976 (49th),Actor -- Supporting Role,Ned Beatty,Network {'Arthur Jensen'},NO
1976 (49th),Actor -- Supporting Role,Burgess Meredith,Rocky {'Mickey'},NO
1976 (49th),Actor -- Supporting Role,Laurence Olivier,Marathon Man {'Szell'},NO
1976 (49th),Actor -- Supporting Role,Burt Young,Rocky {'Paulie'},NO
1975 (48th),Actor -- Supporting Role,Brad Dourif,One Flew over the Cuckoo's Nest {'Billy Bibbit'},NO
1975 (48th),Actor -- Supporting Role,Burgess Meredith,The Day of the Locust {'Harry'},NO
1975 (48th),Actor -- Supporting Role,Chris Sarandon,Dog Day Afternoon {'Leon'},NO
1975 (48th),Actor -- Supporting Role,Jack Warden,Shampoo {'Lester Carr'},NO
1974 (47th),Actor -- Supporting Role,Fred Astaire,The Towering Inferno {'Harlee Claiborne'},NO
1974 (47th),Actor -- Supporting Role,Jeff Bridges,Thunderbolt and Lightfoot {'Lightfoot'},NO
1974 (47th),Actor -- Supporting Role,Michael V. Gazzo,The Godfather Part II {'Frankie Pentangeli'},NO
1974 (47th),Actor -- Supporting Role,Lee Strasberg,The Godfather Part II {'Hyman Roth'},NO
1973 (46th),Actor -- Supporting Role,Vincent Gardenia,Bang the Drum Slowly {'Dutch Schnell'},NO
1973 (46th),Actor -- Supporting Role,Jack Gilford,Save the Tiger {'Phil Greene'},NO
1973 (46th),Actor -- Supporting Role,Jason Miller,The Exorcist {'Father Damian Karras'},NO
1973 (46th),Actor -- Supporting Role,Randy Quaid,The Last Detail {'Meadows'},NO
1972 (45th),Actor -- Supporting Role,Eddie Albert,The Heartbreak Kid {'Mr. Corcoran'},NO
1972 (45th),Actor -- Supporting Role,James Caan,The Godfather {'Sonny Corleone'},NO
1972 (45th),Actor -- Supporting Role,Robert Duvall,The Godfather {'Tom Hagen'},NO
1972 (45th),Actor -- Supporting Role,Al Pacino,The Godfather {'Michael Corleone'},NO
1971 (44th),Actor -- Supporting Role,Jeff Bridges,The Last Picture Show {'Duane Jackson'},NO
1971 (44th),Actor -- Supporting Role,Leonard Frey,Fiddler on the Roof {'Motel'},NO
1971 (44th),Actor -- Supporting Role,Richard Jaeckel,Sometimes a Great Notion {'Joe Ben Stamper'},NO
1971 (44th),Actor -- Supporting Role,Roy Scheider,The French Connection {'Buddy Russo'},NO
1970 (43rd),Actor -- Supporting Role,Richard Castellano,Lovers and Other Strangers {'Frank Vecchio'},NO
1970 (43rd),Actor -- Supporting Role,Chief Dan George,Little Big Man {'Old Lodge Skins'},NO
1970 (43rd),Actor -- Supporting Role,Gene Hackman,I Never Sang for My Father {'Gene Garrison'},NO
1970 (43rd),Actor -- Supporting Role,John Marley,Love Story {'Phil Cavilleri'},NO
1969 (42nd),Actor -- Supporting Role,Rupert Crosse,The Reivers {'Ned McCaslin'},NO
1969 (42nd),Actor -- Supporting Role,Elliott Gould,Bob & Carol & Ted & Alice {'Ted Henderson'},NO
1969 (42nd),Actor -- Supporting Role,Jack Nicholson,Easy Rider {'George Hanson'},NO
1969 (42nd),Actor -- Supporting Role,Anthony Quayle,Anne of the Thousand Days {'Cardinal Wolsey'},NO
1968 (41st),Actor -- Supporting Role,Seymour Cassel,Faces {'Chet'},NO
1968 (41st),Actor -- Supporting Role,Daniel Massey,Star! {'Noel Coward'},NO
1968 (41st),Actor -- Supporting Role,Jack Wild,Oliver! {'The Artful Dodger'},NO
1968 (41st),Actor -- Supporting Role,Gene Wilder,The Producers {'Leo Bloom'},NO
1967 (40th),Actor -- Supporting Role,John Cassavetes,The Dirty Dozen {'Victor Franko'},NO
1967 (40th),Actor -- Supporting Role,Gene Hackman,Bonnie and Clyde {'Buck Barrow'},NO
1967 (40th),Actor -- Supporting Role,Cecil Kellaway,Guess Who's Coming to Dinner {'Monsignor Ryan'},NO
1967 (40th),Actor -- Supporting Role,Michael J. Pollard,Bonnie and Clyde {'C.W. Moss'},NO
1966 (39th),Actor -- Supporting Role,Mako,The Sand Pebbles {'Po-Han'},NO
1966 (39th),Actor -- Supporting Role,James Mason,Georgy Girl {'James Leamington'},NO
1966 (39th),Actor -- Supporting Role,George Segal,Who's Afraid of Virginia Woolf? {'Nick'},NO
1966 (39th),Actor -- Supporting Role,Robert Shaw,A Man for All Seasons {'King Henry VIII'},NO
1965 (38th),Actor -- Supporting Role,Ian Bannen,The Flight of the Phoenix {'Crow'},NO
1965 (38th),Actor -- Supporting Role,Tom Courtenay,Doctor Zhivago {'Pasha Antipov/Strelnikoff'},NO
1965 (38th),Actor -- Supporting Role,Michael Dunn,Ship of Fools {'Glocken'},NO
1965 (38th),Actor -- Supporting Role,Frank Finlay,Othello {'Iago'},NO
1964 (37th),Actor -- Supporting Role,John Gielgud,Becket {'King Louis VII of France'},NO
1964 (37th),Actor -- Supporting Role,Stanley Holloway,My Fair Lady {'Alfred P. Doolittle'},NO
1964 (37th),Actor -- Supporting Role,Edmond O'Brien,Seven Days in May {'Senator Raymond Clark'},NO
1964 (37th),Actor -- Supporting Role,Lee Tracy,The Best Man {'Art Hockstader'},NO
1963 (36th),Actor -- Supporting Role,Nick Adams,Twilight of Honor {'Ben Brown'},NO
1963 (36th),Actor -- Supporting Role,Bobby Darin,"Captain Newman, M.D. {'Corp. Jim Tompkins'}",NO
1963 (36th),Actor -- Supporting Role,Hugh Griffith,Tom Jones {'Squire Western'},NO
1963 (36th),Actor -- Supporting Role,John Huston,The Cardinal {'Cardinal Glennon'},NO
1962 (35th),Actor -- Supporting Role,Victor Buono,What Ever Happened to Baby Jane? {'Edwin Flagg'},NO
1962 (35th),Actor -- Supporting Role,Telly Savalas,Birdman of Alcatraz {'Feto Gomez'},NO
1962 (35th),Actor -- Supporting Role,Omar Sharif,Lawrence of Arabia {'Sherif Ali ibn el Kharish'},NO
1962 (35th),Actor -- Supporting Role,Terence Stamp,Billy Budd {'Billy Budd'},NO
1961 (34th),Actor -- Supporting Role,Montgomery Clift,Judgment at Nuremberg {'Rudolph Peterson'},NO
1961 (34th),Actor -- Supporting Role,Peter Falk,Pocketful of Miracles {'Joy Boy'},NO
1961 (34th),Actor -- Supporting Role,Jackie Gleason,The Hustler {'Minnesota Fats'},NO
1961 (34th),Actor -- Supporting Role,George C. Scott,The Hustler {'Bert Gordon'},NO
1960 (33rd),Actor -- Supporting Role,Peter Falk,"Murder, Inc. {'Abe Reles'}",NO
1960 (33rd),Actor -- Supporting Role,Jack Kruschen,The Apartment {'Dr. Dreyfuss'},NO
1960 (33rd),Actor -- Supporting Role,Sal Mineo,Exodus {'Dov Landau'},NO
1960 (33rd),Actor -- Supporting Role,Chill Wills,The Alamo {'Beekeeper'},NO
1959 (32nd),Actor -- Supporting Role,Arthur O'Connell,Anatomy of a Murder {'Parnell McCarthy'},NO
1959 (32nd),Actor -- Supporting Role,George C. Scott,Anatomy of a Murder {'Claude Dancer'},NO
1959 (32nd),Actor -- Supporting Role,Robert Vaughn,The Young Philadelphians {'Chester Gwynn'},NO
1959 (32nd),Actor -- Supporting Role,Ed Wynn,The Diary of Anne Frank {'Mr. Dussell'},NO
1958 (31st),Actor -- Supporting Role,Theodore Bikel,The Defiant Ones {'Sheriff Max Muller'},NO
1958 (31st),Actor -- Supporting Role,Lee J. Cobb,The Brothers Karamazov {'Fyodor Karamazov'},NO
1958 (31st),Actor -- Supporting Role,Arthur Kennedy,Some Came Running {'Frank Hirsh'},NO
1958 (31st),Actor -- Supporting Role,Gig Young,Teacher's Pet {'Dr. Hugo Pine'},NO
1957 (30th),Actor -- Supporting Role,Vittorio De Sica,A Farewell to Arms {'Major Alessandro Rinaldi'},NO
1957 (30th),Actor -- Supporting Role,Sessue Hayakawa,The Bridge on the River Kwai {'Saito'},NO
1957 (30th),Actor -- Supporting Role,Arthur Kennedy,Peyton Place {'Lucas Cross'},NO
1957 (30th),Actor -- Supporting Role,Russ Tamblyn,Peyton Place {'Norman Page'},NO
1956 (29th),Actor -- Supporting Role,Don Murray,Bus Stop {'Bo'},NO
1956 (29th),Actor -- Supporting Role,Anthony Perkins,Friendly Persuasion {'Josh Birdwell'},NO
1956 (29th),Actor -- Supporting Role,Mickey Rooney,The Bold and the Brave {'Dooley'},NO
1956 (29th),Actor -- Supporting Role,Robert Stack,Written on the Wind {'Kyle Hadley'},NO
1955 (28th),Actor -- Supporting Role,Arthur Kennedy,Trial {'Barney Castle'},NO
1955 (28th),Actor -- Supporting Role,Joe Mantell,Marty {'Angie'},NO
1955 (28th),Actor -- Supporting Role,Sal Mineo,Rebel without a Cause {'Plato'},NO
1955 (28th),Actor -- Supporting Role,Arthur O'Connell,Picnic {'Howard Bevans'},NO
1954 (27th),Actor -- Supporting Role,Lee J. Cobb,On the Waterfront {'Johnny Friendly'},NO
1954 (27th),Actor -- Supporting Role,Karl Malden,On the Waterfront {'Father Barry'},NO
1954 (27th),Actor -- Supporting Role,Rod Steiger,On the Waterfront {'Charles Malloy'},NO
1954 (27th),Actor -- Supporting Role,Tom Tully,The Caine Mutiny {'Captain DeVriess'},NO
1953 (26th),Actor -- Supporting Role,Eddie Albert,Roman Holiday {'Irving Radovich'},NO
1953 (26th),Actor -- Supporting Role,Brandon De Wilde,Shane {'Joey Starrett'},NO
1953 (26th),Actor -- Supporting Role,Jack Palance,Shane {'Wilson'},NO
1953 (26th),Actor -- Supporting Role,Robert Strauss,Stalag 17 {'Stosh/'Animal''},NO
1952 (25th),Actor -- Supporting Role,Richard Burton,My Cousin Rachel {'Philip Ashley'},NO
1952 (25th),Actor -- Supporting Role,Arthur Hunnicutt,The Big Sky {'Zeb Callaway'},NO
1952 (25th),Actor -- Supporting Role,Victor McLaglen,The Quiet Man {'Red Will Danaher'},NO
1952 (25th),Actor -- Supporting Role,Jack Palance,Sudden Fear {'Lester Blaine'},NO
1951 (24th),Actor -- Supporting Role,Leo Genn,Quo Vadis {'Petronius'},NO
1951 (24th),Actor -- Supporting Role,Kevin McCarthy,Death of a Salesman {'Biff Loman'},NO
1951 (24th),Actor -- Supporting Role,Peter Ustinov,Quo Vadis {'Nero'},NO
1951 (24th),Actor -- Supporting Role,Gig Young,Come Fill the Cup {'Boyd Copeland'},NO
1950 (23rd),Actor -- Supporting Role,Jeff Chandler,Broken Arrow {'Cochise'},NO
1950 (23rd),Actor -- Supporting Role,Edmund Gwenn,Mister 880 {'Skipper Miller'},NO
1950 (23rd),Actor -- Supporting Role,Sam Jaffe,The Asphalt Jungle {'Dr. Erwin Riedenschneider'},NO
1950 (23rd),Actor -- Supporting Role,Erich von Stroheim,Sunset Blvd. {'Max Von Mayerling'},NO
1949 (22nd),Actor -- Supporting Role,John Ireland,All the King's Men {'Jack Burden'},NO
1949 (22nd),Actor -- Supporting Role,Arthur Kennedy,Champion {'Connie Kelly'},NO
1949 (22nd),Actor -- Supporting Role,Ralph Richardson,The Heiress {'Dr. Austin Sloper'},NO
1949 (22nd),Actor -- Supporting Role,James Whitmore,Battleground {'Kinnie'},NO
1948 (21st),Actor -- Supporting Role,Charles Bickford,Johnny Belinda {'Black McDonald'},NO
1948 (21st),Actor -- Supporting Role,José Ferrer,"Joan of Arc {'The Dauphin, Charles VIII'}",NO
1948 (21st),Actor -- Supporting Role,Oscar Homolka,I Remember Mama {'Uncle Chris'},NO
1948 (21st),Actor -- Supporting Role,Cecil Kellaway,The Luck of the Irish {'Horace'},NO
1947 (20th),Actor -- Supporting Role,Charles Bickford,The Farmer's Daughter {'Clancy'},NO
1947 (20th),Actor -- Supporting Role,Thomas Gomez,Ride the Pink Horse {'Pancho'},NO
1947 (20th),Actor -- Supporting Role,Robert Ryan,Crossfire {'Montgomery'},NO
1947 (20th),Actor -- Supporting Role,Richard Widmark,Kiss of Death {'Tommy Udo'},NO
1946 (19th),Actor -- Supporting Role,Charles Coburn,The Green Years {'Alexander Gow'},NO
1946 (19th),Actor -- Supporting Role,William Demarest,The Jolson Story {'Steve Martin'},NO
1946 (19th),Actor -- Supporting Role,Claude Rains,Notorious {'Alexander Sebastian'},NO
1946 (19th),Actor -- Supporting Role,Clifton Webb,The Razor's Edge {'Elliott Templeton'},NO
1945 (18th),Actor -- Supporting Role,Michael Chekhov,Spellbound {'Dr. Alex Brulov'},NO
1945 (18th),Actor -- Supporting Role,John Dall,The Corn Is Green {'Morgan Evans'},NO
1945 (18th),Actor -- Supporting Role,Robert Mitchum,G. I. Joe {'Lieutenant Walker'},NO
1945 (18th),Actor -- Supporting Role,J. Carrol Naish,A Medal for Benny {'Charlie Martini'},NO
1944 (17th),Actor -- Supporting Role,Hume Cronyn,The Seventh Cross {'Paul Roeder'},NO
1944 (17th),Actor -- Supporting Role,Claude Rains,Mr. Skeffington {'Job Skeffington'},NO
1944 (17th),Actor -- Supporting Role,Clifton Webb,Laura {'Waldo Lydecker'},NO
1944 (17th),Actor -- Supporting Role,Monty Woolley,Since You Went Away {'Colonel Smollett'},NO
1943 (16th),Actor -- Supporting Role,Charles Bickford,The Song of Bernadette {'Dean Peyramale'},NO
1943 (16th),Actor -- Supporting Role,J. Carrol Naish,Sahara {'Giuseppe'},NO
1943 (16th),Actor -- Supporting Role,Claude Rains,Casablanca {'Captain Louis Renault'},NO
1943 (16th),Actor -- Supporting Role,Akim Tamiroff,For Whom the Bell Tolls {'Pablo'},NO
1942 (15th),Actor -- Supporting Role,William Bendix,Wake Island {'Smacksie Randall'},NO
1942 (15th),Actor -- Supporting Role,Walter Huston,Yankee Doodle Dandy {'Jerry Cohan'},NO
1942 (15th),Actor -- Supporting Role,Frank Morgan,Tortilla Flat {'The Pirate'},NO
1942 (15th),Actor -- Supporting Role,Henry Travers,Mrs. Miniver {'Mr. Ballard'},NO
1941 (14th),Actor -- Supporting Role,Walter Brennan,Sergeant York {'Pastor Posier Pile'},NO
1941 (14th),Actor -- Supporting Role,Charles Coburn,The Devil and Miss Jones {'John P. Merrick'},NO
1941 (14th),Actor -- Supporting Role,James Gleason,Here Comes Mr. Jordan {'Max Corkle'},NO
1941 (14th),Actor -- Supporting Role,Sydney Greenstreet,The Maltese Falcon {'Kaspar Gutman'},NO
1940 (13th),Actor -- Supporting Role,Albert Basserman,Foreign Correspondent {'Van Meer'},NO
1940 (13th),Actor -- Supporting Role,William Gargan,"They Knew What They Wanted {'Joe, the Foreman'}",NO
1940 (13th),Actor -- Supporting Role,Jack Oakie,"The Great Dictator {'Napaloni, Dictator of Bacteria'}",NO
1940 (13th),Actor -- Supporting Role,James Stephenson,The Letter {'Howard Joyce'},NO
1939 (12th),Actor -- Supporting Role,Brian Aherne,Juarez {'Emperor Maximilian von Habsburg'},NO
1939 (12th),Actor -- Supporting Role,Harry Carey,Mr. Smith Goes to Washington {'President of the Senate'},NO
1939 (12th),Actor -- Supporting Role,Brian Donlevy,Beau Geste {'Sergeant Markoff'},NO
1939 (12th),Actor -- Supporting Role,Claude Rains,Mr. Smith Goes to Washington {'Senator Joseph Paine'},NO
1938 (11th),Actor -- Supporting Role,John Garfield,Four Daughters {'Mickey Borden'},NO
1938 (11th),Actor -- Supporting Role,Gene Lockhart,Algiers {'Regis'},NO
1938 (11th),Actor -- Supporting Role,Robert Morley,Marie Antoinette {'King Louis XVI'},NO
1938 (11th),Actor -- Supporting Role,Basil Rathbone,If I Were King {'Louis XI'},NO
1937 (10th),Actor -- Supporting Role,Ralph Bellamy,The Awful Truth {'Daniel Leeson'},NO
1937 (10th),Actor -- Supporting Role,Thomas Mitchell,The Hurricane {'Doctor Kersaint'},NO
1937 (10th),Actor -- Supporting Role,H. B. Warner,Lost Horizon {'Chang'},NO
1937 (10th),Actor -- Supporting Role,Roland Young,Topper {'Cosmo Topper'},NO
1936 (9th),Actor -- Supporting Role,Mischa Auer,My Man Godfrey {'Carlo'},NO
1936 (9th),Actor -- Supporting Role,Stuart Erwin,Pigskin Parade {'Amos Dodd'},NO
1936 (9th),Actor -- Supporting Role,Basil Rathbone,Romeo and Juliet {'Tybalt'},NO
1936 (9th),Actor -- Supporting Role,Akim Tamiroff,The General Died at Dawn {'General Yang'},NO
2010 (83rd),Actress -- Leading Role,Annette Bening,The Kids Are All Right {'Nic'},NO
2010 (83rd),Actress -- Leading Role,Nicole Kidman,Rabbit Hole {'Becca'},NO
2010 (83rd),Actress -- Leading Role,Jennifer Lawrence,Winter's Bone {'Ree'},NO
2010 (83rd),Actress -- Leading Role,Michelle Williams,Blue Valentine {'Cindy'},NO
2009 (82nd),Actress -- Leading Role,Helen Mirren,The Last Station {'Sofya'},NO
2009 (82nd),Actress -- Leading Role,Carey Mulligan,An Education {'Jenny'},NO
2009 (82nd),Actress -- Leading Role,Gabourey Sidibe,Precious: Based on the Novel 'Push' by Sapphire {'Precious'},NO
2009 (82nd),Actress -- Leading Role,Meryl Streep,Julie & Julia {'Julia Child'},NO
2008 (81st),Actress -- Leading Role,Anne Hathaway,Rachel Getting Married {'Kym'},NO
2008 (81st),Actress -- Leading Role,Angelina Jolie,Changeling {'Christine Collins'},NO
2008 (81st),Actress -- Leading Role,Melissa Leo,Frozen River {'Ray Eddy'},NO
2008 (81st),Actress -- Leading Role,Meryl Streep,Doubt {'Sister Aloysius Beauvier'},NO
2007 (80th),Actress -- Leading Role,Cate Blanchett,Elizabeth: The Golden Age {'Queen Elizabeth I'},NO
2007 (80th),Actress -- Leading Role,Julie Christie,Away from Her {'Fiona'},NO
2007 (80th),Actress -- Leading Role,Laura Linney,The Savages {'Wendy Savage'},NO
2007 (80th),Actress -- Leading Role,Ellen Page,Juno {'Juno MacGuff'},NO
2006 (79th),Actress -- Leading Role,Penélope Cruz,Volver {'Raimunda'},NO
2006 (79th),Actress -- Leading Role,Judi Dench,Notes on a Scandal {'Barbara Covett'},NO
2006 (79th),Actress -- Leading Role,Meryl Streep,The Devil Wears Prada {'Miranda Priestly'},NO
2006 (79th),Actress -- Leading Role,Kate Winslet,Little Children {'Sarah Pierce'},NO
2005 (78th),Actress -- Leading Role,Judi Dench,Mrs. Henderson Presents {'Mrs. Laura Henderson'},NO
2005 (78th),Actress -- Leading Role,Felicity Huffman,Transamerica {'Bree'},NO
2005 (78th),Actress -- Leading Role,Keira Knightley,Pride & Prejudice {'Elizabeth Bennet'},NO
2005 (78th),Actress -- Leading Role,Charlize Theron,North Country {'Josey Aimes'},NO
2004 (77th),Actress -- Leading Role,Annette Bening,Being Julia {'Julia Lambert'},NO
2004 (77th),Actress -- Leading Role,Catalina Sandino Moreno,Maria Full of Grace {'Maria'},NO
2004 (77th),Actress -- Leading Role,Imelda Staunton,Vera Drake {'Vera'},NO
2004 (77th),Actress -- Leading Role,Kate Winslet,Eternal Sunshine of the Spotless Mind {'Clementine Kruczynski'},NO
2003 (76th),Actress -- Leading Role,Keisha Castle-Hughes,Whale Rider {'Paikea'},NO
2003 (76th),Actress -- Leading Role,Diane Keaton,Something's Gotta Give {'Erica Barry'},NO
2003 (76th),Actress -- Leading Role,Samantha Morton,In America {'Sarah'},NO
2003 (76th),Actress -- Leading Role,Naomi Watts,21 Grams {'Cristina Peck'},NO
2002 (75th),Actress -- Leading Role,Salma Hayek,Frida {'Frida Kahlo'},NO
2002 (75th),Actress -- Leading Role,Diane Lane,Unfaithful {'Connie Sumner'},NO
2002 (75th),Actress -- Leading Role,Julianne Moore,Far from Heaven {'Cathy Whitaker'},NO
2002 (75th),Actress -- Leading Role,Renée Zellweger,Chicago {'Roxie Hart'},NO
2001 (74th),Actress -- Leading Role,Judi Dench,Iris {'Iris Murdoch'},NO
2001 (74th),Actress -- Leading Role,Nicole Kidman,Moulin Rouge {'Satine'},NO
2001 (74th),Actress -- Leading Role,Sissy Spacek,In the Bedroom {'Ruth Fowler'},NO
2001 (74th),Actress -- Leading Role,Renée Zellweger,Bridget Jones's Diary {'Bridget Jones'},NO
2000 (73rd),Actress -- Leading Role,Joan Allen,The Contender {'Laine Hanson'},NO
2000 (73rd),Actress -- Leading Role,Juliette Binoche,Chocolat {'Vianne Rocher'},NO
2000 (73rd),Actress -- Leading Role,Ellen Burstyn,Requiem for a Dream {'Sara Goldfarb'},NO
2000 (73rd),Actress -- Leading Role,Laura Linney,You Can Count on Me {'Samantha 'Sammy' Prescott'},NO
1999 (72nd),Actress -- Leading Role,Annette Bening,American Beauty {'Carolyn Burnham'},NO
1999 (72nd),Actress -- Leading Role,Janet McTeer,Tumbleweeds {'Mary Jo Walker'},NO
1999 (72nd),Actress -- Leading Role,Julianne Moore,The End of the Affair {'Sarah Miles'},NO
1999 (72nd),Actress -- Leading Role,Meryl Streep,Music of the Heart {'Roberta Guaspari'},NO
1998 (71st),Actress -- Leading Role,Cate Blanchett,Elizabeth {'Queen Elizabeth I'},NO
1998 (71st),Actress -- Leading Role,Fernanda Montenegro,Central Station {'Dora'},NO
1998 (71st),Actress -- Leading Role,Meryl Streep,One True Thing {'Kate Gulden'},NO
1998 (71st),Actress -- Leading Role,Emily Watson,Hilary and Jackie {'Jacqueline du Pré'},NO
1997 (70th),Actress -- Leading Role,Helena Bonham Carter,The Wings of the Dove {'Kate Croy'},NO
1997 (70th),Actress -- Leading Role,Julie Christie,Afterglow {'Phyllis Mann'},NO
1997 (70th),Actress -- Leading Role,Judi Dench,Mrs. Brown {'Queen Victoria'},NO
1997 (70th),Actress -- Leading Role,Kate Winslet,Titanic {'Rose DeWitt Bukater'},NO
1996 (69th),Actress -- Leading Role,Brenda Blethyn,Secrets & Lies {'Cynthia'},NO
1996 (69th),Actress -- Leading Role,Diane Keaton,Marvin's Room {'Bessie'},NO
1996 (69th),Actress -- Leading Role,Kristin Scott Thomas,The English Patient {'Katharine Clifton'},NO
1996 (69th),Actress -- Leading Role,Emily Watson,Breaking the Waves {'Bess'},NO
1995 (68th),Actress -- Leading Role,Elisabeth Shue,Leaving Las Vegas {'Sera'},NO
1995 (68th),Actress -- Leading Role,Sharon Stone,Casino {'Ginger McKenna'},NO
1995 (68th),Actress -- Leading Role,Meryl Streep,The Bridges of Madison County {'Francesca Johnson'},NO
1995 (68th),Actress -- Leading Role,Emma Thompson,Sense and Sensibility {'Elinor Dashwood'},NO
1994 (67th),Actress -- Leading Role,Jodie Foster,Nell {'Nell'},NO
1994 (67th),Actress -- Leading Role,Miranda Richardson,Tom & Viv {'Viv'},NO
1994 (67th),Actress -- Leading Role,Winona Ryder,Little Women {'Jo March'},NO
1994 (67th),Actress -- Leading Role,Susan Sarandon,The Client {'Reggie Love'},NO
1993 (66th),Actress -- Leading Role,Angela Bassett,What's Love Got to Do with It {'Tina Turner'},NO
1993 (66th),Actress -- Leading Role,Stockard Channing,Six Degrees of Separation {'Ouisa Kittredge'},NO
1993 (66th),Actress -- Leading Role,Emma Thompson,The Remains of the Day {'Miss Kenton'},NO
1993 (66th),Actress -- Leading Role,Debra Winger,Shadowlands {'Joy Gresham'},NO
1992 (65th),Actress -- Leading Role,Catherine Deneuve,Indochine {'Eliane'},NO
1992 (65th),Actress -- Leading Role,Mary McDonnell,Passion Fish {'May-Alice'},NO
1992 (65th),Actress -- Leading Role,Michelle Pfeiffer,Love Field {'Lurene Hallett'},NO
1992 (65th),Actress -- Leading Role,Susan Sarandon,Lorenzo's Oil {'Michaela Odone'},NO
1991 (64th),Actress -- Leading Role,Geena Davis,Thelma & Louise {'Thelma'},NO
1991 (64th),Actress -- Leading Role,Laura Dern,Rambling Rose {'Rose'},NO
1991 (64th),Actress -- Leading Role,Bette Midler,For the Boys {'Dixie Leonard'},NO
1991 (64th),Actress -- Leading Role,Susan Sarandon,Thelma & Louise {'Louise'},NO
1990 (63rd),Actress -- Leading Role,Anjelica Huston,The Grifters {'Lilly Dillon'},NO
1990 (63rd),Actress -- Leading Role,Julia Roberts,Pretty Woman {'Vivian Ward'},NO
1990 (63rd),Actress -- Leading Role,Meryl Streep,Postcards from the Edge {'Suzanne Vale'},NO
1990 (63rd),Actress -- Leading Role,Joanne Woodward,Mr. & Mrs. Bridge {'India Bridge'},NO
1989 (62nd),Actress -- Leading Role,Isabelle Adjani,Camille Claudel {'Camille Claudel'},NO
1989 (62nd),Actress -- Leading Role,Pauline Collins,Shirley Valentine {'Shirley Valentine'},NO
1989 (62nd),Actress -- Leading Role,Jessica Lange,Music Box {'Ann Talbot'},NO
1989 (62nd),Actress -- Leading Role,Michelle Pfeiffer,The Fabulous Baker Boys {'Susie Diamond'},NO
1988 (61st),Actress -- Leading Role,Glenn Close,Dangerous Liaisons {'Marquise de Merteuil'},NO
1988 (61st),Actress -- Leading Role,Melanie Griffith,Working Girl {'Tess McGill'},NO
1988 (61st),Actress -- Leading Role,Meryl Streep,A Cry in the Dark {'Lindy'},NO
1988 (61st),Actress -- Leading Role,Sigourney Weaver,Gorillas in the Mist {'Dian Fossey'},NO
1987 (60th),Actress -- Leading Role,Glenn Close,Fatal Attraction {'Alex Forrest'},NO
1987 (60th),Actress -- Leading Role,Holly Hunter,Broadcast News {'Jane Craig'},NO
1987 (60th),Actress -- Leading Role,Sally Kirkland,Anna {'Anna'},NO
1987 (60th),Actress -- Leading Role,Meryl Streep,Ironweed {'Helen'},NO
1986 (59th),Actress -- Leading Role,Jane Fonda,The Morning After {'Alex Sternbergen'},NO
1986 (59th),Actress -- Leading Role,Sissy Spacek,Crimes of the Heart {'Babe Magrath'},NO
1986 (59th),Actress -- Leading Role,Kathleen Turner,Peggy Sue Got Married {'Peggy Sue'},NO
1986 (59th),Actress -- Leading Role,Sigourney Weaver,Aliens {'Ripley'},NO
1985 (58th),Actress -- Leading Role,Anne Bancroft,Agnes of God {'Sister Miriam Ruth'},NO
1985 (58th),Actress -- Leading Role,Whoopi Goldberg,The Color Purple {'Celie'},NO
1985 (58th),Actress -- Leading Role,Jessica Lange,Sweet Dreams {'Patsy Cline'},NO
1985 (58th),Actress -- Leading Role,Meryl Streep,Out of Africa {'Karen'},NO
1984 (57th),Actress -- Leading Role,Judy Davis,A Passage to India {'Adela Quested'},NO
1984 (57th),Actress -- Leading Role,Jessica Lange,Country {'Jewell Ivy'},NO
1984 (57th),Actress -- Leading Role,Vanessa Redgrave,The Bostonians {'Olive Chancellor'},NO
1984 (57th),Actress -- Leading Role,Sissy Spacek,The River {'Mae Garvey'},NO
1983 (56th),Actress -- Leading Role,Jane Alexander,Testament {'Carol Wetherly'},NO
1983 (56th),Actress -- Leading Role,Meryl Streep,Silkwood {'Karen Silkwood'},NO
1983 (56th),Actress -- Leading Role,Julie Walters,Educating Rita {'Rita'},NO
1983 (56th),Actress -- Leading Role,Debra Winger,Terms of Endearment {'Emma Horton'},NO
1982 (55th),Actress -- Leading Role,Julie Andrews,Victor/Victoria {'Victor/Victoria'},NO
1982 (55th),Actress -- Leading Role,Jessica Lange,Frances {'Frances Farmer'},NO
1982 (55th),Actress -- Leading Role,Sissy Spacek,Missing {'Beth Horman'},NO
1982 (55th),Actress -- Leading Role,Debra Winger,An Officer and a Gentleman {'Paula Pokrifki'},NO
1981 (54th),Actress -- Leading Role,Diane Keaton,Reds {'Louise Bryant'},NO
1981 (54th),Actress -- Leading Role,Marsha Mason,Only When I Laugh {'Georgia'},NO
1981 (54th),Actress -- Leading Role,Susan Sarandon,Atlantic City {'Sally'},NO
1981 (54th),Actress -- Leading Role,Meryl Streep,The French Lieutenant's Woman {'Sara Woodruff/Anna'},NO
1980 (53rd),Actress -- Leading Role,Ellen Burstyn,Resurrection {'Edna May'},NO
1980 (53rd),Actress -- Leading Role,Goldie Hawn,Private Benjamin {'Judy Benjamin'},NO
1980 (53rd),Actress -- Leading Role,Mary Tyler Moore,Ordinary People {'Beth Jarrett'},NO
1980 (53rd),Actress -- Leading Role,Gena Rowlands,Gloria {'Gloria Swenson'},NO
1979 (52nd),Actress -- Leading Role,Jill Clayburgh,Starting Over {'Marilyn Homberg'},NO
1979 (52nd),Actress -- Leading Role,Jane Fonda,The China Syndrome {'Kimberly Wells'},NO
1979 (52nd),Actress -- Leading Role,Marsha Mason,Chapter Two {'Jennie MacLaine'},NO
1979 (52nd),Actress -- Leading Role,Bette Midler,The Rose {'Rose'},NO
1978 (51st),Actress -- Leading Role,Ingrid Bergman,Autumn Sonata {'Charlotte Andergast'},NO
1978 (51st),Actress -- Leading Role,Ellen Burstyn,"Same Time, Next Year {'Doris'}",NO
1978 (51st),Actress -- Leading Role,Jill Clayburgh,An Unmarried Woman {'Erica'},NO
1978 (51st),Actress -- Leading Role,Geraldine Page,Interiors {'Eve'},NO
1977 (50th),Actress -- Leading Role,Anne Bancroft,The Turning Point {'Emma Jacklin'},NO
1977 (50th),Actress -- Leading Role,Jane Fonda,Julia {'Lillian Hellman'},NO
1977 (50th),Actress -- Leading Role,Shirley MacLaine,The Turning Point {'Deedee Rodgers'},NO
1977 (50th),Actress -- Leading Role,Marsha Mason,The Goodbye Girl {'Paula McFadden'},NO
1976 (49th),Actress -- Leading Role,Marie-Christine Barrault,"Cousin, Cousine {'Marthe'}",NO
1976 (49th),Actress -- Leading Role,Talia Shire,Rocky {'Adrian'},NO
1976 (49th),Actress -- Leading Role,Sissy Spacek,Carrie {'Carrie White'},NO
1976 (49th),Actress -- Leading Role,Liv Ullmann,Face to Face {'Dr. Jenny Isaksson'},NO
1975 (48th),Actress -- Leading Role,Isabelle Adjani,The Story of Adele H. {'Adele Hugo'},NO
1975 (48th),Actress -- Leading Role,Ann-Margret,Tommy {'Nora Walker Hobbs'},NO
1975 (48th),Actress -- Leading Role,Glenda Jackson,Hedda {'Hedda Gabler'},NO
1975 (48th),Actress -- Leading Role,Carol Kane,Hester Street {'Gitl'},NO
1974 (47th),Actress -- Leading Role,Diahann Carroll,Claudine {'Claudine'},NO
1974 (47th),Actress -- Leading Role,Faye Dunaway,Chinatown {'Evelyn Cross Mulwray'},NO
1974 (47th),Actress -- Leading Role,Valerie Perrine,Lenny {'Honey Bruce'},NO
1974 (47th),Actress -- Leading Role,Gena Rowlands,A Woman under the Influence {'Mabel Longhetti'},NO
1973 (46th),Actress -- Leading Role,Ellen Burstyn,The Exorcist {'Chris MacNeil'},NO
1973 (46th),Actress -- Leading Role,Marsha Mason,Cinderella Liberty {'Maggie Paul'},NO
1973 (46th),Actress -- Leading Role,Barbra Streisand,The Way We Were {'Katie Morosky'},NO
1973 (46th),Actress -- Leading Role,Joanne Woodward,"Summer Wishes, Winter Dreams {'Rita Walden'}",NO
1972 (45th),Actress -- Leading Role,Diana Ross,Lady Sings the Blues {'Billie Holiday'},NO
1972 (45th),Actress -- Leading Role,Maggie Smith,Travels with My Aunt {'Aunt Augusta'},NO
1972 (45th),Actress -- Leading Role,Cicely Tyson,Sounder {'Rebecca Morgan'},NO
1972 (45th),Actress -- Leading Role,Liv Ullmann,The Emigrants {'Kristina'},NO
1971 (44th),Actress -- Leading Role,Julie Christie,McCabe & Mrs. Miller {'Mrs. Constance Miller'},NO
1971 (44th),Actress -- Leading Role,Glenda Jackson,Sunday Bloody Sunday {'Alex Greville'},NO
1971 (44th),Actress -- Leading Role,Vanessa Redgrave,"Mary, Queen of Scots {'Mary, Queen of Scots'}",NO
1971 (44th),Actress -- Leading Role,Janet Suzman,Nicholas and Alexandra {'Alexandra'},NO
1970 (43rd),Actress -- Leading Role,Jane Alexander,The Great White Hope {'Eleanor Bachman'},NO
1970 (43rd),Actress -- Leading Role,Ali MacGraw,Love Story {'Jenny Cavilleri'},NO
1970 (43rd),Actress -- Leading Role,Sarah Miles,Ryan's Daughter {'Rosy Ryan'},NO
2010 (83rd),Directing,Black Swan,Darren Aronofsky,NO
2010 (83rd),Directing,The Fighter,David O. Russell,NO
2010 (83rd),Directing,The Social Network,David Fincher,NO
2010 (83rd),Directing,True Grit,Joel Coen and Ethan Coen,NO
2009 (82nd),Directing,Avatar,James Cameron,NO
2009 (82nd),Directing,Inglourious Basterds,Quentin Tarantino,NO
2009 (82nd),Directing,Precious: Based on the Novel 'Push' by Sapphire,Lee Daniels,NO
2009 (82nd),Directing,Up in the Air,Jason Reitman,NO
2008 (81st),Directing,The Curious Case of Benjamin Button,David Fincher,NO
2008 (81st),Directing,Frost/Nixon,Ron Howard,NO
2008 (81st),Directing,Milk,Gus Van Sant,NO
2008 (81st),Directing,The Reader,Stephen Daldry,NO
2007 (80th),Directing,The Diving Bell and the Butterfly,Julian Schnabel,NO
2007 (80th),Directing,Juno,Jason Reitman,NO
2007 (80th),Directing,Michael Clayton,Tony Gilroy,NO
2007 (80th),Directing,There Will Be Blood,Paul Thomas Anderson,NO
2006 (79th),Directing,Babel,Alejandro González Iñárritu,NO
2006 (79th),Directing,Letters from Iwo Jima,Clint Eastwood,NO
2006 (79th),Directing,The Queen,Stephen Frears,NO
2006 (79th),Directing,United 93,Paul Greengrass,NO
2005 (78th),Directing,Capote,Bennett Miller,NO
2005 (78th),Directing,Crash,Paul Haggis,NO
2005 (78th),Directing,"Good Night, and Good Luck.",George Clooney,NO
2005 (78th),Directing,Munich,Steven Spielberg,NO
2004 (77th),Directing,The Aviator,Martin Scorsese,NO
2004 (77th),Directing,Ray,Taylor Hackford,NO
2004 (77th),Directing,Sideways,Alexander Payne,NO
2004 (77th),Directing,Vera Drake,Mike Leigh,NO
2003 (76th),Directing,City of God,Fernando Meirelles,NO
2003 (76th),Directing,Lost in Translation,Sofia Coppola,NO
2003 (76th),Directing,Master and Commander: The Far Side of the World,Peter Weir,NO
2003 (76th),Directing,Mystic River,Clint Eastwood,NO
2002 (75th),Directing,Chicago,Rob Marshall,NO
2002 (75th),Directing,Gangs of New York,Martin Scorsese,NO
2002 (75th),Directing,The Hours,Stephen Daldry,NO
2002 (75th),Directing,Talk to Her,Pedro Almodóvar,NO
2001 (74th),Directing,Black Hawk Down,Ridley Scott,NO
2001 (74th),Directing,Gosford Park,Robert Altman,NO
2001 (74th),Directing,The Lord of the Rings: The Fellowship of the Ring,Peter Jackson,NO
2001 (74th),Directing,Mulholland Drive,David Lynch,NO
2000 (73rd),Directing,Billy Elliot,Stephen Daldry,NO
2000 (73rd),Directing,"Crouching Tiger, Hidden Dragon",Ang Lee,NO
2000 (73rd),Directing,Erin Brockovich,Steven Soderbergh,NO
2000 (73rd),Directing,Gladiator,Ridley Scott,NO
1999 (72nd),Directing,Being John Malkovich,Spike Jonze,NO
1999 (72nd),Directing,The Cider House Rules,Lasse Hallström,NO
1999 (72nd),Directing,The Insider,Michael Mann,NO
1999 (72nd),Directing,The Sixth Sense,M. Night Shyamalan,NO
1998 (71st),Directing,Life Is Beautiful,Roberto Benigni,NO
1998 (71st),Directing,Shakespeare in Love,John Madden,NO
1998 (71st),Directing,The Thin Red Line,Terrence Malick,NO
1998 (71st),Directing,The Truman Show,Peter Weir,NO
1997 (70th),Directing,The Full Monty,Peter Cattaneo,NO
1997 (70th),Directing,Good Will Hunting,Gus Van Sant,NO
1997 (70th),Directing,L.A. Confidential,Curtis Hanson,NO
1997 (70th),Directing,The Sweet Hereafter,Atom Egoyan,NO
1996 (69th),Directing,Fargo,Joel Coen,NO
1996 (69th),Directing,The People vs. Larry Flynt,Milos Forman,NO
1996 (69th),Directing,Secrets & Lies,Mike Leigh,NO
1996 (69th),Directing,Shine,Scott Hicks,NO
1995 (68th),Directing,Babe,Chris Noonan,NO
1995 (68th),Directing,Dead Man Walking,Tim Robbins,NO
1995 (68th),Directing,Leaving Las Vegas,Mike Figgis,NO
1995 (68th),Directing,The Postman (Il Postino),Michael Radford,NO
1994 (67th),Directing,Bullets over Broadway,Woody Allen,NO
1994 (67th),Directing,Pulp Fiction,Quentin Tarantino,NO
1994 (67th),Directing,Quiz Show,Robert Redford,NO
1994 (67th),Directing,Red,Krzysztof Kieslowski,NO
1993 (66th),Directing,In the Name of the Father,Jim Sheridan,NO
1993 (66th),Directing,The Piano,Jane Campion,NO
1993 (66th),Directing,The Remains of the Day,James Ivory,NO
1993 (66th),Directing,Short Cuts,Robert Altman,NO
1992 (65th),Directing,The Crying Game,Neil Jordan,NO
1992 (65th),Directing,Howards End,James Ivory,NO
1992 (65th),Directing,The Player,Robert Altman,NO
1992 (65th),Directing,Scent of a Woman,Martin Brest,NO
1991 (64th),Directing,Boyz N the Hood,John Singleton,NO
1991 (64th),Directing,Bugsy,Barry Levinson,NO
1991 (64th),Directing,JFK,Oliver Stone,NO
1991 (64th),Directing,Thelma & Louise,Ridley Scott,NO
1990 (63rd),Directing,"The Godfather, Part III",Francis Ford Coppola,NO
1990 (63rd),Directing,Good Fellas,Martin Scorsese,NO
1990 (63rd),Directing,The Grifters,Stephen Frears,NO
1990 (63rd),Directing,Reversal of Fortune,Barbet Schroeder,NO
1989 (62nd),Directing,Crimes and Misdemeanors,Woody Allen,NO
1989 (62nd),Directing,Dead Poets Society,Peter Weir,NO
1989 (62nd),Directing,Henry V,Kenneth Branagh,NO
1989 (62nd),Directing,My Left Foot,Jim Sheridan,NO
1988 (61st),Directing,A Fish Called Wanda,Charles Crichton,NO
1988 (61st),Directing,The Last Temptation of Christ,Martin Scorsese,NO
1988 (61st),Directing,Mississippi Burning,Alan Parker,NO
1988 (61st),Directing,Working Girl,Mike Nichols,NO
1987 (60th),Directing,Fatal Attraction,Adrian Lyne,NO
1987 (60th),Directing,Hope and Glory,John Boorman,NO
1987 (60th),Directing,Moonstruck,Norman Jewison,NO
1987 (60th),Directing,My Life as a Dog,Lasse Hallström,NO
1986 (59th),Directing,Blue Velvet,David Lynch,NO
1986 (59th),Directing,Hannah and Her Sisters,Woody Allen,NO
1986 (59th),Directing,The Mission,Roland Joffé,NO
1986 (59th),Directing,A Room with a View,James Ivory,NO
1985 (58th),Directing,Kiss of the Spider Woman,Hector Babenco,NO
1985 (58th),Directing,Prizzi's Honor,John Huston,NO
1985 (58th),Directing,Ran,Akira Kurosawa,NO
1985 (58th),Directing,Witness,Peter Weir,NO
1984 (57th),Directing,Broadway Danny Rose,Woody Allen,NO
1984 (57th),Directing,The Killing Fields,Roland Joffé,NO
1984 (57th),Directing,A Passage to India,David Lean,NO
1984 (57th),Directing,Places in the Heart,Robert Benton,NO
1983 (56th),Directing,The Dresser,Peter Yates,NO
1983 (56th),Directing,Fanny & Alexander,Ingmar Bergman,NO
1983 (56th),Directing,Silkwood,Mike Nichols,NO
1983 (56th),Directing,Tender Mercies,Bruce Beresford,NO
1982 (55th),Directing,Das Boot,Wolfgang Petersen,NO
1982 (55th),Directing,E.T. The Extra-Terrestrial,Steven Spielberg,NO
1982 (55th),Directing,Tootsie,Sydney Pollack,NO
1982 (55th),Directing,The Verdict,Sidney Lumet,NO
1981 (54th),Directing,Atlantic City,Louis Malle,NO
1981 (54th),Directing,Chariots of Fire,Hugh Hudson,NO
1981 (54th),Directing,On Golden Pond,Mark Rydell,NO
1981 (54th),Directing,Raiders of the Lost Ark,Steven Spielberg,NO
1980 (53rd),Directing,The Elephant Man,David Lynch,NO
1980 (53rd),Directing,Raging Bull,Martin Scorsese,NO
1980 (53rd),Directing,The Stunt Man,Richard Rush,NO
1980 (53rd),Directing,Tess,Roman Polanski,NO
1979 (52nd),Directing,All That Jazz,Bob Fosse,NO
1979 (52nd),Directing,Apocalypse Now,Francis Coppola,NO
1979 (52nd),Directing,Breaking Away,Peter Yates,NO
1979 (52nd),Directing,La Cage aux Folles,Edouard Molinaro,NO
1978 (51st),Directing,Coming Home,Hal Ashby,NO
1978 (51st),Directing,Heaven Can Wait,"Warren Beatty, Buck Henry",NO
1978 (51st),Directing,Interiors,Woody Allen,NO
1978 (51st),Directing,Midnight Express,Alan Parker,NO
1977 (50th),Directing,Close Encounters of the Third Kind,Steven Spielberg,NO
1977 (50th),Directing,Julia,Fred Zinnemann,NO
1977 (50th),Directing,Star Wars,George Lucas,NO
1977 (50th),Directing,The Turning Point,Herbert Ross,NO
1976 (49th),Directing,All the President's Men,Alan J. Pakula,NO
1976 (49th),Directing,Face to Face,Ingmar Bergman,NO
1976 (49th),Directing,Network,Sidney Lumet,NO
1976 (49th),Directing,Seven Beauties,Lina Wertmüller,NO
1975 (48th),Directing,Amarcord,Federico Fellini,NO
1975 (48th),Directing,Barry Lyndon,Stanley Kubrick,NO
1975 (48th),Directing,Dog Day Afternoon,Sidney Lumet,NO
1975 (48th),Directing,Nashville,Robert Altman,NO
1974 (47th),Directing,Chinatown,Roman Polanski,NO
1974 (47th),Directing,Day for Night,Francois Truffaut,NO
1974 (47th),Directing,Lenny,Bob Fosse,NO
1974 (47th),Directing,A Woman under the Influence,John Cassavetes,NO
1973 (46th),Directing,American Graffiti,George Lucas,NO
1973 (46th),Directing,Cries and Whispers,Ingmar Bergman,NO
1973 (46th),Directing,The Exorcist,William Friedkin,NO
1973 (46th),Directing,Last Tango in Paris,Bernardo Bertolucci,NO
1972 (45th),Directing,Deliverance,John Boorman,NO
1972 (45th),Directing,The Emigrants,Jan Troell,NO
1972 (45th),Directing,The Godfather,Francis Ford Coppola,NO
1972 (45th),Directing,Sleuth,Joseph L. Mankiewicz,NO
1971 (44th),Directing,A Clockwork Orange,Stanley Kubrick,NO
1971 (44th),Directing,Fiddler on the Roof,Norman Jewison,NO
1971 (44th),Directing,The Last Picture Show,Peter Bogdanovich,NO
1971 (44th),Directing,Sunday Bloody Sunday,John Schlesinger,NO
1970 (43rd),Directing,Fellini Satyricon,Federico Fellini,NO
1970 (43rd),Directing,Love Story,Arthur Hiller,NO
1970 (43rd),Directing,M*A*S*H,Robert Altman,NO
1970 (43rd),Directing,Women in Love,Ken Russell,NO
1969 (42nd),Directing,Alice's Restaurant,Arthur Penn,NO
1969 (42nd),Directing,Butch Cassidy and the Sundance Kid,George Roy Hill,NO
1969 (42nd),Directing,"They Shoot Horses, Don't They?",Sydney Pollack,NO
1969 (42nd),Directing,Z,Costa-Gavras,NO
1968 (41st),Directing,The Battle of Algiers,Gillo Pontecorvo,NO
1968 (41st),Directing,The Lion in Winter,Anthony Harvey,NO
1968 (41st),Directing,Romeo and Juliet,Franco Zeffirelli,NO
1968 (41st),Directing,2001: A Space Odyssey,Stanley Kubrick,NO
1967 (40th),Directing,Bonnie and Clyde,Arthur Penn,NO
1967 (40th),Directing,Guess Who's Coming to Dinner,Stanley Kramer,NO
1967 (40th),Directing,In Cold Blood,Richard Brooks,NO
1967 (40th),Directing,In the Heat of the Night,Norman Jewison,NO
1966 (39th),Directing,Blow-Up,Michelangelo Antonioni,NO
1966 (39th),Directing,A Man and a Woman,Claude Lelouch,NO
1966 (39th),Directing,The Professionals,Richard Brooks,NO
1966 (39th),Directing,Who's Afraid of Virginia Woolf?,Mike Nichols,NO
1965 (38th),Directing,The Collector,William Wyler,NO
1965 (38th),Directing,Darling,John Schlesinger,NO
1965 (38th),Directing,Doctor Zhivago,David Lean,NO
1965 (38th),Directing,Woman in the Dunes,Hiroshi Teshigahara,NO
1964 (37th),Directing,Becket,Peter Glenville,NO
1964 (37th),Directing,Dr. Strangelove or: How I Learned to Stop Worrying and Love the Bomb,Stanley Kubrick,NO
1964 (37th),Directing,Mary Poppins,Robert Stevenson,NO
1964 (37th),Directing,Zorba the Greek,Michael Cacoyannis,NO
1963 (36th),Directing,America America,Elia Kazan,NO
1963 (36th),Directing,The Cardinal,Otto Preminger,NO
1963 (36th),Directing,Federico Fellini's 8-1/2,Federico Fellini,NO
1963 (36th),Directing,Hud,Martin Ritt,NO
1962 (35th),Directing,David and Lisa,Frank Perry,NO
1962 (35th),Directing,Divorce--Italian Style,Pietro Germi,NO
1962 (35th),Directing,The Miracle Worker,Arthur Penn,NO
1962 (35th),Directing,To Kill a Mockingbird,Robert Mulligan,NO
1961 (34th),Directing,The Guns of Navarone,J. Lee Thompson,NO
1961 (34th),Directing,The Hustler,Robert Rossen,NO
1961 (34th),Directing,Judgment at Nuremberg,Stanley Kramer,NO
1961 (34th),Directing,La Dolce Vita,Federico Fellini,NO
1960 (33rd),Directing,Never on Sunday,Jules Dassin,NO
1960 (33rd),Directing,Psycho,Alfred Hitchcock,NO
1960 (33rd),Directing,Sons and Lovers,Jack Cardiff,NO
1960 (33rd),Directing,The Sundowners,Fred Zinnemann,NO
1959 (32nd),Directing,The Diary of Anne Frank,George Stevens,NO
1959 (32nd),Directing,The Nun's Story,Fred Zinnemann,NO
1959 (32nd),Directing,Room at the Top,Jack Clayton,NO
1959 (32nd),Directing,Some Like It Hot,Billy Wilder,NO
1958 (31st),Directing,Cat on a Hot Tin Roof,Richard Brooks,NO
1958 (31st),Directing,The Defiant Ones,Stanley Kramer,NO
1958 (31st),Directing,I Want to Live!,Robert Wise,NO
1958 (31st),Directing,The Inn of the Sixth Happiness,Mark Robson,NO
1957 (30th),Directing,Peyton Place,Mark Robson,NO
1957 (30th),Directing,Sayonara,Joshua Logan,NO
1957 (30th),Directing,12 Angry Men,Sidney Lumet,NO
1957 (30th),Directing,Witness for the Prosecution,Billy Wilder,NO
1956 (29th),Directing,Around the World in 80 Days,Michael Anderson,NO
1956 (29th),Directing,Friendly Persuasion,William Wyler,NO
1956 (29th),Directing,The King and I,Walter Lang,NO
1956 (29th),Directing,War and Peace,King Vidor,NO
1955 (28th),Directing,Bad Day at Black Rock,John Sturges,NO
1955 (28th),Directing,East of Eden,Elia Kazan,NO
1955 (28th),Directing,Picnic,Joshua Logan,NO
1955 (28th),Directing,Summertime,David Lean,NO
1954 (27th),Directing,The Country Girl,George Seaton,NO
1954 (27th),Directing,The High and the Mighty,William Wellman,NO
1954 (27th),Directing,Rear Window,Alfred Hitchcock,NO
1954 (27th),Directing,Sabrina,Billy Wilder,NO
1953 (26th),Directing,Lili,Charles Walters,NO
1953 (26th),Directing,Roman Holiday,William Wyler,NO
1953 (26th),Directing,Shane,George Stevens,NO
1953 (26th),Directing,Stalag 17,Billy Wilder,NO
1952 (25th),Directing,Five Fingers,Joseph L. Mankiewicz,NO
1952 (25th),Directing,The Greatest Show on Earth,Cecil B. DeMille,NO
1952 (25th),Directing,High Noon,Fred Zinnemann,NO
1952 (25th),Directing,Moulin Rouge,John Huston,NO
1951 (24th),Directing,The African Queen,John Huston,NO
1951 (24th),Directing,An American in Paris,Vincente Minnelli,NO
1951 (24th),Directing,Detective Story,William Wyler,NO
1951 (24th),Directing,A Streetcar Named Desire,Elia Kazan,NO
1950 (23rd),Directing,The Asphalt Jungle,John Huston,NO
1950 (23rd),Directing,Born Yesterday,George Cukor,NO
1950 (23rd),Directing,Sunset Blvd.,Billy Wilder,NO
1950 (23rd),Directing,The Third Man,Carol Reed,NO
1949 (22nd),Directing,All the King's Men,Robert Rossen,NO
1949 (22nd),Directing,Battleground,William A. Wellman,NO
1949 (22nd),Directing,The Fallen Idol,Carol Reed,NO
1949 (22nd),Directing,The Heiress,William Wyler,NO
1948 (21st),Directing,Hamlet,Laurence Olivier,NO
1948 (21st),Directing,Johnny Belinda,Jean Negulesco,NO
1948 (21st),Directing,The Search,Fred Zinnemann,NO
1948 (21st),Directing,The Snake Pit,Anatole Litvak,NO
1947 (20th),Directing,The Bishop's Wife,Henry Koster,NO
1947 (20th),Directing,Crossfire,Edward Dmytryk,NO
1947 (20th),Directing,A Double Life,George Cukor,NO
1947 (20th),Directing,Great Expectations,David Lean,NO
1946 (19th),Directing,Brief Encounter,David Lean,NO
1946 (19th),Directing,It's a Wonderful Life,Frank Capra,NO
1946 (19th),Directing,The Killers,Robert Siodmak,NO
1946 (19th),Directing,The Yearling,Clarence Brown,NO
1945 (18th),Directing,The Bells of St. Mary's,Leo McCarey,NO
1945 (18th),Directing,National Velvet,Clarence Brown,NO
1945 (18th),Directing,The Southerner,Jean Renoir,NO
1945 (18th),Directing,Spellbound,Alfred Hitchcock,NO
1944 (17th),Directing,Double Indemnity,Billy Wilder,NO
1944 (17th),Directing,Laura,Otto Preminger,NO
1944 (17th),Directing,Lifeboat,Alfred Hitchcock,NO
1944 (17th),Directing,Wilson,Henry King,NO
1943 (16th),Directing,Heaven Can Wait,Ernst Lubitsch,NO
1943 (16th),Directing,The Human Comedy,Clarence Brown,NO
1943 (16th),Directing,The More the Merrier,George Stevens,NO
1943 (16th),Directing,The Song of Bernadette,Henry King,NO
1942 (15th),Directing,Kings Row,Sam Wood,NO
1942 (15th),Directing,Random Harvest,Mervyn LeRoy,NO
1942 (15th),Directing,Wake Island,John Farrow,NO
1942 (15th),Directing,Yankee Doodle Dandy,Michael Curtiz,NO
1941 (14th),Directing,Citizen Kane,Orson Welles,NO
1941 (14th),Directing,Here Comes Mr. Jordan,Alexander Hall,NO
1941 (14th),Directing,The Little Foxes,William Wyler,NO
1941 (14th),Directing,Sergeant York,Howard Hawks,NO
1940 (13th),Directing,Kitty Foyle,Sam Wood,NO
1940 (13th),Directing,The Letter,William Wyler,NO
1940 (13th),Directing,The Philadelphia Story,George Cukor,NO
1940 (13th),Directing,Rebecca,Alfred Hitchcock,NO
1939 (12th),Directing,"Goodbye, Mr. Chips",Sam Wood,NO
1939 (12th),Directing,Mr. Smith Goes to Washington,Frank Capra,NO
1939 (12th),Directing,Stagecoach,John Ford,NO
1939 (12th),Directing,Wuthering Heights,William Wyler,NO
1938 (11th),Directing,Angels with Dirty Faces,Michael Curtiz,NO
1938 (11th),Directing,Boys Town,Norman Taurog,NO
1938 (11th),Directing,The Citadel,King Vidor,NO
1938 (11th),Directing,Four Daughters,Michael Curtiz,NO
1937 (10th),Directing,The Good Earth,Sidney Franklin,NO
1937 (10th),Directing,The Life of Emile Zola,William Dieterle,NO
1937 (10th),Directing,Stage Door,Gregory La Cava,NO
1937 (10th),Directing,A Star Is Born,William Wellman,NO
1936 (9th),Directing,Dodsworth,William Wyler,NO
1936 (9th),Directing,The Great Ziegfeld,Robert Z. Leonard,NO
1936 (9th),Directing,My Man Godfrey,Gregory La Cava,NO
1936 (9th),Directing,San Francisco,W. S. Van Dyke,NO
1935 (8th),Directing,Captain Blood,Michael Curtiz [came in 2nd],NO
1935 (8th),Directing,The Lives of a Bengal Lancer,Henry Hathaway [came in 3rd],NO
1935 (8th),Directing,Mutiny on the Bounty,Frank Lloyd,NO
1934 (7th),Directing,One Night of Love,Victor Schertzinger [came in 3rd],NO
1934 (7th),Directing,The Thin Man,W. S. Van Dyke [came in 2nd],NO
1932/33 (6th),Directing,Lady for a Day,Frank Capra [came in 2nd],NO
1932/33 (6th),Directing,Little Women,George Cukor [came in 3rd],NO
1931/32 (5th),Directing,The Champ,King Vidor,NO
1931/32 (5th),Directing,Shanghai Express,Josef Von Sternberg,NO
1930/31 (4th),Directing,Cimarron,Wesley Ruggles,NO
1930/31 (4th),Directing,A Free Soul,Clarence Brown,NO
1930/31 (4th),Directing,The Front Page,Lewis Milestone,NO
1930/31 (4th),Directing,Morocco,Josef Von Sternberg,NO
1929/30 (3rd),Directing,Clarence Brown,Anna Christie; and Romance,NO
1929/30 (3rd),Directing,Robert Leonard,The Divorcee,NO
1929/30 (3rd),Directing,Ernst Lubitsch,The Love Parade,NO
1929/30 (3rd),Directing,King Vidor,Hallelujah,NO
1928/29 (2nd),Directing,Lionel Barrymore,Madame X,NO
1928/29 (2nd),Directing,Harry Beaumont,The Broadway Melody,NO
1928/29 (2nd),Directing,Irving Cummings,In Old Arizona,NO
1928/29 (2nd),Directing,Frank Lloyd,Drag; and Weary River,NO
1928/29 (2nd),Directing,Ernst Lubitsch,The Patriot,NO
1927/28 (1st),Directing,Ted Wilde,Speedy,NO
1927/28 (1st),Directing,Herbert Brenon,Sorrell and Son,NO
1927/28 (1st),Directing,King Vidor,The Crowd,NO
2010 (83rd),Actor -- Leading Role,Javier Bardem,Biutiful {'Uxbal'},NO
2010 (83rd),Actor -- Leading Role,Jeff Bridges,True Grit {'Rooster Cogburn'},NO
2010 (83rd),Actor -- Leading Role,Jesse Eisenberg,The Social Network {'Mark Zuckerberg'},NO
2010 (83rd),Actor -- Leading Role,James Franco,127 Hours {'Aron Ralston'},NO
2009 (82nd),Actor -- Leading Role,George Clooney,Up in the Air {'Ryan Bingham'},NO
2009 (82nd),Actor -- Leading Role,Colin Firth,A Single Man {'George'},NO
2009 (82nd),Actor -- Leading Role,Morgan Freeman,Invictus {'Nelson Mandela'},NO
2009 (82nd),Actor -- Leading Role,Jeremy Renner,The Hurt Locker {'Staff Sergeant William James'},NO
2008 (81st),Actor -- Leading Role,Richard Jenkins,The Visitor {'Walter'},NO
2008 (81st),Actor -- Leading Role,Frank Langella,Frost/Nixon {'Richard Nixon'},NO
2008 (81st),Actor -- Leading Role,Brad Pitt,The Curious Case of Benjamin Button {'Benjamin Button'},NO
2008 (81st),Actor -- Leading Role,Mickey Rourke,The Wrestler {'Randy'},NO
2007 (80th),Actor -- Leading Role,George Clooney,Michael Clayton {'Michael Clayton'},NO
2007 (80th),Actor -- Leading Role,Johnny Depp,Sweeney Todd The Demon Barber of Fleet Street {'Sweeney Todd'},NO
2007 (80th),Actor -- Leading Role,Tommy Lee Jones,In the Valley of Elah {'Hank Deerfield'},NO
2007 (80th),Actor -- Leading Role,Viggo Mortensen,Eastern Promises {'Nikolai'},NO
2006 (79th),Actor -- Leading Role,Leonardo DiCaprio,Blood Diamond {'Danny Archer'},NO
2006 (79th),Actor -- Leading Role,Ryan Gosling,Half Nelson {'Dan Dunne'},NO
2006 (79th),Actor -- Leading Role,Peter O'Toole,Venus {'Maurice'},NO
2006 (79th),Actor -- Leading Role,Will Smith,The Pursuit of Happyness {'Chris Gardner'},NO
2005 (78th),Actor -- Leading Role,Terrence Howard,Hustle & Flow {'DJay'},NO
2005 (78th),Actor -- Leading Role,Heath Ledger,Brokeback Mountain {'Ennis Del Mar'},NO
2005 (78th),Actor -- Leading Role,Joaquin Phoenix,Walk the Line {'John R. Cash'},NO
2005 (78th),Actor -- Leading Role,David Strathairn,"Good Night, and Good Luck. {'Edward R. Murrow'}",NO
2004 (77th),Actor -- Leading Role,Don Cheadle,Hotel Rwanda {'Paul Rusesabagina'},NO
2004 (77th),Actor -- Leading Role,Johnny Depp,Finding Neverland {'Sir James Matthew Barrie'},NO
2004 (77th),Actor -- Leading Role,Leonardo DiCaprio,The Aviator {'Howard Hughes'},NO
2004 (77th),Actor -- Leading Role,Clint Eastwood,Million Dollar Baby {'Frankie Dunn'},NO
2003 (76th),Actor -- Leading Role,Johnny Depp,Pirates of the Caribbean: The Curse of the Black Pearl {'Jack Sparrow'},NO
2003 (76th),Actor -- Leading Role,Ben Kingsley,House of Sand and Fog {'Behrani'},NO
2003 (76th),Actor -- Leading Role,Jude Law,Cold Mountain {'Inman'},NO
2003 (76th),Actor -- Leading Role,Bill Murray,Lost in Translation {'Bob Harris'},NO
2002 (75th),Actor -- Leading Role,Nicolas Cage,Adaptation {'Charlie Kaufman & Donald Kaufman'},NO
2002 (75th),Actor -- Leading Role,Michael Caine,The Quiet American {'Thomas Fowler'},NO
2002 (75th),Actor -- Leading Role,Daniel Day-Lewis,Gangs of New York {'Bill 'The Butcher' Cutting'},NO
2002 (75th),Actor -- Leading Role,Jack Nicholson,About Schmidt {'Warren Schmidt'},NO
2001 (74th),Actor -- Leading Role,Russell Crowe,A Beautiful Mind {'John Nash'},NO
2001 (74th),Actor -- Leading Role,Sean Penn,I Am Sam {'Sam Dawson'},NO
2001 (74th),Actor -- Leading Role,Will Smith,Ali {'Muhammad Ali'},NO
2001 (74th),Actor -- Leading Role,Tom Wilkinson,In the Bedroom {'Matt Fowler'},NO
2000 (73rd),Actor -- Leading Role,Javier Bardem,Before Night Falls {'Reinaldo Arenas'},NO
2000 (73rd),Actor -- Leading Role,Tom Hanks,Cast Away {'Chuck Noland'},NO
2000 (73rd),Actor -- Leading Role,Ed Harris,Pollock {'Jackson Pollock'},NO
2000 (73rd),Actor -- Leading Role,Geoffrey Rush,Quills {'The Marquis de Sade'},NO
1999 (72nd),Actor -- Leading Role,Russell Crowe,The Insider {'Jeffrey Wigand'},NO
1999 (72nd),Actor -- Leading Role,Richard Farnsworth,The Straight Story {'Alvin Straight'},NO
1999 (72nd),Actor -- Leading Role,Sean Penn,Sweet and Lowdown {'Emmet Ray'},NO
1999 (72nd),Actor -- Leading Role,Denzel Washington,The Hurricane {'Rubin 'Hurricane' Carter'},NO
1998 (71st),Actor -- Leading Role,Tom Hanks,Saving Private Ryan {'Captain Miller'},NO
1998 (71st),Actor -- Leading Role,Ian McKellen,Gods and Monsters {'James Whale'},NO
1998 (71st),Actor -- Leading Role,Nick Nolte,Affliction {'Wade Whitehouse'},NO
1998 (71st),Actor -- Leading Role,Edward Norton,American History X {'Derek'},NO
1997 (70th),Actor -- Leading Role,Matt Damon,Good Will Hunting {'Will Hunting'},NO
1997 (70th),Actor -- Leading Role,Robert Duvall,The Apostle {'The Apostle E.F.'},NO
1997 (70th),Actor -- Leading Role,Peter Fonda,Ulee's Gold {'Ulee Jackson'},NO
1997 (70th),Actor -- Leading Role,Dustin Hoffman,Wag the Dog {'Stanley Motss'},NO
1996 (69th),Actor -- Leading Role,Tom Cruise,Jerry Maguire {'Jerry Maguire'},NO
1996 (69th),Actor -- Leading Role,Ralph Fiennes,The English Patient {'Almasy'},NO
1996 (69th),Actor -- Leading Role,Woody Harrelson,The People vs. Larry Flynt {'Larry Flynt'},NO
1996 (69th),Actor -- Leading Role,Billy Bob Thornton,Sling Blade {'Karl Childers'},NO
1995 (68th),Actor -- Leading Role,Richard Dreyfuss,Mr. Holland's Opus {'Glenn Holland'},NO
1995 (68th),Actor -- Leading Role,Anthony Hopkins,Nixon {'Richard Nixon'},NO
1995 (68th),Actor -- Leading Role,Sean Penn,Dead Man Walking {'Matthew Poncelet'},NO
1995 (68th),Actor -- Leading Role,Massimo Troisi,The Postman (Il Postino) {'Mario'},NO
1994 (67th),Actor -- Leading Role,Morgan Freeman,The Shawshank Redemption {'Red'},NO
1994 (67th),Actor -- Leading Role,Nigel Hawthorne,The Madness of King George {'King George III'},NO
1994 (67th),Actor -- Leading Role,Paul Newman,Nobody's Fool {'Sully'},NO
1994 (67th),Actor -- Leading Role,John Travolta,Pulp Fiction {'Vincent Vega'},NO
1993 (66th),Actor -- Leading Role,Daniel Day-Lewis,In the Name of the Father {'Gerry Conlon'},NO
1993 (66th),Actor -- Leading Role,Laurence Fishburne,What's Love Got to Do with It {'Ike Turner'},NO
1993 (66th),Actor -- Leading Role,Anthony Hopkins,The Remains of the Day {'Mr. Stevens'},NO
1993 (66th),Actor -- Leading Role,Liam Neeson,Schindler's List {'Oskar Schindler'},NO
1992 (65th),Actor -- Leading Role,"Robert Downey, Jr.",Chaplin {'Charles Chaplin'},NO
1992 (65th),Actor -- Leading Role,Clint Eastwood,Unforgiven {'Bill Munny'},NO
1992 (65th),Actor -- Leading Role,Stephen Rea,The Crying Game {'Fergus'},NO
1992 (65th),Actor -- Leading Role,Denzel Washington,Malcolm X {'Malcolm X'},NO
1991 (64th),Actor -- Leading Role,Warren Beatty,Bugsy {'Bugsy Siegel'},NO
1991 (64th),Actor -- Leading Role,Robert De Niro,Cape Fear {'Max Cady'},NO
1991 (64th),Actor -- Leading Role,Nick Nolte,The Prince of Tides {'Tom Wingo'},NO
1991 (64th),Actor -- Leading Role,Robin Williams,The Fisher King {'Parry'},NO
1990 (63rd),Actor -- Leading Role,Kevin Costner,Dances With Wolves {'Lieutenant Dunbar'},NO
1990 (63rd),Actor -- Leading Role,Robert De Niro,Awakenings {'Leonard Lowe'},NO
1990 (63rd),Actor -- Leading Role,Gerard Depardieu,Cyrano de Bergerac {'Cyrano de Bergerac'},NO
1990 (63rd),Actor -- Leading Role,Richard Harris,The Field {'Bull McCabe'},NO
1989 (62nd),Actor -- Leading Role,Kenneth Branagh,Henry V {'Henry V'},NO
1989 (62nd),Actor -- Leading Role,Tom Cruise,Born on the Fourth of July {'Ron Kovic'},NO
1989 (62nd),Actor -- Leading Role,Morgan Freeman,Driving Miss Daisy {'Hoke Colburn'},NO
1989 (62nd),Actor -- Leading Role,Robin Williams,Dead Poets Society {'John Keating'},NO
1988 (61st),Actor -- Leading Role,Gene Hackman,Mississippi Burning {'Anderson'},NO
1988 (61st),Actor -- Leading Role,Tom Hanks,Big {'Josh'},NO
1988 (61st),Actor -- Leading Role,Edward James Olmos,Stand and Deliver {'Jaime Escalante'},NO
1988 (61st),Actor -- Leading Role,Max Von Sydow,Pelle the Conqueror {'Lasse Karlsson'},NO
1987 (60th),Actor -- Leading Role,William Hurt,Broadcast News {'Tom Grunick'},NO
1987 (60th),Actor -- Leading Role,Marcello Mastroianni,Dark Eyes {'Romano'},NO
1987 (60th),Actor -- Leading Role,Jack Nicholson,Ironweed {'Francis Phelan'},NO
1987 (60th),Actor -- Leading Role,Robin Williams,"Good Morning, Vietnam {'Adrian Cronauer'}",NO
1986 (59th),Actor -- Leading Role,Dexter Gordon,'Round Midnight {'Dale Turner'},NO
1986 (59th),Actor -- Leading Role,Bob Hoskins,Mona Lisa {'George'},NO
1986 (59th),Actor -- Leading Role,William Hurt,Children of a Lesser God {'James'},NO
1986 (59th),Actor -- Leading Role,James Woods,Salvador {'Richard Boyle'},NO
1985 (58th),Actor -- Leading Role,Harrison Ford,Witness {'John Book'},NO
1985 (58th),Actor -- Leading Role,James Garner,Murphy's Romance {'Murphy Jones'},NO
1985 (58th),Actor -- Leading Role,Jack Nicholson,Prizzi's Honor {'Charley Partanna'},NO
1985 (58th),Actor -- Leading Role,Jon Voight,Runaway Train {'Manny'},NO
1984 (57th),Actor -- Leading Role,Jeff Bridges,Starman {'Starman'},NO
1984 (57th),Actor -- Leading Role,Albert Finney,Under the Volcano {'Geoffrey Firmin'},NO
1984 (57th),Actor -- Leading Role,Tom Hulce,Amadeus {'Wolfgang Amadeus Mozart'},NO
1984 (57th),Actor -- Leading Role,Sam Waterston,The Killing Fields {'Sydney Schanberg'},NO
1983 (56th),Actor -- Leading Role,Michael Caine,Educating Rita {'Dr. Frank Bryant'},NO
1983 (56th),Actor -- Leading Role,Tom Conti,"Reuben, Reuben {'Gowan McGland'}",NO
1983 (56th),Actor -- Leading Role,Tom Courtenay,The Dresser {'Norman'},NO
1983 (56th),Actor -- Leading Role,Albert Finney,The Dresser {'Sir'},NO
1982 (55th),Actor -- Leading Role,Dustin Hoffman,Tootsie {'Michael Dorsey/Dorothy Michaels'},NO
1982 (55th),Actor -- Leading Role,Jack Lemmon,Missing {'Edmund Horman'},NO
1982 (55th),Actor -- Leading Role,Paul Newman,The Verdict {'Frank Galvin'},NO
1982 (55th),Actor -- Leading Role,Peter O'Toole,My Favorite Year {'Alan Swann'},NO
1981 (54th),Actor -- Leading Role,Warren Beatty,Reds {'John 'Jack' Reed'},NO
1981 (54th),Actor -- Leading Role,Burt Lancaster,Atlantic City {'Lou'},NO
1981 (54th),Actor -- Leading Role,Dudley Moore,Arthur {'Arthur Bach'},NO
1981 (54th),Actor -- Leading Role,Paul Newman,Absence of Malice {'Michael Gallagher'},NO
1980 (53rd),Actor -- Leading Role,Robert Duvall,The Great Santini {'Bull Meechum'},NO
1980 (53rd),Actor -- Leading Role,John Hurt,The Elephant Man {'John Merrick'},NO
1980 (53rd),Actor -- Leading Role,Jack Lemmon,Tribute {'Scottie Templeton'},NO
1980 (53rd),Actor -- Leading Role,Peter O'Toole,The Stunt Man {'Eli Cross'},NO
1979 (52nd),Actor -- Leading Role,Jack Lemmon,The China Syndrome {'Jack Godell'},NO
1979 (52nd),Actor -- Leading Role,Al Pacino,...And Justice for All {'Arthur Kirkland'},NO
1979 (52nd),Actor -- Leading Role,Roy Scheider,All That Jazz {'Joe Gideon'},NO
1979 (52nd),Actor -- Leading Role,Peter Sellers,"Being There {'John Chance, the gardener (aka Chauncey Gardiner)'}",NO
1978 (51st),Actor -- Leading Role,Warren Beatty,"Heaven Can Wait {'Joe Pendleton (alias, Leo Farnsworth, Tom Jarrett)'}",NO
1978 (51st),Actor -- Leading Role,Gary Busey,The Buddy Holly Story {'Buddy Holly'},NO
1978 (51st),Actor -- Leading Role,Robert De Niro,The Deer Hunter {'Michael'},NO
1978 (51st),Actor -- Leading Role,Laurence Olivier,The Boys from Brazil {'Ezra Lieberman'},NO
1977 (50th),Actor -- Leading Role,Woody Allen,Annie Hall {'Alvy Singer'},NO
1977 (50th),Actor -- Leading Role,Richard Burton,Equus {'Dr. Martin Dysart'},NO
1977 (50th),Actor -- Leading Role,Marcello Mastroianni,A Special Day {'Gabriele'},NO
1977 (50th),Actor -- Leading Role,John Travolta,Saturday Night Fever {'Tony Manero'},NO
1976 (49th),Actor -- Leading Role,Robert De Niro,Taxi Driver {'Travis Bickle'},NO
1976 (49th),Actor -- Leading Role,Giancarlo Giannini,Seven Beauties {'Pasqualino Frafuso'},NO
1976 (49th),Actor -- Leading Role,William Holden,Network {'Max Schumacher'},NO
1976 (49th),Actor -- Leading Role,Sylvester Stallone,Rocky {'Rocky Balboa'},NO
1975 (48th),Actor -- Leading Role,Walter Matthau,The Sunshine Boys {'Willy Clark'},NO
1975 (48th),Actor -- Leading Role,Al Pacino,Dog Day Afternoon {'Sonny'},NO
1975 (48th),Actor -- Leading Role,Maximilian Schell,The Man in the Glass Booth {'Arthur Goldman'},NO
1975 (48th),Actor -- Leading Role,James Whitmore,"Give 'em Hell, Harry! {'Harry S. Truman'}",NO
1974 (47th),Actor -- Leading Role,Albert Finney,Murder on the Orient Express {'Hercule Poirot'},NO
1974 (47th),Actor -- Leading Role,Dustin Hoffman,Lenny {'Lenny Bruce'},NO
1974 (47th),Actor -- Leading Role,Jack Nicholson,Chinatown {'J. J. Gittes'},NO
1974 (47th),Actor -- Leading Role,Al Pacino,The Godfather Part II {'Michael Corleone'},NO
1973 (46th),Actor -- Leading Role,Marlon Brando,Last Tango in Paris {'Paul'},NO
1973 (46th),Actor -- Leading Role,Jack Nicholson,The Last Detail {'Signalman First Class Buddusky'},NO
1973 (46th),Actor -- Leading Role,Al Pacino,Serpico {'Frank Serpico'},NO
1973 (46th),Actor -- Leading Role,Robert Redford,The Sting {'Johnny Hooker'},NO
1972 (45th),Actor -- Leading Role,Michael Caine,Sleuth {'Milo Tindale'},NO
1972 (45th),Actor -- Leading Role,Laurence Olivier,Sleuth {'Andrew Wyke'},NO
1972 (45th),Actor -- Leading Role,Peter O'Toole,"The Ruling Class {'Jack, 14th Earl of Gurney'}",NO
1972 (45th),Actor -- Leading Role,Paul Winfield,Sounder {'Nathan Lee Morgan'},NO
1971 (44th),Actor -- Leading Role,Peter Finch,Sunday Bloody Sunday {'Dr. Daniel Hirsh'},NO
1971 (44th),Actor -- Leading Role,Walter Matthau,Kotch {'Joseph P. Kotcher'},NO
1971 (44th),Actor -- Leading Role,George C. Scott,The Hospital {'Dr. Herbert Bock'},NO
1971 (44th),Actor -- Leading Role,Topol,Fiddler on the Roof {'Tevye'},NO
1970 (43rd),Actor -- Leading Role,Melvyn Douglas,I Never Sang for My Father {'Tom Garrison'},NO
1970 (43rd),Actor -- Leading Role,James Earl Jones,The Great White Hope {'Jack Jefferson'},NO
1970 (43rd),Actor -- Leading Role,Jack Nicholson,Five Easy Pieces {'Robert Eroica Dupea'},NO
1970 (43rd),Actor -- Leading Role,Ryan O'Neal,Love Story {'Oliver Barrett IV'},NO
1969 (42nd),Actor -- Leading Role,Richard Burton,Anne of the Thousand Days {'King Henry VIII'},NO
1969 (42nd),Actor -- Leading Role,Dustin Hoffman,Midnight Cowboy {'Ratso Rizzo'},NO
1969 (42nd),Actor -- Leading Role,Peter O'Toole,"Goodbye, Mr. Chips {'Arthur Chipping'}",NO
1969 (42nd),Actor -- Leading Role,Jon Voight,Midnight Cowboy {'Joe Buck'},NO
1968 (41st),Actor -- Leading Role,Alan Arkin,The Heart Is a Lonely Hunter {'Singer'},NO
1968 (41st),Actor -- Leading Role,Alan Bates,The Fixer {'Yakov Bok'},NO
1968 (41st),Actor -- Leading Role,Ron Moody,Oliver! {'Fagin'},NO
1968 (41st),Actor -- Leading Role,Peter O'Toole,The Lion in Winter {'King Henry II'},NO
1967 (40th),Actor -- Leading Role,Warren Beatty,Bonnie and Clyde {'Clyde Barrow'},NO
1967 (40th),Actor -- Leading Role,Dustin Hoffman,The Graduate {'Ben Braddock'},NO
1967 (40th),Actor -- Leading Role,Paul Newman,Cool Hand Luke {'Luke Jackson'},NO
1967 (40th),Actor -- Leading Role,Spencer Tracy,Guess Who's Coming to Dinner {'Matt Drayton'},NO
1966 (39th),Actor -- Leading Role,Alan Arkin,The Russians Are Coming The Russians Are Coming {'Rozanov'},NO
1966 (39th),Actor -- Leading Role,Richard Burton,Who's Afraid of Virginia Woolf? {'George'},NO
1966 (39th),Actor -- Leading Role,Michael Caine,Alfie {'Alfie'},NO
1966 (39th),Actor -- Leading Role,Steve McQueen,The Sand Pebbles {'Jake Holman'},NO
1965 (38th),Actor -- Leading Role,Richard Burton,The Spy Who Came In from the Cold {'Alec Leamas'},NO
1965 (38th),Actor -- Leading Role,Laurence Olivier,Othello {'Othello'},NO
1965 (38th),Actor -- Leading Role,Rod Steiger,The Pawnbroker {'Sol Nazerman'},NO
1965 (38th),Actor -- Leading Role,Oskar Werner,Ship of Fools {'Dr. Schumann'},NO
1964 (37th),Actor -- Leading Role,Richard Burton,Becket {'Thomas Becket'},NO
1964 (37th),Actor -- Leading Role,Peter O'Toole,Becket {'King Henry II'},NO
1964 (37th),Actor -- Leading Role,Anthony Quinn,Zorba the Greek {'Alexis Zorba'},NO
1964 (37th),Actor -- Leading Role,Peter Sellers,Dr. Strangelove or: How I Learned to Stop Worrying and Love the Bomb {'Group Captain Lionel Mandrake/President Muffley/Dr. Strangelove'},NO
1963 (36th),Actor -- Leading Role,Albert Finney,Tom Jones {'Tom Jones'},NO
1963 (36th),Actor -- Leading Role,Richard Harris,This Sporting Life {'Frank Machin'},NO
1963 (36th),Actor -- Leading Role,Rex Harrison,Cleopatra {'Julius Caesar'},NO
1963 (36th),Actor -- Leading Role,Paul Newman,Hud {'Hud Bannon'},NO
1962 (35th),Actor -- Leading Role,Burt Lancaster,Birdman of Alcatraz {'Robert Stroud'},NO
1962 (35th),Actor -- Leading Role,Jack Lemmon,Days of Wine and Roses {'Joe Clay'},NO
1962 (35th),Actor -- Leading Role,Marcello Mastroianni,Divorce--Italian Style {'Ferdinando Cefalu'},NO
1962 (35th),Actor -- Leading Role,Peter O'Toole,Lawrence of Arabia {'T.E. Lawrence'},NO
1961 (34th),Actor -- Leading Role,Charles Boyer,Fanny {'César'},NO
1961 (34th),Actor -- Leading Role,Paul Newman,The Hustler {'Eddie Felson'},NO
1961 (34th),Actor -- Leading Role,Spencer Tracy,Judgment at Nuremberg {'Judge Dan Haywood'},NO
1961 (34th),Actor -- Leading Role,Stuart Whitman,The Mark {'Jim Fuller'},NO
1960 (33rd),Actor -- Leading Role,Trevor Howard,Sons and Lovers {'Morel'},NO
1960 (33rd),Actor -- Leading Role,Jack Lemmon,The Apartment {'C.C. 'Bud' Baxter'},NO
1960 (33rd),Actor -- Leading Role,Laurence Olivier,The Entertainer {'Archie Rice'},NO
1960 (33rd),Actor -- Leading Role,Spencer Tracy,Inherit the Wind {'Henry Drummond'},NO
1959 (32nd),Actor -- Leading Role,Laurence Harvey,Room at the Top {'Joe Lampton'},NO
1959 (32nd),Actor -- Leading Role,Jack Lemmon,Some Like It Hot {'Jerry/Daphne'},NO
1959 (32nd),Actor -- Leading Role,Paul Muni,The Last Angry Man {'Dr. Sam Abelman'},NO
1959 (32nd),Actor -- Leading Role,James Stewart,Anatomy of a Murder {'Paul Biegler'},NO
1958 (31st),Actor -- Leading Role,Tony Curtis,The Defiant Ones {'John 'Joker' Jackson'},NO
1958 (31st),Actor -- Leading Role,Paul Newman,Cat on a Hot Tin Roof {'Brick Pollitt'},NO
1958 (31st),Actor -- Leading Role,Sidney Poitier,The Defiant Ones {'Noah Cullen'},NO
1958 (31st),Actor -- Leading Role,Spencer Tracy,The Old Man and the Sea {'The Old Man'},NO
1957 (30th),Actor -- Leading Role,Marlon Brando,Sayonara {'Major Lloyd Gruver'},NO
1957 (30th),Actor -- Leading Role,Anthony Franciosa,A Hatful of Rain {'Polo'},NO
1957 (30th),Actor -- Leading Role,Charles Laughton,Witness for the Prosecution {'Sir Wilfrid Robarts'},NO
1957 (30th),Actor -- Leading Role,Anthony Quinn,Wild Is the Wind {'Gino'},NO
1956 (29th),Actor -- Leading Role,James Dean,Giant {'Jett Rink'},NO
1956 (29th),Actor -- Leading Role,Kirk Douglas,Lust for Life {'Vincent Van Gogh'},NO
1956 (29th),Actor -- Leading Role,Rock Hudson,Giant {'Bick Benedict'},NO
1956 (29th),Actor -- Leading Role,Sir Laurence Olivier,Richard III {'Richard III'},NO
1955 (28th),Actor -- Leading Role,James Cagney,Love Me or Leave Me {'Martin Snyder'},NO
1955 (28th),Actor -- Leading Role,James Dean,East of Eden {'Cal Trask'},NO
1955 (28th),Actor -- Leading Role,Frank Sinatra,The Man with the Golden Arm {'Frankie'},NO
1955 (28th),Actor -- Leading Role,Spencer Tracy,Bad Day at Black Rock {'John J. Macreedy'},NO
1954 (27th),Actor -- Leading Role,Humphrey Bogart,The Caine Mutiny {'Captain Queeg'},NO
1954 (27th),Actor -- Leading Role,Bing Crosby,The Country Girl {'Frank Elgin'},NO
1954 (27th),Actor -- Leading Role,James Mason,A Star Is Born {'Norman Maine/Alfred Hinkel'},NO
1954 (27th),Actor -- Leading Role,Dan O'Herlihy,Adventures of Robinson Crusoe {'Robinson Crusoe'},NO
1953 (26th),Actor -- Leading Role,Marlon Brando,Julius Caesar {'Marc Antony'},NO
1953 (26th),Actor -- Leading Role,Richard Burton,The Robe {'Marcellus Gallio'},NO
1953 (26th),Actor -- Leading Role,Montgomery Clift,From Here to Eternity {'Robert E. Lee Prewitt'},NO
1953 (26th),Actor -- Leading Role,Burt Lancaster,From Here to Eternity {'Sgt. Milton Warden'},NO
1952 (25th),Actor -- Leading Role,Marlon Brando,Viva Zapata! {'Emiliano Zapata'},NO
1952 (25th),Actor -- Leading Role,Kirk Douglas,The Bad and the Beautiful {'Jonathan Shields'},NO
1952 (25th),Actor -- Leading Role,José Ferrer,Moulin Rouge {'Toulouse-Lautrec'},NO
1952 (25th),Actor -- Leading Role,Alec Guinness,The Lavender Hill Mob {'Holland'},NO
1951 (24th),Actor -- Leading Role,Marlon Brando,A Streetcar Named Desire {'Stanley Kowalski'},NO
1951 (24th),Actor -- Leading Role,Montgomery Clift,A Place in the Sun {'George Eastman'},NO
1951 (24th),Actor -- Leading Role,Arthur Kennedy,Bright Victory {'Larry Levins'},NO
1951 (24th),Actor -- Leading Role,Fredric March,Death of a Salesman {'Willy Loman'},NO
1950 (23rd),Actor -- Leading Role,Louis Calhern,The Magnificent Yankee {'Oliver Wendell Holmes'},NO
1950 (23rd),Actor -- Leading Role,William Holden,Sunset Blvd. {'Joe Gillis'},NO
1950 (23rd),Actor -- Leading Role,James Stewart,Harvey {'Elwood P. Dowd'},NO
1950 (23rd),Actor -- Leading Role,Spencer Tracy,Father of the Bride {'Stanley T. Banks'},NO
1949 (22nd),Actor -- Leading Role,Kirk Douglas,Champion {'Midge Kelly'},NO
1949 (22nd),Actor -- Leading Role,Gregory Peck,Twelve O'Clock High {'General Savage'},NO
1949 (22nd),Actor -- Leading Role,Richard Todd,The Hasty Heart {'Lachie'},NO
1949 (22nd),Actor -- Leading Role,John Wayne,Sands of Iwo Jima {'Sergeant John M. Stryker'},NO
1948 (21st),Actor -- Leading Role,Lew Ayres,Johnny Belinda {'Dr. Robert Richardson'},NO
1948 (21st),Actor -- Leading Role,Montgomery Clift,The Search {'Ralph Stevenson'},NO
1948 (21st),Actor -- Leading Role,Dan Dailey,When My Baby Smiles at Me {'Skid'},NO
1948 (21st),Actor -- Leading Role,Clifton Webb,Sitting Pretty {'Lynn Belvedere'},NO
1947 (20th),Actor -- Leading Role,John Garfield,Body and Soul {'Charlie Davis'},NO
1947 (20th),Actor -- Leading Role,Gregory Peck,Gentleman's Agreement {'Phil Green'},NO
1947 (20th),Actor -- Leading Role,William Powell,Life with Father {'Clarence Day'},NO
1947 (20th),Actor -- Leading Role,Michael Redgrave,Mourning Becomes Electra {'Orin Mannon'},NO
1946 (19th),Actor -- Leading Role,Laurence Olivier,Henry V {'Henry V'},NO
1946 (19th),Actor -- Leading Role,Larry Parks,The Jolson Story {'Al Jolson'},NO
1946 (19th),Actor -- Leading Role,Gregory Peck,The Yearling {'Pa Baxter'},NO
1946 (19th),Actor -- Leading Role,James Stewart,It's a Wonderful Life {'George Bailey'},NO
1945 (18th),Actor -- Leading Role,Bing Crosby,The Bells of St. Mary's {'Father O'Malley'},NO
1945 (18th),Actor -- Leading Role,Gene Kelly,Anchors Aweigh {'Joseph Brady'},NO
1945 (18th),Actor -- Leading Role,Gregory Peck,The Keys of the Kingdom {'Father Francis Chisholm'},NO
1945 (18th),Actor -- Leading Role,Cornel Wilde,A Song to Remember {'Frederick Chopin'},NO
1944 (17th),Actor -- Leading Role,Charles Boyer,Gaslight {'Gregory Anton'},NO
1944 (17th),Actor -- Leading Role,Barry Fitzgerald,Going My Way {'Father Fitzgibbon'},NO
1944 (17th),Actor -- Leading Role,Cary Grant,None but the Lonely Heart {'Ernie Mott'},NO
1944 (17th),Actor -- Leading Role,Alexander Knox,Wilson {'Woodrow Wilson'},NO
1943 (16th),Actor -- Leading Role,Humphrey Bogart,Casablanca {'Rick Blane'},NO
1943 (16th),Actor -- Leading Role,Gary Cooper,For Whom the Bell Tolls {'Robert Jordan'},NO
1943 (16th),Actor -- Leading Role,Walter Pidgeon,Madame Curie {'Pierre Curie'},NO
1943 (16th),Actor -- Leading Role,Mickey Rooney,The Human Comedy {'Homer Macauley'},NO
1942 (15th),Actor -- Leading Role,Ronald Colman,Random Harvest {'Charles Ranier'},NO
1942 (15th),Actor -- Leading Role,Gary Cooper,The Pride of the Yankees {'Lou Gehrig'},NO
1942 (15th),Actor -- Leading Role,Walter Pidgeon,Mrs. Miniver {'Clem Miniver'},NO
1942 (15th),Actor -- Leading Role,Monty Woolley,The Pied Piper {'Howard'},NO
1941 (14th),Actor -- Leading Role,Cary Grant,Penny Serenade {'Roger Adams'},NO
1941 (14th),Actor -- Leading Role,Walter Huston,All That Money Can Buy {'Mr. Scratch'},NO
1941 (14th),Actor -- Leading Role,Robert Montgomery,Here Comes Mr. Jordan {'Joe Pendleton'},NO
1941 (14th),Actor -- Leading Role,Orson Welles,Citizen Kane {'Charles Foster Kane'},NO
1940 (13th),Actor -- Leading Role,Charles Chaplin,"The Great Dictator {'Hynkel, Dictator of Tomania'}",NO
1940 (13th),Actor -- Leading Role,Henry Fonda,The Grapes of Wrath {'Tom Joad'},NO
1940 (13th),Actor -- Leading Role,Raymond Massey,Abe Lincoln in Illinois {'Abraham Lincoln'},NO
1940 (13th),Actor -- Leading Role,Laurence Olivier,Rebecca {'Maxim de Winter'},NO
1939 (12th),Actor -- Leading Role,Clark Gable,Gone with the Wind {'Rhett Butler'},NO
1939 (12th),Actor -- Leading Role,Laurence Olivier,Wuthering Heights {'Heathcliff'},NO
1939 (12th),Actor -- Leading Role,Mickey Rooney,Babes in Arms {'Mickey Moran'},NO
1939 (12th),Actor -- Leading Role,James Stewart,Mr. Smith Goes to Washington {'Jefferson Smith'},NO
1938 (11th),Actor -- Leading Role,Charles Boyer,Algiers {'Pepe Le Moko'},NO
1938 (11th),Actor -- Leading Role,James Cagney,Angels with Dirty Faces {'Rocky Sullivan'},NO
1938 (11th),Actor -- Leading Role,Robert Donat,The Citadel {'Andrew Mason'},NO
1938 (11th),Actor -- Leading Role,Leslie Howard,Pygmalion {'Professor Henry Higgins'},NO
1937 (10th),Actor -- Leading Role,Charles Boyer,Conquest {'Napoleon Bonaparte'},NO
1937 (10th),Actor -- Leading Role,Fredric March,A Star Is Born {'Norman Maine (Alfred Hinkel)'},NO
1937 (10th),Actor -- Leading Role,Robert Montgomery,Night Must Fall {'Danny'},NO
1937 (10th),Actor -- Leading Role,Paul Muni,The Life of Emile Zola {'Emile Zola'},NO
1936 (9th),Actor -- Leading Role,Gary Cooper,Mr. Deeds Goes to Town {'Longfellow Deeds'},NO
1936 (9th),Actor -- Leading Role,Walter Huston,Dodsworth {'Sam Dodsworth'},NO
1936 (9th),Actor -- Leading Role,William Powell,My Man Godfrey {'Godfrey Parks'},NO
1936 (9th),Actor -- Leading Role,Spencer Tracy,San Francisco {'Father Tim Mullen'},NO
1935 (8th),Actor -- Leading Role,Clark Gable,Mutiny on the Bounty {'Fletcher Christian'},NO
1935 (8th),Actor -- Leading Role,Charles Laughton,Mutiny on the Bounty {'Captain Bligh'} [came in 3rd],NO
1935 (8th),Actor -- Leading Role,Paul Muni,Black Fury {'Joe Radek'} [came in 2nd],NO
1935 (8th),Actor -- Leading Role,Franchot Tone,Mutiny on the Bounty {'Roger Byam'},NO
1934 (7th),Actor -- Leading Role,Frank Morgan,"The Affairs of Cellini {'Allesandro, Duke of Florence'} [came in 2nd]",NO
1934 (7th),Actor -- Leading Role,William Powell,The Thin Man {'Nick Charles'} [came in 3rd],NO
1932/33 (6th),Actor -- Leading Role,Leslie Howard,Berkeley Square {'Peter Standish'} [came in 3rd],NO
1932/33 (6th),Actor -- Leading Role,Paul Muni,I Am a Fugitive from a Chain Gang {'James Allen'} [came in 2nd],NO
1931/32 (5th),Actor -- Leading Role,Alfred Lunt,The Guardsman {'The Actor'},NO
1930/31 (4th),Actor -- Leading Role,Jackie Cooper,Skippy {'Skippy Skinner'},NO
1930/31 (4th),Actor -- Leading Role,Richard Dix,Cimarron {'Yancey Cravat'},NO
1930/31 (4th),Actor -- Leading Role,Fredric March,The Royal Family of Broadway {'Tony Cavendish'},NO
1930/31 (4th),Actor -- Leading Role,Adolphe Menjou,The Front Page {'Walter Burns'},NO
1929/30 (3rd),Actor -- Leading Role,George Arliss,"The Green Goddess {'Oxonian, the Rajah of Rukh'}",NO
1929/30 (3rd),Actor -- Leading Role,Wallace Beery,The Big House {''Machine Gun' Butch Schmidt'},NO
1929/30 (3rd),Actor -- Leading Role,Maurice Chevalier,The Big Pond {'Pierre Mirande'}; and The Love Parade {'Count Alfred Renard'},NO
1929/30 (3rd),Actor -- Leading Role,Ronald Colman,Bulldog Drummond {'Hugh 'Bulldog' Drummond'}; and Condemned {'Michel'},NO
1929/30 (3rd),Actor -- Leading Role,Lawrence Tibbett,The Rogue Song {'Yegor'},NO
1928/29 (2nd),Actor -- Leading Role,George Bancroft,Thunderbolt {'Thunderbolt Jim Lang'},NO
1928/29 (2nd),Actor -- Leading Role,Chester Morris,"Alibi {'No. 1065, Chick Williams'}",NO
1928/29 (2nd),Actor -- Leading Role,Paul Muni,The Valiant {'James Dyke'},NO
1928/29 (2nd),Actor -- Leading Role,Lewis Stone,The Patriot {'Count Pahlen'},NO
1927/28 (1st),Actor -- Leading Role,Richard Barthelmess,The Noose {'Nickie Elkins'}; and The Patent Leather Kid {'The Patent Leather Kid'},NO
