month,station,datetime,obs_type,obs_value,TMAX_F,country_code
1,16,18660107,0,-21,-6,4
1,9,18660108,0,-17,2,4
2,9,18660215,0,-17,2,4
1,9,18660106,0,-16,3,4
1,16,18660114,0,-16,3,4
1,14,18660115,0,-16,3,4
1,14,18660108,0,-16,3,4
2,13,18660216,0,-16,4,4
12,8,18661220,0,-16,4,4
1,14,18660105,0,-16,4,4
1,9,18660105,0,-15,5,4
1,14,18660106,0,-15,5,4
12,8,18661229,0,-15,5,4
11,25,18661120,0,-15,5,11
1,16,18660106,0,-14,6,4
12,8,18661221,0,-14,6,4
2,8,18660216,0,-14,7,4
2,16,18660215,0,-14,7,4
12,14,18661221,0,-13,8,4
1,16,18660108,0,-13,8,4
2,15,18660216,0,-13,8,4
1,28,18660108,0,-13,8,13
12,8,18661215,0,-13,8,4
12,8,18661214,0,-13,9,4
1,9,18660115,0,-13,9,4
12,8,18661228,0,-13,9,4
12,12,18661220,0,-13,9,4
12,17,18661228,0,-13,9,4
12,11,18661220,0,-12,10,4
1,13,18660108,0,-12,10,4
1,9,18660109,0,-12,10,4
2,8,18660207,0,-12,10,4
2,9,18660216,0,-12,11,4
2,13,18660205,0,-12,11,4
1,25,18660110,0,-12,11,11
12,17,18661220,0,-11,12,4
3,16,18660317,0,-11,12,4
12,17,18661221,0,-11,12,4
12,8,18661213,0,-11,12,4
1,13,18660105,0,-11,12,4
12,9,18661220,0,-11,12,4
11,25,18661129,0,-11,13,11
2,16,18660225,0,-11,13,4
2,14,18660216,0,-11,13,4
12,16,18661214,0,-11,13,4
3,25,18660314,0,-10,13,11
11,25,18661121,0,-10,13,11
12,16,18661220,0,-10,14,4
12,14,18661214,0,-10,14,4
2,16,18660204,0,-10,14,4
12,17,18661214,0,-10,14,4
12,8,18661231,0,-10,14,4
2,9,18660205,0,-10,14,4
2,8,18660202,0,-10,14,4
2,8,18660203,0,-10,14,4
12,14,18661215,0,-10,14,4
1,13,18660122,0,-10,14,4
12,13,18661215,0,-9,15,4
2,13,18660203,0,-9,15,4
12,14,18661228,0,-9,15,4
12,13,18661220,0,-9,15,4
1,13,18660109,0,-9,15,4
11,25,18661126,0,-9,15,11
2,8,18660201,0,-9,15,4
1,16,18660105,0,-9,15,4
12,14,18661220,0,-9,15,4
1,16,18660121,0,-9,15,4
11,25,18661130,0,-9,15,11
2,14,18660205,0,-9,15,4
1,15,18660108,0,-9,15,4
11,25,18661128,0,-9,15,11
2,25,18660204,0,-9,15,11
3,25,18660309,0,-9,16,11
2,16,18660216,0,-9,16,4
12,13,18661212,0,-9,16,4
1,14,18660109,0,-9,16,4
2,13,18660206,0,-9,16,4
12,14,18661229,0,-9,16,4
1,13,18660115,0,-9,16,4
3,16,18660325,0,-9,16,4
1,9,18660122,0,-9,16,4
12,13,18661214,0,-9,16,4
12,17,18661215,0,-9,16,4
12,28,18661221,0,-9,16,13
2,16,18660205,0,-9,16,4
1,13,18660106,0,-8,17,4
12,25,18661202,0,-8,17,11
2,9,18660206,0,-8,17,4
2,8,18660206,0,-8,17,4
1,13,18660123,0,-8,17,4
2,14,18660206,0,-8,17,4
12,17,18661229,0,-8,17,4
12,12,18661229,0,-8,17,4
3,25,18660315,0,-8,17,11
12,9,18661214,0,-8,17,4
2,25,18660214,0,-8,17,11
1,25,18660112,0,-8,17,11
2,25,18660227,0,-8,17,11
12,25,18661217,0,-8,17,11
1,25,18660111,0,-8,18,11
11,25,18661127,0,-8,18,11
3,25,18660308,0,-8,18,11
1,25,18660102,0,-8,18,11
1,25,18660101,0,-8,18,11
3,25,18660316,0,-8,18,11
12,13,18661213,0,-8,18,4
12,8,18661217,0,-8,18,4
12,9,18661228,0,-8,18,4
1,16,18660122,0,-8,18,4
12,9,18661230,0,-8,18,4
2,13,18660215,0,-8,18,4
2,16,18660206,0,-8,18,4
2,13,18660202,0,-8,18,4
2,14,18660202,0,-8,18,4
12,25,18661201,0,-8,18,11
2,25,18660215,0,-8,18,11
2,25,18660226,0,-8,18,11
3,25,18660313,0,-7,19,11
12,13,18661228,0,-7,19,4
2,28,18660216,0,-7,19,13
1,15,18660123,0,-7,19,4
2,25,18660218,0,-7,19,11
1,28,18660105,0,-7,19,13
1,25,18660113,0,-7,19,11
2,14,18660203,0,-7,19,4
12,13,18661211,0,-7,19,4
12,9,18661229,0,-7,19,4
1,16,18660109,0,-7,19,4
1,14,18660125,0,-7,19,4
12,15,18661221,0,-7,19,4
1,14,18660127,0,-7,19,4
12,13,18661221,0,-7,19,4
12,12,18661212,0,-7,19,4
1,15,18660106,0,-7,19,4
3,25,18660319,0,-7,19,11
1,25,18660109,0,-7,19,11
3,25,18660301,0,-7,20,11
3,25,18660311,0,-7,20,11
1,15,18660109,0,-7,20,4
3,8,18660309,0,-7,20,4
12,9,18661215,0,-7,20,4
2,15,18660205,0,-7,20,4
2,16,18660203,0,-7,20,4
12,10,18661214,0,-7,20,4
2,28,18660205,0,-7,20,13
3,8,18660307,0,-7,20,4
12,11,18661229,0,-7,20,4
12,12,18661213,0,-7,20,4
12,12,18661227,0,-7,20,4
12,16,18661228,0,-7,20,4
1,28,18660107,0,-7,20,13
2,25,18660203,0,-7,20,11
12,25,18661216,0,-6,20,11
12,25,18661208,0,-6,21,11
3,25,18660324,0,-6,21,11
12,16,18661210,0,-6,21,4
3,25,18660310,0,-6,21,11
2,8,18660208,0,-6,21,4
12,13,18661231,0,-6,21,4
12,10,18661215,0,-6,21,4
4,25,18660403,0,-6,21,11
12,9,18661213,0,-6,21,4
1,14,18660126,0,-6,21,4
4,25,18660404,0,-6,21,11
2,16,18660201,0,-6,21,4
3,13,18660326,0,-6,21,4
12,12,18661211,0,-6,21,4
3,8,18660308,0,-6,21,4
12,16,18661229,0,-6,21,4
12,9,18661216,0,-6,21,4
3,14,18660320,0,-6,21,4
1,14,18660124,0,-6,21,4
12,13,18661229,0,-6,21,4
12,12,18661228,0,-6,21,4
1,14,18660122,0,-6,21,4
12,10,18661212,0,-6,21,4
2,25,18660225,0,-6,21,11
2,25,18660228,0,-6,21,11
3,8,18660319,0,-6,22,4
1,25,18660117,0,-6,22,11
12,17,18661217,0,-6,22,4
1,15,18660122,0,-6,22,4
12,11,18661214,0,-6,22,4
1,16,18660123,0,-6,22,4
12,15,18661215,0,-6,22,4
3,9,18660320,0,-6,22,4
1,13,18660127,0,-6,22,4
12,11,18661215,0,-6,22,4
12,12,18661215,0,-6,22,4
2,16,18660226,0,-6,22,4
12,8,18661218,0,-6,22,4
3,9,18660317,0,-6,22,4
1,28,18660109,0,-6,22,13
12,11,18661211,0,-6,22,4
3,9,18660307,0,-6,22,4
12,16,18661230,0,-6,22,4
2,15,18660203,0,-6,22,4
3,25,18660317,0,-6,22,11
3,25,18660307,0,-6,22,11
3,25,18660326,0,-5,22,11
3,25,18660306,0,-5,22,11
11,25,18661122,0,-5,22,11
3,25,18660318,0,-5,23,11
12,25,18661214,0,-5,23,11
2,9,18660226,0,-5,23,4
12,5,18661221,0,-5,23,2
12,9,18661231,0,-5,23,4
12,14,18661218,0,-5,23,4
12,15,18661214,0,-5,23,4
12,17,18661231,0,-5,23,4
3,14,18660307,0,-5,23,4
1,13,18660124,0,-5,23,4
2,28,18660204,0,-5,23,13
12,9,18661221,0,-5,23,4
1,16,18660126,0,-5,23,4
2,16,18660202,0,-5,23,4
1,28,18660115,0,-5,23,13
3,8,18660320,0,-5,23,4
1,16,18660104,0,-5,23,4
3,16,18660307,0,-5,23,4
12,16,18661212,0,-5,23,4
12,15,18661212,0,-5,23,4
1,13,18660126,0,-5,23,4
12,5,18661222,0,-5,23,2
12,14,18661217,0,-5,23,4
12,16,18661215,0,-5,23,4
3,9,18660308,0,-5,23,4
1,28,18660121,0,-5,23,13
12,9,18661217,0,-5,23,4
12,25,18661228,0,-5,23,11
12,25,18661231,0,-5,23,11
1,25,18660131,0,-5,23,11
2,25,18660211,0,-5,23,11
3,25,18660323,0,-5,24,11
11,25,18661118,0,-5,24,11
3,25,18660302,0,-4,24,11
1,16,18660127,0,-4,24,4
12,8,18661201,0,-4,24,4
12,15,18661229,0,-4,24,4
3,13,18660320,0,-4,24,4
1,9,18660127,0,-4,24,4
1,15,18660115,0,-4,24,4
12,11,18661231,0,-4,24,4
2,8,18660209,0,-4,24,4
3,9,18660319,0,-4,24,4
12,12,18661231,0,-4,24,4
3,13,18660317,0,-4,24,4
3,16,18660309,0,-4,24,4
3,9,18660321,0,-4,24,4
2,9,18660202,0,-4,24,4
12,15,18661213,0,-4,24,4
12,16,18661213,0,-4,24,4
12,17,18661213,0,-4,24,4
1,9,18660110,0,-4,24,4
3,13,18660309,0,-4,24,4
12,12,18661214,0,-4,24,4
1,13,18660104,0,-4,24,4
1,14,18660129,0,-4,24,4
11,25,18661119,0,-4,24,11
1,13,18660125,0,-4,24,4
1,13,18660116,0,-4,24,4
12,11,18661228,0,-4,24,4
12,25,18661229,0,-4,24,11
4,25,18660402,0,-4,24,11
2,25,18660210,0,-4,24,11
11,25,18661117,0,-4,24,11
12,5,18661224,0,-4,25,2
4,25,18660409,0,-4,25,11
1,25,18660124,0,-4,25,11
2,13,18660226,0,-4,25,4
12,10,18661228,0,-4,25,4
2,13,18660220,0,-4,25,4
12,14,18661211,0,-4,25,4
3,8,18660323,0,-4,25,4
11,8,18661124,0,-4,25,4
12,14,18661212,0,-4,25,4
12,10,18661229,0,-4,25,4
3,8,18660321,0,-4,25,4
3,14,18660321,0,-4,25,4
3,13,18660308,0,-4,25,4
1,13,18660102,0,-4,25,4
12,15,18661228,0,-4,25,4
1,14,18660123,0,-4,25,4
11,8,18661122,0,-4,25,4
3,25,18660320,0,-4,25,11
12,25,18661211,0,-4,25,11
1,9,18660129,0,-4,25,4
12,10,18661213,0,-4,25,4
3,25,18660305,0,-4,25,11
12,9,18661210,0,-4,25,4
12,14,18661213,0,-4,25,4
12,15,18661220,0,-4,25,4
12,16,18661231,0,-4,25,4
12,10,18661231,0,-4,25,4
12,17,18661212,0,-4,25,4
2,9,18660203,0,-4,25,4
3,13,18660319,0,-4,25,4
1,13,18660110,0,-4,25,4
2,14,18660209,0,-4,25,4
3,14,18660319,0,-4,25,4
3,13,18660307,0,-4,25,4
1,25,18660105,0,-4,25,11
10,25,18661026,0,-4,26,11
11,25,18661124,0,-4,26,11
2,20,18660222,0,-3,26,7
2,15,18660206,0,-3,26,4
12,8,18661219,0,-3,26,4
12,11,18661213,0,-3,26,4
12,16,18661211,0,-3,26,4
12,14,18661231,0,-3,26,4
12,9,18661212,0,-3,26,4
2,28,18660203,0,-3,26,13
12,8,18661226,0,-3,26,4
2,25,18660213,0,-3,26,11
2,16,18660212,0,-3,26,4
2,8,18660205,0,-3,26,4
12,16,18661227,0,-3,26,4
1,13,18660103,0,-3,26,4
12,11,18661221,0,-3,26,4
12,10,18661211,0,-3,26,4
12,28,18661228,0,-3,26,13
12,13,18661217,0,-3,26,4
3,11,18660309,0,-3,26,4
12,10,18661221,0,-3,26,4
3,16,18660318,0,-3,26,4
1,25,18660104,0,-3,26,11
12,17,18661211,0,-3,26,4
12,11,18661212,0,-3,26,4
2,14,18660208,0,-3,26,4
1,16,18660128,0,-3,26,4
1,28,18660106,0,-3,26,13
3,25,18660325,0,-3,26,11
2,25,18660220,0,-3,26,11
2,22,18660222,0,-3,26,9
12,5,18661219,0,-3,26,2
1,25,18660106,0,-3,26,11
3,25,18660327,0,-3,27,11
12,5,18661225,0,-3,27,2
4,25,18660405,0,-3,27,11
4,25,18660408,0,-3,27,11
4,25,18660415,0,-3,27,11
11,13,18661123,0,-3,27,4
3,13,18660310,0,-3,27,4
2,14,18660227,0,-3,27,4
12,11,18661227,0,-3,27,4
12,20,18661224,0,-3,27,7
3,14,18660306,0,-3,27,4
3,13,18660306,0,-3,27,4
2,14,18660207,0,-3,27,4
3,9,18660326,0,-3,27,4
3,11,18660317,0,-3,27,4
12,13,18661218,0,-3,27,4
12,12,18661221,0,-3,27,4
3,11,18660320,0,-3,27,4
12,16,18661217,0,-3,27,4
3,9,18660306,0,-3,27,4
2,13,18660217,0,-3,27,4
9,25,18660918,0,-3,27,11
1,13,18660117,0,-3,27,4
12,5,18661215,0,-3,27,2
12,8,18661212,0,-3,27,4
1,14,18660113,0,-3,27,4
12,8,18661210,0,-3,27,4
1,14,18660110,0,-3,27,4
3,25,18660304,0,-3,27,11
10,25,18661029,0,-3,27,11
10,25,18661015,0,-3,27,11
2,25,18660221,0,-2,28,11
2,25,18660201,0,-2,28,11
12,5,18661216,0,-2,28,2
12,5,18661223,0,-2,28,2
4,25,18660401,0,-2,28,11
2,25,18660224,0,-2,28,11
2,25,18660223,0,-2,28,11
3,25,18660330,0,-2,28,11
1,25,18660116,0,-2,28,11
2,25,18660205,0,-2,28,11
2,25,18660208,0,-2,28,11
12,25,18661215,0,-2,28,11
12,16,18661216,0,-2,28,4
3,14,18660309,0,-2,28,4
12,11,18661217,0,-2,28,4
1,16,18660124,0,-2,28,4
12,15,18661231,0,-2,28,4
2,9,18660212,0,-2,28,4
12,28,18661230,0,-2,28,13
2,28,18660226,0,-2,28,13
12,12,18661225,0,-2,28,4
12,13,18661226,0,-2,28,4
12,12,18661217,0,-2,28,4
2,8,18660226,0,-2,28,4
2,28,18660207,0,-2,28,13
2,13,18660209,0,-2,28,4
12,17,18661227,0,-2,28,4
2,28,18660215,0,-2,28,13
2,13,18660208,0,-2,28,4
2,15,18660215,0,-2,28,4
3,15,18660317,0,-2,28,4
2,13,18660213,0,-2,28,4
12,28,18661229,0,-2,28,13
12,13,18661227,0,-2,28,4
1,9,18660131,0,-2,28,4
12,12,18661218,0,-2,28,4
3,16,18660304,0,-2,28,4
2,13,18660201,0,-2,28,4
12,17,18661201,0,-2,28,4
1,16,18660110,0,-2,28,4
2,13,18660207,0,-2,28,4
2,22,18660221,0,-2,28,9
1,5,18660101,0,-2,28,2
10,25,18661025,0,-2,28,11
4,25,18660421,0,-2,28,11
2,20,18660221,0,-2,28,7
4,25,18660410,0,-2,28,11
1,20,18660107,0,-2,28,7
12,25,18661209,0,-2,28,11
1,25,18660107,0,-2,29,11
2,25,18660217,0,-2,29,11
10,25,18661018,0,-2,29,11
5,25,18660502,0,-2,29,11
12,9,18661211,0,-2,29,4
3,8,18660317,0,-2,29,4
1,28,18660127,0,-2,29,13
3,9,18660305,0,-2,29,4
1,13,18660129,0,-2,29,4
2,16,18660207,0,-2,29,4
12,10,18661227,0,-2,29,4
2,14,18660201,0,-2,29,4
1,15,18660124,0,-2,29,4
2,9,18660207,0,-2,29,4
3,15,18660309,0,-2,29,4
3,16,18660319,0,-2,29,4
1,14,18660104,0,-2,29,4
3,14,18660308,0,-2,29,4
1,16,18660125,0,-2,29,4
1,15,18660125,0,-2,29,4
12,15,18661211,0,-2,29,4
1,9,18660126,0,-2,29,4
12,28,18661231,0,-2,29,13
12,28,18661214,0,-2,29,13
12,8,18661222,0,-2,29,4
12,13,18661201,0,-2,29,4
1,9,18660103,0,-2,29,4
12,16,18661225,0,-2,29,4
11,17,18661122,0,-2,29,4
3,25,18660303,0,-2,29,11
1,13,18660118,0,-2,29,4
11,8,18661123,0,-2,29,4
12,20,18661225,0,-2,29,7
3,8,18660322,0,-2,29,4
3,16,18660326,0,-2,29,4
4,25,18660406,0,-2,29,11
1,25,18660129,0,-2,29,11
1,5,18660108,0,-2,29,2
4,25,18660407,0,-2,29,11
12,5,18661226,0,-2,29,2
1,25,18660130,0,-2,29,11
1,25,18660108,0,-1,29,11
5,25,18660515,0,-1,30,11
2,25,18660206,0,-1,30,11
3,25,18660328,0,-1,30,11
11,25,18661110,0,-1,30,11
12,21,18661225,0,-1,30,8
11,20,18661130,0,-1,30,7
1,16,18660102,0,-1,30,4
3,16,18660308,0,-1,30,4
12,9,18661218,0,-1,30,4
11,8,18661121,0,-1,30,4
11,13,18661122,0,-1,30,4
10,25,18661027,0,-1,30,11
1,28,18660128,0,-1,30,13
8,25,18660811,0,-1,30,11
2,25,18660212,0,-1,30,11
3,13,18660324,0,-1,30,4
2,14,18660221,0,-1,30,4
2,14,18660213,0,-1,30,4
12,11,18661218,0,-1,30,4
3,14,18660310,0,-1,30,4
1,9,18660111,0,-1,30,4
3,11,18660308,0,-1,30,4
2,15,18660201,0,-1,30,4
11,17,18661123,0,-1,30,4
12,8,18661227,0,-1,30,4
12,25,18661227,0,-1,30,11
12,9,18661227,0,-1,30,4
12,17,18661218,0,-1,30,4
12,28,18661213,0,-1,30,13
11,17,18661124,0,-1,30,4
2,8,18660221,0,-1,30,4
1,14,18660102,0,-1,30,4
11,16,18661122,0,-1,30,4
3,16,18660321,0,-1,30,4
11,9,18661122,0,-1,30,4
1,28,18660122,0,-1,30,13
12,28,18661220,0,-1,30,13
2,28,18660206,0,-1,30,13
3,8,18660306,0,-1,30,4
1,15,18660104,0,-1,30,4
12,12,18661210,0,-1,30,4
3,13,18660321,0,-1,30,4
1,28,18660123,0,-1,30,13
12,11,18661226,0,-1,30,4
1,15,18660105,0,-1,30,4
2,15,18660209,0,-1,30,4
12,8,18661211,0,-1,30,4
12,10,18661226,0,-1,30,4
12,10,18661220,0,-1,30,4
12,17,18661226,0,-1,30,4
3,16,18660320,0,-1,30,4
12,12,18661226,0,-1,30,4
12,28,18661211,0,-1,30,13
3,15,18660320,0,-1,30,4
11,22,18661130,0,-1,30,9
12,25,18661230,0,-1,30,11
1,5,18660122,0,-1,30,2
11,25,18661123,0,-1,30,11
12,20,18661215,0,-1,30,7
1,25,18660123,0,-1,30,11
2,25,18660216,0,-1,30,11
2,21,18660222,0,-1,30,8
12,21,18661224,0,-1,30,8
11,25,18661114,0,-1,30,11
12,27,18661231,0,-1,31,12
12,22,18661225,0,-1,31,9
11,25,18661116,0,-1,31,11
2,16,18660208,0,-1,31,4
2,15,18660208,0,-1,31,4
3,16,18660305,0,-1,31,4
1,14,18660112,0,-1,31,4
2,16,18660220,0,-1,31,4
3,13,18660305,0,-1,31,4
2,13,18660219,0,-1,31,4
2,9,18660208,0,-1,31,4
2,15,18660202,0,-1,31,4
12,25,18661223,0,-1,31,11
11,8,18661105,0,-1,31,4
12,14,18661227,0,-1,31,4
12,16,18661201,0,-1,31,4
3,16,18660310,0,-1,31,4
1,25,18660103,0,-1,31,11
3,15,18660307,0,-1,31,4
1,9,18660102,0,-1,31,4
3,11,18660310,0,-1,31,4
3,16,18660306,0,-1,31,4
12,17,18661225,0,-1,31,4
1,13,18660131,0,-1,31,4
2,16,18660213,0,-1,31,4
1,5,18660105,0,-1,31,2
1,13,18660111,0,-1,31,4
2,13,18660227,0,-1,31,4
12,11,18661225,0,-1,31,4
12,13,18661219,0,-1,31,4
2,21,18660221,0,-1,31,8
3,11,18660326,0,-1,31,4
3,15,18660319,0,-1,31,4
1,14,18660119,0,-1,31,4
11,15,18661123,0,-1,31,4
3,14,18660317,0,-1,31,4
12,15,18661217,0,-1,31,4
1,25,18660121,0,-1,31,11
1,14,18660118,0,-1,31,4
1,9,18660123,0,-1,31,4
3,13,18660322,0,-1,31,4
1,14,18660116,0,-1,31,4
11,13,18661124,0,-1,31,4
3,11,18660319,0,-1,31,4
1,28,18660124,0,-1,31,13
11,9,18661123,0,-1,31,4
12,6,18661223,0,0,31,3
12,25,18661210,0,0,31,11
12,6,18661221,0,0,31,3
11,21,18661130,0,0,31,8
12,25,18661225,0,0,31,11
1,25,18660114,0,0,31,11
1,5,18660107,0,0,31,2
5,25,18660516,0,0,31,11
12,22,18661222,0,0,31,9
12,25,18661226,0,0,31,11
3,25,18660312,0,0,31,11
2,25,18660219,0,0,31,11
5,25,18660525,0,0,32,11
3,25,18660329,0,0,32,11
10,25,18661028,0,0,32,11
3,25,18660321,0,0,32,11
5,25,18660513,0,0,32,11
1,13,18660101,0,0,32,4
11,14,18661124,0,0,32,4
12,15,18661218,0,0,32,4
3,14,18660322,0,0,32,4
1,16,18660103,0,0,32,4
11,14,18661123,0,0,32,4
1,16,18660117,0,0,32,4
12,16,18661221,0,0,32,4
4,13,18660407,0,0,32,4
12,6,18661222,0,0,32,3
12,28,18661215,0,0,32,13
1,14,18660117,0,0,32,4
1,9,18660104,0,0,32,4
11,8,18661130,0,0,32,4
12,9,18661226,0,0,32,4
3,11,18660321,0,0,32,4
12,28,18661212,0,0,32,13
1,9,18660124,0,0,32,4
2,28,18660217,0,0,32,13
1,25,18660128,0,0,32,11
3,15,18660326,0,0,32,4
3,14,18660326,0,0,32,4
12,14,18661226,0,0,32,4
12,25,18661218,0,0,32,11
11,9,18661124,0,0,32,4
3,28,18660308,0,0,32,13
12,16,18661226,0,0,32,4
2,16,18660218,0,0,32,4
12,12,18661201,0,0,32,4
2,15,18660207,0,0,32,4
12,9,18661225,0,0,32,4
11,20,18661122,0,0,32,7
12,20,18661222,0,0,32,7
2,15,18660226,0,0,32,4
1,14,18660131,0,0,32,4
12,16,18661218,0,0,32,4
12,22,18661224,0,0,32,9
2,15,18660220,0,0,32,4
2,13,18660214,0,0,32,4
12,15,18661227,0,0,32,4
1,25,18660127,0,0,32,11
2,25,18660222,0,0,32,11
3,13,18660327,0,0,32,4
1,20,18660101,0,0,32,7
12,20,18661226,0,0,32,7
1,25,18660120,0,0,32,11
4,25,18660411,0,0,32,11
4,25,18660429,0,0,32,11
12,20,18661223,0,0,32,7
2,25,18660202,0,0,33,11
2,5,18660221,0,0,33,2
1,5,18660121,0,0,33,2
5,25,18660501,0,0,33,11
1,5,18660103,0,0,33,2
11,22,18661122,0,0,33,9
12,21,18661226,0,0,33,8
1,25,18660119,0,0,33,11
1,25,18660118,0,0,33,11
12,21,18661222,0,0,33,8
4,25,18660422,0,0,33,11
12,22,18661223,0,0,33,9
12,22,18661201,0,0,33,9
5,25,18660503,0,0,33,11
12,21,18661223,0,0,33,8
1,25,18660122,0,0,33,11
1,23,18660101,0,0,33,10
12,21,18661221,0,0,33,8
2,16,18660217,0,1,33,4
12,28,18661222,0,1,33,13
12,10,18661218,0,1,33,4
11,11,18661123,0,1,33,4
2,14,18660217,0,1,33,4
12,14,18661201,0,1,33,4
12,10,18661201,0,1,33,4
12,11,18661201,0,1,33,4
2,8,18660217,0,1,33,4
2,13,18660221,0,1,33,4
3,25,18660322,0,1,33,11
2,8,18660214,0,1,33,4
2,13,18660212,0,1,33,4
2,8,18660215,0,1,33,4
3,8,18660327,0,1,33,4
1,28,18660117,0,1,33,13
11,15,18661122,0,1,33,4
3,13,18660328,0,1,33,4
3,13,18660329,0,1,33,4
3,14,18660305,0,1,33,4
2,8,18660220,0,1,33,4
3,15,18660321,0,1,33,4
12,13,18661210,0,1,33,4
2,14,18660226,0,1,33,4
11,16,18661123,0,1,33,4
2,14,18660228,0,1,33,4
12,17,18661222,0,1,33,4
12,22,18661215,0,1,33,9
3,13,18660316,0,1,33,4
1,16,18660131,0,1,33,4
1,16,18660129,0,1,33,4
12,25,18661213,0,1,33,11
2,28,18660202,0,1,33,13
4,9,18660407,0,1,33,4
11,12,18661124,0,1,33,4
1,15,18660126,0,1,33,4
11,16,18661124,0,1,33,4
1,13,18660130,0,1,33,4
1,14,18660130,0,1,33,4
11,20,18661120,0,1,33,7
12,28,18661226,0,1,33,13
1,15,18660127,0,1,33,4
5,25,18660504,0,1,33,11
11,25,18661103,0,1,33,11
5,25,18660514,0,1,33,11
2,5,18660222,0,1,33,2
11,25,18661125,0,1,33,11
12,25,18661212,0,1,33,11
5,25,18660517,0,1,33,11
11,25,18661111,0,1,33,11
11,5,18661130,0,1,33,2
10,25,18661023,0,1,33,11
12,22,18661226,0,1,34,9
1,20,18660105,0,1,34,7
4,25,18660425,0,1,34,11
12,21,18661215,0,1,34,8
12,5,18661217,0,1,34,2
1,25,18660115,0,1,34,11
1,22,18660106,0,1,34,9
2,6,18660221,0,1,34,3
11,22,18661120,0,1,34,9
4,25,18660423,0,1,34,11
4,25,18660430,0,1,34,11
12,16,18661209,0,1,34,4
12,13,18661222,0,1,34,4
1,5,18660104,0,1,34,2
3,8,18660310,0,1,34,4
3,14,18660328,0,1,34,4
3,13,18660313,0,1,34,4
3,15,18660310,0,1,34,4
11,27,18661130,0,1,34,12
2,27,18660228,0,1,34,12
2,15,18660213,0,1,34,4
3,28,18660326,0,1,34,13
12,15,18661225,0,1,34,4
1,14,18660111,0,1,34,4
3,14,18660313,0,1,34,4
2,16,18660228,0,1,34,4
12,9,18661222,0,1,34,4
2,15,18660228,0,1,34,4
2,13,18660228,0,1,34,4
3,28,18660318,0,1,34,13
1,28,18660116,0,1,34,13
1,28,18660110,0,1,34,13
2,16,18660227,0,1,34,4
3,8,18660312,0,1,34,4
2,27,18660227,0,1,34,12
3,14,18660330,0,1,34,4
12,16,18661219,0,1,34,4
1,28,18660126,0,1,34,13
3,13,18660330,0,1,34,4
1,15,18660117,0,1,34,4
2,9,18660228,0,1,34,4
3,8,18660331,0,1,34,4
3,15,18660305,0,1,34,4
11,12,18661122,0,1,34,4
2,26,18660228,0,1,34,12
3,11,18660306,0,1,34,4
9,25,18660912,0,1,34,11
3,9,18660329,0,1,34,4
1,15,18660129,0,1,34,4
1,28,18660129,0,1,34,13
3,13,18660315,0,1,34,4
3,28,18660317,0,1,34,13
12,10,18661219,0,1,34,4
1,16,18660115,0,1,34,4
1,9,18660101,0,1,34,4
1,13,18660112,0,1,34,4
1,28,18660104,0,1,34,13
3,11,18660307,0,1,34,4
12,15,18661226,0,1,34,4
3,28,18660309,0,1,34,13
12,25,18661222,0,1,34,11
12,14,18661219,0,1,34,4
3,28,18660319,0,1,34,13
3,16,18660327,0,1,34,4
11,16,18661125,0,1,34,4
2,14,18660220,0,1,34,4
3,28,18660325,0,1,34,13
10,25,18661024,0,1,34,11
3,22,18660315,0,1,34,9
1,21,18660106,0,1,34,8
12,6,18661224,0,1,35,3
2,20,18660220,0,1,35,7
12,20,18661221,0,1,35,7
11,25,18661112,0,1,35,11
11,21,18661122,0,1,35,8
11,21,18661120,0,1,35,8
1,5,18660106,0,1,35,2
3,22,18660306,0,1,35,9
3,20,18660315,0,2,35,7
12,25,18661203,0,2,35,11
12,21,18661201,0,2,35,8
11,21,18661118,0,2,35,8
11,6,18661130,0,2,35,3
3,22,18660305,0,2,35,9
1,5,18660102,0,2,35,2
12,5,18661201,0,2,35,2
12,26,18661231,0,2,35,12
2,9,18660213,0,2,35,4
3,14,18660327,0,2,35,4
12,14,18661225,0,2,35,4
12,15,18661219,0,2,35,4
2,9,18660224,0,2,35,4
2,15,18660217,0,2,35,4
2,16,18660219,0,2,35,4
12,12,18661219,0,2,35,4
3,25,18660331,0,2,35,11
12,8,18661225,0,2,35,4
12,14,18661222,0,2,35,4
12,11,18661219,0,2,35,4
10,8,18661026,0,2,35,4
1,16,18660112,0,2,35,4
11,9,18661104,0,2,35,4
2,16,18660211,0,2,35,4
2,9,18660227,0,2,35,4
11,12,18661123,0,2,35,4
11,17,18661103,0,2,35,4
2,14,18660215,0,2,35,4
1,16,18660111,0,2,35,4
12,9,18661219,0,2,35,4
1,25,18660125,0,2,35,11
3,28,18660305,0,2,35,13
11,13,18661130,0,2,35,4
1,28,18660103,0,2,35,13
3,16,18660322,0,2,35,4
3,11,18660330,0,2,35,4
1,15,18660110,0,2,35,4
9,25,18660903,0,2,35,11
3,11,18660305,0,2,35,4
3,9,18660310,0,2,35,4
4,11,18660407,0,2,35,4
2,16,18660209,0,2,35,4
11,17,18661121,0,2,35,4
11,12,18661130,0,2,35,4
11,16,18661121,0,2,35,4
3,28,18660310,0,2,35,13
10,8,18661027,0,2,35,4
11,25,18661115,0,2,35,11
8,25,18660815,0,2,35,11
1,5,18660114,0,2,35,2
11,20,18661118,0,2,35,7
10,25,18661014,0,2,35,11
10,25,18661017,0,2,35,11
10,25,18661016,0,2,35,11
12,25,18661219,0,2,35,11
12,27,18661230,0,2,35,12
12,22,18661221,0,2,35,9
3,21,18660314,0,2,35,8
3,21,18660315,0,2,35,8
11,25,18661104,0,2,35,11
12,25,18661220,0,2,35,11
2,22,18660220,0,2,35,9
12,21,18661212,0,2,35,8
5,25,18660518,0,2,35,11
3,22,18660303,0,2,35,9
2,21,18660220,0,2,35,8
1,25,18660126,0,2,36,11
1,24,18660123,0,2,36,10
12,25,18661207,0,2,36,11
12,25,18661224,0,2,36,11
12,5,18661218,0,2,36,2
5,25,18660529,0,2,36,11
8,25,18660812,0,2,36,11
6,25,18660601,0,2,36,11
1,21,18660107,0,2,36,8
11,5,18661122,0,2,36,2
11,5,18661123,0,2,36,2
1,22,18660113,0,2,36,9
3,21,18660310,0,2,36,8
11,22,18661121,0,2,36,9
12,5,18661204,0,2,36,2
11,22,18661118,0,2,36,9
11,17,18661105,0,2,36,4
3,15,18660313,0,2,36,4
11,9,18661125,0,2,36,4
3,15,18660308,0,2,36,4
10,13,18661031,0,2,36,4
1,28,18660114,0,2,36,13
3,16,18660329,0,2,36,4
3,14,18660329,0,2,36,4
3,15,18660306,0,2,36,4
11,9,18661121,0,2,36,4
1,16,18660116,0,2,36,4
12,28,18661210,0,2,36,13
1,9,18660130,0,2,36,4
5,25,18660523,0,2,36,11
1,28,18660131,0,2,36,13
3,8,18660330,0,2,36,4
1,9,18660118,0,2,36,4
4,25,18660424,0,2,36,11
12,20,18661218,0,2,36,7
11,16,18661105,0,2,36,4
12,20,18661201,0,2,36,7
1,15,18660116,0,2,36,4
1,16,18660118,0,2,36,4
11,13,18661121,0,2,36,4
1,16,18660101,0,2,36,4
3,16,18660328,0,2,36,4
12,27,18661219,0,2,36,12
11,8,18661103,0,2,36,4
2,28,18660209,0,2,36,13
12,13,18661225,0,2,36,4
1,15,18660111,0,2,36,4
1,28,18660125,0,2,36,13
11,15,18661124,0,2,36,4
1,28,18660102,0,2,36,13
3,14,18660323,0,2,36,4
3,8,18660328,0,2,36,4
3,15,18660328,0,2,36,4
3,9,18660328,0,2,36,4
3,14,18660312,0,2,36,4
12,17,18661219,0,2,36,4
2,14,18660212,0,2,36,4
11,11,18661122,0,2,36,4
3,9,18660309,0,2,36,4
11,16,18661104,0,2,36,4
3,8,18660324,0,2,36,4
11,14,18661122,0,2,36,4
3,14,18660324,0,2,36,4
12,22,18661212,0,2,36,9
3,21,18660306,0,2,36,8
3,21,18660305,0,2,36,8
3,5,18660315,0,2,36,2
11,20,18661121,0,2,36,7
1,5,18660109,0,2,36,2
12,24,18661219,0,2,36,10
1,22,18660107,0,2,36,9
1,27,18660110,0,2,36,12
5,25,18660531,0,2,36,11
1,24,18660104,0,2,36,10
12,6,18661231,0,2,36,3
12,25,18661221,0,2,36,11
11,20,18661119,0,2,36,7
2,20,18660219,0,2,36,7
7,25,18660720,0,2,36,11
3,22,18660310,0,2,36,9
12,5,18661203,0,2,36,2
11,20,18661128,0,2,36,7
11,20,18661129,0,2,36,7
1,20,18660113,0,2,36,7
12,5,18661202,0,3,37,2
3,22,18660314,0,3,37,9
3,21,18660303,0,3,37,8
5,25,18660512,0,3,37,11
10,25,18661013,0,3,37,11
12,6,18661225,0,3,37,3
1,22,18660105,0,3,37,9
1,23,18660123,0,3,37,10
12,20,18661209,0,3,37,7
9,25,18660911,0,3,37,11
12,15,18661201,0,3,37,4
11,11,18661124,0,3,37,4
3,8,18660326,0,3,37,4
3,8,18660313,0,3,37,4
3,20,18660316,0,3,37,7
12,24,18661205,0,3,37,10
3,8,18660305,0,3,37,4
3,16,18660315,0,3,37,4
11,20,18661123,0,3,37,7
2,14,18660219,0,3,37,4
3,13,18660312,0,3,37,4
12,22,18661209,0,3,37,9
12,14,18661206,0,3,37,4
12,28,18661217,0,3,37,13
2,28,18660225,0,3,37,13
3,15,18660324,0,3,37,4
3,16,18660324,0,3,37,4
2,15,18660227,0,3,37,4
3,13,18660323,0,3,37,4
11,21,18661121,0,3,37,8
3,14,18660331,0,3,37,4
11,8,18661126,0,3,37,4
3,8,18660315,0,3,37,4
11,8,18661117,0,3,37,4
3,16,18660323,0,3,37,4
3,9,18660322,0,3,37,4
12,11,18661222,0,3,37,4
12,20,18661212,0,3,37,7
3,11,18660328,0,3,37,4
12,10,18661222,0,3,37,4
1,21,18660113,0,3,37,8
1,15,18660131,0,3,37,4
1,20,18660106,0,3,37,7
1,14,18660103,0,3,37,4
1,26,18660110,0,3,37,12
1,23,18660122,0,3,37,10
1,13,18660113,0,3,37,4
11,8,18661102,0,3,37,4
1,9,18660119,0,3,37,4
1,5,18660128,0,3,37,2
2,9,18660209,0,3,37,4
12,16,18661224,0,3,37,4
2,28,18660208,0,3,37,13
2,14,18660214,0,3,37,4
2,15,18660212,0,3,37,4
1,14,18660101,0,3,37,4
1,26,18660111,0,3,37,12
11,14,18661105,0,3,37,4
2,16,18660214,0,3,37,4
12,9,18661224,0,3,37,4
10,25,18661030,0,3,37,11
12,21,18661209,0,3,37,8
11,5,18661129,0,3,37,2
5,25,18660530,0,3,37,11
3,21,18660321,0,3,37,8
11,22,18661129,0,3,37,9
3,20,18660311,0,3,37,7
12,5,18661220,0,3,37,2
12,20,18661203,0,3,37,7
1,24,18660101,0,3,37,10
11,22,18661123,0,3,37,9
4,25,18660420,0,3,37,11
2,20,18660223,0,3,37,7
11,22,18661128,0,3,37,9
3,5,18660330,0,3,37,2
3,22,18660323,0,3,37,9
1,23,18660121,0,3,37,10
1,24,18660109,0,3,37,10
12,20,18661216,0,3,37,7
11,22,18661119,0,3,37,9
1,5,18660120,0,3,38,2
12,5,18661205,0,3,38,2
11,5,18661120,0,3,38,2
1,21,18660105,0,3,38,8
2,21,18660214,0,3,38,8
10,25,18661012,0,3,38,11
8,25,18660801,0,3,38,11
11,6,18661120,0,3,38,3
3,27,18660302,0,3,38,12
10,25,18661019,0,3,38,11
1,23,18660120,0,3,38,10
11,25,18661109,0,3,38,11
2,23,18660210,0,3,38,10
12,28,18661227,0,3,38,13
2,14,18660210,0,3,38,4
11,13,18661103,0,3,38,4
11,14,18661103,0,3,38,4
3,21,18660323,0,3,38,8
11,12,18661121,0,3,38,4
12,17,18661206,0,3,38,4
10,13,18661024,0,3,38,4
2,5,18660226,0,3,38,2
2,13,18660210,0,3,38,4
11,9,18661105,0,3,38,4
11,28,18661125,0,3,38,13
1,28,18660111,0,3,38,13
12,12,18661222,0,3,38,4
12,16,18661222,0,3,38,4
11,13,18661105,0,3,38,4
3,22,18660321,0,3,38,9
1,15,18660112,0,3,38,4
4,28,18660408,0,3,38,13
3,16,18660313,0,3,38,4
12,8,18661203,0,3,38,4
3,9,18660327,0,3,38,4
3,11,18660327,0,3,38,4
1,16,18660130,0,3,38,4
1,6,18660109,0,3,38,3
12,19,18661231,0,3,38,6
3,16,18660312,0,3,38,4
3,13,18660314,0,3,38,4
3,16,18660311,0,3,38,4
11,13,18661117,0,3,38,4
1,9,18660116,0,3,38,4
3,15,18660314,0,3,38,4
3,16,18660314,0,3,38,4
4,13,18660402,0,3,38,4
1,15,18660103,0,3,38,4
3,11,18660316,0,3,38,4
1,16,18660113,0,3,38,4
10,17,18661031,0,3,38,4
3,13,18660331,0,3,38,4
3,14,18660316,0,3,38,4
1,28,18660101,0,3,38,13
3,26,18660304,0,3,38,12
4,25,18660414,0,3,38,11
12,16,18661202,0,3,38,4
3,26,18660303,0,3,38,12
1,15,18660119,0,3,38,4
11,17,18661102,0,3,38,4
1,24,18660113,0,3,38,10
1,22,18660110,0,3,38,9
3,11,18660322,0,3,38,4
4,17,18660407,0,3,38,4
11,21,18661128,0,3,38,8
4,14,18660407,0,3,38,4
4,8,18660407,0,3,38,4
12,8,18661224,0,3,38,4
12,13,18661224,0,3,38,4
1,23,18660109,0,3,38,10
11,8,18661127,0,3,38,4
2,28,18660218,0,3,38,13
2,15,18660219,0,3,38,4
4,16,18660407,0,3,38,4
12,9,18661223,0,3,38,4
11,5,18661121,0,3,38,2
3,21,18660309,0,3,38,8
10,25,18661004,0,3,38,11
2,5,18660223,0,3,38,2
2,27,18660216,0,3,38,12
1,24,18660111,0,3,38,10
12,20,18661202,0,3,38,7
3,20,18660331,0,3,38,7
1,20,18660102,0,3,38,7
3,22,18660309,0,4,38,9
3,22,18660322,0,4,38,9
2,22,18660214,0,4,38,9
3,21,18660322,0,4,38,8
5,25,18660520,0,4,38,11
1,21,18660110,0,4,38,8
1,6,18660112,0,4,38,3
2,6,18660228,0,4,38,3
12,24,18661227,0,4,38,10
12,5,18661209,0,4,38,2
11,21,18661129,0,4,38,8
10,25,18661003,0,4,38,11
1,5,18660113,0,4,38,2
11,27,18661118,0,4,38,12
1,24,18660108,0,4,38,10
12,22,18661202,0,4,38,9
11,25,18661102,0,4,38,11
1,24,18660127,0,4,38,10
2,25,18660207,0,4,39,11
9,25,18660928,0,4,39,11
2,20,18660215,0,4,39,7
1,20,18660103,0,4,39,7
5,25,18660505,0,4,39,11
2,27,18660217,0,4,39,12
9,25,18660926,0,4,39,11
1,23,18660107,0,4,39,10
1,5,18660110,0,4,39,2
1,5,18660123,0,4,39,2
9,25,18660909,0,4,39,11
2,27,18660226,0,4,39,12
5,25,18660519,0,4,39,11
11,27,18661119,0,4,39,12
1,23,18660103,0,4,39,10
1,20,18660110,0,4,39,7
1,5,18660116,0,4,39,2
9,25,18660930,0,4,39,11
1,23,18660106,0,4,39,10
11,15,18661121,0,4,39,4
2,28,18660210,0,4,39,13
3,14,18660314,0,4,39,4
3,15,18660315,0,4,39,4
12,28,18661202,0,4,39,13
3,27,18660301,0,4,39,12
3,6,18660301,0,4,39,3
9,25,18660925,0,4,39,11
11,9,18661103,0,4,39,4
2,16,18660210,0,4,39,4
3,14,18660315,0,4,39,4
1,9,18660125,0,4,39,4
2,26,18660227,0,4,39,12
11,14,18661121,0,4,39,4
2,8,18660228,0,4,39,4
12,17,18661224,0,4,39,4
3,8,18660314,0,4,39,4
10,13,18661026,0,4,39,4
2,9,18660219,0,4,39,4
3,15,18660329,0,4,39,4
3,22,18660318,0,4,39,9
3,11,18660329,0,4,39,4
3,11,18660324,0,4,39,4
12,20,18661229,0,4,39,7
3,15,18660330,0,4,39,4
3,16,18660330,0,4,39,4
12,9,18661201,0,4,39,4
4,15,18660407,0,4,39,4
11,16,18661130,0,4,39,4
3,5,18660311,0,4,39,2
3,9,18660331,0,4,39,4
4,8,18660425,0,4,39,4
2,9,18660220,0,4,39,4
11,17,18661117,0,4,39,4
1,28,18660130,0,4,39,13
3,16,18660316,0,4,39,4
12,9,18661209,0,4,39,4
2,8,18660227,0,4,39,4
10,13,18661025,0,4,39,4
2,8,18660212,0,4,39,4
1,15,18660101,0,4,39,4
11,17,18661106,0,4,39,4
12,8,18661206,0,4,39,4
2,26,18660212,0,4,39,12
3,15,18660322,0,4,39,4
11,11,18661130,0,4,39,4
8,25,18660814,0,4,39,11
12,26,18661230,0,4,39,12
4,17,18660424,0,4,39,4
11,13,18661126,0,4,39,4
12,9,18661206,0,4,39,4
12,20,18661217,0,4,39,7
1,20,18660104,0,4,39,7
12,20,18661220,0,4,39,7
11,21,18661119,0,4,39,8
2,21,18660219,0,4,39,8
12,24,18661231,0,4,39,10
3,22,18660311,0,4,39,9
1,24,18660102,0,4,39,10
1,24,18660122,0,4,39,10
1,23,18660102,0,4,39,10
4,25,18660427,0,4,39,11
11,20,18661125,0,4,39,7
5,25,18660524,0,4,39,11
12,21,18661202,0,4,39,8
12,20,18661227,0,4,39,7
12,21,18661231,0,4,39,8
12,22,18661231,0,4,39,9
6,25,18660602,0,4,39,11
2,20,18660214,0,4,39,7
12,20,18661231,0,4,39,7
11,21,18661123,0,4,39,8
5,25,18660522,0,4,39,11
11,22,18661126,0,4,39,9
1,5,18660111,0,4,39,2
3,22,18660316,0,4,39,9
12,22,18661203,0,4,39,9
12,6,18661220,0,4,39,3
2,5,18660201,0,4,39,2
2,25,18660209,0,4,40,11
3,27,18660319,0,4,40,12
4,25,18660426,0,4,40,11
11,24,18661130,0,4,40,10
1,20,18660128,0,4,40,7
11,20,18661124,0,4,40,7
3,20,18660323,0,4,40,7
9,25,18660920,0,4,40,11
3,21,18660311,0,4,40,8
3,22,18660320,0,4,40,9
11,22,18661125,0,4,40,9
1,22,18660111,0,4,40,9
12,22,18661229,0,4,40,9
12,20,18661228,0,4,40,7
2,22,18660219,0,4,40,9
1,22,18660102,0,4,40,9
1,5,18660115,0,4,40,2
12,28,18661216,0,4,40,13
10,9,18661025,0,4,40,4
10,8,18661031,0,4,40,4
11,21,18661127,0,4,40,8
10,17,18661027,0,4,40,4
3,28,18660306,0,4,40,13
10,17,18661026,0,4,40,4
11,25,18661113,0,4,40,11
9,25,18660929,0,4,40,11
3,20,18660317,0,4,40,7
3,15,18660327,0,4,40,4
8,25,18660831,0,4,40,11
12,13,18661206,0,4,40,4
12,5,18661227,0,4,40,2
4,17,18660406,0,4,40,4
12,11,18661210,0,4,40,4
12,10,18661217,0,4,40,4
5,13,18660502,0,4,40,4
3,26,18660305,0,4,40,12
11,9,18661117,0,4,40,4
2,26,18660216,0,4,40,12
1,26,18660104,0,4,40,12
3,28,18660307,0,4,40,13
10,8,18661029,0,4,40,4
2,28,18660213,0,4,40,13
4,13,18660425,0,4,40,4
12,15,18661222,0,4,40,4
3,20,18660321,0,4,40,7
11,12,18661116,0,4,40,4
12,28,18661219,0,4,40,13
3,16,18660331,0,4,40,4
3,27,18660304,0,4,40,12
2,28,18660201,0,4,40,13
2,8,18660213,0,4,40,4
1,27,18660111,0,4,40,12
11,12,18661129,0,4,40,4
3,8,18660316,0,4,40,4
1,15,18660130,0,4,40,4
11,28,18661105,0,4,40,13
11,28,18661126,0,4,40,13
11,8,18661113,0,4,40,4
12,28,18661203,0,4,40,13
2,16,18660221,0,4,40,4
12,13,18661204,0,4,40,4
2,8,18660219,0,4,40,4
11,6,18661119,0,4,40,3
3,9,18660323,0,4,40,4
4,11,18660402,0,4,40,4
11,27,18661129,0,4,40,12
3,28,18660320,0,4,40,13
2,9,18660221,0,4,40,4
10,14,18661025,0,4,40,4
2,15,18660214,0,4,40,4
12,8,18661205,0,4,40,4
3,9,18660315,0,4,40,4
2,26,18660226,0,4,40,12
11,8,18661112,0,4,40,4
1,28,18660112,0,4,40,13
3,5,18660321,0,4,40,2
4,17,18660425,0,4,40,4
1,26,18660108,0,4,40,12
10,17,18661025,0,4,40,4
4,16,18660408,0,4,40,4
11,5,18661128,0,4,40,2
12,22,18661220,0,4,40,9
6,25,18660604,0,4,40,11
12,21,18661229,0,4,40,8
11,22,18661127,0,4,40,9
12,21,18661203,0,4,40,8
1,22,18660103,0,4,40,9
11,20,18661127,0,4,40,7
11,21,18661126,0,4,40,8
1,24,18660107,0,5,40,10
11,22,18661115,0,5,40,9
11,5,18661111,0,5,40,2
2,6,18660213,0,5,40,3
5,25,18660521,0,5,40,11
1,20,18660108,0,5,40,7
11,6,18661117,0,5,40,3
9,25,18660927,0,5,40,11
1,23,18660104,0,5,40,10
10,25,18661001,0,5,40,11
12,24,18661202,0,5,40,10
9,25,18660917,0,5,40,11
2,23,18660207,0,5,40,10
2,23,18660209,0,5,40,10
12,24,18661212,0,5,41,10
3,22,18660328,0,5,41,9
12,23,18661231,0,5,41,10
1,23,18660108,0,5,41,10
2,22,18660223,0,5,41,9
11,21,18661125,0,5,41,8
10,25,18661010,0,5,41,11
1,6,18660127,0,5,41,3
2,27,18660218,0,5,41,12
2,22,18660215,0,5,41,9
3,27,18660305,0,5,41,12
11,6,18661129,0,5,41,3
5,25,18660527,0,5,41,11
3,6,18660309,0,5,41,3
10,25,18661022,0,5,41,11
7,25,18660725,0,5,41,11
1,27,18660108,0,5,41,12
3,20,18660310,0,5,41,7
12,22,18661217,0,5,41,9
11,20,18661115,0,5,41,7
1,21,18660102,0,5,41,8
3,5,18660329,0,5,41,2
9,25,18660923,0,5,41,11
1,24,18660112,0,5,41,10
3,20,18660328,0,5,41,7
1,24,18660126,0,5,41,10
2,27,18660212,0,5,41,12
10,20,18661027,0,5,41,7
10,25,18661009,0,5,41,11
1,24,18660103,0,5,41,10
12,26,18661229,0,5,41,12
2,9,18660214,0,5,41,4
10,5,18661026,0,5,41,2
2,9,18660217,0,5,41,4
4,16,18660401,0,5,41,4
2,15,18660221,0,5,41,4
3,9,18660330,0,5,41,4
11,17,18661116,0,5,41,4
11,16,18661103,0,5,41,4
7,25,18660708,0,5,41,11
11,16,18661116,0,5,41,4
10,9,18661027,0,5,41,4
1,28,18660118,0,5,41,13
10,9,18661024,0,5,41,4
12,12,18661224,0,5,41,4
2,26,18660214,0,5,41,12
2,23,18660208,0,5,41,10
1,9,18660117,0,5,41,4
11,11,18661117,0,5,41,4
11,17,18661126,0,5,41,4
12,9,18661202,0,5,41,4
2,5,18660220,0,5,41,2
4,16,18660402,0,5,41,4
12,9,18661204,0,5,41,4
12,22,18661228,0,5,41,9
11,9,18661130,0,5,41,4
3,11,18660311,0,5,41,4
10,16,18661031,0,5,41,4
12,8,18661204,0,5,41,4
10,11,18661031,0,5,41,4
12,24,18661230,0,5,41,10
12,10,18661210,0,5,41,4
2,28,18660228,0,5,41,13
2,23,18660215,0,5,41,10
3,26,18660306,0,5,41,12
3,26,18660301,0,5,41,12
10,25,18661005,0,5,41,11
1,26,18660109,0,5,41,12
11,5,18661118,0,5,41,2
3,9,18660312,0,5,41,4
12,16,18661223,0,5,41,4
10,9,18661026,0,5,41,4
11,14,18661106,0,5,41,4
3,15,18660301,0,5,41,4
3,27,18660313,0,5,41,12
1,22,18660101,0,5,41,9
12,22,18661211,0,5,41,9
1,20,18660127,0,5,41,7
11,20,18661111,0,5,41,7
6,25,18660614,0,5,41,11
8,25,18660803,0,5,41,11
1,24,18660121,0,5,41,10
3,27,18660303,0,5,41,12
3,6,18660305,0,5,41,3
11,23,18661130,0,5,41,10
3,6,18660314,0,5,41,3
3,27,18660312,0,5,41,12
10,25,18661031,0,5,41,11
2,24,18660210,0,5,41,10
3,20,18660322,0,5,42,7
3,20,18660327,0,5,42,7
12,22,18661227,0,5,42,9
12,22,18661216,0,5,42,9
11,20,18661126,0,5,42,7
6,25,18660617,0,5,42,11
2,23,18660211,0,5,42,10
10,25,18661002,0,5,42,11
10,25,18661011,0,5,42,11
12,21,18661228,0,5,42,8
1,22,18660127,0,5,42,9
11,22,18661111,0,5,42,9
12,27,18661229,0,5,42,12
12,6,18661201,0,5,42,3
2,21,18660223,0,5,42,8
12,20,18661211,0,5,42,7
12,21,18661217,0,5,42,8
4,27,18660430,0,5,42,12
1,23,18660124,0,5,42,10
1,22,18660131,0,5,42,9
1,21,18660112,0,5,42,8
1,21,18660104,0,5,42,8
12,6,18661202,0,5,42,3
11,21,18661124,0,5,42,8
1,21,18660111,0,5,42,8
1,20,18660131,0,5,42,7
1,27,18660125,0,6,42,12
1,23,18660105,0,6,42,10
1,20,18660111,0,6,42,7
3,6,18660302,0,6,42,3
1,22,18660112,0,6,42,9
3,22,18660304,0,6,42,9
9,25,18660901,0,6,42,11
11,22,18661124,0,6,42,9
6,25,18660615,0,6,42,11
2,27,18660219,0,6,42,12
1,20,18660114,0,6,42,7
12,21,18661227,0,6,42,8
12,6,18661208,0,6,42,3
12,5,18661211,0,6,42,2
3,26,18660302,0,6,42,12
12,6,18661230,0,6,42,3
2,26,18660217,0,6,42,12
3,15,18660316,0,6,42,4
12,10,18661224,0,6,42,4
3,11,18660313,0,6,42,4
11,16,18661102,0,6,42,4
10,12,18661024,0,6,42,4
2,5,18660224,0,6,42,2
4,15,18660402,0,6,42,4
12,24,18661203,0,6,42,10
3,11,18660315,0,6,42,4
11,25,18661105,0,6,42,11
2,28,18660227,0,6,42,13
12,17,18661203,0,6,42,4
2,26,18660218,0,6,42,12
4,15,18660403,0,6,42,4
10,8,18661024,0,6,42,4
1,15,18660118,0,6,42,4
11,12,18661103,0,6,42,4
8,25,18660813,0,6,42,11
2,22,18660228,0,6,42,9
12,14,18661203,0,6,42,4
12,13,18661203,0,6,42,4
3,8,18660301,0,6,42,4
11,15,18661105,0,6,42,4
11,17,18661113,0,6,42,4
12,10,18661205,0,6,42,4
3,5,18660316,0,6,42,2
2,28,18660220,0,6,42,13
1,21,18660103,0,6,42,8
3,26,18660319,0,6,42,12
2,13,18660222,0,6,42,4
12,14,18661224,0,6,42,4
10,15,18661031,0,6,42,4
1,15,18660102,0,6,42,4
10,13,18661030,0,6,42,4
2,24,18660211,0,6,42,10
12,28,18661225,0,6,42,13
3,9,18660324,0,6,42,4
2,6,18660220,0,6,42,3
11,12,18661105,0,6,42,4
1,26,18660105,0,6,42,12
11,15,18661130,0,6,42,4
11,14,18661126,0,6,42,4
2,20,18660225,0,6,42,7
10,9,18661031,0,6,42,4
3,22,18660324,0,6,42,9
3,11,18660331,0,6,42,4
1,24,18660106,0,6,42,10
3,27,18660309,0,6,42,12
4,13,18660424,0,6,42,4
1,24,18660114,0,6,42,10
3,28,18660327,0,6,42,13
12,13,18661205,0,6,42,4
5,9,18660502,0,6,42,4
4,16,18660406,0,6,42,4
3,11,18660312,0,6,42,4
10,12,18661031,0,6,42,4
12,24,18661204,0,6,42,10
12,23,18661203,0,6,42,10
12,24,18661225,0,6,42,10
2,22,18660213,0,6,42,9
7,25,18660730,0,6,42,11
11,25,18661108,0,6,42,11
2,5,18660225,0,6,42,2
12,5,18661231,0,6,42,2
12,27,18661220,0,6,42,12
2,23,18660225,0,6,42,10
2,27,18660225,0,6,42,12
12,25,18661204,0,6,42,11
3,20,18660304,0,6,42,7
12,20,18661219,0,6,42,7
3,5,18660328,0,6,42,2
11,25,18661106,0,6,42,11
11,21,18661111,0,6,42,8
3,22,18660301,0,6,42,9
12,6,18661211,0,6,42,3
4,5,18660423,0,6,43,2
10,5,18661027,0,6,43,2
11,6,18661121,0,6,43,3
1,5,18660112,0,6,43,2
12,25,18661205,0,6,43,11
12,24,18661210,0,6,43,10
10,25,18661020,0,6,43,11
2,23,18660206,0,6,43,10
2,21,18660225,0,6,43,8
10,22,18661026,0,6,43,9
1,22,18660104,0,6,43,9
12,5,18661229,0,6,43,2
3,21,18660320,0,6,43,8
8,25,18660829,0,6,43,11
1,20,18660124,0,6,43,7
1,24,18660120,0,6,43,10
1,21,18660126,0,6,43,8
1,22,18660109,0,6,43,9
1,20,18660125,0,6,43,7
7,25,18660703,0,6,43,11
1,23,18660115,0,6,43,10
3,20,18660329,0,6,43,7
12,23,18661201,0,6,43,10
3,6,18660310,0,6,43,3
2,22,18660225,0,6,43,9
1,21,18660131,0,6,43,8
3,22,18660327,0,6,43,9
2,21,18660213,0,6,43,8
2,21,18660215,0,6,43,8
2,5,18660219,0,6,43,2
2,24,18660208,0,6,43,10
3,22,18660312,0,6,43,9
3,5,18660304,0,6,43,2
11,5,18661127,0,6,43,2
3,6,18660304,0,6,43,3
9,25,18660924,0,6,43,11
12,24,18661216,0,6,43,10
2,24,18660215,0,6,43,10
2,5,18660214,0,6,43,2
1,22,18660108,0,6,43,9
3,20,18660314,0,6,43,7
3,15,18660323,0,6,43,4
2,27,18660220,0,6,43,12
4,14,18660424,0,6,43,4
3,19,18660301,0,6,43,6
12,8,18661207,0,6,43,4
3,14,18660301,0,6,43,4
11,8,18661101,0,6,43,4
2,15,18660210,0,6,43,4
3,16,18660301,0,6,43,4
11,13,18661113,0,6,43,4
3,26,18660307,0,6,43,12
3,27,18660307,0,6,43,12
11,9,18661116,0,6,43,4
4,14,18660425,0,6,43,4
3,14,18660302,0,6,43,4
12,26,18661207,0,6,43,12
5,13,18660501,0,6,43,4
12,22,18661210,0,6,43,9
1,22,18660126,0,6,43,9
1,15,18660113,0,6,43,4
10,8,18661030,0,6,43,4
10,16,18661025,0,6,43,4
3,27,18660306,0,6,43,12
3,14,18660303,0,6,43,4
1,9,18660120,0,6,43,4
10,13,18661027,0,6,43,4
4,17,18660426,0,6,43,4
11,17,18661112,0,6,43,4
11,14,18661117,0,6,43,4
1,6,18660101,0,6,43,3
11,13,18661106,0,6,43,4
10,14,18661026,0,6,43,4
11,22,18661110,0,6,43,9
2,28,18660221,0,6,43,13
3,27,18660320,0,6,43,12
3,9,18660316,0,6,43,4
11,16,18661126,0,6,43,4
2,27,18660213,0,6,43,12
12,28,18661218,0,6,43,13
3,9,18660314,0,6,43,4
12,10,18661206,0,6,43,4
11,13,18661119,0,6,43,4
11,26,18661118,0,6,43,12
4,9,18660425,0,6,43,4
12,15,18661206,0,6,43,4
12,16,18661206,0,6,43,4
1,20,18660112,0,6,43,7
12,16,18661203,0,6,43,4
2,20,18660227,0,6,43,7
11,13,18661120,0,6,43,4
1,27,18660109,0,6,43,12
10,8,18661025,0,6,43,4
2,26,18660211,0,6,43,12
1,13,18660119,0,6,43,4
1,5,18660124,0,6,43,2
10,21,18661026,0,6,43,8
11,12,18661120,0,6,43,4
2,9,18660201,0,6,43,4
11,26,18661116,0,6,43,12
12,6,18661214,0,6,43,3
11,25,18661107,0,6,43,11
12,24,18661211,0,6,43,10
2,20,18660226,0,6,43,7
12,23,18661205,0,6,43,10
1,20,18660126,0,6,43,7
4,25,18660413,0,6,43,11
12,20,18661210,0,6,43,7
5,25,18660528,0,6,43,11
3,6,18660308,0,6,43,3
10,6,18661027,0,6,43,3
10,20,18661029,0,6,43,7
10,20,18661026,0,6,43,7
1,23,18660126,0,6,43,10
9,25,18660922,0,6,43,11
1,23,18660113,0,6,43,10
2,20,18660216,0,6,43,7
1,22,18660117,0,6,43,9
1,24,18660115,0,6,43,10
2,6,18660214,0,6,43,3
1,24,18660119,0,6,43,10
3,21,18660326,0,6,43,8
11,5,18661124,0,6,43,2
4,21,18660430,0,6,43,8
1,6,18660106,0,6,43,3
2,22,18660216,0,6,43,9
3,24,18660317,0,6,43,10
10,5,18661024,0,6,43,2
1,21,18660109,0,6,43,8
3,5,18660312,0,6,43,2
3,22,18660326,0,6,43,9
3,22,18660329,0,6,43,9
8,25,18660830,0,6,43,11
2,5,18660215,0,6,43,2
1,22,18660125,0,6,43,9
8,25,18660828,0,6,43,11
12,27,18661207,0,6,43,12
10,22,18661028,0,6,43,9
12,24,18661214,0,6,43,10
3,24,18660319,0,6,44,10
4,25,18660412,0,6,44,11
2,21,18660218,0,6,44,8
8,25,18660822,0,6,44,11
3,6,18660303,0,6,44,3
1,21,18660108,0,6,44,8
1,23,18660114,0,6,44,10
10,20,18661028,0,6,44,7
3,5,18660322,0,6,44,2
3,6,18660306,0,6,44,3
12,23,18661202,0,6,44,10
11,5,18661119,0,6,44,2
2,22,18660204,0,6,44,9
3,6,18660313,0,6,44,3
10,5,18661028,0,6,44,2
12,24,18661221,0,6,44,10
2,5,18660213,0,6,44,2
10,22,18661027,0,6,44,9
11,5,18661126,0,6,44,2
3,20,18660318,0,6,44,7
2,20,18660201,0,6,44,7
2,6,18660218,0,6,44,3
11,5,18661125,0,7,44,2
11,6,18661128,0,7,44,3
1,24,18660105,0,7,44,10
11,27,18661127,0,7,44,12
10,25,18661007,0,7,44,11
1,27,18660105,0,7,44,12
12,22,18661230,0,7,44,9
12,21,18661220,0,7,44,8
6,25,18660603,0,7,44,11
2,27,18660211,0,7,44,12
11,27,18661120,0,7,44,12
12,24,18661207,0,7,44,10
12,27,18661221,0,7,44,12
2,21,18660216,0,7,44,8
3,27,18660318,0,7,44,12
1,22,18660130,0,7,44,9
2,14,18660223,0,7,44,4
4,14,18660402,0,7,44,4
10,11,18661026,0,7,44,4
12,26,18661201,0,7,44,12
2,13,18660223,0,7,44,4
3,26,18660314,0,7,44,12
2,16,18660222,0,7,44,4
3,11,18660314,0,7,44,4
12,9,18661203,0,7,44,4
11,17,18661130,0,7,44,4
11,8,18661114,0,7,44,4
1,27,18660104,0,7,44,12
11,9,18661120,0,7,44,4
1,16,18660119,0,7,44,4
2,6,18660222,0,7,44,3
11,28,18661122,0,7,44,13
2,23,18660221,0,7,44,10
2,28,18660214,0,7,44,13
1,26,18660128,0,7,44,12
5,25,18660508,0,7,44,11
11,24,18661129,0,7,44,10
5,16,18660501,0,7,44,4
9,25,18660910,0,7,44,11
11,9,18661112,0,7,44,4
11,15,18661103,0,7,44,4
4,8,18660426,0,7,44,4
10,14,18661027,0,7,44,4
2,26,18660210,0,7,44,12
11,11,18661103,0,7,44,4
5,8,18660503,0,7,44,4
12,24,18661206,0,7,44,10
2,24,18660201,0,7,44,10
11,9,18661102,0,7,44,4
5,17,18660502,0,7,44,4
3,20,18660306,0,7,44,7
2,14,18660224,0,7,44,4
11,28,18661123,0,7,44,13
2,8,18660210,0,7,44,4
2,13,18660224,0,7,44,4
11,16,18661117,0,7,44,4
3,28,18660311,0,7,44,13
1,20,18660117,0,7,44,7
11,9,18661126,0,7,44,4
11,9,18661118,0,7,44,4
2,20,18660224,0,7,44,7
11,16,18661120,0,7,44,4
12,28,18661201,0,7,44,13
1,28,18660119,0,7,44,13
2,26,18660219,0,7,44,12
2,28,18660219,0,7,44,13
4,17,18660427,0,7,44,4
12,28,18661223,0,7,44,13
12,15,18661210,0,7,44,4
12,12,18661205,0,7,44,4
1,16,18660120,0,7,44,4
12,17,18661210,0,7,44,4
3,26,18660320,0,7,44,12
12,17,18661205,0,7,44,4
4,13,18660406,0,7,44,4
3,16,18660302,0,7,44,4
11,14,18661113,0,7,44,4
12,16,18661204,0,7,44,4
12,11,18661224,0,7,44,4
12,17,18661204,0,7,44,4
11,16,18661106,0,7,44,4
10,21,18661027,0,7,44,8
3,22,18660302,0,7,44,9
12,24,18661208,0,7,44,10
1,21,18660124,0,7,44,8
4,21,18660422,0,7,44,8
3,23,18660309,0,7,44,10
11,6,18661123,0,7,44,3
1,23,18660116,0,7,44,10
3,6,18660320,0,7,44,3
2,22,18660218,0,7,44,9
1,5,18660131,0,7,44,2
1,23,18660125,0,7,44,10
11,6,18661127,0,7,44,3
3,21,18660316,0,7,44,8
12,21,18661211,0,7,44,8
3,21,18660307,0,7,44,8
12,22,18661218,0,7,44,9
1,23,18660127,0,7,44,10
1,6,18660125,0,7,44,3
1,22,18660124,0,7,44,9
11,6,18661122,0,7,44,3
3,6,18660311,0,7,44,3
1,21,18660117,0,7,44,8
12,24,18661213,0,7,44,10
3,6,18660312,0,7,44,3
11,20,18661110,0,7,44,7
3,21,18660308,0,7,44,8
1,5,18660127,0,7,44,2
2,21,18660224,0,7,44,8
4,25,18660418,0,7,44,11
10,25,18661008,0,7,44,11
2,22,18660226,0,7,44,9
1,6,18660110,0,7,44,3
2,20,18660204,0,7,44,7
12,25,18661206,0,7,44,11
2,20,18660218,0,7,44,7
2,20,18660209,0,7,44,7
2,21,18660204,0,7,44,8
2,23,18660201,0,7,45,10
12,23,18661212,0,7,45,10
3,6,18660322,0,7,45,3
9,25,18660916,0,7,45,11
2,6,18660219,0,7,45,3
3,21,18660328,0,7,45,8
2,23,18660204,0,7,45,10
2,22,18660224,0,7,45,9
3,21,18660327,0,7,45,8
12,21,18661230,0,7,45,8
3,22,18660317,0,7,45,9
5,5,18660521,0,7,45,2
11,23,18661120,0,7,45,10
12,24,18661222,0,7,45,10
12,5,18661230,0,7,45,2
10,22,18661025,0,7,45,9
3,5,18660314,0,7,45,2
12,22,18661208,0,7,45,9
8,25,18660821,0,7,45,11
3,21,18660313,0,7,45,8
1,21,18660101,0,7,45,8
12,6,18661226,0,7,45,3
4,22,18660430,0,7,45,9
12,5,18661228,0,7,45,2
12,23,18661213,0,7,45,10
1,21,18660116,0,7,45,8
10,22,18661024,0,7,45,9
3,21,18660304,0,7,45,8
1,21,18660125,0,7,45,8
1,5,18660125,0,7,45,2
10,25,18661006,0,7,45,11
10,20,18661025,0,7,45,7
2,20,18660213,0,7,45,7
4,20,18660401,0,7,45,7
7,25,18660721,0,7,45,11
3,21,18660324,0,7,45,8
8,25,18660806,0,7,45,11
9,25,18660919,0,7,45,11
1,24,18660116,0,7,45,10
2,22,18660209,0,7,45,9
3,22,18660313,0,7,45,9
2,5,18660216,0,7,45,2
11,21,18661110,0,7,45,8
12,20,18661230,0,7,45,7
11,11,18661116,0,7,45,4
11,15,18661113,0,7,45,4
12,10,18661203,0,7,45,4
8,25,18660802,0,7,45,11
3,28,18660301,0,7,45,13
11,16,18661113,0,7,45,4
12,10,18661225,0,7,45,4
11,13,18661115,0,7,45,4
10,14,18661031,0,7,45,4
3,23,18660302,0,7,45,10
11,12,18661115,0,7,45,4
2,26,18660207,0,7,45,12
11,9,18661101,0,7,45,4
4,17,18660409,0,7,45,4
12,23,18661211,0,7,45,10
3,26,18660312,0,7,45,12
11,13,18661116,0,7,45,4
12,11,18661206,0,7,45,4
3,26,18660313,0,7,45,12
11,9,18661119,0,7,45,4
4,13,18660426,0,7,45,4
2,9,18660223,0,7,45,4
12,10,18661204,0,7,45,4
12,11,18661204,0,7,45,4
2,14,18660222,0,7,45,4
2,26,18660213,0,7,45,12
12,12,18661204,0,7,45,4
2,26,18660220,0,7,45,12
1,27,18660126,0,7,45,12
7,25,18660726,0,7,45,11
10,16,18661024,0,7,45,4
1,27,18660124,0,7,45,12
12,14,18661210,0,7,45,4
3,26,18660321,0,7,45,12
11,28,18661106,0,7,45,13
5,8,18660522,0,7,45,4
3,9,18660313,0,7,45,4
2,16,18660223,0,7,45,4
2,27,18660223,0,7,45,12
4,13,18660403,0,7,45,4
11,15,18661116,0,7,45,4
3,27,18660308,0,7,45,12
4,16,18660403,0,7,45,4
2,26,18660225,0,7,45,12
2,26,18660223,0,7,45,12
4,26,18660403,0,7,45,12
4,17,18660413,0,7,45,4
8,25,18660810,0,7,45,11
11,17,18661129,0,7,45,4
10,16,18661026,0,7,45,4
1,24,18660131,0,7,45,10
2,6,18660224,0,7,45,3
2,16,18660224,0,7,45,4
3,20,18660312,0,7,45,7
3,5,18660323,0,7,45,2
10,20,18661024,0,7,45,7
1,6,18660126,0,7,45,3
11,24,18661116,0,7,45,10
12,21,18661216,0,7,45,8
1,23,18660110,0,7,45,10
1,23,18660119,0,7,45,10
2,21,18660205,0,7,45,8
1,22,18660116,0,7,45,9
2,23,18660219,0,7,45,10
2,23,18660202,0,7,45,10
2,5,18660227,0,8,46,2
12,6,18661207,0,8,46,3
3,21,18660301,0,8,46,8
11,20,18661103,0,8,46,7
3,6,18660307,0,8,46,3
3,21,18660302,0,8,46,8
3,20,18660309,0,8,46,7
12,6,18661227,0,8,46,3
12,23,18661219,0,8,46,10
1,21,18660130,0,8,46,8
3,5,18660327,0,8,46,2
3,20,18660313,0,8,46,7
1,6,18660102,0,8,46,3
11,5,18661115,0,8,46,2
2,22,18660208,0,8,46,9
1,5,18660119,0,8,46,2
1,23,18660118,0,8,46,10
12,21,18661210,0,8,46,8
1,5,18660126,0,8,46,2
1,20,18660119,0,8,46,7
12,5,18661210,0,8,46,2
1,21,18660127,0,8,46,8
2,21,18660226,0,8,46,8
5,25,18660510,0,8,46,11
11,21,18661115,0,8,46,8
1,20,18660130,0,8,46,7
3,5,18660303,0,8,46,2
2,21,18660209,0,8,46,8
7,25,18660707,0,8,46,11
9,25,18660913,0,8,46,11
3,20,18660326,0,8,46,7
2,6,18660223,0,8,46,3
2,23,18660226,0,8,46,10
1,6,18660104,0,8,46,3
1,6,18660105,0,8,46,3
1,6,18660111,0,8,46,3
11,6,18661126,0,8,46,3
1,6,18660124,0,8,46,3
10,25,18661021,0,8,46,11
1,27,18660128,0,8,46,12
11,23,18661121,0,8,46,10
1,6,18660103,0,8,46,3
6,25,18660606,0,8,46,11
12,24,18661201,0,8,46,10
2,23,18660203,0,8,46,10
3,20,18660301,0,8,46,7
10,5,18661025,0,8,46,2
3,16,18660303,0,8,46,4
12,21,18661218,0,8,46,8
12,20,18661204,0,8,46,7
3,22,18660331,0,8,46,9
12,14,18661205,0,8,46,4
10,15,18661026,0,8,46,4
3,21,18660317,0,8,46,8
11,26,18661108,0,8,46,12
3,28,18660322,0,8,46,13
11,16,18661115,0,8,46,4
11,16,18661119,0,8,46,4
10,15,18661025,0,8,46,4
10,12,18661025,0,8,46,4
12,23,18661210,0,8,46,10
11,15,18661120,0,8,46,4
3,28,18660324,0,8,46,13
11,28,18661127,0,8,46,13
4,9,18660406,0,8,46,4
4,8,18660406,0,8,46,4
3,26,18660323,0,8,46,12
7,25,18660727,0,8,46,11
3,8,18660302,0,8,46,4
3,28,18660330,0,8,46,13
1,26,18660123,0,8,46,12
12,19,18661211,0,8,46,6
2,26,18660215,0,8,46,12
10,14,18661004,0,8,46,4
11,28,18661124,0,8,46,13
12,15,18661204,0,8,46,4
12,13,18661207,0,8,46,4
12,16,18661205,0,8,46,4
5,16,18660502,0,8,46,4
2,22,18660205,0,8,46,9
1,26,18660106,0,8,46,12
11,12,18661117,0,8,46,4
3,28,18660328,0,8,46,13
1,6,18660116,0,8,46,3
4,27,18660403,0,8,46,12
10,21,18661028,0,8,46,8
4,22,18660422,0,8,46,9
10,5,18661022,0,8,46,2
2,27,18660224,0,8,46,12
11,11,18661105,0,8,46,4
3,8,18660329,0,8,46,4
4,11,18660425,0,8,46,4
2,26,18660202,0,8,46,12
10,16,18661027,0,8,46,4
12,19,18661229,0,8,46,6
12,26,18661214,0,8,46,12
10,9,18661030,0,8,46,4
1,20,18660109,0,8,46,7
11,15,18661117,0,8,46,4
4,26,18660402,0,8,46,12
12,15,18661203,0,8,46,4
4,28,18660407,0,8,46,13
11,26,18661121,0,8,46,12
1,23,18660117,0,8,46,10
4,13,18660409,0,8,46,4
3,11,18660323,0,8,46,4
11,26,18661124,0,8,46,12
11,11,18661126,0,8,46,4
3,27,18660321,0,8,46,12
3,15,18660312,0,8,46,4
10,12,18661023,0,8,46,4
11,24,18661121,0,8,46,10
11,13,18661112,0,8,46,4
11,12,18661126,0,8,46,4
3,15,18660302,0,8,46,4
12,27,18661223,0,8,46,12
6,25,18660618,0,8,46,11
4,5,18660401,0,8,46,2
2,6,18660225,0,8,46,3
3,22,18660308,0,8,46,9
12,6,18661219,0,8,46,3
12,23,18661218,0,8,46,10
1,20,18660123,0,8,46,7
7,25,18660709,0,8,46,11
2,5,18660218,0,8,46,2
1,5,18660117,0,8,46,2
10,5,18661023,0,8,46,2
10,20,18661023,0,8,46,7
1,23,18660131,0,8,46,10
12,24,18661223,0,8,46,10
3,20,18660330,0,8,46,7
11,24,18661118,0,8,46,10
1,23,18660130,0,8,46,10
1,6,18660123,0,8,46,3
1,23,18660112,0,8,46,10
11,23,18661129,0,8,46,10
12,23,18661204,0,8,46,10
4,25,18660419,0,8,47,11
2,6,18660217,0,8,47,3
3,24,18660318,0,8,47,10
11,6,18661114,0,8,47,3
4,21,18660402,0,8,47,8
12,24,18661218,0,8,47,10
10,6,18661026,0,8,47,3
1,20,18660116,0,8,47,7
5,5,18660522,0,8,47,2
1,20,18660118,0,8,47,7
10,21,18661025,0,8,47,8
3,6,18660321,0,8,47,3
12,6,18661228,0,8,47,3
1,24,18660118,0,8,47,10
5,25,18660526,0,8,47,11
4,27,18660406,0,8,47,12
12,23,18661221,0,8,47,10
2,24,18660227,0,8,47,10
11,24,18661123,0,8,47,10
1,24,18660130,0,8,47,10
2,6,18660203,0,8,47,3
4,25,18660416,0,8,47,11
3,27,18660310,0,8,47,12
11,24,18661120,0,8,47,10
9,25,18660908,0,8,47,11
12,24,18661224,0,8,47,10
11,27,18661121,0,8,47,12
4,25,18660417,0,8,47,11
10,12,18661026,0,8,47,4
11,5,18661116,0,8,47,2
10,12,18661030,0,8,47,4
2,26,18660201,0,8,47,12
12,8,18661208,0,8,47,4
11,26,18661130,0,8,47,12
1,19,18660109,0,8,47,6
12,24,18661209,0,8,47,10
11,17,18661120,0,8,47,4
2,23,18660205,0,8,47,10
3,21,18660318,0,8,47,8
11,14,18661130,0,8,47,4
12,28,18661209,0,8,47,13
1,26,18660126,0,8,47,12
3,26,18660318,0,8,47,12
11,26,18661120,0,8,47,12
1,24,18660125,0,8,47,10
10,14,18661024,0,8,47,4
1,27,18660123,0,8,47,12
10,13,18661023,0,8,47,4
11,17,18661119,0,8,47,4
10,17,18661030,0,8,47,4
3,5,18660305,0,8,47,2
11,9,18661115,0,8,47,4
2,22,18660212,0,8,47,9
2,8,18660224,0,8,47,4
12,12,18661206,0,8,47,4
11,17,18661110,0,8,47,4
11,12,18661110,0,8,47,4
5,13,18660522,0,8,47,4
5,17,18660522,0,8,47,4
2,27,18660215,0,8,47,12
2,24,18660219,0,8,47,10
11,9,18661106,0,8,47,4
2,19,18660219,0,8,47,6
2,23,18660216,0,8,47,10
12,9,18661205,0,8,47,4
2,23,18660217,0,8,47,10
5,8,18660523,0,8,47,4
2,5,18660212,0,8,47,2
11,17,18661115,0,8,47,4
1,19,18660101,0,8,47,6
12,26,18661221,0,8,47,12
3,20,18660305,0,8,47,7
3,19,18660305,0,8,47,6
11,13,18661101,0,8,47,4
11,22,18661114,0,8,47,9
11,17,18661101,0,8,47,4
11,17,18661114,0,8,47,4
2,6,18660208,0,8,47,3
11,25,18661101,0,8,47,11
11,28,18661101,0,8,47,13
12,17,18661207,0,8,47,4
3,28,18660303,0,8,47,13
3,13,18660303,0,8,47,4
3,9,18660303,0,8,47,4
11,13,18661102,0,8,47,4
12,23,18661206,0,8,47,10
2,22,18660227,0,8,47,9
1,14,18660120,0,8,47,4
12,26,18661204,0,8,47,12
11,16,18661129,0,8,47,4
4,17,18660410,0,8,47,4
11,13,18661127,0,8,47,4
12,26,18661213,0,8,47,12
12,26,18661215,0,8,47,12
5,11,18660501,0,8,47,4
1,6,18660117,0,8,47,3
4,26,18660401,0,8,47,12
5,11,18660502,0,8,47,4
4,24,18660401,0,8,47,10
12,27,18661215,0,8,47,12
4,14,18660409,0,8,47,4
1,19,18660107,0,8,47,6
3,15,18660331,0,8,47,4
4,15,18660409,0,8,47,4
4,14,18660426,0,8,47,4
1,19,18660111,0,8,47,6
4,27,18660428,0,8,47,12
4,17,18660402,0,8,47,4
5,14,18660502,0,8,47,4
1,22,18660114,0,8,47,9
12,19,18661210,0,8,47,6
10,17,18661004,0,8,47,4
12,19,18661212,0,8,47,6
12,19,18661230,0,8,47,6
4,16,18660426,0,8,47,4
5,17,18660503,0,8,47,4
9,25,18660915,0,8,47,11
11,8,18661129,0,8,47,4
1,26,18660118,0,8,47,12
11,15,18661126,0,8,47,4
4,27,18660429,0,8,47,12
1,23,18660111,0,8,47,10
11,27,18661128,0,8,47,12
4,26,18660430,0,8,47,12
5,17,18660501,0,8,47,4
11,22,18661116,0,8,47,9
11,22,18661117,0,8,47,9
6,25,18660619,0,8,47,11
3,24,18660302,0,8,47,10
2,24,18660209,0,8,47,10
12,6,18661215,0,8,47,3
2,5,18660209,0,8,47,2
12,6,18661229,0,8,47,3
12,24,18661226,0,8,47,10
2,6,18660215,0,8,47,3
3,24,18660303,0,8,47,10
2,20,18660205,0,8,47,7
12,23,18661207,0,8,47,10
12,24,18661220,0,8,47,10
12,5,18661207,0,8,47,2
1,21,18660114,0,8,47,8
2,21,18660227,0,8,47,8
2,6,18660211,0,8,47,3
12,5,18661212,0,8,47,2
2,24,18660202,0,8,47,10
12,27,18661222,0,8,47,12
10,21,18661009,0,8,47,8
2,6,18660212,0,8,47,3
2,5,18660217,0,8,47,2
1,6,18660118,0,8,47,3
11,6,18661118,0,8,47,3
1,5,18660118,0,8,47,2
12,23,18661209,0,8,47,10
12,23,18661230,0,8,47,10
4,27,18660402,0,9,47,12
2,21,18660212,0,9,47,8
5,22,18660515,0,9,47,9
10,21,18661024,0,9,47,8
11,6,18661125,0,9,47,3
12,20,18661214,0,9,47,7
12,22,18661214,0,9,47,9
11,24,18661119,0,9,47,10
1,22,18660129,0,9,47,9
12,6,18661216,0,9,47,3
11,6,18661124,0,9,47,3
3,27,18660314,0,9,47,12
2,6,18660210,0,9,48,3
2,24,18660218,0,9,48,10
2,24,18660212,0,9,48,10
9,25,18660902,0,9,48,11
2,24,18660228,0,9,48,10
3,23,18660301,0,9,48,10
11,24,18661125,0,9,48,10
2,20,18660228,0,9,48,7
1,6,18660128,0,9,48,3
1,27,18660107,0,9,48,12
2,24,18660220,0,9,48,10
7,25,18660706,0,9,48,11
11,24,18661108,0,9,48,10
3,23,18660319,0,9,48,10
1,23,18660128,0,9,48,10
12,6,18661217,0,9,48,3
11,6,18661109,0,9,48,3
7,25,18660731,0,9,48,11
4,27,18660408,0,9,48,12
12,5,18661214,0,9,48,2
2,23,18660218,0,9,48,10
8,25,18660824,0,9,48,11
2,27,18660210,0,9,48,12
2,27,18660214,0,9,48,12
1,22,18660128,0,9,48,9
5,20,18660522,0,9,48,7
2,23,18660222,0,9,48,10
11,27,18661123,0,9,48,12
1,27,18660102,0,9,48,12
2,6,18660227,0,9,48,3
2,20,18660212,0,9,48,7
10,27,18661024,0,9,48,12
1,24,18660110,0,9,48,10
11,5,18661117,0,9,48,2
12,23,18661208,0,9,48,10
2,27,18660221,0,9,48,12
1,6,18660119,0,9,48,3
11,23,18661122,0,9,48,10
2,20,18660206,0,9,48,7
11,20,18661117,0,9,48,7
11,8,18661106,0,9,48,4
4,11,18660426,0,9,48,4
11,16,18661127,0,9,48,4
11,14,18661127,0,9,48,4
11,9,18661110,0,9,48,4
11,9,18661127,0,9,48,4
11,13,18661110,0,9,48,4
12,14,18661204,0,9,48,4
8,25,18660819,0,9,48,11
4,17,18660430,0,9,48,4
11,16,18661118,0,9,48,4
5,13,18660503,0,9,48,4
11,12,18661119,0,9,48,4
11,14,18661119,0,9,48,4
9,17,18660920,0,9,48,4
11,26,18661119,0,9,48,12
11,11,18661120,0,9,48,4
11,21,18661117,0,9,48,8
10,26,18661024,0,9,48,12
5,8,18660504,0,9,48,4
4,11,18660424,0,9,48,4
10,17,18661024,0,9,48,4
11,11,18661121,0,9,48,4
10,8,18661003,0,9,48,4
6,25,18660613,0,9,48,11
10,22,18661011,0,9,48,9
9,8,18660921,0,9,48,4
4,9,18660430,0,9,48,4
10,28,18661026,0,9,48,13
11,8,18661116,0,9,48,4
11,14,18661112,0,9,48,4
11,16,18661112,0,9,48,4
12,12,18661203,0,9,48,4
12,11,18661203,0,9,48,4
11,9,18661113,0,9,48,4
5,8,18660515,0,9,48,4
11,12,18661113,0,9,48,4
10,12,18661027,0,9,48,4
11,26,18661113,0,9,48,12
5,15,18660501,0,9,48,4
11,14,18661114,0,9,48,4
10,16,18661005,0,9,48,4
12,27,18661201,0,9,48,12
11,16,18661101,0,9,48,4
10,16,18661030,0,9,48,4
4,16,18660425,0,9,48,4
11,27,18661124,0,9,48,12
4,17,18660423,0,9,48,4
4,17,18660403,0,9,48,4
3,15,18660303,0,9,48,4
4,26,18660404,0,9,48,12
1,26,18660107,0,9,48,12
3,28,18660321,0,9,48,13
1,19,18660106,0,9,48,6
4,15,18660414,0,9,48,4
4,17,18660414,0,9,48,4
3,13,18660301,0,9,48,4
12,24,18661228,0,9,48,10
3,19,18660303,0,9,48,6
12,14,18661207,0,9,48,4
4,16,18660415,0,9,48,4
12,26,18661210,0,9,48,12
1,19,18660103,0,9,48,6
3,20,18660307,0,9,48,7
12,27,18661213,0,9,48,12
3,26,18660322,0,9,48,12
12,19,18661213,0,9,48,6
1,19,18660108,0,9,48,6
12,27,18661209,0,9,48,12
12,19,18661209,0,9,48,6
1,28,18660113,0,9,48,13
2,19,18660228,0,9,48,6
4,15,18660406,0,9,48,4
3,24,18660313,0,9,48,10
3,26,18660316,0,9,48,12
12,21,18661208,0,9,48,8
1,26,18660114,0,9,48,12
12,19,18661217,0,9,48,6
2,26,18660222,0,9,48,12
1,26,18660119,0,9,48,12
2,26,18660209,0,9,48,12
3,26,18660308,0,9,48,12
2,9,18660210,0,9,48,4
12,26,18661206,0,9,48,12
3,21,18660312,0,9,48,8
12,26,18661212,0,9,48,12
1,26,18660102,0,9,48,12
12,19,18661206,0,9,48,6
1,26,18660120,0,9,48,12
3,19,18660306,0,9,48,6
1,26,18660121,0,9,48,12
2,19,18660225,0,9,48,6
12,19,18661218,0,9,48,6
1,19,18660102,0,9,48,6
12,15,18661224,0,9,48,4
1,13,18660120,0,9,48,4
2,19,18660218,0,9,48,6
1,26,18660122,0,9,48,12
4,28,18660409,0,9,48,13
3,28,18660329,0,9,48,13
12,27,18661218,0,9,48,12
4,16,18660409,0,9,48,4
12,15,18661205,0,9,48,4
4,26,18660409,0,9,48,12
4,22,18660402,0,9,48,9
12,6,18661218,0,9,48,3
8,25,18660820,0,9,48,11
1,22,18660123,0,9,48,9
7,25,18660729,0,9,48,11
1,24,18660128,0,9,48,10
1,5,18660129,0,9,48,2
2,5,18660203,0,9,48,2
2,24,18660217,0,9,48,10
12,23,18661216,0,9,48,10
2,6,18660226,0,9,48,3
12,20,18661213,0,9,48,7
3,21,18660329,0,9,48,8
12,22,18661219,0,9,48,9
5,20,18660521,0,9,48,7
8,25,18660805,0,9,48,11
12,22,18661204,0,9,48,9
12,21,18661204,0,9,48,8
11,24,18661126,0,9,48,10
6,25,18660630,0,9,48,11
11,24,18661122,0,9,48,10
4,24,18660406,0,9,48,10
3,22,18660307,0,9,48,9
2,21,18660201,0,9,48,8
11,20,18661116,0,9,49,7
2,23,18660220,0,9,49,10
5,20,18660516,0,9,49,7
1,20,18660122,0,9,49,7
2,6,18660204,0,9,49,3
5,25,18660506,0,9,49,11
1,6,18660108,0,9,49,3
2,24,18660221,0,9,49,10
3,23,18660315,0,9,49,10
12,23,18661226,0,9,49,10
12,6,18661210,0,9,49,3
2,24,18660226,0,9,49,10
1,20,18660115,0,9,49,7
1,6,18660107,0,9,49,3
4,27,18660401,0,9,49,12
1,27,18660122,0,9,49,12
8,25,18660825,0,9,49,11
10,5,18661029,0,9,49,2
3,27,18660322,0,9,49,12
2,6,18660209,0,9,49,3
2,24,18660225,0,9,49,10
3,5,18660309,0,9,49,2
1,22,18660118,0,9,49,9
11,21,18661103,0,9,49,8
2,6,18660216,0,9,49,3
8,25,18660809,0,9,49,11
12,23,18661217,0,9,49,10
10,6,18661028,0,9,49,3
5,25,18660509,0,9,49,11
12,23,18661227,0,9,49,10
5,27,18660502,0,9,49,12
1,24,18660124,0,9,49,10
3,24,18660316,0,9,49,10
2,20,18660211,0,9,49,7
10,22,18661017,0,9,49,9
5,8,18660516,0,9,49,4
1,6,18660129,0,9,49,3
11,9,18661111,0,9,49,4
9,17,18660921,0,9,49,4
4,28,18660426,0,9,49,13
3,26,18660311,0,9,49,12
9,9,18660921,0,9,49,4
2,19,18660227,0,9,49,6
2,26,18660224,0,9,49,12
9,9,18660920,0,9,49,4
10,22,18661016,0,9,49,9
4,26,18660407,0,9,49,12
11,8,18661128,0,9,49,4
3,5,18660301,0,9,49,2
11,26,18661123,0,9,49,12
3,26,18660309,0,9,49,12
3,19,18660304,0,9,49,6
12,19,18661215,0,9,49,6
12,19,18661214,0,9,49,6
2,27,18660202,0,9,49,12
4,9,18660402,0,9,49,4
4,8,18660402,0,9,49,4
10,21,18661011,0,9,49,8
5,16,18660513,0,9,49,4
10,28,18661005,0,9,49,13
11,21,18661114,0,9,49,8
12,27,18661226,0,9,49,12
3,28,18660304,0,9,49,13
3,28,18660331,0,9,49,13
3,27,18660331,0,9,49,12
3,19,18660307,0,9,49,6
3,23,18660303,0,9,49,10
1,28,18660120,0,9,49,13
4,14,18660403,0,9,49,4
11,21,18661116,0,9,49,8
11,17,18661127,0,9,49,4
1,26,18660129,0,9,49,12
10,9,18661029,0,9,49,4
3,9,18660301,0,9,49,4
11,27,18661126,0,9,49,12
12,19,18661216,0,9,49,6
3,19,18660302,0,9,49,6
11,13,18661129,0,9,49,4
1,27,18660129,0,9,49,12
3,8,18660303,0,9,49,4
3,20,18660308,0,9,49,7
5,14,18660503,0,9,49,4
11,27,18661125,0,9,49,12
11,27,18661113,0,9,49,12
11,26,18661127,0,9,49,12
11,27,18661122,0,9,49,12
5,8,18660505,0,9,49,4
5,8,18660502,0,9,49,4
4,9,18660424,0,9,49,4
4,8,18660424,0,9,49,4
12,27,18661206,0,9,49,12
3,20,18660324,0,9,49,7
2,27,18660207,0,9,49,12
12,11,18661207,0,9,49,4
12,12,18661207,0,9,49,4
12,6,18661203,0,9,49,3
10,20,18661022,0,9,49,7
12,27,18661224,0,9,49,12
7,25,18660722,0,9,49,11
1,19,18660104,0,9,49,6
4,22,18660423,0,9,49,9
1,26,18660127,0,9,49,12
7,25,18660728,0,9,49,11
3,19,18660323,0,9,49,6
4,16,18660423,0,9,49,4
2,26,18660208,0,9,49,12
12,28,18661224,0,9,49,13
11,27,18661108,0,9,49,12
12,19,18661207,0,9,49,6
12,19,18661208,0,9,49,6
2,28,18660212,0,9,49,13
4,16,18660414,0,9,49,4
1,19,18660112,0,9,49,6
1,19,18660110,0,9,49,6
12,5,18661208,0,9,49,2
12,9,18661208,0,9,49,4
12,16,18661207,0,9,49,4
10,11,18661024,0,9,49,4
11,26,18661122,0,9,49,12
2,19,18660215,0,9,49,6
1,21,18660123,0,9,49,8
1,21,18660115,0,9,49,8
1,21,18660128,0,9,49,8
1,27,18660114,0,9,49,12
11,14,18661110,0,9,49,4
12,19,18661204,0,9,49,6
1,26,18660101,0,9,49,12
11,8,18661110,0,9,49,4
4,13,18660410,0,9,49,4
12,26,18661223,0,9,49,12
3,26,18660317,0,9,49,12
11,14,18661120,0,9,49,4
12,26,18661218,0,9,49,12
4,16,18660424,0,9,49,4
11,13,18661107,0,9,49,4
1,26,18660115,0,9,49,12
10,22,18661009,0,10,49,9
1,22,18660120,0,10,49,9
4,6,18660429,0,10,49,3
10,20,18661017,0,10,49,7
12,23,18661220,0,10,49,10
12,21,18661219,0,10,49,8
2,23,18660224,0,10,49,10
3,5,18660331,0,10,49,2
5,21,18660516,0,10,49,8
10,22,18661031,0,10,49,9
12,23,18661229,0,10,49,10
12,21,18661214,0,10,49,8
3,27,18660311,0,10,49,12
11,5,18661110,0,10,49,2
12,23,18661223,0,10,49,10
10,21,18661029,0,10,49,8
11,23,18661126,0,10,49,10
1,23,18660129,0,10,49,10
11,24,18661109,0,10,49,10
10,22,18661010,0,10,49,9
10,22,18661029,0,10,49,9
1,21,18660120,0,10,49,8
4,24,18660402,0,10,49,10
2,24,18660206,0,10,49,10
11,22,18661103,0,10,49,9
1,22,18660119,0,10,49,9
4,20,18660422,0,10,49,7
1,6,18660113,0,10,49,3
10,5,18661017,0,10,49,2
12,6,18661212,0,10,49,3
3,23,18660314,0,10,49,10
3,24,18660324,0,10,49,10
8,25,18660807,0,10,49,11
2,23,18660214,0,10,49,10
1,27,18660121,0,10,49,12
7,25,18660704,0,10,49,11
5,25,18660511,0,10,49,11
3,23,18660324,0,10,49,10
11,6,18661110,0,10,49,3
3,6,18660325,0,10,49,3
10,20,18661030,0,10,50,7
5,5,18660523,0,10,50,2
3,23,18660310,0,10,50,10
9,25,18660904,0,10,50,11
7,3,18660729,0,10,50,1
2,5,18660210,0,10,50,2
5,21,18660514,0,10,50,8
2,21,18660211,0,10,50,8
1,20,18660121,0,10,50,7
12,23,18661222,0,10,50,10
3,20,18660302,0,10,50,7
11,22,18661112,0,10,50,9
12,20,18661205,0,10,50,7
9,25,18660921,0,10,50,11
1,27,18660127,0,10,50,12
3,20,18660320,0,10,50,7
4,20,18660430,0,10,50,7
10,6,18661014,0,10,50,3
11,20,18661112,0,10,50,7
1,27,18660119,0,10,50,12
11,6,18661115,0,10,50,3
5,27,18660501,0,10,50,12
4,6,18660401,0,10,50,3
10,6,18661010,0,10,50,3
10,21,18661030,0,10,50,8
1,27,18660118,0,10,50,12
2,24,18660216,0,10,50,10
2,27,18660201,0,10,50,12
6,3,18660611,0,10,50,1
11,15,18661115,0,10,50,4
11,26,18661117,0,10,50,12
12,26,18661226,0,10,50,12
12,19,18661227,0,10,50,6
10,22,18661023,0,10,50,9
11,11,18661115,0,10,50,4
10,5,18661018,0,10,50,2
10,9,18661023,0,10,50,4
10,15,18661024,0,10,50,4
11,23,18661119,0,10,50,10
10,26,18661013,0,10,50,12
3,19,18660322,0,10,50,6
11,11,18661119,0,10,50,4
1,5,18660130,0,10,50,2
11,15,18661119,0,10,50,4
11,28,18661121,0,10,50,13
11,8,18661119,0,10,50,4
3,19,18660308,0,10,50,6
3,23,18660311,0,10,50,10
5,11,18660503,0,10,50,4
3,28,18660323,0,10,50,13
3,24,18660309,0,10,50,10
1,26,18660124,0,10,50,12
12,19,18661219,0,10,50,6
12,26,18661219,0,10,50,12
1,22,18660121,0,10,50,9
3,22,18660319,0,10,50,9
3,26,18660315,0,10,50,12
1,26,18660125,0,10,50,12
3,19,18660320,0,10,50,6
5,17,18660523,0,10,50,4
9,13,18660918,0,10,50,4
2,5,18660208,0,10,50,2
12,6,18661209,0,10,50,3
1,19,18660113,0,10,50,6
12,26,18661209,0,10,50,12
11,22,18661109,0,10,50,9
1,19,18660115,0,10,50,6
2,15,18660223,0,10,50,4
11,26,18661129,0,10,50,12
4,16,18660410,0,10,50,4
2,15,18660224,0,10,50,4
4,9,18660423,0,10,50,4
12,26,18661225,0,10,50,12
12,27,18661225,0,10,50,12
1,22,18660115,0,10,50,9
2,26,18660206,0,10,50,12
11,8,18661115,0,10,50,4
1,19,18660116,0,10,50,6
4,26,18660408,0,10,50,12
11,16,18661111,0,10,50,4
9,13,18660920,0,10,50,4
4,9,18660426,0,10,50,4
2,24,18660205,0,10,50,10
2,19,18660224,0,10,50,6
2,19,18660222,0,10,50,6
12,12,18661208,0,10,50,4
11,13,18661108,0,10,50,4
2,19,18660217,0,10,50,6
12,11,18661205,0,10,50,4
12,19,18661205,0,10,50,6
6,25,18660629,0,10,50,11
12,26,18661205,0,10,50,12
11,12,18661106,0,10,50,4
11,8,18661107,0,10,50,4
1,27,18660101,0,10,50,12
11,14,18661107,0,10,50,4
4,15,18660416,0,10,50,4
12,19,18661203,0,10,50,6
2,19,18660220,0,10,50,6
12,19,18661224,0,10,50,6
12,9,18661207,0,10,50,4
7,25,18660719,0,10,50,11
2,19,18660214,0,10,50,6
1,26,18660103,0,10,50,12
2,26,18660221,0,10,50,12
1,19,18660105,0,10,50,6
4,14,18660414,0,10,50,4
8,25,18660804,0,10,50,11
4,8,18660414,0,10,50,4
12,19,18661201,0,10,50,6
10,11,18661030,0,10,50,4
2,19,18660226,0,10,50,6
11,8,18661120,0,10,50,4
10,13,18661029,0,10,50,4
11,26,18661112,0,10,50,12
11,9,18661114,0,10,50,4
5,14,18660515,0,10,50,4
10,14,18661005,0,10,50,4
11,26,18661126,0,10,50,12
3,20,18660303,0,10,50,7
10,24,18661027,0,10,50,10
11,23,18661125,0,10,50,10
11,28,18661113,0,10,50,13
11,26,18661125,0,10,50,12
10,8,18661004,0,10,50,4
12,19,18661226,0,10,50,6
10,13,18661004,0,10,50,4
9,13,18660921,0,10,50,4
4,26,18660428,0,10,50,12
12,26,18661228,0,10,50,12
12,23,18661228,0,10,50,10
12,27,18661228,0,10,50,12
3,26,18660331,0,10,50,12
5,26,18660501,0,10,50,12
5,16,18660516,0,10,50,4
5,14,18660501,0,10,50,4
4,26,18660405,0,10,50,12
5,9,18660501,0,10,50,4
1,19,18660118,0,10,50,6
1,15,18660120,0,10,50,4
11,16,18661114,0,10,50,4
11,13,18661114,0,10,50,4
11,24,18661127,0,10,50,10
4,8,18660403,0,10,50,4
2,22,18660201,0,10,50,9
10,6,18661012,0,10,50,3
4,22,18660401,0,10,50,9
1,6,18660120,0,10,50,3
4,22,18660419,0,10,50,9
2,27,18660209,0,10,50,12
3,21,18660331,0,10,50,8
2,20,18660208,0,10,50,7
4,21,18660423,0,10,50,8
2,20,18660217,0,10,50,7
1,20,18660129,0,10,50,7
5,22,18660516,0,10,50,9
10,5,18661019,0,10,50,2
1,27,18660117,0,10,50,12
11,23,18661128,0,10,50,10
8,25,18660808,0,10,50,11
12,27,18661214,0,10,50,12
6,25,18660605,0,10,50,11
4,6,18660430,0,10,50,3
10,24,18661022,0,10,51,10
10,21,18661017,0,10,51,8
7,25,18660701,0,10,51,11
5,6,18660513,0,10,51,3
1,21,18660122,0,10,51,8
12,21,18661205,0,10,51,8
3,5,18660306,0,10,51,2
6,25,18660616,0,10,51,11
1,21,18660118,0,10,51,8
4,21,18660406,0,10,51,8
3,6,18660315,0,10,51,3
12,6,18661213,0,10,51,3
10,23,18661027,0,10,51,10
1,6,18660130,0,10,51,3
1,6,18660114,0,10,51,3
2,22,18660211,0,10,51,9
3,24,18660301,0,10,51,10
4,27,18660404,0,10,51,12
11,6,18661116,0,10,51,3
5,6,18660514,0,10,51,3
3,24,18660314,0,10,51,10
10,27,18661025,0,10,51,12
2,24,18660207,0,10,51,10
10,21,18661031,0,10,51,8
10,22,18661030,0,10,51,9
5,22,18660522,0,10,51,9
2,24,18660214,0,10,51,10
5,21,18660522,0,10,51,8
10,20,18661031,0,10,51,7
2,27,18660222,0,10,51,12
11,27,18661116,0,10,51,12
3,5,18660324,0,10,51,2
12,22,18661206,0,10,51,9
8,25,18660817,0,10,51,11
12,24,18661229,0,10,51,10
1,6,18660115,0,10,51,3
7,25,18660705,0,10,51,11
10,5,18661021,0,10,51,2
1,20,18660120,0,10,51,7
10,5,18661030,0,10,51,2
11,24,18661128,0,10,51,10
2,21,18660228,0,10,51,8
1,27,18660106,0,10,51,12
1,27,18660116,0,10,51,12
1,6,18660131,0,10,51,3
2,6,18660207,0,10,51,3
10,23,18661028,0,10,51,10
11,23,18661123,0,10,51,10
3,6,18660323,0,10,51,3
1,21,18660129,0,10,51,8
6,25,18660626,0,10,51,11
10,6,18661011,0,10,51,3
1,22,18660122,0,10,51,9
5,20,18660523,0,10,51,7
1,27,18660103,0,10,51,12
3,13,18660302,0,11,51,4
12,28,18661205,0,11,51,13
12,21,18661213,0,11,51,8
5,17,18660515,0,11,51,4
11,11,18661127,0,11,51,4
1,21,18660119,0,11,51,8
11,28,18661107,0,11,51,13
10,12,18661029,0,11,51,4
11,15,18661127,0,11,51,4
11,21,18661112,0,11,51,8
10,17,18661029,0,11,51,4
4,11,18660406,0,11,51,4
12,6,18661206,0,11,51,3
2,19,18660216,0,11,51,6
1,19,18660119,0,11,51,6
10,9,18661004,0,11,51,4
10,16,18661028,0,11,51,4
4,15,18660404,0,11,51,4
5,17,18660514,0,11,51,4
10,16,18661004,0,11,51,4
4,26,18660429,0,11,51,12
2,20,18660203,0,11,51,7
4,13,18660430,0,11,51,4
11,12,18661114,0,11,51,4
4,28,18660402,0,11,51,13
10,17,18661005,0,11,51,4
12,26,18661220,0,11,51,12
10,11,18661027,0,11,51,4
12,19,18661220,0,11,51,6
3,26,18660330,0,11,51,12
12,22,18661213,0,11,51,9
4,14,18660406,0,11,51,4
11,9,18661128,0,11,51,4
2,19,18660212,0,11,51,6
12,26,18661222,0,11,51,12
4,16,18660413,0,11,51,4
11,28,18661104,0,11,51,13
12,19,18661202,0,11,51,6
12,16,18661208,0,11,51,4
4,13,18660413,0,11,51,4
11,26,18661102,0,11,51,12
12,19,18661225,0,11,51,6
1,26,18660112,0,11,51,12
11,14,18661102,0,11,51,4
9,25,18660905,0,11,51,11
1,19,18660114,0,11,51,6
2,28,18660222,0,11,51,13
12,10,18661207,0,11,51,4
11,11,18661101,0,11,51,4
2,8,18660223,0,11,51,4
4,26,18660410,0,11,51,12
11,12,18661112,0,11,51,4
1,19,18660117,0,11,51,6
4,28,18660416,0,11,51,13
11,26,18661128,0,11,51,12
11,26,18661111,0,11,51,12
5,16,18660522,0,11,51,4
12,6,18661204,0,11,51,3
10,15,18661030,0,11,51,4
5,9,18660522,0,11,51,4
1,27,18660115,0,11,51,12
2,19,18660221,0,11,51,6
4,14,18660410,0,11,51,4
11,16,18661110,0,11,51,4
2,19,18660223,0,11,51,6
4,15,18660426,0,11,51,4
12,26,18661211,0,11,51,12
10,21,18661023,0,11,51,8
3,19,18660313,0,11,51,6
3,19,18660319,0,11,51,6
3,19,18660309,0,11,51,6
12,26,18661227,0,11,51,12
10,11,18661025,0,11,51,4
1,19,18660121,0,11,51,6
3,24,18660320,0,11,51,10
1,27,18660130,0,11,51,12
5,9,18660503,0,11,51,4
12,27,18661227,0,11,51,12
3,23,18660313,0,11,51,10
12,19,18661228,0,11,51,6
1,26,18660131,0,11,51,12
1,21,18660121,0,11,51,8
3,19,18660315,0,11,51,6
12,20,18661208,0,11,51,7
11,24,18661113,0,11,51,10
3,23,18660320,0,11,51,10
4,20,18660403,0,11,51,7
7,3,18660719,0,11,51,1
3,23,18660323,0,11,51,10
7,3,18660716,0,11,51,1
1,6,18660121,0,11,51,3
10,20,18661018,0,11,51,7
3,23,18660317,0,11,51,10
1,24,18660129,0,11,51,10
11,23,18661127,0,11,51,10
3,27,18660330,0,11,51,12
3,23,18660308,0,11,51,10
5,22,18660517,0,11,51,9
11,6,18661111,0,11,51,3
3,22,18660330,0,11,51,9
3,24,18660304,0,11,51,10
3,6,18660319,0,11,51,3
10,24,18661028,0,11,51,10
3,23,18660318,0,11,51,10
4,5,18660405,0,11,51,2
10,6,18661029,0,11,51,3
6,25,18660607,0,11,51,11
7,25,18660702,0,11,51,11
3,5,18660326,0,11,51,2
2,23,18660227,0,11,52,10
5,20,18660517,0,11,52,7
8,3,18660819,0,11,52,1
1,6,18660122,0,11,52,3
12,21,18661206,0,11,52,8
8,25,18660816,0,11,52,11
4,23,18660405,0,11,52,10
2,5,18660204,0,11,52,2
12,23,18661225,0,11,52,10
4,6,18660402,0,11,52,3
11,23,18661118,0,11,52,10
5,22,18660514,0,11,52,9
12,23,18661224,0,11,52,10
10,20,18661019,0,11,52,7
2,21,18660203,0,11,52,8
5,20,18660520,0,11,52,7
3,23,18660305,0,11,52,10
10,23,18661026,0,11,52,10
11,24,18661112,0,11,52,10
3,22,18660325,0,11,52,9
2,6,18660205,0,11,52,3
12,22,18661205,0,11,52,9
2,23,18660223,0,11,52,10
11,15,18661110,0,11,52,4
4,16,18660416,0,11,52,4
3,27,18660324,0,11,52,12
12,27,18661210,0,11,52,12
9,9,18660915,0,11,52,4
2,9,18660222,0,11,52,4
3,19,18660318,0,11,52,6
4,28,18660424,0,11,52,13
4,9,18660410,0,11,52,4
11,28,18661117,0,11,52,13
4,15,18660425,0,11,52,4
2,19,18660206,0,11,52,6
3,6,18660318,0,11,52,3
9,8,18660920,0,11,52,4
11,9,18661129,0,11,52,4
12,6,18661205,0,11,52,3
11,15,18661106,0,11,52,4
5,16,18660517,0,11,52,4
11,19,18661110,0,11,52,6
12,19,18661222,0,11,52,6
4,13,18660411,0,11,52,4
9,8,18660914,0,11,52,4
12,14,18661208,0,11,52,4
12,13,18661208,0,11,52,4
2,15,18660222,0,11,52,4
11,28,18661118,0,11,52,13
11,28,18661103,0,11,52,13
3,28,18660314,0,11,52,13
12,17,18661208,0,11,52,4
5,17,18660521,0,11,52,4
5,8,18660531,0,11,52,4
10,20,18661021,0,11,52,7
7,4,18660729,0,11,52,1
1,19,18660122,0,11,52,6
10,28,18661031,0,11,52,13
11,12,18661102,0,11,52,4
1,27,18660112,0,11,52,12
8,25,18660827,0,11,52,11
11,26,18661101,0,11,52,12
7,3,18660720,0,11,52,1
5,11,18660522,0,11,52,4
3,19,18660324,0,11,52,6
11,26,18661109,0,11,52,12
11,15,18661101,0,11,52,4
12,28,18661206,0,11,52,13
11,26,18661105,0,11,52,12
4,8,18660411,0,11,52,4
6,3,18660619,0,11,52,1
11,16,18661109,0,11,52,4
5,26,18660502,0,11,52,12
5,13,18660505,0,11,52,4
12,19,18661221,0,11,52,6
10,13,18661005,0,11,52,4
5,16,18660503,0,11,52,4
10,8,18661005,0,11,52,4
10,27,18661015,0,11,52,12
4,14,18660427,0,11,52,4
10,15,18661004,0,11,52,4
10,26,18661014,0,11,52,12
10,16,18661029,0,11,52,4
3,11,18660303,0,11,52,4
2,26,18660203,0,11,52,12
10,26,18661025,0,11,52,12
2,27,18660203,0,11,52,12
3,27,18660316,0,11,52,12
4,21,18660404,0,11,52,8
10,17,18661003,0,11,52,4
10,28,18661025,0,11,52,13
5,21,18660515,0,11,52,8
11,28,18661116,0,11,52,13
10,21,18661015,0,11,52,8
10,9,18661003,0,11,52,4
3,19,18660327,0,11,52,6
10,26,18661028,0,11,52,12
4,16,18660430,0,11,52,4
1,26,18660117,0,11,52,12
12,23,18661214,0,11,52,10
2,19,18660203,0,11,52,6
1,26,18660130,0,11,52,12
11,17,18661128,0,11,52,4
11,13,18661128,0,11,52,4
11,28,18661114,0,11,52,13
5,17,18660504,0,11,52,4
11,19,18661124,0,11,52,6
10,8,18661010,0,11,52,4
3,6,18660330,0,11,52,3
4,9,18660403,0,11,52,4
5,17,18660516,0,11,52,4
11,19,18661125,0,11,52,6
1,19,18660120,0,11,52,6
6,25,18660627,0,11,52,11
3,6,18660326,0,11,52,3
11,20,18661105,0,11,52,7
2,27,18660204,0,11,52,12
11,23,18661109,0,11,52,10
10,3,18661005,0,11,52,1
2,24,18660224,0,11,52,10
7,3,18660730,0,11,52,1
4,27,18660409,0,11,52,12
11,22,18661102,0,11,52,9
8,25,18660818,0,11,52,11
6,25,18660628,0,11,52,11
4,5,18660403,0,11,52,2
11,23,18661116,0,11,52,10
11,20,18661104,0,11,52,7
3,21,18660319,0,11,52,8
10,20,18661020,0,11,52,7
2,5,18660205,0,11,52,2
4,20,18660404,0,11,52,7
3,21,18660325,0,11,52,8
11,27,18661117,0,11,52,12
10,22,18661018,0,11,52,9
4,23,18660406,0,11,52,10
10,21,18661016,0,11,52,8
7,3,18660722,0,11,53,1
3,23,18660304,0,11,53,10
3,6,18660324,0,11,53,3
6,25,18660625,0,11,53,11
8,3,18660811,0,11,53,1
10,24,18661025,0,11,53,10
6,25,18660609,0,11,53,11
3,24,18660310,0,11,53,10
5,21,18660524,0,11,53,8
5,5,18660517,0,11,53,2
10,22,18661015,0,11,53,9
10,24,18661026,0,11,53,10
11,5,18661112,0,12,53,2
11,20,18661114,0,12,53,7
10,20,18661016,0,12,53,7
10,6,18661013,0,12,53,3
5,6,18660512,0,12,53,3
5,6,18660504,0,12,53,3
10,5,18661020,0,12,53,2
3,23,18660322,0,12,53,10
2,5,18660211,0,12,53,2
6,25,18660608,0,12,53,11
4,22,18660403,0,12,53,9
5,25,18660507,0,12,53,11
3,23,18660316,0,12,53,10
2,6,18660206,0,12,53,3
6,1,18660610,0,12,53,1
6,3,18660610,0,12,53,1
5,27,18660512,0,12,53,12
10,20,18661015,0,12,53,7
4,24,18660405,0,12,53,10
3,20,18660325,0,12,53,7
2,21,18660208,0,12,53,8
3,23,18660307,0,12,53,10
10,27,18661026,0,12,53,12
4,20,18660423,0,12,53,7
5,22,18660521,0,12,53,9
1,19,18660123,0,12,53,6
10,15,18661027,0,12,53,4
10,28,18661006,0,12,53,13
2,19,18660202,0,12,53,6
10,26,18661012,0,12,53,12
9,16,18660920,0,12,53,4
10,26,18661009,0,12,53,12
10,16,18661023,0,12,53,4
2,19,18660205,0,12,53,6
10,4,18661010,0,12,53,1
7,3,18660708,0,12,53,1
6,25,18660611,0,12,53,11
5,20,18660524,0,12,53,7
10,26,18661010,0,12,53,12
7,3,18660709,0,12,53,1
10,13,18661003,0,12,53,4
9,14,18660920,0,12,53,4
1,27,18660113,0,12,53,12
6,3,18660614,0,12,53,1
1,19,18660128,0,12,53,6
11,11,18661102,0,12,53,4
10,14,18661029,0,12,53,4
10,6,18661015,0,12,53,3
10,27,18661014,0,12,53,12
2,19,18660207,0,12,53,6
10,26,18661015,0,12,53,12
2,19,18660204,0,12,53,6
10,28,18661027,0,12,53,13
11,28,18661102,0,12,53,13
2,26,18660204,0,12,53,12
9,17,18660915,0,12,53,4
2,27,18660206,0,12,53,12
9,8,18660918,0,12,53,4
11,26,18661103,0,12,53,12
9,13,18660919,0,12,53,4
2,28,18660211,0,12,53,13
11,6,18661104,0,12,53,3
10,6,18661016,0,12,53,3
10,15,18661005,0,12,53,4
9,8,18660922,0,12,53,4
7,4,18660722,0,12,53,1
2,19,18660213,0,12,53,6
9,11,18660920,0,12,53,4
7,3,18660721,0,12,53,1
9,15,18660920,0,12,53,4
1,26,18660116,0,12,53,12
12,28,18661204,0,12,53,13
11,19,18661119,0,12,53,6
11,17,18661107,0,12,53,4
3,20,18660319,0,12,53,7
12,27,18661217,0,12,53,12
4,26,18660406,0,12,53,12
11,13,18661109,0,12,53,4
3,19,18660321,0,12,53,6
12,27,18661216,0,12,53,12
11,24,18661107,0,12,53,10
11,24,18661111,0,12,53,10
5,13,18660516,0,12,53,4
11,19,18661128,0,12,53,6
11,19,18661130,0,12,53,6
11,14,18661115,0,12,53,4
4,28,18660401,0,12,53,13
11,19,18661117,0,12,53,6
11,19,18661126,0,12,53,6
3,26,18660324,0,12,53,12
4,16,18660427,0,12,53,4
11,14,18661116,0,12,53,4
3,27,18660323,0,12,53,12
12,26,18661208,0,12,53,12
11,16,18661107,0,12,53,4
12,19,18661223,0,12,53,6
11,14,18661109,0,12,53,4
4,8,18660410,0,12,53,4
11,26,18661114,0,12,53,12
3,19,18660310,0,12,53,6
5,15,18660502,0,12,53,4
3,23,18660331,0,12,53,10
11,19,18661129,0,12,53,6
3,26,18660310,0,12,53,12
3,19,18660316,0,12,53,6
11,19,18661123,0,12,53,6
4,11,18660409,0,12,53,4
5,28,18660503,0,12,53,13
4,9,18660409,0,12,53,4
11,11,18661112,0,12,53,4
3,28,18660302,0,12,53,13
3,19,18660326,0,12,53,6
11,11,18661113,0,12,53,4
4,8,18660409,0,12,53,4
4,19,18660413,0,12,53,6
3,5,18660325,0,12,53,2
10,27,18661030,0,12,53,12
10,5,18661031,0,12,53,2
2,5,18660206,0,12,53,2
10,21,18661018,0,12,53,8
2,21,18660217,0,12,53,8
5,3,18660530,0,12,53,1
2,22,18660217,0,12,53,9
5,22,18660505,0,12,53,9
4,6,18660403,0,12,53,3
5,6,18660501,0,12,53,3
11,21,18661102,0,12,53,8
9,25,18660906,0,12,53,11
4,21,18660401,0,12,53,8
3,24,18660315,0,12,53,10
11,24,18661124,0,12,53,10
6,3,18660627,0,12,53,1
10,24,18661023,0,12,53,10
3,23,18660312,0,12,53,10
7,1,18660719,0,12,53,1
5,20,18660514,0,12,53,7
1,27,18660120,0,12,53,12
11,20,18661108,0,12,53,7
8,3,18660815,0,12,53,1
12,20,18661207,0,12,53,7
12,5,18661213,0,12,53,2
7,25,18660710,0,12,53,11
12,27,18661208,0,12,53,12
3,5,18660307,0,12,53,2
4,22,18660406,0,12,53,9
4,22,18660421,0,12,54,9
5,22,18660523,0,12,54,9
3,23,18660321,0,12,54,10
10,23,18661025,0,12,54,10
10,23,18661029,0,12,54,10
3,0,18660311,0,12,54,0
4,6,18660404,0,12,54,3
5,23,18660525,0,12,54,10
1,0,18660104,0,12,54,0
2,22,18660206,0,12,54,9
5,5,18660516,0,12,54,2
3,24,18660307,0,12,54,10
4,24,18660409,0,12,54,10
3,6,18660331,0,12,54,3
5,5,18660526,0,12,54,2
1,0,18660113,0,12,54,0
5,27,18660514,0,12,54,12
10,21,18661019,0,12,54,8
7,25,18660724,0,12,54,11
6,25,18660612,0,12,54,11
10,6,18661017,0,12,54,3
7,1,18660723,0,12,54,1
3,6,18660317,0,12,54,3
5,21,18660517,0,12,54,8
11,5,18661103,0,12,54,2
10,27,18661013,0,12,54,12
11,5,18661104,0,12,54,2
2,21,18660206,0,12,54,8
5,26,18660531,0,12,54,12
5,14,18660516,0,12,54,4
5,13,18660529,0,12,54,4
1,19,18660124,0,12,54,6
6,25,18660622,0,12,54,11
3,19,18660328,0,12,54,6
5,15,18660503,0,12,54,4
3,27,18660315,0,12,54,12
9,8,18660915,0,12,54,4
8,3,18660804,0,12,54,1
10,27,18661028,0,12,54,12
11,19,18661122,0,12,54,6
10,26,18661030,0,12,54,12
7,4,18660728,0,12,54,1
12,24,18661217,0,12,54,10
11,19,18661118,0,12,54,6
10,28,18661028,0,12,54,13
11,19,18661121,0,12,54,6
5,15,18660517,0,12,54,4
3,26,18660325,0,12,54,12
3,28,18660312,0,12,54,13
2,27,18660205,0,12,54,12
2,26,18660205,0,12,54,12
10,14,18661030,0,12,54,4
7,3,18660726,0,12,54,1
3,19,18660317,0,12,54,6
11,28,18661119,0,12,54,13
1,19,18660126,0,12,54,6
11,15,18661102,0,12,54,4
10,26,18661011,0,12,54,12
3,23,18660306,0,12,54,10
5,16,18660521,0,12,54,4
11,16,18661128,0,12,54,4
9,16,18660921,0,12,54,4
1,26,18660113,0,12,54,12
9,12,18660921,0,12,54,4
9,11,18660921,0,12,54,4
4,19,18660406,0,12,54,6
12,26,18661224,0,12,54,12
4,19,18660412,0,12,54,6
2,24,18660213,0,12,54,10
4,19,18660407,0,12,54,6
4,28,18660411,0,12,54,13
12,27,18661211,0,12,54,12
5,14,18660522,0,12,54,4
11,14,18661129,0,12,54,4
9,16,18660918,0,12,54,4
9,9,18660918,0,12,54,4
9,4,18660917,0,12,54,1
4,28,18660410,0,12,54,13
9,3,18660917,0,12,54,1
11,6,18661107,0,12,54,3
11,11,18661106,0,12,54,4
4,28,18660417,0,12,54,13
9,14,18660915,0,12,54,4
2,20,18660202,0,12,54,7
9,13,18660915,0,12,54,4
5,13,18660523,0,12,54,4
5,14,18660523,0,12,54,4
11,14,18661128,0,12,54,4
7,3,18660715,0,12,54,1
9,9,18660922,0,12,54,4
9,13,18660922,0,12,54,4
11,14,18661101,0,12,54,4
12,11,18661208,0,12,54,4
2,19,18660208,0,12,54,6
5,17,18660528,0,12,54,4
11,19,18661113,0,12,54,6
5,9,18660528,0,12,54,4
5,28,18660501,0,12,54,13
2,27,18660208,0,12,54,12
7,1,18660722,0,12,54,1
10,28,18661004,0,12,54,13
10,27,18661027,0,12,54,12
11,26,18661115,0,12,54,12
4,25,18660428,0,12,54,11
10,11,18661004,0,12,54,4
11,12,18661127,0,12,54,4
9,17,18660922,0,12,54,4
5,9,18660521,0,12,54,4
9,16,18660923,0,12,54,4
11,14,18661108,0,12,54,4
11,16,18661108,0,12,54,4
11,19,18661116,0,12,54,6
1,19,18660130,0,12,54,6
6,3,18660624,0,12,54,1
4,13,18660423,0,12,54,4
11,19,18661127,0,12,54,6
4,11,18660423,0,12,54,4
2,19,18660210,0,12,54,6
12,20,18661206,0,12,54,7
2,22,18660203,0,12,54,9
3,5,18660310,0,12,54,2
2,22,18660202,0,12,54,9
3,24,18660311,0,12,54,10
3,6,18660316,0,12,54,3
11,20,18661109,0,12,54,7
6,3,18660616,0,12,54,1
11,20,18661102,0,12,54,7
6,3,18660612,0,12,54,1
7,3,18660727,0,12,54,1
6,3,18660625,0,12,54,1
9,3,18660908,0,12,54,1
5,21,18660521,0,12,54,8
12,21,18661207,0,12,54,8
12,22,18661207,0,12,54,9
6,3,18660609,0,12,54,1
8,3,18660817,0,12,54,1
11,21,18661109,0,12,54,8
5,20,18660519,0,12,54,7
4,21,18660403,0,12,54,8
8,25,18660823,0,12,54,11
11,6,18661108,0,12,54,3
5,6,18660511,0,12,54,3
2,23,18660212,0,12,54,10
7,3,18660723,0,12,54,1
7,1,18660729,0,12,54,1
11,20,18661106,0,12,54,7
5,24,18660525,0,12,54,10
11,24,18661103,0,12,54,10
4,21,18660419,0,12,54,8
11,22,18661105,0,12,54,9
3,24,18660305,0,12,54,10
1,0,18660123,0,12,54,0
2,5,18660202,0,12,54,2
1,0,18660124,0,12,54,0
4,5,18660422,0,12,54,2
11,22,18661101,0,12,54,9
11,27,18661114,0,12,54,12
5,22,18660502,0,12,54,9
5,20,18660515,0,12,54,7
4,5,18660415,0,12,54,2
7,3,18660710,0,12,54,1
4,6,18660405,0,13,55,3
4,22,18660405,0,13,55,9
10,21,18661010,0,13,55,8
8,3,18660809,0,13,55,1
3,5,18660313,0,13,55,2
7,25,18660723,0,13,55,11
10,22,18661022,0,13,55,9
3,24,18660331,0,13,55,10
5,21,18660523,0,13,55,8
5,6,18660515,0,13,55,3
10,24,18661030,0,13,55,10
5,3,18660517,0,13,55,1
3,6,18660327,0,13,55,3
11,23,18661111,0,13,55,10
10,6,18661025,0,13,55,3
6,3,18660626,0,13,55,1
8,3,18660818,0,13,55,1
7,3,18660728,0,13,55,1
9,3,18660907,0,13,55,1
1,27,18660131,0,13,55,12
10,27,18661016,0,13,55,12
5,27,18660503,0,13,55,12
8,3,18660812,0,13,55,1
10,24,18661029,0,13,55,10
8,25,18660826,0,13,55,11
6,3,18660601,0,13,55,1
3,6,18660328,0,13,55,3
4,27,18660410,0,13,55,12
11,26,18661107,0,13,55,12
5,26,18660507,0,13,55,12
10,11,18661023,0,13,55,4
3,27,18660317,0,13,55,12
12,26,18661203,0,13,55,12
11,19,18661104,0,13,55,6
11,15,18661112,0,13,55,4
10,16,18661003,0,13,55,4
5,13,18660531,0,13,55,4
10,17,18661023,0,13,55,4
5,26,18660503,0,13,55,12
9,26,18660920,0,13,55,12
3,5,18660317,0,13,55,2
4,19,18660415,0,13,55,6
11,22,18661104,0,13,55,9
12,15,18661207,0,13,55,4
6,25,18660620,0,13,55,11
4,19,18660405,0,13,55,6
9,14,18660926,0,13,55,4
12,27,18661212,0,13,55,12
3,19,18660325,0,13,55,6
4,26,18660427,0,13,55,12
11,17,18661108,0,13,55,4
5,28,18660517,0,13,55,13
10,19,18661031,0,13,55,6
5,13,18660530,0,13,55,4
4,26,18660412,0,13,55,12
10,26,18661016,0,13,55,12
3,27,18660325,0,13,55,12
2,28,18660223,0,13,55,13
11,19,18661111,0,13,55,6
5,26,18660530,0,13,55,12
2,19,18660211,0,13,55,6
6,1,18660625,0,13,55,1
5,14,18660504,0,13,55,4
5,26,18660525,0,13,55,12
3,26,18660326,0,13,55,12
5,5,18660518,0,13,55,2
7,4,18660718,0,13,55,1
11,19,18661120,0,13,55,6
4,19,18660408,0,13,55,6
11,26,18661110,0,13,55,12
1,19,18660125,0,13,55,6
10,9,18661005,0,13,55,4
6,26,18660617,0,13,55,12
5,28,18660502,0,13,55,13
5,13,18660528,0,13,55,4
3,19,18660311,0,13,55,6
4,20,18660420,0,13,55,7
11,11,18661114,0,13,55,4
10,20,18661013,0,13,55,7
4,11,18660403,0,13,55,4
9,17,18660918,0,13,55,4
5,16,18660527,0,13,55,4
2,19,18660201,0,13,55,6
11,19,18661102,0,13,55,6
9,11,18660918,0,13,55,4
5,16,18660514,0,13,55,4
8,4,18660810,0,13,55,1
4,26,18660422,0,13,55,12
2,19,18660209,0,13,55,6
5,22,18660519,0,13,55,9
1,19,18660131,0,13,55,6
10,20,18661012,0,13,55,7
3,19,18660329,0,13,55,6
8,4,18660807,0,13,55,1
4,13,18660414,0,13,55,4
4,26,18660411,0,13,55,12
11,19,18661112,0,13,55,6
4,9,18660414,0,13,55,4
8,4,18660811,0,13,55,1
4,13,18660416,0,13,55,4
12,26,18661202,0,13,55,12
12,10,18661208,0,13,55,4
11,11,18661129,0,13,55,4
11,19,18661115,0,13,55,6
11,26,18661106,0,13,55,12
10,12,18661004,0,13,55,4
1,19,18660127,0,13,55,6
10,28,18661024,0,13,55,13
4,16,18660404,0,13,55,4
4,8,18660404,0,13,55,4
4,9,18660413,0,13,55,4
11,21,18661105,0,13,55,8
5,8,18660524,0,13,55,4
10,22,18661019,0,13,55,9
3,23,18660325,0,13,55,10
7,3,18660717,0,13,55,1
5,6,18660502,0,13,55,3
11,22,18661106,0,13,55,9
7,1,18660721,0,13,55,1
2,21,18660210,0,13,55,8
10,21,18661014,0,13,55,8
2,5,18660228,0,13,55,2
5,22,18660524,0,13,55,9
10,6,18661024,0,13,55,3
3,23,18660330,0,13,55,10
3,21,18660330,0,13,55,8
11,23,18661110,0,13,55,10
1,0,18660103,0,13,55,0
11,21,18661108,0,13,55,8
10,5,18661015,0,13,55,2
5,22,18660520,0,13,55,9
4,22,18660404,0,13,55,9
11,24,18661110,0,13,55,10
1,0,18660111,0,13,55,0
1,0,18660120,0,13,55,0
11,23,18661124,0,13,55,10
11,23,18661112,0,13,55,10
10,23,18661022,0,13,55,10
1,0,18660116,0,13,55,0
3,5,18660318,0,13,55,2
3,24,18660308,0,13,55,10
3,5,18660308,0,13,55,2
11,5,18661114,0,13,55,2
1,0,18660129,0,13,55,0
3,24,18660312,0,13,55,10
11,23,18661117,0,13,55,10
1,0,18660102,0,13,55,0
2,23,18660228,0,13,55,10
10,23,18661019,0,13,55,10
11,23,18661103,0,13,55,10
1,0,18660122,0,13,55,0
10,24,18661018,0,13,55,10
2,21,18660202,0,13,55,8
2,6,18660201,0,13,55,3
3,0,18660310,0,13,55,0
2,20,18660210,0,13,56,7
5,22,18660503,0,13,56,9
3,6,18660329,0,13,56,3
10,6,18661030,0,13,56,3
2,22,18660210,0,13,56,9
5,20,18660518,0,13,56,7
10,6,18661031,0,13,56,3
10,3,18661010,0,13,56,1
4,22,18660424,0,13,56,9
5,3,18660531,0,13,56,1
6,3,18660620,0,13,56,1
5,5,18660520,0,13,56,2
5,21,18660502,0,13,56,8
12,27,18661202,0,13,56,12
6,25,18660610,0,13,56,11
10,3,18661011,0,13,56,1
3,23,18660329,0,13,56,10
11,27,18661112,0,13,56,12
7,25,18660711,0,13,56,11
3,23,18660328,0,13,56,10
2,6,18660202,0,13,56,3
5,6,18660509,0,13,56,3
5,3,18660529,0,13,56,1
11,23,18661108,0,13,56,10
6,25,18660621,0,13,56,11
8,1,18660801,0,13,56,1
4,24,18660404,0,13,56,10
3,23,18660327,0,13,56,10
9,11,18660922,0,13,56,4
9,26,18660928,0,13,56,12
9,12,18660922,0,13,56,4
9,15,18660918,0,13,56,4
4,27,18660405,0,13,56,12
5,20,18660526,0,13,56,7
11,9,18661107,0,13,56,4
9,16,18660922,0,13,56,4
4,21,18660424,0,13,56,8
11,19,18661107,0,13,56,6
4,19,18660419,0,13,56,6
11,11,18661109,0,13,56,4
9,4,18660927,0,13,56,1
11,27,18661103,0,13,56,12
4,28,18660418,0,13,56,13
9,26,18660922,0,13,56,12
6,3,18660628,0,13,56,1
8,3,18660813,0,13,56,1
12,27,18661204,0,13,56,12
11,19,18661103,0,13,56,6
11,28,18661108,0,13,56,13
11,11,18661128,0,13,56,4
4,27,18660422,0,13,56,12
4,27,18660407,0,13,56,12
11,19,18661105,0,13,56,6
4,16,18660429,0,13,56,4
4,28,18660425,0,13,56,13
8,13,18660823,0,13,56,4
4,22,18660411,0,13,56,9
4,14,18660404,0,13,56,4
11,20,18661107,0,13,56,7
4,17,18660416,0,13,56,4
4,19,18660411,0,13,56,6
4,14,18660411,0,13,56,4
4,26,18660416,0,13,56,12
11,22,18661108,0,13,56,9
10,4,18661005,0,13,56,1
8,4,18660818,0,13,56,1
4,15,18660417,0,13,56,4
9,26,18660921,0,13,56,12
4,17,18660417,0,13,56,4
9,8,18660911,0,13,56,4
10,11,18661005,0,13,56,4
11,12,18661128,0,13,56,4
11,26,18661104,0,13,56,12
5,16,18660526,0,13,56,4
5,26,18660512,0,13,56,12
10,23,18661030,0,13,56,10
5,16,18660515,0,13,56,4
5,6,18660510,0,13,56,3
3,19,18660312,0,13,56,6
8,3,18660807,0,13,56,1
11,28,18661112,0,13,56,13
10,14,18661023,0,13,56,4
4,26,18660414,0,13,56,12
10,15,18661023,0,13,56,4
5,28,18660518,0,13,56,13
5,11,18660529,0,13,56,4
4,19,18660414,0,13,56,6
12,26,18661217,0,13,56,12
10,15,18661029,0,13,56,4
10,26,18661031,0,13,56,12
7,4,18660730,0,13,56,1
3,19,18660314,0,13,56,6
10,19,18661029,0,13,56,6
12,26,18661216,0,13,56,12
10,26,18661023,0,13,56,12
10,26,18661029,0,13,56,12
5,22,18660518,0,13,56,9
10,19,18661015,0,13,56,6
5,16,18660508,0,13,56,4
5,13,18660504,0,13,56,4
5,17,18660505,0,13,56,4
5,4,18660530,0,13,56,1
8,4,18660808,0,13,56,1
11,19,18661114,0,13,56,6
10,26,18661008,0,13,56,12
10,26,18661026,0,13,56,12
5,21,18660519,0,13,56,8
10,9,18661020,0,13,56,4
10,19,18661026,0,13,56,6
5,16,18660528,0,13,56,4
6,4,18660625,0,13,56,1
7,3,18660718,0,13,56,1
1,19,18660129,0,13,56,6
10,17,18661010,0,13,56,4
5,9,18660504,0,13,56,4
11,19,18661101,0,13,56,6
5,26,18660511,0,13,56,12
5,16,18660507,0,13,56,4
10,4,18661011,0,13,56,1
10,26,18661027,0,13,56,12
11,27,18661109,0,13,56,12
8,4,18660809,0,13,56,1
11,28,18661109,0,13,56,13
3,26,18660329,0,13,56,12
11,27,18661115,0,13,56,12
9,27,18660921,0,13,56,12
12,27,18661203,0,13,56,12
10,21,18661022,0,13,56,8
5,21,18660505,0,13,56,8
1,24,18660117,0,13,56,10
9,3,18660927,0,13,56,1
3,24,18660321,0,13,56,10
5,21,18660518,0,13,56,8
4,21,18660405,0,13,56,8
2,24,18660204,0,13,56,10
4,20,18660405,0,13,56,7
10,22,18661014,0,13,56,9
7,3,18660731,0,13,56,1
11,21,18661106,0,13,56,8
3,24,18660306,0,13,56,10
11,27,18661106,0,13,56,12
4,6,18660414,0,13,56,3
5,21,18660520,0,13,56,8
8,3,18660816,0,13,56,1
2,24,18660222,0,13,56,10
4,20,18660402,0,13,56,7
5,6,18660524,0,14,56,3
11,6,18661112,0,14,56,3
4,22,18660420,0,14,56,9
11,22,18661107,0,14,56,9
11,21,18661104,0,14,56,8
9,25,18660907,0,14,56,11
1,0,18660127,0,14,56,0
1,0,18660130,0,14,56,0
10,24,18661024,0,14,56,10
8,22,18660811,0,14,56,9
10,22,18661021,0,14,56,9
2,20,18660207,0,14,56,7
1,0,18660105,0,14,56,0
3,23,18660326,0,14,56,10
12,23,18661215,0,14,56,10
6,3,18660621,0,14,56,1
7,3,18660713,0,14,56,1
1,0,18660119,0,14,56,0
7,1,18660731,0,14,56,1
11,5,18661109,0,14,56,2
4,6,18660406,0,14,56,3
4,6,18660422,0,14,56,3
1,0,18660118,0,14,56,0
10,22,18661020,0,14,56,9
4,22,18660412,0,14,56,9
2,22,18660207,0,14,56,9
6,3,18660613,0,14,56,1
5,6,18660516,0,14,56,3
5,6,18660503,0,14,56,3
4,22,18660408,0,14,56,9
4,6,18660423,0,14,56,3
4,21,18660412,0,14,56,8
11,24,18661104,0,14,56,10
11,6,18661113,0,14,57,3
10,27,18661010,0,14,57,12
8,3,18660820,0,14,57,1
5,27,18660511,0,14,57,12
11,24,18661115,0,14,57,10
10,6,18661023,0,14,57,3
11,6,18661103,0,14,57,3
4,21,18660415,0,14,57,8
9,5,18660919,0,14,57,2
5,27,18660513,0,14,57,12
5,22,18660501,0,14,57,9
11,6,18661102,0,14,57,3
11,23,18661113,0,14,57,10
11,27,18661105,0,14,57,12
10,27,18661031,0,14,57,12
6,25,18660623,0,14,57,11
10,23,18661024,0,14,57,10
10,5,18661016,0,14,57,2
11,27,18661110,0,14,57,12
2,23,18660213,0,14,57,10
4,5,18660424,0,14,57,2
11,27,18661107,0,14,57,12
11,21,18661107,0,14,57,8
10,23,18661018,0,14,57,10
5,3,18660518,0,14,57,1
8,4,18660814,0,14,57,1
4,26,18660423,0,14,57,12
7,25,18660712,0,14,57,11
7,1,18660717,0,14,57,1
7,4,18660711,0,14,57,1
4,11,18660416,0,14,57,4
7,1,18660718,0,14,57,1
7,4,18660726,0,14,57,1
8,13,18660824,0,14,57,4
7,1,18660720,0,14,57,1
9,26,18660911,0,14,57,12
9,3,18660912,0,14,57,1
6,3,18660629,0,14,57,1
4,26,18660413,0,14,57,12
7,1,18660725,0,14,57,1
4,19,18660420,0,14,57,6
7,4,18660716,0,14,57,1
9,19,18660910,0,14,57,6
9,3,18660910,0,14,57,1
4,16,18660411,0,14,57,4
4,8,18660423,0,14,57,4
4,19,18660416,0,14,57,6
12,28,18661207,0,14,57,13
7,4,18660723,0,14,57,1
7,4,18660713,0,14,57,1
4,19,18660410,0,14,57,6
11,19,18661106,0,14,57,6
4,15,18660410,0,14,57,4
5,1,18660530,0,14,57,1
11,28,18661110,0,14,57,13
11,6,18661101,0,14,57,3
5,5,18660519,0,14,57,2
11,20,18661101,0,14,57,7
5,11,18660528,0,14,57,4
4,19,18660402,0,14,57,6
4,14,18660430,0,14,57,4
5,8,18660528,0,14,57,4
4,8,18660430,0,14,57,4
4,28,18660403,0,14,57,13
10,26,18661002,0,14,57,12
11,17,18661109,0,14,57,4
9,26,18660929,0,14,57,12
9,3,18660929,0,14,57,1
9,26,18660927,0,14,57,12
11,24,18661102,0,14,57,10
10,19,18661009,0,14,57,6
9,19,18660926,0,14,57,6
3,19,18660331,0,14,57,6
10,19,18661010,0,14,57,6
11,15,18661114,0,14,57,4
5,9,18660514,0,14,57,4
5,26,18660514,0,14,57,12
10,21,18661021,0,14,57,8
5,17,18660531,0,14,57,4
5,14,18660531,0,14,57,4
5,26,18660504,0,14,57,12
11,4,18661112,0,14,57,1
3,27,18660327,0,14,57,12
9,12,18660915,0,14,57,4
10,19,18661013,0,14,57,6
5,6,18660517,0,14,57,3
6,4,18660610,0,14,57,1
10,22,18661012,0,14,57,9
10,19,18661030,0,14,57,6
10,19,18661011,0,14,57,6
10,8,18661011,0,14,57,4
5,17,18660530,0,14,57,4
5,15,18660526,0,14,57,4
5,26,18660528,0,14,57,12
9,16,18660925,0,14,57,4
9,16,18660915,0,14,57,4
6,16,18660618,0,14,57,4
11,15,18661129,0,14,57,4
9,14,18660918,0,14,57,4
11,15,18661107,0,14,57,4
5,15,18660522,0,14,57,4
11,19,18661108,0,14,57,6
9,12,18660919,0,14,57,4
9,14,18660919,0,14,57,4
11,3,18661108,0,14,57,1
9,16,18660919,0,14,57,4
9,17,18660919,0,14,57,4
9,12,18660920,0,14,57,4
10,19,18661027,0,14,57,6
9,19,18660920,0,14,57,6
9,15,18660921,0,14,57,4
9,14,18660922,0,14,57,4
11,9,18661108,0,14,57,4
11,12,18661108,0,14,57,4
9,19,18660921,0,14,57,6
11,6,18661105,0,14,57,3
11,6,18661106,0,14,57,3
1,0,18660126,0,14,57,0
10,6,18661009,0,14,57,3
10,24,18661021,0,14,57,10
10,20,18661011,0,14,57,7
10,20,18661007,0,14,57,7
3,0,18660314,0,14,57,0
1,0,18660112,0,14,57,0
11,5,18661108,0,14,57,2
4,20,18660415,0,14,57,7
3,0,18660313,0,14,57,0
10,24,18661020,0,14,57,10
3,0,18660312,0,14,57,0
6,1,18660626,0,14,57,1
4,22,18660415,0,14,57,9
9,3,18660909,0,14,57,1
7,3,18660705,0,14,57,1
5,5,18660524,0,14,57,2
10,20,18661014,0,14,57,7
3,5,18660302,0,14,57,2
2,24,18660203,0,14,57,10
6,1,18660602,0,14,57,1
10,21,18661012,0,14,57,8
9,5,18660918,0,14,57,2
10,6,18661018,0,14,57,3
7,3,18660711,0,14,57,1
7,3,18660724,0,14,57,1
4,24,18660407,0,14,58,10
5,6,18660505,0,14,58,3
11,24,18661101,0,14,58,10
10,27,18661012,0,14,58,12
11,24,18661105,0,14,58,10
12,27,18661205,0,14,58,12
10,27,18661011,0,14,58,12
11,27,18661111,0,14,58,12
11,23,18661102,0,14,58,10
7,4,18660717,0,14,58,1
4,20,18660413,0,14,58,7
11,22,18661113,0,14,58,9
11,27,18661102,0,14,58,12
5,27,18660523,0,14,58,12
5,20,18660506,0,14,58,7
8,1,18660818,0,14,58,1
7,1,18660730,0,14,58,1
9,27,18660920,0,14,58,12
4,20,18660419,0,14,58,7
10,24,18661031,0,14,58,10
4,27,18660419,0,14,58,12
12,24,18661215,0,14,58,10
6,3,18660630,0,14,58,1
5,1,18660531,0,14,58,1
1,0,18660115,0,14,58,0
7,25,18660718,0,14,58,11
3,27,18660326,0,14,58,12
4,20,18660421,0,14,58,7
10,19,18661028,0,14,58,6
11,27,18661104,0,14,58,12
11,19,18661109,0,14,58,6
7,4,18660707,0,14,58,1
7,4,18660715,0,14,58,1
11,4,18661113,0,14,58,1
10,27,18661029,0,14,58,12
7,26,18660706,0,14,58,12
6,1,18660630,0,14,58,1
10,3,18661014,0,14,58,1
10,4,18661024,0,14,58,1
10,26,18661001,0,14,58,12
8,4,18660820,0,14,58,1
8,13,18660822,0,14,58,4
9,19,18660927,0,14,58,6
9,26,18660926,0,14,58,12
9,16,18660926,0,14,58,4
9,19,18660925,0,14,58,6
9,26,18660923,0,14,58,12
9,19,18660923,0,14,58,6
9,19,18660922,0,14,58,6
9,14,18660921,0,14,58,4
11,28,18661128,0,14,58,13
9,26,18660919,0,14,58,12
9,19,18660919,0,14,58,6
9,13,18660907,0,14,58,4
9,1,18660908,0,14,58,1
9,15,18660919,0,14,58,4
9,26,18660908,0,14,58,12
9,19,18660909,0,14,58,6
9,9,18660919,0,14,58,4
9,4,18660910,0,14,58,1
9,8,18660919,0,14,58,4
9,4,18660919,0,14,58,1
9,19,18660911,0,14,58,6
9,19,18660918,0,14,58,6
9,4,18660918,0,14,58,1
9,26,18660914,0,14,58,12
10,12,18661003,0,14,58,4
10,19,18661024,0,14,58,6
10,19,18661004,0,14,58,6
10,27,18661005,0,14,58,12
7,3,18660725,0,14,58,1
10,27,18661023,0,14,58,12
10,8,18661023,0,14,58,4
10,27,18661021,0,14,58,12
7,4,18660727,0,14,58,1
10,19,18661020,0,14,58,6
10,8,18661020,0,14,58,4
10,24,18661019,0,14,58,10
10,19,18661018,0,14,58,6
10,26,18661017,0,14,58,12
10,28,18661014,0,14,58,13
10,19,18661014,0,14,58,6
10,16,18661013,0,14,58,4
10,8,18661013,0,14,58,4
10,28,18661012,0,14,58,13
10,28,18661011,0,14,58,13
10,16,18661010,0,14,58,4
8,21,18660811,0,14,58,8
10,4,18661009,0,14,58,1
10,19,18661008,0,14,58,6
10,26,18661007,0,14,58,12
10,22,18661007,0,14,58,9
10,16,18661006,0,14,58,4
10,14,18661006,0,14,58,4
12,15,18661208,0,14,58,4
8,1,18660816,0,14,58,1
10,13,18661006,0,14,58,4
10,12,18661005,0,14,58,4
10,16,18661014,0,14,58,4
7,4,18660708,0,14,58,1
3,9,18660302,0,14,58,4
5,16,18660530,0,14,58,4
4,26,18660419,0,14,58,12
5,11,18660516,0,14,58,4
5,17,18660509,0,14,58,4
5,27,18660524,0,14,58,12
4,13,18660427,0,14,58,4
4,27,18660413,0,14,58,12
4,19,18660404,0,14,58,6
4,19,18660409,0,14,58,6
4,17,18660404,0,14,58,4
5,16,18660531,0,14,58,4
5,15,18660516,0,14,58,4
4,11,18660414,0,14,58,4
4,26,18660415,0,14,58,12
4,11,18660410,0,14,58,4
5,9,18660530,0,14,58,4
5,14,18660524,0,14,58,4
2,28,18660224,0,14,58,13
4,26,18660426,0,14,58,12
5,14,18660517,0,14,58,4
5,16,18660504,0,14,58,4
4,19,18660418,0,14,58,6
5,15,18660529,0,14,58,4
5,15,18660528,0,14,58,4
4,19,18660401,0,14,58,6
4,23,18660422,0,14,58,10
6,26,18660616,0,14,58,12
4,19,18660421,0,14,58,6
5,9,18660523,0,14,58,4
5,13,18660508,0,14,58,4
4,21,18660421,0,14,58,8
3,19,18660330,0,14,58,6
5,26,18660513,0,14,58,12
4,15,18660427,0,14,58,4
4,8,18660416,0,14,58,4
6,4,18660608,0,14,58,1
4,8,18660427,0,14,58,4
5,16,18660505,0,14,58,4
4,14,18660413,0,14,58,4
4,17,18660411,0,14,58,4
5,13,18660514,0,14,58,4
3,28,18660316,0,14,58,13
5,16,18660525,0,14,58,4
5,9,18660505,0,14,58,4
5,26,18660508,0,14,58,12
5,16,18660523,0,14,58,4
4,11,18660413,0,14,58,4
4,14,18660416,0,14,58,4
5,21,18660531,0,14,58,8
4,27,18660415,0,14,58,12
3,0,18660309,0,14,58,0
5,20,18660513,0,14,58,7
5,22,18660512,0,14,58,9
3,0,18660306,0,14,58,0
6,1,18660609,0,14,58,1
1,0,18660125,0,14,58,0
10,27,18661007,0,14,58,12
2,24,18660223,0,14,58,10
10,23,18661020,0,14,58,10
1,0,18660106,0,14,58,0
11,5,18661102,0,14,58,2
1,0,18660108,0,14,58,0
2,0,18660207,0,14,58,0
2,0,18660206,0,14,58,0
4,27,18660411,0,14,58,12
2,0,18660217,0,14,58,0
10,5,18661014,0,14,58,2
7,3,18660707,0,14,58,1
2,0,18660224,0,14,58,0
4,5,18660421,0,14,58,2
11,5,18661101,0,14,58,2
7,1,18660724,0,15,58,1
10,5,18661011,0,15,58,2
4,27,18660416,0,15,58,12
11,24,18661114,0,15,58,10
2,21,18660207,0,15,58,8
11,20,18661113,0,15,58,7
6,1,18660627,0,15,58,1
11,21,18661101,0,15,58,8
12,5,18661206,0,15,58,2
5,21,18660513,0,15,58,8
10,5,18661012,0,15,58,2
11,24,18661117,0,15,58,10
5,22,18660531,0,15,58,9
9,6,18660911,0,15,58,3
8,3,18660808,0,15,58,1
7,1,18660716,0,15,58,1
4,24,18660403,0,15,58,10
9,27,18660922,0,15,58,12
4,20,18660406,0,15,58,7
5,27,18660515,0,15,58,12
4,6,18660421,0,15,58,3
9,27,18660923,0,15,58,12
2,0,18660209,0,15,59,0
4,24,18660410,0,15,59,10
5,23,18660523,0,15,59,10
5,21,18660512,0,15,59,8
7,3,18660712,0,15,59,1
9,27,18660911,0,15,59,12
10,3,18661013,0,15,59,1
9,20,18660916,0,15,59,7
10,21,18661006,0,15,59,8
11,3,18661114,0,15,59,1
8,3,18660810,0,15,59,1
11,5,18661105,0,15,59,2
3,5,18660319,0,15,59,2
5,20,18660503,0,15,59,7
9,20,18660919,0,15,59,7
5,27,18660504,0,15,59,12
4,21,18660411,0,15,59,8
10,22,18661013,0,15,59,9
7,3,18660714,0,15,59,1
10,21,18661020,0,15,59,8
3,24,18660325,0,15,59,10
5,21,18660503,0,15,59,8
8,3,18660821,0,15,59,1
10,20,18661008,0,15,59,7
4,22,18660418,0,15,59,9
10,27,18661009,0,15,59,12
10,27,18661022,0,15,59,12
9,20,18660918,0,15,59,7
5,21,18660526,0,15,59,8
10,27,18661008,0,15,59,12
10,27,18661006,0,15,59,12
5,27,18660505,0,15,59,12
3,24,18660323,0,15,59,10
9,11,18660907,0,15,59,4
5,14,18660528,0,15,59,4
6,17,18660607,0,15,59,4
4,23,18660401,0,15,59,10
7,4,18660709,0,15,59,1
5,16,18660518,0,15,59,4
11,12,18661101,0,15,59,4
5,4,18660529,0,15,59,1
5,8,18660529,0,15,59,4
8,4,18660815,0,15,59,1
10,19,18661021,0,15,59,6
9,9,18660907,0,15,59,4
8,4,18660813,0,15,59,1
4,15,18660413,0,15,59,4
9,4,18660908,0,15,59,1
10,15,18661010,0,15,59,4
9,17,18660911,0,15,59,4
7,4,18660724,0,15,59,1
9,4,18660911,0,15,59,1
5,8,18660525,0,15,59,4
4,11,18660430,0,15,59,4
4,26,18660420,0,15,59,12
9,26,18660910,0,15,59,12
10,19,18661003,0,15,59,6
10,13,18661010,0,15,59,4
2,0,18660208,0,15,59,0
11,11,18661110,0,15,59,4
6,4,18660626,0,15,59,1
3,26,18660328,0,15,59,12
10,23,18661021,0,15,59,10
9,4,18660909,0,15,59,1
10,19,18661019,0,15,59,6
5,11,18660523,0,15,59,4
5,8,18660509,0,15,59,4
4,8,18660420,0,15,59,4
10,26,18661021,0,15,59,12
10,19,18661012,0,15,59,6
10,19,18661022,0,15,59,6
10,19,18661025,0,15,59,6
3,0,18660303,0,15,59,0
4,16,18660428,0,15,59,4
4,19,18660417,0,15,59,6
5,4,18660531,0,15,59,1
10,19,18661005,0,15,59,6
3,0,18660307,0,15,59,0
4,5,18660402,0,15,59,2
9,26,18660930,0,15,59,12
9,4,18660930,0,15,59,1
4,6,18660417,0,15,59,3
4,0,18660404,0,15,59,0
5,9,18660515,0,15,59,4
8,13,18660825,0,15,59,4
4,19,18660403,0,15,59,6
5,5,18660515,0,15,59,2
5,22,18660513,0,15,59,9
8,9,18660822,0,15,59,4
4,9,18660416,0,15,59,4
9,4,18660912,0,15,59,1
5,13,18660515,0,15,59,4
7,4,18660710,0,15,59,1
10,3,18661025,0,15,59,1
7,4,18660719,0,15,59,1
11,4,18661111,0,15,59,1
5,16,18660529,0,15,59,4
2,0,18660222,0,15,59,0
5,17,18660529,0,15,59,4
11,8,18661109,0,15,59,4
4,6,18660410,0,15,59,3
2,0,18660223,0,15,59,0
5,26,18660510,0,15,59,12
5,17,18660517,0,15,59,4
10,15,18661012,0,15,59,4
10,19,18661023,0,15,59,6
7,4,18660720,0,15,59,1
4,26,18660418,0,15,59,12
5,14,18660530,0,15,59,4
10,23,18661023,0,15,59,10
9,26,18660901,0,15,59,12
10,16,18661012,0,15,59,4
5,4,18660517,0,15,59,1
8,1,18660819,0,15,59,1
10,26,18661005,0,15,59,12
4,28,18660414,0,15,59,13
8,8,18660824,0,15,59,4
7,1,18660727,0,15,59,1
11,12,18661107,0,15,59,4
6,1,18660628,0,15,59,1
9,19,18660924,0,15,59,6
5,26,18660505,0,15,59,12
9,26,18660925,0,15,59,12
9,26,18660917,0,15,59,12
9,26,18660916,0,15,59,12
10,9,18661010,0,15,59,4
11,11,18661108,0,15,59,4
9,4,18660916,0,15,59,1
9,11,18660919,0,15,59,4
9,3,18660922,0,15,59,1
10,19,18661007,0,15,59,6
9,17,18660925,0,15,59,4
6,13,18660628,0,15,59,4
9,19,18660916,0,15,59,6
6,4,18660630,0,15,59,1
9,19,18660915,0,15,59,6
11,15,18661128,0,15,59,4
9,13,18660926,0,15,59,4
5,6,18660522,0,15,59,3
9,4,18660921,0,15,59,1
9,19,18660912,0,15,59,6
1,0,18660110,0,15,59,0
10,21,18661013,0,15,59,8
1,0,18660117,0,15,59,0
9,19,18660917,0,15,59,6
5,14,18660505,0,15,59,4
11,8,18661108,0,15,59,4
10,19,18661017,0,15,59,6
4,27,18660414,0,15,59,12
7,25,18660715,0,15,59,11
7,3,18660704,0,15,59,1
4,5,18660404,0,15,59,2
9,3,18660928,0,15,59,1
4,6,18660420,0,15,59,3
9,21,18660903,0,15,59,8
10,5,18661009,0,15,59,2
6,22,18660617,0,15,59,9
7,1,18660728,0,15,59,1
10,5,18661007,0,15,59,2
4,27,18660412,0,15,59,12
3,24,18660322,0,15,59,10
8,3,18660801,0,15,59,1
5,3,18660528,0,15,59,1
10,3,18661012,0,15,59,1
9,25,18660914,0,15,59,11
9,1,18660928,0,15,59,1
7,1,18660710,0,15,59,1
5,6,18660507,0,15,59,3
5,6,18660506,0,15,59,3
7,1,18660701,0,15,59,1
4,20,18660412,0,15,59,7
10,23,18661031,0,15,59,10
10,20,18661009,0,15,59,7
8,1,18660802,0,15,59,1
4,20,18660411,0,15,59,7
8,1,18660815,0,15,59,1
5,22,18660510,0,15,60,9
11,5,18661106,0,15,60,2
7,22,18660726,0,15,60,9
8,1,18660821,0,15,60,1
5,22,18660526,0,15,60,9
5,5,18660506,0,15,60,2
7,22,18660725,0,15,60,9
4,21,18660420,0,15,60,8
4,23,18660423,0,15,60,10
4,20,18660424,0,15,60,7
8,4,18660816,0,15,60,1
11,3,18661117,0,15,60,1
8,4,18660819,0,15,60,1
9,27,18660919,0,15,60,12
9,27,18660915,0,15,60,12
9,3,18660918,0,15,60,1
5,27,18660510,0,15,60,12
7,22,18660708,0,15,60,9
6,6,18660617,0,15,60,3
7,22,18660724,0,15,60,9
11,5,18661107,0,15,60,2
7,1,18660713,0,15,60,1
7,1,18660714,0,15,60,1
9,6,18660923,0,15,60,3
8,3,18660803,0,15,60,1
4,21,18660410,0,15,60,8
9,27,18660930,0,15,60,12
10,27,18661004,0,15,60,12
8,3,18660806,0,15,60,1
11,5,18661113,0,15,60,2
10,21,18661007,0,15,60,8
11,3,18661113,0,16,60,1
4,22,18660413,0,16,60,9
5,5,18660514,0,16,60,2
5,27,18660507,0,16,60,12
5,21,18660510,0,16,60,8
11,24,18661106,0,16,60,10
10,3,18661023,0,16,60,1
4,23,18660407,0,16,60,10
5,21,18660506,0,16,60,8
6,3,18660606,0,16,60,1
6,3,18660617,0,16,60,1
4,23,18660424,0,16,60,10
3,0,18660302,0,16,60,0
5,27,18660509,0,16,60,12
1,0,18660109,0,16,60,0
9,3,18660911,0,16,60,1
8,3,18660802,0,16,60,1
3,0,18660308,0,16,60,0
3,0,18660321,0,16,60,0
10,3,18661024,0,16,60,1
8,8,18660823,0,16,60,4
10,28,18661029,0,16,60,13
10,28,18661010,0,16,60,13
5,11,18660505,0,16,60,4
4,28,18660430,0,16,60,13
9,1,18660922,0,16,60,1
6,26,18660604,0,16,60,12
5,14,18660514,0,16,60,4
11,28,18661115,0,16,60,13
6,4,18660601,0,16,60,1
4,9,18660411,0,16,60,4
10,11,18661029,0,16,60,4
8,4,18660817,0,16,60,1
6,26,18660610,0,16,60,12
10,16,18661009,0,16,60,4
5,28,18660504,0,16,60,13
6,15,18660601,0,16,60,4
6,26,18660615,0,16,60,12
6,1,18660611,0,16,60,1
7,1,18660726,0,16,60,1
5,26,18660524,0,16,60,12
5,5,18660513,0,16,60,2
4,23,18660403,0,16,60,10
6,4,18660629,0,16,60,1
5,28,18660522,0,16,60,13
11,12,18661109,0,16,60,4
5,16,18660506,0,16,60,4
5,13,18660517,0,16,60,4
6,1,18660629,0,16,60,1
9,21,18660918,0,16,60,8
10,12,18661013,0,16,60,4
9,26,18660918,0,16,60,12
7,1,18660715,0,16,60,1
4,16,18660417,0,16,60,4
6,16,18660612,0,16,60,4
7,25,18660713,0,16,60,11
4,15,18660430,0,16,60,4
8,17,18660824,0,16,60,4
10,4,18661012,0,16,60,1
8,14,18660824,0,16,60,4
8,9,18660824,0,16,60,4
4,26,18660417,0,16,60,12
6,4,18660611,0,16,60,1
4,23,18660415,0,16,60,10
6,16,18660601,0,16,60,4
6,8,18660613,0,16,60,4
5,28,18660529,0,16,60,13
9,15,18660922,0,16,60,4
10,11,18661003,0,16,60,4
7,4,18660721,0,16,60,1
11,15,18661109,0,16,60,4
5,26,18660509,0,16,60,12
10,19,18661006,0,16,60,6
5,19,18660503,0,16,60,6
5,26,18660527,0,16,60,12
4,6,18660409,0,16,60,3
3,26,18660327,0,16,60,12
6,4,18660624,0,16,60,1
5,6,18660521,0,16,60,3
5,4,18660519,0,16,60,1
5,16,18660509,0,16,60,4
11,28,18661120,0,16,60,13
10,17,18661020,0,16,60,4
5,14,18660507,0,16,60,4
5,14,18660509,0,16,60,4
10,26,18661004,0,16,60,12
6,4,18660627,0,16,60,1
10,16,18661020,0,16,60,4
9,4,18660928,0,16,60,1
9,19,18660908,0,16,60,6
10,26,18661006,0,16,60,12
9,8,18660908,0,16,60,4
5,8,18660501,0,16,60,4
8,4,18660812,0,16,60,1
12,28,18661208,0,16,60,13
10,19,18661002,0,16,60,6
3,27,18660328,0,16,60,12
9,19,18660914,0,16,60,6
5,17,18660507,0,16,60,4
9,13,18660925,0,16,60,4
9,4,18660907,0,16,60,1
9,9,18660917,0,16,60,4
9,13,18660914,0,16,60,4
5,28,18660523,0,16,60,13
10,17,18661006,0,16,60,4
6,13,18660619,0,16,60,4
5,16,18660510,0,16,60,4
6,4,18660612,0,16,60,1
9,22,18660903,0,16,60,9
9,16,18660924,0,16,60,4
9,26,18660915,0,16,60,12
9,19,18660928,0,16,60,6
7,4,18660705,0,16,60,1
10,26,18661022,0,16,60,12
9,26,18660924,0,16,60,12
9,8,18660925,0,16,60,4
4,28,18660427,0,16,60,13
6,4,18660628,0,16,60,1
9,8,18660917,0,16,60,4
8,4,18660803,0,16,60,1
2,5,18660207,0,16,60,2
9,26,18660903,0,16,60,12
7,4,18660712,0,16,60,1
9,3,18660921,0,16,60,1
6,3,18660608,0,16,60,1
10,23,18661014,0,16,60,10
7,3,18660706,0,16,60,1
5,24,18660502,0,16,60,10
6,3,18660607,0,16,60,1
7,3,18660702,0,16,60,1
9,6,18660917,0,16,60,3
8,1,18660817,0,16,60,1
6,25,18660624,0,16,60,11
11,3,18661107,0,16,60,1
6,1,18660622,0,16,60,1
9,27,18660916,0,16,60,12
5,22,18660530,0,16,60,9
7,22,18660703,0,16,60,9
8,27,18660828,0,16,60,12
6,27,18660616,0,16,60,12
10,22,18661008,0,16,60,9
3,5,18660320,0,16,60,2
7,25,18660717,0,16,60,11
7,22,18660721,0,16,60,9
7,22,18660730,0,16,60,9
4,27,18660417,0,16,60,12
6,1,18660621,0,16,61,1
6,1,18660624,0,16,61,1
9,27,18660924,0,16,61,12
4,21,18660408,0,16,61,8
4,27,18660423,0,16,61,12
5,27,18660508,0,16,61,12
2,0,18660210,0,16,61,0
4,20,18660416,0,16,61,7
11,21,18661113,0,16,61,8
5,23,18660524,0,16,61,10
4,0,18660405,0,16,61,0
3,0,18660305,0,16,61,0
7,21,18660730,0,16,61,8
4,0,18660409,0,16,61,0
11,0,18661129,0,16,61,0
7,20,18660728,0,16,61,7
5,1,18660520,0,16,61,1
11,3,18661109,0,16,61,1
3,24,18660327,0,16,61,10
4,21,18660418,0,16,61,8
2,0,18660221,0,16,61,0
7,22,18660709,0,16,61,9
3,0,18660323,0,16,61,0
4,21,18660413,0,16,61,8
7,25,18660714,0,16,61,11
9,20,18660912,0,16,61,7
3,24,18660326,0,16,61,10
5,20,18660525,0,16,61,7
11,23,18661101,0,16,61,10
2,0,18660226,0,16,61,0
6,4,18660623,0,16,61,1
10,12,18661011,0,16,61,4
9,17,18660926,0,16,61,4
5,19,18660502,0,16,61,6
11,4,18661126,0,16,61,1
8,1,18660820,0,16,61,1
5,14,18660529,0,16,61,4
3,27,18660329,0,16,61,12
8,26,18660815,0,16,61,12
8,26,18660816,0,16,61,12
5,26,18660529,0,16,61,12
8,3,18660814,0,16,61,1
5,11,18660504,0,16,61,4
8,26,18660817,0,16,61,12
11,27,18661101,0,16,61,12
9,9,18660925,0,16,61,4
5,21,18660530,0,16,61,8
8,26,18660806,0,16,61,12
8,26,18660812,0,16,61,12
5,26,18660516,0,16,61,12
7,4,18660725,0,16,61,1
5,3,18660519,0,16,61,1
9,4,18660926,0,16,61,1
9,9,18660926,0,16,61,4
5,9,18660516,0,16,61,4
4,26,18660421,0,16,61,12
7,26,18660727,0,16,61,12
8,26,18660807,0,16,61,12
10,13,18661011,0,16,61,4
7,1,18660711,0,16,61,1
9,3,18660916,0,16,61,1
7,4,18660703,0,16,61,1
7,26,18660702,0,16,61,12
9,19,18660929,0,16,61,6
5,19,18660511,0,16,61,6
7,1,18660712,0,16,61,1
10,13,18661012,0,16,61,4
10,4,18661025,0,16,61,1
8,26,18660828,0,16,61,12
3,11,18660302,0,16,61,4
11,3,18661115,0,16,61,1
6,12,18660618,0,16,61,4
7,4,18660714,0,16,61,1
4,14,18660417,0,16,61,4
9,15,18660915,0,16,61,4
6,3,18660618,0,16,61,1
9,4,18660929,0,16,61,1
10,4,18661022,0,16,61,1
7,26,18660705,0,16,61,12
7,4,18660706,0,16,61,1
9,8,18660913,0,16,61,4
9,13,18660913,0,16,61,4
9,19,18660913,0,16,61,6
9,26,18660909,0,16,61,12
9,26,18660913,0,16,61,12
4,16,18660420,0,16,61,4
10,26,18661019,0,16,61,12
5,15,18660523,0,16,61,4
10,13,18661013,0,16,61,4
9,27,18660914,0,16,61,12
9,26,18660905,0,16,61,12
10,6,18661021,0,16,61,3
9,4,18660905,0,16,61,1
10,15,18661003,0,16,61,4
8,9,18660825,0,16,61,4
9,26,18660902,0,16,61,12
8,17,18660823,0,16,61,4
5,4,18660514,0,16,61,1
8,4,18660823,0,16,61,1
10,16,18661011,0,16,61,4
11,11,18661107,0,16,61,4
5,15,18660505,0,16,61,4
10,17,18661011,0,16,61,4
10,19,18661016,0,16,61,6
6,1,18660601,0,16,61,1
8,9,18660823,0,16,61,4
8,4,18660822,0,16,61,1
5,28,18660514,0,16,61,13
7,4,18660731,0,16,61,1
8,17,18660822,0,16,61,4
6,3,18660603,0,16,61,1
10,27,18661001,0,16,61,12
6,3,18660623,0,16,61,1
8,20,18660811,0,16,61,7
4,6,18660415,0,16,61,3
9,1,18660912,0,16,61,1
4,24,18660408,0,16,61,10
11,23,18661115,0,16,61,10
8,5,18660814,0,16,61,2
9,1,18660913,0,16,61,1
10,5,18661010,0,16,61,2
4,23,18660425,0,16,61,10
4,3,18660406,0,16,61,1
5,23,18660515,0,16,61,10
4,5,18660406,0,16,61,2
5,21,18660501,0,16,61,8
6,3,18660622,0,16,61,1
5,23,18660521,0,16,61,10
5,20,18660501,0,16,61,7
10,20,18661006,0,16,61,7
11,23,18661114,0,16,61,10
5,21,18660525,0,16,61,8
5,22,18660506,0,16,61,9
5,22,18660525,0,16,62,9
7,1,18660702,0,16,62,1
5,20,18660530,0,16,62,7
10,6,18661020,0,16,62,3
10,6,18661007,0,16,62,3
10,6,18661019,0,16,62,3
4,6,18660424,0,16,62,3
7,20,18660703,0,16,62,7
6,27,18660615,0,16,62,12
4,27,18660421,0,16,62,12
4,27,18660420,0,16,62,12
9,27,18660910,0,16,62,12
11,4,18661117,0,16,62,1
9,1,18660911,0,16,62,1
6,27,18660604,0,16,62,12
5,22,18660507,0,16,62,9
9,27,18660907,0,16,62,12
4,20,18660410,0,16,62,7
5,6,18660518,0,16,62,3
9,27,18660913,0,16,62,12
8,1,18660822,0,16,62,1
10,23,18661013,0,16,62,10
1,0,18660131,0,16,62,0
2,0,18660212,0,16,62,0
10,27,18661003,0,16,62,12
8,20,18660801,0,16,62,7
10,24,18661013,0,16,62,10
7,1,18660707,0,16,62,1
8,22,18660820,0,16,62,9
8,1,18660810,0,16,62,1
2,0,18660205,0,16,62,0
6,1,18660612,0,16,62,1
10,22,18661006,0,16,62,9
3,0,18660329,0,16,62,0
5,6,18660523,0,16,62,3
11,0,18661122,0,16,62,0
5,5,18660503,0,16,62,2
4,0,18660403,0,16,62,0
5,20,18660511,0,16,62,7
5,21,18660511,0,16,62,8
9,1,18660929,0,16,62,1
11,0,18661124,0,16,62,0
3,0,18660322,0,16,62,0
3,0,18660320,0,16,62,0
2,0,18660216,0,16,62,0
4,23,18660404,0,16,62,10
11,3,18661112,0,16,62,1
5,27,18660520,0,16,62,12
5,21,18660507,0,16,62,8
4,6,18660418,0,17,62,3
10,21,18661008,0,17,62,8
9,1,18660924,0,17,62,1
9,6,18660924,0,17,62,3
9,27,18660917,0,17,62,12
8,22,18660812,0,17,62,9
7,27,18660723,0,17,62,12
5,27,18660521,0,17,62,12
7,20,18660708,0,17,62,7
10,27,18661017,0,17,62,12
5,27,18660528,0,17,62,12
10,24,18661017,0,17,62,10
5,24,18660523,0,17,62,10
4,5,18660416,0,17,62,2
9,22,18660915,0,17,62,9
6,27,18660611,0,17,62,12
5,26,18660523,0,17,62,12
5,13,18660524,0,17,62,4
5,11,18660525,0,17,62,4
6,26,18660613,0,17,62,12
8,27,18660805,0,17,62,12
6,4,18660614,0,17,62,1
6,26,18660611,0,17,62,12
4,4,18660403,0,17,62,1
5,3,18660520,0,17,62,1
4,26,18660425,0,17,62,12
5,26,18660521,0,17,62,12
5,13,18660525,0,17,62,4
6,26,18660614,0,17,62,12
8,1,18660808,0,17,62,1
7,26,18660703,0,17,62,12
11,4,18661121,0,17,62,1
9,6,18660914,0,17,62,3
6,4,18660619,0,17,62,1
9,26,18660912,0,17,62,12
5,19,18660501,0,17,62,6
10,26,18661018,0,17,62,12
6,9,18660619,0,17,62,4
5,19,18660508,0,17,62,6
9,17,18660908,0,17,62,4
1,4,18660128,0,17,62,1
10,27,18661019,0,17,62,12
5,11,18660509,0,17,62,4
6,8,18660612,0,17,62,4
10,14,18661020,0,17,62,4
9,26,18660906,0,17,62,12
5,13,18660509,0,17,62,4
4,17,18660419,0,17,62,4
10,11,18661006,0,17,62,4
9,4,18660906,0,17,62,1
6,4,18660620,0,17,62,1
10,16,18661022,0,17,62,4
9,26,18660907,0,17,62,12
9,4,18660915,0,17,62,1
6,26,18660618,0,17,62,12
5,13,18660507,0,17,62,4
10,28,18661013,0,17,62,13
9,8,18660926,0,17,62,4
10,4,18661014,0,17,62,1
9,14,18660925,0,17,62,4
6,11,18660628,0,17,62,4
11,28,18661130,0,17,62,13
9,17,18660924,0,17,62,4
9,13,18660924,0,17,62,4
9,8,18660927,0,17,62,4
5,19,18660504,0,17,62,6
4,19,18660422,0,17,62,6
6,4,18660616,0,17,62,1
4,4,18660427,0,17,62,1
6,26,18660608,0,17,62,12
9,4,18660920,0,17,62,1
10,17,18661013,0,17,62,4
7,26,18660701,0,17,62,12
10,14,18661013,0,17,62,4
7,4,18660702,0,17,62,1
6,13,18660618,0,17,62,4
5,26,18660506,0,17,62,12
4,11,18660427,0,17,62,4
9,17,18660917,0,17,62,4
5,19,18660510,0,17,62,6
4,27,18660418,0,17,62,12
10,26,18661020,0,17,62,12
10,3,18661006,0,17,62,1
8,14,18660823,0,17,62,4
4,27,18660427,0,17,62,12
8,11,18660823,0,17,62,4
10,15,18661009,0,17,62,4
4,19,18660429,0,17,62,6
8,1,18660823,0,17,62,1
8,8,18660822,0,17,62,4
10,19,18661001,0,17,62,6
5,26,18660515,0,17,62,12
4,26,18660424,0,17,62,12
5,9,18660531,0,17,62,4
5,4,18660516,0,17,62,1
6,4,18660621,0,17,62,1
11,28,18661111,0,17,62,13
5,8,18660517,0,17,62,4
4,19,18660424,0,17,62,6
8,26,18660813,0,17,62,12
8,1,18660813,0,17,62,1
4,8,18660413,0,17,62,4
5,3,18660527,0,17,62,1
4,28,18660412,0,17,62,13
8,16,18660823,0,17,62,4
8,11,18660824,0,17,62,4
8,12,18660823,0,17,62,4
8,11,18660825,0,17,62,4
10,26,18661003,0,17,62,12
11,3,18661127,0,17,62,1
6,4,18660604,0,17,62,1
6,3,18660604,0,17,62,1
8,17,18660825,0,17,62,4
8,14,18660825,0,17,62,4
8,4,18660830,0,17,62,1
8,4,18660825,0,17,62,1
6,15,18660604,0,17,62,4
6,26,18660612,0,17,62,12
8,26,18660831,0,17,62,12
4,16,18660418,0,17,62,4
6,4,18660602,0,17,62,1
10,8,18661012,0,17,62,4
8,21,18660813,0,17,62,8
8,1,18660814,0,17,62,1
10,6,18661022,0,17,62,3
4,3,18660427,0,17,62,1
5,6,18660526,0,17,62,3
5,20,18660505,0,17,62,7
4,23,18660409,0,17,62,10
11,23,18661107,0,17,62,10
7,20,18660726,0,17,62,7
7,25,18660716,0,17,62,11
10,6,18661004,0,17,62,3
9,5,18660912,0,17,62,2
9,22,18660912,0,17,62,9
4,22,18660416,0,17,62,9
9,22,18660913,0,17,62,9
7,1,18660704,0,17,62,1
8,21,18660801,0,17,62,8
4,6,18660407,0,17,62,3
8,5,18660811,0,17,62,2
4,23,18660410,0,17,62,10
5,3,18660522,0,17,62,1
8,1,18660812,0,17,62,1
4,6,18660412,0,17,62,3
6,1,18660603,0,17,62,1
8,6,18660811,0,17,62,3
6,22,18660616,0,17,62,9
4,20,18660425,0,17,62,7
5,1,18660521,0,17,62,1
5,20,18660512,0,17,62,7
5,1,18660518,0,17,62,1
4,0,18660410,0,17,63,0
11,0,18661120,0,17,63,0
8,20,18660812,0,17,63,7
11,0,18661101,0,17,63,0
6,22,18660601,0,17,63,9
2,0,18660202,0,17,63,0
3,0,18660315,0,17,63,0
9,27,18660912,0,17,63,12
3,0,18660328,0,17,63,0
3,0,18660325,0,17,63,0
10,5,18661008,0,17,63,2
4,22,18660417,0,17,63,9
5,6,18660525,0,17,63,3
11,0,18661121,0,17,63,0
7,22,18660727,0,17,63,9
11,0,18661125,0,17,63,0
10,0,18661031,0,17,63,0
11,0,18661123,0,17,63,0
4,5,18660413,0,17,63,2
5,6,18660519,0,17,63,3
10,0,18661028,0,17,63,0
2,0,18660220,0,17,63,0
5,6,18660527,0,17,63,3
2,0,18660213,0,17,63,0
9,22,18660909,0,17,63,9
3,0,18660330,0,17,63,0
4,0,18660407,0,17,63,0
10,20,18661010,0,17,63,7
2,0,18660215,0,17,63,0
10,0,18661030,0,17,63,0
5,22,18660508,0,17,63,9
4,3,18660425,0,17,63,1
9,22,18660918,0,17,63,9
5,20,18660507,0,17,63,7
4,6,18660408,0,17,63,3
9,1,18660923,0,17,63,1
9,27,18660926,0,17,63,12
9,3,18660903,0,17,63,1
5,5,18660525,0,17,63,2
5,23,18660516,0,17,63,10
6,1,18660623,0,17,63,1
5,6,18660508,0,17,63,3
7,27,18660730,0,17,63,12
9,21,18660916,0,17,63,8
4,21,18660416,0,17,63,8
9,3,18660924,0,17,63,1
9,21,18660904,0,17,63,8
9,6,18660920,0,17,63,3
11,23,18661105,0,17,63,10
4,11,18660411,0,17,63,4
7,3,18660703,0,17,63,1
8,26,18660803,0,17,63,12
6,4,18660605,0,17,63,1
10,14,18661012,0,17,63,4
6,9,18660618,0,17,63,4
8,8,18660815,0,17,63,4
8,4,18660804,0,17,63,1
9,12,18660918,0,17,63,4
6,15,18660605,0,17,63,4
9,17,18660907,0,17,63,4
10,9,18661012,0,17,63,4
5,17,18660524,0,17,63,4
8,26,18660830,0,17,63,12
6,15,18660612,0,17,63,4
10,8,18661017,0,17,63,4
9,14,18660908,0,17,63,4
4,4,18660402,0,17,63,1
8,26,18660810,0,17,63,12
9,16,18660907,0,17,63,4
6,26,18660619,0,17,63,12
11,3,18661103,0,17,63,1
5,9,18660509,0,17,63,4
5,26,18660526,0,17,63,12
8,26,18660809,0,17,63,12
10,4,18661013,0,17,63,1
9,19,18660906,0,17,63,6
5,13,18660526,0,17,63,4
9,14,18660911,0,17,63,4
8,26,18660808,0,17,63,12
7,20,18660709,0,17,63,7
9,3,18660905,0,17,63,1
9,9,18660913,0,17,63,4
10,17,18661022,0,17,63,4
6,26,18660606,0,17,63,12
5,14,18660525,0,17,63,4
5,11,18660524,0,17,63,4
5,14,18660510,0,17,63,4
9,14,18660914,0,17,63,4
2,8,18660222,0,17,63,4
7,4,18660704,0,17,63,1
5,28,18660524,0,17,63,13
1,4,18660126,0,17,63,1
10,17,18661012,0,17,63,4
6,26,18660605,0,17,63,12
4,3,18660428,0,17,63,1
3,11,18660301,0,17,63,4
8,26,18660804,0,17,63,12
10,28,18661009,0,17,63,13
9,28,18660923,0,17,63,13
10,28,18661015,0,17,63,13
6,26,18660601,0,17,63,12
10,3,18661026,0,17,63,1
5,15,18660504,0,17,63,4
10,4,18661026,0,17,63,1
8,6,18660817,0,17,63,3
8,16,18660824,0,17,63,4
7,26,18660731,0,17,63,12
8,4,18660801,0,17,63,1
8,8,18660825,0,17,63,4
6,26,18660602,0,17,63,12
10,28,18661007,0,17,63,13
5,15,18660530,0,17,63,4
10,28,18661030,0,17,63,13
8,28,18660817,0,17,63,13
11,15,18661108,0,17,63,4
8,26,18660801,0,17,63,12
5,19,18660505,0,17,63,6
4,19,18660430,0,17,63,6
9,14,18660924,0,17,63,4
6,4,18660603,0,17,63,1
9,19,18660930,0,17,63,6
8,14,18660822,0,17,63,4
8,16,18660822,0,17,63,4
4,19,18660423,0,17,63,6
5,11,18660515,0,17,63,4
6,16,18660628,0,17,63,4
8,4,18660821,0,17,63,1
10,15,18661011,0,17,63,4
9,12,18660925,0,17,63,4
9,11,18660926,0,17,63,4
7,3,18660701,0,17,63,1
11,4,18661114,0,17,63,1
9,28,18660924,0,17,63,13
4,14,18660423,0,17,63,4
7,4,18660701,0,17,63,1
5,3,18660521,0,17,63,1
8,22,18660810,0,17,63,9
6,21,18660618,0,17,63,8
3,24,18660329,0,17,63,10
9,6,18660916,0,17,63,3
8,6,18660812,0,17,63,3
8,3,18660823,0,17,63,1
11,23,18661104,0,17,63,10
6,3,18660602,0,17,63,1
4,5,18660412,0,17,63,2
5,3,18660516,0,17,63,1
5,1,18660519,0,17,63,1
7,1,18660706,0,17,63,1
10,5,18661006,0,17,63,2
11,3,18661118,0,17,63,1
7,22,18660723,0,17,63,9
6,3,18660605,0,17,63,1
8,1,18660803,0,17,63,1
8,6,18660829,0,17,63,3
9,3,18660919,0,17,63,1
7,20,18660720,0,17,63,7
9,1,18660930,0,17,63,1
11,3,18661130,0,17,63,1
5,1,18660529,0,17,63,1
11,3,18661119,0,17,63,1
8,20,18660814,0,17,63,7
4,24,18660412,0,17,63,10
8,27,18660815,0,17,63,12
5,22,18660511,0,17,63,9
7,1,18660703,0,17,63,1
10,6,18661003,0,17,63,3
9,6,18660918,0,17,63,3
9,20,18660903,0,17,63,7
5,23,18660526,0,18,64,10
6,27,18660617,0,18,64,12
4,22,18660410,0,18,64,9
11,0,18661128,0,18,64,0
2,0,18660214,0,18,64,0
8,22,18660813,0,18,64,9
2,0,18660201,0,18,64,0
10,4,18661006,0,18,64,1
4,23,18660408,0,18,64,10
10,23,18661017,0,18,64,10
4,24,18660411,0,18,64,10
7,6,18660720,0,18,64,3
4,23,18660416,0,18,64,10
4,0,18660406,0,18,64,0
11,23,18661106,0,18,64,10
11,3,18661110,0,18,64,1
10,24,18661016,0,18,64,10
4,0,18660411,0,18,64,0
11,0,18661119,0,18,64,0
8,27,18660809,0,18,64,12
2,0,18660219,0,18,64,0
8,27,18660814,0,18,64,12
9,22,18660904,0,18,64,9
10,6,18661006,0,18,64,3
8,21,18660812,0,18,64,8
9,27,18660928,0,18,64,12
7,21,18660709,0,18,64,8
8,1,18660804,0,18,64,1
8,1,18660829,0,18,64,1
9,22,18660916,0,18,64,9
7,21,18660726,0,18,64,8
9,27,18660902,0,18,64,12
8,1,18660805,0,18,64,1
10,1,18661013,0,18,64,1
6,21,18660617,0,18,64,8
5,24,18660501,0,18,64,10
7,1,18660705,0,18,64,1
9,27,18660927,0,18,64,12
9,21,18660919,0,18,64,8
8,3,18660822,0,18,64,1
11,3,18661111,0,18,64,1
9,6,18660915,0,18,64,3
10,1,18661006,0,18,64,1
8,1,18660830,0,18,64,1
8,3,18660831,0,18,64,1
3,3,18660308,0,18,64,1
10,3,18661015,0,18,64,1
5,3,18660514,0,18,64,1
5,27,18660525,0,18,64,12
5,27,18660529,0,18,64,12
9,6,18660903,0,18,64,3
9,3,18660913,0,18,64,1
5,24,18660524,0,18,64,10
10,27,18661020,0,18,64,12
11,3,18661126,0,18,64,1
8,19,18660811,0,18,64,6
8,1,18660811,0,18,64,1
4,24,18660430,0,18,64,10
6,14,18660607,0,18,64,4
10,13,18661020,0,18,64,4
10,6,18661005,0,18,64,3
10,15,18661020,0,18,64,4
5,11,18660531,0,18,64,4
8,26,18660829,0,18,64,12
7,20,18660723,0,18,64,7
5,4,18660515,0,18,64,1
9,8,18660907,0,18,64,4
6,13,18660601,0,18,64,4
8,13,18660821,0,18,64,4
6,16,18660604,0,18,64,4
11,4,18661102,0,18,64,1
8,26,18660811,0,18,64,12
6,1,18660613,0,18,64,1
8,19,18660818,0,18,64,6
8,16,18660825,0,18,64,4
5,17,18660510,0,18,64,4
11,4,18661101,0,18,64,1
8,13,18660815,0,18,64,4
5,11,18660530,0,18,64,4
6,12,18660606,0,18,64,4
8,15,18660831,0,18,64,4
6,1,18660606,0,18,64,1
10,12,18661012,0,18,64,4
5,11,18660517,0,18,64,4
4,19,18660428,0,18,64,6
9,16,18660929,0,18,64,4
10,11,18661012,0,18,64,4
5,13,18660510,0,18,64,4
4,17,18660428,0,18,64,4
5,9,18660510,0,18,64,4
10,28,18661020,0,18,64,13
6,1,18660620,0,18,64,1
8,13,18660830,0,18,64,4
6,8,18660607,0,18,64,4
10,8,18661009,0,18,64,4
9,19,18660905,0,18,64,6
6,4,18660607,0,18,64,1
5,26,18660517,0,18,64,12
8,4,18660824,0,18,64,1
5,4,18660518,0,18,64,1
9,26,18660904,0,18,64,12
5,19,18660512,0,18,64,6
10,13,18661009,0,18,64,4
8,19,18660813,0,18,64,6
8,26,18660827,0,18,64,12
5,19,18660509,0,18,64,6
8,4,18660829,0,18,64,1
5,19,18660515,0,18,64,6
9,19,18660907,0,18,64,6
4,28,18660404,0,18,64,13
4,13,18660404,0,18,64,4
6,26,18660630,0,18,64,12
6,1,18660617,0,18,64,1
8,26,18660802,0,18,64,12
6,16,18660617,0,18,64,4
5,4,18660520,0,18,64,1
10,15,18661013,0,18,64,4
10,28,18661016,0,18,64,13
10,12,18661010,0,18,64,4
9,16,18660917,0,18,64,4
9,13,18660917,0,18,64,4
8,4,18660805,0,18,64,1
6,17,18660618,0,18,64,4
10,13,18661017,0,18,64,4
9,16,18660916,0,18,64,4
8,4,18660806,0,18,64,1
6,20,18660618,0,18,64,7
4,23,18660411,0,18,64,10
5,19,18660507,0,18,64,6
9,17,18660914,0,18,64,4
5,28,18660505,0,18,64,13
7,26,18660704,0,18,64,12
6,13,18660616,0,18,64,4
8,22,18660801,0,18,64,9
4,21,18660425,0,18,64,8
7,26,18660729,0,18,64,12
4,19,18660425,0,18,64,6
5,4,18660522,0,18,64,1
5,23,18660522,0,18,64,10
6,8,18660628,0,18,64,4
7,26,18660728,0,18,64,12
9,9,18660924,0,18,64,4
9,8,18660924,0,18,64,4
5,4,18660504,0,18,64,1
9,9,18660927,0,18,64,4
9,13,18660927,0,18,64,4
10,13,18661015,0,18,64,4
9,14,18660927,0,18,64,4
4,14,18660405,0,18,64,4
9,16,18660927,0,18,64,4
4,16,18660422,0,18,64,4
11,4,18661123,0,18,64,1
9,17,18660927,0,18,64,4
6,4,18660609,0,18,64,1
4,13,18660405,0,18,64,4
9,21,18660921,0,18,64,8
9,14,18660913,0,18,64,4
6,1,18660618,0,18,64,1
7,26,18660707,0,18,64,12
9,16,18660911,0,18,64,4
6,11,18660619,0,18,64,4
4,13,18660412,0,18,64,4
4,16,18660412,0,18,64,4
5,17,18660525,0,18,64,4
5,8,18660508,0,18,64,4
9,14,18660928,0,18,64,4
10,14,18661010,0,18,64,4
9,13,18660908,0,18,64,4
7,27,18660706,0,18,64,12
5,11,18660508,0,18,64,4
10,28,18661019,0,18,64,13
10,13,18661019,0,18,64,4
5,8,18660526,0,18,64,4
10,28,18661018,0,18,64,13
5,17,18660508,0,18,64,4
7,6,18660706,0,18,64,3
10,6,18661008,0,18,64,3
8,22,18660818,0,18,64,9
12,3,18661202,0,18,64,1
8,6,18660816,0,18,64,3
7,27,18660702,0,18,64,12
4,6,18660416,0,18,64,3
7,21,18660727,0,18,64,8
7,21,18660723,0,18,64,8
4,6,18660411,0,18,64,3
7,1,18660708,0,18,64,1
4,24,18660429,0,18,64,10
4,23,18660421,0,18,64,10
5,24,18660515,0,18,64,10
6,1,18660604,0,18,64,1
4,22,18660425,0,18,64,9
5,6,18660520,0,18,64,3
5,3,18660525,0,18,64,1
4,21,18660417,0,18,64,8
8,27,18660816,0,18,64,12
7,20,18660702,0,18,64,7
4,24,18660422,0,18,64,10
4,0,18660417,0,18,64,0
9,20,18660904,0,18,64,7
11,0,18661113,0,18,64,0
10,0,18661026,0,18,64,0
8,21,18660829,0,18,64,8
11,0,18661114,0,18,64,0
11,0,18661115,0,18,64,0
10,0,18661029,0,18,64,0
9,1,18660927,0,18,64,1
6,21,18660601,0,18,64,8
10,23,18661016,0,18,64,10
3,0,18660316,0,18,64,0
11,0,18661116,0,18,64,0
3,0,18660324,0,18,64,0
4,0,18660418,0,18,64,0
5,0,18660507,0,18,64,0
9,6,18660925,0,18,64,3
8,27,18660807,0,18,64,12
4,0,18660412,0,18,64,0
5,0,18660508,0,18,64,0
8,6,18660805,0,18,64,3
5,23,18660501,0,18,64,10
2,0,18660227,0,18,64,0
9,5,18660903,0,18,64,2
2,0,18660203,0,18,64,0
9,20,18660913,0,18,64,7
11,0,18661103,0,18,64,0
6,3,18660615,0,18,64,1
4,24,18660424,0,18,64,10
4,0,18660413,0,18,64,0
4,1,18660406,0,18,65,1
7,20,18660721,0,18,65,7
8,6,18660807,0,18,65,3
9,5,18660920,0,18,65,2
8,21,18660806,0,18,65,8
4,6,18660419,0,18,65,3
4,3,18660405,0,18,65,1
5,23,18660518,0,18,65,10
8,4,18660831,0,18,65,1
5,21,18660508,0,18,65,8
6,27,18660618,0,18,65,12
9,27,18660929,0,18,65,12
10,1,18661014,0,18,65,1
9,21,18660912,0,18,65,8
9,27,18660918,0,18,65,12
3,24,18660328,0,18,65,10
9,27,18660901,0,18,65,12
4,5,18660425,0,18,65,2
4,6,18660413,0,18,65,3
9,6,18660919,0,18,65,3
9,27,18660925,0,18,65,12
10,5,18661013,0,18,65,2
4,20,18660418,0,18,65,7
5,5,18660507,0,18,65,2
3,24,18660330,0,18,65,10
7,1,18660709,0,18,65,1
6,1,18660619,0,18,65,1
12,3,18661220,0,18,65,1
10,1,18661005,0,18,65,1
5,27,18660516,0,18,65,12
8,1,18660807,0,18,65,1
1,3,18660127,0,18,65,1
8,1,18660806,0,18,65,1
8,20,18660806,0,18,65,7
6,16,18660619,0,18,65,4
6,13,18660607,0,18,65,4
6,15,18660619,0,18,65,4
8,19,18660824,0,18,65,6
10,13,18661022,0,18,65,4
9,28,18660922,0,18,65,13
5,15,18660515,0,18,65,4
10,17,18661009,0,18,65,4
9,12,18660926,0,18,65,4
5,3,18660515,0,18,65,1
8,11,18660822,0,18,65,4
6,4,18660615,0,18,65,1
9,15,18660907,0,18,65,4
3,28,18660313,0,18,65,13
5,19,18660514,0,18,65,6
11,4,18661124,0,18,65,1
5,8,18660514,0,18,65,4
9,13,18660910,0,18,65,4
9,9,18660908,0,18,65,4
11,4,18661129,0,18,65,1
12,3,18661201,0,18,65,1
8,12,18660824,0,18,65,4
6,14,18660601,0,18,65,4
10,4,18661001,0,18,65,1
5,4,18660506,0,18,65,1
9,4,18660922,0,18,65,1
9,28,18660929,0,18,65,13
10,9,18661017,0,18,65,4
6,9,18660605,0,18,65,4
10,27,18661018,0,18,65,12
9,14,18660917,0,18,65,4
6,16,18660605,0,18,65,4
10,4,18661007,0,18,65,1
5,9,18660508,0,18,65,4
9,28,18660916,0,18,65,13
10,14,18661017,0,18,65,4
9,19,18660901,0,18,65,6
5,27,18660506,0,18,65,12
10,28,18661023,0,18,65,13
9,1,18660902,0,18,65,1
6,22,18660618,0,18,65,9
10,9,18661009,0,18,65,4
6,4,18660606,0,18,65,1
10,3,18661009,0,18,65,1
5,15,18660510,0,18,65,4
9,9,18660914,0,18,65,4
4,4,18660419,0,18,65,1
10,4,18661018,0,18,65,1
10,16,18661018,0,18,65,4
10,13,18661018,0,18,65,4
11,4,18661118,0,18,65,1
6,16,18660602,0,18,65,4
8,16,18660830,0,18,65,4
8,3,18660830,0,18,65,1
10,14,18661009,0,18,65,4
6,16,18660629,0,18,65,4
4,9,18660417,0,18,65,4
9,14,18660910,0,18,65,4
4,13,18660417,0,18,65,4
10,1,18661027,0,18,65,1
3,4,18660305,0,18,65,1
6,1,18660616,0,18,65,1
4,19,18660426,0,18,65,6
6,16,18660603,0,18,65,4
6,14,18660612,0,18,65,4
5,19,18660506,0,18,65,6
8,19,18660827,0,18,65,6
6,19,18660616,0,18,65,6
1,3,18660118,0,18,65,1
5,14,18660508,0,18,65,4
9,9,18660911,0,18,65,4
8,19,18660828,0,18,65,6
9,13,18660911,0,18,65,4
9,22,18660919,0,18,65,9
1,1,18660119,0,18,65,1
4,13,18660421,0,18,65,4
9,3,18660930,0,18,65,1
1,3,18660119,0,18,65,1
3,4,18660304,0,18,65,1
4,4,18660407,0,18,65,1
6,9,18660604,0,18,65,4
3,4,18660330,0,18,65,1
8,19,18660807,0,18,65,6
8,26,18660818,0,18,65,12
4,3,18660402,0,18,65,1
8,26,18660805,0,18,65,12
5,19,18660516,0,18,65,6
8,3,18660805,0,18,65,1
11,9,18661109,0,18,65,4
4,3,18660403,0,18,65,1
8,27,18660803,0,18,65,12
4,4,18660404,0,18,65,1
5,4,18660524,0,18,65,1
5,3,18660524,0,18,65,1
10,9,18661011,0,18,65,4
10,11,18661011,0,18,65,4
4,9,18660404,0,18,65,4
8,9,18660808,0,18,65,4
4,14,18660412,0,18,65,4
4,17,18660412,0,18,65,4
8,1,18660809,0,18,65,1
10,1,18661011,0,18,65,1
4,4,18660414,0,18,65,1
5,9,18660529,0,18,65,4
4,4,18660426,0,18,65,1
8,26,18660814,0,18,65,12
4,28,18660429,0,18,65,13
3,3,18660327,0,18,65,1
11,4,18661130,0,18,65,1
8,16,18660813,0,18,65,4
11,4,18661110,0,18,65,1
8,6,18660818,0,18,65,3
8,6,18660810,0,18,65,3
5,9,18660517,0,18,65,4
12,3,18661209,0,18,65,1
8,19,18660809,0,18,65,6
4,4,18660415,0,18,65,1
8,5,18660812,0,18,65,2
5,26,18660520,0,18,65,12
8,16,18660816,0,18,65,4
5,4,18660523,0,18,65,1
11,4,18661107,0,18,65,1
7,6,18660730,0,18,65,3
4,17,18660405,0,18,65,4
7,26,18660730,0,18,65,12
4,21,18660409,0,18,65,8
5,4,18660521,0,18,65,1
7,20,18660730,0,18,65,7
8,4,18660802,0,18,65,1
9,1,18660918,0,18,65,1
4,5,18660411,0,18,65,2
5,1,18660515,0,18,65,1
4,23,18660402,0,18,65,10
8,6,18660814,0,18,65,3
10,1,18661007,0,18,65,1
10,1,18661012,0,18,65,1
8,27,18660804,0,18,65,12
8,6,18660804,0,18,65,3
10,24,18661011,0,18,65,10
9,6,18660921,0,18,65,3
8,22,18660815,0,18,65,9
11,0,18661102,0,18,65,0
3,3,18660319,0,18,65,1
7,21,18660708,0,18,65,8
5,20,18660510,0,18,65,7
8,22,18660829,0,18,65,9
5,20,18660502,0,18,65,7
5,20,18660508,0,18,65,7
11,0,18661130,0,18,65,0
5,0,18660523,0,18,65,0
9,3,18660926,0,18,65,1
4,0,18660426,0,18,65,0
8,22,18660814,0,18,65,9
11,0,18661127,0,18,65,0
3,0,18660327,0,18,65,0
5,23,18660517,0,18,65,10
6,6,18660618,0,18,65,3
11,0,18661112,0,18,65,0
7,21,18660702,0,18,65,8
7,21,18660724,0,19,65,8
9,6,18660910,0,19,65,3
4,3,18660416,0,19,65,1
10,1,18661015,0,19,65,1
8,5,18660813,0,19,65,2
8,27,18660829,0,19,65,12
9,21,18660913,0,19,65,8
8,27,18660827,0,19,65,12
4,24,18660425,0,19,65,10
9,27,18660909,0,19,66,12
11,3,18661120,0,19,66,1
8,27,18660808,0,19,66,12
6,1,18660614,0,19,66,1
9,20,18660920,0,19,66,7
5,27,18660530,0,19,66,12
5,1,18660516,0,19,66,1
4,20,18660426,0,19,66,7
9,20,18660921,0,19,66,7
3,3,18660314,0,19,66,1
8,1,18660827,0,19,66,1
10,24,18661010,0,19,66,10
7,6,18660731,0,19,66,3
8,6,18660813,0,19,66,3
9,1,18660901,0,19,66,1
6,27,18660605,0,19,66,12
6,1,18660605,0,19,66,1
8,20,18660813,0,19,66,7
9,22,18660925,0,19,66,9
5,1,18660528,0,19,66,1
10,1,18661001,0,19,66,1
9,27,18660906,0,19,66,12
9,22,18660926,0,19,66,9
7,22,18660720,0,19,66,9
4,20,18660414,0,19,66,7
8,6,18660815,0,19,66,3
6,21,18660616,0,19,66,8
11,1,18661114,0,19,66,1
10,23,18661008,0,19,66,10
9,6,18660912,0,19,66,3
8,5,18660805,0,19,66,2
4,5,18660427,0,19,66,2
8,1,18660824,0,19,66,1
5,3,18660523,0,19,66,1
8,6,18660806,0,19,66,3
5,3,18660505,0,19,66,1
10,24,18661009,0,19,66,10
7,6,18660704,0,19,66,3
9,22,18660921,0,19,66,9
5,5,18660511,0,19,66,2
8,19,18660814,0,19,66,6
9,19,18660902,0,19,66,6
1,4,18660109,0,19,66,1
5,15,18660518,0,19,66,4
5,28,18660506,0,19,66,13
9,22,18660917,0,19,66,9
9,1,18660903,0,19,66,1
9,11,18660917,0,19,66,4
5,14,18660518,0,19,66,4
8,14,18660804,0,19,66,4
10,16,18661007,0,19,66,4
4,4,18660425,0,19,66,1
4,8,18660428,0,19,66,4
1,4,18660118,0,19,66,1
9,1,18660921,0,19,66,1
4,4,18660405,0,19,66,1
6,4,18660617,0,19,66,1
7,26,18660726,0,19,66,12
6,19,18660617,0,19,66,6
10,14,18661003,0,19,66,4
8,17,18660815,0,19,66,4
8,16,18660831,0,19,66,4
8,19,18660803,0,19,66,6
12,4,18661205,0,19,66,1
6,4,18660618,0,19,66,1
6,11,18660618,0,19,66,4
11,4,18661125,0,19,66,1
5,1,18660522,0,19,66,1
6,16,18660611,0,19,66,4
4,15,18660411,0,19,66,4
6,15,18660618,0,19,66,4
10,4,18661004,0,19,66,1
7,19,18660707,0,19,66,6
6,20,18660607,0,19,66,7
9,1,18660909,0,19,66,1
9,12,18660924,0,19,66,4
6,17,18660619,0,19,66,4
7,6,18660705,0,19,66,3
9,11,18660924,0,19,66,4
9,4,18660924,0,19,66,1
9,11,18660913,0,19,66,4
5,14,18660526,0,19,66,4
9,16,18660928,0,19,66,4
2,4,18660202,0,19,66,1
4,19,18660427,0,19,66,6
8,13,18660809,0,19,66,4
9,16,18660913,0,19,66,4
6,13,18660606,0,19,66,4
8,19,18660829,0,19,66,6
9,12,18660907,0,19,66,4
5,15,18660508,0,19,66,4
8,17,18660813,0,19,66,4
7,6,18660703,0,19,66,3
9,19,18660904,0,19,66,6
6,17,18660612,0,19,66,4
9,13,18660905,0,19,66,4
3,3,18660328,0,19,66,1
4,4,18660408,0,19,66,1
11,28,18661129,0,19,66,13
9,28,18660927,0,19,66,13
6,13,18660629,0,19,66,4
9,11,18660925,0,19,66,4
5,28,18660507,0,19,66,13
7,26,18660724,0,19,66,12
7,27,18660728,0,19,66,12
8,19,18660810,0,19,66,6
6,14,18660619,0,19,66,4
8,19,18660812,0,19,66,6
5,28,18660530,0,19,66,13
4,4,18660429,0,19,66,1
8,19,18660817,0,19,66,6
5,19,18660517,0,19,66,6
8,19,18660819,0,19,66,6
12,1,18661218,0,19,66,1
3,4,18660319,0,19,66,1
8,28,18660823,0,19,66,13
8,12,18660822,0,19,66,4
6,19,18660603,0,19,66,6
8,13,18660820,0,19,66,4
4,28,18660415,0,19,66,13
8,19,18660822,0,19,66,6
4,14,18660428,0,19,66,4
5,19,18660513,0,19,66,6
6,28,18660603,0,19,66,13
3,4,18660308,0,19,66,1
5,11,18660514,0,19,66,4
8,4,18660826,0,19,66,1
4,27,18660424,0,19,66,12
5,15,18660531,0,19,66,4
3,28,18660315,0,19,66,13
12,3,18661206,0,19,66,1
11,4,18661115,0,19,66,1
8,15,18660823,0,19,66,4
3,4,18660315,0,19,66,1
8,19,18660825,0,19,66,6
8,5,18660806,0,19,66,2
11,0,18661111,0,19,66,0
5,24,18660516,0,19,66,10
11,0,18661126,0,19,66,0
8,21,18660815,0,19,66,8
10,24,18661015,0,19,66,10
6,21,18660605,0,19,66,8
9,21,18660917,0,19,66,8
8,6,18660802,0,19,66,3
11,0,18661117,0,19,66,0
4,0,18660416,0,19,66,0
5,0,18660506,0,19,66,0
8,21,18660805,0,19,66,8
3,0,18660326,0,19,66,0
2,0,18660228,0,19,66,0
4,0,18660427,0,19,66,0
10,23,18661010,0,19,66,10
5,0,18660522,0,19,66,0
5,23,18660502,0,19,66,10
5,0,18660509,0,19,66,0
3,0,18660331,0,19,66,0
8,20,18660818,0,19,66,7
4,23,18660430,0,19,66,10
3,0,18660301,0,19,66,0
5,0,18660510,0,19,66,0
8,6,18660830,0,19,66,3
11,0,18661118,0,19,66,0
8,22,18660817,0,19,66,9
4,0,18660419,0,19,66,0
7,21,18660721,0,19,66,8
9,6,18660913,0,19,66,3
8,27,18660806,0,19,66,12
8,21,18660817,0,19,66,8
2,3,18660201,0,19,66,1
9,3,18660906,0,19,66,1
3,3,18660329,0,19,66,1
7,27,18660707,0,19,66,12
9,6,18660908,0,19,66,3
8,22,18660805,0,19,66,9
4,1,18660426,0,19,66,1
5,20,18660528,0,19,66,7
7,6,18660702,0,19,66,3
7,21,18660703,0,19,66,8
7,27,18660704,0,19,66,12
8,27,18660820,0,19,66,12
7,20,18660725,0,19,66,7
7,27,18660729,0,19,66,12
7,21,18660720,0,19,66,8
6,27,18660630,0,19,66,12
7,6,18660701,0,19,67,3
5,24,18660522,0,19,67,10
10,24,18661012,0,19,67,10
6,27,18660612,0,19,67,12
10,24,18661014,0,19,67,10
9,27,18660908,0,19,67,12
7,27,18660703,0,19,67,12
5,27,18660519,0,19,67,12
9,1,18660925,0,19,67,1
8,1,18660825,0,19,67,1
9,27,18660905,0,19,67,12
5,27,18660522,0,19,67,12
5,3,18660526,0,19,67,1
8,6,18660809,0,19,67,3
9,27,18660904,0,19,67,12
8,21,18660818,0,19,67,8
6,21,18660614,0,19,67,8
8,6,18660808,0,19,67,3
5,27,18660531,0,19,67,12
4,5,18660414,0,19,67,2
7,21,18660728,0,19,67,8
5,1,18660523,0,19,67,1
12,1,18661204,0,19,67,1
11,1,18661115,0,19,67,1
9,6,18660926,0,19,67,3
9,24,18660926,0,19,67,10
4,6,18660425,0,19,67,3
11,1,18661113,0,19,67,1
11,1,18661124,0,19,67,1
6,26,18660609,0,19,67,12
4,15,18660423,0,19,67,4
12,3,18661217,0,19,67,1
9,4,18660925,0,19,67,1
10,27,18661002,0,19,67,12
12,4,18661217,0,19,67,1
10,11,18661013,0,19,67,4
3,4,18660322,0,19,67,1
6,26,18660621,0,19,67,12
9,13,18660912,0,19,67,4
5,16,18660519,0,19,67,4
6,9,18660628,0,19,67,4
10,9,18661013,0,19,67,4
8,19,18660808,0,19,67,6
12,4,18661220,0,19,67,1
5,4,18660527,0,19,67,1
5,28,18660508,0,19,67,13
6,4,18660622,0,19,67,1
9,28,18660925,0,19,67,13
8,19,18660826,0,19,67,6
5,17,18660526,0,19,67,4
8,20,18660809,0,19,67,7
10,16,18661019,0,19,67,4
6,19,18660602,0,19,67,6
9,16,18660910,0,19,67,4
9,13,18660928,0,19,67,4
10,14,18661011,0,19,67,4
10,4,18661020,0,19,67,1
4,11,18660417,0,19,67,4
7,19,18660708,0,19,67,6
4,21,18660426,0,19,67,8
10,14,18661018,0,19,67,4
6,17,18660628,0,19,67,4
6,19,18660609,0,19,67,6
8,16,18660820,0,19,67,4
8,15,18660824,0,19,67,4
12,3,18661224,0,19,67,1
5,4,18660507,0,19,67,1
6,19,18660620,0,19,67,6
6,14,18660629,0,19,67,4
6,11,18660601,0,19,67,4
3,4,18660314,0,19,67,1
4,24,18660421,0,19,67,10
6,26,18660629,0,19,67,12
5,4,18660505,0,19,67,1
9,28,18660915,0,19,67,13
5,28,18660515,0,19,67,13
8,9,18660802,0,19,67,4
8,19,18660823,0,19,67,6
7,20,18660727,0,19,67,7
8,20,18660802,0,19,67,7
3,4,18660318,0,19,67,1
1,4,18660119,0,19,67,1
10,13,18661016,0,19,67,4
8,26,18660819,0,19,67,12
5,9,18660524,0,19,67,4
10,16,18661016,0,19,67,4
4,9,18660427,0,19,67,4
10,11,18661010,0,19,67,4
4,8,18660412,0,19,67,4
5,8,18660507,0,19,67,4
12,4,18661202,0,19,67,1
6,14,18660628,0,19,67,4
6,15,18660628,0,19,67,4
12,4,18661207,0,19,67,1
9,12,18660913,0,19,67,4
5,23,18660519,0,19,67,10
5,26,18660522,0,19,67,12
5,9,18660525,0,19,67,4
7,19,18660704,0,19,67,6
9,11,18660914,0,19,67,4
10,16,18661001,0,19,67,4
8,19,18660820,0,19,67,6
10,16,18661015,0,19,67,4
6,9,18660611,0,19,67,4
9,3,18660915,0,19,67,1
10,17,18661017,0,19,67,4
8,19,18660806,0,19,67,6
5,1,18660525,0,19,67,1
8,26,18660821,0,19,67,12
9,11,18660915,0,19,67,4
1,4,18660127,0,19,67,1
6,19,18660615,0,19,67,6
5,11,18660507,0,19,67,4
12,4,18661218,0,19,67,1
10,16,18661017,0,19,67,4
11,3,18661121,0,19,67,1
4,16,18660419,0,19,67,4
4,28,18660428,0,19,67,13
4,15,18660424,0,19,67,4
8,16,18660815,0,19,67,4
6,11,18660606,0,19,67,4
10,16,18661021,0,19,67,4
10,9,18661022,0,19,67,4
5,26,18660518,0,19,67,12
8,9,18660816,0,19,67,4
8,19,18660815,0,19,67,6
8,12,18660816,0,19,67,4
9,4,18660903,0,19,67,1
8,21,18660814,0,19,67,8
8,4,18660828,0,19,67,1
8,14,18660816,0,19,67,4
6,26,18660603,0,19,67,12
3,3,18660301,0,19,67,1
9,28,18660928,0,19,67,13
9,9,18660905,0,19,67,4
7,21,18660722,0,19,67,8
4,28,18660413,0,19,67,13
10,12,18661009,0,19,67,4
5,17,18660518,0,19,67,4
4,4,18660424,0,19,67,1
11,4,18661127,0,19,67,1
8,21,18660830,0,19,67,8
5,8,18660510,0,19,67,4
8,19,18660831,0,19,67,6
8,13,18660829,0,19,67,4
8,14,18660815,0,19,67,4
6,16,18660606,0,19,67,4
4,13,18660418,0,19,67,4
6,17,18660604,0,19,67,4
12,4,18661208,0,19,67,1
9,19,18660903,0,19,67,6
6,19,18660606,0,19,67,6
8,9,18660829,0,19,67,4
5,0,18660515,0,20,67,0
8,3,18660824,0,20,67,1
9,6,18660922,0,20,67,3
5,0,18660503,0,20,67,0
9,24,18660918,0,20,67,10
5,0,18660516,0,20,67,0
9,3,18660925,0,20,67,1
4,3,18660426,0,20,67,1
11,3,18661105,0,20,67,1
4,0,18660420,0,20,67,0
7,20,18660729,0,20,67,7
5,0,18660504,0,20,67,0
4,22,18660426,0,20,67,9
9,5,18660913,0,20,67,2
6,6,18660616,0,20,67,3
4,0,18660421,0,20,67,0
7,27,18660701,0,20,67,12
8,1,18660826,0,20,67,1
8,27,18660813,0,20,67,12
6,5,18660618,0,20,67,2
7,6,18660726,0,20,67,3
7,21,18660731,0,20,67,8
5,23,18660530,0,20,67,10
8,22,18660806,0,20,67,9
8,20,18660817,0,20,67,7
7,27,18660705,0,20,67,12
5,1,18660524,0,20,67,1
6,20,18660625,0,20,67,7
7,20,18660724,0,20,67,7
8,1,18660828,0,20,67,1
10,22,18661003,0,20,67,9
7,6,18660719,0,20,67,3
7,6,18660721,0,20,67,3
8,27,18660830,0,20,67,12
4,3,18660414,0,20,67,1
3,3,18660309,0,20,67,1
7,6,18660722,0,20,67,3
12,3,18661212,0,20,67,1
8,27,18660817,0,20,67,12
8,3,18660828,0,20,67,1
8,27,18660811,0,20,67,12
9,1,18660917,0,20,67,1
5,27,18660517,0,20,67,12
7,27,18660722,0,20,67,12
6,27,18660613,0,20,67,12
8,27,18660831,0,20,67,12
8,6,18660803,0,20,67,3
10,1,18661008,0,20,67,1
12,1,18661205,0,20,67,1
7,6,18660707,0,20,67,3
10,23,18661012,0,20,68,10
8,20,18660805,0,20,68,7
5,6,18660529,0,20,68,3
4,5,18660420,0,20,68,2
8,6,18660831,0,20,68,3
3,3,18660305,0,20,68,1
9,23,18660928,0,20,68,10
4,24,18660423,0,20,68,10
5,23,18660513,0,20,68,10
5,20,18660527,0,20,68,7
12,1,18661206,0,20,68,1
7,6,18660708,0,20,68,3
7,22,18660722,0,20,68,9
9,5,18660910,0,20,68,2
9,27,18660903,0,20,68,12
4,24,18660415,0,20,68,10
11,1,18661108,0,20,68,1
5,21,18660528,0,20,68,8
8,20,18660815,0,20,68,7
1,3,18660103,0,20,68,1
5,21,18660504,0,20,68,8
7,27,18660724,0,20,68,12
5,6,18660530,0,20,68,3
3,1,18660330,0,20,68,1
10,23,18661011,0,20,68,10
9,6,18660909,0,20,68,3
4,22,18660414,0,20,68,9
9,24,18660925,0,20,68,10
12,1,18661207,0,20,68,1
4,20,18660427,0,20,68,7
7,20,18660704,0,20,68,7
3,1,18660315,0,20,68,1
5,20,18660504,0,20,68,7
8,26,18660824,0,20,68,12
9,3,18660920,0,20,68,1
11,4,18661128,0,20,68,1
6,19,18660605,0,20,68,6
6,8,18660616,0,20,68,4
4,5,18660410,0,20,68,2
1,4,18660129,0,20,68,1
6,16,18660616,0,20,68,4
12,4,18661210,0,20,68,1
9,16,18660914,0,20,68,4
8,9,18660815,0,20,68,4
10,28,18661017,0,20,68,13
4,0,18660423,0,20,68,0
6,14,18660608,0,20,68,4
8,13,18660802,0,20,68,4
4,0,18660424,0,20,68,0
8,12,18660815,0,20,68,4
8,19,18660830,0,20,68,6
6,16,18660630,0,20,68,4
10,4,18661003,0,20,68,1
3,4,18660303,0,20,68,1
8,13,18660804,0,20,68,4
11,4,18661122,0,20,68,1
5,16,18660524,0,20,68,4
4,0,18660428,0,20,68,0
5,8,18660530,0,20,68,4
10,14,18661015,0,20,68,4
9,15,18660917,0,20,68,4
10,4,18661008,0,20,68,1
9,12,18660917,0,20,68,4
9,13,18660929,0,20,68,4
10,21,18661003,0,20,68,8
8,16,18660819,0,20,68,4
11,3,18661125,0,20,68,1
5,19,18660531,0,20,68,6
8,19,18660805,0,20,68,6
3,3,18660320,0,20,68,1
8,19,18660801,0,20,68,6
6,9,18660601,0,20,68,4
5,13,18660518,0,20,68,4
4,23,18660417,0,20,68,10
4,4,18660421,0,20,68,1
8,26,18660822,0,20,68,12
7,19,18660703,0,20,68,6
3,0,18660317,0,20,68,0
8,13,18660806,0,20,68,4
5,15,18660514,0,20,68,4
5,28,18660519,0,20,68,13
7,19,18660728,0,20,68,6
4,0,18660422,0,20,68,0
8,14,18660820,0,20,68,4
9,6,18660902,0,20,68,3
7,26,18660718,0,20,68,12
5,0,18660520,0,20,68,0
8,8,18660806,0,20,68,4
10,15,18661015,0,20,68,4
5,4,18660528,0,20,68,1
1,3,18660109,0,20,68,1
4,0,18660408,0,20,68,0
6,19,18660607,0,20,68,6
8,16,18660826,0,20,68,4
8,8,18660827,0,20,68,4
5,4,18660503,0,20,68,1
6,19,18660619,0,20,68,6
4,28,18660423,0,20,68,13
12,4,18661209,0,20,68,1
12,1,18661203,0,20,68,1
5,22,18660509,0,20,68,9
4,23,18660412,0,20,68,10
8,14,18660821,0,20,68,4
10,12,18661019,0,20,68,4
10,9,18661019,0,20,68,4
9,15,18660925,0,20,68,4
11,3,18661124,0,20,68,1
8,13,18660816,0,20,68,4
6,15,18660602,0,20,68,4
8,8,18660809,0,20,68,4
10,8,18661022,0,20,68,4
5,4,18660526,0,20,68,1
8,8,18660816,0,20,68,4
2,4,18660228,0,20,68,1
5,6,18660528,0,20,68,3
11,4,18661116,0,20,68,1
9,16,18660908,0,20,68,4
8,9,18660821,0,20,68,4
9,8,18660906,0,20,68,4
5,15,18660509,0,20,68,4
6,19,18660610,0,20,68,6
8,26,18660820,0,20,68,12
7,26,18660708,0,20,68,12
10,3,18661027,0,20,68,1
4,28,18660419,0,20,68,13
8,26,18660826,0,20,68,12
11,0,18661110,0,20,68,0
12,4,18661204,0,20,68,1
9,14,18660907,0,20,68,4
3,4,18660301,0,20,68,1
8,17,18660829,0,20,68,4
4,22,18660407,0,20,68,9
7,26,18660723,0,20,68,12
8,21,18660810,0,20,68,8
4,4,18660420,0,20,68,1
10,15,18661006,0,20,68,4
7,19,18660709,0,20,68,6
5,0,18660519,0,20,68,0
6,19,18660614,0,20,68,6
9,16,18660930,0,20,68,4
1,4,18660103,0,20,68,1
6,26,18660620,0,20,68,12
8,12,18660825,0,20,68,4
8,28,18660824,0,20,68,13
9,14,18660912,0,20,68,4
3,4,18660331,0,20,68,1
6,16,18660609,0,20,68,4
5,0,18660517,0,20,68,0
12,4,18661212,0,20,68,1
7,19,18660705,0,20,68,6
8,15,18660813,0,20,68,4
10,17,18661018,0,20,68,4
8,19,18660816,0,20,68,6
4,9,18660412,0,20,68,4
12,4,18661227,0,20,68,1
6,8,18660601,0,20,68,4
9,4,18660913,0,20,68,1
5,19,18660518,0,20,68,6
3,4,18660327,0,20,68,1
9,15,18660913,0,20,68,4
8,14,18660830,0,20,68,4
6,22,18660605,0,20,68,9
5,5,18660508,0,20,68,2
6,6,18660614,0,20,68,3
4,20,18660417,0,20,68,7
4,21,18660414,0,20,68,8
7,22,18660702,0,20,68,9
7,22,18660731,0,20,68,9
7,21,18660719,0,20,68,8
9,20,18660911,0,20,68,7
9,5,18660916,0,20,68,2
6,6,18660613,0,20,68,3
7,20,18660722,0,20,68,7
7,6,18660723,0,20,68,3
6,6,18660619,0,20,68,3
12,1,18661202,0,20,68,1
10,1,18661002,0,20,68,1
8,6,18660801,0,20,68,3
10,24,18661008,0,20,68,10
5,1,18660517,0,20,68,1
4,1,18660427,0,20,68,1
10,23,18661009,0,20,68,10
6,27,18660619,0,20,69,12
6,22,18660606,0,20,69,9
2,1,18660202,0,20,69,1
9,5,18660904,0,20,69,2
7,22,18660728,0,20,69,9
9,6,18660907,0,20,69,3
11,1,18661125,0,20,69,1
10,23,18661015,0,20,69,10
7,6,18660725,0,20,69,3
5,21,18660527,0,20,69,8
9,6,18660927,0,20,69,3
6,22,18660614,0,20,69,9
7,21,18660725,0,20,69,8
5,27,18660526,0,20,69,12
10,3,18661022,0,20,69,1
5,23,18660514,0,20,69,10
9,22,18660920,0,20,69,9
10,21,18661004,0,20,69,8
10,1,18661016,0,20,69,1
9,1,18660919,0,20,69,1
5,5,18660504,0,20,69,2
3,1,18660331,0,20,69,1
8,5,18660801,0,20,69,2
9,1,18660904,0,20,69,1
4,1,18660425,0,20,69,1
4,5,18660419,0,20,69,2
8,22,18660819,0,20,69,9
12,1,18661201,0,20,69,1
8,21,18660809,0,20,69,8
8,20,18660822,0,20,69,7
5,24,18660518,0,20,69,10
7,21,18660729,0,20,69,8
6,20,18660624,0,20,69,7
11,1,18661111,0,20,69,1
5,5,18660502,0,20,69,2
7,5,18660709,0,20,69,2
7,5,18660730,0,20,69,2
9,21,18660911,0,20,69,8
10,0,18661016,0,20,69,0
4,1,18660429,0,20,69,1
6,0,18660605,0,20,69,0
5,3,18660504,0,20,69,1
9,23,18660927,0,20,69,10
3,3,18660330,0,20,69,1
6,6,18660615,0,20,69,3
5,0,18660518,0,20,69,0
5,24,18660526,0,20,69,10
3,3,18660315,0,20,69,1
6,22,18660607,0,20,69,9
10,0,18661025,0,20,69,0
6,0,18660606,0,20,69,0
5,0,18660511,0,20,69,0
4,24,18660413,0,20,69,10
6,21,18660620,0,20,69,8
4,24,18660418,0,20,69,10
11,0,18661109,0,20,69,0
8,22,18660803,0,20,69,9
11,1,18661118,0,20,69,1
10,0,18661015,0,20,69,0
5,0,18660502,0,20,69,0
7,20,18660731,0,20,69,7
8,20,18660816,0,21,69,7
6,8,18660615,0,21,69,4
6,13,18660615,0,21,69,4
6,28,18660609,0,21,69,13
8,19,18660821,0,21,69,6
6,20,18660615,0,21,69,7
8,15,18660822,0,21,69,4
8,14,18660831,0,21,69,4
5,24,18660503,0,21,69,10
4,1,18660407,0,21,69,1
10,1,18661026,0,21,69,1
4,8,18660405,0,21,69,4
11,4,18661108,0,21,69,1
8,9,18660831,0,21,69,4
6,19,18660604,0,21,69,6
9,15,18660924,0,21,69,4
10,17,18661015,0,21,69,4
6,1,18660615,0,21,69,1
8,17,18660820,0,21,69,4
6,26,18660622,0,21,69,12
8,9,18660830,0,21,69,4
1,4,18660113,0,21,69,1
7,27,18660727,0,21,69,12
1,4,18660108,0,21,69,1
4,22,18660429,0,21,69,9
6,19,18660618,0,21,69,6
3,4,18660311,0,21,69,1
8,15,18660825,0,21,69,4
9,11,18660911,0,21,69,4
8,14,18660827,0,21,69,4
5,4,18660513,0,21,69,1
9,15,18660911,0,21,69,4
10,14,18661022,0,21,69,4
4,8,18660419,0,21,69,4
2,4,18660203,0,21,69,1
8,12,18660808,0,21,69,4
9,8,18660912,0,21,69,4
9,11,18660912,0,21,69,4
10,6,18661001,0,21,69,3
6,1,18660608,0,21,69,1
9,17,18660912,0,21,69,4
7,26,18660714,0,21,69,12
8,16,18660827,0,21,69,4
9,17,18660913,0,21,69,4
5,24,18660519,0,21,69,10
5,15,18660525,0,21,69,4
10,1,18661028,0,21,69,1
8,28,18660813,0,21,69,13
5,26,18660519,0,21,69,12
9,12,18660914,0,21,69,4
2,4,18660205,0,21,69,1
7,19,18660706,0,21,69,6
4,9,18660419,0,21,69,4
10,4,18661019,0,21,69,1
9,13,18660906,0,21,69,4
10,13,18661008,0,21,69,4
10,12,18661006,0,21,69,4
4,3,18660413,0,21,69,1
4,14,18660419,0,21,69,4
7,26,18660722,0,21,69,12
6,19,18660611,0,21,69,6
11,4,18661103,0,21,69,1
9,11,18660908,0,21,69,4
7,21,18660707,0,21,69,8
7,6,18660724,0,21,69,3
10,4,18661023,0,21,69,1
6,27,18660610,0,21,69,12
10,17,18661019,0,21,69,4
12,4,18661203,0,21,69,1
6,28,18660610,0,21,69,13
10,14,18661019,0,21,69,4
9,16,18660909,0,21,69,4
9,21,18660909,0,21,69,8
9,1,18660910,0,21,69,1
5,9,18660526,0,21,69,4
7,22,18660719,0,21,69,9
10,4,18661002,0,21,69,1
9,17,18660910,0,21,69,4
9,15,18660908,0,21,69,4
6,16,18660613,0,21,69,4
5,4,18660512,0,21,69,1
10,6,18661002,0,21,69,3
6,19,18660601,0,21,69,6
6,17,18660601,0,21,69,4
7,26,18660715,0,21,69,12
5,8,18660518,0,21,69,4
7,26,18660725,0,21,69,12
1,4,18660120,0,21,69,1
11,1,18661130,0,21,69,1
6,15,18660606,0,21,69,4
6,19,18660622,0,21,69,6
9,15,18660929,0,21,69,4
5,13,18660511,0,21,69,4
12,4,18661221,0,21,69,1
6,28,18660611,0,21,69,13
4,14,18660421,0,21,69,4
6,20,18660617,0,21,69,7
5,14,18660511,0,21,69,4
7,27,18660726,0,21,69,12
10,14,18661016,0,21,69,4
4,17,18660421,0,21,69,4
12,4,18661229,0,21,69,1
12,4,18661222,0,21,69,1
7,19,18660727,0,21,69,6
7,26,18660716,0,21,69,12
6,16,18660608,0,21,69,4
8,19,18660804,0,21,69,6
10,21,18661005,0,21,69,8
8,14,18660814,0,21,69,4
9,21,18660915,0,21,69,8
10,28,18661008,0,21,69,13
8,14,18660817,0,21,69,4
10,14,18661002,0,21,69,4
4,24,18660416,0,21,69,10
6,26,18660626,0,21,69,12
4,11,18660421,0,21,69,4
8,8,18660814,0,21,69,4
12,3,18661210,0,21,69,1
9,23,18660926,0,21,69,10
1,3,18660102,0,21,69,1
2,3,18660215,0,21,69,1
9,6,18660906,0,21,69,3
4,1,18660401,0,21,69,1
5,1,18660527,0,21,69,1
8,27,18660810,0,21,69,12
1,3,18660104,0,21,69,1
4,23,18660429,0,21,69,10
6,20,18660616,0,21,69,7
7,22,18660707,0,21,69,9
10,1,18661003,0,21,69,1
8,21,18660816,0,21,69,8
7,5,18660721,0,21,69,2
5,21,18660509,0,21,69,8
6,27,18660614,0,21,69,12
9,21,18660926,0,21,69,8
9,24,18660928,0,21,69,10
6,6,18660605,0,21,69,3
4,22,18660409,0,21,69,9
9,21,18660920,0,21,69,8
7,21,18660706,0,21,69,8
4,21,18660429,0,21,69,8
9,6,18660901,0,21,69,3
8,21,18660803,0,21,69,8
8,27,18660821,0,21,69,12
7,5,18660720,0,21,69,2
4,24,18660417,0,21,69,10
10,1,18661004,0,21,69,1
8,20,18660804,0,21,69,7
6,27,18660606,0,21,69,12
7,5,18660728,0,21,69,2
11,4,18661120,0,21,69,1
9,22,18660911,0,21,69,9
10,22,18661005,0,21,70,9
10,3,18661019,0,21,70,1
9,20,18660917,0,21,70,7
8,20,18660819,0,21,70,7
5,24,18660530,0,21,70,10
8,27,18660812,0,21,70,12
5,22,18660528,0,21,70,9
5,24,18660517,0,21,70,10
7,21,18660704,0,21,70,8
1,1,18660110,0,21,70,1
8,22,18660830,0,21,70,9
5,24,18660507,0,21,70,10
3,1,18660328,0,21,70,1
6,21,18660607,0,21,70,8
7,21,18660711,0,21,70,8
4,5,18660426,0,21,70,2
4,0,18660415,0,21,70,0
9,24,18660901,0,21,70,10
1,3,18660128,0,21,70,1
5,22,18660504,0,21,70,9
9,21,18660925,0,21,70,8
5,0,18660521,0,21,70,0
7,21,18660710,0,21,70,8
9,1,18660914,0,21,70,1
10,0,18661018,0,21,70,0
9,20,18660910,0,21,70,7
5,1,18660503,0,21,70,1
5,24,18660505,0,21,70,10
7,20,18660707,0,21,70,7
6,0,18660616,0,21,70,0
6,22,18660620,0,21,70,9
12,3,18661221,0,21,70,1
10,0,18661023,0,21,70,0
5,0,18660524,0,21,70,0
10,0,18661024,0,21,70,0
3,1,18660314,0,21,70,1
1,1,18660129,0,21,70,1
7,27,18660717,0,21,70,12
5,28,18660525,0,21,70,13
5,19,18660524,0,21,70,6
10,28,18661002,0,21,70,13
8,13,18660808,0,21,70,4
8,17,18660804,0,21,70,4
5,15,18660524,0,21,70,4
6,19,18660612,0,21,70,6
8,5,18660810,0,21,70,2
2,4,18660201,0,21,70,1
1,4,18660130,0,21,70,1
5,1,18660526,0,21,70,1
4,15,18660412,0,21,70,4
6,19,18660621,0,21,70,6
10,13,18661001,0,21,70,4
10,14,18661001,0,21,70,4
4,4,18660416,0,21,70,1
10,17,18661001,0,21,70,4
8,21,18660821,0,21,70,8
1,1,18660122,0,21,70,1
8,8,18660821,0,21,70,4
1,4,18660122,0,21,70,1
8,16,18660812,0,21,70,4
10,28,18661001,0,21,70,13
1,4,18660123,0,21,70,1
12,4,18661228,0,21,70,1
5,9,18660507,0,21,70,4
8,17,18660816,0,21,70,4
11,3,18661101,0,21,70,1
8,11,18660815,0,21,70,4
8,20,18660803,0,21,70,7
5,28,18660528,0,21,70,13
5,19,18660530,0,21,70,6
10,13,18661002,0,21,70,4
8,8,18660802,0,21,70,4
8,13,18660803,0,21,70,4
5,19,18660519,0,21,70,6
5,28,18660510,0,21,70,13
3,4,18660329,0,21,70,1
3,4,18660328,0,21,70,1
2,3,18660224,0,21,70,1
7,5,18660722,0,21,70,2
7,15,18660721,0,21,70,4
4,4,18660401,0,21,70,1
7,16,18660720,0,21,70,4
3,4,18660321,0,21,70,1
5,1,18660514,0,21,70,1
5,16,18660511,0,21,70,4
3,4,18660310,0,21,70,1
3,3,18660306,0,21,70,1
7,26,18660713,0,21,70,12
3,3,18660303,0,21,70,1
7,17,18660718,0,21,70,4
12,4,18661211,0,21,70,1
5,11,18660510,0,21,70,4
6,19,18660613,0,21,70,6
8,19,18660802,0,21,70,6
8,17,18660802,0,21,70,4
8,26,18660823,0,21,70,12
8,14,18660801,0,21,70,4
4,4,18660409,0,21,70,1
4,20,18660407,0,21,70,7
2,3,18660214,0,21,70,1
5,28,18660509,0,21,70,13
10,28,18661003,0,21,70,13
4,16,18660405,0,21,70,4
7,6,18660727,0,21,70,3
2,3,18660216,0,21,70,1
10,9,18661006,0,21,70,4
2,4,18660219,0,21,70,1
7,19,18660726,0,21,70,6
11,4,18661109,0,21,70,1
4,4,18660406,0,21,70,1
6,28,18660601,0,21,70,13
4,20,18660429,0,21,70,7
6,13,18660602,0,21,70,4
9,17,18660928,0,21,70,4
9,8,18660910,0,21,70,4
9,20,18660909,0,21,70,7
6,16,18660607,0,21,70,4
6,11,18660607,0,21,70,4
10,4,18661021,0,21,70,1
9,17,18660905,0,21,70,4
9,9,18660910,0,21,70,4
6,1,18660607,0,21,70,1
4,13,18660419,0,21,70,4
8,3,18660825,0,21,70,1
1,4,18660112,0,21,70,1
6,14,18660606,0,21,70,4
9,16,18660901,0,21,70,4
9,14,18660929,0,21,70,4
4,17,18660418,0,21,70,4
10,28,18661021,0,21,70,13
6,17,18660629,0,21,70,4
6,26,18660607,0,21,70,12
6,15,18660629,0,21,70,4
1,4,18660102,0,21,70,1
12,4,18661201,0,21,70,1
9,3,18660923,0,21,70,1
9,11,18660927,0,21,70,4
6,13,18660627,0,21,70,4
10,12,18661015,0,21,70,4
6,17,18660615,0,21,70,4
9,28,18660920,0,21,70,13
6,19,18660608,0,21,70,6
1,4,18660107,0,21,70,1
6,8,18660629,0,21,70,4
9,20,18660915,0,21,70,7
9,4,18660914,0,21,70,1
6,11,18660629,0,21,70,4
9,9,18660912,0,21,70,4
9,6,18660928,0,21,70,3
9,28,18660911,0,21,70,13
9,17,18660929,0,21,70,4
4,14,18660418,0,21,70,4
10,12,18661022,0,21,70,4
10,11,18661009,0,21,70,4
6,27,18660603,0,21,70,12
8,26,18660825,0,21,70,12
6,13,18660604,0,21,70,4
8,28,18660825,0,21,70,13
9,28,18660930,0,21,70,13
8,8,18660829,0,21,70,4
8,16,18660829,0,21,70,4
8,4,18660827,0,21,70,1
8,17,18660830,0,21,70,4
8,20,18660830,0,21,70,7
4,8,18660418,0,21,70,4
6,8,18660605,0,21,70,4
6,28,18660604,0,21,70,13
8,13,18660827,0,21,70,4
1,4,18660121,0,21,70,1
6,14,18660602,0,21,70,4
8,17,18660831,0,21,70,4
8,13,18660831,0,21,70,4
4,4,18660417,0,21,70,1
7,19,18660701,0,21,70,6
6,28,18660602,0,21,70,13
8,6,18660819,0,21,70,3
5,1,18660508,0,21,70,1
11,1,18661119,0,21,70,1
5,24,18660521,0,21,70,10
3,1,18660316,0,21,70,1
5,1,18660513,0,21,70,1
12,3,18661230,0,21,70,1
5,1,18660512,0,21,70,1
8,3,18660826,0,21,70,1
9,23,18660912,0,21,70,10
8,6,18660820,0,21,70,3
8,27,18660819,0,21,70,12
9,21,18660914,0,21,70,8
9,24,18660927,0,21,70,10
8,3,18660827,0,21,70,1
8,27,18660818,0,21,70,12
9,1,18660920,0,21,70,1
7,5,18660708,0,21,70,2
8,20,18660831,0,21,70,7
7,21,18660705,0,21,70,8
3,3,18660304,0,21,70,1
10,3,18661001,0,21,70,1
9,22,18660901,0,21,70,9
5,27,18660527,0,21,70,12
9,21,18660910,0,21,70,8
6,21,18660615,0,21,70,8
2,3,18660213,0,21,70,1
8,6,18660822,0,21,70,3
5,24,18660504,0,21,70,10
8,3,18660829,0,21,70,1
4,23,18660414,0,21,70,10
8,27,18660801,0,21,70,12
7,27,18660716,0,21,71,12
9,21,18660922,0,21,71,8
12,1,18661222,0,21,71,1
8,21,18660831,0,21,71,8
1,1,18660121,0,21,71,1
5,6,18660531,0,21,71,3
12,3,18661203,0,21,71,1
9,6,18660930,0,21,71,3
4,5,18660407,0,21,71,2
9,6,18660904,0,21,71,3
1,1,18660120,0,21,71,1
2,1,18660203,0,21,71,1
8,22,18660831,0,21,71,9
7,22,18660711,0,21,71,9
7,20,18660711,0,22,71,7
5,20,18660509,0,22,71,7
2,1,18660204,0,22,71,1
7,22,18660704,0,22,71,9
1,3,18660125,0,22,71,1
6,5,18660615,0,22,71,2
5,0,18660514,0,22,71,0
9,5,18660917,0,22,71,2
10,0,18661019,0,22,71,0
9,22,18660910,0,22,71,9
9,21,18660906,0,22,71,8
8,21,18660820,0,22,71,8
11,0,18661105,0,22,71,0
11,1,18661126,0,22,71,1
8,21,18660804,0,22,71,8
11,0,18661106,0,22,71,0
4,21,18660407,0,22,71,8
4,3,18660407,0,22,71,1
8,22,18660816,0,22,71,9
5,23,18660520,0,22,71,10
5,27,18660518,0,22,71,12
7,5,18660727,0,22,71,2
4,0,18660402,0,22,71,0
7,27,18660721,0,22,71,12
3,3,18660321,0,22,71,1
4,1,18660430,0,22,71,1
6,5,18660607,0,22,71,2
9,5,18660911,0,22,71,2
4,24,18660414,0,22,71,10
5,3,18660507,0,22,71,1
3,1,18660309,0,22,71,1
5,24,18660528,0,22,71,10
9,1,18660916,0,22,71,1
8,21,18660808,0,22,71,8
7,5,18660725,0,22,71,2
4,24,18660426,0,22,71,10
12,3,18661214,0,22,71,1
4,20,18660408,0,22,71,7
7,5,18660729,0,22,71,2
10,0,18661017,0,22,71,0
6,8,18660608,0,22,71,4
10,11,18661015,0,22,71,4
10,16,18661008,0,22,71,4
5,1,18660511,0,22,71,1
6,17,18660606,0,22,71,4
4,1,18660428,0,22,71,1
5,14,18660519,0,22,71,4
6,14,18660605,0,22,71,4
6,13,18660605,0,22,71,4
10,4,18661027,0,22,71,1
6,17,18660602,0,22,71,4
5,28,18660531,0,22,71,13
10,1,18661031,0,22,71,1
5,1,18660507,0,22,71,1
6,13,18660611,0,22,71,4
11,1,18661102,0,22,71,1
11,1,18661103,0,22,71,1
5,11,18660526,0,22,71,4
5,15,18660519,0,22,71,4
5,4,18660525,0,22,71,1
5,19,18660520,0,22,71,6
5,1,18660506,0,22,71,1
9,9,18660929,0,22,71,4
5,1,18660502,0,22,71,1
8,15,18660815,0,22,71,4
8,14,18660809,0,22,71,4
10,14,18661008,0,22,71,4
6,28,18660614,0,22,71,13
8,13,18660817,0,22,71,4
7,19,18660712,0,22,71,6
8,16,18660817,0,22,71,4
4,3,18660415,0,22,71,1
10,3,18661003,0,22,71,1
8,8,18660818,0,22,71,4
6,8,18660614,0,22,71,4
2,4,18660225,0,22,71,1
8,17,18660818,0,22,71,4
8,9,18660820,0,22,71,4
8,11,18660820,0,22,71,4
12,4,18661213,0,22,71,1
9,11,18660928,0,22,71,4
9,4,18660923,0,22,71,1
10,16,18661002,0,22,71,4
8,13,18660807,0,22,71,4
12,3,18661213,0,22,71,1
7,19,18660729,0,22,71,6
4,3,18660408,0,22,71,1
7,19,18660731,0,22,71,6
7,16,18660721,0,22,71,4
7,16,18660719,0,22,71,4
7,13,18660719,0,22,71,4
8,14,18660802,0,22,71,4
7,15,18660718,0,22,71,4
7,13,18660718,0,22,71,4
7,6,18660718,0,22,71,3
8,16,18660805,0,22,71,4
12,3,18661219,0,22,71,1
12,4,18661219,0,22,71,1
8,17,18660806,0,22,71,4
3,4,18660309,0,22,71,1
8,11,18660821,0,22,71,4
2,4,18660223,0,22,71,1
2,4,18660220,0,22,71,1
6,13,18660630,0,22,71,4
8,11,18660830,0,22,71,4
6,8,18660630,0,22,71,4
4,16,18660421,0,22,71,4
9,16,18660903,0,22,71,4
9,16,18660904,0,22,71,4
9,11,18660905,0,22,71,4
8,16,18660821,0,22,71,4
12,4,18661230,0,22,71,1
1,3,18660111,0,22,71,1
9,14,18660906,0,22,71,4
9,16,18660906,0,22,71,4
4,13,18660420,0,22,71,4
9,12,18660910,0,22,71,4
9,16,18660912,0,22,71,4
1,1,18660103,0,22,71,1
9,9,18660906,0,22,71,4
6,15,18660630,0,22,71,4
6,14,18660630,0,22,71,4
8,8,18660830,0,22,71,4
6,14,18660615,0,22,71,4
2,1,18660215,0,22,71,1
4,8,18660417,0,22,71,4
12,4,18661206,0,22,71,1
1,3,18660120,0,22,71,1
8,28,18660826,0,22,71,13
1,4,18660131,0,22,71,1
2,4,18660206,0,22,71,1
6,14,18660616,0,22,71,4
7,19,18660702,0,22,71,6
6,12,18660616,0,22,71,4
7,6,18660728,0,22,71,3
8,22,18660804,0,22,71,9
8,6,18660828,0,22,71,3
8,5,18660802,0,22,71,2
8,27,18660826,0,22,71,12
9,0,18660926,0,22,71,0
7,27,18660731,0,22,71,12
4,5,18660418,0,22,71,2
8,21,18660822,0,22,71,8
9,24,18660922,0,22,71,10
5,5,18660527,0,22,71,2
10,0,18661013,0,22,71,0
5,1,18660505,0,22,71,1
6,21,18660623,0,22,71,8
6,22,18660623,0,22,71,9
7,5,18660703,0,22,71,2
5,1,18660509,0,22,71,1
7,22,18660718,0,22,71,9
3,1,18660329,0,22,71,1
3,1,18660301,0,22,71,1
4,27,18660425,0,22,71,12
8,21,18660819,0,22,71,8
8,27,18660802,0,22,71,12
6,20,18660623,0,22,71,7
9,20,18660902,0,22,71,7
8,6,18660821,0,22,71,3
4,23,18660413,0,22,71,10
4,23,18660418,0,22,71,10
9,21,18660901,0,22,71,8
9,22,18660922,0,22,71,9
9,20,18660922,0,22,71,7
6,22,18660602,0,22,71,9
5,23,18660507,0,22,71,10
7,5,18660726,0,22,71,2
7,5,18660710,0,22,71,2
5,0,18660505,0,22,72,0
4,22,18660427,0,22,72,9
4,0,18660414,0,22,72,0
5,0,18660527,0,22,72,0
12,1,18661208,0,22,72,1
9,5,18660921,0,22,72,2
5,20,18660531,0,22,72,7
10,0,18661003,0,22,72,0
5,0,18660501,0,22,72,0
10,0,18661022,0,22,72,0
7,22,18660710,0,22,72,9
6,0,18660617,0,22,72,0
8,20,18660829,0,22,72,7
8,22,18660821,0,22,72,9
4,0,18660425,0,22,72,0
10,0,18661014,0,22,72,0
6,0,18660607,0,22,72,0
10,24,18661003,0,22,72,10
10,0,18661027,0,22,72,0
7,22,18660729,0,22,72,9
4,0,18660430,0,22,72,0
3,0,18660319,0,22,72,0
3,0,18660318,0,22,72,0
11,0,18661108,0,22,72,0
10,23,18661007,0,22,72,10
10,0,18661021,0,22,72,0
4,5,18660408,0,22,72,2
11,0,18661104,0,22,72,0
5,0,18660513,0,22,72,0
4,0,18660401,0,22,72,0
7,22,18660706,0,22,72,9
6,6,18660622,0,22,72,3
10,20,18661005,0,22,72,7
6,21,18660619,0,22,72,8
9,20,18660923,0,22,72,7
8,21,18660802,0,22,72,8
8,5,18660803,0,22,72,2
8,5,18660830,0,22,72,2
10,3,18661007,0,22,72,1
5,23,18660506,0,22,72,10
7,6,18660729,0,22,72,3
5,5,18660505,0,22,72,2
11,1,18661106,0,22,72,1
9,22,18660906,0,22,72,9
4,5,18660417,0,22,72,2
5,5,18660512,0,22,72,2
6,21,18660602,0,22,72,8
8,20,18660810,0,22,72,7
11,1,18661109,0,22,72,1
12,4,18661231,0,22,72,1
6,8,18660619,0,22,72,4
10,8,18661019,0,22,72,4
8,13,18660828,0,22,72,4
6,9,18660627,0,22,72,4
8,12,18660829,0,22,72,4
8,14,18660829,0,22,72,4
9,16,18660905,0,22,72,4
10,11,18661019,0,22,72,4
9,13,18660904,0,22,72,4
10,28,18661022,0,22,72,13
4,15,18660419,0,22,72,4
9,12,18660903,0,22,72,4
6,9,18660607,0,22,72,4
6,9,18660629,0,22,72,4
4,4,18660418,0,22,72,1
5,1,18660504,0,22,72,1
6,17,18660605,0,22,72,4
8,15,18660830,0,22,72,4
8,12,18660830,0,22,72,4
6,11,18660630,0,22,72,4
6,12,18660628,0,22,72,4
9,11,18660910,0,22,72,4
9,3,18660901,0,22,72,1
9,12,18660908,0,22,72,4
6,19,18660623,0,22,72,6
2,4,18660214,0,22,72,1
8,17,18660809,0,22,72,4
3,4,18660306,0,22,72,1
8,9,18660809,0,22,72,4
8,16,18660808,0,22,72,4
5,19,18660525,0,22,72,6
7,19,18660714,0,22,72,6
5,24,18660513,0,22,72,10
10,15,18661018,0,22,72,4
8,16,18660804,0,22,72,4
8,16,18660803,0,22,72,4
8,9,18660803,0,22,72,4
8,16,18660802,0,22,72,4
7,16,18660718,0,22,72,4
7,15,18660720,0,22,72,4
7,28,18660721,0,22,72,13
5,28,18660521,0,22,72,13
5,8,18660519,0,22,72,4
5,19,18660521,0,22,72,6
4,11,18660405,0,22,72,4
8,13,18660810,0,22,72,4
8,16,18660810,0,22,72,4
7,19,18660713,0,22,72,6
8,12,18660811,0,22,72,4
10,1,18661029,0,22,72,1
12,4,18661224,0,22,72,1
7,16,18660709,0,22,72,4
8,17,18660821,0,22,72,4
7,26,18660709,0,22,72,12
2,3,18660223,0,22,72,1
8,8,18660820,0,22,72,4
8,16,18660818,0,22,72,4
8,14,18660818,0,22,72,4
2,4,18660204,0,22,72,1
8,13,18660818,0,22,72,4
5,28,18660511,0,22,72,13
8,8,18660817,0,22,72,4
8,28,18660816,0,22,72,13
8,15,18660816,0,22,72,4
8,11,18660816,0,22,72,4
5,16,18660512,0,22,72,4
12,1,18661221,0,22,72,1
5,19,18660528,0,22,72,6
8,13,18660811,0,22,72,4
2,4,18660227,0,22,72,1
9,15,18660914,0,22,72,4
9,28,18660910,0,22,72,13
6,11,18660615,0,22,72,4
10,15,18661001,0,22,72,4
6,13,18660614,0,22,72,4
4,3,18660424,0,22,72,1
9,9,18660928,0,22,72,4
9,23,18660919,0,22,72,10
9,12,18660929,0,22,72,4
10,24,18661007,0,22,72,10
10,11,18661001,0,22,72,4
10,0,18661004,0,22,72,0
10,17,18661016,0,22,72,4
10,3,18661008,0,22,72,1
6,16,18660615,0,22,72,4
10,8,18661001,0,22,72,4
6,14,18660614,0,22,72,4
10,24,18661004,0,22,72,10
10,23,18661003,0,22,72,10
6,17,18660611,0,22,72,4
9,15,18660926,0,22,72,4
6,14,18660618,0,22,72,4
10,9,18661001,0,22,72,4
6,28,18660617,0,22,72,13
8,22,18660822,0,22,72,9
4,21,18660427,0,22,72,8
8,20,18660823,0,22,72,7
8,21,18660823,0,22,72,8
9,21,18660902,0,22,72,8
8,22,18660808,0,22,72,9
7,27,18660725,0,22,72,12
4,20,18660409,0,22,72,7
6,21,18660606,0,22,72,8
5,23,18660508,0,22,72,10
8,5,18660818,0,22,72,2
9,21,18660907,0,22,72,8
4,6,18660426,0,22,72,3
9,20,18660907,0,22,72,7
8,27,18660824,0,22,72,12
6,20,18660620,0,22,72,7
6,22,18660615,0,22,72,9
6,21,18660624,0,22,72,8
11,1,18661120,0,22,72,1
5,1,18660510,0,22,72,1
5,20,18660529,0,22,72,7
6,27,18660621,0,22,72,12
8,22,18660809,0,22,72,9
6,20,18660614,0,22,72,7
11,1,18661101,0,22,72,1
10,0,18661005,0,22,72,0
8,5,18660816,0,22,72,2
4,24,18660419,0,22,72,10
5,23,18660503,0,22,72,10
10,0,18661011,0,22,72,0
3,1,18660317,0,22,72,1
6,21,18660625,0,22,72,8
4,23,18660426,0,22,72,10
6,0,18660609,0,22,72,0
10,0,18661007,0,22,72,0
10,22,18661004,0,22,72,9
10,0,18661020,0,22,72,0
7,27,18660719,0,22,72,12
6,27,18660601,0,22,72,12
8,22,18660802,0,22,72,9
2,1,18660213,0,22,72,1
10,0,18661009,0,22,72,0
7,27,18660718,0,22,72,12
4,24,18660420,0,23,73,10
1,1,18660130,0,23,73,1
2,1,18660224,0,23,73,1
9,22,18660902,0,23,73,9
7,6,18660709,0,23,73,3
7,21,18660718,0,23,73,8
12,3,18661215,0,23,73,1
5,3,18660513,0,23,73,1
10,20,18661004,0,23,73,7
10,1,18661021,0,23,73,1
12,3,18661218,0,23,73,1
6,6,18660606,0,23,73,3
4,3,18660404,0,23,73,1
12,1,18661210,0,23,73,1
4,3,18660421,0,23,73,1
10,24,18661005,0,23,73,10
5,14,18660512,0,23,73,4
8,16,18660814,0,23,73,4
9,8,18660928,0,23,73,4
8,16,18660809,0,23,73,4
5,19,18660526,0,23,73,6
7,26,18660712,0,23,73,12
6,14,18660609,0,23,73,4
3,4,18660316,0,23,73,1
6,9,18660615,0,23,73,4
10,8,18661002,0,23,73,4
8,14,18660810,0,23,73,4
5,28,18660526,0,23,73,13
8,9,18660818,0,23,73,4
8,16,18660811,0,23,73,4
9,24,18660919,0,23,73,10
4,4,18660413,0,23,73,1
4,15,18660421,0,23,73,4
10,11,18661002,0,23,73,4
5,19,18660529,0,23,73,6
9,8,18660901,0,23,73,4
4,1,18660414,0,23,73,1
10,17,18661002,0,23,73,4
9,15,18660901,0,23,73,4
8,5,18660815,0,23,73,2
5,13,18660512,0,23,73,4
8,17,18660814,0,23,73,4
4,11,18660412,0,23,73,4
6,11,18660616,0,23,73,4
5,16,18660520,0,23,73,4
7,19,18660725,0,23,73,6
4,11,18660404,0,23,73,4
4,1,18660405,0,23,73,1
6,16,18660620,0,23,73,4
4,28,18660405,0,23,73,13
5,19,18660522,0,23,73,6
8,15,18660802,0,23,73,4
5,19,18660523,0,23,73,6
6,14,18660620,0,23,73,4
6,8,18660611,0,23,73,4
10,1,18661030,0,23,73,1
9,11,18660929,0,23,73,4
10,12,18661001,0,23,73,4
8,8,18660803,0,23,73,4
7,26,18660721,0,23,73,12
8,8,18660804,0,23,73,4
8,16,18660828,0,23,73,4
7,12,18660720,0,23,73,4
8,14,18660806,0,23,73,4
8,8,18660807,0,23,73,4
6,13,18660620,0,23,73,4
5,28,18660516,0,23,73,13
7,12,18660719,0,23,73,4
8,8,18660828,0,23,73,4
5,28,18660520,0,23,73,13
10,12,18661016,0,23,73,4
8,28,18660814,0,23,73,13
9,12,18660911,0,23,73,4
9,8,18660904,0,23,73,4
1,4,18660114,0,23,73,1
9,28,18660909,0,23,73,13
4,14,18660420,0,23,73,4
1,4,18660125,0,23,73,1
6,15,18660607,0,23,73,4
9,1,18660907,0,23,73,1
7,14,18660704,0,23,73,4
10,11,18661022,0,23,73,4
10,5,18661004,0,23,73,2
4,23,18660419,0,23,73,10
9,17,18660906,0,23,73,4
9,12,18660905,0,23,73,4
9,8,18660905,0,23,73,4
5,23,18660504,0,23,73,10
1,4,18660110,0,23,73,1
12,1,18661223,0,23,73,1
2,4,18660215,0,23,73,1
9,17,18660903,0,23,73,4
10,20,18661003,0,23,73,7
6,16,18660627,0,23,73,4
6,26,18660627,0,23,73,12
10,11,18661018,0,23,73,4
2,4,18660226,0,23,73,1
6,8,18660627,0,23,73,4
10,5,18661005,0,23,73,2
2,3,18660225,0,23,73,1
9,21,18660905,0,23,73,8
7,20,18660719,0,23,73,7
6,20,18660621,0,23,73,7
4,3,18660418,0,23,73,1
1,1,18660104,0,23,73,1
5,24,18660506,0,23,73,10
10,5,18661003,0,23,73,2
9,20,18660914,0,23,73,7
4,6,18660427,0,23,73,3
10,3,18661004,0,23,73,1
8,5,18660817,0,23,73,2
1,3,18660110,0,23,73,1
8,5,18660819,0,23,73,2
8,5,18660809,0,23,73,2
5,1,18660501,0,23,73,1
8,27,18660822,0,23,73,12
9,5,18660914,0,23,73,2
6,0,18660610,0,23,73,0
7,22,18660705,0,23,73,9
5,22,18660527,0,23,73,9
6,0,18660615,0,23,73,0
5,0,18660526,0,23,73,0
9,24,18660930,0,23,73,10
8,5,18660821,0,23,73,2
9,0,18660925,0,23,73,0
10,0,18661012,0,23,73,0
9,23,18660930,0,23,73,10
4,5,18660409,0,23,73,2
4,0,18660429,0,23,73,0
9,6,18660905,0,23,73,3
5,24,18660529,0,23,73,10
5,0,18660525,0,23,73,0
10,23,18661006,0,23,73,10
8,20,18660821,0,23,73,7
6,6,18660601,0,23,73,3
10,0,18661008,0,23,73,0
10,24,18661002,0,23,73,10
10,0,18661002,0,23,73,0
6,0,18660604,0,23,73,0
10,22,18661002,0,23,73,9
6,21,18660613,0,23,73,8
5,24,18660514,0,23,73,10
8,21,18660807,0,23,74,8
7,22,18660717,0,23,74,9
4,23,18660420,0,23,74,10
5,23,18660505,0,23,74,10
6,27,18660607,0,23,74,12
5,5,18660510,0,23,74,2
7,5,18660711,0,23,74,2
4,1,18660419,0,23,74,1
6,6,18660611,0,23,74,3
11,3,18661102,0,23,74,1
11,1,18661110,0,23,74,1
3,1,18660306,0,23,74,1
9,5,18660902,0,23,74,2
6,27,18660624,0,23,74,12
9,3,18660904,0,23,74,1
1,1,18660123,0,23,74,1
3,1,18660323,0,23,74,1
10,1,18661017,0,23,74,1
10,24,18661006,0,23,74,10
8,20,18660808,0,23,74,7
4,1,18660417,0,23,74,1
9,23,18660911,0,23,74,10
10,1,18661010,0,23,74,1
10,1,18661019,0,23,74,1
4,3,18660409,0,23,74,1
11,1,18661127,0,23,74,1
6,14,18660604,0,23,74,4
8,9,18660814,0,23,74,4
9,12,18660912,0,23,74,4
7,19,18660716,0,23,74,6
6,9,18660612,0,23,74,4
5,9,18660518,0,23,74,4
4,1,18660402,0,23,74,1
3,4,18660320,0,23,74,1
8,6,18660827,0,23,74,3
11,3,18661123,0,23,74,1
8,15,18660820,0,23,74,4
4,6,18660428,0,23,74,3
7,13,18660704,0,23,74,4
10,3,18661021,0,23,74,1
8,8,18660808,0,23,74,4
9,4,18660904,0,23,74,1
2,1,18660205,0,23,74,1
4,4,18660412,0,23,74,1
9,11,18660906,0,23,74,4
3,4,18660307,0,23,74,1
8,8,18660810,0,23,74,4
9,15,18660912,0,23,74,4
6,13,18660612,0,23,74,4
8,9,18660810,0,23,74,4
10,9,18661018,0,23,74,4
8,9,18660813,0,23,74,4
9,14,18660905,0,23,74,4
5,17,18660519,0,23,74,4
6,20,18660606,0,23,74,7
6,14,18660611,0,23,74,4
6,22,18660621,0,23,74,9
4,4,18660428,0,23,74,1
5,28,18660527,0,23,74,13
6,17,18660627,0,23,74,4
7,27,18660715,0,23,74,12
9,12,18660927,0,23,74,4
5,19,18660527,0,23,74,6
9,15,18660927,0,23,74,4
12,1,18661209,0,23,74,1
8,11,18660831,0,23,74,4
5,15,18660511,0,23,74,4
12,1,18661219,0,23,74,1
2,3,18660210,0,23,74,1
8,14,18660807,0,23,74,4
8,12,18660821,0,23,74,4
6,9,18660616,0,23,74,4
7,26,18660717,0,23,74,12
9,6,18660929,0,23,74,3
10,15,18661017,0,23,74,4
8,13,18660814,0,23,74,4
7,19,18660710,0,23,74,6
10,3,18661020,0,23,74,1
7,16,18660702,0,23,74,4
12,4,18661223,0,23,74,1
4,13,18660428,0,23,74,4
7,26,18660719,0,23,74,12
8,15,18660821,0,23,74,4
10,11,18661020,0,23,74,4
7,14,18660719,0,23,74,4
8,28,18660828,0,23,74,13
2,3,18660228,0,23,74,1
7,13,18660731,0,23,74,4
6,6,18660620,0,23,74,3
7,19,18660730,0,23,74,6
7,14,18660721,0,23,74,4
11,1,18661112,0,23,74,1
8,11,18660829,0,23,74,4
10,12,18661020,0,23,74,4
8,27,18660823,0,23,74,12
4,8,18660421,0,23,74,4
8,14,18660803,0,23,74,4
10,12,18661017,0,23,74,4
6,14,18660627,0,23,74,4
7,26,18660720,0,23,74,12
7,13,18660720,0,23,74,4
6,13,18660623,0,23,74,4
8,9,18660806,0,23,74,4
6,19,18660630,0,23,74,6
6,12,18660601,0,23,74,4
3,3,18660323,0,23,74,1
10,15,18661022,0,23,74,4
1,4,18660117,0,23,74,1
8,9,18660804,0,23,74,4
9,5,18660922,0,23,74,2
10,3,18661018,0,23,74,1
7,13,18660721,0,23,74,4
6,8,18660618,0,23,74,4
8,12,18660804,0,23,74,4
8,13,18660813,0,23,74,4
6,22,18660619,0,23,74,9
9,5,18660928,0,23,74,2
6,20,18660608,0,23,74,7
6,20,18660619,0,23,74,7
8,6,18660823,0,23,74,3
5,23,18660528,0,23,74,10
6,5,18660608,0,23,74,2
6,21,18660621,0,23,74,8
7,20,18660706,0,24,74,7
12,3,18661231,0,24,74,1
10,23,18661004,0,24,74,10
5,23,18660510,0,24,74,10
5,24,18660508,0,24,74,10
12,1,18661214,0,24,74,1
12,3,18661229,0,24,74,1
10,0,18661006,0,24,74,0
2,3,18660220,0,24,74,1
1,1,18660126,0,24,74,1
6,6,18660623,0,24,74,3
5,0,18660528,0,24,74,0
7,20,18660710,0,24,74,7
9,22,18660914,0,24,74,9
6,6,18660604,0,24,74,3
4,3,18660417,0,24,74,1
4,23,18660427,0,24,74,10
8,20,18660824,0,24,74,7
5,21,18660529,0,24,74,8
6,22,18660608,0,24,74,9
12,1,18661215,0,24,74,1
12,1,18661224,0,24,74,1
6,6,18660624,0,24,74,3
8,24,18660813,0,24,74,10
3,1,18660310,0,24,74,1
6,22,18660625,0,24,74,9
4,1,18660418,0,24,74,1
6,27,18660620,0,24,74,12
1,3,18660126,0,24,74,1
6,22,18660624,0,24,74,9
4,1,18660413,0,24,75,1
8,27,18660825,0,24,75,12
5,0,18660529,0,24,75,0
6,0,18660612,0,24,75,0
7,6,18660717,0,24,75,3
8,20,18660820,0,24,75,7
4,1,18660403,0,24,75,1
4,1,18660424,0,24,75,1
4,23,18660428,0,24,75,10
6,6,18660607,0,24,75,3
3,1,18660321,0,24,75,1
5,23,18660527,0,24,75,10
2,1,18660225,0,24,75,1
9,20,18660901,0,24,75,7
7,22,18660716,0,24,75,9
6,21,18660608,0,24,75,8
9,23,18660902,0,24,75,10
7,21,18660712,0,24,75,8
10,23,18661005,0,24,75,10
7,16,18660701,0,24,75,4
7,20,18660705,0,24,75,7
7,17,18660721,0,24,75,4
9,15,18660910,0,24,75,4
8,14,18660828,0,24,75,4
5,11,18660518,0,24,75,4
7,9,18660721,0,24,75,4
9,22,18660907,0,24,75,9
6,22,18660613,0,24,75,9
4,27,18660426,0,24,75,12
6,28,18660619,0,24,75,13
8,20,18660828,0,24,75,7
9,17,18660904,0,24,75,4
4,28,18660422,0,24,75,13
7,17,18660704,0,24,75,4
4,11,18660419,0,24,75,4
6,15,18660616,0,24,75,4
12,3,18661226,0,24,75,1
5,24,18660520,0,24,75,10
5,3,18660506,0,24,75,1
2,4,18660207,0,24,75,1
4,1,18660404,0,24,75,1
5,4,18660510,0,24,75,1
4,9,18660405,0,24,75,4
11,3,18661129,0,24,75,1
4,15,18660405,0,24,75,4
9,28,18660917,0,24,75,13
8,9,18660827,0,24,75,4
6,16,18660610,0,24,75,4
6,15,18660615,0,24,75,4
3,3,18660331,0,24,75,1
11,4,18661119,0,24,75,1
9,28,18660907,0,24,75,13
4,28,18660421,0,24,75,13
2,1,18660206,0,24,75,1
12,1,18661213,0,24,75,1
8,28,18660820,0,24,75,13
6,11,18660604,0,24,75,4
9,24,18660924,0,24,75,10
5,28,18660512,0,24,75,13
2,4,18660224,0,24,75,1
3,1,18660302,0,24,75,1
9,4,18660901,0,24,75,1
7,19,18660711,0,24,75,6
8,14,18660808,0,24,75,4
10,17,18661008,0,24,75,4
8,17,18660817,0,24,75,4
9,4,18660902,0,24,75,1
8,17,18660810,0,24,75,4
8,14,18660811,0,24,75,4
9,13,18660903,0,24,75,4
3,1,18660320,0,24,75,1
9,3,18660914,0,24,75,1
4,9,18660418,0,24,75,4
6,9,18660606,0,24,75,4
1,1,18660106,0,24,75,1
6,11,18660605,0,24,75,4
7,19,18660715,0,24,75,6
9,28,18660913,0,24,75,13
6,20,18660609,0,24,75,7
10,11,18661008,0,24,75,4
7,22,18660712,0,24,75,9
6,13,18660621,0,24,75,4
8,15,18660808,0,24,75,4
7,12,18660710,0,24,75,4
1,3,18660129,0,24,75,1
7,15,18660710,0,24,75,4
8,12,18660820,0,24,75,4
6,6,18660629,0,24,75,3
8,12,18660809,0,24,75,4
6,28,18660620,0,24,75,13
10,20,18661002,0,24,75,7
4,1,18660423,0,24,75,1
8,11,18660814,0,24,75,4
9,15,18660904,0,24,75,4
7,15,18660719,0,24,75,4
9,14,18660904,0,24,75,4
9,9,18660904,0,24,75,4
8,12,18660810,0,24,75,4
4,9,18660428,0,24,75,4
7,19,18660718,0,24,75,6
9,3,18660902,0,24,75,1
4,1,18660416,0,24,75,1
9,23,18660929,0,24,75,10
9,24,18660929,0,24,75,10
6,0,18660618,0,24,75,0
9,22,18660905,0,24,75,9
10,0,18661001,0,24,75,0
6,0,18660625,0,24,75,0
9,0,18660920,0,24,75,0
6,0,18660626,0,24,75,0
7,0,18660708,0,24,75,0
10,3,18661002,0,24,75,1
7,5,18660724,0,24,75,2
10,23,18661001,0,24,75,10
9,24,18660920,0,24,75,10
3,1,18660327,0,24,75,1
9,24,18660921,0,24,75,10
9,21,18660929,0,24,75,8
2,1,18660207,0,24,75,1
6,0,18660601,0,24,75,0
6,0,18660608,0,24,75,0
8,5,18660822,0,24,75,2
9,0,18660927,0,24,75,0
6,0,18660622,0,24,75,0
5,22,18660529,0,24,75,9
1,1,18660107,0,24,75,1
5,0,18660531,0,24,75,0
5,0,18660530,0,24,75,0
10,21,18661001,0,24,75,8
8,22,18660807,0,24,75,9
4,3,18660429,0,24,75,1
6,27,18660623,0,24,75,12
2,1,18660220,0,24,75,1
7,27,18660708,0,24,75,12
8,5,18660823,0,24,75,2
8,6,18660825,0,24,75,3
4,24,18660427,0,24,75,10
9,5,18660929,0,24,75,2
5,23,18660512,0,24,75,10
9,21,18660927,0,24,75,8
10,5,18661002,0,24,75,2
5,5,18660528,0,24,75,2
12,1,18661227,0,24,75,1
7,20,18660712,0,24,75,7
6,27,18660602,0,24,76,12
10,1,18661024,0,24,76,1
5,24,18660512,0,24,76,10
8,23,18660813,0,24,76,10
5,24,18660531,0,24,76,10
9,20,18660928,0,24,76,7
5,24,18660527,0,24,76,10
11,1,18661104,0,24,76,1
9,23,18660918,0,24,76,10
8,1,18660831,0,24,76,1
10,24,18661001,0,24,76,10
10,1,18661025,0,24,76,1
6,27,18660622,0,24,76,12
7,21,18660701,0,24,76,8
9,5,18660930,0,24,76,2
9,24,18660902,0,24,76,10
12,3,18661228,0,24,76,1
9,24,18660923,0,24,76,10
7,5,18660707,0,24,76,2
6,5,18660620,0,24,76,2
1,3,18660114,0,24,76,1
9,1,18660926,0,24,76,1
3,1,18660305,0,24,76,1
2,1,18660221,0,24,76,1
8,20,18660825,0,24,76,7
7,14,18660720,0,24,76,4
8,11,18660818,0,24,76,4
6,11,18660608,0,24,76,4
2,4,18660222,0,24,76,1
6,15,18660609,0,24,76,4
7,9,18660719,0,24,76,4
6,17,18660608,0,24,76,4
6,19,18660624,0,24,76,6
7,17,18660719,0,24,76,4
8,28,18660829,0,24,76,13
12,3,18661207,0,24,76,1
8,24,18660828,0,24,76,10
9,15,18660928,0,24,76,4
8,28,18660818,0,24,76,13
6,15,18660608,0,24,76,4
5,15,18660507,0,24,76,4
7,19,18660717,0,24,76,6
6,16,18660621,0,24,76,4
9,28,18660926,0,24,76,13
11,1,18661121,0,24,76,1
7,16,18660714,0,24,76,4
12,1,18661220,0,24,76,1
8,14,18660813,0,24,76,4
6,22,18660609,0,24,76,9
6,11,18660627,0,24,76,4
10,9,18661002,0,24,76,4
7,13,18660703,0,24,76,4
11,1,18661116,0,24,76,1
1,1,18660124,0,24,76,1
3,1,18660318,0,24,76,1
5,23,18660511,0,24,76,10
4,1,18660408,0,24,76,1
8,11,18660817,0,24,76,4
5,17,18660511,0,24,76,4
10,12,18661018,0,24,76,4
8,17,18660828,0,24,76,4
8,8,18660811,0,24,76,4
6,28,18660629,0,24,76,13
7,16,18660710,0,24,76,4
6,8,18660602,0,24,76,4
10,15,18661019,0,24,76,4
7,13,18660725,0,24,76,4
5,23,18660509,0,24,76,10
8,11,18660827,0,24,76,4
6,13,18660622,0,24,76,4
7,13,18660709,0,24,76,4
8,9,18660828,0,24,76,4
5,5,18660509,0,24,76,2
7,19,18660724,0,24,76,6
6,14,18660622,0,24,76,4
8,12,18660807,0,24,76,4
6,16,18660622,0,24,76,4
6,9,18660630,0,24,76,4
8,28,18660821,0,24,76,13
5,13,18660519,0,24,76,4
8,15,18660804,0,24,76,4
9,5,18660915,0,24,76,2
6,26,18660623,0,24,76,12
7,14,18660702,0,24,76,4
6,12,18660623,0,24,76,4
4,24,18660428,0,24,76,10
9,28,18660914,0,24,76,13
6,17,18660616,0,24,76,4
8,11,18660828,0,24,76,4
6,17,18660614,0,24,76,4
10,4,18661029,0,24,76,1
2,3,18660205,0,24,76,1
7,13,18660702,0,24,76,4
4,17,18660420,0,24,76,4
6,21,18660609,0,24,76,8
9,0,18660929,0,24,76,0
7,0,18660713,0,24,76,0
7,0,18660712,0,24,76,0
4,1,18660415,0,24,76,1
6,0,18660628,0,24,76,0
3,3,18660310,0,24,76,1
6,0,18660611,0,24,76,0
9,20,18660929,0,24,76,7
10,5,18661001,0,24,76,2
11,0,18661107,0,24,76,0
8,24,18660831,0,24,76,10
9,0,18660921,0,24,76,0
7,20,18660718,0,24,76,7
10,20,18661001,0,24,76,7
9,21,18660930,0,24,76,8
10,0,18661010,0,24,76,0
7,6,18660710,0,25,76,3
10,21,18661002,0,25,76,8
7,5,18660706,0,25,76,2
8,20,18660807,0,25,76,7
8,6,18660824,0,25,76,3
4,1,18660409,0,25,76,1
6,6,18660602,0,25,76,3
7,5,18660731,0,25,76,2
8,5,18660831,0,25,76,2
10,23,18661002,0,25,76,10
10,1,18661020,0,25,76,1
3,1,18660326,0,25,76,1
7,21,18660717,0,25,76,8
3,1,18660313,0,25,76,1
9,20,18660905,0,25,76,7
1,1,18660105,0,25,76,1
6,20,18660601,0,25,76,7
7,6,18660716,0,25,77,3
6,21,18660630,0,25,77,8
3,1,18660304,0,25,77,1
5,24,18660510,0,25,77,10
6,5,18660625,0,25,77,2
6,22,18660612,0,25,77,9
11,1,18661107,0,25,77,1
9,24,18660904,0,25,77,10
5,23,18660531,0,25,77,10
6,5,18660621,0,25,77,2
6,5,18660616,0,25,77,2
9,5,18660909,0,25,77,2
4,3,18660420,0,25,77,1
5,24,18660509,0,25,77,10
1,4,18660115,0,25,77,1
1,4,18660101,0,25,77,1
5,3,18660512,0,25,77,1
7,11,18660704,0,25,77,4
6,0,18660627,0,25,77,0
7,9,18660704,0,25,77,4
6,12,18660619,0,25,77,4
7,0,18660710,0,25,77,0
1,1,18660131,0,25,77,1
10,11,18661017,0,25,77,4
9,0,18660919,0,25,77,0
7,0,18660711,0,25,77,0
9,28,18660912,0,25,77,13
6,26,18660625,0,25,77,12
2,1,18660223,0,25,77,1
7,16,18660704,0,25,77,4
9,23,18660913,0,25,77,10
9,12,18660904,0,25,77,4
4,28,18660420,0,25,77,13
7,14,18660705,0,25,77,4
6,28,18660628,0,25,77,13
5,4,18660509,0,25,77,1
9,9,18660903,0,25,77,4
10,9,18661008,0,25,77,4
6,0,18660629,0,25,77,0
10,8,18661006,0,25,77,4
9,15,18660905,0,25,77,4
6,14,18660613,0,25,77,4
9,24,18660914,0,25,77,10
9,28,18660908,0,25,77,13
6,0,18660619,0,25,77,0
2,4,18660221,0,25,77,1
5,0,18660512,0,25,77,0
6,0,18660620,0,25,77,0
10,12,18661008,0,25,77,4
8,17,18660803,0,25,77,4
8,5,18660807,0,25,77,2
8,16,18660806,0,25,77,4
6,11,18660611,0,25,77,4
8,22,18660823,0,25,77,9
4,4,18660410,0,25,77,1
8,12,18660802,0,25,77,4
9,23,18660920,0,25,77,10
8,16,18660801,0,25,77,4
7,19,18660719,0,25,77,6
8,13,18660801,0,25,77,4
7,16,18660731,0,25,77,4
6,11,18660602,0,25,77,4
6,12,18660602,0,25,77,4
6,0,18660623,0,25,77,0
3,3,18660326,0,25,77,1
9,0,18660930,0,25,77,0
6,16,18660624,0,25,77,4
8,15,18660828,0,25,77,4
5,17,18660512,0,25,77,4
7,16,18660722,0,25,77,4
6,0,18660624,0,25,77,0
7,5,18660723,0,25,77,2
12,4,18661214,0,25,77,1
6,16,18660623,0,25,77,4
8,17,18660827,0,25,77,4
8,9,18660807,0,25,77,4
8,16,18660807,0,25,77,4
8,28,18660827,0,25,77,13
8,17,18660807,0,25,77,4
6,23,18660609,0,25,77,10
9,13,18660901,0,25,77,4
9,5,18660927,0,25,77,2
4,15,18660418,0,25,77,4
8,0,18660813,0,25,77,0
8,9,18660817,0,25,77,4
3,3,18660311,0,25,77,1
3,4,18660313,0,25,77,1
7,0,18660716,0,25,77,0
8,24,18660811,0,25,77,10
6,11,18660620,0,25,77,4
9,0,18660928,0,25,77,0
8,15,18660809,0,25,77,4
9,12,18660928,0,25,77,4
8,28,18660819,0,25,77,13
8,17,18660808,0,25,77,4
9,24,18660911,0,25,77,10
8,6,18660826,0,25,77,3
4,1,18660412,0,25,77,1
10,1,18661023,0,25,77,1
1,3,18660113,0,25,77,1
3,3,18660322,0,25,77,1
3,1,18660312,0,25,77,1
8,24,18660812,0,25,77,10
8,5,18660825,0,25,77,2
8,22,18660828,0,25,77,9
6,27,18660609,0,25,77,12
4,3,18660430,0,25,77,1
8,21,18660824,0,25,77,8
7,5,18660704,0,25,77,2
9,22,18660908,0,25,77,9
6,24,18660601,0,25,77,10
3,1,18660311,0,25,77,1
2,1,18660226,0,25,77,1
6,24,18660604,0,25,77,10
3,1,18660319,0,25,77,1
5,24,18660511,0,25,77,10
12,1,18661211,0,25,77,1
10,1,18661022,0,25,77,1
1,3,18660131,0,25,78,1
6,6,18660608,0,25,78,3
6,20,18660610,0,25,78,7
7,5,18660702,0,25,78,2
8,22,18660824,0,25,78,9
9,22,18660928,0,25,78,9
9,5,18660906,0,25,78,2
2,1,18660208,0,25,78,1
8,5,18660824,0,25,78,2
6,6,18660630,0,25,78,3
2,1,18660201,0,25,78,1
9,22,18660929,0,25,78,9
3,4,18660302,0,25,78,1
4,5,18660428,0,25,78,2
6,5,18660624,0,25,78,2
8,21,18660828,0,25,78,8
10,22,18661001,0,25,78,9
9,5,18660901,0,25,78,2
4,5,18660430,0,25,78,2
9,21,18660928,0,25,78,8
1,1,18660111,0,25,78,1
6,24,18660629,0,25,78,10
6,21,18660612,0,25,78,8
12,3,18661205,0,26,78,1
9,20,18660930,0,26,78,7
7,0,18660721,0,26,78,0
5,3,18660508,0,26,78,1
5,3,18660510,0,26,78,1
6,20,18660626,0,26,78,7
9,0,18660913,0,26,78,0
9,0,18660915,0,26,78,0
9,20,18660924,0,26,78,7
1,3,18660121,0,26,78,1
7,6,18660711,0,26,78,3
7,21,18660716,0,26,78,8
6,6,18660628,0,26,78,3
1,3,18660123,0,26,78,1
7,5,18660712,0,26,78,2
4,21,18660428,0,26,78,8
7,0,18660714,0,26,78,0
7,0,18660728,0,26,78,0
12,3,18661204,0,26,78,1
9,5,18660905,0,26,78,2
2,1,18660214,0,26,78,1
6,0,18660603,0,26,78,0
6,6,18660603,0,26,78,3
7,14,18660718,0,26,78,4
6,19,18660625,0,26,78,6
6,28,18660630,0,26,78,13
6,9,18660614,0,26,78,4
6,26,18660628,0,26,78,12
2,4,18660213,0,26,78,1
10,11,18661016,0,26,78,4
7,28,18660710,0,26,78,13
8,28,18660822,0,26,78,13
10,9,18661016,0,26,78,4
4,11,18660420,0,26,78,4
8,23,18660829,0,26,78,10
11,1,18661122,0,26,78,1
9,24,18660903,0,26,78,10
8,12,18660827,0,26,78,4
3,1,18660324,0,26,78,1
6,12,18660611,0,26,78,4
6,13,18660609,0,26,78,4
9,8,18660903,0,26,78,4
8,24,18660830,0,26,78,10
7,19,18660723,0,26,78,6
9,14,18660903,0,26,78,4
6,13,18660608,0,26,78,4
10,4,18661017,0,26,78,1
10,15,18661016,0,26,78,4
5,5,18660529,0,26,78,2
3,1,18660322,0,26,78,1
7,9,18660709,0,26,78,4
8,15,18660827,0,26,78,4
10,8,18661015,0,26,78,4
7,14,18660711,0,26,78,4
6,17,18660630,0,26,78,4
4,4,18660430,0,26,78,1
5,9,18660519,0,26,78,4
7,17,18660702,0,26,78,4
8,12,18660817,0,26,78,4
7,9,18660730,0,26,78,4
6,16,18660614,0,26,78,4
6,9,18660613,0,26,78,4
7,19,18660720,0,26,78,6
8,8,18660831,0,26,78,4
7,16,18660730,0,26,78,4
6,12,18660607,0,26,78,4
5,11,18660512,0,26,78,4
4,28,18660406,0,26,78,13
6,14,18660623,0,26,78,4
8,8,18660813,0,26,78,4
5,13,18660521,0,26,78,4
7,9,18660723,0,26,78,4
9,24,18660913,0,26,78,10
7,13,18660723,0,26,78,4
6,11,18660614,0,26,78,4
7,8,18660731,0,26,78,4
7,14,18660723,0,26,78,4
8,15,18660829,0,26,78,4
8,15,18660810,0,26,78,4
8,15,18660811,0,26,78,4
7,13,18660710,0,26,78,4
7,14,18660710,0,26,78,4
4,1,18660410,0,26,78,1
2,1,18660209,0,26,78,1
6,28,18660612,0,26,78,13
7,17,18660720,0,26,78,4
7,16,18660723,0,26,78,4
8,17,18660801,0,26,78,4
9,0,18660918,0,26,78,0
4,3,18660419,0,26,78,1
7,27,18660720,0,26,78,12
3,1,18660325,0,26,78,1
6,5,18660619,0,26,78,2
9,5,18660923,0,26,78,2
8,5,18660808,0,26,78,2
9,0,18660914,0,26,78,0
6,6,18660612,0,26,78,3
1,1,18660109,0,26,79,1
5,23,18660529,0,26,79,10
6,20,18660622,0,26,79,7
4,20,18660428,0,26,79,7
1,3,18660117,0,26,79,1
9,1,18660905,0,26,79,1
6,5,18660609,0,26,79,2
4,1,18660420,0,26,79,1
9,24,18660916,0,26,79,10
7,0,18660720,0,26,79,0
8,0,18660814,0,26,79,0
8,22,18660825,0,26,79,9
9,24,18660917,0,26,79,10
9,22,18660930,0,26,79,9
9,0,18660917,0,26,79,0
7,0,18660715,0,26,79,0
12,3,18661227,0,26,79,1
1,3,18660130,0,26,79,1
5,5,18660530,0,26,79,2
8,0,18660815,0,26,79,0
9,20,18660927,0,26,79,7
8,0,18660802,0,26,79,0
7,0,18660709,0,26,79,0
6,23,18660601,0,26,79,10
6,6,18660625,0,26,79,3
7,0,18660717,0,26,79,0
1,1,18660127,0,26,79,1
3,4,18660326,0,26,79,1
12,1,18661228,0,26,79,1
4,11,18660428,0,26,79,4
3,4,18660323,0,26,79,1
12,1,18661229,0,26,79,1
4,11,18660418,0,26,79,4
4,1,18660411,0,26,79,1
1,3,18660112,0,26,79,1
1,1,18660101,0,26,79,1
7,16,18660708,0,26,79,4
6,28,18660605,0,26,79,13
7,13,18660730,0,26,79,4
7,16,18660703,0,26,79,4
9,20,18660906,0,26,79,7
7,26,18660711,0,26,79,12
6,14,18660621,0,26,79,4
6,17,18660609,0,26,79,4
8,28,18660830,0,26,79,13
10,3,18661028,0,26,79,1
8,28,18660807,0,26,79,13
6,9,18660602,0,26,79,4
8,28,18660815,0,26,79,13
7,17,18660730,0,26,79,4
9,28,18660906,0,26,79,13
7,9,18660731,0,26,79,4
6,19,18660629,0,26,79,6
7,14,18660731,0,26,79,4
10,3,18661017,0,26,79,1
7,28,18660701,0,26,79,13
6,14,18660626,0,26,79,4
8,28,18660811,0,26,79,13
7,17,18660723,0,26,79,4
7,13,18660724,0,26,79,4
8,28,18660809,0,26,79,13
6,8,18660606,0,26,79,4
6,28,18660618,0,26,79,13
7,13,18660705,0,26,79,4
8,28,18660810,0,26,79,13
7,8,18660719,0,26,79,4
5,4,18660508,0,26,79,1
10,15,18661002,0,26,79,4
6,13,18660613,0,26,79,4
6,6,18660627,0,26,79,3
10,12,18661002,0,26,79,4
9,14,18660901,0,26,79,4
5,8,18660511,0,26,79,4
7,17,18660710,0,26,79,4
9,9,18660901,0,26,79,4
9,15,18660906,0,26,79,4
6,15,18660614,0,26,79,4
11,3,18661116,0,26,79,1
9,17,18660901,0,26,79,4
8,12,18660806,0,26,79,4
6,11,18660623,0,26,79,4
8,15,18660806,0,26,79,4
6,11,18660612,0,26,79,4
6,26,18660624,0,26,79,12
6,8,18660623,0,26,79,4
6,19,18660627,0,26,79,6
7,13,18660726,0,26,79,4
7,14,18660714,0,26,79,4
7,26,18660710,0,26,79,12
8,12,18660831,0,26,79,4
6,23,18660604,0,26,79,10
8,23,18660830,0,26,79,10
9,23,18660921,0,26,79,10
8,5,18660829,0,26,79,2
6,23,18660607,0,26,79,10
7,27,18660712,0,26,79,12
5,3,18660502,0,26,79,1
8,24,18660821,0,26,79,10
9,5,18660925,0,26,79,2
6,24,18660605,0,26,79,10
5,3,18660509,0,26,79,1
4,22,18660428,0,26,79,9
4,5,18660429,0,26,79,2
8,21,18660825,0,26,79,8
9,24,18660915,0,26,79,10
6,0,18660602,0,26,79,0
6,6,18660621,0,26,80,3
6,27,18660608,0,26,80,12
6,23,18660605,0,26,80,10
9,21,18660923,0,26,80,8
2,1,18660228,0,26,80,1
6,21,18660610,0,26,80,8
6,27,18660628,0,26,80,12
9,22,18660927,0,26,80,9
9,24,18660910,0,26,80,10
2,1,18660227,0,26,80,1
5,3,18660511,0,26,80,1
9,20,18660925,0,26,80,7
8,0,18660831,0,26,80,0
2,1,18660217,0,26,80,1
6,0,18660621,0,26,80,0
8,5,18660826,0,26,80,2
8,0,18660816,0,26,80,0
5,5,18660501,0,26,80,2
6,20,18660627,0,26,80,7
1,3,18660108,0,26,80,1
7,0,18660726,0,26,80,0
9,5,18660924,0,26,80,2
9,0,18660922,0,26,80,0
7,6,18660712,0,26,80,3
8,0,18660809,0,26,80,0
8,0,18660811,0,26,80,0
9,23,18660922,0,26,80,10
8,0,18660803,0,26,80,0
8,0,18660810,0,26,80,0
9,23,18660923,0,26,80,10
8,0,18660808,0,26,80,0
8,23,18660815,0,26,80,10
12,1,18661230,0,27,80,1
8,24,18660829,0,27,80,10
6,24,18660615,0,27,80,10
7,20,18660717,0,27,80,7
6,21,18660603,0,27,80,8
9,20,18660926,0,27,80,7
9,24,18660905,0,27,80,10
6,6,18660626,0,27,80,3
7,16,18660726,0,27,80,4
7,13,18660711,0,27,80,4
9,12,18660906,0,27,80,4
6,28,18660615,0,27,80,13
7,12,18660721,0,27,80,4
7,16,18660724,0,27,80,4
6,17,18660620,0,27,80,4
7,14,18660724,0,27,80,4
9,8,18660929,0,27,80,4
7,17,18660709,0,27,80,4
7,19,18660721,0,27,80,6
4,3,18660422,0,27,80,1
7,28,18660722,0,27,80,13
6,23,18660615,0,27,80,10
9,28,18660918,0,27,80,13
7,8,18660718,0,27,80,4
4,9,18660421,0,27,80,4
7,9,18660718,0,27,80,4
6,28,18660613,0,27,80,13
7,16,18660711,0,27,80,4
8,9,18660811,0,27,80,4
5,8,18660512,0,27,80,4
5,9,18660511,0,27,80,4
8,17,18660811,0,27,80,4
7,17,18660731,0,27,80,4
6,12,18660630,0,27,80,4
6,16,18660626,0,27,80,4
4,15,18660428,0,27,80,4
6,8,18660604,0,27,80,4
6,19,18660626,0,27,80,6
1,4,18660111,0,27,80,1
9,16,18660902,0,27,80,4
8,12,18660803,0,27,80,4
8,15,18660803,0,27,80,4
10,4,18661030,0,27,80,1
12,1,18661231,0,27,80,1
4,3,18660412,0,27,80,1
8,28,18660806,0,27,80,13
5,14,18660521,0,27,80,4
8,24,18660806,0,27,80,10
5,11,18660519,0,27,80,4
8,28,18660805,0,27,80,13
8,0,18660804,0,27,80,0
7,11,18660702,0,27,80,4
6,28,18660607,0,27,80,13
7,16,18660729,0,27,80,4
7,14,18660707,0,27,80,4
7,20,18660716,0,27,80,7
8,12,18660818,0,27,80,4
10,15,18661008,0,27,80,4
7,8,18660728,0,27,80,4
9,0,18660905,0,27,80,0
7,16,18660705,0,27,80,4
1,4,18660124,0,27,80,1
9,11,18660904,0,27,80,4
7,15,18660704,0,27,80,4
8,20,18660827,0,27,80,7
5,11,18660511,0,27,80,4
8,28,18660812,0,27,80,13
7,12,18660703,0,27,80,4
11,3,18661122,0,27,80,1
6,28,18660608,0,27,80,13
8,5,18660820,0,27,80,2
7,22,18660701,0,27,80,9
4,1,18660422,0,27,80,1
7,27,18660713,0,27,80,12
6,24,18660618,0,27,80,10
8,5,18660804,0,27,80,2
6,23,18660618,0,27,80,10
8,24,18660815,0,27,80,10
9,5,18660926,0,27,80,2
7,27,18660709,0,27,80,12
6,5,18660622,0,27,80,2
6,27,18660625,0,27,80,12
6,5,18660605,0,27,80,2
7,20,18660701,0,27,80,7
12,1,18661216,0,27,80,1
2,3,18660206,0,27,80,1
6,5,18660626,0,27,80,2
2,3,18660219,0,27,80,1
7,6,18660715,0,27,80,3
9,23,18660910,0,27,80,10
2,3,18660202,0,27,80,1
9,22,18660923,0,27,80,9
9,0,18660906,0,27,81,0
9,5,18660907,0,27,81,2
9,24,18660906,0,27,81,10
3,1,18660303,0,27,81,1
8,0,18660830,0,27,81,0
9,0,18660904,0,27,81,0
9,0,18660912,0,27,81,0
9,0,18660901,0,27,81,0
6,5,18660610,0,27,81,2
7,0,18660707,0,27,81,0
8,0,18660812,0,27,81,0
7,0,18660727,0,27,81,0
8,0,18660807,0,27,81,0
6,0,18660614,0,27,81,0
9,23,18660924,0,27,81,10
9,21,18660924,0,27,81,8
9,22,18660924,0,27,81,9
8,0,18660806,0,27,81,0
9,0,18660923,0,27,81,0
8,0,18660822,0,27,81,0
6,23,18660625,0,27,81,10
8,0,18660823,0,27,81,0
9,24,18660909,0,27,81,10
7,5,18660705,0,27,81,2
6,22,18660610,0,27,81,9
6,5,18660628,0,27,81,2
7,21,18660713,0,27,81,8
6,24,18660626,0,27,81,10
11,1,18661105,0,27,81,1
9,21,18660908,0,27,81,8
10,1,18661009,0,27,81,1
2,1,18660216,0,27,81,1
7,12,18660718,0,27,81,4
8,23,18660831,0,27,81,10
7,8,18660723,0,27,81,4
6,17,18660622,0,27,81,4
7,9,18660725,0,27,81,4
7,16,18660725,0,27,81,4
3,3,18660318,0,27,81,1
7,16,18660727,0,27,81,4
8,24,18660807,0,27,81,10
6,11,18660622,0,27,81,4
6,9,18660622,0,27,81,4
12,1,18661212,0,27,81,1
8,15,18660818,0,27,81,4
7,14,18660730,0,27,81,4
7,8,18660730,0,27,81,4
3,3,18660316,0,27,81,1
5,4,18660502,0,27,81,1
4,4,18660411,0,27,81,1
7,14,18660709,0,27,81,4
6,28,18660616,0,27,81,13
7,12,18660709,0,27,81,4
6,17,18660626,0,27,81,4
9,28,18660921,0,27,81,13
10,4,18661028,0,27,81,1
1,1,18660115,0,27,81,1
6,20,18660630,0,27,81,7
6,19,18660628,0,27,81,6
4,15,18660420,0,27,81,4
6,15,18660627,0,27,81,4
4,9,18660420,0,27,81,4
9,23,18660914,0,27,81,10
2,1,18660211,0,27,81,1
5,28,18660513,0,27,81,13
7,13,18660707,0,27,81,4
10,8,18661008,0,27,81,4
9,11,18660901,0,27,81,4
7,27,18660714,0,27,81,12
7,12,18660704,0,27,81,4
5,3,18660503,0,27,81,1
9,11,18660903,0,27,81,4
7,13,18660713,0,27,81,4
2,1,18660210,0,27,81,1
5,4,18660511,0,27,81,1
8,28,18660831,0,27,81,13
5,9,18660512,0,27,81,4
6,22,18660630,0,27,81,9
2,3,18660204,0,27,81,1
6,21,18660626,0,27,81,8
9,5,18660908,0,27,81,2
7,20,18660713,0,27,81,7
8,5,18660827,0,27,81,2
6,21,18660611,0,27,81,8
6,24,18660625,0,27,81,10
6,24,18660630,0,27,81,10
6,23,18660617,0,27,81,10
6,27,18660629,0,27,81,12
9,24,18660912,0,27,81,10
7,27,18660710,0,27,81,12
9,23,18660915,0,28,82,10
8,21,18660826,0,28,82,8
9,23,18660925,0,28,82,10
6,5,18660623,0,28,82,2
9,23,18660904,0,28,82,10
8,24,18660809,0,28,82,10
8,23,18660812,0,28,82,10
6,24,18660602,0,28,82,10
7,22,18660713,0,28,82,9
6,21,18660622,0,28,82,8
6,6,18660610,0,28,82,3
8,0,18660824,0,28,82,0
10,3,18661016,0,28,82,1
9,1,18660906,0,28,82,1
6,27,18660627,0,28,82,12
8,24,18660817,0,28,82,10
8,24,18660814,0,28,82,10
6,6,18660609,0,28,82,3
1,1,18660118,0,28,82,1
3,3,18660302,0,28,82,1
5,11,18660521,0,28,82,4
8,15,18660814,0,28,82,4
8,12,18660814,0,28,82,4
8,12,18660813,0,28,82,4
6,13,18660626,0,28,82,4
6,8,18660622,0,28,82,4
6,21,18660629,0,28,82,8
8,9,18660801,0,28,82,4
8,15,18660807,0,28,82,4
8,8,18660801,0,28,82,4
10,8,18661016,0,28,82,4
5,3,18660501,0,28,82,1
7,28,18660731,0,28,82,13
6,9,18660608,0,28,82,4
8,28,18660803,0,28,82,13
5,15,18660512,0,28,82,4
8,23,18660811,0,28,82,10
8,28,18660808,0,28,82,13
6,28,18660606,0,28,82,13
6,12,18660627,0,28,82,4
6,13,18660625,0,28,82,4
10,9,18661015,0,28,82,4
7,11,18660709,0,28,82,4
7,9,18660710,0,28,82,4
6,17,18660621,0,28,82,4
8,0,18660825,0,28,82,0
8,28,18660804,0,28,82,13
9,0,18660911,0,28,82,0
6,12,18660615,0,28,82,4
7,8,18660721,0,28,82,4
7,9,18660720,0,28,82,4
7,14,18660712,0,28,82,4
8,12,18660828,0,28,82,4
9,28,18660905,0,28,82,13
9,23,18660903,0,28,82,10
7,14,18660713,0,28,82,4
7,28,18660720,0,28,82,13
2,4,18660218,0,28,82,1
7,19,18660722,0,28,82,6
7,14,18660726,0,28,82,4
7,28,18660702,0,28,82,13
7,9,18660703,0,28,82,4
7,11,18660703,0,28,82,4
7,14,18660703,0,28,82,4
6,15,18660611,0,28,82,4
6,11,18660621,0,28,82,4
2,4,18660217,0,28,82,1
7,8,18660706,0,28,82,4
7,13,18660728,0,28,82,4
7,13,18660727,0,28,82,4
6,12,18660614,0,28,82,4
2,4,18660210,0,28,82,1
7,16,18660707,0,28,82,4
1,1,18660112,0,28,82,1
6,20,18660605,0,28,82,7
8,5,18660828,0,28,82,2
8,21,18660827,0,28,82,8
5,5,18660531,0,28,82,2
9,24,18660908,0,28,82,10
8,0,18660827,0,28,82,0
8,23,18660806,0,28,82,10
6,23,18660619,0,28,82,10
6,24,18660619,0,28,82,10
6,23,18660606,0,28,82,10
7,0,18660701,0,28,82,0
9,23,18660909,0,28,82,10
7,0,18660725,0,28,82,0
6,5,18660602,0,28,82,2
9,0,18660924,0,28,82,0
9,1,18660915,0,28,82,1
7,0,18660706,0,28,82,0
6,20,18660628,0,28,83,7
6,27,18660626,0,28,83,12
4,1,18660421,0,28,83,1
8,22,18660827,0,28,83,9
6,5,18660606,0,28,83,2
7,6,18660714,0,28,83,3
9,20,18660908,0,28,83,7
9,23,18660905,0,28,83,10
6,20,18660612,0,28,83,7
2,3,18660203,0,28,83,1
9,23,18660917,0,28,83,10
7,17,18660714,0,28,83,4
7,8,18660707,0,28,83,4
7,15,18660723,0,28,83,4
8,24,18660816,0,28,83,10
6,11,18660613,0,28,83,4
6,11,18660609,0,28,83,4
7,17,18660705,0,28,83,4
6,28,18660623,0,28,83,13
7,28,18660729,0,28,83,13
7,14,18660725,0,28,83,4
6,24,18660616,0,28,83,10
7,12,18660702,0,28,83,4
7,14,18660728,0,28,83,4
7,15,18660726,0,28,83,4
6,15,18660620,0,28,83,4
7,14,18660706,0,28,83,4
10,4,18661016,0,28,83,1
7,15,18660703,0,28,83,4
6,17,18660613,0,28,83,4
7,8,18660720,0,28,83,4
8,22,18660826,0,28,83,9
7,16,18660706,0,28,83,4
7,17,18660726,0,28,83,4
9,28,18660919,0,28,83,13
10,4,18661031,0,28,83,1
12,4,18661216,0,28,83,1
7,15,18660731,0,28,83,4
6,28,18660621,0,28,83,13
7,6,18660713,0,28,83,3
7,11,18660705,0,28,83,4
7,8,18660702,0,28,83,4
7,28,18660711,0,28,83,13
9,28,18660901,0,28,83,13
7,13,18660712,0,28,83,4
6,8,18660620,0,28,83,4
8,12,18660801,0,28,83,4
8,28,18660801,0,28,83,13
3,1,18660307,0,28,83,1
6,24,18660617,0,28,83,10
6,5,18660601,0,28,83,2
7,5,18660701,0,28,83,2
8,24,18660810,0,28,83,10
8,24,18660822,0,28,83,10
7,0,18660718,0,28,83,0
7,0,18660723,0,28,83,0
6,20,18660604,0,28,83,7
8,24,18660802,0,29,83,10
8,24,18660801,0,29,83,10
6,23,18660626,0,29,83,10
6,24,18660606,0,29,83,10
1,3,18660122,0,29,83,1
8,24,18660820,0,29,83,10
7,24,18660725,0,29,84,10
8,23,18660807,0,29,84,10
2,3,18660226,0,29,84,1
11,1,18661123,0,29,84,1
9,23,18660916,0,29,84,10
7,24,18660720,0,29,84,10
8,20,18660826,0,29,84,7
6,5,18660611,0,29,84,2
8,24,18660824,0,29,84,10
6,20,18660602,0,29,84,7
6,22,18660626,0,29,84,9
7,23,18660725,0,29,84,10
8,24,18660808,0,29,84,10
6,23,18660608,0,29,84,10
8,23,18660828,0,29,84,10
8,24,18660819,0,29,84,10
6,22,18660629,0,29,84,9
7,21,18660714,0,29,84,8
6,20,18660611,0,29,84,7
4,3,18660401,0,29,84,1
7,8,18660725,0,29,84,4
7,28,18660723,0,29,84,13
6,22,18660603,0,29,84,9
6,21,18660627,0,29,84,8
2,3,18660227,0,29,84,1
10,8,18661018,0,29,84,4
7,11,18660711,0,29,84,4
9,28,18660902,0,29,84,13
7,9,18660702,0,29,84,4
7,15,18660702,0,29,84,4
7,11,18660710,0,29,84,4
7,15,18660714,0,29,84,4
1,1,18660116,0,29,84,1
6,21,18660604,0,29,84,8
3,4,18660312,0,29,84,1
3,4,18660317,0,29,84,1
6,5,18660614,0,29,84,2
1,3,18660107,0,29,84,1
12,4,18661225,0,29,84,1
7,8,18660703,0,29,84,4
7,20,18660715,0,29,84,7
2,4,18660212,0,29,84,1
6,12,18660609,0,29,84,4
6,8,18660626,0,29,84,4
7,28,18660726,0,29,84,13
7,8,18660727,0,29,84,4
7,17,18660728,0,29,84,4
7,12,18660731,0,29,84,4
7,9,18660726,0,29,84,4
7,9,18660705,0,29,84,4
7,13,18660706,0,29,84,4
7,28,18660725,0,29,84,13
6,9,18660623,0,29,84,4
7,17,18660725,0,29,84,4
6,9,18660621,0,29,84,4
6,22,18660611,0,29,84,9
8,0,18660826,0,29,84,0
8,24,18660825,0,29,84,10
6,23,18660616,0,29,84,10
7,0,18660722,0,29,84,0
9,0,18660916,0,29,84,0
7,0,18660719,0,29,84,0
6,0,18660613,0,29,84,0
7,0,18660729,0,29,84,0
6,5,18660604,0,29,84,2
8,0,18660805,0,29,84,0
9,23,18660906,0,29,84,10
9,0,18660907,0,29,84,0
7,0,18660705,0,29,84,0
11,1,18661128,0,29,84,1
10,3,18661029,0,29,84,1
6,23,18660602,0,29,85,10
8,24,18660818,0,29,85,10
10,1,18661018,0,29,85,1
6,24,18660609,0,29,85,10
2,1,18660212,0,29,85,1
8,23,18660809,0,29,85,10
6,20,18660603,0,29,85,7
6,22,18660622,0,29,85,9
11,1,18661117,0,29,85,1
3,3,18660317,0,29,85,1
11,3,18661128,0,29,85,1
6,9,18660620,0,29,85,4
7,8,18660710,0,29,85,4
11,4,18661104,0,29,85,1
6,12,18660629,0,29,85,4
6,5,18660617,0,29,85,2
6,24,18660614,0,29,85,10
4,3,18660423,0,29,85,1
7,8,18660704,0,29,85,4
7,28,18660730,0,29,85,13
6,15,18660621,0,29,85,4
8,15,18660801,0,29,85,4
6,28,18660622,0,29,85,13
7,15,18660730,0,29,85,4
7,28,18660728,0,29,85,13
9,28,18660904,0,29,85,13
5,15,18660521,0,29,85,4
6,15,18660622,0,29,85,4
7,17,18660703,0,29,85,4
6,9,18660626,0,29,85,4
7,11,18660707,0,29,85,4
7,17,18660711,0,29,85,4
7,17,18660724,0,29,85,4
2,4,18660209,0,29,85,1
7,14,18660727,0,29,85,4
2,3,18660209,0,29,85,1
6,14,18660625,0,29,85,4
7,9,18660707,0,29,85,4
12,1,18661225,0,29,85,1
7,8,18660705,0,29,85,4
8,0,18660829,0,30,85,0
7,0,18660724,0,30,85,0
7,0,18660704,0,30,85,0
7,21,18660715,0,30,85,8
6,5,18660627,0,30,85,2
9,0,18660909,0,30,85,0
1,1,18660117,0,30,85,1
6,5,18660603,0,30,85,2
8,0,18660801,0,30,85,0
7,5,18660713,0,30,85,2
8,23,18660802,0,30,85,10
6,22,18660604,0,30,85,9
6,21,18660628,0,30,85,8
6,24,18660603,0,30,85,10
7,27,18660711,0,30,85,12
12,1,18661226,0,30,85,1
7,24,18660703,0,30,86,10
6,24,18660613,0,30,86,10
7,24,18660727,0,30,86,10
6,24,18660627,0,30,86,10
7,24,18660708,0,30,86,10
9,23,18660907,0,30,86,10
8,23,18660816,0,30,86,10
2,1,18660218,0,30,86,1
7,23,18660704,0,30,86,10
9,12,18660901,0,30,86,4
6,12,18660604,0,30,86,4
7,0,18660730,0,30,86,0
9,23,18660901,0,30,86,10
8,23,18660803,0,30,86,10
8,23,18660814,0,30,86,10
8,23,18660808,0,30,86,10
7,15,18660705,0,30,86,4
7,24,18660731,0,30,86,10
8,28,18660802,0,30,86,13
7,15,18660711,0,30,86,4
9,15,18660903,0,30,86,4
9,0,18660903,0,30,86,0
9,0,18660910,0,30,86,0
7,0,18660702,0,30,86,0
8,23,18660801,0,30,86,10
8,0,18660821,0,30,86,0
3,3,18660324,0,30,86,1
4,4,18660423,0,30,86,1
7,8,18660709,0,30,86,4
7,9,18660728,0,30,86,4
7,28,18660727,0,30,86,13
7,17,18660727,0,30,86,4
7,24,18660707,0,30,86,10
7,28,18660719,0,30,86,13
7,9,18660727,0,30,86,4
6,15,18660623,0,30,86,4
7,12,18660723,0,30,86,4
7,12,18660726,0,30,86,4
6,17,18660623,0,30,86,4
7,8,18660724,0,30,86,4
7,9,18660724,0,30,86,4
6,23,18660620,0,30,86,10
7,13,18660717,0,30,86,4
7,16,18660728,0,30,86,4
9,24,18660907,0,30,86,10
6,12,18660621,0,30,86,4
6,20,18660629,0,30,86,7
8,15,18660817,0,30,86,4
7,12,18660725,0,30,86,4
7,15,18660709,0,30,86,4
6,23,18660603,0,30,86,10
1,1,18660128,0,30,86,1
7,22,18660715,0,30,86,9
11,3,18661104,0,30,86,1
7,20,18660714,0,30,86,7
7,23,18660703,0,30,86,10
8,23,18660817,0,30,86,10
6,23,18660613,0,30,86,10
8,23,18660818,0,30,86,10
7,24,18660709,0,30,86,10
6,20,18660613,0,30,87,7
8,24,18660826,0,30,87,10
6,24,18660607,0,30,87,10
8,24,18660823,0,30,87,10
3,3,18660313,0,30,87,1
7,24,18660705,0,30,87,10
8,24,18660827,0,30,87,10
7,24,18660728,0,30,87,10
8,23,18660822,0,30,87,10
12,3,18661222,0,30,87,1
8,0,18660817,0,30,87,0
9,0,18660908,0,30,87,0
7,24,18660723,0,30,87,10
6,22,18660628,0,30,87,9
7,23,18660720,0,30,87,10
8,23,18660824,0,30,87,10
8,23,18660825,0,30,87,10
7,22,18660714,0,30,87,9
7,5,18660717,0,30,87,2
2,3,18660221,0,30,87,1
7,28,18660705,0,31,87,13
6,9,18660609,0,31,87,4
7,23,18660702,0,31,87,10
7,12,18660711,0,31,87,4
7,12,18660707,0,31,87,4
6,11,18660626,0,31,87,4
7,8,18660711,0,31,87,4
6,24,18660608,0,31,87,10
7,11,18660706,0,31,87,4
6,15,18660613,0,31,87,4
7,12,18660728,0,31,87,4
6,22,18660627,0,31,87,9
5,8,18660521,0,31,87,4
11,4,18661106,0,31,87,1
7,28,18660724,0,31,87,13
7,15,18660725,0,31,87,4
7,8,18660726,0,31,87,4
7,24,18660726,0,31,87,10
7,14,18660717,0,31,87,4
7,8,18660717,0,31,87,4
7,12,18660724,0,31,87,4
7,14,18660716,0,31,87,4
7,5,18660716,0,31,87,2
7,12,18660730,0,31,87,4
7,15,18660724,0,31,87,4
7,11,18660712,0,31,87,4
9,28,18660903,0,31,87,13
6,23,18660610,0,31,87,10
6,24,18660620,0,31,87,10
7,24,18660721,0,31,87,10
10,3,18661031,0,31,87,1
6,24,18660610,0,31,87,10
8,24,18660803,0,31,87,10
6,5,18660630,0,31,88,2
12,3,18661208,0,31,88,1
7,5,18660719,0,31,88,2
8,24,18660805,0,31,88,10
6,5,18660629,0,31,88,2
7,23,18660708,0,31,88,10
8,23,18660826,0,31,88,10
8,0,18660828,0,31,88,0
7,24,18660719,0,31,88,10
7,0,18660703,0,31,88,0
7,0,18660731,0,31,88,0
2,4,18660208,0,31,88,1
7,24,18660706,0,31,88,10
7,16,18660712,0,31,88,4
7,28,18660704,0,31,88,13
7,15,18660727,0,31,88,4
7,12,18660712,0,31,88,4
7,24,18660704,0,31,88,10
7,15,18660728,0,31,88,4
6,8,18660621,0,31,88,4
7,28,18660703,0,31,88,13
7,28,18660712,0,31,88,13
7,8,18660713,0,31,88,4
6,12,18660605,0,31,88,4
7,9,18660714,0,31,88,4
7,13,18660714,0,31,88,4
6,9,18660625,0,31,88,4
7,28,18660709,0,31,88,13
6,12,18660620,0,31,88,4
8,23,18660810,0,31,88,10
7,23,18660723,0,31,88,10
8,23,18660823,0,31,88,10
7,23,18660721,0,31,88,10
8,23,18660821,0,31,88,10
8,23,18660820,0,31,88,10
7,23,18660727,0,31,88,10
7,24,18660701,0,31,88,10
6,23,18660629,0,31,88,10
1,1,18660102,0,31,88,1
7,23,18660729,0,32,89,10
8,0,18660820,0,32,89,0
8,24,18660804,0,32,89,10
7,24,18660729,0,32,89,10
7,23,18660726,0,32,89,10
7,23,18660731,0,32,89,10
8,23,18660827,0,32,89,10
6,24,18660611,0,32,89,10
7,24,18660730,0,32,89,10
9,23,18660908,0,32,89,10
6,23,18660628,0,32,89,10
7,12,18660705,0,32,89,4
7,9,18660712,0,32,89,4
7,13,18660716,0,32,89,4
7,17,18660713,0,32,89,4
7,23,18660701,0,32,89,10
3,3,18660307,0,32,89,1
6,11,18660625,0,32,89,4
6,12,18660613,0,32,89,4
7,9,18660711,0,32,89,4
6,23,18660614,0,32,89,10
6,8,18660609,0,32,89,4
7,16,18660717,0,32,89,4
7,15,18660707,0,32,89,4
7,17,18660707,0,32,89,4
6,23,18660630,0,32,89,10
8,23,18660819,0,32,89,10
7,23,18660705,0,32,89,10
6,24,18660624,0,32,89,10
6,24,18660621,0,32,89,10
9,0,18660902,0,32,90,0
8,0,18660818,0,32,90,0
7,24,18660722,0,32,90,10
4,3,18660410,0,32,90,1
8,0,18660819,0,32,90,0
7,23,18660706,0,32,90,10
7,5,18660718,0,32,90,2
7,5,18660714,0,32,90,2
10,3,18661030,0,32,90,1
3,1,18660308,0,32,90,1
6,23,18660621,0,32,90,10
7,8,18660712,0,32,90,4
6,23,18660622,0,32,90,10
8,23,18660804,0,32,90,10
7,23,18660709,0,32,90,10
7,17,18660712,0,32,90,4
7,12,18660706,0,32,90,4
7,17,18660717,0,32,90,4
3,3,18660325,0,32,90,1
7,12,18660727,0,32,90,4
6,28,18660627,0,32,90,13
6,15,18660626,0,32,90,4
7,5,18660715,0,32,90,2
7,24,18660702,0,32,90,10
2,3,18660217,0,32,90,1
8,23,18660805,0,32,90,10
11,1,18661129,0,32,90,1
7,23,18660730,0,32,90,10
7,23,18660707,0,32,90,10
3,4,18660325,0,32,90,1
6,24,18660622,0,33,91,10
7,24,18660724,0,33,91,10
4,3,18660411,0,33,91,1
2,3,18660212,0,33,91,1
6,16,18660625,0,33,91,4
7,8,18660714,0,33,91,4
6,12,18660625,0,33,91,4
7,16,18660715,0,33,91,4
6,28,18660625,0,33,91,13
7,17,18660716,0,33,91,4
6,8,18660625,0,33,91,4
7,24,18660710,0,33,91,10
7,9,18660717,0,33,91,4
6,28,18660624,0,33,91,13
6,12,18660608,0,33,91,4
6,24,18660612,0,33,91,10
7,17,18660706,0,33,91,4
6,12,18660626,0,33,91,4
6,12,18660612,0,33,91,4
7,23,18660722,0,33,91,10
7,23,18660728,0,33,91,10
6,5,18660612,0,33,92,2
12,3,18661223,0,33,92,1
1,3,18660105,0,33,92,1
7,16,18660716,0,33,92,4
7,9,18660716,0,33,92,4
6,12,18660622,0,33,92,4
12,3,18661211,0,33,92,1
7,11,18660713,0,33,92,4
7,15,18660712,0,33,92,4
6,23,18660624,0,33,92,10
7,9,18660713,0,33,92,4
7,15,18660706,0,33,92,4
6,5,18660613,0,33,92,2
12,1,18661217,0,33,92,1
6,23,18660612,0,34,92,10
7,24,18660711,0,34,92,10
6,24,18660628,0,34,93,10
7,23,18660719,0,34,93,10
6,24,18660623,0,34,93,10
7,12,18660717,0,34,93,4
1,1,18660108,0,34,93,1
7,8,18660716,0,34,93,4
1,3,18660124,0,34,93,1
1,4,18660116,0,34,93,1
6,17,18660625,0,34,93,4
6,28,18660626,0,34,93,13
7,9,18660706,0,34,93,4
6,23,18660627,0,34,93,10
7,23,18660712,0,34,93,10
7,24,18660712,0,34,93,10
2,1,18660222,0,34,93,1
6,23,18660611,0,34,93,10
7,23,18660711,0,34,93,10
6,23,18660623,0,34,93,10
7,23,18660710,0,34,94,10
7,12,18660713,0,34,94,4
12,3,18661216,0,34,94,1
7,24,18660713,0,34,94,10
6,15,18660625,0,34,94,4
7,16,18660713,0,34,94,4
7,28,18660715,0,34,94,13
7,11,18660714,0,34,94,4
7,28,18660706,0,34,94,13
7,28,18660713,0,34,94,13
1,1,18660113,0,34,94,1
7,23,18660713,0,34,94,10
7,24,18660718,0,35,94,10
1,1,18660125,0,35,94,1
1,1,18660114,0,35,95,1
7,24,18660714,0,35,95,10
7,28,18660707,0,35,95,13
1,3,18660101,0,35,95,1
7,15,18660713,0,35,95,4
7,12,18660714,0,35,95,4
7,23,18660714,0,35,95,10
7,15,18660717,0,35,95,4
7,28,18660714,0,35,95,13
7,12,18660716,0,35,95,4
7,11,18660716,0,35,95,4
7,23,18660716,0,35,95,10
11,3,18661106,0,35,95,1
2,3,18660222,0,35,95,1
7,24,18660717,0,35,96,10
3,3,18660312,0,36,96,1
7,23,18660724,0,36,96,10
7,24,18660715,0,36,96,10
7,28,18660708,0,36,96,13
7,15,18660716,0,36,96,4
7,23,18660715,0,36,96,10
7,23,18660717,0,36,97,10
7,28,18660718,0,36,97,13
1,3,18660106,0,36,97,1
12,3,18661225,0,36,97,1
7,24,18660716,0,36,97,10
7,23,18660718,0,36,98,10
2,3,18660218,0,37,98,1
7,28,18660716,0,37,98,13
1,4,18660106,0,37,98,1
7,28,18660717,0,37,99,13
2,3,18660207,0,38,101,1
2,1,18660219,0,38,101,1
2,3,18660211,0,39,102,1
2,3,18660208,0,39,102,1
1,3,18660115,0,39,103,1
1,3,18660116,0,42,108,1
2,25,18650211,0,-22,-8,11
2,25,18650210,0,-19,-2,11
7,28,18650728,0,-18,0,13
3,25,18650329,0,-18,0,11
2,25,18650221,0,-17,1,11
3,25,18650330,0,-15,4,11
3,25,18650323,0,-15,5,11
3,25,18650324,0,-15,5,11
2,25,18650220,0,-14,6,11
3,25,18650328,0,-14,6,11
1,16,18650117,0,-14,7,4
2,20,18650206,0,-14,7,7
1,25,18650119,0,-14,7,11
2,25,18650222,0,-14,8,11
1,13,18650118,0,-13,8,4
2,22,18650214,0,-13,8,9
1,25,18650118,0,-13,9,11
3,25,18650325,0,-13,9,11
3,25,18650326,0,-13,9,11
2,21,18650214,0,-12,10,8
1,13,18650127,0,-12,10,4
1,13,18650126,0,-12,10,4
1,16,18650107,0,-12,10,4
1,25,18650117,0,-12,10,11
3,25,18650309,0,-12,10,11
12,25,18651213,0,-12,10,11
3,25,18650310,0,-12,11,11
2,22,18650213,0,-12,11,9
2,16,18650212,0,-12,11,4
2,25,18650209,0,-12,11,11
2,20,18650207,0,-12,11,7
12,25,18651215,0,-12,11,11
1,25,18650116,0,-11,12,11
12,13,18651215,0,-11,12,4
1,25,18650115,0,-11,13,11
2,22,18650205,0,-11,13,9
1,25,18650103,0,-11,13,11
1,13,18650117,0,-11,13,4
1,16,18650126,0,-11,13,4
2,13,18650213,0,-11,13,4
2,21,18650205,0,-10,14,8
2,25,18650206,0,-10,14,11
3,25,18650303,0,-10,14,11
1,13,18650119,0,-10,14,4
3,25,18650327,0,-10,14,11
2,21,18650206,0,-10,14,8
3,25,18650306,0,-10,14,11
2,25,18650223,0,-10,14,11
1,25,18650120,0,-10,15,11
2,22,18650206,0,-10,15,9
2,21,18650207,0,-10,15,8
2,20,18650214,0,-10,15,7
1,16,18650125,0,-9,15,4
1,16,18650118,0,-9,15,4
1,13,18650125,0,-9,15,4
12,13,18651223,0,-9,15,4
2,16,18650211,0,-9,15,4
1,16,18650127,0,-9,15,4
12,13,18651222,0,-9,15,4
12,13,18651216,0,-9,15,4
3,25,18650331,0,-9,15,11
2,25,18650207,0,-9,15,11
2,21,18650213,0,-9,15,8
2,25,18650212,0,-9,16,11
3,25,18650314,0,-9,16,11
1,25,18650130,0,-9,16,11
2,16,18650213,0,-9,16,4
1,16,18650119,0,-9,16,4
1,16,18650116,0,-9,16,4
3,25,18650308,0,-9,16,11
2,20,18650208,0,-9,16,7
2,20,18650213,0,-9,16,7
2,20,18650205,0,-9,16,7
1,25,18650107,0,-9,16,11
1,25,18650131,0,-8,17,11
2,25,18650213,0,-8,17,11
12,25,18651214,0,-8,17,11
2,13,18650208,0,-8,17,4
2,25,18650218,0,-8,17,11
1,25,18650101,0,-8,17,11
1,13,18650111,0,-8,17,4
3,25,18650316,0,-8,17,11
3,25,18650311,0,-8,17,11
2,25,18650215,0,-8,17,11
2,22,18650211,0,-8,17,9
2,25,18650225,0,-8,17,11
1,25,18650102,0,-8,18,11
3,25,18650307,0,-8,18,11
2,22,18650212,0,-8,18,9
11,25,18651110,0,-8,18,11
3,25,18650315,0,-8,18,11
2,21,18650212,0,-8,18,8
2,25,18650202,0,-8,18,11
1,25,18650104,0,-8,18,11
12,16,18651222,0,-8,18,4
12,13,18651214,0,-8,18,4
2,22,18650204,0,-8,18,9
2,13,18650209,0,-8,18,4
2,13,18650211,0,-8,18,4
3,16,18650312,0,-8,18,4
2,20,18650211,0,-8,18,7
2,21,18650211,0,-8,18,8
12,25,18651230,0,-8,18,11
12,25,18651216,0,-8,18,11
2,22,18650210,0,-7,19,9
2,20,18650216,0,-7,19,7
2,25,18650205,0,-7,19,11
2,5,18650205,0,-7,19,2
3,20,18650320,0,-7,19,7
4,25,18650401,0,-7,19,11
2,5,18650211,0,-7,19,2
2,25,18650204,0,-7,19,11
1,13,18650124,0,-7,19,4
2,13,18650207,0,-7,19,4
1,13,18650120,0,-7,19,4
3,25,18650304,0,-7,19,11
1,16,18650115,0,-7,19,4
3,25,18650319,0,-7,19,11
12,25,18651212,0,-7,19,11
1,25,18650112,0,-7,19,11
1,25,18650129,0,-7,20,11
2,5,18650213,0,-7,20,2
1,20,18650103,0,-7,20,7
1,25,18650113,0,-7,20,11
12,16,18651215,0,-7,20,4
12,13,18651221,0,-7,20,4
2,20,18650212,0,-7,20,7
2,25,18650214,0,-7,20,11
1,13,18650107,0,-7,20,4
12,25,18651231,0,-7,20,11
3,25,18650317,0,-7,20,11
2,5,18650206,0,-7,20,2
2,22,18650207,0,-7,20,9
1,25,18650128,0,-6,20,11
3,22,18650321,0,-6,20,9
1,22,18650102,0,-6,20,9
1,21,18650102,0,-6,21,8
2,21,18650210,0,-6,21,8
2,20,18650210,0,-6,21,7
2,25,18650217,0,-6,21,11
3,22,18650320,0,-6,21,9
3,16,18650310,0,-6,21,4
1,13,18650128,0,-6,21,4
2,16,18650206,0,-6,21,4
2,16,18650207,0,-6,21,4
12,16,18651221,0,-6,21,4
12,16,18651214,0,-6,21,4
2,16,18650209,0,-6,21,4
2,16,18650208,0,-6,21,4
3,25,18650320,0,-6,21,11
2,5,18650215,0,-6,21,2
1,25,18650111,0,-6,21,11
2,5,18650212,0,-6,21,2
2,21,18650215,0,-6,21,8
2,25,18650226,0,-6,21,11
3,25,18650302,0,-6,21,11
3,5,18650320,0,-6,21,2
11,25,18651128,0,-6,21,11
3,21,18650320,0,-6,21,8
3,25,18650301,0,-6,21,11
2,22,18650215,0,-6,22,9
12,25,18651206,0,-6,22,11
12,16,18651216,0,-6,22,4
12,16,18651220,0,-6,22,4
1,13,18650130,0,-6,22,4
2,5,18650210,0,-6,22,2
2,5,18650207,0,-6,22,2
2,21,18650204,0,-6,22,8
2,5,18650208,0,-6,22,2
12,5,18651229,0,-6,22,2
3,25,18650312,0,-5,22,11
3,25,18650313,0,-5,22,11
4,25,18650403,0,-5,22,11
2,25,18650208,0,-5,22,11
12,25,18651207,0,-5,23,11
1,13,18650103,0,-5,23,4
12,13,18651213,0,-5,23,4
11,25,18651129,0,-5,23,11
2,25,18650201,0,-5,23,11
2,20,18650215,0,-5,23,7
2,6,18650211,0,-5,23,3
1,13,18650104,0,-5,23,4
2,5,18650216,0,-5,23,2
1,16,18650111,0,-5,23,4
2,25,18650227,0,-5,23,11
1,16,18650129,0,-5,23,4
1,16,18650124,0,-5,23,4
1,16,18650101,0,-5,23,4
3,25,18650322,0,-5,23,11
2,6,18650212,0,-5,23,3
1,20,18650101,0,-5,23,7
3,25,18650318,0,-5,23,11
2,20,18650217,0,-5,23,7
2,5,18650209,0,-5,23,2
1,20,18650102,0,-5,23,7
3,25,18650305,0,-5,24,11
2,6,18650213,0,-5,24,3
12,25,18651209,0,-5,24,11
3,20,18650321,0,-5,24,7
3,25,18650321,0,-5,24,11
1,25,18650123,0,-5,24,11
11,25,18651109,0,-5,24,11
2,6,18650214,0,-4,24,3
2,25,18650219,0,-4,24,11
12,5,18651228,0,-4,24,2
3,22,18650322,0,-4,24,9
3,13,18650311,0,-4,24,4
12,13,18651220,0,-4,24,4
1,22,18650103,0,-4,24,9
2,13,18650210,0,-4,24,4
2,16,18650214,0,-4,24,4
12,20,18651230,0,-4,24,7
1,16,18650128,0,-4,24,4
12,5,18651230,0,-4,24,2
2,25,18650203,0,-4,24,11
11,25,18651104,0,-4,24,11
12,25,18651229,0,-4,24,11
1,25,18650110,0,-4,25,11
1,25,18650121,0,-4,25,11
2,20,18650209,0,-4,25,7
1,13,18650121,0,-4,25,4
1,13,18650102,0,-4,25,4
2,13,18650215,0,-4,25,4
12,28,18651215,0,-4,25,13
11,25,18651130,0,-4,25,11
2,16,18650205,0,-4,25,4
3,13,18650313,0,-4,25,4
1,13,18650112,0,-4,25,4
2,20,18650204,0,-4,26,7
2,22,18650216,0,-4,26,9
1,21,18650101,0,-4,26,8
2,22,18650203,0,-4,26,9
12,25,18651217,0,-4,26,11
1,25,18650114,0,-4,26,11
2,25,18650216,0,-4,26,11
4,25,18650402,0,-3,26,11
12,28,18651223,0,-3,26,13
1,16,18650104,0,-3,26,4
1,16,18650120,0,-3,26,4
1,5,18650103,0,-3,26,2
2,13,18650214,0,-3,26,4
2,16,18650215,0,-3,26,4
1,16,18650110,0,-3,26,4
11,25,18651121,0,-3,26,11
12,25,18651220,0,-3,26,11
12,25,18651205,0,-3,26,11
12,25,18651211,0,-3,26,11
12,21,18651225,0,-3,26,8
12,5,18651213,0,-3,26,2
11,25,18651107,0,-3,26,11
12,25,18651203,0,-3,27,11
12,25,18651202,0,-3,27,11
1,22,18650101,0,-3,27,9
12,25,18651219,0,-3,27,11
12,5,18651227,0,-3,27,2
3,5,18650319,0,-3,27,2
12,25,18651228,0,-3,27,11
12,25,18651218,0,-3,27,11
12,20,18651228,0,-3,27,7
3,5,18650321,0,-3,27,2
1,20,18650125,0,-3,27,7
11,25,18651101,0,-3,27,11
2,16,18650228,0,-3,27,4
1,16,18650103,0,-3,27,4
1,16,18650130,0,-3,27,4
12,25,18651201,0,-3,27,11
3,21,18650322,0,-3,27,8
1,5,18650101,0,-3,27,2
12,28,18651216,0,-3,27,13
11,25,18651124,0,-3,27,11
2,22,18650223,0,-3,27,9
2,13,18650202,0,-3,27,4
4,25,18650404,0,-3,27,11
1,13,18650110,0,-3,27,4
3,21,18650329,0,-3,27,8
1,25,18650106,0,-3,27,11
2,20,18650223,0,-3,27,7
1,22,18650125,0,-2,28,9
11,25,18651127,0,-2,28,11
11,25,18651108,0,-2,28,11
2,6,18650210,0,-2,28,3
2,22,18650222,0,-2,28,9
3,21,18650321,0,-2,28,8
10,25,18651028,0,-2,28,11
3,20,18650329,0,-2,28,7
2,5,18650214,0,-2,28,2
3,22,18650319,0,-2,28,9
2,16,18650210,0,-2,28,4
12,28,18651222,0,-2,28,13
12,16,18651229,0,-2,28,4
10,25,18651031,0,-2,28,11
3,13,18650301,0,-2,28,4
1,16,18650108,0,-2,28,4
12,16,18651213,0,-2,28,4
2,13,18650218,0,-2,28,4
2,13,18650228,0,-2,28,4
12,13,18651208,0,-2,28,4
3,13,18650310,0,-2,28,4
3,16,18650311,0,-2,28,4
1,16,18650121,0,-2,28,4
2,16,18650227,0,-2,28,4
1,5,18650120,0,-2,28,2
12,5,18651214,0,-2,28,2
10,25,18651020,0,-2,28,11
3,22,18650329,0,-2,28,9
2,5,18650223,0,-2,28,2
12,25,18651208,0,-2,28,11
1,25,18650127,0,-2,28,11
2,21,18650221,0,-2,28,8
2,21,18650222,0,-2,28,8
1,25,18650105,0,-2,28,11
12,20,18651229,0,-2,28,7
12,20,18651223,0,-2,28,7
12,21,18651224,0,-2,28,8
3,20,18650322,0,-2,28,7
12,25,18651227,0,-2,28,11
3,22,18650323,0,-2,28,9
1,5,18650102,0,-2,28,2
2,5,18650222,0,-2,29,2
11,25,18651114,0,-2,29,11
1,25,18650122,0,-2,29,11
1,21,18650103,0,-2,29,8
12,25,18651221,0,-2,29,11
2,20,18650225,0,-2,29,7
1,21,18650125,0,-2,29,8
3,16,18650313,0,-2,29,4
12,16,18651230,0,-2,29,4
12,13,18651230,0,-2,29,4
3,16,18650305,0,-2,29,4
12,16,18651217,0,-2,29,4
1,16,18650114,0,-2,29,4
2,16,18650202,0,-2,29,4
2,16,18650216,0,-2,29,4
2,27,18650212,0,-2,29,12
1,13,18650109,0,-2,29,4
1,16,18650102,0,-2,29,4
2,13,18650224,0,-2,29,4
1,20,18650122,0,-2,29,7
1,22,18650122,0,-2,29,9
11,25,18651126,0,-2,29,11
1,6,18650101,0,-2,29,3
12,5,18651231,0,-2,29,2
2,21,18650203,0,-2,29,8
2,21,18650216,0,-1,29,8
12,20,18651227,0,-1,29,7
2,22,18650208,0,-1,29,9
11,25,18651125,0,-1,29,11
2,22,18650209,0,-1,29,9
2,20,18650222,0,-1,30,7
1,22,18650130,0,-1,30,9
3,22,18650325,0,-1,30,9
1,22,18650124,0,-1,30,9
2,20,18650203,0,-1,30,7
3,22,18650328,0,-1,30,9
10,25,18651027,0,-1,30,11
12,25,18651204,0,-1,30,11
11,25,18651102,0,-1,30,11
2,20,18650224,0,-1,30,7
2,13,18650206,0,-1,30,4
2,13,18650201,0,-1,30,4
3,16,18650301,0,-1,30,4
12,25,18651226,0,-1,30,11
1,13,18650131,0,-1,30,4
12,13,18651218,0,-1,30,4
2,27,18650210,0,-1,30,12
3,16,18650308,0,-1,30,4
1,16,18650112,0,-1,30,4
2,22,18650221,0,-1,30,9
10,25,18651019,0,-1,30,11
11,25,18651118,0,-1,30,11
3,20,18650319,0,-1,30,7
1,25,18650109,0,-1,30,11
2,5,18650203,0,-1,30,2
1,21,18650122,0,-1,30,8
12,22,18651228,0,-1,31,9
3,5,18650323,0,-1,31,2
12,20,18651214,0,-1,31,7
3,5,18650329,0,-1,31,2
2,21,18650223,0,-1,31,8
3,21,18650328,0,-1,31,8
2,6,18650209,0,-1,31,3
10,25,18651030,0,-1,31,11
11,25,18651105,0,-1,31,11
10,25,18651029,0,-1,31,11
3,13,18650325,0,-1,31,4
12,13,18651209,0,-1,31,4
11,13,18651128,0,-1,31,4
2,16,18650224,0,-1,31,4
1,19,18650126,0,-1,31,6
10,25,18651014,0,-1,31,11
12,22,18651227,0,-1,31,9
2,20,18650201,0,-1,31,7
11,25,18651113,0,-1,31,11
1,13,18650114,0,-1,31,4
1,13,18650113,0,-1,31,4
1,13,18650116,0,-1,31,4
2,13,18650220,0,-1,31,4
2,16,18650220,0,-1,31,4
1,5,18650112,0,-1,31,2
2,16,18650219,0,-1,31,4
3,16,18650304,0,-1,31,4
2,27,18650213,0,-1,31,12
2,25,18650224,0,-1,31,11
12,13,18651229,0,-1,31,4
3,13,18650304,0,-1,31,4
2,13,18650216,0,-1,31,4
11,25,18651106,0,-1,31,11
12,28,18651217,0,-1,31,13
1,24,18650121,0,0,31,10
1,5,18650131,0,0,31,2
2,20,18650221,0,0,31,7
3,20,18650323,0,0,31,7
1,5,18650121,0,0,31,2
1,21,18650124,0,0,31,8
12,5,18651209,0,0,31,2
2,5,18650202,0,0,31,2
11,25,18651111,0,0,31,11
1,6,18650124,0,0,31,3
12,22,18651225,0,0,31,9
3,5,18650322,0,0,31,2
3,21,18650323,0,0,31,8
2,22,18650202,0,0,31,9
1,22,18650123,0,0,31,9
1,5,18650113,0,0,31,2
12,6,18651213,0,0,31,3
12,20,18651213,0,0,31,7
10,25,18651015,0,0,31,11
3,21,18650319,0,0,31,8
1,25,18650124,0,0,31,11
3,6,18650320,0,0,31,3
1,20,18650121,0,0,31,7
1,6,18650102,0,0,32,3
1,24,18650120,0,0,32,10
1,24,18650118,0,0,32,10
11,25,18651120,0,0,32,11
1,20,18650124,0,0,32,7
1,27,18650127,0,0,32,12
12,22,18651213,0,0,32,9
2,23,18650212,0,0,32,10
12,6,18651223,0,0,32,3
1,6,18650121,0,0,32,3
10,25,18651018,0,0,32,11
1,6,18650122,0,0,32,3
10,25,18651009,0,0,32,11
12,28,18651208,0,0,32,13
11,16,18651111,0,0,32,4
1,22,18650104,0,0,32,9
12,21,18651213,0,0,32,8
3,13,18650324,0,0,32,4
10,13,18651027,0,0,32,4
1,19,18650123,0,0,32,6
4,25,18650414,0,0,32,11
2,13,18650217,0,0,32,4
1,19,18650124,0,0,32,6
1,19,18650120,0,0,32,6
1,23,18650120,0,0,32,10
1,19,18650122,0,0,32,6
12,16,18651208,0,0,32,4
1,19,18650121,0,0,32,6
11,13,18651110,0,0,32,4
2,13,18650221,0,0,32,4
3,22,18650318,0,0,32,9
12,21,18651227,0,0,32,8
12,13,18651228,0,0,32,4
1,19,18650125,0,0,32,6
2,21,18650209,0,0,32,8
2,16,18650221,0,0,32,4
12,25,18651210,0,0,32,11
10,25,18651022,0,0,32,11
1,20,18650126,0,0,32,7
2,20,18650202,0,0,32,7
2,27,18650214,0,0,32,12
12,20,18651222,0,0,32,7
3,22,18650313,0,0,32,9
1,26,18650121,0,0,32,12
12,20,18651226,0,0,32,7
1,20,18650130,0,0,32,7
10,25,18651013,0,0,32,11
1,24,18650119,0,0,32,10
12,20,18651209,0,0,33,7
2,5,18650204,0,0,33,2
1,24,18650124,0,0,33,10
2,5,18650217,0,0,33,2
1,20,18650104,0,0,33,7
3,22,18650312,0,0,33,9
3,22,18650324,0,0,33,9
1,22,18650118,0,0,33,9
12,22,18651212,0,0,33,9
2,27,18650211,0,0,33,12
1,26,18650125,0,0,33,12
3,21,18650330,0,0,33,8
12,25,18651225,0,0,33,11
12,22,18651224,0,0,33,9
1,5,18650125,0,0,33,2
12,5,18651220,0,0,33,2
1,5,18650122,0,0,33,2
3,5,18650301,0,0,33,2
12,20,18651224,0,0,33,7
11,13,18651107,0,1,33,4
11,16,18651110,0,1,33,4
3,22,18650317,0,1,33,9
12,13,18651206,0,1,33,4
1,20,18650112,0,1,33,7
2,16,18650217,0,1,33,4
12,13,18651207,0,1,33,4
1,19,18650127,0,1,33,6
10,25,18651023,0,1,33,11
12,20,18651231,0,1,33,7
11,13,18651129,0,1,33,4
1,27,18650125,0,1,33,12
1,13,18650106,0,1,33,4
1,13,18650123,0,1,33,4
1,13,18650105,0,1,33,4
1,16,18650131,0,1,33,4
2,13,18650225,0,1,33,4
1,20,18650129,0,1,33,7
3,20,18650324,0,1,33,7
12,6,18651209,0,1,33,3
1,6,18650103,0,1,33,3
1,24,18650103,0,1,33,10
1,5,18650126,0,1,33,2
1,21,18650104,0,1,33,8
1,21,18650118,0,1,33,8
12,21,18651204,0,1,33,8
12,5,18651210,0,1,33,2
2,6,18650215,0,1,33,3
12,22,18651214,0,1,33,9
12,20,18651210,0,1,33,7
12,21,18651212,0,1,33,8
1,26,18650122,0,1,33,12
1,22,18650119,0,1,33,9
1,26,18650123,0,1,34,12
12,21,18651223,0,1,34,8
12,6,18651212,0,1,34,3
3,20,18650328,0,1,34,7
3,22,18650330,0,1,34,9
1,6,18650123,0,1,34,3
1,27,18650101,0,1,34,12
11,25,18651116,0,1,34,11
4,25,18650415,0,1,34,11
10,25,18651021,0,1,34,11
3,5,18650324,0,1,34,2
12,21,18651226,0,1,34,8
5,25,18650511,0,1,34,11
1,5,18650124,0,1,34,2
1,23,18650119,0,1,34,10
1,16,18650109,0,1,34,4
11,13,18651111,0,1,34,4
10,13,18651028,0,1,34,4
10,16,18651027,0,1,34,4
11,16,18651107,0,1,34,4
4,13,18650408,0,1,34,4
3,21,18650325,0,1,34,8
2,13,18650203,0,1,34,4
1,21,18650121,0,1,34,8
1,23,18650121,0,1,34,10
1,24,18650122,0,1,34,10
1,20,18650118,0,1,34,7
12,28,18651218,0,1,34,13
1,22,18650129,0,1,34,9
11,16,18651128,0,1,34,4
1,26,18650120,0,1,34,12
12,13,18651205,0,1,34,4
10,25,18651005,0,1,34,11
5,25,18650518,0,1,34,11
1,20,18650117,0,1,34,7
1,20,18650131,0,1,34,7
12,25,18651222,0,1,34,11
1,27,18650126,0,1,34,12
1,24,18650101,0,1,34,10
11,25,18651115,0,1,34,11
2,24,18650212,0,1,34,10
12,22,18651210,0,1,34,9
12,5,18651219,0,1,34,2
3,23,18650322,0,1,34,10
1,27,18650124,0,1,34,12
12,22,18651215,0,1,34,9
12,20,18651215,0,1,34,7
1,26,18650127,0,1,34,12
11,25,18651103,0,1,34,11
12,5,18651215,0,1,34,2
1,26,18650126,0,1,34,12
1,25,18650108,0,1,34,11
12,20,18651225,0,1,34,7
12,22,18651222,0,1,34,9
1,20,18650113,0,1,34,7
1,22,18650121,0,1,35,9
1,6,18650118,0,1,35,3
3,6,18650321,0,1,35,3
2,22,18650220,0,1,35,9
1,21,18650119,0,1,35,8
2,23,18650210,0,2,35,10
3,20,18650317,0,2,35,7
1,5,18650130,0,2,35,2
2,23,18650211,0,2,35,10
11,20,18651116,0,2,35,7
12,21,18651222,0,2,35,8
1,21,18650130,0,2,35,8
2,21,18650208,0,2,35,8
2,22,18650218,0,2,35,9
1,20,18650119,0,2,35,7
12,5,18651216,0,2,35,2
2,5,18650201,0,2,35,2
1,27,18650122,0,2,35,12
1,27,18650120,0,2,35,12
12,28,18651230,0,2,35,13
12,16,18651205,0,2,35,4
11,13,18651106,0,2,35,4
2,27,18650215,0,2,35,12
12,13,18651201,0,2,35,4
10,25,18651016,0,2,35,11
2,16,18650218,0,2,35,4
2,16,18650203,0,2,35,4
12,16,18651228,0,2,35,4
1,24,18650117,0,2,35,10
5,25,18650519,0,2,35,11
3,20,18650312,0,2,35,7
1,16,18650113,0,2,35,4
11,16,18651105,0,2,35,4
3,13,18650306,0,2,35,4
1,6,18650119,0,2,35,3
2,24,18650201,0,2,35,10
11,25,18651122,0,2,35,11
3,13,18650314,0,2,35,4
12,13,18651227,0,2,35,4
3,24,18650322,0,2,35,10
12,20,18651216,0,2,35,7
2,16,18650201,0,2,35,4
1,27,18650121,0,2,35,12
1,20,18650123,0,2,35,7
3,20,18650325,0,2,35,7
1,25,18650125,0,2,35,11
3,21,18650312,0,2,35,8
12,22,18651223,0,2,35,9
2,23,18650209,0,2,35,10
5,25,18650524,0,2,35,11
1,22,18650126,0,2,35,9
3,21,18650316,0,2,35,8
2,27,18650209,0,2,35,12
3,20,18650306,0,2,35,7
2,5,18650225,0,2,35,2
12,25,18651224,0,2,35,11
12,21,18651209,0,2,35,8
1,5,18650117,0,2,35,2
3,21,18650317,0,2,35,8
2,6,18650204,0,2,35,3
12,5,18651225,0,2,36,2
12,21,18651215,0,2,36,8
12,24,18651215,0,2,36,10
1,23,18650101,0,2,36,10
1,5,18650129,0,2,36,2
12,5,18651212,0,2,36,2
4,25,18650405,0,2,36,11
2,21,18650220,0,2,36,8
2,24,18650217,0,2,36,10
3,5,18650328,0,2,36,2
12,21,18651210,0,2,36,8
12,22,18651226,0,2,36,9
3,22,18650331,0,2,36,9
11,25,18651117,0,2,36,11
1,5,18650118,0,2,36,2
3,24,18650320,0,2,36,10
2,5,18650224,0,2,36,2
2,22,18650224,0,2,36,9
3,21,18650313,0,2,36,8
5,25,18650521,0,2,36,11
1,23,18650122,0,2,36,10
2,27,18650219,0,2,36,12
2,26,18650213,0,2,36,12
3,21,18650324,0,2,36,8
12,5,18651208,0,2,36,2
12,5,18651226,0,2,36,2
12,13,18651219,0,2,36,4
4,25,18650419,0,2,36,11
3,16,18650306,0,2,36,4
12,28,18651209,0,2,36,13
4,25,18650408,0,2,36,11
2,16,18650223,0,2,36,4
5,25,18650522,0,2,36,11
12,16,18651223,0,2,36,4
5,25,18650510,0,2,36,11
12,13,18651226,0,2,36,4
2,20,18650218,0,2,36,7
12,28,18651231,0,2,36,13
11,25,18651119,0,2,36,11
1,20,18650120,0,2,36,7
1,20,18650107,0,2,36,7
1,16,18650123,0,2,36,4
8,25,18650804,0,2,36,11
10,16,18651028,0,2,36,4
1,27,18650128,0,2,36,12
11,13,18651124,0,2,36,4
12,16,18651209,0,2,36,4
1,19,18650101,0,2,36,6
1,16,18650106,0,2,36,4
1,22,18650117,0,2,36,9
12,24,18651230,0,2,36,10
12,21,18651228,0,2,36,8
3,21,18650314,0,2,36,8
1,22,18650120,0,2,36,9
3,22,18650303,0,2,36,9
3,20,18650313,0,2,36,7
1,22,18650107,0,2,36,9
1,27,18650123,0,2,36,12
1,21,18650123,0,2,36,8
3,22,18650326,0,2,36,9
12,22,18651216,0,2,36,9
1,27,18650119,0,2,36,12
1,27,18650116,0,2,36,12
1,6,18650120,0,2,36,3
2,6,18650220,0,2,36,3
12,20,18651220,0,2,36,7
12,20,18651203,0,2,36,7
3,22,18650314,0,2,36,9
2,20,18650228,0,2,36,7
2,24,18650213,0,2,36,10
3,24,18650321,0,2,36,10
3,24,18650327,0,2,36,10
8,25,18650805,0,2,36,11
3,22,18650308,0,2,36,9
12,20,18651212,0,2,36,7
1,21,18650129,0,2,36,8
10,25,18651025,0,2,36,11
2,23,18650205,0,2,36,10
12,22,18651209,0,2,36,9
2,24,18650216,0,2,36,10
2,23,18650214,0,2,36,10
2,26,18650214,0,2,36,12
2,21,18650218,0,2,36,8
10,25,18651011,0,2,36,11
3,23,18650321,0,2,36,10
3,22,18650307,0,2,36,9
3,20,18650316,0,2,36,7
12,21,18651205,0,2,36,8
11,20,18651114,0,2,36,7
11,25,18651112,0,2,36,11
3,20,18650318,0,2,36,7
3,20,18650314,0,2,36,7
12,5,18651222,0,2,36,2
12,24,18651214,0,3,37,10
2,26,18650215,0,3,37,12
1,5,18650127,0,3,37,2
1,21,18650120,0,3,37,8
2,27,18650204,0,3,37,12
12,24,18651213,0,3,37,10
1,20,18650127,0,3,37,7
3,27,18650319,0,3,37,12
12,6,18651224,0,3,37,3
9,25,18650927,0,3,37,11
1,27,18650118,0,3,37,12
3,22,18650316,0,3,37,9
12,16,18651201,0,3,37,4
3,5,18650317,0,3,37,2
12,13,18651225,0,3,37,4
11,20,18651117,0,3,37,7
12,22,18651203,0,3,37,9
1,19,18650128,0,3,37,6
4,25,18650418,0,3,37,11
3,22,18650305,0,3,37,9
11,13,18651123,0,3,37,4
12,22,18651221,0,3,37,9
2,16,18650225,0,3,37,4
3,5,18650306,0,3,37,2
11,20,18651115,0,3,37,7
1,16,18650122,0,3,37,4
4,16,18650409,0,3,37,4
11,5,18651120,0,3,37,2
12,16,18651207,0,3,37,4
3,16,18650302,0,3,37,4
12,6,18651227,0,3,37,3
3,13,18650302,0,3,37,4
3,16,18650324,0,3,37,4
3,13,18650309,0,3,37,4
3,5,18650330,0,3,37,2
1,5,18650104,0,3,37,2
12,5,18651221,0,3,37,2
2,13,18650204,0,3,37,4
2,5,18650221,0,3,37,2
1,19,18650119,0,3,37,6
11,16,18651122,0,3,37,4
12,22,18651230,0,3,37,9
11,5,18651121,0,3,37,2
3,16,18650325,0,3,37,4
1,16,18650105,0,3,37,4
1,23,18650103,0,3,37,10
10,25,18651010,0,3,37,11
1,23,18650124,0,3,37,10
2,22,18650217,0,3,37,9
1,23,18650102,0,3,37,10
1,22,18650106,0,3,37,9
3,6,18650329,0,3,37,3
3,20,18650305,0,3,37,7
1,6,18650117,0,3,37,3
2,23,18650213,0,3,37,10
12,20,18651221,0,3,37,7
3,20,18650304,0,3,37,7
1,21,18650117,0,3,37,8
2,27,18650208,0,3,37,12
1,26,18650101,0,3,37,12
1,22,18650131,0,3,37,9
2,21,18650202,0,3,37,8
7,25,18650712,0,3,37,11
12,5,18651218,0,3,37,2
12,5,18651211,0,3,37,2
2,24,18650204,0,3,37,10
5,25,18650525,0,3,37,11
1,24,18650105,0,3,37,10
10,25,18651026,0,3,37,11
12,23,18651214,0,3,38,10
11,5,18651114,0,3,38,2
1,21,18650126,0,3,38,8
12,23,18651213,0,3,38,10
12,21,18651214,0,3,38,8
12,21,18651203,0,3,38,8
2,6,18650208,0,3,38,3
7,25,18650702,0,3,38,11
12,21,18651221,0,3,38,8
2,23,18650204,0,3,38,10
4,22,18650401,0,3,38,9
2,6,18650216,0,3,38,3
4,25,18650422,0,3,38,11
1,26,18650119,0,3,38,12
1,24,18650102,0,3,38,10
12,16,18651218,0,3,38,4
4,16,18650408,0,3,38,4
3,13,18650303,0,3,38,4
12,16,18651206,0,3,38,4
2,24,18650205,0,3,38,10
12,28,18651224,0,3,38,13
12,21,18651229,0,3,38,8
12,22,18651205,0,3,38,9
3,6,18650312,0,3,38,3
3,13,18650323,0,3,38,4
12,28,18651206,0,3,38,13
3,16,18650309,0,3,38,4
3,16,18650322,0,3,38,4
1,24,18650106,0,3,38,10
2,22,18650228,0,3,38,9
12,28,18651214,0,3,38,13
3,20,18650308,0,3,38,7
12,16,18651224,0,3,38,4
2,27,18650216,0,3,38,12
12,28,18651226,0,3,38,13
12,13,18651202,0,3,38,4
11,28,18651129,0,3,38,13
12,16,18651231,0,3,38,4
3,27,18650318,0,3,38,12
3,6,18650315,0,3,38,3
1,21,18650116,0,3,38,8
10,25,18651006,0,3,38,11
4,25,18650413,0,3,38,11
3,27,18650320,0,3,38,12
2,6,18650221,0,3,38,3
3,21,18650307,0,3,38,8
2,22,18650226,0,3,38,9
2,22,18650225,0,3,38,9
12,5,18651223,0,3,38,2
3,24,18650307,0,3,38,10
11,20,18651120,0,3,38,7
3,6,18650327,0,3,38,3
2,25,18650228,0,3,38,11
12,21,18651202,0,3,38,8
3,6,18650328,0,3,38,3
12,21,18651208,0,3,38,8
2,26,18650217,0,3,38,12
4,20,18650401,0,3,38,7
3,6,18650314,0,3,38,3
10,25,18651024,0,3,38,11
1,22,18650108,0,3,38,9
3,6,18650322,0,3,38,3
2,24,18650214,0,3,38,10
12,6,18651225,0,3,38,3
1,27,18650129,0,3,38,12
1,6,18650129,0,3,38,3
1,6,18650128,0,3,38,3
2,6,18650217,0,4,38,3
2,26,18650216,0,4,38,12
10,25,18651012,0,4,38,11
1,5,18650116,0,4,38,2
1,6,18650107,0,4,38,3
2,27,18650203,0,4,38,12
2,21,18650226,0,4,38,8
12,22,18651220,0,4,38,9
1,22,18650105,0,4,38,9
2,20,18650227,0,4,38,7
2,22,18650227,0,4,38,9
1,20,18650108,0,4,38,7
10,25,18651002,0,4,38,11
4,25,18650421,0,4,38,11
3,6,18650313,0,4,38,3
3,21,18650310,0,4,38,8
1,23,18650130,0,4,38,10
12,5,18651217,0,4,38,2
1,24,18650114,0,4,38,10
12,21,18651230,0,4,38,8
1,26,18650128,0,4,38,12
12,21,18651206,0,4,38,8
3,21,18650304,0,4,38,8
3,22,18650304,0,4,38,9
5,25,18650512,0,4,38,11
1,21,18650108,0,4,38,8
12,24,18651212,0,4,38,10
1,26,18650124,0,4,38,12
5,25,18650515,0,4,38,11
3,21,18650326,0,4,38,8
2,24,18650211,0,4,38,10
1,26,18650102,0,4,38,12
12,24,18651231,0,4,38,10
2,5,18650228,0,4,38,2
1,24,18650130,0,4,38,10
1,24,18650104,0,4,38,10
7,25,18650701,0,4,39,11
3,20,18650331,0,4,39,7
12,20,18651211,0,4,39,7
12,20,18651208,0,4,39,7
12,6,18651220,0,4,39,3
3,20,18650311,0,4,39,7
10,25,18651008,0,4,39,11
3,5,18650302,0,4,39,2
12,22,18651207,0,4,39,9
3,20,18650310,0,4,39,7
2,5,18650227,0,4,39,2
3,22,18650310,0,4,39,9
2,27,18650207,0,4,39,12
1,24,18650113,0,4,39,10
11,20,18651121,0,4,39,7
12,20,18651207,0,4,39,7
12,5,18651224,0,4,39,2
12,22,18651231,0,4,39,9
12,21,18651220,0,4,39,8
12,22,18651208,0,4,39,9
12,24,18651216,0,4,39,10
11,5,18651115,0,4,39,2
3,20,18650309,0,4,39,7
12,22,18651229,0,4,39,9
1,22,18650116,0,4,39,9
3,6,18650318,0,4,39,3
1,24,18650126,0,4,39,10
2,22,18650201,0,4,39,9
3,5,18650305,0,4,39,2
2,20,18650220,0,4,39,7
5,25,18650520,0,4,39,11
3,21,18650331,0,4,39,8
11,21,18651113,0,4,39,8
1,21,18650107,0,4,39,8
12,21,18651216,0,4,39,8
1,20,18650116,0,4,39,7
11,16,18651124,0,4,39,4
12,24,18651228,0,4,39,10
11,13,18651130,0,4,39,4
12,28,18651225,0,4,39,13
12,20,18651219,0,4,39,7
11,13,18651121,0,4,39,4
12,16,18651227,0,4,39,4
3,16,18650326,0,4,39,4
1,6,18650104,0,4,39,3
3,16,18650314,0,4,39,4
4,25,18650407,0,4,39,11
12,6,18651222,0,4,39,3
2,13,18650227,0,4,39,4
3,21,18650308,0,4,39,8
12,6,18651221,0,4,39,3
2,24,18650203,0,4,39,10
11,13,18651125,0,4,39,4
3,6,18650330,0,4,39,3
11,20,18651113,0,4,39,7
10,25,18651017,0,4,39,11
5,25,18650506,0,4,39,11
1,23,18650117,0,4,39,10
12,25,18651223,0,4,39,11
1,27,18650117,0,4,39,12
3,21,18650318,0,4,39,8
10,25,18651001,0,4,39,11
5,25,18650516,0,4,39,11
3,21,18650305,0,4,39,8
12,24,18651226,0,4,39,10
1,6,18650106,0,4,39,3
3,20,18650330,0,4,39,7
12,24,18651221,0,4,39,10
2,6,18650222,0,4,39,3
12,21,18651207,0,4,39,8
1,21,18650131,0,4,39,8
12,23,18651215,0,4,39,10
2,6,18650205,0,4,39,3
5,25,18650501,0,4,39,11
3,5,18650313,0,4,39,2
1,26,18650113,0,4,39,12
3,27,18650328,0,4,39,12
2,21,18650224,0,4,39,8
3,6,18650319,0,4,39,3
2,21,18650227,0,4,39,8
1,26,18650118,0,4,39,12
3,6,18650323,0,4,39,3
3,6,18650309,0,4,39,3
1,20,18650105,0,4,39,7
3,6,18650316,0,4,39,3
12,24,18651227,0,4,39,10
4,25,18650409,0,4,39,11
11,24,18651120,0,4,40,10
1,6,18650125,0,4,40,3
1,25,18650126,0,4,40,11
1,24,18650112,0,4,40,10
12,24,18651223,0,4,40,10
5,25,18650509,0,4,40,11
1,24,18650127,0,4,40,10
1,5,18650123,0,4,40,2
8,25,18650830,0,4,40,11
11,22,18651114,0,4,40,9
2,24,18650208,0,4,40,10
3,5,18650310,0,4,40,2
12,22,18651204,0,4,40,9
2,5,18650218,0,4,40,2
1,5,18650111,0,4,40,2
1,22,18650109,0,4,40,9
12,6,18651214,0,4,40,3
1,5,18650128,0,4,40,2
3,24,18650324,0,4,40,10
2,27,18650220,0,4,40,12
3,22,18650311,0,4,40,9
3,23,18650320,0,4,40,10
12,27,18651214,0,4,40,12
2,16,18650204,0,4,40,4
12,16,18651210,0,4,40,4
12,28,18651210,0,4,40,13
11,5,18651117,0,4,40,2
12,28,18651221,0,4,40,13
10,13,18651026,0,4,40,4
8,25,18650807,0,4,40,11
1,6,18650116,0,4,40,3
3,24,18650329,0,4,40,10
11,28,18651128,0,4,40,13
11,13,18651122,0,4,40,4
12,26,18651231,0,4,40,12
3,27,18650314,0,4,40,12
3,27,18650313,0,4,40,12
12,23,18651217,0,4,40,10
4,20,18650402,0,4,40,7
12,28,18651229,0,4,40,13
12,24,18651220,0,4,40,10
1,27,18650130,0,4,40,12
2,5,18650220,0,4,40,2
1,22,18650112,0,4,40,9
12,23,18651212,0,4,40,10
12,6,18651226,0,4,40,3
11,16,18651129,0,4,40,4
12,16,18651226,0,4,40,4
12,16,18651225,0,4,40,4
3,16,18650303,0,4,40,4
3,20,18650326,0,4,40,7
2,23,18650206,0,4,40,10
12,24,18651219,0,4,40,10
3,21,18650327,0,4,40,8
3,5,18650308,0,4,40,2
8,25,18650808,0,4,40,11
4,25,18650406,0,4,40,11
1,24,18650131,0,4,40,10
12,21,18651219,0,4,40,8
11,5,18651113,0,4,40,2
3,5,18650325,0,4,40,2
2,23,18650208,0,4,40,10
3,5,18650304,0,4,40,2
3,5,18650312,0,4,40,2
12,21,18651231,0,4,40,8
2,23,18650215,0,5,40,10
1,24,18650125,0,5,40,10
3,21,18650303,0,5,40,8
3,5,18650318,0,5,40,2
3,5,18650316,0,5,40,2
1,24,18650109,0,5,40,10
12,22,18651211,0,5,40,9
11,5,18651122,0,5,40,2
12,24,18651211,0,5,40,10
4,21,18650401,0,5,40,8
2,26,18650219,0,5,40,12
3,6,18650324,0,5,40,3
3,5,18650309,0,5,40,2
12,6,18651210,0,5,40,3
2,26,18650210,0,5,40,12
2,6,18650206,0,5,40,3
11,25,18651123,0,5,40,11
4,25,18650412,0,5,40,11
6,25,18650630,0,5,40,11
3,6,18650310,0,5,41,3
2,23,18650203,0,5,41,10
3,22,18650309,0,5,41,9
12,6,18651215,0,5,41,3
5,25,18650513,0,5,41,11
2,23,18650217,0,5,41,10
1,24,18650111,0,5,41,10
11,22,18651113,0,5,41,9
1,22,18650115,0,5,41,9
12,23,18651211,0,5,41,10
12,23,18651226,0,5,41,10
3,22,18650327,0,5,41,9
3,24,18650326,0,5,41,10
2,20,18650226,0,5,41,7
3,27,18650326,0,5,41,12
12,23,18651222,0,5,41,10
1,23,18650118,0,5,41,10
12,23,18651216,0,5,41,10
2,27,18650218,0,5,41,12
1,22,18650110,0,5,41,9
4,25,18650417,0,5,41,11
3,6,18650308,0,5,41,3
3,21,18650309,0,5,41,8
2,6,18650219,0,5,41,3
2,21,18650225,0,5,41,8
3,27,18650311,0,5,41,12
3,27,18650325,0,5,41,12
1,21,18650115,0,5,41,8
3,27,18650317,0,5,41,12
3,20,18650303,0,5,41,7
1,20,18650109,0,5,41,7
11,13,18651109,0,5,41,4
1,23,18650104,0,5,41,10
2,13,18650222,0,5,41,4
11,21,18651114,0,5,41,8
1,20,18650128,0,5,41,7
4,16,18650410,0,5,41,4
10,16,18651029,0,5,41,4
1,23,18650131,0,5,41,10
11,13,18651127,0,5,41,4
12,23,18651231,0,5,41,10
11,13,18651118,0,5,41,4
3,5,18650307,0,5,41,2
1,20,18650115,0,5,41,7
12,24,18651222,0,5,41,10
12,27,18651211,0,5,41,12
3,24,18650325,0,5,41,10
3,23,18650329,0,5,41,10
12,20,18651202,0,5,41,7
8,25,18650819,0,5,41,11
2,23,18650222,0,5,41,10
3,22,18650302,0,5,41,9
2,13,18650223,0,5,41,4
11,16,18651106,0,5,41,4
1,6,18650108,0,5,41,3
2,21,18650201,0,5,41,8
1,21,18650112,0,5,41,8
3,27,18650307,0,5,41,12
3,6,18650311,0,5,41,3
2,26,18650220,0,5,41,12
1,27,18650115,0,5,41,12
1,21,18650105,0,5,41,8
2,21,18650228,0,5,41,8
12,27,18651212,0,5,41,12
3,6,18650325,0,5,41,3
5,25,18650505,0,5,41,11
12,24,18651217,0,5,41,10
6,25,18650612,0,5,41,11
11,24,18651116,0,5,41,10
12,24,18651218,0,5,41,10
3,27,18650316,0,5,41,12
1,6,18650115,0,5,41,3
8,25,18650817,0,5,41,11
12,24,18651210,0,5,41,10
2,22,18650219,0,5,42,9
12,6,18651219,0,5,42,3
1,20,18650110,0,5,42,7
11,22,18651116,0,5,42,9
2,26,18650209,0,5,42,12
12,23,18651227,0,5,42,10
3,6,18650317,0,5,42,3
3,26,18650321,0,5,42,12
2,26,18650218,0,5,42,12
2,23,18650207,0,5,42,10
12,21,18651211,0,5,42,8
3,6,18650326,0,5,42,3
3,5,18650314,0,5,42,2
3,24,18650323,0,5,42,10
1,21,18650109,0,5,42,8
5,25,18650504,0,5,42,11
1,23,18650116,0,5,42,10
11,5,18651116,0,5,42,2
4,22,18650402,0,5,42,9
4,22,18650403,0,5,42,9
1,23,18650128,0,5,42,10
3,5,18650311,0,5,42,2
12,5,18651202,0,5,42,2
12,23,18651218,0,5,42,10
12,20,18651201,0,5,42,7
12,22,18651219,0,5,42,9
3,24,18650306,0,5,42,10
1,24,18650116,0,5,42,10
2,6,18650218,0,5,42,3
12,20,18651218,0,6,42,7
6,25,18650613,0,6,42,11
12,22,18651218,0,6,42,9
4,5,18650401,0,6,42,2
3,27,18650309,0,6,42,12
3,27,18650308,0,6,42,12
3,27,18650322,0,6,42,12
2,20,18650219,0,6,42,7
3,27,18650324,0,6,42,12
1,27,18650114,0,6,42,12
2,26,18650212,0,6,42,12
2,5,18650219,0,6,42,2
12,16,18651202,0,6,42,4
11,13,18651108,0,6,42,4
11,13,18651104,0,6,42,4
3,16,18650318,0,6,42,4
1,21,18650110,0,6,42,8
12,28,18651219,0,6,42,13
4,13,18650410,0,6,42,4
11,24,18651121,0,6,42,10
3,13,18650307,0,6,42,4
10,13,18651024,0,6,42,4
10,25,18651003,0,6,42,11
2,26,18650205,0,6,42,12
2,16,18650222,0,6,42,4
12,20,18651205,0,6,42,7
1,23,18650114,0,6,42,10
11,16,18651123,0,6,42,4
12,28,18651207,0,6,42,13
10,13,18651021,0,6,42,4
11,16,18651127,0,6,42,4
2,24,18650202,0,6,42,10
11,5,18651123,0,6,42,2
12,13,18651211,0,6,42,4
1,23,18650113,0,6,42,10
3,26,18650319,0,6,42,12
1,6,18650130,0,6,42,3
1,23,18650112,0,6,42,10
1,19,18650129,0,6,42,6
3,20,18650307,0,6,42,7
10,13,18651031,0,6,42,4
3,24,18650328,0,6,42,10
3,21,18650311,0,6,42,8
2,23,18650201,0,6,42,10
7,25,18650725,0,6,42,11
2,16,18650226,0,6,42,4
1,26,18650129,0,6,42,12
2,6,18650207,0,6,42,3
12,6,18651211,0,6,42,3
12,24,18651225,0,6,42,10
2,6,18650226,0,6,42,3
2,23,18650223,0,6,42,10
4,25,18650420,0,6,42,11
2,27,18650217,0,6,42,12
8,25,18650803,0,6,42,11
1,21,18650106,0,6,42,8
12,24,18651229,0,6,42,10
3,24,18650308,0,6,42,10
1,27,18650105,0,6,42,12
3,27,18650321,0,6,42,12
2,26,18650206,0,6,42,12
1,24,18650110,0,6,42,10
3,26,18650320,0,6,42,12
3,5,18650331,0,6,42,2
1,24,18650128,0,6,42,10
12,22,18651202,0,6,42,9
12,20,18651217,0,6,42,7
2,26,18650207,0,6,42,12
2,26,18650208,0,6,42,12
3,5,18650326,0,6,42,2
3,20,18650315,0,6,42,7
3,22,18650315,0,6,42,9
2,24,18650209,0,6,42,10
12,24,18651224,0,6,42,10
2,24,18650215,0,6,43,10
1,5,18650105,0,6,43,2
1,23,18650106,0,6,43,10
2,23,18650216,0,6,43,10
12,21,18651218,0,6,43,8
12,21,18651217,0,6,43,8
11,22,18651117,0,6,43,9
1,6,18650110,0,6,43,3
3,26,18650308,0,6,43,12
3,27,18650310,0,6,43,12
4,25,18650416,0,6,43,11
1,22,18650128,0,6,43,9
8,25,18650831,0,6,43,11
3,23,18650301,0,6,43,10
2,21,18650219,0,6,43,8
3,5,18650303,0,6,43,2
3,23,18650330,0,6,43,10
2,21,18650217,0,6,43,8
4,21,18650402,0,6,43,8
3,6,18650305,0,6,43,3
1,23,18650105,0,6,43,10
1,21,18650111,0,6,43,8
11,20,18651122,0,6,43,7
1,23,18650125,0,6,43,10
3,6,18650307,0,6,43,3
12,6,18651216,0,6,43,3
3,23,18650324,0,6,43,10
6,25,18650605,0,6,43,11
12,22,18651206,0,6,43,9
1,24,18650123,0,6,43,10
12,22,18651217,0,6,43,9
11,13,18651120,0,6,43,4
2,26,18650211,0,6,43,12
8,25,18650814,0,6,43,11
3,27,18650306,0,6,43,12
1,27,18650106,0,6,43,12
3,16,18650320,0,6,43,4
11,21,18651116,0,6,43,8
10,13,18651030,0,6,43,4
3,13,18650308,0,6,43,4
3,16,18650307,0,6,43,4
12,28,18651220,0,6,43,13
10,16,18651026,0,6,43,4
3,23,18650325,0,6,43,10
12,21,18651201,0,6,43,8
1,20,18650111,0,6,43,7
12,27,18651231,0,6,43,12
4,13,18650411,0,6,43,4
12,16,18651219,0,6,43,4
3,27,18650315,0,6,43,12
2,24,18650206,0,6,43,10
4,20,18650403,0,6,43,7
3,20,18650301,0,6,43,7
12,27,18651217,0,6,43,12
4,13,18650420,0,6,43,4
11,16,18651120,0,6,43,4
11,16,18651118,0,6,43,4
11,21,18651110,0,6,43,8
1,19,18650116,0,6,43,6
3,21,18650302,0,6,43,8
4,16,18650420,0,6,43,4
3,27,18650323,0,6,43,12
2,6,18650223,0,6,43,3
6,25,18650604,0,6,43,11
1,26,18650116,0,6,43,12
1,20,18650106,0,6,43,7
4,25,18650430,0,6,43,11
12,20,18651206,0,6,43,7
11,24,18651119,0,6,43,10
11,24,18651117,0,6,43,10
3,27,18650305,0,6,43,12
3,20,18650302,0,6,43,7
5,25,18650523,0,6,43,11
12,6,18651208,0,6,43,3
12,27,18651215,0,6,43,12
11,21,18651117,0,6,43,8
3,22,18650306,0,6,43,9
3,21,18650306,0,6,43,8
3,23,18650323,0,6,43,10
12,23,18651221,0,6,43,10
2,24,18650223,0,6,43,10
11,5,18651118,0,6,43,2
1,26,18650115,0,6,43,12
10,25,18651004,0,6,43,11
2,26,18650204,0,6,43,12
3,21,18650315,0,6,43,8
3,23,18650328,0,6,43,10
1,5,18650109,0,6,43,2
11,22,18651110,0,6,43,9
5,25,18650502,0,6,43,11
1,6,18650109,0,6,43,3
12,23,18651219,0,6,43,10
2,23,18650221,0,6,43,10
11,20,18651126,0,6,43,7
1,6,18650114,0,6,43,3
3,6,18650303,0,6,43,3
6,25,18650625,0,6,43,11
9,25,18650928,0,6,43,11
11,22,18651115,0,6,44,9
12,22,18651201,0,6,44,9
7,25,18650726,0,6,44,11
1,26,18650114,0,6,44,12
6,25,18650603,0,6,44,11
1,22,18650111,0,6,44,9
12,27,18651221,0,6,44,12
9,25,18650901,0,6,44,11
3,26,18650314,0,6,44,12
10,25,18651007,0,6,44,11
2,6,18650224,0,6,44,3
11,5,18651124,0,6,44,2
1,5,18650108,0,6,44,2
12,20,18651204,0,6,44,7
3,23,18650309,0,6,44,10
1,5,18650107,0,6,44,2
2,6,18650227,0,7,44,3
3,22,18650301,0,7,44,9
1,26,18650117,0,7,44,12
2,24,18650207,0,7,44,10
2,5,18650226,0,7,44,2
12,24,18651209,0,7,44,10
12,23,18651209,0,7,44,10
8,25,18650810,0,7,44,11
12,6,18651230,0,7,44,3
11,22,18651109,0,7,44,9
11,21,18651109,0,7,44,8
1,26,18650106,0,7,44,12
3,24,18650330,0,7,44,10
12,28,18651228,0,7,44,13
3,16,18650319,0,7,44,4
3,27,18650327,0,7,44,12
12,28,18651201,0,7,44,13
4,25,18650411,0,7,44,11
12,27,18651226,0,7,44,12
1,24,18650108,0,7,44,10
11,26,18651104,0,7,44,12
2,24,18650218,0,7,44,10
3,16,18650317,0,7,44,4
12,28,18651211,0,7,44,13
11,16,18651121,0,7,44,4
2,24,18650210,0,7,44,10
11,20,18651110,0,7,44,7
1,19,18650130,0,7,44,6
2,24,18650221,0,7,44,10
3,16,18650323,0,7,44,4
11,16,18651125,0,7,44,4
3,27,18650312,0,7,44,12
12,16,18651203,0,7,44,4
2,19,18650216,0,7,44,6
11,16,18651126,0,7,44,4
1,19,18650103,0,7,44,6
8,25,18650811,0,7,44,11
12,6,18651217,0,7,44,3
12,6,18651228,0,7,44,3
5,25,18650514,0,7,44,11
3,24,18650331,0,7,44,10
12,6,18651218,0,7,44,3
3,23,18650331,0,7,44,10
12,24,18651208,0,7,44,10
11,21,18651105,0,7,44,8
3,6,18650331,0,7,44,3
12,27,18651222,0,7,44,12
11,22,18651105,0,7,44,9
1,6,18650105,0,7,44,3
1,5,18650115,0,7,44,2
12,23,18651220,0,7,44,10
11,21,18651104,0,7,44,8
1,26,18650130,0,7,44,12
5,25,18650503,0,7,44,11
12,23,18651228,0,7,44,10
1,26,18650131,0,7,44,12
8,25,18650806,0,7,44,11
6,25,18650602,0,7,44,11
6,25,18650618,0,7,44,11
1,26,18650107,0,7,44,12
1,23,18650111,0,7,44,10
1,23,18650126,0,7,44,10
1,21,18650114,0,7,44,8
1,22,18650113,0,7,45,9
3,26,18650322,0,7,45,12
2,6,18650225,0,7,45,3
3,26,18650318,0,7,45,12
5,25,18650526,0,7,45,11
2,6,18650203,0,7,45,3
3,26,18650324,0,7,45,12
1,24,18650129,0,7,45,10
1,21,18650128,0,7,45,8
12,5,18651207,0,7,45,2
11,6,18651130,0,7,45,3
3,26,18650309,0,7,45,12
1,5,18650114,0,7,45,2
2,27,18650221,0,7,45,12
6,25,18650617,0,7,45,11
3,24,18650301,0,7,45,10
11,24,18651122,0,7,45,10
2,27,18650202,0,7,45,12
12,23,18651224,0,7,45,10
6,25,18650616,0,7,45,11
12,6,18651231,0,7,45,3
12,5,18651206,0,7,45,2
3,23,18650306,0,7,45,10
1,20,18650114,0,7,45,7
11,6,18651113,0,7,45,3
2,24,18650222,0,7,45,10
3,26,18650327,0,7,45,12
2,24,18650225,0,7,45,10
1,23,18650127,0,7,45,10
1,23,18650107,0,7,45,10
11,26,18651125,0,7,45,12
1,19,18650102,0,7,45,6
11,13,18651103,0,7,45,4
3,6,18650306,0,7,45,3
12,27,18651223,0,7,45,12
4,13,18650429,0,7,45,4
10,16,18651024,0,7,45,4
12,27,18651216,0,7,45,12
7,25,18650710,0,7,45,11
12,16,18651211,0,7,45,4
3,16,18650328,0,7,45,4
3,13,18650318,0,7,45,4
11,26,18651107,0,7,45,12
11,28,18651123,0,7,45,13
9,25,18650930,0,7,45,11
12,26,18651217,0,7,45,12
1,19,18650117,0,7,45,6
10,13,18651025,0,7,45,4
4,16,18650416,0,7,45,4
1,19,18650113,0,7,45,6
10,13,18651020,0,7,45,4
4,16,18650423,0,7,45,4
11,16,18651108,0,7,45,4
11,26,18651124,0,7,45,12
11,28,18651130,0,7,45,13
4,16,18650417,0,7,45,4
8,25,18650818,0,7,45,11
7,25,18650724,0,7,45,11
2,19,18650217,0,7,45,6
1,5,18650119,0,7,45,2
11,22,18651103,0,7,45,9
12,5,18651205,0,7,45,2
11,20,18651107,0,7,45,7
12,27,18651201,0,7,45,12
12,23,18651223,0,7,45,10
3,27,18650304,0,7,45,12
3,26,18650311,0,7,45,12
1,6,18650111,0,7,45,3
12,5,18651203,0,7,45,2
12,23,18651230,0,7,45,10
11,21,18651115,0,7,45,8
12,6,18651229,0,7,45,3
4,5,18650402,0,7,45,2
4,25,18650426,0,7,45,11
12,27,18651213,0,7,45,12
12,6,18651201,0,7,45,3
12,6,18651206,0,7,45,3
1,26,18650111,0,7,45,12
11,6,18651106,0,7,45,3
1,26,18650103,0,7,45,12
2,26,18650221,0,7,45,12
12,5,18651204,0,7,45,2
4,22,18650404,0,8,46,9
11,5,18651125,0,8,46,2
3,21,18650301,0,8,46,8
11,21,18651106,0,8,46,8
11,20,18651111,0,8,46,7
11,23,18651118,0,8,46,10
3,23,18650316,0,8,46,10
3,20,18650327,0,8,46,7
11,23,18651117,0,8,46,10
1,23,18650129,0,8,46,10
12,23,18651210,0,8,46,10
12,27,18651207,0,8,46,12
3,26,18650317,0,8,46,12
11,20,18651125,0,8,46,7
1,27,18650131,0,8,46,12
9,25,18650929,0,8,46,11
3,26,18650326,0,8,46,12
3,26,18650303,0,8,46,12
2,6,18650201,0,8,46,3
3,26,18650323,0,8,46,12
2,26,18650203,0,8,46,12
6,25,18650611,0,8,46,11
11,20,18651130,0,8,46,7
11,22,18651112,0,8,46,9
3,26,18650313,0,8,46,12
1,27,18650102,0,8,46,12
11,21,18651103,0,8,46,8
1,22,18650114,0,8,46,9
1,27,18650113,0,8,46,12
11,27,18651112,0,8,46,12
10,27,18651018,0,8,46,12
3,6,18650304,0,8,46,3
3,27,18650303,0,8,46,12
4,25,18650410,0,8,46,11
11,24,18651123,0,8,46,10
1,6,18650112,0,8,46,3
3,6,18650301,0,8,46,3
5,13,18650511,0,8,46,4
12,26,18651202,0,8,46,12
11,26,18651105,0,8,46,12
11,26,18651128,0,8,46,12
2,19,18650219,0,8,46,6
11,16,18651109,0,8,46,4
10,13,18651016,0,8,46,4
12,27,18651218,0,8,46,12
1,19,18650115,0,8,46,6
3,26,18650306,0,8,46,12
3,23,18650315,0,8,46,10
1,23,18650123,0,8,46,10
11,27,18651105,0,8,46,12
1,19,18650111,0,8,46,6
1,23,18650110,0,8,46,10
1,19,18650104,0,8,46,6
11,16,18651130,0,8,46,4
4,16,18650411,0,8,46,4
11,13,18651101,0,8,46,4
3,26,18650307,0,8,46,12
2,6,18650202,0,8,46,3
3,26,18650305,0,8,46,12
1,6,18650131,0,8,46,3
11,27,18651130,0,8,46,12
11,22,18651104,0,8,46,9
11,26,18651126,0,8,46,12
11,16,18651119,0,8,46,4
11,21,18651108,0,8,46,8
11,28,18651127,0,8,46,13
10,13,18651004,0,8,46,4
3,19,18650319,0,8,46,6
12,26,18651214,0,8,46,12
3,13,18650327,0,8,46,4
1,19,18650106,0,8,46,6
6,25,18650606,0,8,46,11
12,6,18651202,0,8,46,3
1,23,18650108,0,8,46,10
11,23,18651114,0,8,46,10
12,23,18651225,0,8,46,10
1,23,18650109,0,8,46,10
11,22,18651120,0,8,46,9
1,21,18650113,0,8,46,8
3,6,18650302,0,8,46,3
3,5,18650315,0,8,46,2
3,23,18650319,0,8,46,10
12,6,18651205,0,8,46,3
2,23,18650202,0,8,46,10
11,5,18651111,0,8,46,2
11,21,18651130,0,8,46,8
11,24,18651115,0,8,46,10
1,23,18650115,0,8,46,10
12,6,18651207,0,8,46,3
2,23,18650224,0,8,46,10
11,21,18651120,0,8,46,8
3,26,18650315,0,8,46,12
11,5,18651110,0,8,46,2
10,22,18651010,0,8,46,9
11,22,18651130,0,8,46,9
11,24,18651118,0,8,46,10
11,22,18651108,0,8,46,9
1,26,18650112,0,8,46,12
10,21,18651029,0,8,46,8
4,25,18650424,0,8,46,11
4,25,18650423,0,8,46,11
4,21,18650403,0,8,46,8
11,20,18651124,0,8,47,7
11,21,18651111,0,8,47,8
11,22,18651119,0,8,47,9
3,23,18650327,0,8,47,10
2,6,18650228,0,8,47,3
7,25,18650722,0,8,47,11
11,6,18651109,0,8,47,3
9,25,18650925,0,8,47,11
3,26,18650304,0,8,47,12
12,27,18651202,0,8,47,12
6,25,18650626,0,8,47,11
6,25,18650614,0,8,47,11
4,6,18650401,0,8,47,3
10,16,18651030,0,8,47,4
2,19,18650213,0,8,47,6
1,19,18650131,0,8,47,6
10,16,18651023,0,8,47,4
11,6,18651110,0,8,47,3
12,26,18651226,0,8,47,12
12,26,18651218,0,8,47,12
7,3,18650712,0,8,47,1
4,24,18650401,0,8,47,10
12,26,18651229,0,8,47,12
11,28,18651121,0,8,47,13
1,19,18650109,0,8,47,6
3,27,18650329,0,8,47,12
10,16,18651025,0,8,47,4
2,19,18650220,0,8,47,6
12,19,18651231,0,8,47,6
12,26,18651227,0,8,47,12
11,20,18651106,0,8,47,7
11,20,18651118,0,8,47,7
1,27,18650112,0,8,47,12
12,26,18651228,0,8,47,12
5,16,18650504,0,8,47,4
11,27,18651126,0,8,47,12
11,22,18651106,0,8,47,9
4,22,18650430,0,8,47,9
12,27,18651210,0,8,47,12
5,16,18650511,0,8,47,4
10,27,18651031,0,8,47,12
1,6,18650127,0,8,47,3
1,19,18650105,0,8,47,6
12,26,18651201,0,8,47,12
3,27,18650302,0,8,47,12
7,3,18650722,0,8,47,1
3,23,18650326,0,8,47,10
12,26,18651215,0,8,47,12
10,27,18651027,0,8,47,12
5,25,18650508,0,8,47,11
3,19,18650318,0,8,47,6
12,26,18651225,0,8,47,12
3,19,18650320,0,8,47,6
12,28,18651202,0,8,47,13
4,20,18650404,0,8,47,7
1,19,18650112,0,8,47,6
3,26,18650325,0,8,47,12
2,27,18650205,0,8,47,12
2,27,18650224,0,8,47,12
11,26,18651123,0,8,47,12
2,26,18650227,0,8,47,12
5,16,18650501,0,8,47,4
1,19,18650114,0,8,47,6
4,22,18650405,0,8,47,9
4,23,18650401,0,8,47,10
12,23,18651229,0,8,47,10
10,27,18651021,0,8,47,12
12,27,18651209,0,8,47,12
11,5,18651126,0,8,47,2
6,25,18650607,0,8,47,11
1,5,18650110,0,8,47,2
12,5,18651201,0,8,47,2
1,24,18650115,0,8,47,10
11,27,18651110,0,8,47,12
2,24,18650220,0,8,47,10
2,24,18650224,0,8,47,10
11,22,18651111,0,8,47,9
11,23,18651121,0,8,47,10
3,24,18650311,0,8,47,10
1,22,18650127,0,8,47,9
11,23,18651122,0,8,47,10
11,20,18651128,0,8,47,7
11,23,18651120,0,8,47,10
11,22,18651107,0,8,47,9
2,24,18650219,0,8,47,10
11,20,18651119,0,8,47,7
11,23,18651116,0,8,47,10
3,23,18650318,0,8,47,10
11,5,18651112,0,8,47,2
10,27,18651030,0,9,47,12
6,25,18650624,0,9,47,11
1,27,18650110,0,9,47,12
8,25,18650815,0,9,47,11
11,21,18651107,0,9,47,8
11,22,18651122,0,9,47,9
3,26,18650302,0,9,47,12
3,24,18650305,0,9,47,10
9,25,18650908,0,9,47,11
11,27,18651128,0,9,47,12
11,21,18651112,0,9,47,8
11,27,18651106,0,9,47,12
11,22,18651121,0,9,47,9
1,6,18650126,0,9,47,3
2,26,18650202,0,9,47,12
11,23,18651115,0,9,47,10
10,6,18651028,0,9,48,3
1,6,18650113,0,9,48,3
11,20,18651112,0,9,48,7
3,26,18650328,0,9,48,12
11,20,18651127,0,9,48,7
3,26,18650310,0,9,48,12
10,20,18651029,0,9,48,7
9,25,18650902,0,9,48,11
2,27,18650223,0,9,48,12
1,24,18650107,0,9,48,10
11,27,18651127,0,9,48,12
6,25,18650615,0,9,48,11
2,27,18650225,0,9,48,12
11,5,18651128,0,9,48,2
1,27,18650107,0,9,48,12
10,22,18651029,0,9,48,9
1,27,18650111,0,9,48,12
11,27,18651109,0,9,48,12
2,27,18650226,0,9,48,12
2,26,18650201,0,9,48,12
5,25,18650517,0,9,48,11
6,25,18650627,0,9,48,11
11,27,18651104,0,9,48,12
11,5,18651119,0,9,48,2
1,26,18650105,0,9,48,12
11,21,18651119,0,9,48,8
11,21,18651121,0,9,48,8
11,6,18651107,0,9,48,3
4,16,18650401,0,9,48,4
4,16,18650419,0,9,48,4
12,26,18651213,0,9,48,12
12,28,18651205,0,9,48,13
3,19,18650326,0,9,48,6
2,19,18650206,0,9,48,6
12,26,18651216,0,9,48,12
12,27,18651208,0,9,48,12
2,19,18650218,0,9,48,6
3,16,18650315,0,9,48,4
12,26,18651204,0,9,48,12
4,16,18650407,0,9,48,4
4,16,18650413,0,9,48,4
3,16,18650327,0,9,48,4
12,26,18651211,0,9,48,12
3,26,18650316,0,9,48,12
3,19,18650313,0,9,48,6
11,26,18651129,0,9,48,12
2,19,18650208,0,9,48,6
11,20,18651105,0,9,48,7
2,19,18650212,0,9,48,6
12,19,18651230,0,9,48,6
11,22,18651129,0,9,48,9
11,19,18651124,0,9,48,6
4,13,18650428,0,9,48,4
10,26,18651027,0,9,48,12
12,26,18651210,0,9,48,12
4,13,18650413,0,9,48,4
11,26,18651114,0,9,48,12
11,28,18651120,0,9,48,13
7,3,18650710,0,9,48,1
1,19,18650110,0,9,48,6
11,16,18651112,0,9,48,4
2,19,18650214,0,9,48,6
6,25,18650623,0,9,48,11
2,23,18650218,0,9,48,10
12,26,18651212,0,9,48,12
1,19,18650108,0,9,48,6
3,19,18650321,0,9,48,6
11,28,18651126,0,9,48,13
11,16,18651104,0,9,48,4
11,19,18651120,0,9,48,6
12,26,18651203,0,9,48,12
11,26,18651127,0,9,48,12
11,26,18651130,0,9,48,12
1,19,18650118,0,9,48,6
11,13,18651102,0,9,48,4
10,16,18651021,0,9,48,4
2,23,18650225,0,9,48,10
4,25,18650429,0,9,48,11
11,20,18651102,0,9,48,7
6,25,18650619,0,9,48,11
11,24,18651114,0,9,48,10
12,24,18651201,0,9,48,10
7,25,18650713,0,9,48,11
11,21,18651129,0,9,48,8
12,23,18651201,0,9,48,10
10,21,18651010,0,9,48,8
11,6,18651114,0,9,48,3
7,3,18650713,0,9,48,1
3,23,18650308,0,9,48,10
3,23,18650305,0,9,48,10
1,26,18650108,0,9,48,12
1,26,18650104,0,9,48,12
3,23,18650307,0,9,48,10
3,23,18650303,0,9,48,10
1,27,18650103,0,9,49,12
11,6,18651108,0,9,49,3
8,25,18650816,0,9,49,11
3,26,18650312,0,9,49,12
6,25,18650608,0,9,49,11
11,6,18651103,0,9,49,3
4,25,18650428,0,9,49,11
7,3,18650721,0,9,49,1
4,21,18650405,0,9,49,8
2,26,18650225,0,9,49,12
3,23,18650310,0,9,49,10
10,13,18651013,0,9,49,4
10,16,18651004,0,9,49,4
11,19,18651128,0,9,49,6
10,16,18651013,0,9,49,4
3,19,18650325,0,9,49,6
7,3,18650711,0,9,49,1
3,19,18650327,0,9,49,6
11,19,18651127,0,9,49,6
3,19,18650317,0,9,49,6
10,13,18651005,0,9,49,4
3,27,18650301,0,9,49,12
10,13,18651017,0,9,49,4
2,19,18650207,0,9,49,6
11,23,18651126,0,9,49,10
11,27,18651103,0,9,49,12
5,13,18650501,0,9,49,4
3,24,18650319,0,9,49,10
12,19,18651220,0,9,49,6
12,19,18651215,0,9,49,6
2,19,18650223,0,9,49,6
10,16,18651020,0,9,49,4
8,25,18650801,0,9,49,11
3,19,18650323,0,9,49,6
10,13,18651023,0,9,49,4
11,5,18651130,0,9,49,2
4,25,18650425,0,9,49,11
12,19,18651218,0,9,49,6
2,27,18650228,0,9,49,12
10,13,18651019,0,9,49,4
12,19,18651229,0,9,49,6
3,13,18650315,0,9,49,4
11,27,18651129,0,9,49,12
3,19,18650304,0,9,49,6
11,26,18651101,0,9,49,12
12,26,18651208,0,9,49,12
11,19,18651130,0,9,49,6
11,26,18651108,0,9,49,12
11,19,18651123,0,9,49,6
3,16,18650316,0,9,49,4
10,19,18651028,0,9,49,6
10,13,18651003,0,9,49,4
11,5,18651107,0,9,49,2
2,19,18650209,0,9,49,6
11,19,18651121,0,9,49,6
11,26,18651109,0,9,49,12
4,16,18650422,0,9,49,4
2,27,18650201,0,9,49,12
3,23,18650314,0,9,49,10
11,27,18651107,0,10,49,12
2,26,18650222,0,10,49,12
11,6,18651129,0,10,49,3
11,20,18651108,0,10,49,7
11,6,18651102,0,10,49,3
11,6,18651115,0,10,49,3
11,5,18651106,0,10,49,2
11,6,18651104,0,10,49,3
12,27,18651224,0,10,49,12
11,20,18651101,0,10,49,7
11,21,18651128,0,10,49,8
2,23,18650219,0,10,49,10
1,27,18650104,0,10,49,12
12,24,18651207,0,10,49,10
10,5,18651029,0,10,49,2
11,6,18651119,0,10,49,3
5,27,18650509,0,10,49,12
3,23,18650312,0,10,49,10
4,21,18650404,0,10,49,8
12,24,18651202,0,10,49,10
12,27,18651227,0,10,49,12
11,27,18651102,0,10,49,12
2,24,18650226,0,10,49,10
2,26,18650224,0,10,49,12
11,6,18651105,0,10,49,3
11,24,18651125,0,10,50,10
9,25,18650924,0,10,50,11
1,27,18650108,0,10,50,12
2,23,18650226,0,10,50,10
11,24,18651126,0,10,50,10
4,22,18650429,0,10,50,9
9,25,18650923,0,10,50,11
12,23,18651207,0,10,50,10
4,5,18650403,0,10,50,2
2,23,18650220,0,10,50,10
6,3,18650605,0,10,50,1
11,6,18651111,0,10,50,3
1,21,18650127,0,10,50,8
11,20,18651109,0,10,50,7
11,27,18651114,0,10,50,12
11,27,18651111,0,10,50,12
2,27,18650206,0,10,50,12
6,3,18650628,0,10,50,1
11,20,18651129,0,10,50,7
3,26,18650301,0,10,50,12
12,19,18651214,0,10,50,6
11,20,18651103,0,10,50,7
12,19,18651221,0,10,50,6
12,19,18651201,0,10,50,6
12,26,18651230,0,10,50,12
11,19,18651119,0,10,50,6
11,27,18651125,0,10,50,12
12,27,18651228,0,10,50,12
10,26,18651031,0,10,50,12
11,23,18651119,0,10,50,10
4,26,18650418,0,10,50,12
10,24,18651028,0,10,50,10
11,19,18651126,0,10,50,6
11,19,18651118,0,10,50,6
10,23,18651028,0,10,50,10
4,16,18650430,0,10,50,4
11,23,18651130,0,10,50,10
9,25,18650921,0,10,50,11
10,28,18651031,0,10,50,13
5,26,18650511,0,10,50,12
3,19,18650312,0,10,50,6
11,22,18651128,0,10,50,9
12,19,18651228,0,10,50,6
5,3,18650523,0,10,50,1
11,26,18651121,0,10,50,12
4,16,18650402,0,10,50,4
12,19,18651216,0,10,50,6
11,22,18651118,0,10,50,9
11,28,18651112,0,10,50,13
4,25,18650427,0,10,50,11
11,28,18651111,0,10,50,13
12,19,18651203,0,10,50,6
2,19,18650221,0,10,50,6
2,19,18650201,0,10,50,6
10,16,18651031,0,10,50,4
2,19,18650204,0,10,50,6
8,25,18650802,0,10,50,11
3,19,18650328,0,10,50,6
11,19,18651129,0,10,50,6
11,28,18651122,0,10,50,13
11,6,18651127,0,10,50,3
10,19,18651027,0,10,50,6
11,24,18651124,0,10,50,10
1,19,18650107,0,10,50,6
3,19,18650306,0,10,50,6
11,19,18651125,0,10,50,6
12,19,18651225,0,10,50,6
11,26,18651106,0,10,50,12
2,19,18650210,0,10,50,6
6,3,18650629,0,10,50,1
12,19,18651202,0,10,50,6
10,26,18651019,0,10,50,12
11,16,18651101,0,10,50,4
3,24,18650314,0,10,50,10
11,26,18651102,0,10,50,12
10,27,18651020,0,10,50,12
11,21,18651127,0,10,50,8
3,23,18650304,0,10,50,10
2,27,18650227,0,10,50,12
12,19,18651219,0,10,50,6
11,19,18651114,0,10,50,6
3,19,18650314,0,10,50,6
12,27,18651203,0,10,50,12
12,19,18651205,0,10,50,6
11,16,18651103,0,10,50,4
11,28,18651108,0,10,50,13
11,26,18651112,0,10,50,12
10,16,18651016,0,10,50,4
10,16,18651015,0,10,50,4
11,19,18651122,0,10,50,6
12,26,18651209,0,10,50,12
6,4,18650604,0,10,50,1
2,19,18650215,0,10,50,6
3,19,18650322,0,10,50,6
3,19,18650316,0,10,50,6
2,19,18650224,0,10,50,6
11,6,18651112,0,10,50,3
10,27,18651029,0,10,50,12
8,25,18650820,0,10,50,11
12,6,18651203,0,10,50,3
7,25,18650711,0,10,50,11
11,27,18651108,0,10,50,12
5,27,18650510,0,10,50,12
2,26,18650228,0,10,50,12
3,24,18650309,0,10,50,10
2,24,18650227,0,10,50,10
11,24,18651130,0,10,50,10
11,24,18651129,0,10,50,10
2,26,18650223,0,10,50,12
11,5,18651105,0,10,51,2
11,22,18651127,0,10,51,9
8,25,18650822,0,10,51,11
10,22,18651028,0,10,51,9
11,23,18651124,0,10,51,10
4,21,18650406,0,10,51,8
1,26,18650109,0,10,51,12
11,23,18651125,0,10,51,10
12,23,18651204,0,10,51,10
1,5,18650106,0,10,51,2
6,25,18650622,0,10,51,11
12,24,18651204,0,10,51,10
11,23,18651112,0,10,51,10
11,6,18651101,0,10,51,3
11,6,18651116,0,10,51,3
11,21,18651122,0,10,51,8
6,25,18650620,0,10,51,11
4,6,18650402,0,10,51,3
11,24,18651113,0,10,51,10
11,20,18651104,0,10,51,7
1,27,18650109,0,10,51,12
10,27,18651019,0,10,51,12
1,26,18650110,0,10,51,12
11,6,18651118,0,10,51,3
3,23,18650313,0,10,51,10
2,19,18650211,0,11,51,6
11,19,18651117,0,11,51,6
12,19,18651204,0,11,51,6
3,19,18650324,0,11,51,6
10,26,18651021,0,11,51,12
3,23,18650311,0,11,51,10
10,26,18651030,0,11,51,12
6,2,18650629,0,11,51,1
11,27,18651101,0,11,51,12
2,24,18650228,0,11,51,10
12,13,18651212,0,11,51,4
10,27,18651017,0,11,51,12
10,26,18651017,0,11,51,12
2,19,18650222,0,11,51,6
11,26,18651103,0,11,51,12
3,13,18650317,0,11,51,4
12,6,18651204,0,11,51,3
11,5,18651101,0,11,51,2
12,27,18651204,0,11,51,12
3,13,18650316,0,11,51,4
6,2,18650628,0,11,51,1
12,19,18651217,0,11,51,6
12,19,18651227,0,11,51,6
11,22,18651102,0,11,51,9
10,26,18651018,0,11,51,12
12,27,18651225,0,11,51,12
4,22,18650406,0,11,51,9
3,19,18650315,0,11,51,6
3,13,18650328,0,11,51,4
11,26,18651117,0,11,51,12
12,19,18651211,0,11,51,6
11,26,18651120,0,11,51,12
2,19,18650205,0,11,51,6
3,19,18650307,0,11,51,6
9,25,18650926,0,11,51,11
11,22,18651126,0,11,51,9
10,16,18651012,0,11,51,4
12,19,18651206,0,11,51,6
12,19,18651213,0,11,51,6
11,19,18651116,0,11,51,6
11,26,18651111,0,11,51,12
12,23,18651203,0,11,51,10
11,26,18651110,0,11,51,12
10,26,18651020,0,11,51,12
10,26,18651022,0,11,51,12
10,26,18651029,0,11,51,12
3,16,18650321,0,11,51,4
2,19,18650227,0,11,51,6
11,26,18651113,0,11,51,12
4,16,18650428,0,11,51,4
4,16,18650403,0,11,51,4
2,23,18650227,0,11,51,10
12,23,18651208,0,11,51,10
12,26,18651207,0,11,51,12
10,19,18651029,0,11,51,6
12,27,18651220,0,11,51,12
2,19,18650202,0,11,51,6
12,19,18651207,0,11,51,6
9,25,18650922,0,11,51,11
5,13,18650502,0,11,51,4
4,13,18650417,0,11,51,4
12,24,18651205,0,11,51,10
11,6,18651126,0,11,51,3
10,20,18651023,0,11,51,7
3,26,18650329,0,11,51,12
5,25,18650507,0,11,51,11
3,24,18650315,0,11,51,10
7,25,18650728,0,11,51,11
9,25,18650909,0,11,51,11
2,27,18650222,0,11,51,12
7,25,18650721,0,11,51,11
10,22,18651026,0,11,51,9
11,24,18651128,0,11,51,10
8,25,18650821,0,11,52,11
4,21,18650430,0,11,52,8
10,21,18651026,0,11,52,8
7,3,18650725,0,11,52,1
12,23,18651205,0,11,52,10
9,25,18650912,0,11,52,11
4,23,18650402,0,11,52,10
10,20,18651026,0,11,52,7
11,6,18651128,0,11,52,3
11,5,18651108,0,11,52,2
11,6,18651117,0,11,52,3
3,24,18650304,0,11,52,10
11,23,18651123,0,11,52,10
12,0,18651215,0,11,52,0
11,27,18651113,0,11,52,12
12,0,18651227,0,11,52,0
7,25,18650729,0,11,52,11
12,0,18651229,0,11,52,0
10,5,18651006,0,11,52,2
12,0,18651228,0,11,52,0
2,19,18650225,0,11,52,6
7,4,18650725,0,11,52,1
5,26,18650509,0,11,52,12
12,19,18651223,0,11,52,6
6,4,18650605,0,11,52,1
10,20,18651015,0,11,52,7
11,28,18651119,0,11,52,13
12,19,18651226,0,11,52,6
12,19,18651209,0,11,52,6
4,16,18650429,0,11,52,4
4,19,18650403,0,11,52,6
3,19,18650305,0,11,52,6
4,13,18650403,0,11,52,4
8,3,18650802,0,11,52,1
4,13,18650401,0,11,52,4
11,19,18651113,0,11,52,6
11,13,18651113,0,11,52,4
4,16,18650424,0,11,52,4
9,3,18650907,0,11,52,1
10,19,18651026,0,11,52,6
10,26,18651026,0,11,52,12
11,26,18651119,0,11,52,12
11,19,18651109,0,11,52,6
4,26,18650417,0,11,52,12
11,5,18651109,0,11,52,2
4,27,18650418,0,11,52,12
10,19,18651030,0,11,52,6
11,19,18651104,0,11,52,6
4,13,18650407,0,11,52,4
5,3,18650530,0,11,52,1
11,19,18651106,0,11,52,6
11,5,18651127,0,11,52,2
12,19,18651222,0,11,52,6
12,27,18651229,0,11,52,12
12,27,18651219,0,11,52,12
12,16,18651212,0,11,52,4
12,19,18651212,0,11,52,6
10,20,18651010,0,11,52,7
6,2,18650630,0,11,52,1
3,13,18650322,0,11,52,4
11,16,18651102,0,11,52,4
11,21,18651102,0,11,52,8
7,3,18650703,0,11,52,1
11,26,18651122,0,11,52,12
3,19,18650329,0,11,52,6
5,26,18650504,0,11,52,12
9,25,18650905,0,11,52,11
12,24,18651203,0,11,52,10
12,27,18651230,0,11,52,12
6,20,18650618,0,11,52,7
10,24,18651027,0,11,52,10
4,20,18650429,0,11,52,7
4,6,18650403,0,11,52,3
11,5,18651129,0,11,52,2
9,25,18650914,0,11,52,11
8,25,18650809,0,11,52,11
2,26,18650226,0,11,52,12
7,25,18650704,0,11,52,11
11,23,18651113,0,11,52,10
7,25,18650723,0,11,52,11
9,25,18650906,0,11,52,11
3,27,18650330,0,11,52,12
10,5,18651005,0,11,52,2
12,23,18651206,0,11,52,10
6,25,18650610,0,11,53,11
3,24,18650318,0,11,53,10
10,24,18651031,0,11,53,10
10,5,18651015,0,11,53,2
5,22,18650501,0,11,53,9
10,5,18651031,0,11,53,2
11,24,18651101,0,11,53,10
9,25,18650920,0,11,53,11
9,25,18650913,0,11,53,11
6,25,18650609,0,11,53,11
10,22,18651015,0,11,53,9
3,24,18650316,0,11,53,10
11,24,18651112,0,12,53,10
3,24,18650310,0,12,53,10
11,23,18651110,0,12,53,10
12,23,18651202,0,12,53,10
7,25,18650727,0,12,53,11
6,3,18650606,0,12,53,1
12,0,18651219,0,12,53,0
2,0,18650222,0,12,53,0
12,0,18651222,0,12,53,0
8,25,18650825,0,12,53,11
3,0,18650308,0,12,53,0
1,0,18650106,0,12,53,0
4,20,18650430,0,12,53,7
11,24,18651108,0,12,53,10
10,21,18651024,0,12,53,8
10,23,18651005,0,12,53,10
11,23,18651111,0,12,53,10
6,25,18650628,0,12,53,11
6,20,18650612,0,12,53,7
2,23,18650228,0,12,53,10
10,27,18651022,0,12,53,12
12,27,18651206,0,12,53,12
3,16,18650329,0,12,53,4
3,19,18650302,0,12,53,6
11,19,18651105,0,12,53,6
4,19,18650404,0,12,53,6
12,19,18651210,0,12,53,6
12,26,18651222,0,12,53,12
10,20,18651014,0,12,53,7
4,20,18650406,0,12,53,7
3,19,18650330,0,12,53,6
4,19,18650402,0,12,53,6
4,26,18650402,0,12,53,12
6,3,18650608,0,12,53,1
3,27,18650331,0,12,53,12
2,19,18650203,0,12,53,6
6,3,18650601,0,12,53,1
8,4,18650822,0,12,53,1
10,16,18651022,0,12,53,4
4,26,18650429,0,12,53,12
8,3,18650801,0,12,53,1
2,19,18650228,0,12,53,6
11,19,18651115,0,12,53,6
12,26,18651221,0,12,53,12
3,19,18650310,0,12,53,6
7,3,18650709,0,12,53,1
7,4,18650709,0,12,53,1
9,4,18650924,0,12,53,1
5,16,18650506,0,12,53,4
11,24,18651127,0,12,53,10
11,27,18651117,0,12,53,12
5,16,18650502,0,12,53,4
5,16,18650514,0,12,53,4
10,16,18651017,0,12,53,4
11,27,18651119,0,12,53,12
11,6,18651121,0,12,53,3
11,19,18651102,0,12,53,6
10,27,18651013,0,12,53,12
8,3,18650817,0,12,53,1
4,26,18650413,0,12,53,12
11,19,18651110,0,12,53,6
10,19,18651031,0,12,53,6
10,26,18651024,0,12,53,12
10,13,18651018,0,12,53,4
5,16,18650512,0,12,53,4
11,6,18651120,0,12,53,3
6,25,18650621,0,12,53,11
12,28,18651213,0,12,53,13
12,19,18651208,0,12,53,6
10,16,18651005,0,12,53,4
5,3,18650524,0,12,53,1
12,27,18651205,0,12,53,12
5,25,18650528,0,12,53,11
3,24,18650312,0,12,53,10
5,5,18650501,0,12,53,2
5,20,18650501,0,12,53,7
6,25,18650629,0,12,53,11
10,22,18651024,0,12,53,9
4,24,18650402,0,12,53,10
8,25,18650813,0,12,53,11
9,25,18650918,0,12,53,11
3,24,18650317,0,12,53,10
11,20,18651123,0,12,53,7
11,21,18651118,0,12,53,8
10,20,18651030,0,12,53,7
10,21,18651015,0,12,53,8
9,25,18650911,0,12,53,11
9,25,18650910,0,12,53,11
1,0,18650105,0,12,54,0
12,0,18651226,0,12,54,0
10,22,18651025,0,12,54,9
12,0,18651218,0,12,54,0
12,0,18651221,0,12,54,0
7,3,18650720,0,12,54,1
2,0,18650211,0,12,54,0
12,0,18651216,0,12,54,0
1,0,18650109,0,12,54,0
9,25,18650917,0,12,54,11
12,24,18651206,0,12,54,10
11,5,18651102,0,12,54,2
8,25,18650823,0,12,54,11
10,21,18651028,0,12,54,8
7,3,18650731,0,12,54,1
3,23,18650317,0,12,54,10
6,3,18650630,0,12,54,1
4,5,18650406,0,12,54,2
11,19,18651108,0,12,54,6
12,13,18651204,0,12,54,4
4,26,18650401,0,12,54,12
3,26,18650331,0,12,54,12
5,26,18650528,0,12,54,12
11,27,18651124,0,12,54,12
3,19,18650331,0,12,54,6
10,19,18651025,0,12,54,6
8,3,18650803,0,12,54,1
10,26,18651028,0,12,54,12
12,26,18651219,0,12,54,12
3,26,18650330,0,12,54,12
12,28,18651203,0,12,54,13
4,16,18650425,0,12,54,4
8,4,18650802,0,12,54,1
3,13,18650329,0,12,54,4
4,26,18650428,0,12,54,12
11,27,18651121,0,12,54,12
4,27,18650401,0,12,54,12
9,4,18650907,0,12,54,1
7,4,18650719,0,12,54,1
6,4,18650628,0,12,54,1
4,19,18650405,0,12,54,6
4,20,18650407,0,12,54,7
11,24,18651102,0,12,54,10
11,19,18651111,0,12,54,6
4,13,18650404,0,12,54,4
3,19,18650301,0,12,54,6
4,26,18650403,0,12,54,12
11,27,18651120,0,12,54,12
11,27,18651123,0,12,54,12
4,13,18650412,0,12,54,4
12,16,18651204,0,12,54,4
11,19,18651101,0,12,54,6
5,13,18650524,0,12,54,4
5,3,18650528,0,12,54,1
10,28,18651029,0,12,54,13
4,19,18650418,0,12,54,6
8,4,18650827,0,12,54,1
3,24,18650313,0,12,54,10
12,26,18651223,0,12,54,12
5,13,18650506,0,12,54,4
11,13,18651115,0,12,54,4
5,26,18650508,0,12,54,12
5,26,18650510,0,12,54,12
3,19,18650311,0,12,54,6
11,28,18651106,0,12,54,13
11,28,18651107,0,12,54,13
2,19,18650226,0,12,54,6
11,26,18651115,0,12,54,12
5,13,18650513,0,12,54,4
5,16,18650518,0,12,54,4
5,13,18650512,0,12,54,4
10,16,18651003,0,12,54,4
7,3,18650714,0,12,54,1
3,19,18650308,0,12,54,6
7,4,18650730,0,12,54,1
5,2,18650518,0,12,54,1
7,3,18650723,0,12,54,1
10,20,18651009,0,12,54,7
10,5,18651014,0,12,54,2
10,22,18651014,0,12,54,9
6,3,18650604,0,12,54,1
6,25,18650601,0,12,54,11
4,24,18650403,0,12,54,10
8,25,18650824,0,12,54,11
4,20,18650405,0,12,54,7
10,21,18651020,0,12,54,8
10,21,18651025,0,12,54,8
4,27,18650428,0,12,54,12
10,5,18651027,0,12,54,2
11,23,18651102,0,12,54,10
11,24,18651103,0,12,54,10
4,21,18650411,0,12,54,8
2,0,18650213,0,12,54,0
3,0,18650316,0,12,54,0
10,21,18651014,0,12,54,8
3,0,18650310,0,12,54,0
8,25,18650826,0,12,54,11
10,20,18651025,0,12,54,7
12,0,18651220,0,12,54,0
12,0,18651223,0,12,54,0
3,5,18650327,0,12,54,2
1,0,18650110,0,12,54,0
10,6,18651031,0,13,55,3
6,3,18650607,0,13,55,1
4,22,18650428,0,13,55,9
10,24,18651018,0,13,55,10
3,24,18650303,0,13,55,10
10,6,18651025,0,13,55,3
4,21,18650429,0,13,55,8
11,27,18651122,0,13,55,12
11,6,18651122,0,13,55,3
10,5,18651026,0,13,55,2
6,3,18650609,0,13,55,1
11,27,18651115,0,13,55,12
9,3,18650912,0,13,55,1
8,3,18650814,0,13,55,1
6,3,18650610,0,13,55,1
5,25,18650527,0,13,55,11
9,3,18650908,0,13,55,1
4,20,18650411,0,13,55,7
4,6,18650429,0,13,55,3
7,3,18650716,0,13,55,1
5,3,18650531,0,13,55,1
6,1,18650624,0,13,55,1
7,1,18650711,0,13,55,1
7,3,18650715,0,13,55,1
8,4,18650803,0,13,55,1
9,4,18650912,0,13,55,1
7,4,18650708,0,13,55,1
11,16,18651116,0,13,55,4
5,4,18650515,0,13,55,1
3,19,18650303,0,13,55,6
7,4,18650729,0,13,55,1
6,4,18650629,0,13,55,1
3,16,18650331,0,13,55,4
11,26,18651118,0,13,55,12
5,4,18650513,0,13,55,1
11,26,18651116,0,13,55,12
10,16,18651019,0,13,55,4
8,4,18650801,0,13,55,1
11,5,18651104,0,13,55,2
6,4,18650606,0,13,55,1
11,19,18651103,0,13,55,6
8,25,18650812,0,13,55,11
10,20,18651027,0,13,55,7
10,26,18651025,0,13,55,12
7,4,18650731,0,13,55,1
7,4,18650724,0,13,55,1
8,3,18650804,0,13,55,1
6,4,18650630,0,13,55,1
6,2,18650606,0,13,55,1
4,19,18650401,0,13,55,6
11,28,18651105,0,13,55,13
3,13,18650330,0,13,55,4
3,19,18650309,0,13,55,6
12,19,18651224,0,13,55,6
7,4,18650713,0,13,55,1
10,16,18651002,0,13,55,4
6,4,18650625,0,13,55,1
10,13,18651014,0,13,55,4
10,6,18651020,0,13,55,3
10,16,18651008,0,13,55,4
5,4,18650531,0,13,55,1
9,4,18650913,0,13,55,1
10,16,18651014,0,13,55,4
11,16,18651114,0,13,55,4
11,28,18651124,0,13,55,13
12,26,18651205,0,13,55,12
10,27,18651026,0,13,55,12
11,22,18651123,0,13,55,9
4,13,18650424,0,13,55,4
12,26,18651220,0,13,55,12
11,19,18651112,0,13,55,6
6,4,18650626,0,13,55,1
5,2,18650531,0,13,55,1
12,26,18651206,0,13,55,12
6,2,18650627,0,13,55,1
5,4,18650514,0,13,55,1
7,1,18650712,0,13,55,1
5,3,18650516,0,13,55,1
5,25,18650530,0,13,55,11
5,3,18650514,0,13,55,1
9,3,18650928,0,13,55,1
4,27,18650414,0,13,55,12
6,3,18650614,0,13,55,1
11,27,18651118,0,13,55,12
10,5,18651023,0,13,55,2
4,22,18650416,0,13,55,9
10,6,18651024,0,13,55,3
10,20,18651024,0,13,55,7
6,3,18650625,0,13,55,1
6,3,18650611,0,13,55,1
7,1,18650716,0,13,55,1
10,20,18651006,0,13,55,7
10,22,18651020,0,13,55,9
2,0,18650224,0,13,55,0
1,0,18650111,0,13,55,0
1,0,18650107,0,13,55,0
10,6,18651023,0,13,55,3
2,0,18650223,0,13,55,0
10,1,18651002,0,13,55,1
7,25,18650703,0,13,55,11
10,20,18651021,0,13,55,7
1,0,18650124,0,13,55,0
2,0,18650221,0,13,55,0
5,3,18650515,0,13,55,1
1,0,18650125,0,13,55,0
1,0,18650103,0,13,55,0
10,27,18651024,0,13,55,12
6,3,18650613,0,13,56,1
10,3,18651001,0,13,56,1
9,25,18650907,0,13,56,11
6,22,18650613,0,13,56,9
7,3,18650702,0,13,56,1
10,6,18651026,0,13,56,3
4,22,18650427,0,13,56,9
7,1,18650727,0,13,56,1
11,22,18651125,0,13,56,9
7,3,18650726,0,13,56,1
10,6,18651027,0,13,56,3
10,20,18651028,0,13,56,7
7,1,18650721,0,13,56,1
11,6,18651124,0,13,56,3
4,6,18650404,0,13,56,3
10,20,18651017,0,13,56,7
7,1,18650731,0,13,56,1
8,1,18650803,0,13,56,1
10,6,18651022,0,13,56,3
11,6,18651123,0,13,56,3
9,25,18650916,0,13,56,11
9,25,18650904,0,13,56,11
7,1,18650722,0,13,56,1
5,26,18650514,0,13,56,12
9,4,18650930,0,13,56,1
12,28,18651204,0,13,56,13
5,26,18650513,0,13,56,12
7,25,18650731,0,13,56,11
4,16,18650412,0,13,56,4
7,4,18650710,0,13,56,1
6,4,18650627,0,13,56,1
10,28,18651015,0,13,56,13
11,24,18651106,0,13,56,10
7,4,18650727,0,13,56,1
10,28,18651022,0,13,56,13
5,3,18650513,0,13,56,1
11,13,18651114,0,13,56,4
12,28,18651212,0,13,56,13
4,19,18650406,0,13,56,6
7,4,18650707,0,13,56,1
10,26,18651023,0,13,56,12
12,26,18651224,0,13,56,12
5,26,18650515,0,13,56,12
8,3,18650815,0,13,56,1
4,26,18650414,0,13,56,12
7,4,18650715,0,13,56,1
4,16,18650405,0,13,56,4
4,27,18650429,0,13,56,12
5,2,18650505,0,13,56,1
6,1,18650614,0,13,56,1
10,6,18651021,0,13,56,3
5,3,18650522,0,13,56,1
9,4,18650908,0,13,56,1
9,3,18650904,0,13,56,1
3,13,18650331,0,13,56,4
6,2,18650605,0,13,56,1
10,19,18651023,0,13,56,6
11,28,18651110,0,13,56,13
4,13,18650427,0,13,56,4
7,4,18650720,0,13,56,1
9,4,18650928,0,13,56,1
5,19,18650511,0,13,56,6
3,16,18650330,0,13,56,4
5,2,18650530,0,13,56,1
4,22,18650407,0,13,56,9
7,4,18650702,0,13,56,1
11,19,18651107,0,13,56,6
7,4,18650712,0,13,56,1
5,16,18650503,0,13,56,4
10,5,18651010,0,13,56,2
8,4,18650823,0,13,56,1
7,4,18650716,0,13,56,1
7,4,18650701,0,13,56,1
7,4,18650711,0,13,56,1
5,4,18650530,0,13,56,1
11,28,18651104,0,13,56,13
10,22,18651021,0,13,56,9
4,27,18650413,0,13,56,12
11,23,18651103,0,13,56,10
4,27,18650404,0,13,56,12
11,24,18651104,0,13,56,10
3,23,18650302,0,13,56,10
6,1,18650616,0,13,56,1
11,21,18651101,0,13,56,8
11,27,18651116,0,13,56,12
10,22,18651030,0,13,56,9
9,25,18650919,0,13,56,11
10,6,18651029,0,13,56,3
7,25,18650719,0,13,56,11
7,25,18650705,0,13,56,11
10,22,18651016,0,13,56,9
10,22,18651006,0,13,56,9
10,24,18651009,0,13,56,10
10,21,18651021,0,13,56,8
2,0,18650228,0,14,56,0
5,25,18650529,0,14,56,11
11,22,18651101,0,14,56,9
1,0,18650120,0,14,56,0
10,20,18651016,0,14,56,7
10,22,18651027,0,14,56,9
11,24,18651107,0,14,56,10
4,5,18650404,0,14,56,2
7,1,18650714,0,14,56,1
4,0,18650406,0,14,56,0
1,0,18650121,0,14,56,0
4,5,18650407,0,14,56,2
11,24,18651105,0,14,56,10
1,0,18650112,0,14,56,0
4,23,18650403,0,14,56,10
5,21,18650501,0,14,56,8
10,5,18651030,0,14,56,2
10,5,18651020,0,14,56,2
10,20,18651020,0,14,56,7
2,0,18650214,0,14,56,0
6,3,18650626,0,14,56,1
10,22,18651009,0,14,56,9
5,25,18650531,0,14,56,11
7,1,18650723,0,14,56,1
7,25,18650720,0,14,56,11
11,6,18651125,0,14,56,3
9,3,18650905,0,14,56,1
11,21,18651123,0,14,56,8
6,21,18650612,0,14,56,8
10,27,18651012,0,14,56,12
11,23,18651109,0,14,56,10
10,24,18651022,0,14,57,10
5,3,18650529,0,14,57,1
5,3,18650519,0,14,57,1
5,3,18650518,0,14,57,1
8,1,18650806,0,14,57,1
8,3,18650816,0,14,57,1
7,25,18650718,0,14,57,11
4,6,18650405,0,14,57,3
5,3,18650517,0,14,57,1
4,22,18650411,0,14,57,9
10,20,18651022,0,14,57,7
10,5,18651016,0,14,57,2
8,1,18650805,0,14,57,1
10,20,18651005,0,14,57,7
10,27,18651014,0,14,57,12
7,3,18650701,0,14,57,1
6,3,18650612,0,14,57,1
10,5,18651009,0,14,57,2
10,27,18651015,0,14,57,12
10,4,18651017,0,14,57,1
10,3,18651011,0,14,57,1
10,26,18651015,0,14,57,12
10,22,18651022,0,14,57,9
4,16,18650427,0,14,57,4
10,19,18651024,0,14,57,6
11,13,18651117,0,14,57,4
4,26,18650406,0,14,57,12
6,2,18650602,0,14,57,1
9,3,18650917,0,14,57,1
6,4,18650602,0,14,57,1
10,26,18651016,0,14,57,12
3,13,18650321,0,14,57,4
8,25,18650829,0,14,57,11
8,4,18650817,0,14,57,1
9,4,18650929,0,14,57,1
4,19,18650407,0,14,57,6
10,13,18651006,0,14,57,4
6,4,18650601,0,14,57,1
5,13,18650503,0,14,57,4
7,3,18650719,0,14,57,1
11,16,18651113,0,14,57,4
8,4,18650816,0,14,57,1
10,4,18651015,0,14,57,1
9,4,18650904,0,14,57,1
7,3,18650729,0,14,57,1
7,3,18650724,0,14,57,1
4,16,18650421,0,14,57,4
10,26,18651012,0,14,57,12
7,1,18650705,0,14,57,1
10,26,18651013,0,14,57,12
10,26,18651011,0,14,57,12
7,4,18650714,0,14,57,1
3,13,18650320,0,14,57,4
8,4,18650815,0,14,57,1
8,4,18650814,0,14,57,1
7,4,18650721,0,14,57,1
10,3,18651012,0,14,57,1
4,16,18650404,0,14,57,4
5,3,18650521,0,14,57,1
5,16,18650507,0,14,57,4
10,19,18651022,0,14,57,6
5,13,18650510,0,14,57,4
6,1,18650623,0,14,57,1
4,26,18650419,0,14,57,12
5,13,18650523,0,14,57,4
10,26,18651014,0,14,57,12
7,4,18650705,0,14,57,1
6,4,18650603,0,14,57,1
4,16,18650415,0,14,57,4
4,27,18650403,0,14,57,12
6,2,18650608,0,14,57,1
6,1,18650615,0,14,57,1
7,4,18650723,0,14,57,1
10,4,18651001,0,14,57,1
8,3,18650824,0,14,57,1
5,26,18650505,0,14,57,12
11,24,18651109,0,14,57,10
12,0,18651213,0,14,57,0
3,0,18650317,0,14,57,0
2,0,18650215,0,14,57,0
10,21,18651009,0,14,57,8
10,6,18651016,0,14,57,3
10,6,18651030,0,14,57,3
10,21,18651005,0,14,57,8
1,0,18650130,0,14,57,0
2,0,18650227,0,14,57,0
4,0,18650407,0,14,57,0
10,21,18651022,0,14,57,8
4,0,18650408,0,14,57,0
10,22,18651031,0,14,57,9
1,0,18650104,0,14,57,0
2,0,18650216,0,14,57,0
4,5,18650405,0,14,57,2
1,0,18650128,0,14,57,0
7,1,18650706,0,14,57,1
10,21,18651031,0,14,57,8
3,0,18650328,0,14,57,0
10,6,18651019,0,14,57,3
1,0,18650119,0,14,57,0
4,6,18650430,0,14,57,3
4,5,18650408,0,14,57,2
4,20,18650408,0,14,57,7
10,3,18651019,0,14,57,1
8,1,18650815,0,14,57,1
7,25,18650709,0,14,57,11
10,20,18651018,0,14,57,7
4,22,18650415,0,14,57,9
5,27,18650511,0,14,57,12
10,20,18651007,0,14,57,7
10,21,18651030,0,14,57,8
10,21,18651023,0,14,57,8
7,3,18650718,0,14,57,1
6,3,18650602,0,14,57,1
11,23,18651105,0,14,57,10
6,27,18650629,0,14,57,12
10,3,18651015,0,14,57,1
6,3,18650616,0,14,58,1
3,24,18650302,0,14,58,10
6,1,18650626,0,14,58,1
10,20,18651031,0,14,58,7
7,1,18650726,0,14,58,1
7,25,18650730,0,14,58,11
9,22,18650902,0,14,58,9
10,21,18651016,0,14,58,8
7,3,18650708,0,14,58,1
9,25,18650903,0,14,58,11
9,25,18650915,0,14,58,11
4,20,18650409,0,14,58,7
7,3,18650727,0,14,58,1
9,3,18650913,0,14,58,1
6,1,18650601,0,14,58,1
4,21,18650407,0,14,58,8
11,24,18651111,0,14,58,10
10,3,18651002,0,14,58,1
10,24,18651029,0,14,58,10
8,3,18650805,0,14,58,1
9,4,18650914,0,14,58,1
9,3,18650914,0,14,58,1
4,19,18650419,0,14,58,6
8,4,18650829,0,14,58,1
10,19,18651021,0,14,58,6
8,3,18650810,0,14,58,1
7,3,18650706,0,14,58,1
10,28,18651021,0,14,58,13
4,13,18650415,0,14,58,4
10,19,18651020,0,14,58,6
4,26,18650409,0,14,58,12
5,16,18650524,0,14,58,4
7,4,18650722,0,14,58,1
10,22,18651023,0,14,58,9
6,5,18650612,0,14,58,2
10,21,18651006,0,14,58,8
10,4,18651010,0,14,58,1
4,6,18650411,0,14,58,3
8,1,18650818,0,14,58,1
5,19,18650512,0,14,58,6
10,4,18651011,0,14,58,1
10,26,18651010,0,14,58,12
5,3,18650520,0,14,58,1
9,4,18650925,0,14,58,1
5,16,18650513,0,14,58,4
6,3,18650627,0,14,58,1
10,27,18651023,0,14,58,12
6,2,18650609,0,14,58,1
8,3,18650822,0,14,58,1
4,22,18650412,0,14,58,9
7,4,18650703,0,14,58,1
11,23,18651108,0,14,58,10
5,4,18650509,0,14,58,1
5,4,18650516,0,14,58,1
5,19,18650516,0,14,58,6
8,4,18650804,0,14,58,1
4,16,18650414,0,14,58,4
10,4,18651002,0,14,58,1
6,21,18650613,0,14,58,8
5,26,18650516,0,14,58,12
6,4,18650607,0,14,58,1
6,2,18650607,0,14,58,1
5,4,18650517,0,14,58,1
8,1,18650801,0,14,58,1
10,22,18651002,0,14,58,9
4,26,18650411,0,14,58,12
8,4,18650813,0,14,58,1
5,26,18650512,0,14,58,12
5,16,18650510,0,14,58,4
5,16,18650509,0,14,58,4
5,19,18650518,0,14,58,6
7,3,18650705,0,14,58,1
8,4,18650828,0,14,58,1
12,3,18651217,0,14,58,1
5,4,18650529,0,14,58,1
2,0,18650220,0,14,58,0
10,24,18651030,0,14,58,10
10,21,18651027,0,14,58,8
2,0,18650218,0,14,58,0
12,0,18651212,0,14,58,0
4,0,18650405,0,14,58,0
4,0,18650410,0,14,58,0
3,0,18650331,0,14,58,0
10,6,18651017,0,14,58,3
12,0,18651211,0,14,58,0
7,1,18650713,0,14,58,1
3,0,18650323,0,14,58,0
7,3,18650728,0,14,58,1
3,0,18650304,0,14,58,0
1,0,18650123,0,14,58,0
6,3,18650603,0,14,58,1
3,0,18650325,0,14,58,0
3,0,18650324,0,14,58,0
11,23,18651106,0,15,58,10
6,22,18650612,0,15,58,9
10,23,18651006,0,15,58,10
4,24,18650430,0,15,58,10
11,21,18651125,0,15,58,8
8,21,18650805,0,15,58,8
10,6,18651014,0,15,58,3
7,27,18650730,0,15,58,12
4,27,18650402,0,15,58,12
10,27,18651025,0,15,58,12
7,1,18650715,0,15,58,1
10,27,18651011,0,15,58,12
7,1,18650702,0,15,58,1
7,1,18650708,0,15,58,1
10,6,18651015,0,15,59,3
4,27,18650430,0,15,59,12
10,5,18651028,0,15,59,2
5,1,18650523,0,15,59,1
7,1,18650703,0,15,59,1
9,3,18650910,0,15,59,1
4,22,18650408,0,15,59,9
7,1,18650724,0,15,59,1
11,23,18651129,0,15,59,10
7,1,18650720,0,15,59,1
10,23,18651030,0,15,59,10
7,25,18650707,0,15,59,11
6,3,18650615,0,15,59,1
10,20,18651013,0,15,59,7
10,22,18651007,0,15,59,9
9,21,18650902,0,15,59,8
8,1,18650807,0,15,59,1
6,22,18650605,0,15,59,9
7,1,18650728,0,15,59,1
1,0,18650113,0,15,59,0
10,4,18651028,0,15,59,1
11,22,18651124,0,15,59,9
5,2,18650519,0,15,59,1
10,4,18651008,0,15,59,1
4,21,18650415,0,15,59,8
5,4,18650519,0,15,59,1
4,23,18650404,0,15,59,10
8,4,18650806,0,15,59,1
6,21,18650605,0,15,59,8
3,0,18650322,0,15,59,0
7,3,18650717,0,15,59,1
8,1,18650808,0,15,59,1
4,13,18650419,0,15,59,4
3,0,18650315,0,15,59,0
7,1,18650717,0,15,59,1
10,5,18651007,0,15,59,2
5,16,18650523,0,15,59,4
10,22,18651005,0,15,59,9
4,13,18650418,0,15,59,4
7,1,18650701,0,15,59,1
10,23,18651029,0,15,59,10
5,26,18650525,0,15,59,12
3,0,18650303,0,15,59,0
4,26,18650416,0,15,59,12
7,4,18650706,0,15,59,1
9,4,18650919,0,15,59,1
6,4,18650608,0,15,59,1
4,26,18650404,0,15,59,12
6,2,18650610,0,15,59,1
6,4,18650610,0,15,59,1
10,19,18651016,0,15,59,6
12,4,18651217,0,15,59,1
4,26,18650407,0,15,59,12
10,5,18651017,0,15,59,2
1,0,18650131,0,15,59,0
2,0,18650225,0,15,59,0
5,19,18650510,0,15,59,6
9,4,18650915,0,15,59,1
10,19,18651019,0,15,59,6
11,23,18651128,0,15,59,10
9,16,18650926,0,15,59,4
8,26,18650801,0,15,59,12
4,4,18650428,0,15,59,1
9,3,18650929,0,15,59,1
10,4,18651018,0,15,59,1
2,0,18650207,0,15,59,0
6,4,18650609,0,15,59,1
3,0,18650307,0,15,59,0
3,0,18650318,0,15,59,0
4,26,18650405,0,15,59,12
9,3,18650924,0,15,59,1
10,26,18651007,0,15,59,12
5,4,18650503,0,15,59,1
7,3,18650730,0,15,59,1
7,3,18650707,0,15,59,1
12,0,18651207,0,15,59,0
10,4,18651020,0,15,59,1
7,4,18650704,0,15,59,1
11,23,18651107,0,15,59,10
7,3,18650704,0,15,59,1
9,4,18650902,0,15,59,1
4,13,18650414,0,15,59,4
5,19,18650513,0,15,59,6
10,16,18651018,0,15,59,4
6,22,18650618,0,15,59,9
6,20,18650627,0,15,59,7
6,21,18650618,0,15,59,8
7,25,18650714,0,15,59,11
8,27,18650802,0,15,59,12
10,5,18651004,0,15,59,2
6,1,18650629,0,15,59,1
9,20,18650902,0,15,59,7
6,1,18650608,0,15,59,1
6,27,18650628,0,15,59,12
7,1,18650730,0,15,59,1
7,1,18650707,0,15,59,1
4,27,18650405,0,15,59,12
6,1,18650613,0,15,59,1
8,1,18650816,0,15,59,1
7,22,18650703,0,15,60,9
8,3,18650823,0,15,60,1
8,3,18650827,0,15,60,1
6,27,18650601,0,15,60,12
8,22,18650831,0,15,60,9
4,20,18650427,0,15,60,7
10,22,18651011,0,15,60,9
4,20,18650412,0,15,60,7
10,22,18651004,0,15,60,9
8,20,18650806,0,15,60,7
10,27,18651028,0,15,60,12
10,23,18651009,0,15,60,10
5,27,18650515,0,15,60,12
12,0,18651209,0,16,60,0
11,23,18651101,0,16,60,10
6,22,18650625,0,16,60,9
10,5,18651021,0,16,60,2
6,20,18650628,0,16,60,7
6,22,18650615,0,16,60,9
11,24,18651110,0,16,60,10
2,0,18650206,0,16,60,0
4,6,18650407,0,16,60,3
10,3,18651017,0,16,60,1
6,22,18650611,0,16,60,9
2,0,18650217,0,16,60,0
6,5,18650618,0,16,60,2
10,5,18651018,0,16,60,2
8,3,18650829,0,16,60,1
3,0,18650327,0,16,60,0
12,0,18651208,0,16,60,0
5,16,18650519,0,16,60,4
11,28,18651115,0,16,60,13
3,3,18650317,0,16,60,1
10,16,18651006,0,16,60,4
8,4,18650830,0,16,60,1
7,4,18650718,0,16,60,1
7,4,18650726,0,16,60,1
8,4,18650826,0,16,60,1
1,4,18650109,0,16,60,1
2,4,18650204,0,16,60,1
6,22,18650627,0,16,60,9
5,4,18650510,0,16,60,1
11,28,18651102,0,16,60,13
5,19,18650509,0,16,60,6
5,13,18650509,0,16,60,4
3,4,18650317,0,16,60,1
11,4,18651117,0,16,60,1
7,13,18650713,0,16,60,4
6,2,18650603,0,16,60,1
9,4,18650911,0,16,60,1
5,4,18650520,0,16,60,1
2,4,18650203,0,16,60,1
11,13,18651116,0,16,60,4
5,4,18650518,0,16,60,1
10,3,18651018,0,16,60,1
5,19,18650517,0,16,60,6
10,19,18651014,0,16,60,6
5,2,18650517,0,16,60,1
11,4,18651118,0,16,60,1
3,4,18650318,0,16,60,1
10,19,18651012,0,16,60,6
5,19,18650515,0,16,60,6
4,16,18650406,0,16,60,4
11,28,18651103,0,16,60,13
5,26,18650518,0,16,60,12
5,1,18650518,0,16,60,1
10,27,18651016,0,16,60,12
6,1,18650627,0,16,60,1
8,13,18650823,0,16,60,4
5,26,18650503,0,16,60,12
10,4,18651021,0,16,60,1
5,26,18650502,0,16,60,12
5,4,18650502,0,16,60,1
7,26,18650731,0,16,60,12
4,19,18650408,0,16,60,6
10,4,18651022,0,16,60,1
5,4,18650504,0,16,60,1
11,28,18651125,0,16,60,13
4,26,18650412,0,16,60,12
4,16,18650426,0,16,60,4
10,4,18651024,0,16,60,1
2,4,18650207,0,16,60,1
11,28,18651113,0,16,60,13
10,28,18651030,0,16,60,13
9,4,18650918,0,16,60,1
9,4,18650917,0,16,60,1
9,4,18650921,0,16,60,1
5,3,18650505,0,16,60,1
4,26,18650430,0,16,60,12
8,4,18650831,0,16,60,1
5,3,18650506,0,16,60,1
4,4,18650409,0,16,60,1
4,26,18650408,0,16,60,12
7,1,18650704,0,16,60,1
10,19,18651018,0,16,60,6
5,4,18650506,0,16,60,1
5,13,18650508,0,16,60,4
11,28,18651114,0,16,60,13
8,3,18650813,0,16,60,1
5,1,18650531,0,16,60,1
5,1,18650529,0,16,60,1
9,1,18650908,0,16,60,1
7,25,18650715,0,16,60,11
5,27,18650506,0,16,60,12
5,21,18650525,0,16,60,8
7,20,18650702,0,16,60,7
8,1,18650810,0,16,60,1
6,21,18650627,0,16,60,8
7,22,18650702,0,16,60,9
5,1,18650519,0,16,60,1
4,24,18650404,0,16,60,10
8,1,18650812,0,16,60,1
10,6,18651012,0,16,60,3
8,1,18650802,0,16,60,1
6,1,18650607,0,16,60,1
10,21,18651002,0,16,60,8
5,27,18650514,0,16,60,12
5,27,18650512,0,16,60,12
5,5,18650502,0,16,60,2
4,6,18650406,0,16,60,3
10,6,18651018,0,16,61,3
12,3,18651218,0,16,61,1
6,22,18650628,0,16,61,9
4,5,18650422,0,16,61,2
9,3,18650909,0,16,61,1
4,5,18650411,0,16,61,2
4,21,18650427,0,16,61,8
8,21,18650806,0,16,61,8
11,23,18651104,0,16,61,10
7,1,18650710,0,16,61,1
3,0,18650309,0,16,61,0
1,0,18650118,0,16,61,0
10,23,18651010,0,16,61,10
8,22,18650819,0,16,61,9
11,0,18651117,0,16,61,0
11,0,18651120,0,16,61,0
11,21,18651124,0,16,61,8
1,0,18650117,0,16,61,0
2,0,18650208,0,16,61,0
10,22,18651017,0,16,61,9
10,20,18651008,0,16,61,7
12,0,18651230,0,16,61,0
10,23,18651031,0,16,61,10
1,0,18650116,0,16,61,0
12,0,18651206,0,16,61,0
10,21,18651003,0,16,61,8
3,0,18650311,0,16,61,0
10,21,18651007,0,16,61,8
2,0,18650210,0,16,61,0
10,22,18651008,0,16,61,9
8,22,18650806,0,16,61,9
11,16,18651115,0,16,61,4
7,1,18650718,0,16,61,1
8,3,18650811,0,16,61,1
11,4,18651116,0,16,61,1
7,26,18650730,0,16,61,12
9,4,18650903,0,16,61,1
7,13,18650714,0,16,61,4
12,4,18651206,0,16,61,1
11,4,18651123,0,16,61,1
10,4,18651003,0,16,61,1
10,21,18651012,0,16,61,8
10,4,18651012,0,16,61,1
5,4,18650505,0,16,61,1
6,1,18650618,0,16,61,1
5,19,18650519,0,16,61,6
6,2,18650613,0,16,61,1
4,26,18650427,0,16,61,12
5,19,18650514,0,16,61,6
4,3,18650422,0,16,61,1
10,19,18651015,0,16,61,6
5,26,18650529,0,16,61,12
10,13,18651002,0,16,61,4
10,19,18651013,0,16,61,6
6,2,18650612,0,16,61,1
5,1,18650516,0,16,61,1
5,13,18650504,0,16,61,4
10,22,18651013,0,16,61,9
4,26,18650420,0,16,61,12
5,1,18650517,0,16,61,1
11,4,18651102,0,16,61,1
10,3,18651010,0,16,61,1
4,27,18650419,0,16,61,12
10,4,18651013,0,16,61,1
4,4,18650413,0,16,61,1
6,1,18650602,0,16,61,1
10,21,18651017,0,16,61,8
5,16,18650508,0,16,61,4
5,26,18650507,0,16,61,12
4,4,18650423,0,16,61,1
5,26,18650530,0,16,61,12
12,4,18651219,0,16,61,1
10,4,18651007,0,16,61,1
5,3,18650502,0,16,61,1
4,19,18650417,0,16,61,6
12,4,18651216,0,16,61,1
10,26,18651006,0,16,61,12
8,3,18650828,0,16,61,1
8,3,18650818,0,16,61,1
4,27,18650406,0,16,61,12
6,20,18650608,0,16,61,7
6,3,18650624,0,16,61,1
4,20,18650416,0,16,61,7
10,20,18651012,0,16,61,7
6,1,18650628,0,16,61,1
6,1,18650604,0,16,61,1
8,1,18650804,0,16,61,1
7,25,18650708,0,16,61,11
4,21,18650408,0,16,61,8
10,5,18651024,0,16,61,2
6,21,18650615,0,16,61,8
6,20,18650626,0,16,61,7
6,20,18650613,0,16,61,7
5,27,18650513,0,16,61,12
11,5,18651103,0,16,61,2
10,22,18651019,0,16,61,9
7,1,18650709,0,16,61,1
5,3,18650504,0,16,61,1
8,1,18650819,0,16,61,1
5,27,18650501,0,16,61,12
4,23,18650408,0,16,61,10
4,5,18650412,0,16,61,2
4,22,18650409,0,16,62,9
10,24,18651006,0,16,62,10
6,21,18650628,0,16,62,8
8,27,18650801,0,16,62,12
5,22,18650517,0,16,62,9
10,6,18651013,0,16,62,3
4,22,18650417,0,16,62,9
8,3,18650809,0,16,62,1
1,0,18650114,0,16,62,0
11,0,18651114,0,16,62,0
6,20,18650611,0,16,62,7
10,5,18651013,0,16,62,2
3,0,18650306,0,16,62,0
10,24,18651014,0,16,62,10
4,0,18650404,0,16,62,0
3,0,18650302,0,16,62,0
6,5,18650627,0,16,62,2
3,0,18650320,0,16,62,0
10,24,18651026,0,16,62,10
4,0,18650401,0,16,62,0
3,0,18650321,0,16,62,0
4,3,18650428,0,16,62,1
3,0,18650313,0,16,62,0
8,1,18650820,0,16,62,1
10,5,18651008,0,16,62,2
5,22,18650525,0,16,62,9
3,0,18650329,0,16,62,0
6,1,18650605,0,16,62,1
5,1,18650530,0,17,62,1
4,22,18650426,0,17,62,9
6,22,18650626,0,17,62,9
6,20,18650614,0,17,62,7
6,20,18650605,0,17,62,7
5,1,18650520,0,17,62,1
10,21,18651013,0,17,62,8
6,22,18650608,0,17,62,9
11,21,18651126,0,17,62,8
8,22,18650805,0,17,62,9
6,6,18650611,0,17,62,3
8,1,18650809,0,17,62,1
10,28,18651024,0,17,62,13
5,4,18650522,0,17,62,1
8,3,18650807,0,17,62,1
11,4,18651115,0,17,62,1
10,28,18651025,0,17,62,13
5,26,18650531,0,17,62,12
6,26,18650601,0,17,62,12
10,24,18651007,0,17,62,10
8,3,18650806,0,17,62,1
10,3,18651029,0,17,62,1
5,2,18650501,0,17,62,1
5,3,18650501,0,17,62,1
5,19,18650501,0,17,62,6
6,4,18650611,0,17,62,1
5,1,18650524,0,17,62,1
10,3,18651022,0,17,62,1
4,19,18650420,0,17,62,6
8,3,18650830,0,17,62,1
8,4,18650805,0,17,62,1
4,3,18650430,0,17,62,1
6,4,18650612,0,17,62,1
10,16,18651011,0,17,62,4
12,4,18651218,0,17,62,1
4,4,18650422,0,17,62,1
12,4,18651202,0,17,62,1
10,26,18651008,0,17,62,12
7,4,18650728,0,17,62,1
12,28,18651227,0,17,62,13
6,4,18650619,0,17,62,1
8,4,18650809,0,17,62,1
4,3,18650412,0,17,62,1
5,13,18650518,0,17,62,4
7,25,18650706,0,17,62,11
5,26,18650517,0,17,62,12
8,26,18650827,0,17,62,12
8,16,18650823,0,17,62,4
9,16,18650918,0,17,62,4
5,2,18650504,0,17,62,1
8,19,18650827,0,17,62,6
9,4,18650906,0,17,62,1
4,19,18650409,0,17,62,6
8,19,18650814,0,17,62,6
11,3,18651103,0,17,62,1
8,4,18650811,0,17,62,1
11,4,18651113,0,17,62,1
5,19,18650505,0,17,62,6
11,4,18651106,0,17,62,1
6,16,18650627,0,17,62,4
10,19,18651017,0,17,62,6
3,4,18650331,0,17,62,1
5,26,18650506,0,17,62,12
5,4,18650507,0,17,62,1
5,16,18650515,0,17,62,4
9,26,18650920,0,17,62,12
10,6,18651006,0,17,62,3
4,4,18650412,0,17,62,1
5,2,18650520,0,17,62,1
8,4,18650808,0,17,62,1
8,26,18650816,0,17,62,12
7,26,18650708,0,17,62,12
6,22,18650614,0,17,62,9
10,3,18651023,0,17,62,1
11,0,18651116,0,17,62,0
5,27,18650517,0,17,62,12
10,20,18651011,0,17,62,7
8,22,18650820,0,17,62,9
10,24,18651013,0,17,62,10
6,1,18650630,0,17,62,1
10,22,18651012,0,17,62,9
7,1,18650725,0,17,62,1
9,1,18650914,0,17,62,1
5,22,18650516,0,17,62,9
4,21,18650428,0,17,62,8
5,3,18650503,0,17,62,1
6,21,18650625,0,17,62,8
10,23,18651027,0,17,62,10
5,23,18650513,0,17,62,10
11,23,18651127,0,17,62,10
7,25,18650716,0,17,62,11
5,27,18650502,0,17,62,12
8,1,18650811,0,17,62,1
4,5,18650430,0,17,62,2
9,3,18650930,0,17,62,1
7,27,18650731,0,17,62,12
6,21,18650611,0,17,62,8
6,3,18650619,0,17,63,1
9,1,18650913,0,17,63,1
4,24,18650405,0,17,63,10
11,0,18651123,0,17,63,0
12,0,18651214,0,17,63,0
9,27,18650920,0,17,63,12
2,0,18650209,0,17,63,0
10,22,18651003,0,17,63,9
10,21,18651019,0,17,63,8
4,5,18650429,0,17,63,2
11,0,18651115,0,17,63,0
3,0,18650330,0,17,63,0
12,0,18651202,0,17,63,0
3,0,18650314,0,17,63,0
8,20,18650805,0,17,63,7
9,27,18650921,0,17,63,12
10,24,18651015,0,17,63,10
10,27,18651010,0,17,63,12
8,3,18650819,0,17,63,1
6,5,18650613,0,17,63,2
8,1,18650817,0,17,63,1
5,6,18650511,0,17,63,3
8,1,18650825,0,17,63,1
7,6,18650701,0,17,63,3
6,27,18650610,0,17,63,12
10,24,18651017,0,17,63,10
6,6,18650614,0,17,63,3
5,1,18650525,0,17,63,1
8,20,18650804,0,17,63,7
5,1,18650526,0,17,63,1
5,5,18650526,0,17,63,2
10,23,18651015,0,17,63,10
4,20,18650428,0,17,63,7
5,4,18650521,0,17,63,1
5,19,18650503,0,17,63,6
10,19,18651011,0,17,63,6
10,20,18651019,0,17,63,7
7,26,18650721,0,17,63,12
5,2,18650516,0,17,63,1
4,4,18650430,0,17,63,1
5,20,18650517,0,17,63,7
11,3,18651117,0,17,63,1
5,3,18650510,0,17,63,1
8,13,18650822,0,17,63,4
11,16,18651117,0,17,63,4
10,24,18651024,0,17,63,10
10,13,18651012,0,17,63,4
5,24,18650520,0,17,63,10
5,2,18650512,0,17,63,1
10,28,18651019,0,17,63,13
10,1,18651013,0,17,63,1
10,19,18651008,0,17,63,6
8,19,18650830,0,17,63,6
5,4,18650523,0,17,63,1
5,2,18650502,0,17,63,1
8,19,18650826,0,17,63,6
5,27,18650516,0,17,63,12
12,4,18651223,0,17,63,1
10,26,18651009,0,17,63,12
8,19,18650813,0,17,63,6
10,3,18651005,0,17,63,1
11,4,18651114,0,17,63,1
4,13,18650405,0,17,63,4
4,26,18650410,0,17,63,12
9,20,18650912,0,17,63,7
9,4,18650927,0,17,63,1
6,1,18650617,0,17,63,1
4,26,18650415,0,17,63,12
9,26,18650922,0,17,63,12
4,19,18650410,0,17,63,6
10,28,18651026,0,17,63,13
9,26,18650930,0,17,63,12
9,1,18650905,0,17,63,1
12,3,18651216,0,17,63,1
8,19,18650819,0,17,63,6
6,2,18650614,0,17,63,1
6,16,18650613,0,17,63,4
4,16,18650418,0,17,63,4
6,26,18650610,0,17,63,12
10,4,18651030,0,17,63,1
4,4,18650410,0,17,63,1
6,3,18650617,0,17,63,1
9,16,18650927,0,17,63,4
10,26,18651005,0,17,63,12
9,4,18650916,0,17,63,1
7,6,18650711,0,17,63,3
11,1,18651103,0,17,63,1
4,27,18650423,0,17,63,12
10,27,18651006,0,17,63,12
9,22,18650915,0,17,63,9
10,5,18651022,0,17,63,2
10,23,18651017,0,17,63,10
10,3,18651013,0,17,63,1
9,22,18650901,0,17,63,9
4,21,18650409,0,17,63,8
10,3,18651020,0,17,63,1
10,22,18651018,0,17,63,9
9,3,18650918,0,17,63,1
10,6,18651005,0,17,63,3
6,1,18650603,0,17,63,1
7,25,18650717,0,17,63,11
10,23,18651007,0,17,63,10
4,21,18650412,0,17,63,8
6,1,18650609,0,17,63,1
5,27,18650503,0,17,63,12
10,21,18651004,0,17,63,8
5,1,18650506,0,17,63,1
6,22,18650606,0,17,63,9
6,6,18650617,0,17,63,3
6,5,18650626,0,17,63,2
8,22,18650824,0,17,63,9
5,20,18650519,0,17,63,7
9,27,18650928,0,18,64,12
8,21,18650831,0,18,64,8
10,6,18651010,0,18,64,3
9,27,18650929,0,18,64,12
10,24,18651023,0,18,64,10
4,20,18650417,0,18,64,7
6,21,18650621,0,18,64,8
4,0,18650412,0,18,64,0
5,21,18650516,0,18,64,8
5,20,18650502,0,18,64,7
8,20,18650831,0,18,64,7
11,0,18651129,0,18,64,0
9,27,18650922,0,18,64,12
4,21,18650416,0,18,64,8
6,21,18650614,0,18,64,8
10,24,18651021,0,18,64,10
10,24,18651019,0,18,64,10
9,3,18650919,0,18,64,1
5,22,18650519,0,18,64,9
9,5,18650922,0,18,64,2
6,22,18650621,0,18,64,9
6,20,18650615,0,18,64,7
6,20,18650625,0,18,64,7
10,24,18651010,0,18,64,10
10,24,18651025,0,18,64,10
8,22,18650825,0,18,64,9
4,20,18650422,0,18,64,7
4,3,18650409,0,18,64,1
3,3,18650324,0,18,64,1
5,6,18650512,0,18,64,3
3,3,18650331,0,18,64,1
4,20,18650410,0,18,64,7
10,24,18651008,0,18,64,10
6,1,18650619,0,18,64,1
11,3,18651124,0,18,64,1
4,3,18650402,0,18,64,1
8,20,18650819,0,18,64,7
8,3,18650808,0,18,64,1
9,3,18650903,0,18,64,1
8,1,18650814,0,18,64,1
10,19,18651010,0,18,64,6
8,26,18650802,0,18,64,12
9,26,18650927,0,18,64,12
5,1,18650504,0,18,64,1
8,19,18650821,0,18,64,6
2,4,18650217,0,18,64,1
5,19,18650529,0,18,64,6
10,4,18651014,0,18,64,1
8,19,18650825,0,18,64,6
12,4,18651220,0,18,64,1
7,26,18650717,0,18,64,12
9,4,18650909,0,18,64,1
10,20,18651004,0,18,64,7
8,19,18650829,0,18,64,6
9,19,18650918,0,18,64,6
7,19,18650731,0,18,64,6
7,4,18650717,0,18,64,1
7,13,18650715,0,18,64,4
11,4,18651103,0,18,64,1
6,4,18650624,0,18,64,1
8,19,18650823,0,18,64,6
11,28,18651109,0,18,64,13
7,16,18650716,0,18,64,4
10,28,18651014,0,18,64,13
9,19,18650909,0,18,64,6
4,13,18650406,0,18,64,4
4,4,18650420,0,18,64,1
10,19,18651007,0,18,64,6
8,16,18650811,0,18,64,4
8,19,18650815,0,18,64,6
10,4,18651016,0,18,64,1
5,1,18650507,0,18,64,1
6,26,18650602,0,18,64,12
8,26,18650811,0,18,64,12
8,26,18650829,0,18,64,12
5,1,18650505,0,18,64,1
5,26,18650527,0,18,64,12
5,19,18650502,0,18,64,6
4,22,18650421,0,18,64,9
8,6,18650803,0,18,64,3
8,19,18650818,0,18,64,6
8,4,18650812,0,18,64,1
4,4,18650421,0,18,64,1
6,2,18650615,0,18,64,1
6,13,18650627,0,18,64,4
8,4,18650820,0,18,64,1
5,1,18650522,0,18,64,1
10,28,18651027,0,18,64,13
9,5,18650912,0,18,64,2
5,16,18650522,0,18,64,4
6,1,18650610,0,18,64,1
5,1,18650502,0,18,64,1
9,26,18650923,0,18,64,12
9,13,18650926,0,18,64,4
10,4,18651027,0,18,64,1
4,4,18650401,0,18,64,1
10,24,18651016,0,18,64,10
8,19,18650812,0,18,64,6
10,4,18651009,0,18,64,1
5,26,18650519,0,18,64,12
12,4,18651221,0,18,64,1
9,26,18650928,0,18,64,12
10,4,18651023,0,18,64,1
9,20,18650901,0,18,64,7
5,20,18650526,0,18,64,7
5,19,18650506,0,18,64,6
10,26,18651001,0,18,64,12
5,19,18650520,0,18,64,6
12,0,18651201,0,18,64,0
10,27,18651009,0,18,64,12
5,16,18650525,0,18,64,4
12,4,18651203,0,18,64,1
5,26,18650501,0,18,64,12
9,1,18650909,0,18,64,1
6,6,18650630,0,18,64,3
5,22,18650513,0,18,64,9
10,23,18651021,0,18,64,10
9,22,18650913,0,18,64,9
10,24,18651005,0,18,64,10
11,3,18651125,0,18,64,1
4,1,18650423,0,18,64,1
8,27,18650803,0,18,64,12
10,21,18651008,0,18,64,8
8,6,18650804,0,18,64,3
9,21,18650901,0,18,64,8
10,6,18651011,0,18,64,3
9,5,18650926,0,18,64,2
8,1,18650823,0,18,64,1
9,23,18650928,0,18,64,10
8,25,18650827,0,18,64,11
4,6,18650408,0,18,64,3
10,24,18651020,0,18,64,10
9,5,18650916,0,18,64,2
9,22,18650919,0,18,64,9
5,21,18650519,0,18,64,8
12,0,18651205,0,18,64,0
11,0,18651128,0,18,64,0
10,0,18651025,0,18,64,0
5,6,18650516,0,18,64,3
4,5,18650409,0,18,64,2
10,23,18651004,0,18,64,10
5,0,18650517,0,18,64,0
8,27,18650828,0,18,64,12
2,0,18650204,0,18,64,0
10,22,18651001,0,18,64,9
8,5,18650805,0,18,64,2
9,20,18650913,0,18,64,7
4,0,18650411,0,18,64,0
6,6,18650612,0,18,64,3
6,5,18650619,0,18,64,2
5,24,18650521,0,18,64,10
4,22,18650422,0,18,64,9
2,0,18650203,0,18,64,0
10,3,18651024,0,18,65,1
10,3,18651028,0,18,65,1
11,3,18651112,0,18,65,1
5,23,18650519,0,18,65,10
7,21,18650712,0,18,65,8
6,5,18650614,0,18,65,2
10,23,18651008,0,18,65,10
10,5,18651011,0,18,65,2
10,21,18651011,0,18,65,8
6,21,18650626,0,18,65,8
6,5,18650628,0,18,65,2
10,23,18651016,0,18,65,10
7,21,18650702,0,18,65,8
10,21,18651001,0,18,65,8
5,27,18650507,0,18,65,12
6,6,18650619,0,18,65,3
10,20,18651003,0,18,65,7
9,3,18650925,0,18,65,1
6,3,18650618,0,18,65,1
5,6,18650501,0,18,65,3
10,1,18651012,0,18,65,1
11,0,18651118,0,18,65,0
6,20,18650619,0,18,65,7
5,3,18650511,0,18,65,1
5,4,18650511,0,18,65,1
5,2,18650511,0,18,65,1
6,16,18650615,0,18,65,4
4,26,18650425,0,18,65,12
9,4,18650905,0,18,65,1
10,4,18651019,0,18,65,1
5,1,18650528,0,18,65,1
4,13,18650426,0,18,65,4
5,19,18650527,0,18,65,6
6,2,18650616,0,18,65,1
6,4,18650616,0,18,65,1
8,4,18650819,0,18,65,1
6,6,18650616,0,18,65,3
10,19,18651009,0,18,65,6
9,26,18650921,0,18,65,12
3,4,18650315,0,18,65,1
5,26,18650526,0,18,65,12
1,3,18650109,0,18,65,1
11,28,18651116,0,18,65,13
9,3,18650921,0,18,65,1
12,3,18651203,0,18,65,1
8,22,18650822,0,18,65,9
3,4,18650323,0,18,65,1
5,27,18650505,0,18,65,12
4,26,18650426,0,18,65,12
8,4,18650807,0,18,65,1
8,19,18650831,0,18,65,6
7,26,18650709,0,18,65,12
6,21,18650606,0,18,65,8
10,16,18651001,0,18,65,4
8,19,18650804,0,18,65,6
4,26,18650421,0,18,65,12
9,16,18650930,0,18,65,4
9,5,18650902,0,18,65,2
5,2,18650506,0,18,65,1
10,26,18651003,0,18,65,12
9,26,18650929,0,18,65,12
4,26,18650422,0,18,65,12
10,28,18651004,0,18,65,13
4,4,18650429,0,18,65,1
7,22,18650712,0,18,65,9
10,4,18651005,0,18,65,1
7,20,18650712,0,18,65,7
1,4,18650114,0,18,65,1
4,22,18650423,0,18,65,9
8,26,18650831,0,18,65,12
6,13,18650610,0,18,65,4
11,4,18651120,0,18,65,1
6,16,18650602,0,18,65,4
6,4,18650613,0,18,65,1
7,26,18650710,0,18,65,12
12,4,18651224,0,18,65,1
8,26,18650812,0,18,65,12
8,26,18650822,0,18,65,12
6,4,18650618,0,18,65,1
8,6,18650801,0,18,65,3
9,22,18650916,0,18,65,9
8,19,18650828,0,18,65,6
9,19,18650916,0,18,65,6
4,1,18650409,0,18,65,1
11,0,18651103,0,18,65,0
7,19,18650730,0,18,65,6
1,4,18650108,0,18,65,1
8,13,18650811,0,18,65,4
9,19,18650908,0,18,65,6
2,4,18650218,0,18,65,1
7,1,18650729,0,18,65,1
4,23,18650405,0,18,65,10
9,22,18650912,0,18,65,9
7,26,18650729,0,18,65,12
9,21,18650912,0,18,65,8
8,27,18650811,0,18,65,12
12,4,18651210,0,18,65,1
8,26,18650823,0,18,65,12
10,21,18651018,0,18,65,8
2,4,18650216,0,18,65,1
9,19,18650911,0,18,65,6
9,3,18650911,0,18,65,1
5,4,18650508,0,18,65,1
9,3,18650906,0,18,65,1
9,13,18650919,0,18,65,4
5,2,18650510,0,18,65,1
9,16,18650919,0,18,65,4
8,19,18650820,0,18,65,6
9,22,18650920,0,18,65,9
5,4,18650525,0,18,65,1
5,3,18650525,0,18,65,1
5,4,18650501,0,18,65,1
8,19,18650824,0,18,65,6
12,4,18651222,0,18,65,1
8,27,18650822,0,18,65,12
5,13,18650526,0,18,65,4
5,3,18650526,0,18,65,1
8,19,18650816,0,18,65,6
4,19,18650411,0,18,65,6
4,4,18650411,0,18,65,1
8,26,18650815,0,18,65,12
8,4,18650825,0,18,65,1
4,22,18650410,0,18,65,9
8,26,18650809,0,18,65,12
8,13,18650824,0,18,65,4
5,16,18650526,0,18,65,4
5,19,18650508,0,18,65,6
8,3,18650825,0,18,65,1
7,13,18650719,0,18,65,4
6,22,18650629,0,18,65,9
6,21,18650608,0,18,65,8
9,20,18650922,0,18,65,7
9,6,18650923,0,18,65,3
4,5,18650418,0,18,65,2
4,5,18650417,0,18,65,2
4,23,18650409,0,18,65,10
7,21,18650703,0,18,65,8
9,5,18650917,0,18,65,2
10,1,18651019,0,18,65,1
8,3,18650831,0,18,65,1
10,27,18651007,0,18,65,12
4,20,18650426,0,18,65,7
5,1,18650527,0,18,65,1
5,5,18650519,0,18,65,2
5,1,18650521,0,18,65,1
10,23,18651022,0,18,65,10
11,0,18651106,0,18,65,0
4,0,18650426,0,18,65,0
4,0,18650427,0,18,65,0
4,20,18650415,0,18,65,7
4,6,18650412,0,18,65,3
2,0,18650202,0,18,65,0
2,0,18650201,0,18,65,0
10,24,18651012,0,18,65,10
4,23,18650407,0,18,65,10
10,23,18651014,0,18,65,10
8,20,18650823,0,18,65,7
4,0,18650403,0,18,65,0
5,0,18650505,0,18,65,0
11,0,18651122,0,18,65,0
10,27,18651005,0,18,65,12
4,22,18650419,0,18,65,9
4,20,18650421,0,18,65,7
10,6,18651003,0,18,65,3
3,0,18650301,0,18,65,0
6,22,18650609,0,18,65,9
4,1,18650429,0,19,65,1
5,27,18650529,0,19,65,12
6,27,18650617,0,19,65,12
7,1,18650719,0,19,65,1
9,21,18650913,0,19,65,8
4,21,18650417,0,19,65,8
4,27,18650412,0,19,65,12
6,3,18650620,0,19,66,1
8,6,18650805,0,19,66,3
9,20,18650916,0,19,66,7
3,3,18650318,0,19,66,1
8,20,18650820,0,19,66,7
6,6,18650627,0,19,66,3
11,1,18651124,0,19,66,1
8,27,18650816,0,19,66,12
5,1,18650509,0,19,66,1
9,20,18650926,0,19,66,7
4,3,18650413,0,19,66,1
6,1,18650612,0,19,66,1
5,20,18650516,0,19,66,7
12,3,18651202,0,19,66,1
6,6,18650624,0,19,66,3
5,1,18650515,0,19,66,1
6,20,18650606,0,19,66,7
5,1,18650514,0,19,66,1
7,20,18650703,0,19,66,7
5,22,18650512,0,19,66,9
8,1,18650813,0,19,66,1
6,1,18650620,0,19,66,1
9,5,18650921,0,19,66,2
3,3,18650314,0,19,66,1
6,22,18650601,0,19,66,9
9,22,18650924,0,19,66,9
1,1,18650115,0,19,66,1
10,23,18651024,0,19,66,10
10,5,18651025,0,19,66,2
9,20,18650925,0,19,66,7
8,22,18650830,0,19,66,9
6,5,18650615,0,19,66,2
8,26,18650803,0,19,66,12
5,19,18650504,0,19,66,6
10,26,18651002,0,19,66,12
11,4,18651130,0,19,66,1
8,1,18650828,0,19,66,1
9,16,18650908,0,19,66,4
6,26,18650625,0,19,66,12
10,19,18651006,0,19,66,6
6,26,18650624,0,19,66,12
6,26,18650623,0,19,66,12
9,1,18650915,0,19,66,1
9,19,18650915,0,19,66,6
10,28,18651018,0,19,66,13
8,26,18650806,0,19,66,12
10,4,18651029,0,19,66,1
4,4,18650424,0,19,66,1
9,21,18650915,0,19,66,8
3,4,18650324,0,19,66,1
8,19,18650803,0,19,66,6
9,19,18650910,0,19,66,6
8,26,18650804,0,19,66,12
5,19,18650507,0,19,66,6
7,16,18650715,0,19,66,4
7,26,18650728,0,19,66,12
8,4,18650824,0,19,66,1
3,4,18650322,0,19,66,1
7,13,18650729,0,19,66,4
5,4,18650512,0,19,66,1
7,19,18650729,0,19,66,6
6,26,18650628,0,19,66,12
9,1,18650912,0,19,66,1
9,6,18650929,0,19,66,3
10,1,18651016,0,19,66,1
4,20,18650418,0,19,66,7
9,4,18650926,0,19,66,1
4,4,18650402,0,19,66,1
9,19,18650912,0,19,66,6
9,19,18650930,0,19,66,6
2,4,18650209,0,19,66,1
8,26,18650814,0,19,66,12
5,13,18650525,0,19,66,4
6,1,18650606,0,19,66,1
5,19,18650526,0,19,66,6
10,19,18651002,0,19,66,6
12,4,18651215,0,19,66,1
12,3,18651229,0,19,66,1
8,19,18650805,0,19,66,6
8,21,18650818,0,19,66,8
7,19,18650709,0,19,66,6
4,22,18650420,0,19,66,9
8,16,18650822,0,19,66,4
4,5,18650416,0,19,66,2
7,27,18650712,0,19,66,12
4,19,18650413,0,19,66,6
10,26,18651004,0,19,66,12
8,19,18650817,0,19,66,6
6,26,18650603,0,19,66,12
5,26,18650524,0,19,66,12
8,19,18650822,0,19,66,6
9,26,18650919,0,19,66,12
8,6,18650829,0,19,66,3
9,19,18650907,0,19,66,6
1,3,18650113,0,19,66,1
11,4,18651112,0,19,66,1
2,4,18650220,0,19,66,1
10,3,18651021,0,19,66,1
8,26,18650828,0,19,66,12
5,22,18650502,0,19,66,9
9,22,18650918,0,19,66,9
7,19,18650712,0,19,66,6
4,13,18650422,0,19,66,4
5,19,18650521,0,19,66,6
3,4,18650305,0,19,66,1
9,19,18650919,0,19,66,6
8,20,18650803,0,19,66,7
3,4,18650304,0,19,66,1
6,2,18650620,0,19,66,1
8,19,18650807,0,19,66,6
3,4,18650316,0,19,66,1
11,4,18651126,0,19,66,1
9,3,18650902,0,19,66,1
11,0,18651104,0,19,66,0
8,21,18650830,0,19,66,8
12,0,18651204,0,19,66,0
1,0,18650126,0,19,66,0
2,3,18650219,0,19,66,1
5,21,18650512,0,19,66,8
4,27,18650410,0,19,66,12
5,0,18650513,0,19,66,0
4,5,18650421,0,19,66,2
4,0,18650428,0,19,66,0
7,27,18650710,0,19,66,12
1,0,18650127,0,19,66,0
6,6,18650626,0,19,66,3
4,0,18650415,0,19,66,0
5,0,18650516,0,19,66,0
8,21,18650804,0,19,66,8
4,0,18650425,0,19,66,0
4,27,18650411,0,19,66,12
5,22,18650518,0,19,66,9
4,5,18650423,0,19,66,2
6,27,18650630,0,19,66,12
4,5,18650427,0,19,66,2
4,20,18650423,0,19,66,7
8,21,18650809,0,19,66,8
8,5,18650806,0,19,66,2
12,3,18651225,0,19,66,1
10,1,18651003,0,19,66,1
6,21,18650601,0,19,66,8
9,1,18650919,0,19,66,1
4,27,18650424,0,19,66,12
6,27,18650611,0,19,66,12
5,27,18650518,0,19,66,12
9,22,18650904,0,19,66,9
5,1,18650503,0,19,66,1
5,5,18650517,0,19,66,2
4,21,18650410,0,19,66,8
8,27,18650815,0,19,66,12
5,27,18650531,0,19,66,12
9,1,18650917,0,19,66,1
8,27,18650807,0,19,66,12
4,27,18650420,0,19,66,12
8,27,18650829,0,19,66,12
9,20,18650929,0,19,66,7
9,5,18650913,0,19,66,2
4,27,18650417,0,19,66,12
5,1,18650511,0,19,66,1
2,3,18650224,0,19,66,1
6,6,18650615,0,19,67,3
8,20,18650818,0,19,67,7
3,3,18650325,0,19,67,1
1,3,18650102,0,19,67,1
6,20,18650629,0,19,67,7
6,20,18650602,0,19,67,7
1,3,18650112,0,19,67,1
2,3,18650208,0,19,67,1
7,27,18650711,0,19,67,12
4,6,18650409,0,19,67,3
10,6,18651007,0,19,67,3
8,22,18650818,0,19,67,9
6,1,18650621,0,19,67,1
8,6,18650817,0,19,67,3
8,6,18650818,0,19,67,3
6,22,18650616,0,19,67,9
5,3,18650512,0,19,67,1
10,24,18651011,0,19,67,10
8,22,18650809,0,19,67,9
6,21,18650616,0,19,67,8
5,3,18650509,0,19,67,1
6,20,18650617,0,19,67,7
4,27,18650407,0,19,67,12
8,16,18650824,0,19,67,4
10,13,18651011,0,19,67,4
12,3,18651206,0,19,67,1
11,3,18651120,0,19,67,1
7,16,18650730,0,19,67,4
3,4,18650302,0,19,67,1
7,16,18650713,0,19,67,4
8,19,18650801,0,19,67,6
11,4,18651127,0,19,67,1
6,16,18650614,0,19,67,4
6,27,18650615,0,19,67,12
6,26,18650614,0,19,67,12
4,6,18650428,0,19,67,3
5,2,18650523,0,19,67,1
6,20,18650616,0,19,67,7
7,22,18650713,0,19,67,9
11,4,18651125,0,19,67,1
7,19,18650711,0,19,67,6
1,1,18650114,0,19,67,1
10,16,18651009,0,19,67,4
1,3,18650114,0,19,67,1
4,4,18650414,0,19,67,1
8,19,18650806,0,19,67,6
7,16,18650714,0,19,67,4
9,19,18650922,0,19,67,6
4,26,18650423,0,19,67,12
5,4,18650526,0,19,67,1
9,4,18650922,0,19,67,1
9,26,18650924,0,19,67,12
9,4,18650923,0,19,67,1
6,2,18650617,0,19,67,1
7,26,18650711,0,19,67,12
5,2,18650525,0,19,67,1
10,13,18651007,0,19,67,4
11,4,18651119,0,19,67,1
5,16,18650528,0,19,67,4
5,19,18650528,0,19,67,6
9,19,18650904,0,19,67,6
6,2,18650601,0,19,67,1
5,2,18650524,0,19,67,1
6,4,18650617,0,19,67,1
9,20,18650924,0,19,67,7
8,19,18650809,0,19,67,6
10,23,18651023,0,19,67,10
12,3,18651207,0,19,67,1
4,3,18650421,0,19,67,1
4,19,18650416,0,19,67,6
6,1,18650611,0,19,67,1
4,6,18650425,0,19,67,3
6,26,18650629,0,19,67,12
9,19,18650913,0,19,67,6
4,13,18650425,0,19,67,4
9,19,18650929,0,19,67,6
11,3,18651118,0,19,67,1
3,3,18650311,0,19,67,1
6,3,18650623,0,19,67,1
5,2,18650508,0,19,67,1
8,26,18650810,0,19,67,12
9,13,18650930,0,19,67,4
3,4,18650311,0,19,67,1
6,13,18650628,0,19,67,4
5,22,18650507,0,19,67,9
4,19,18650412,0,19,67,6
8,19,18650811,0,19,67,6
1,4,18650112,0,19,67,1
5,20,18650507,0,19,67,7
10,28,18651028,0,19,67,13
8,26,18650813,0,19,67,12
10,19,18651001,0,19,67,6
11,3,18651105,0,19,67,1
12,4,18651211,0,19,67,1
4,19,18650421,0,19,67,6
7,26,18650719,0,19,67,12
4,3,18650415,0,19,67,1
5,2,18650522,0,19,67,1
8,5,18650819,0,19,67,2
6,4,18650620,0,19,67,1
3,4,18650319,0,19,67,1
7,19,18650716,0,19,67,6
11,3,18651106,0,19,67,1
8,26,18650818,0,19,67,12
4,26,18650424,0,19,67,12
1,3,18650129,0,19,67,1
9,19,18650906,0,19,67,6
10,23,18651026,0,19,67,10
5,2,18650515,0,19,67,1
10,23,18651013,0,19,67,10
5,20,18650518,0,19,67,7
10,19,18651004,0,19,67,6
9,19,18650917,0,19,67,6
6,3,18650622,0,19,67,1
10,28,18651003,0,19,67,13
9,21,18650916,0,19,67,8
6,26,18650612,0,19,67,12
7,19,18650718,0,19,67,6
9,3,18650927,0,19,67,1
8,22,18650808,0,19,67,9
7,26,18650718,0,19,67,12
8,26,18650808,0,19,67,12
7,26,18650726,0,19,67,12
5,16,18650505,0,19,67,4
4,22,18650413,0,20,67,9
4,22,18650418,0,20,67,9
10,3,18651007,0,20,67,1
11,3,18651102,0,20,67,1
4,24,18650409,0,20,67,10
9,21,18650924,0,20,67,8
6,5,18650608,0,20,67,2
7,5,18650713,0,20,67,2
11,0,18651113,0,20,67,0
8,22,18650804,0,20,67,9
4,0,18650413,0,20,67,0
5,0,18650526,0,20,67,0
5,0,18650512,0,20,67,0
4,22,18650414,0,20,67,9
4,6,18650414,0,20,67,3
4,3,18650429,0,20,67,1
9,20,18650920,0,20,67,7
5,0,18650518,0,20,67,0
4,5,18650419,0,20,67,2
7,27,18650717,0,20,67,12
8,21,18650819,0,20,67,8
12,3,18651209,0,20,67,1
5,24,18650515,0,20,67,10
10,23,18651003,0,20,67,10
10,20,18651002,0,20,67,7
6,6,18650613,0,20,67,3
10,23,18651020,0,20,67,10
6,20,18650620,0,20,67,7
5,23,18650520,0,20,67,10
4,21,18650421,0,20,67,8
5,27,18650508,0,20,67,12
4,23,18650422,0,20,67,10
8,21,18650825,0,20,67,8
4,27,18650416,0,20,67,12
6,5,18650611,0,20,67,2
9,21,18650920,0,20,67,8
7,27,18650709,0,20,67,12
4,27,18650409,0,20,67,12
9,20,18650921,0,20,67,7
3,1,18650318,0,20,67,1
10,23,18651025,0,20,67,10
9,22,18650929,0,20,67,9
9,20,18650915,0,20,67,7
4,24,18650408,0,20,67,10
7,20,18650713,0,20,67,7
9,27,18650927,0,20,67,12
8,27,18650809,0,20,67,12
11,3,18651101,0,20,67,1
9,20,18650923,0,20,67,7
4,24,18650406,0,20,67,10
8,27,18650824,0,20,67,12
9,20,18650918,0,20,67,7
5,0,18650520,0,20,67,0
8,6,18650831,0,20,67,3
6,27,18650625,0,20,67,12
9,1,18650906,0,20,67,1
6,20,18650621,0,20,67,7
8,27,18650810,0,20,67,12
10,23,18651018,0,20,68,10
6,6,18650625,0,20,68,3
9,22,18650930,0,20,68,9
9,6,18650911,0,20,68,3
4,3,18650411,0,20,68,1
5,20,18650512,0,20,68,7
5,1,18650513,0,20,68,1
4,6,18650413,0,20,68,3
5,21,18650518,0,20,68,8
8,6,18650830,0,20,68,3
8,21,18650822,0,20,68,8
7,6,18650712,0,20,68,3
4,20,18650424,0,20,68,7
8,1,18650824,0,20,68,1
4,5,18650410,0,20,68,2
6,20,18650622,0,20,68,7
9,22,18650925,0,20,68,9
12,3,18651230,0,20,68,1
9,21,18650925,0,20,68,8
10,27,18651004,0,20,68,12
6,22,18650604,0,20,68,9
4,24,18650415,0,20,68,10
4,27,18650415,0,20,68,12
8,22,18650807,0,20,68,9
5,1,18650501,0,20,68,1
9,1,18650929,0,20,68,1
6,6,18650618,0,20,68,3
4,22,18650424,0,20,68,9
4,20,18650419,0,20,68,7
6,22,18650610,0,20,68,9
2,3,18650210,0,20,68,1
9,27,18650923,0,20,68,12
12,3,18651211,0,20,68,1
5,27,18650523,0,20,68,12
5,6,18650530,0,20,68,3
2,3,18650228,0,20,68,1
4,21,18650426,0,20,68,8
8,20,18650809,0,20,68,7
8,20,18650802,0,20,68,7
10,27,18651008,0,20,68,12
8,21,18650817,0,20,68,8
5,21,18650517,0,20,68,8
12,3,18651219,0,20,68,1
9,19,18650914,0,20,68,6
10,6,18651008,0,20,68,3
4,19,18650414,0,20,68,6
5,4,18650524,0,20,68,1
9,19,18650905,0,20,68,6
11,0,18651127,0,20,68,0
7,19,18650713,0,20,68,6
9,19,18650924,0,20,68,6
9,13,18650920,0,20,68,4
9,19,18650921,0,20,68,6
5,19,18650530,0,20,68,6
5,13,18650505,0,20,68,4
6,4,18650615,0,20,68,1
11,28,18651118,0,20,68,13
9,19,18650901,0,20,68,6
5,0,18650522,0,20,68,0
7,19,18650714,0,20,68,6
4,3,18650410,0,20,68,1
6,16,18650601,0,20,68,4
6,19,18650601,0,20,68,6
7,19,18650728,0,20,68,6
9,5,18650925,0,20,68,2
7,19,18650708,0,20,68,6
5,0,18650524,0,20,68,0
7,19,18650710,0,20,68,6
9,6,18650924,0,20,68,3
6,26,18650615,0,20,68,12
9,19,18650902,0,20,68,6
7,6,18650710,0,20,68,3
5,0,18650523,0,20,68,0
8,4,18650821,0,20,68,1
11,4,18651108,0,20,68,1
5,13,18650527,0,20,68,4
1,4,18650120,0,20,68,1
4,0,18650424,0,20,68,0
1,4,18650117,0,20,68,1
5,0,18650509,0,20,68,0
8,26,18650819,0,20,68,12
4,5,18650420,0,20,68,2
4,19,18650430,0,20,68,6
8,19,18650810,0,20,68,6
9,3,18650923,0,20,68,1
5,0,18650511,0,20,68,0
9,5,18650923,0,20,68,2
8,4,18650810,0,20,68,1
9,19,18650923,0,20,68,6
5,21,18650502,0,20,68,8
8,19,18650802,0,20,68,6
5,19,18650525,0,20,68,6
2,4,18650224,0,20,68,1
4,24,18650407,0,20,68,10
4,4,18650417,0,20,68,1
9,19,18650920,0,20,68,6
8,6,18650802,0,20,68,3
4,4,18650408,0,20,68,1
8,26,18650824,0,20,68,12
9,3,18650915,0,20,68,1
5,2,18650503,0,20,68,1
11,4,18651105,0,20,68,1
11,4,18651104,0,20,68,1
9,23,18650927,0,20,68,10
5,0,18650515,0,20,68,0
4,4,18650425,0,20,68,1
1,4,18650123,0,20,68,1
6,19,18650629,0,20,68,6
9,19,18650928,0,20,68,6
10,0,18651024,0,20,68,0
8,3,18650812,0,20,68,1
7,19,18650719,0,20,68,6
4,21,18650413,0,20,68,8
7,19,18650721,0,20,68,6
11,0,18651107,0,20,68,0
11,0,18651130,0,20,68,0
5,6,18650515,0,20,68,3
11,0,18651102,0,20,68,0
11,28,18651101,0,20,68,13
12,3,18651223,0,20,68,1
8,16,18650812,0,20,68,4
4,0,18650422,0,20,68,0
9,21,18650930,0,20,68,8
3,4,18650326,0,20,68,1
8,19,18650808,0,20,68,6
1,4,18650111,0,20,68,1
9,5,18650927,0,20,68,2
9,4,18650910,0,20,68,1
11,4,18651109,0,20,68,1
6,16,18650628,0,20,68,4
7,19,18650717,0,20,68,6
7,26,18650707,0,20,68,12
6,6,18650603,0,20,68,3
12,4,18651214,0,20,68,1
9,21,18650919,0,20,68,8
8,27,18650830,0,20,68,12
6,4,18650614,0,20,68,1
8,26,18650830,0,20,68,12
10,19,18651005,0,20,68,6
3,4,18650312,0,20,68,1
7,26,18650727,0,20,68,12
2,4,18650211,0,20,68,1
1,1,18650110,0,20,68,1
12,4,18651225,0,20,68,1
8,4,18650818,0,20,68,1
10,19,18651003,0,20,68,6
5,0,18650503,0,20,68,0
10,28,18651005,0,20,68,13
4,13,18650421,0,20,68,4
10,28,18651020,0,20,68,13
5,6,18650524,0,20,68,3
9,20,18650904,0,20,68,7
6,21,18650629,0,20,68,8
9,1,18650920,0,20,68,1
6,21,18650607,0,20,68,8
8,21,18650821,0,20,68,8
8,20,18650808,0,20,68,7
4,21,18650423,0,20,68,8
9,20,18650928,0,20,68,7
6,3,18650621,0,20,68,1
6,1,18650622,0,20,68,1
4,6,18650426,0,20,68,3
4,1,18650424,0,20,68,1
8,5,18650807,0,20,68,2
4,1,18650421,0,20,68,1
8,20,18650807,0,20,68,7
10,6,18651001,0,20,68,3
4,1,18650403,0,20,68,1
9,20,18650930,0,20,68,7
5,3,18650527,0,20,68,1
4,20,18650413,0,20,68,7
8,27,18650813,0,20,68,12
10,6,18651009,0,20,68,3
11,0,18651108,0,20,68,0
5,27,18650527,0,20,68,12
6,27,18650602,0,20,68,12
10,1,18651020,0,20,68,1
5,27,18650530,0,20,68,12
6,21,18650604,0,20,69,8
5,6,18650513,0,20,69,3
8,27,18650817,0,20,69,12
9,1,18650918,0,20,69,1
6,5,18650606,0,20,69,2
8,22,18650826,0,20,69,9
7,21,18650701,0,20,69,8
2,3,18650226,0,20,69,1
10,6,18651002,0,20,69,3
5,6,18650517,0,20,69,3
5,6,18650506,0,20,69,3
7,22,18650701,0,20,69,9
6,21,18650617,0,20,69,8
1,3,18650115,0,20,69,1
8,21,18650808,0,20,69,8
5,0,18650530,0,20,69,0
4,3,18650401,0,20,69,1
5,22,18650531,0,20,69,9
9,6,18650901,0,20,69,3
8,21,18650814,0,20,69,8
11,0,18651121,0,20,69,0
9,5,18650924,0,20,69,2
6,22,18650602,0,20,69,9
8,3,18650820,0,20,69,1
6,22,18650617,0,20,69,9
8,5,18650831,0,20,69,2
5,3,18650507,0,20,69,1
5,1,18650510,0,20,69,1
4,22,18650425,0,20,69,9
8,25,18650828,0,20,69,11
9,21,18650929,0,20,69,8
9,5,18650919,0,20,69,2
6,23,18650605,0,20,69,10
10,27,18651003,0,20,69,12
10,6,18651004,0,20,69,3
4,0,18650421,0,20,69,0
11,3,18651123,0,20,69,1
5,21,18650507,0,20,69,8
11,1,18651113,0,20,69,1
4,0,18650418,0,20,69,0
4,0,18650419,0,20,69,0
5,0,18650504,0,20,69,0
7,22,18650710,0,20,69,9
6,22,18650607,0,20,69,9
4,0,18650414,0,20,69,0
8,6,18650823,0,20,69,3
2,3,18650225,0,20,69,1
8,21,18650803,0,20,69,8
8,22,18650821,0,20,69,9
1,3,18650106,0,20,69,1
10,3,18651003,0,20,69,1
10,5,18651002,0,20,69,2
10,23,18651011,0,20,69,10
10,5,18651012,0,20,69,2
3,3,18650319,0,20,69,1
1,3,18650103,0,20,69,1
4,23,18650415,0,20,69,10
5,0,18650519,0,20,69,0
9,6,18650930,0,20,69,3
4,21,18650422,0,20,69,8
9,27,18650930,0,20,69,12
8,22,18650817,0,20,69,9
5,6,18650518,0,20,69,3
6,16,18650610,0,21,69,4
9,26,18650925,0,21,69,12
6,26,18650611,0,21,69,12
9,26,18650911,0,21,69,12
1,4,18650110,0,21,69,1
6,20,18650607,0,21,69,7
9,13,18650927,0,21,69,4
10,5,18651003,0,21,69,2
6,19,18650628,0,21,69,6
6,13,18650614,0,21,69,4
6,5,18650609,0,21,69,2
10,20,18651001,0,21,69,7
9,16,18650928,0,21,69,4
6,4,18650622,0,21,69,1
9,26,18650912,0,21,69,12
9,26,18650916,0,21,69,12
5,20,18650513,0,21,69,7
6,4,18650623,0,21,69,1
6,4,18650621,0,21,69,1
5,13,18650519,0,21,69,4
5,26,18650520,0,21,69,12
5,16,18650521,0,21,69,4
6,2,18650619,0,21,69,1
9,16,18650921,0,21,69,4
10,13,18651010,0,21,69,4
4,20,18650420,0,21,69,7
2,4,18650219,0,21,69,1
5,2,18650526,0,21,69,1
4,1,18650430,0,21,69,1
10,13,18651009,0,21,69,4
5,16,18650527,0,21,69,4
6,13,18650622,0,21,69,4
5,6,18650531,0,21,69,3
3,4,18650314,0,21,69,1
9,13,18650925,0,21,69,4
5,2,18650529,0,21,69,1
10,23,18651019,0,21,69,10
1,4,18650131,0,21,69,1
7,26,18650713,0,21,69,12
11,1,18651129,0,21,69,1
7,26,18650720,0,21,69,12
1,4,18650124,0,21,69,1
2,3,18650201,0,21,69,1
9,26,18650908,0,21,69,12
4,1,18650413,0,21,69,1
8,16,18650828,0,21,69,4
2,4,18650201,0,21,69,1
7,19,18650715,0,21,69,6
7,26,18650715,0,21,69,12
8,21,18650820,0,21,69,8
7,16,18650731,0,21,69,4
7,26,18650716,0,21,69,12
8,26,18650805,0,21,69,12
9,13,18650908,0,21,69,4
7,13,18650717,0,21,69,4
8,6,18650806,0,21,69,3
2,4,18650208,0,21,69,1
4,19,18650415,0,21,69,6
7,16,18650719,0,21,69,4
11,4,18651124,0,21,69,1
1,4,18650116,0,21,69,1
8,20,18650830,0,21,69,7
8,26,18650817,0,21,69,12
8,26,18650807,0,21,69,12
8,13,18650828,0,21,69,4
7,27,18650729,0,21,69,12
2,4,18650210,0,21,69,1
4,4,18650418,0,21,69,1
7,26,18650712,0,21,69,12
7,19,18650722,0,21,69,6
9,26,18650903,0,21,69,12
1,4,18650122,0,21,69,1
12,4,18651201,0,21,69,1
9,19,18650903,0,21,69,6
9,20,18650927,0,21,69,7
9,20,18650919,0,21,69,7
4,24,18650422,0,21,69,10
10,1,18651029,0,21,69,1
10,1,18651021,0,21,69,1
6,20,18650609,0,21,69,7
7,27,18650718,0,21,69,12
4,6,18650410,0,21,69,3
5,24,18650513,0,21,69,10
3,3,18650303,0,21,69,1
8,27,18650812,0,21,69,12
5,24,18650519,0,21,69,10
8,6,18650824,0,21,69,3
8,20,18650817,0,21,69,7
4,3,18650418,0,21,69,1
5,5,18650503,0,21,69,2
10,24,18651004,0,21,69,10
7,6,18650702,0,21,69,3
3,3,18650305,0,21,69,1
2,3,18650220,0,21,69,1
11,1,18651128,0,21,69,1
5,6,18650519,0,21,69,3
9,22,18650922,0,21,69,9
5,0,18650502,0,21,69,0
7,21,18650710,0,21,69,8
7,21,18650713,0,21,69,8
10,1,18651018,0,21,69,1
8,27,18650814,0,21,69,12
4,21,18650420,0,21,69,8
6,27,18650623,0,21,69,12
8,6,18650815,0,21,69,3
5,6,18650510,0,21,69,3
9,27,18650924,0,21,69,12
8,6,18650821,0,21,69,3
5,27,18650526,0,21,69,12
6,22,18650619,0,21,70,9
7,5,18650702,0,21,70,2
3,3,18650301,0,21,70,1
5,20,18650503,0,21,70,7
4,23,18650406,0,21,70,10
8,20,18650822,0,21,70,7
11,3,18651126,0,21,70,1
9,22,18650921,0,21,70,9
9,24,18650928,0,21,70,10
8,6,18650808,0,21,70,3
9,1,18650928,0,21,70,1
8,6,18650816,0,21,70,3
8,1,18650830,0,21,70,1
3,3,18650320,0,21,70,1
4,6,18650415,0,21,70,3
4,24,18650410,0,21,70,10
4,23,18650430,0,21,70,10
9,6,18650922,0,21,70,3
9,6,18650927,0,21,70,3
8,6,18650819,0,21,70,3
8,3,18650826,0,21,70,1
8,21,18650823,0,21,70,8
5,21,18650526,0,21,70,8
4,21,18650414,0,21,70,8
8,21,18650807,0,21,70,8
8,20,18650826,0,21,70,7
1,3,18650118,0,21,70,1
3,3,18650307,0,21,70,1
5,21,18650511,0,21,70,8
1,3,18650131,0,21,70,1
11,0,18651111,0,21,70,0
9,21,18650914,0,21,70,8
5,22,18650508,0,21,70,9
10,0,18651020,0,21,70,0
7,19,18650720,0,21,70,6
9,28,18650919,0,21,70,13
2,4,18650222,0,21,70,1
10,28,18651016,0,21,70,13
5,22,18650511,0,21,70,9
9,16,18650909,0,21,70,4
6,26,18650617,0,21,70,12
6,2,18650626,0,21,70,1
4,19,18650429,0,21,70,6
9,13,18650909,0,21,70,4
5,1,18650512,0,21,70,1
6,16,18650609,0,21,70,4
10,3,18651027,0,21,70,1
9,13,18650921,0,21,70,4
9,5,18650928,0,21,70,2
11,4,18651107,0,21,70,1
9,16,18650920,0,21,70,4
4,4,18650415,0,21,70,1
5,22,18650526,0,21,70,9
9,26,18650913,0,21,70,12
3,4,18650330,0,21,70,1
8,16,18650829,0,21,70,4
3,4,18650320,0,21,70,1
2,3,18650203,0,21,70,1
11,3,18651122,0,21,70,1
6,26,18650609,0,21,70,12
6,19,18650602,0,21,70,6
3,4,18650325,0,21,70,1
1,4,18650128,0,21,70,1
1,4,18650121,0,21,70,1
7,16,18650721,0,21,70,4
8,21,18650824,0,21,70,8
2,4,18650205,0,21,70,1
5,3,18650508,0,21,70,1
6,16,18650605,0,21,70,4
3,4,18650301,0,21,70,1
4,27,18650427,0,21,70,12
5,19,18650531,0,21,70,6
7,19,18650727,0,21,70,6
4,4,18650427,0,21,70,1
10,28,18651017,0,21,70,13
10,16,18651007,0,21,70,4
2,4,18650228,0,21,70,1
9,16,18650924,0,21,70,4
2,1,18650201,0,21,70,1
1,4,18650107,0,21,70,1
2,4,18650226,0,21,70,1
8,26,18650820,0,21,70,12
9,4,18650901,0,21,70,1
7,19,18650725,0,21,70,6
9,19,18650927,0,21,70,6
1,4,18650105,0,21,70,1
10,28,18651023,0,21,70,13
2,4,18650225,0,21,70,1
3,4,18650308,0,21,70,1
5,19,18650522,0,21,70,6
1,4,18650125,0,21,70,1
9,26,18650917,0,21,70,12
8,16,18650817,0,21,70,4
2,4,18650221,0,21,70,1
6,26,18650622,0,21,70,12
4,19,18650422,0,21,70,6
1,4,18650115,0,21,70,1
1,4,18650113,0,21,70,1
1,4,18650130,0,21,70,1
9,16,18650923,0,21,70,4
10,28,18651012,0,21,70,13
5,24,18650502,0,21,70,10
3,4,18650306,0,21,70,1
2,4,18650202,0,21,70,1
11,28,18651117,0,21,70,13
9,21,18650918,0,21,70,8
4,27,18650422,0,21,70,12
4,4,18650416,0,21,70,1
1,4,18650102,0,21,70,1
9,19,18650925,0,21,70,6
5,6,18650514,0,21,70,3
4,3,18650423,0,21,70,1
2,3,18650207,0,21,70,1
10,28,18651002,0,21,70,13
7,19,18650707,0,21,70,6
4,4,18650403,0,21,70,1
9,22,18650914,0,21,70,9
6,21,18650603,0,21,70,8
1,4,18650106,0,21,70,1
12,4,18651204,0,21,70,1
3,3,18650308,0,21,70,1
6,6,18650604,0,21,70,3
7,27,18650727,0,21,70,12
4,1,18650425,0,21,70,1
9,1,18650907,0,21,70,1
4,3,18650426,0,21,70,1
10,1,18651014,0,21,70,1
2,1,18650220,0,21,70,1
7,27,18650707,0,21,70,12
9,6,18650925,0,21,70,3
4,27,18650408,0,21,70,12
6,27,18650618,0,21,70,12
11,1,18651125,0,21,70,1
12,3,18651210,0,21,70,1
8,1,18650831,0,21,70,1
10,1,18651030,0,21,70,1
3,3,18650323,0,21,70,1
8,6,18650825,0,21,70,3
8,27,18650805,0,21,70,12
9,22,18650923,0,21,70,9
9,21,18650923,0,21,70,8
6,5,18650607,0,21,70,2
6,5,18650616,0,21,70,2
7,27,18650719,0,21,70,12
9,22,18650926,0,21,70,9
8,27,18650825,0,21,70,12
6,27,18650606,0,21,70,12
10,1,18651025,0,21,70,1
9,5,18650929,0,21,70,2
12,3,18651228,0,21,70,1
9,1,18650916,0,21,70,1
7,22,18650711,0,21,70,9
9,6,18650919,0,21,70,3
8,27,18650804,0,21,70,12
8,3,18650821,0,21,70,1
7,27,18650706,0,21,70,12
9,6,18650918,0,21,70,3
5,6,18650502,0,21,70,3
10,23,18651012,0,21,70,10
1,3,18650119,0,21,70,1
5,5,18650518,0,21,70,2
1,3,18650107,0,21,70,1
1,3,18650105,0,21,70,1
5,27,18650524,0,21,70,12
5,21,18650513,0,21,70,8
4,24,18650414,0,21,70,10
9,6,18650913,0,21,70,3
8,27,18650823,0,21,70,12
5,21,18650531,0,21,70,8
9,6,18650912,0,21,70,3
10,5,18651019,0,21,70,2
9,21,18650904,0,21,70,8
5,6,18650525,0,21,70,3
9,27,18650908,0,21,71,12
4,5,18650413,0,21,71,2
3,1,18650331,0,21,71,1
9,22,18650928,0,21,71,9
6,21,18650610,0,21,71,8
4,21,18650419,0,21,71,8
6,20,18650610,0,21,71,7
8,5,18650820,0,21,71,2
9,5,18650920,0,21,71,2
8,27,18650821,0,21,71,12
6,27,18650616,0,21,71,12
6,22,18650603,0,21,71,9
4,21,18650424,0,21,71,8
8,22,18650823,0,21,71,9
4,1,18650427,0,22,71,1
8,6,18650807,0,22,71,3
6,21,18650619,0,22,71,8
1,1,18650112,0,22,71,1
5,0,18650501,0,22,71,0
10,0,18651016,0,22,71,0
9,24,18650927,0,22,71,10
1,1,18650113,0,22,71,1
6,20,18650623,0,22,71,7
11,0,18651124,0,22,71,0
6,22,18650622,0,22,71,9
10,0,18651030,0,22,71,0
10,0,18651021,0,22,71,0
4,0,18650420,0,22,71,0
9,5,18650918,0,22,71,2
10,23,18651002,0,22,71,10
6,20,18650601,0,22,71,7
6,0,18650621,0,22,71,0
8,5,18650826,0,22,71,2
5,0,18650508,0,22,71,0
6,22,18650620,0,22,71,9
1,3,18650130,0,22,71,1
6,0,18650610,0,22,71,0
5,23,18650502,0,22,71,10
10,0,18651026,0,22,71,0
5,20,18650511,0,22,71,7
9,21,18650903,0,22,71,8
7,6,18650728,0,22,71,3
9,20,18650914,0,22,71,7
4,21,18650418,0,22,71,8
9,5,18650915,0,22,71,2
4,1,18650402,0,22,71,1
5,20,18650525,0,22,71,7
11,1,18651104,0,22,71,1
4,27,18650425,0,22,71,12
5,24,18650524,0,22,71,10
8,27,18650818,0,22,71,12
8,1,18650829,0,22,71,1
8,5,18650817,0,22,71,2
10,27,18651002,0,22,71,12
5,13,18650522,0,22,71,4
5,2,18650527,0,22,71,1
4,4,18650426,0,22,71,1
10,16,18651010,0,22,71,4
5,2,18650509,0,22,71,1
5,1,18650508,0,22,71,1
6,26,18650605,0,22,71,12
7,16,18650722,0,22,71,4
8,28,18650824,0,22,71,13
5,19,18650523,0,22,71,6
3,1,18650312,0,22,71,1
1,4,18650129,0,22,71,1
6,13,18650609,0,22,71,4
6,19,18650603,0,22,71,6
8,13,18650816,0,22,71,4
5,2,18650513,0,22,71,1
3,3,18650306,0,22,71,1
6,26,18650608,0,22,71,12
7,26,18650724,0,22,71,12
10,27,18651001,0,22,71,12
5,16,18650529,0,22,71,4
6,19,18650605,0,22,71,6
5,16,18650520,0,22,71,4
5,13,18650515,0,22,71,4
8,26,18650821,0,22,71,12
8,26,18650825,0,22,71,12
8,26,18650826,0,22,71,12
5,26,18650521,0,22,71,12
12,1,18651211,0,22,71,1
11,3,18651114,0,22,71,1
9,6,18650902,0,22,71,3
6,16,18650623,0,22,71,4
11,3,18651115,0,22,71,1
6,2,18650624,0,22,71,1
6,26,18650627,0,22,71,12
9,26,18650904,0,22,71,12
7,13,18650712,0,22,71,4
9,26,18650918,0,22,71,12
9,26,18650926,0,22,71,12
9,26,18650909,0,22,71,12
7,19,18650706,0,22,71,6
9,26,18650907,0,22,71,12
9,26,18650901,0,22,71,12
10,0,18651031,0,22,71,0
6,16,18650622,0,22,71,4
7,26,18650703,0,22,71,12
7,16,18650702,0,22,71,4
9,16,18650922,0,22,71,4
9,26,18650910,0,22,71,12
12,4,18651209,0,22,71,1
2,3,18650209,0,22,71,1
9,16,18650925,0,22,71,4
4,19,18650423,0,22,71,6
9,19,18650926,0,22,71,6
5,5,18650512,0,22,71,2
3,3,18650322,0,22,71,1
4,0,18650429,0,22,71,0
7,27,18650716,0,22,71,12
4,23,18650423,0,22,71,10
8,27,18650827,0,22,71,12
8,6,18650822,0,22,71,3
6,5,18650617,0,22,71,2
6,6,18650628,0,22,71,3
9,22,18650903,0,22,71,9
4,21,18650425,0,22,71,8
6,21,18650609,0,22,71,8
7,22,18650704,0,22,71,9
4,5,18650424,0,22,71,2
4,24,18650423,0,22,71,10
9,5,18650930,0,22,71,2
12,1,18651217,0,22,71,1
5,27,18650528,0,22,71,12
5,27,18650519,0,22,71,12
4,27,18650421,0,22,71,12
8,27,18650819,0,22,71,12
4,3,18650424,0,22,71,1
6,27,18650603,0,22,71,12
9,22,18650917,0,22,71,9
2,3,18650211,0,22,71,1
8,6,18650826,0,22,71,3
8,27,18650806,0,22,71,12
2,3,18650204,0,22,71,1
9,1,18650926,0,22,71,1
4,23,18650414,0,22,71,10
8,22,18650803,0,22,71,9
1,3,18650122,0,22,71,1
9,23,18650929,0,22,71,10
4,23,18650420,0,22,71,10
6,22,18650630,0,22,71,9
8,27,18650820,0,22,71,12
9,23,18650930,0,22,71,10
6,5,18650620,0,22,71,2
1,1,18650111,0,22,71,1
9,27,18650918,0,22,71,12
9,27,18650909,0,22,71,12
3,1,18650302,0,22,72,1
7,27,18650722,0,22,72,12
10,0,18651014,0,22,72,0
5,27,18650504,0,22,72,12
11,0,18651109,0,22,72,0
6,0,18650603,0,22,72,0
6,21,18650620,0,22,72,8
6,0,18650609,0,22,72,0
6,0,18650601,0,22,72,0
6,0,18650620,0,22,72,0
6,6,18650602,0,22,72,3
9,20,18650903,0,22,72,7
5,0,18650527,0,22,72,0
7,21,18650711,0,22,72,8
6,20,18650604,0,22,72,7
5,22,18650503,0,22,72,9
6,0,18650608,0,22,72,0
11,0,18651110,0,22,72,0
10,0,18651028,0,22,72,0
12,1,18651227,0,22,72,1
4,5,18650428,0,22,72,2
10,0,18651012,0,22,72,0
9,5,18650901,0,22,72,2
6,0,18650607,0,22,72,0
6,0,18650606,0,22,72,0
6,5,18650623,0,22,72,2
5,22,18650527,0,22,72,9
9,21,18650926,0,22,72,8
1,3,18650124,0,22,72,1
10,3,18651008,0,22,72,1
9,21,18650927,0,22,72,8
8,20,18650825,0,22,72,7
4,1,18650428,0,22,72,1
11,3,18651113,0,22,72,1
9,27,18650916,0,22,72,12
7,27,18650705,0,22,72,12
4,19,18650428,0,22,72,6
1,4,18650127,0,22,72,1
10,1,18651023,0,22,72,1
5,26,18650522,0,22,72,12
7,6,18650730,0,22,72,3
8,28,18650823,0,22,72,13
2,3,18650221,0,22,72,1
5,13,18650529,0,22,72,4
4,1,18650410,0,22,72,1
12,4,18651208,0,22,72,1
6,13,18650621,0,22,72,4
1,3,18650111,0,22,72,1
4,1,18650404,0,22,72,1
7,16,18650710,0,22,72,4
8,13,18650821,0,22,72,4
5,26,18650523,0,22,72,12
5,16,18650530,0,22,72,4
2,1,18650209,0,22,72,1
9,26,18650906,0,22,72,12
2,4,18650223,0,22,72,1
5,19,18650524,0,22,72,6
1,1,18650116,0,22,72,1
7,26,18650705,0,22,72,12
4,19,18650424,0,22,72,6
3,1,18650307,0,22,72,1
7,20,18650704,0,22,72,7
3,4,18650307,0,22,72,1
7,26,18650714,0,22,72,12
6,26,18650613,0,22,72,12
9,3,18650926,0,22,72,1
10,4,18651004,0,22,72,1
12,4,18651212,0,22,72,1
1,4,18650101,0,22,72,1
6,26,18650626,0,22,72,12
6,6,18650608,0,22,72,3
8,16,18650830,0,22,72,4
7,19,18650723,0,22,72,6
9,6,18650928,0,22,72,3
7,16,18650701,0,22,72,4
8,16,18650827,0,22,72,4
6,2,18650623,0,22,72,1
7,26,18650725,0,22,72,12
7,13,18650708,0,22,72,4
11,4,18651128,0,22,72,1
6,20,18650603,0,22,72,7
4,3,18650416,0,22,72,1
10,28,18651013,0,22,72,13
6,19,18650604,0,22,72,6
2,4,18650206,0,22,72,1
6,26,18650604,0,22,72,12
10,4,18651006,0,22,72,1
9,28,18650923,0,22,72,13
9,26,18650915,0,22,72,12
5,13,18650520,0,22,72,4
4,23,18650418,0,22,72,10
8,22,18650814,0,22,72,9
1,3,18650117,0,22,72,1
5,6,18650507,0,22,72,3
5,22,18650520,0,22,72,9
12,1,18651208,0,22,72,1
10,5,18651001,0,22,72,2
8,5,18650815,0,22,72,2
3,1,18650306,0,22,72,1
9,22,18650927,0,22,72,9
6,5,18650605,0,22,72,2
7,27,18650728,0,22,72,12
12,1,18651206,0,22,72,1
4,5,18650414,0,22,72,2
7,22,18650729,0,22,72,9
10,24,18651003,0,22,72,10
2,1,18650211,0,22,72,1
3,3,18650316,0,22,72,1
9,3,18650916,0,22,72,1
5,23,18650521,0,22,72,10
8,21,18650815,0,22,72,8
3,1,18650309,0,22,72,1
9,23,18650926,0,22,72,10
2,3,18650217,0,22,72,1
12,1,18651212,0,22,72,1
4,23,18650417,0,22,72,10
4,6,18650416,0,22,72,3
11,1,18651105,0,22,72,1
6,21,18650622,0,22,72,8
3,1,18650308,0,22,72,1
5,21,18650503,0,22,72,8
6,27,18650609,0,22,72,12
4,23,18650410,0,22,72,10
8,1,18650826,0,22,72,1
10,1,18651008,0,22,72,1
7,6,18650724,0,22,72,3
4,24,18650412,0,22,72,10
11,1,18651106,0,22,72,1
6,27,18650612,0,22,72,12
8,27,18650831,0,22,72,12
9,1,18650924,0,22,72,1
8,21,18650826,0,22,72,8
6,0,18650617,0,22,72,0
5,0,18650531,0,22,72,0
12,1,18651204,0,22,72,1
9,27,18650917,0,22,72,12
5,0,18650510,0,22,72,0
6,0,18650602,0,22,72,0
5,0,18650529,0,22,72,0
9,27,18650904,0,22,72,12
7,5,18650703,0,22,72,2
5,23,18650512,0,22,72,10
7,21,18650704,0,22,72,8
8,23,18650807,0,22,72,10
9,27,18650925,0,22,72,12
5,23,18650518,0,22,72,10
8,22,18650810,0,22,72,9
9,21,18650911,0,22,72,8
6,5,18650629,0,22,72,2
10,1,18651022,0,23,73,1
7,27,18650720,0,23,73,12
7,6,18650729,0,23,73,3
6,22,18650623,0,23,73,9
11,1,18651115,0,23,73,1
4,1,18650414,0,23,73,1
8,20,18650814,0,23,73,7
5,6,18650509,0,23,73,3
8,5,18650818,0,23,73,2
5,24,18650501,0,23,73,10
9,24,18650930,0,23,73,10
8,6,18650809,0,23,73,3
3,3,18650315,0,23,73,1
6,6,18650601,0,23,73,3
6,6,18650605,0,23,73,3
4,6,18650427,0,23,73,3
7,20,18650710,0,23,73,7
9,20,18650917,0,23,73,7
9,6,18650921,0,23,73,3
4,6,18650419,0,23,73,3
12,3,18651215,0,23,73,1
7,27,18650708,0,23,73,12
9,6,18650920,0,23,73,3
11,1,18651117,0,23,73,1
1,3,18650126,0,23,73,1
7,19,18650703,0,23,73,6
6,26,18650630,0,23,73,12
8,13,18650812,0,23,73,4
3,4,18650321,0,23,73,1
6,21,18650630,0,23,73,8
7,19,18650724,0,23,73,6
8,13,18650829,0,23,73,4
1,1,18650130,0,23,73,1
6,19,18650630,0,23,73,6
8,1,18650821,0,23,73,1
5,16,18650516,0,23,73,4
8,6,18650814,0,23,73,3
9,13,18650928,0,23,73,4
6,26,18650606,0,23,73,12
4,1,18650419,0,23,73,1
8,20,18650815,0,23,73,7
4,19,18650425,0,23,73,6
10,1,18651028,0,23,73,1
7,16,18650717,0,23,73,4
6,5,18650625,0,23,73,2
3,1,18650325,0,23,73,1
9,6,18650926,0,23,73,3
3,4,18650329,0,23,73,1
3,4,18650310,0,23,73,1
12,4,18651231,0,23,73,1
6,6,18650607,0,23,73,3
6,19,18650625,0,23,73,6
12,1,18651226,0,23,73,1
6,19,18650606,0,23,73,6
10,4,18651025,0,23,73,1
10,1,18651031,0,23,73,1
7,16,18650705,0,23,73,4
9,21,18650921,0,23,73,8
7,13,18650710,0,23,73,4
7,22,18650731,0,23,73,9
7,26,18650706,0,23,73,12
9,13,18650922,0,23,73,4
5,21,18650527,0,23,73,8
4,1,18650422,0,23,73,1
12,4,18651226,0,23,73,1
9,28,18650918,0,23,73,13
9,6,18650903,0,23,73,3
9,5,18650903,0,23,73,2
7,21,18650729,0,23,73,8
9,1,18650923,0,23,73,1
12,1,18651207,0,23,73,1
5,13,18650530,0,23,73,4
7,19,18650726,0,23,73,6
7,16,18650709,0,23,73,4
9,16,18650929,0,23,73,4
7,16,18650712,0,23,73,4
9,26,18650905,0,23,73,12
3,4,18650303,0,23,73,1
6,16,18650603,0,23,73,4
5,6,18650503,0,23,73,3
7,27,18650713,0,23,73,12
10,24,18651001,0,23,73,10
8,6,18650820,0,23,73,3
9,21,18650928,0,23,73,8
9,6,18650915,0,23,73,3
9,21,18650922,0,23,73,8
6,6,18650620,0,23,73,3
10,23,18651001,0,23,73,10
2,1,18650202,0,23,73,1
9,0,18650929,0,23,73,0
8,22,18650802,0,23,73,9
5,23,18650501,0,23,73,10
9,27,18650905,0,23,73,12
5,6,18650504,0,23,73,3
10,0,18651019,0,23,73,0
8,22,18650829,0,23,73,9
10,0,18651011,0,23,73,0
4,6,18650418,0,23,73,3
8,20,18650821,0,23,73,7
9,22,18650911,0,23,73,9
10,0,18651018,0,23,73,0
8,5,18650804,0,23,73,2
11,0,18651125,0,23,73,0
6,0,18650612,0,23,73,0
4,6,18650420,0,23,73,3
6,27,18650624,0,23,73,12
7,5,18650712,0,23,73,2
10,0,18651027,0,23,73,0
4,24,18650413,0,23,73,10
8,21,18650816,0,23,73,8
9,6,18650914,0,23,73,3
7,21,18650728,0,23,73,8
7,20,18650711,0,23,73,7
6,0,18650616,0,23,73,0
10,0,18651017,0,23,73,0
6,0,18650615,0,23,73,0
8,27,18650826,0,23,73,12
5,24,18650506,0,23,74,10
8,27,18650808,0,23,74,12
4,6,18650422,0,23,74,3
5,24,18650512,0,23,74,10
11,1,18651118,0,23,74,1
9,1,18650922,0,23,74,1
5,22,18650510,0,23,74,9
4,5,18650425,0,23,74,2
9,24,18650929,0,23,74,10
7,6,18650725,0,23,74,3
10,1,18651011,0,23,74,1
2,1,18650212,0,23,74,1
1,1,18650103,0,23,74,1
1,3,18650128,0,23,74,1
6,0,18650622,0,23,74,0
2,1,18650221,0,23,74,1
2,1,18650208,0,23,74,1
10,3,18651030,0,23,74,1
4,19,18650427,0,23,74,6
4,20,18650414,0,23,74,7
4,20,18650425,0,23,74,7
4,19,18650426,0,23,74,6
3,1,18650311,0,23,74,1
4,4,18650404,0,23,74,1
3,1,18650321,0,23,74,1
3,3,18650321,0,23,74,1
8,16,18650813,0,23,74,4
9,1,18650925,0,23,74,1
9,16,18650916,0,23,74,4
11,4,18651121,0,23,74,1
8,16,18650816,0,23,74,4
6,21,18650623,0,23,74,8
12,4,18651205,0,23,74,1
12,4,18651213,0,23,74,1
6,13,18650608,0,23,74,4
6,16,18650621,0,23,74,4
11,1,18651126,0,23,74,1
9,26,18650902,0,23,74,12
5,16,18650517,0,23,74,4
10,3,18651009,0,23,74,1
12,3,18651220,0,23,74,1
10,28,18651007,0,23,74,13
7,19,18650704,0,23,74,6
10,24,18651002,0,23,74,10
12,4,18651229,0,23,74,1
7,26,18650704,0,23,74,12
9,28,18650920,0,23,74,13
9,5,18650904,0,23,74,2
6,16,18650606,0,23,74,4
11,3,18651108,0,23,74,1
8,16,18650818,0,23,74,4
8,13,18650825,0,23,74,4
7,26,18650702,0,23,74,12
12,3,18651231,0,23,74,1
7,26,18650723,0,23,74,12
7,6,18650723,0,23,74,3
1,3,18650116,0,23,74,1
7,26,18650722,0,23,74,12
7,6,18650722,0,23,74,3
7,20,18650701,0,23,74,7
7,13,18650721,0,23,74,4
2,1,18650213,0,23,74,1
9,13,18650929,0,23,74,4
7,19,18650702,0,23,74,6
3,4,18650309,0,23,74,1
12,4,18651207,0,23,74,1
8,0,18650819,0,23,74,0
8,20,18650824,0,23,74,7
3,3,18650309,0,23,74,1
8,21,18650802,0,23,74,8
12,1,18651205,0,23,74,1
5,27,18650522,0,23,74,12
5,23,18650508,0,23,74,10
4,23,18650411,0,23,74,10
8,5,18650823,0,23,74,2
4,23,18650413,0,23,74,10
10,1,18651024,0,23,74,1
5,23,18650516,0,23,74,10
5,27,18650521,0,23,74,12
5,6,18650526,0,23,74,3
4,6,18650424,0,23,74,3
11,1,18651110,0,23,74,1
5,23,18650507,0,23,74,10
5,6,18650520,0,23,74,3
8,6,18650813,0,23,74,3
11,1,18651107,0,24,74,1
6,0,18650614,0,24,74,0
6,0,18650613,0,24,74,0
1,3,18650125,0,24,74,1
6,27,18650604,0,24,74,12
4,6,18650421,0,24,74,3
10,0,18651005,0,24,74,0
6,0,18650623,0,24,74,0
4,23,18650421,0,24,74,10
5,21,18650508,0,24,74,8
8,24,18650831,0,24,74,10
5,22,18650514,0,24,74,9
5,24,18650514,0,24,74,10
10,0,18651013,0,24,74,0
6,23,18650616,0,24,74,10
8,21,18650801,0,24,74,8
6,0,18650624,0,24,74,0
5,0,18650506,0,24,74,0
10,0,18651007,0,24,74,0
10,0,18651006,0,24,74,0
6,23,18650617,0,24,74,10
9,5,18650905,0,24,74,2
4,27,18650426,0,24,74,12
9,20,18650905,0,24,74,7
7,21,18650731,0,24,74,8
8,22,18650827,0,24,74,9
9,6,18650910,0,24,74,3
8,21,18650810,0,24,74,8
8,20,18650810,0,24,74,7
5,6,18650528,0,24,74,3
9,27,18650910,0,24,74,12
8,20,18650816,0,24,74,7
5,27,18650525,0,24,74,12
6,27,18650614,0,24,74,12
5,20,18650514,0,24,74,7
10,1,18651026,0,24,75,1
7,6,18650731,0,24,75,3
4,1,18650408,0,24,75,1
6,6,18650606,0,24,75,3
12,3,18651201,0,24,75,1
9,6,18650909,0,24,75,3
5,6,18650505,0,24,75,3
9,3,18650901,0,24,75,1
10,3,18651014,0,24,75,1
6,27,18650613,0,24,75,12
11,1,18651109,0,24,75,1
9,21,18650917,0,24,75,8
5,5,18650525,0,24,75,2
8,22,18650816,0,24,75,9
9,27,18650911,0,24,75,12
5,20,18650531,0,24,75,7
8,1,18650827,0,24,75,1
6,5,18650622,0,24,75,2
8,5,18650809,0,24,75,2
6,6,18650622,0,24,75,3
6,27,18650605,0,24,75,12
8,22,18650815,0,24,75,9
5,20,18650508,0,24,75,7
4,23,18650416,0,24,75,10
7,6,18650703,0,24,75,3
10,0,18651023,0,24,75,0
4,24,18650429,0,24,75,10
11,4,18651110,0,24,75,1
8,20,18650827,0,24,75,7
6,16,18650626,0,24,75,4
2,1,18650219,0,24,75,1
7,16,18650729,0,24,75,4
6,19,18650627,0,24,75,6
8,5,18650827,0,24,75,2
8,16,18650801,0,24,75,4
12,4,18651230,0,24,75,1
2,1,18650217,0,24,75,1
7,6,18650709,0,24,75,3
9,26,18650914,0,24,75,12
11,4,18651129,0,24,75,1
7,13,18650701,0,24,75,4
7,16,18650703,0,24,75,4
7,26,18650701,0,24,75,12
9,27,18650902,0,24,75,12
10,4,18651026,0,24,75,1
7,13,18650724,0,24,75,4
4,4,18650407,0,24,75,1
8,13,18650810,0,24,75,4
1,4,18650126,0,24,75,1
8,16,18650804,0,24,75,4
11,1,18651108,0,24,75,1
6,19,18650610,0,24,75,6
6,26,18650616,0,24,75,12
7,16,18650724,0,24,75,4
8,13,18650804,0,24,75,4
2,4,18650227,0,24,75,1
6,19,18650608,0,24,75,6
6,16,18650608,0,24,75,4
6,19,18650623,0,24,75,6
8,16,18650807,0,24,75,4
1,3,18650101,0,24,75,1
9,13,18650915,0,24,75,4
1,1,18650125,0,24,75,1
6,2,18650622,0,24,75,1
4,3,18650427,0,24,75,1
3,1,18650320,0,24,75,1
8,13,18650817,0,24,75,4
6,13,18650613,0,24,75,4
9,13,18650918,0,24,75,4
6,2,18650621,0,24,75,1
4,4,18650405,0,24,75,1
8,13,18650808,0,24,75,4
6,5,18650601,0,24,75,2
5,5,18650527,0,24,75,2
10,0,18651010,0,24,75,0
9,24,18650926,0,24,75,10
7,27,18650701,0,24,75,12
6,23,18650604,0,24,75,10
9,23,18650924,0,24,75,10
4,5,18650415,0,24,75,2
9,5,18650914,0,24,75,2
8,6,18650811,0,24,75,3
5,23,18650506,0,24,75,10
4,6,18650423,0,24,75,3
9,23,18650925,0,24,75,10
2,1,18650210,0,24,75,1
1,1,18650123,0,24,75,1
5,21,18650506,0,24,75,8
6,5,18650621,0,24,75,2
12,1,18651224,0,24,75,1
6,27,18650626,0,24,75,12
8,5,18650824,0,24,75,2
2,3,18650218,0,24,75,1
1,1,18650106,0,24,75,1
1,1,18650124,0,24,75,1
5,23,18650524,0,24,75,10
5,5,18650513,0,24,75,2
7,6,18650713,0,24,76,3
4,24,18650411,0,24,76,10
8,6,18650812,0,24,76,3
7,6,18650707,0,24,76,3
5,20,18650506,0,24,76,7
7,27,18650702,0,24,76,12
9,27,18650919,0,24,76,12
3,1,18650319,0,24,76,1
1,1,18650118,0,24,76,1
1,1,18650104,0,24,76,1
9,27,18650912,0,24,76,12
9,6,18650916,0,24,76,3
8,5,18650808,0,24,76,2
9,3,18650920,0,24,76,1
4,1,18650416,0,24,76,1
1,3,18650110,0,24,76,1
5,5,18650507,0,24,76,2
9,0,18650928,0,24,76,0
9,27,18650906,0,24,76,12
7,5,18650704,0,24,76,2
9,6,18650904,0,24,76,3
11,3,18651116,0,24,76,1
4,23,18650419,0,24,76,10
5,20,18650527,0,24,76,7
4,24,18650428,0,24,76,10
5,22,18650529,0,24,76,9
12,1,18651213,0,24,76,1
8,1,18650822,0,24,76,1
9,27,18650901,0,24,76,12
4,3,18650417,0,24,76,1
8,16,18650821,0,24,76,4
7,13,18650725,0,24,76,4
1,1,18650120,0,24,76,1
8,16,18650808,0,24,76,4
7,6,18650726,0,24,76,3
8,13,18650818,0,24,76,4
8,13,18650807,0,24,76,4
8,16,18650825,0,24,76,4
3,4,18650327,0,24,76,1
7,16,18650720,0,24,76,4
6,13,18650623,0,24,76,4
9,13,18650916,0,24,76,4
5,21,18650514,0,24,76,8
6,26,18650619,0,24,76,12
9,4,18650920,0,24,76,1
6,16,18650616,0,24,76,4
9,13,18650923,0,24,76,4
5,5,18650504,0,24,76,2
6,19,18650611,0,24,76,6
9,28,18650927,0,24,76,13
10,1,18651001,0,24,76,1
5,24,18650503,0,24,76,10
6,19,18650607,0,24,76,6
6,24,18650605,0,24,76,10
10,28,18651008,0,24,76,13
12,3,18651221,0,24,76,1
5,23,18650511,0,24,76,10
10,28,18651011,0,24,76,13
5,6,18650522,0,24,76,3
6,19,18650624,0,24,76,6
9,23,18650913,0,24,76,10
6,13,18650620,0,24,76,4
4,4,18650419,0,24,76,1
7,13,18650718,0,24,76,4
8,23,18650831,0,24,76,10
7,5,18650714,0,24,76,2
7,16,18650711,0,24,76,4
7,13,18650711,0,24,76,4
12,1,18651209,0,24,76,1
12,1,18651210,0,24,76,1
5,6,18650508,0,24,76,3
2,4,18650212,0,24,76,1
4,1,18650417,0,24,76,1
5,23,18650505,0,24,76,10
4,1,18650418,0,24,76,1
9,28,18650909,0,24,76,13
6,16,18650630,0,24,76,4
7,19,18650701,0,24,76,6
9,16,18650910,0,24,76,4
9,6,18650917,0,24,76,3
3,1,18650327,0,24,76,1
6,21,18650602,0,24,76,8
4,23,18650412,0,24,76,10
6,5,18650603,0,24,76,2
10,0,18651003,0,24,76,0
8,5,18650821,0,24,76,2
10,0,18651002,0,24,76,0
5,20,18650504,0,24,76,7
11,3,18651119,0,24,76,1
3,1,18650326,0,24,76,1
10,3,18651016,0,24,76,1
5,20,18650509,0,25,76,7
5,23,18650503,0,25,76,10
5,5,18650511,0,25,76,2
9,23,18650923,0,25,76,10
3,1,18650322,0,25,76,1
12,1,18651225,0,25,76,1
4,5,18650426,0,25,76,2
4,24,18650416,0,25,76,10
7,27,18650704,0,25,76,12
11,3,18651130,0,25,76,1
5,23,18650523,0,25,76,10
6,20,18650624,0,25,76,7
12,1,18651218,0,25,76,1
12,1,18651216,0,25,76,1
11,1,18651111,0,25,76,1
11,1,18651127,0,25,76,1
1,1,18650101,0,25,76,1
4,6,18650417,0,25,76,3
1,1,18650126,0,25,76,1
9,27,18650926,0,25,76,12
5,24,18650516,0,25,76,10
7,20,18650729,0,25,76,7
7,20,18650723,0,25,76,7
6,23,18650613,0,25,77,10
6,5,18650602,0,25,77,2
7,5,18650701,0,25,77,2
2,3,18650223,0,25,77,1
4,1,18650420,0,25,77,1
2,1,18650218,0,25,77,1
7,5,18650723,0,25,77,2
8,21,18650827,0,25,77,8
4,23,18650429,0,25,77,10
5,21,18650504,0,25,77,8
6,6,18650629,0,25,77,3
5,22,18650506,0,25,77,9
5,23,18650515,0,25,77,10
9,22,18650905,0,25,77,9
6,24,18650604,0,25,77,10
4,3,18650420,0,25,77,1
7,20,18650714,0,25,77,7
2,1,18650222,0,25,77,1
7,27,18650714,0,25,77,12
4,23,18650428,0,25,77,10
9,27,18650913,0,25,77,12
3,3,18650302,0,25,77,1
6,16,18650611,0,25,77,4
6,6,18650610,0,25,77,3
6,19,18650613,0,25,77,6
6,5,18650610,0,25,77,2
6,5,18650604,0,25,77,2
6,19,18650609,0,25,77,6
6,6,18650609,0,25,77,3
6,26,18650607,0,25,77,12
8,13,18650826,0,25,77,4
5,21,18650529,0,25,77,8
9,0,18650912,0,25,77,0
9,16,18650912,0,25,77,4
9,1,18650910,0,25,77,1
6,26,18650618,0,25,77,12
7,13,18650703,0,25,77,4
6,6,18650621,0,25,77,3
8,5,18650825,0,25,77,2
8,16,18650820,0,25,77,4
11,1,18651121,0,25,77,1
8,16,18650814,0,25,77,4
8,13,18650809,0,25,77,4
7,13,18650731,0,25,77,4
9,13,18650901,0,25,77,4
9,0,18650902,0,25,77,0
7,13,18650726,0,25,77,4
9,0,18650904,0,25,77,0
7,13,18650722,0,25,77,4
7,13,18650720,0,25,77,4
9,21,18650905,0,25,77,8
9,0,18650906,0,25,77,0
7,28,18650712,0,25,77,13
9,16,18650906,0,25,77,4
7,6,18650708,0,25,77,3
7,22,18650706,0,25,77,9
7,16,18650706,0,25,77,4
7,0,18650706,0,25,77,0
7,13,18650704,0,25,77,4
7,0,18650704,0,25,77,0
5,23,18650510,0,25,77,10
6,13,18650630,0,25,77,4
6,0,18650626,0,25,77,0
6,0,18650619,0,25,77,0
9,0,18650915,0,25,77,0
7,19,18650705,0,25,77,6
10,3,18651004,0,25,77,1
9,0,18650921,0,25,77,0
10,1,18651015,0,25,77,1
5,20,18650505,0,25,77,7
2,1,18650214,0,25,77,1
10,1,18651004,0,25,77,1
9,0,18650927,0,25,77,0
9,0,18650922,0,25,77,0
4,23,18650424,0,25,77,10
9,0,18650930,0,25,77,0
2,1,18650204,0,25,77,1
10,0,18651004,0,25,77,0
3,1,18650310,0,25,77,1
4,1,18650405,0,25,77,1
12,3,18651204,0,25,77,1
7,27,18650721,0,25,77,12
9,1,18650911,0,25,77,1
9,27,18650903,0,25,77,12
8,5,18650810,0,25,77,2
5,21,18650510,0,25,77,8
7,21,18650730,0,25,77,8
12,3,18651212,0,25,77,1
5,24,18650507,0,25,77,10
11,1,18651114,0,25,77,1
6,27,18650619,0,25,77,12
6,27,18650627,0,25,77,12
6,27,18650607,0,25,77,12
5,24,18650511,0,25,77,10
8,20,18650801,0,25,77,7
3,1,18650328,0,25,77,1
12,1,18651230,0,25,77,1
7,6,18650720,0,25,77,3
3,1,18650301,0,25,77,1
9,24,18650925,0,25,77,10
6,27,18650608,0,25,78,12
4,24,18650418,0,25,78,10
5,6,18650521,0,25,78,3
9,6,18650906,0,25,78,3
5,6,18650529,0,25,78,3
7,22,18650714,0,25,78,9
5,22,18650504,0,25,78,9
5,22,18650515,0,25,78,9
8,5,18650802,0,25,78,2
8,5,18650803,0,25,78,2
2,1,18650205,0,25,78,1
9,27,18650915,0,25,78,12
2,1,18650215,0,25,78,1
7,6,18650727,0,25,78,3
3,1,18650329,0,25,78,1
6,24,18650613,0,25,78,10
5,5,18650509,0,25,78,2
5,20,18650520,0,25,78,7
4,23,18650427,0,25,78,10
5,22,18650509,0,25,78,9
5,6,18650527,0,25,78,3
5,24,18650505,0,25,78,10
4,24,18650424,0,25,78,10
4,24,18650419,0,25,78,10
5,24,18650510,0,25,78,10
5,21,18650520,0,26,78,8
3,3,18650313,0,26,78,1
12,3,18651224,0,26,78,1
7,5,18650711,0,26,78,2
5,5,18650516,0,26,78,2
12,1,18651228,0,26,78,1
7,6,18650721,0,26,78,3
7,0,18650727,0,26,78,0
7,6,18650718,0,26,78,3
9,0,18650905,0,26,78,0
9,0,18650913,0,26,78,0
9,0,18650918,0,26,78,0
4,3,18650425,0,26,78,1
5,5,18650520,0,26,78,2
7,0,18650705,0,26,78,0
9,0,18650914,0,26,78,0
9,0,18650926,0,26,78,0
5,21,18650515,0,26,78,8
9,0,18650920,0,26,78,0
9,0,18650923,0,26,78,0
9,0,18650916,0,26,78,0
1,1,18650127,0,26,78,1
7,22,18650705,0,26,78,9
6,5,18650624,0,26,78,2
9,16,18650901,0,26,78,4
1,4,18650103,0,26,78,1
10,28,18651006,0,26,78,13
8,5,18650822,0,26,78,2
7,16,18650723,0,26,78,4
10,28,18651009,0,26,78,13
8,16,18650809,0,26,78,4
9,16,18650915,0,26,78,4
8,16,18650806,0,26,78,4
7,13,18650727,0,26,78,4
7,13,18650728,0,26,78,4
2,4,18650213,0,26,78,1
8,22,18650801,0,26,78,9
11,1,18651130,0,26,78,1
9,23,18650901,0,26,78,10
12,3,18651226,0,26,78,1
9,28,18650910,0,26,78,13
6,13,18650615,0,26,78,4
6,19,18650612,0,26,78,6
6,13,18650612,0,26,78,4
6,16,18650620,0,26,78,4
6,19,18650626,0,26,78,6
4,24,18650420,0,26,78,10
9,28,18650924,0,26,78,13
3,1,18650315,0,26,78,1
3,4,18650313,0,26,78,1
2,1,18650226,0,26,78,1
9,1,18650927,0,26,78,1
9,28,18650928,0,26,78,13
7,16,18650708,0,26,78,4
9,28,18650926,0,26,78,13
5,23,18650527,0,26,78,10
9,13,18650906,0,26,78,4
9,20,18650911,0,26,78,7
5,5,18650528,0,26,78,2
5,13,18650531,0,26,78,4
5,23,18650525,0,26,78,10
4,24,18650417,0,26,78,10
5,24,18650517,0,26,78,10
7,27,18650715,0,26,78,12
8,0,18650807,0,26,78,0
8,0,18650816,0,26,78,0
2,1,18650206,0,26,78,1
7,27,18650726,0,26,78,12
9,1,18650930,0,26,78,1
1,1,18650128,0,26,78,1
7,21,18650722,0,26,78,8
12,1,18651203,0,26,78,1
8,24,18650822,0,26,78,10
7,22,18650728,0,26,78,9
6,22,18650624,0,26,78,9
5,5,18650508,0,26,78,2
7,24,18650725,0,26,78,10
5,5,18650514,0,26,78,2
5,27,18650520,0,26,78,12
4,1,18650406,0,26,78,1
11,1,18651102,0,26,78,1
9,24,18650913,0,26,78,10
9,20,18650908,0,26,78,7
7,22,18650723,0,26,79,9
12,1,18651201,0,26,79,1
5,21,18650524,0,26,79,8
7,22,18650722,0,26,79,9
4,23,18650426,0,26,79,10
9,24,18650924,0,26,79,10
8,6,18650810,0,26,79,3
9,21,18650908,0,26,79,8
1,1,18650107,0,26,79,1
9,5,18650906,0,26,79,2
1,1,18650119,0,26,79,1
7,21,18650726,0,26,79,8
5,20,18650510,0,26,79,7
8,0,18650811,0,26,79,0
7,0,18650728,0,26,79,0
7,0,18650725,0,26,79,0
9,0,18650901,0,26,79,0
8,0,18650808,0,26,79,0
5,23,18650504,0,26,79,10
7,0,18650703,0,26,79,0
8,0,18650817,0,26,79,0
7,0,18650701,0,26,79,0
5,21,18650509,0,26,79,8
7,0,18650707,0,26,79,0
8,0,18650830,0,26,79,0
4,24,18650421,0,26,79,10
6,23,18650623,0,26,79,10
6,23,18650618,0,26,79,10
7,0,18650726,0,26,79,0
5,23,18650526,0,26,79,10
7,21,18650723,0,26,79,8
9,0,18650919,0,26,79,0
8,0,18650805,0,26,79,0
5,23,18650514,0,26,79,10
9,20,18650906,0,26,79,7
9,16,18650911,0,26,79,4
5,20,18650529,0,26,79,7
5,13,18650516,0,26,79,4
9,20,18650907,0,26,79,7
5,24,18650525,0,26,79,10
5,24,18650518,0,26,79,10
7,6,18650704,0,26,79,3
6,26,18650621,0,26,79,12
5,5,18650521,0,26,79,2
4,1,18650426,0,26,79,1
4,23,18650425,0,26,79,10
12,3,18651222,0,26,79,1
7,13,18650705,0,26,79,4
6,13,18650602,0,26,79,4
3,1,18650313,0,26,79,1
2,1,18650225,0,26,79,1
10,1,18651017,0,26,79,1
5,16,18650531,0,26,79,4
6,28,18650615,0,26,79,13
3,1,18650316,0,26,79,1
6,16,18650629,0,26,79,4
8,28,18650825,0,26,79,13
8,24,18650804,0,26,79,10
1,3,18650123,0,26,79,1
9,24,18650923,0,26,79,10
3,1,18650330,0,26,79,1
9,22,18650908,0,26,79,9
6,16,18650607,0,26,79,4
12,3,18651213,0,26,79,1
7,27,18650725,0,26,79,12
6,26,18650620,0,26,79,12
9,3,18650922,0,26,79,1
8,16,18650819,0,26,79,4
8,13,18650819,0,26,79,4
9,27,18650907,0,26,79,12
8,13,18650805,0,26,79,4
9,1,18650921,0,26,79,1
7,20,18650731,0,26,79,7
7,6,18650719,0,26,79,3
9,6,18650905,0,26,79,3
7,27,18650724,0,26,79,12
6,24,18650630,0,26,79,10
6,24,18650616,0,26,79,10
6,21,18650624,0,26,79,8
7,22,18650730,0,26,79,9
8,0,18650810,0,26,79,0
8,24,18650811,0,26,79,10
6,24,18650617,0,26,79,10
5,24,18650522,0,26,79,10
6,6,18650623,0,26,79,3
4,24,18650427,0,26,79,10
8,21,18650812,0,26,79,8
11,1,18651119,0,26,79,1
4,3,18650403,0,26,79,1
5,24,18650504,0,26,79,10
5,5,18650505,0,26,79,2
1,3,18650120,0,26,79,1
9,23,18650914,0,26,79,10
4,3,18650414,0,26,79,1
7,27,18650723,0,26,79,12
9,5,18650907,0,26,79,2
7,23,18650725,0,26,79,10
3,1,18650323,0,26,79,1
7,23,18650726,0,26,79,10
1,1,18650109,0,26,80,1
4,1,18650412,0,26,80,1
12,1,18651231,0,26,80,1
5,20,18650521,0,26,80,7
4,1,18650401,0,26,80,1
9,21,18650909,0,26,80,8
10,1,18651006,0,26,80,1
3,1,18650304,0,26,80,1
9,21,18650910,0,26,80,8
2,3,18650216,0,26,80,1
8,23,18650808,0,26,80,10
8,0,18650818,0,26,80,0
8,0,18650804,0,26,80,0
8,5,18650830,0,26,80,2
7,0,18650710,0,26,80,0
8,20,18650811,0,26,80,7
12,3,18651214,0,26,80,1
8,0,18650812,0,26,80,0
6,0,18650628,0,26,80,0
1,1,18650131,0,27,80,1
8,6,18650827,0,27,80,3
9,6,18650908,0,27,80,3
2,3,18650205,0,27,80,1
7,27,18650703,0,27,80,12
5,5,18650506,0,27,80,2
5,6,18650523,0,27,80,3
7,20,18650705,0,27,80,7
9,24,18650914,0,27,80,10
5,21,18650528,0,27,80,8
3,3,18650312,0,27,80,1
7,21,18650705,0,27,80,8
9,21,18650907,0,27,80,8
4,24,18650426,0,27,80,10
7,28,18650711,0,27,80,13
6,16,18650624,0,27,80,4
7,28,18650714,0,27,80,13
9,16,18650902,0,27,80,4
7,0,18650724,0,27,80,0
11,3,18651127,0,27,80,1
9,13,18650907,0,27,80,4
9,1,18650904,0,27,80,1
6,13,18650629,0,27,80,4
7,28,18650717,0,27,80,13
9,13,18650911,0,27,80,4
6,19,18650622,0,27,80,6
8,13,18650815,0,27,80,4
5,24,18650523,0,27,80,10
8,28,18650817,0,27,80,13
6,13,18650601,0,27,80,4
9,13,18650912,0,27,80,4
3,4,18650328,0,27,80,1
9,28,18650929,0,27,80,13
6,19,18650616,0,27,80,6
4,1,18650407,0,27,80,1
8,24,18650805,0,27,80,10
1,4,18650104,0,27,80,1
6,16,18650618,0,27,80,4
8,16,18650805,0,27,80,4
8,13,18650814,0,27,80,4
2,1,18650223,0,27,80,1
8,16,18650826,0,27,80,4
6,20,18650630,0,27,80,7
9,23,18650922,0,27,80,10
7,6,18650714,0,27,80,3
9,22,18650907,0,27,80,9
7,22,18650727,0,27,80,9
5,24,18650509,0,27,80,10
7,21,18650724,0,27,80,8
5,21,18650521,0,27,80,8
1,1,18650108,0,27,80,1
5,23,18650509,0,27,80,10
8,21,18650829,0,27,80,8
7,22,18650709,0,27,80,9
3,1,18650314,0,27,80,1
9,27,18650914,0,27,80,12
5,21,18650523,0,27,80,8
9,24,18650901,0,27,80,10
8,23,18650804,0,27,80,10
7,23,18650701,0,27,80,10
7,0,18650714,0,27,81,0
7,0,18650721,0,27,81,0
5,21,18650505,0,27,81,8
9,0,18650925,0,27,81,0
6,0,18650627,0,27,81,0
8,0,18650814,0,27,81,0
8,0,18650826,0,27,81,0
9,21,18650906,0,27,81,8
9,0,18650908,0,27,81,0
7,0,18650708,0,27,81,0
9,22,18650910,0,27,81,9
7,21,18650725,0,27,81,8
6,24,18650612,0,27,81,10
6,24,18650619,0,27,81,10
5,22,18650528,0,27,81,9
8,21,18650811,0,27,81,8
7,21,18650727,0,27,81,8
7,24,18650701,0,27,81,10
6,23,18650606,0,27,81,10
5,22,18650521,0,27,81,9
9,16,18650913,0,27,81,4
5,13,18650517,0,27,81,4
6,16,18650619,0,27,81,4
1,1,18650102,0,27,81,1
11,4,18651101,0,27,81,1
7,13,18650707,0,27,81,4
9,16,18650907,0,27,81,4
6,28,18650626,0,27,81,13
6,19,18650614,0,27,81,6
6,24,18650629,0,27,81,10
9,20,18650909,0,27,81,7
9,28,18650921,0,27,81,13
1,1,18650129,0,27,81,1
9,13,18650905,0,27,81,4
7,16,18650704,0,27,81,4
7,16,18650725,0,27,81,4
8,16,18650802,0,27,81,4
8,16,18650810,0,27,81,4
8,24,18650814,0,27,81,10
7,0,18650729,0,27,81,0
7,6,18650705,0,27,81,3
11,1,18651116,0,27,81,1
7,20,18650730,0,27,81,7
7,21,18650714,0,27,81,8
9,5,18650908,0,27,81,2
9,24,18650920,0,27,81,10
9,24,18650917,0,27,81,10
8,24,18650816,0,27,81,10
4,24,18650425,0,27,81,10
5,22,18650505,0,27,81,9
8,24,18650815,0,27,81,10
8,24,18650818,0,27,81,10
9,22,18650906,0,27,81,9
1,1,18650121,0,27,81,1
5,24,18650508,0,28,82,10
5,23,18650517,0,28,82,10
5,24,18650526,0,28,82,10
8,0,18650829,0,28,82,0
9,6,18650907,0,28,82,3
9,23,18650919,0,28,82,10
8,22,18650811,0,28,82,9
9,1,18650901,0,28,82,1
8,23,18650805,0,28,82,10
6,23,18650614,0,28,82,10
6,24,18650611,0,28,82,10
8,5,18650828,0,28,82,2
9,24,18650922,0,28,82,10
6,23,18650628,0,28,82,10
5,20,18650528,0,28,82,7
7,21,18650706,0,28,82,8
2,1,18650227,0,28,82,1
8,5,18650816,0,28,82,2
6,24,18650623,0,28,82,10
8,24,18650806,0,28,82,10
9,24,18650921,0,28,82,10
8,24,18650820,0,28,82,10
3,3,18650330,0,28,82,1
6,28,18650616,0,28,82,13
6,13,18650616,0,28,82,4
8,28,18650818,0,28,82,13
6,23,18650615,0,28,82,10
7,28,18650715,0,28,82,13
6,28,18650614,0,28,82,13
9,28,18650917,0,28,82,13
8,28,18650810,0,28,82,13
6,24,18650626,0,28,82,10
9,13,18650902,0,28,82,4
9,28,18650908,0,28,82,13
8,13,18650801,0,28,82,4
7,24,18650713,0,28,82,10
7,16,18650727,0,28,82,4
5,5,18650531,0,28,82,2
9,24,18650915,0,28,82,10
7,28,18650710,0,28,82,13
9,13,18650914,0,28,82,4
9,22,18650909,0,28,82,9
9,20,18650910,0,28,82,7
7,16,18650707,0,28,82,4
6,23,18650625,0,28,82,10
5,21,18650522,0,28,82,8
4,1,18650411,0,28,82,1
9,16,18650917,0,28,82,4
6,28,18650612,0,28,82,13
5,20,18650515,0,28,82,7
9,28,18650925,0,28,82,13
8,28,18650828,0,28,82,13
8,6,18650828,0,28,82,3
7,16,18650726,0,28,82,4
3,1,18650317,0,28,82,1
7,20,18650722,0,28,82,7
2,4,18650215,0,28,82,1
7,16,18650718,0,28,82,4
9,28,18650930,0,28,82,13
10,28,18651001,0,28,82,13
7,5,18650729,0,28,82,2
7,20,18650709,0,28,82,7
10,3,18651006,0,28,82,1
9,23,18650920,0,28,82,10
8,24,18650823,0,28,82,10
6,24,18650606,0,28,82,10
7,0,18650713,0,28,82,0
5,20,18650522,0,28,82,7
9,0,18650907,0,28,82,0
6,0,18650630,0,28,82,0
9,0,18650911,0,28,82,0
10,0,18651009,0,28,82,0
7,5,18650705,0,28,82,2
11,1,18651123,0,28,82,1
5,5,18650522,0,28,82,2
12,1,18651229,0,28,82,1
5,5,18650510,0,28,82,2
9,24,18650916,0,28,82,10
9,0,18650909,0,28,82,0
6,27,18650621,0,28,82,12
8,0,18650831,0,28,82,0
6,27,18650622,0,28,82,12
6,24,18650614,0,28,82,10
8,23,18650821,0,28,83,10
7,24,18650702,0,28,83,10
7,21,18650709,0,28,83,8
7,24,18650712,0,28,83,10
9,24,18650919,0,28,83,10
1,3,18650108,0,28,83,1
6,23,18650609,0,28,83,10
6,23,18650619,0,28,83,10
9,23,18650921,0,28,83,10
8,24,18650812,0,28,83,10
8,24,18650808,0,28,83,10
9,1,18650902,0,28,83,1
10,28,18651010,0,28,83,13
8,22,18650812,0,28,83,9
6,16,18650617,0,28,83,4
6,19,18650621,0,28,83,6
11,4,18651111,0,28,83,1
6,19,18650615,0,28,83,6
6,16,18650612,0,28,83,4
8,13,18650803,0,28,83,4
7,16,18650728,0,28,83,4
6,13,18650603,0,28,83,4
6,13,18650606,0,28,83,4
9,16,18650903,0,28,83,4
11,3,18651104,0,28,83,1
11,1,18651112,0,28,83,1
9,5,18650909,0,28,83,2
6,24,18650609,0,28,83,10
6,13,18650607,0,28,83,4
7,24,18650726,0,28,83,10
7,22,18650724,0,28,83,9
9,24,18650918,0,28,83,10
11,4,18651122,0,28,83,1
6,24,18650618,0,28,83,10
3,1,18650305,0,28,83,1
8,24,18650810,0,28,83,10
9,23,18650917,0,28,83,10
5,23,18650522,0,28,83,10
6,23,18650612,0,28,83,10
5,22,18650523,0,28,83,9
8,24,18650807,0,28,83,10
7,24,18650724,0,28,83,10
5,21,18650530,0,28,83,8
8,22,18650828,0,28,83,9
8,21,18650828,0,28,83,8
6,23,18650611,0,28,83,10
8,5,18650811,0,28,83,2
12,1,18651219,0,28,83,1
8,23,18650820,0,28,83,10
8,24,18650803,0,28,83,10
9,23,18650916,0,28,83,10
8,23,18650815,0,28,83,10
5,5,18650515,0,28,83,2
12,1,18651223,0,28,83,1
9,24,18650907,0,29,83,10
7,21,18650715,0,29,83,8
6,24,18650615,0,29,83,10
7,6,18650717,0,29,83,3
6,24,18650624,0,29,83,10
7,20,18650706,0,29,83,7
8,24,18650821,0,29,84,10
6,27,18650620,0,29,84,12
5,24,18650527,0,29,84,10
9,5,18650911,0,29,84,2
8,24,18650817,0,29,84,10
7,23,18650702,0,29,84,10
1,3,18650127,0,29,84,1
7,5,18650715,0,29,84,2
8,0,18650803,0,29,84,0
5,22,18650524,0,29,84,9
7,22,18650726,0,29,84,9
7,28,18650719,0,29,84,13
7,28,18650718,0,29,84,13
8,28,18650829,0,29,84,13
6,5,18650630,0,29,84,2
8,28,18650801,0,29,84,13
8,13,18650830,0,29,84,4
10,1,18651005,0,29,84,1
2,4,18650214,0,29,84,1
6,24,18650607,0,29,84,10
6,28,18650627,0,29,84,13
8,28,18650822,0,29,84,13
8,28,18650808,0,29,84,13
9,28,18650902,0,29,84,13
7,20,18650715,0,29,84,7
6,13,18650605,0,29,84,4
8,28,18650814,0,29,84,13
8,28,18650812,0,29,84,13
8,20,18650812,0,29,84,7
8,24,18650825,0,29,84,10
9,13,18650904,0,29,84,4
10,4,18651031,0,29,84,1
6,19,18650618,0,29,84,6
9,23,18650902,0,29,84,10
7,0,18650720,0,29,84,0
8,0,18650802,0,29,84,0
8,21,18650813,0,29,84,8
8,0,18650828,0,29,84,0
7,0,18650722,0,29,84,0
9,23,18650918,0,29,84,10
7,0,18650717,0,29,84,0
7,0,18650711,0,29,84,0
8,5,18650814,0,29,84,2
5,20,18650523,0,29,84,7
9,23,18650915,0,29,84,10
8,0,18650821,0,29,84,0
6,23,18650629,0,29,84,10
7,20,18650724,0,29,84,7
8,23,18650811,0,29,84,10
9,1,18650903,0,29,84,1
9,5,18650910,0,29,84,2
7,22,18650725,0,29,84,9
12,1,18651222,0,29,84,1
7,22,18650708,0,29,84,9
5,5,18650529,0,29,84,2
7,5,18650724,0,29,84,2
6,23,18650607,0,29,84,10
10,1,18651010,0,29,85,1
8,22,18650813,0,29,85,9
7,5,18650726,0,29,85,2
5,22,18650530,0,29,85,9
7,20,18650726,0,29,85,7
5,22,18650522,0,29,85,9
4,3,18650408,0,29,85,1
7,28,18650724,0,29,85,13
6,19,18650617,0,29,85,6
9,16,18650904,0,29,85,4
6,16,18650625,0,29,85,4
11,3,18651107,0,29,85,1
6,28,18650610,0,29,85,13
7,28,18650706,0,29,85,13
9,13,18650913,0,29,85,4
9,28,18650916,0,29,85,13
7,28,18650713,0,29,85,13
7,23,18650712,0,29,85,10
10,3,18651025,0,29,85,1
7,23,18650729,0,29,85,10
7,5,18650731,0,29,85,2
8,28,18650826,0,29,85,13
6,23,18650630,0,29,85,10
8,5,18650812,0,30,85,2
7,21,18650718,0,30,85,8
7,20,18650725,0,30,85,7
7,5,18650710,0,30,85,2
8,0,18650809,0,30,85,0
8,0,18650823,0,30,85,0
7,0,18650731,0,30,85,0
9,24,18650909,0,30,85,10
9,24,18650903,0,30,85,10
7,20,18650727,0,30,85,7
9,24,18650904,0,30,85,10
5,5,18650523,0,30,85,2
9,23,18650905,0,30,85,10
5,20,18650530,0,30,85,7
7,20,18650728,0,30,85,7
8,24,18650813,0,30,85,10
1,1,18650122,0,30,85,1
8,23,18650822,0,30,86,10
8,20,18650828,0,30,86,7
8,23,18650819,0,30,86,10
4,1,18650415,0,30,86,1
8,24,18650809,0,30,86,10
8,23,18650816,0,30,86,10
8,23,18650806,0,30,86,10
7,22,18650715,0,30,86,9
6,23,18650622,0,30,86,10
7,22,18650718,0,30,86,9
7,23,18650727,0,30,86,10
9,23,18650907,0,30,86,10
6,23,18650626,0,30,86,10
9,24,18650908,0,30,86,10
8,24,18650819,0,30,86,10
11,3,18651109,0,30,86,1
7,6,18650706,0,30,86,3
4,3,18650419,0,30,86,1
9,16,18650905,0,30,86,4
9,28,18650911,0,30,86,13
6,13,18650624,0,30,86,4
10,3,18651026,0,30,86,1
8,23,18650818,0,30,86,10
8,23,18650812,0,30,86,10
2,3,18650222,0,30,86,1
6,28,18650628,0,30,86,13
8,28,18650819,0,30,86,13
9,28,18650922,0,30,86,13
7,23,18650703,0,30,86,10
7,0,18650712,0,30,86,0
7,5,18650706,0,30,86,2
6,13,18650626,0,30,86,4
8,0,18650824,0,30,86,0
6,13,18650617,0,30,86,4
6,19,18650620,0,30,86,6
8,23,18650814,0,30,86,10
9,28,18650903,0,30,86,13
6,28,18650620,0,30,86,13
8,16,18650815,0,30,86,4
7,23,18650713,0,30,86,10
6,19,18650619,0,30,86,6
11,3,18651110,0,30,86,1
3,1,18650303,0,30,86,1
7,24,18650722,0,30,86,10
2,1,18650224,0,30,86,1
5,20,18650524,0,30,86,7
3,1,18650324,0,30,86,1
7,5,18650716,0,30,87,2
7,22,18650717,0,30,87,9
6,24,18650608,0,30,87,10
7,24,18650703,0,30,87,10
3,3,18650326,0,30,87,1
8,23,18650817,0,30,87,10
8,20,18650813,0,30,87,7
3,3,18650327,0,30,87,1
9,23,18650908,0,30,87,10
8,23,18650803,0,30,87,10
8,23,18650825,0,30,87,10
6,24,18650610,0,30,87,10
9,24,18650905,0,30,87,10
3,3,18650310,0,30,87,1
7,23,18650722,0,30,87,10
7,24,18650714,0,30,87,10
6,24,18650628,0,30,87,10
7,5,18650727,0,30,87,2
5,5,18650530,0,31,87,2
7,28,18650703,0,31,87,13
7,28,18650701,0,31,87,13
7,24,18650731,0,31,87,10
9,28,18650913,0,31,87,13
9,28,18650905,0,31,87,13
12,1,18651202,0,31,87,1
8,28,18650831,0,31,87,13
7,13,18650706,0,31,87,4
6,23,18650624,0,31,87,10
8,28,18650830,0,31,87,13
8,13,18650802,0,31,87,4
9,28,18650912,0,31,87,13
6,28,18650613,0,31,87,13
8,23,18650827,0,31,87,10
6,13,18650619,0,31,87,4
9,24,18650906,0,31,87,10
7,24,18650711,0,31,87,10
9,24,18650902,0,31,87,10
6,24,18650603,0,31,87,10
7,22,18650719,0,31,87,9
9,23,18650906,0,31,88,10
9,23,18650909,0,31,88,10
5,24,18650528,0,31,88,10
8,5,18650829,0,31,88,2
7,6,18650716,0,31,88,3
7,21,18650708,0,31,88,8
6,23,18650603,0,31,88,10
7,23,18650728,0,31,88,10
9,23,18650910,0,31,88,10
6,0,18650629,0,31,88,0
7,0,18650715,0,31,88,0
7,5,18650728,0,31,88,2
7,5,18650725,0,31,88,2
6,24,18650620,0,31,88,10
7,5,18650730,0,31,88,2
7,0,18650719,0,31,88,0
6,28,18650623,0,31,88,13
8,16,18650831,0,31,88,4
8,28,18650811,0,31,88,13
4,3,18650404,0,31,88,1
8,13,18650831,0,31,88,4
8,28,18650807,0,31,88,13
12,4,18651228,0,31,88,1
6,28,18650624,0,31,88,13
8,28,18650809,0,31,88,13
7,28,18650722,0,31,88,13
8,16,18650803,0,31,88,4
7,28,18650731,0,31,88,13
12,3,18651205,0,31,88,1
9,28,18650914,0,31,88,13
8,24,18650824,0,31,88,10
2,1,18650228,0,31,88,1
6,28,18650621,0,31,88,13
7,5,18650709,0,31,88,2
8,28,18650815,0,31,88,13
7,20,18650716,0,31,88,7
2,3,18650202,0,31,88,1
8,24,18650830,0,31,88,10
3,3,18650329,0,31,88,1
7,20,18650717,0,31,88,7
10,1,18651009,0,31,88,1
6,24,18650621,0,31,88,10
8,24,18650802,0,31,88,10
6,24,18650622,0,31,88,10
6,23,18650610,0,31,88,10
7,23,18650730,0,31,88,10
8,23,18650809,0,31,88,10
6,24,18650625,0,31,88,10
6,24,18650601,0,31,88,10
5,5,18650524,0,31,88,2
5,24,18650530,0,31,88,10
5,24,18650529,0,31,88,10
8,23,18650830,0,31,88,10
5,23,18650528,0,31,88,10
7,23,18650704,0,31,88,10
7,22,18650716,0,31,89,9
9,23,18650904,0,32,89,10
7,23,18650731,0,32,89,10
9,23,18650911,0,32,89,10
7,5,18650717,0,32,89,2
7,6,18650715,0,32,89,3
7,24,18650728,0,32,89,10
7,21,18650716,0,32,89,8
6,23,18650620,0,32,89,10
8,5,18650801,0,32,89,2
8,5,18650813,0,32,89,2
7,24,18650704,0,32,89,10
7,21,18650719,0,32,89,8
8,24,18650826,0,32,89,10
7,24,18650729,0,32,89,10
9,28,18650904,0,32,89,13
7,28,18650704,0,32,89,13
12,1,18651220,0,32,89,1
1,3,18650121,0,32,89,1
2,3,18650214,0,32,89,1
7,28,18650726,0,32,89,13
6,28,18650617,0,32,89,13
6,28,18650629,0,32,89,13
6,28,18650619,0,32,89,13
5,24,18650531,0,32,89,10
6,28,18650622,0,32,89,13
8,0,18650825,0,32,89,0
7,24,18650727,0,32,89,10
9,24,18650911,0,32,89,10
6,24,18650627,0,32,89,10
7,21,18650717,0,32,89,8
7,24,18650723,0,32,89,10
8,24,18650827,0,32,89,10
12,1,18651215,0,32,89,1
8,0,18650822,0,32,90,0
7,5,18650722,0,32,90,2
7,21,18650707,0,32,90,8
8,0,18650801,0,32,90,0
6,23,18650621,0,32,90,10
8,20,18650829,0,32,90,7
6,23,18650608,0,32,90,10
8,23,18650810,0,32,90,10
8,23,18650824,0,32,90,10
8,23,18650801,0,32,90,10
8,24,18650828,0,32,90,10
7,28,18650727,0,32,90,13
8,28,18650802,0,32,90,13
8,28,18650805,0,32,90,13
6,16,18650604,0,32,90,4
9,28,18650907,0,32,90,13
8,24,18650801,0,32,90,10
8,28,18650816,0,32,90,13
6,24,18650602,0,32,90,10
7,28,18650705,0,32,90,13
4,4,18650406,0,32,90,1
9,28,18650915,0,32,90,13
9,28,18650901,0,32,90,13
10,1,18651007,0,32,90,1
9,23,18650912,0,32,90,10
7,21,18650721,0,32,90,8
7,22,18650720,0,32,90,9
7,23,18650724,0,32,90,10
2,1,18650216,0,32,90,1
7,24,18650705,0,32,90,10
7,22,18650707,0,32,90,9
7,23,18650714,0,32,90,10
8,23,18650826,0,32,90,10
7,24,18650730,0,33,91,10
9,24,18650910,0,33,91,10
9,24,18650912,0,33,91,10
7,20,18650718,0,33,91,7
4,3,18650405,0,33,91,1
10,3,18651031,0,33,91,1
7,24,18650721,0,33,91,10
8,23,18650813,0,33,91,10
9,16,18650914,0,33,91,4
7,5,18650720,0,33,91,2
7,21,18650720,0,33,91,8
7,0,18650718,0,33,92,0
7,24,18650715,0,33,92,10
5,23,18650530,0,33,92,10
6,23,18650627,0,33,92,10
7,24,18650710,0,33,92,10
7,20,18650707,0,33,92,7
6,23,18650602,0,33,92,10
7,20,18650708,0,33,92,7
8,24,18650829,0,33,92,10
5,23,18650529,0,33,92,10
9,28,18650906,0,33,92,13
7,28,18650720,0,33,92,13
2,3,18650213,0,33,92,1
2,3,18650206,0,33,92,1
7,28,18650721,0,33,92,13
1,1,18650117,0,33,92,1
7,28,18650708,0,33,92,13
7,28,18650725,0,33,92,13
8,28,18650821,0,33,92,13
7,20,18650721,0,33,92,7
8,23,18650802,0,33,92,10
7,5,18650721,0,34,92,2
7,23,18650711,0,34,92,10
8,23,18650828,0,34,92,10
7,5,18650707,0,34,92,2
8,23,18650823,0,34,92,10
7,23,18650715,0,34,92,10
7,20,18650719,0,34,93,7
6,23,18650601,0,34,93,10
7,24,18650706,0,34,93,10
7,23,18650705,0,34,93,10
7,23,18650718,0,34,93,10
7,23,18650723,0,34,93,10
11,3,18651121,0,34,93,1
1,1,18650105,0,34,93,1
8,28,18650803,0,34,93,13
12,3,18651208,0,34,93,1
4,3,18650407,0,34,93,1
9,23,18650903,0,34,93,10
7,22,18650721,0,34,93,9
7,24,18650709,0,34,93,10
7,5,18650718,0,34,93,2
7,24,18650716,0,34,93,10
8,23,18650829,0,34,94,10
2,3,18650215,0,34,94,1
4,3,18650406,0,34,94,1
6,28,18650608,0,34,94,13
7,5,18650719,0,34,94,2
11,3,18651128,0,34,94,1
11,1,18651122,0,34,94,1
12,4,18651227,0,34,94,1
3,3,18650328,0,34,94,1
2,3,18650212,0,34,94,1
7,24,18650708,0,34,94,10
7,5,18650708,0,35,94,2
7,23,18650707,0,35,94,10
5,23,18650531,0,35,94,10
11,1,18651120,0,35,94,1
7,24,18650717,0,35,94,10
7,23,18650710,0,35,95,10
7,23,18650717,0,35,95,10
7,23,18650708,0,35,95,10
7,24,18650718,0,35,95,10
7,23,18650706,0,35,95,10
1,3,18650104,0,35,95,1
7,24,18650719,0,35,95,10
7,28,18650729,0,35,95,13
10,1,18651027,0,35,95,1
6,28,18650609,0,35,95,13
6,28,18650630,0,35,95,13
7,24,18650707,0,35,95,10
7,20,18650720,0,35,95,7
7,23,18650721,0,35,96,10
11,3,18651129,0,36,96,1
6,28,18650618,0,36,96,13
8,28,18650804,0,36,96,13
7,28,18650707,0,36,96,13
3,3,18650304,0,36,96,1
7,24,18650720,0,36,97,10
12,1,18651214,0,36,97,1
2,1,18650203,0,36,97,1
11,1,18651101,0,36,97,1
7,23,18650720,0,37,98,10
2,1,18650207,0,37,98,1
11,3,18651111,0,37,99,1
7,23,18650719,0,38,100,10
7,23,18650709,0,38,100,10
7,23,18650716,0,38,100,10
12,3,18651227,0,39,102,1
12,1,18651221,0,39,102,1
2,3,18650227,0,40,103,1
12,8,18671212,0,-22,-7,4
12,7,18671212,0,-20,-4,4
12,8,18671213,0,-19,-3,4
12,14,18671212,0,-19,-3,4
1,7,18670130,0,-19,-2,4
1,8,18670118,0,-19,-2,4
1,8,18670119,0,-19,-2,4
12,16,18671212,0,-19,-2,4
12,25,18671203,0,-18,-1,11
12,9,18671212,0,-18,-1,4
12,17,18671212,0,-18,0,4
1,8,18670115,0,-17,1,4
1,8,18670130,0,-17,1,4
1,7,18670118,0,-17,2,4
12,8,18671211,0,-17,2,4
12,7,18671213,0,-17,2,4
1,25,18670117,0,-16,3,11
12,11,18671212,0,-16,3,4
1,25,18670116,0,-16,3,11
12,25,18671231,0,-16,4,11
1,14,18670130,0,-16,4,4
12,8,18671219,0,-16,4,4
12,7,18671219,0,-16,4,4
12,25,18671207,0,-15,4,11
1,25,18670103,0,-15,5,11
1,7,18670116,0,-15,5,4
12,25,18671208,0,-15,5,11
12,8,18671209,0,-15,5,4
12,25,18671221,0,-15,5,11
1,25,18670118,0,-15,5,11
12,14,18671213,0,-15,5,4
12,25,18671220,0,-15,6,11
12,14,18671219,0,-14,6,4
12,8,18671218,0,-14,6,4
12,8,18671214,0,-14,6,4
12,13,18671213,0,-14,6,4
1,8,18670129,0,-14,6,4
12,8,18671210,0,-14,6,4
12,7,18671214,0,-14,6,4
1,25,18670104,0,-14,7,11
12,25,18671206,0,-14,7,11
1,9,18670118,0,-14,7,4
1,7,18670119,0,-14,7,4
12,17,18671213,0,-14,7,4
1,8,18670116,0,-14,7,4
1,8,18670114,0,-14,7,4
1,7,18670114,0,-14,7,4
1,7,18670115,0,-14,7,4
12,14,18671214,0,-14,7,4
1,8,18670112,0,-14,7,4
3,25,18670302,0,-14,7,11
12,10,18671213,0,-13,8,4
1,17,18670118,0,-13,8,4
1,16,18670118,0,-13,8,4
1,17,18670130,0,-13,8,4
1,17,18670119,0,-13,8,4
1,14,18670115,0,-13,8,4
1,8,18670108,0,-13,8,4
1,14,18670119,0,-13,8,4
12,7,18671218,0,-13,8,4
12,11,18671213,0,-13,9,4
12,7,18671211,0,-13,9,4
12,17,18671214,0,-13,9,4
1,8,18670109,0,-12,10,4
12,10,18671212,0,-12,10,4
1,17,18670115,0,-12,10,4
1,17,18670112,0,-12,10,4
12,17,18671219,0,-12,10,4
12,7,18671210,0,-12,10,4
1,16,18670115,0,-12,10,4
12,16,18671213,0,-12,10,4
12,25,18671209,0,-12,10,11
11,25,18671121,0,-12,11,11
11,25,18671122,0,-12,11,11
1,7,18670108,0,-12,11,4
1,7,18670112,0,-12,11,4
12,13,18671212,0,-12,11,4
12,25,18671230,0,-12,11,11
12,25,18671210,0,-12,11,11
1,25,18670112,0,-12,11,11
1,16,18670129,0,-11,12,4
1,8,18670128,0,-11,12,4
12,8,18671231,0,-11,12,4
12,9,18671214,0,-11,12,4
1,7,18670109,0,-11,12,4
1,9,18670130,0,-11,12,4
1,14,18670114,0,-11,12,4
12,17,18671209,0,-11,12,4
1,17,18670114,0,-11,12,4
12,7,18671209,0,-11,12,4
1,7,18670129,0,-11,12,4
1,9,18670129,0,-11,13,4
3,25,18670307,0,-11,13,11
1,12,18670129,0,-11,13,4
1,9,18670113,0,-11,13,4
1,9,18670119,0,-11,13,4
12,17,18671218,0,-11,13,4
1,7,18670117,0,-11,13,4
1,14,18670118,0,-11,13,4
1,8,18670110,0,-11,13,4
1,8,18670117,0,-11,13,4
12,5,18671231,0,-10,13,2
12,25,18671219,0,-10,13,11
1,9,18670112,0,-10,14,4
2,9,18670210,0,-10,14,4
1,7,18670111,0,-10,14,4
1,8,18670111,0,-10,14,4
2,25,18670207,0,-10,14,11
12,9,18671218,0,-10,14,4
2,7,18670220,0,-10,14,4
1,16,18670114,0,-10,14,4
1,25,18670102,0,-10,14,11
1,16,18670119,0,-10,14,4
12,25,18671204,0,-10,14,11
12,14,18671211,0,-10,14,4
3,25,18670301,0,-10,14,11
3,25,18670306,0,-10,15,11
2,16,18670210,0,-9,15,4
1,14,18670112,0,-9,15,4
12,8,18671204,0,-9,15,4
1,17,18670129,0,-9,15,4
1,16,18670112,0,-9,15,4
12,14,18671209,0,-9,15,4
12,13,18671219,0,-9,15,4
12,14,18671218,0,-9,15,4
12,9,18671213,0,-9,15,4
12,15,18671213,0,-9,15,4
1,7,18670121,0,-9,15,4
12,9,18671208,0,-9,15,4
1,7,18670110,0,-9,15,4
11,25,18671123,0,-9,15,11
12,25,18671213,0,-9,16,11
1,11,18670118,0,-9,16,4
12,12,18671213,0,-9,16,4
3,13,18670314,0,-9,16,4
2,8,18670220,0,-9,16,4
1,11,18670130,0,-9,16,4
1,14,18670117,0,-9,16,4
1,17,18670116,0,-9,16,4
12,25,18671205,0,-9,16,11
1,8,18670121,0,-9,16,4
1,15,18670129,0,-9,16,4
1,17,18670117,0,-9,16,4
12,22,18671231,0,-9,16,9
12,25,18671211,0,-9,16,11
11,25,18671124,0,-8,17,11
1,14,18670121,0,-8,17,4
12,16,18671214,0,-8,17,4
1,9,18670117,0,-8,17,4
12,8,18671217,0,-8,17,4
1,16,18670117,0,-8,17,4
12,7,18671216,0,-8,17,4
12,9,18671230,0,-8,17,4
1,7,18670107,0,-8,17,4
1,12,18670130,0,-8,17,4
12,11,18671214,0,-8,17,4
12,13,18671214,0,-8,17,4
12,17,18671211,0,-8,17,4
1,16,18670113,0,-8,17,4
1,9,18670115,0,-8,17,4
12,16,18671218,0,-8,17,4
11,16,18671130,0,-8,17,4
12,9,18671211,0,-8,17,4
1,11,18670129,0,-8,17,4
1,25,18670101,0,-8,17,11
1,12,18670119,0,-8,18,4
3,12,18670314,0,-8,18,4
1,17,18670108,0,-8,18,4
11,12,18671130,0,-8,18,4
1,14,18670129,0,-8,18,4
10,25,18671005,0,-8,18,11
12,7,18671204,0,-8,18,4
1,28,18670130,0,-8,18,13
12,8,18671205,0,-8,18,4
12,28,18671214,0,-8,18,13
12,9,18671209,0,-8,18,4
12,28,18671213,0,-8,18,13
1,15,18670118,0,-8,18,4
1,14,18670116,0,-8,18,4
1,17,18670110,0,-8,18,4
1,14,18670110,0,-8,18,4
2,8,18670223,0,-8,18,4
12,15,18671212,0,-8,18,4
10,25,18671006,0,-8,18,11
12,20,18671231,0,-8,18,7
3,25,18670303,0,-7,19,11
10,25,18671004,0,-7,19,11
1,25,18670113,0,-7,19,11
12,17,18671217,0,-7,19,4
11,17,18671118,0,-7,19,4
1,10,18670115,0,-7,19,4
12,8,18671220,0,-7,19,4
3,8,18670314,0,-7,19,4
1,9,18670116,0,-7,19,4
12,7,18671217,0,-7,19,4
2,7,18670225,0,-7,19,4
1,12,18670117,0,-7,19,4
1,9,18670127,0,-7,19,4
1,12,18670118,0,-7,19,4
1,8,18670122,0,-7,19,4
2,8,18670225,0,-7,19,4
1,12,18670102,0,-7,19,4
12,9,18671215,0,-7,19,4
1,17,18670102,0,-7,19,4
12,8,18671216,0,-7,19,4
12,25,18671229,0,-7,19,11
4,25,18670401,0,-7,20,11
2,25,18670204,0,-7,20,11
12,11,18671219,0,-7,20,4
1,17,18670111,0,-7,20,4
1,15,18670130,0,-7,20,4
11,9,18671130,0,-7,20,4
12,10,18671219,0,-7,20,4
12,25,18671218,0,-7,20,11
1,10,18670118,0,-7,20,4
1,9,18670121,0,-7,20,4
1,16,18670130,0,-7,20,4
12,28,18671212,0,-7,20,13
1,10,18670129,0,-7,20,4
12,8,18671225,0,-7,20,4
12,16,18671211,0,-7,20,4
10,25,18671009,0,-7,20,11
1,15,18670115,0,-7,20,4
1,9,18670120,0,-7,20,4
2,8,18670219,0,-7,20,4
1,16,18670102,0,-7,20,4
3,17,18670314,0,-7,20,4
1,9,18670114,0,-7,20,4
3,11,18670314,0,-7,20,4
3,9,18670314,0,-7,20,4
12,25,18671212,0,-7,20,11
2,8,18670202,0,-7,20,4
1,14,18670122,0,-7,20,4
1,10,18670121,0,-7,20,4
1,16,18670121,0,-7,20,4
1,7,18670122,0,-7,20,4
12,25,18671214,0,-7,20,11
1,14,18670108,0,-7,20,4
11,25,18671125,0,-7,20,11
12,22,18671209,0,-6,20,9
12,25,18671228,0,-6,20,11
5,25,18670524,0,-6,20,11
2,25,18670212,0,-6,20,11
12,21,18671231,0,-6,21,8
12,25,18671227,0,-6,21,11
1,17,18670109,0,-6,21,4
2,7,18670219,0,-6,21,4
1,14,18670111,0,-6,21,4
1,17,18670121,0,-6,21,4
1,17,18670122,0,-6,21,4
1,25,18670105,0,-6,21,11
2,8,18670222,0,-6,21,4
3,16,18670314,0,-6,21,4
2,8,18670205,0,-6,21,4
1,15,18670119,0,-6,21,4
1,12,18670112,0,-6,21,4
1,10,18670119,0,-6,21,4
1,12,18670101,0,-6,21,4
3,7,18670306,0,-6,21,4
2,14,18670220,0,-6,21,4
11,7,18671119,0,-6,21,4
1,6,18670121,0,-6,21,3
2,25,18670214,0,-6,21,11
1,25,18670119,0,-6,21,11
2,25,18670205,0,-6,21,11
3,25,18670308,0,-6,22,11
10,25,18671011,0,-6,22,11
12,16,18671230,0,-6,22,4
12,17,18671231,0,-6,22,4
1,15,18670112,0,-6,22,4
1,14,18670109,0,-6,22,4
11,8,18671118,0,-6,22,4
1,17,18670128,0,-6,22,4
11,9,18671118,0,-6,22,4
1,16,18670107,0,-6,22,4
1,12,18670128,0,-6,22,4
12,8,18671221,0,-6,22,4
1,12,18670115,0,-6,22,4
1,9,18670108,0,-6,22,4
1,16,18670128,0,-6,22,4
1,28,18670119,0,-6,22,13
1,9,18670122,0,-6,22,4
3,14,18670315,0,-6,22,4
1,11,18670112,0,-6,22,4
1,16,18670127,0,-6,22,4
1,16,18670108,0,-6,22,4
3,15,18670314,0,-6,22,4
12,14,18671216,0,-6,22,4
1,8,18670101,0,-6,22,4
1,8,18670125,0,-6,22,4
1,10,18670112,0,-6,22,4
12,17,18671204,0,-6,22,4
1,15,18670121,0,-6,22,4
1,26,18670103,0,-6,22,12
12,9,18671217,0,-6,22,4
1,28,18670120,0,-6,22,13
12,9,18671219,0,-6,22,4
3,16,18670303,0,-6,22,4
1,28,18670118,0,-6,22,13
2,7,18670221,0,-6,22,4
5,25,18670501,0,-6,22,11
1,28,18670116,0,-6,22,13
1,9,18670111,0,-6,22,4
3,7,18670307,0,-6,22,4
12,16,18671215,0,-6,22,4
1,10,18670130,0,-6,22,4
12,10,18671214,0,-6,22,4
1,10,18670110,0,-6,22,4
2,7,18670222,0,-6,22,4
11,7,18671118,0,-6,22,4
12,14,18671204,0,-6,22,4
11,13,18671130,0,-6,22,4
1,25,18670126,0,-6,22,11
3,25,18670305,0,-5,22,11
1,5,18670106,0,-5,22,2
1,5,18670107,0,-5,22,2
12,25,18671222,0,-5,22,11
1,27,18670103,0,-5,22,12
11,25,18671103,0,-5,22,11
12,5,18671222,0,-5,22,2
1,20,18670106,0,-5,23,7
2,14,18670221,0,-5,23,4
1,15,18670114,0,-5,23,4
1,17,18670101,0,-5,23,4
1,17,18670103,0,-5,23,4
12,16,18671208,0,-5,23,4
1,16,18670110,0,-5,23,4
12,13,18671209,0,-5,23,4
12,13,18671204,0,-5,23,4
2,25,18670201,0,-5,23,11
12,8,18671230,0,-5,23,4
1,9,18670125,0,-5,23,4
1,16,18670122,0,-5,23,4
12,15,18671214,0,-5,23,4
3,10,18670314,0,-5,23,4
1,10,18670114,0,-5,23,4
1,11,18670114,0,-5,23,4
3,11,18670315,0,-5,23,4
1,21,18670121,0,-5,23,8
12,15,18671219,0,-5,23,4
1,16,18670120,0,-5,23,4
12,25,18671201,0,-5,23,11
1,12,18670111,0,-5,23,4
12,7,18671230,0,-5,23,4
1,9,18670128,0,-5,23,4
12,14,18671217,0,-5,23,4
11,8,18671119,0,-5,23,4
1,11,18670102,0,-5,23,4
2,14,18670219,0,-5,23,4
1,22,18670122,0,-5,23,9
1,22,18670121,0,-5,23,9
2,25,18670228,0,-5,23,11
3,25,18670304,0,-5,23,11
10,25,18671012,0,-5,23,11
1,22,18670106,0,-5,23,9
1,20,18670121,0,-5,23,7
11,25,18671113,0,-5,24,11
12,20,18671210,0,-5,24,7
10,25,18671013,0,-4,24,11
11,25,18671128,0,-4,24,11
2,25,18670215,0,-4,24,11
2,17,18670220,0,-4,24,4
12,13,18671218,0,-4,24,4
2,8,18670227,0,-4,24,4
3,9,18670303,0,-4,24,4
12,13,18671211,0,-4,24,4
12,17,18671216,0,-4,24,4
12,14,18671231,0,-4,24,4
12,13,18671216,0,-4,24,4
1,16,18670116,0,-4,24,4
1,12,18670122,0,-4,24,4
1,28,18670129,0,-4,24,13
1,9,18670107,0,-4,24,4
12,12,18671214,0,-4,24,4
1,21,18670106,0,-4,24,8
12,9,18671201,0,-4,24,4
1,12,18670123,0,-4,24,4
12,16,18671210,0,-4,24,4
2,17,18670221,0,-4,24,4
1,9,18670110,0,-4,24,4
1,15,18670102,0,-4,24,4
3,7,18670315,0,-4,24,4
2,7,18670223,0,-4,24,4
1,17,18670125,0,-4,24,4
3,13,18670315,0,-4,24,4
3,17,18670315,0,-4,24,4
1,5,18670120,0,-4,24,2
1,6,18670120,0,-4,24,3
3,16,18670318,0,-4,24,4
1,14,18670102,0,-4,24,4
1,17,18670124,0,-4,24,4
1,9,18670123,0,-4,24,4
1,16,18670111,0,-4,24,4
2,25,18670227,0,-4,24,11
1,25,18670106,0,-4,24,11
1,25,18670114,0,-4,24,11
1,25,18670109,0,-4,24,11
1,25,18670111,0,-4,25,11
12,25,18671223,0,-4,25,11
1,20,18670123,0,-4,25,7
2,25,18670216,0,-4,25,11
11,25,18671105,0,-4,25,11
1,15,18670117,0,-4,25,4
1,17,18670123,0,-4,25,4
12,14,18671210,0,-4,25,4
1,10,18670117,0,-4,25,4
2,16,18670225,0,-4,25,4
2,7,18670226,0,-4,25,4
12,17,18671210,0,-4,25,4
12,7,18671205,0,-4,25,4
12,16,18671204,0,-4,25,4
1,15,18670122,0,-4,25,4
11,25,18671127,0,-4,25,11
3,8,18670315,0,-4,25,4
3,10,18670315,0,-4,25,4
12,28,18671219,0,-4,25,13
12,16,18671219,0,-4,25,4
12,12,18671219,0,-4,25,4
2,13,18670221,0,-4,25,4
1,11,18670111,0,-4,25,4
1,10,18670111,0,-4,25,4
1,28,18670115,0,-4,25,13
12,7,18671231,0,-4,25,4
1,12,18670110,0,-4,25,4
1,12,18670121,0,-4,25,4
1,9,18670109,0,-4,25,4
11,17,18671119,0,-4,25,4
1,11,18670116,0,-4,25,4
1,12,18670108,0,-4,25,4
1,11,18670122,0,-4,25,4
1,17,18670107,0,-4,25,4
3,13,18670304,0,-4,25,4
3,10,18670304,0,-4,25,4
12,6,18671231,0,-4,25,3
1,11,18670121,0,-4,25,4
1,7,18670125,0,-4,25,4
1,5,18670121,0,-4,25,2
12,6,18671209,0,-4,25,3
11,25,18671120,0,-4,25,11
1,5,18670108,0,-4,25,2
3,22,18670313,0,-4,25,9
12,21,18671209,0,-4,25,8
12,25,18671217,0,-4,25,11
12,25,18671202,0,-4,25,11
1,20,18670113,0,-4,26,7
12,25,18671226,0,-4,26,11
12,25,18671216,0,-4,26,11
1,21,18670122,0,-4,26,8
12,5,18671209,0,-4,26,2
3,25,18670330,0,-4,26,11
3,25,18670331,0,-4,26,11
12,22,18671210,0,-4,26,9
1,25,18670131,0,-4,26,11
1,22,18670120,0,-4,26,9
1,25,18670115,0,-4,26,11
12,5,18671221,0,-4,26,2
3,20,18670313,0,-3,26,7
2,25,18670221,0,-3,26,11
2,7,18670205,0,-3,26,4
1,12,18670116,0,-3,26,4
1,8,18670105,0,-3,26,4
3,13,18670318,0,-3,26,4
11,11,18671130,0,-3,26,4
12,9,18671210,0,-3,26,4
2,17,18670215,0,-3,26,4
1,15,18670111,0,-3,26,4
11,8,18671107,0,-3,26,4
3,7,18670304,0,-3,26,4
1,8,18670107,0,-3,26,4
1,25,18670122,0,-3,26,11
1,14,18670107,0,-3,26,4
4,25,18670409,0,-3,26,11
1,25,18670125,0,-3,26,11
12,13,18671217,0,-3,26,4
12,16,18671216,0,-3,26,4
12,16,18671229,0,-3,26,4
1,10,18670101,0,-3,26,4
2,17,18670222,0,-3,26,4
12,13,18671231,0,-3,26,4
1,14,18670103,0,-3,26,4
1,8,18670123,0,-3,26,4
1,21,18670113,0,-3,26,8
3,15,18670315,0,-3,26,4
3,7,18670309,0,-3,26,4
1,15,18670128,0,-3,26,4
12,13,18671205,0,-3,26,4
2,13,18670220,0,-3,26,4
1,10,18670102,0,-3,26,4
12,21,18671210,0,-3,26,8
1,8,18670103,0,-3,26,4
1,12,18670114,0,-3,26,4
2,13,18670222,0,-3,26,4
12,14,18671205,0,-3,26,4
2,8,18670221,0,-3,26,4
11,25,18671119,0,-3,26,11
4,25,18670422,0,-3,26,11
1,6,18670104,0,-3,26,3
12,25,18671215,0,-3,26,11
1,20,18670122,0,-3,26,7
1,5,18670122,0,-3,26,2
12,22,18671206,0,-3,27,9
12,20,18671222,0,-3,27,7
1,20,18670117,0,-3,27,7
12,20,18671221,0,-3,27,7
1,22,18670105,0,-3,27,9
12,6,18671208,0,-3,27,3
4,25,18670405,0,-3,27,11
1,20,18670120,0,-3,27,7
2,25,18670203,0,-3,27,11
1,7,18670131,0,-3,27,4
12,11,18671209,0,-3,27,4
12,20,18671227,0,-3,27,7
12,11,18671204,0,-3,27,4
1,12,18670124,0,-3,27,4
1,8,18670104,0,-3,27,4
12,12,18671212,0,-3,27,4
12,11,18671216,0,-3,27,4
12,10,18671216,0,-3,27,4
1,10,18670108,0,-3,27,4
1,10,18670103,0,-3,27,4
1,21,18670105,0,-3,27,8
1,8,18670102,0,-3,27,4
1,14,18670128,0,-3,27,4
1,28,18670128,0,-3,27,13
1,7,18670123,0,-3,27,4
1,16,18670101,0,-3,27,4
5,25,18670502,0,-3,27,11
1,7,18670124,0,-3,27,4
1,7,18670128,0,-3,27,4
1,26,18670102,0,-3,27,12
11,25,18671129,0,-3,27,11
1,20,18670105,0,-3,27,7
1,16,18670103,0,-3,27,4
11,16,18671118,0,-3,27,4
3,16,18670315,0,-3,27,4
3,14,18670316,0,-3,27,4
2,17,18670219,0,-3,27,4
12,11,18671218,0,-3,27,4
1,28,18670113,0,-3,27,13
1,26,18670114,0,-3,27,12
3,14,18670307,0,-3,27,4
3,10,18670307,0,-3,27,4
3,14,18670306,0,-3,27,4
3,10,18670305,0,-3,27,4
3,16,18670316,0,-3,27,4
2,16,18670222,0,-3,27,4
12,11,18671217,0,-3,27,4
3,17,18670304,0,-3,27,4
1,16,18670109,0,-3,27,4
1,10,18670109,0,-3,27,4
11,14,18671118,0,-3,27,4
3,16,18670304,0,-3,27,4
1,26,18670116,0,-3,27,12
11,14,18671119,0,-3,27,4
2,8,18670206,0,-3,27,4
1,15,18670116,0,-3,27,4
11,25,18671106,0,-3,27,11
12,25,18671224,0,-3,27,11
2,25,18670223,0,-3,27,11
11,25,18671118,0,-3,27,11
4,25,18670412,0,-3,27,11
11,25,18671114,0,-3,27,11
4,25,18670406,0,-3,27,11
1,22,18670117,0,-3,27,9
3,25,18670319,0,-3,27,11
2,25,18670220,0,-3,27,11
1,22,18670114,0,-2,28,9
2,25,18670226,0,-2,28,11
12,20,18671209,0,-2,28,7
11,25,18671126,0,-2,28,11
1,25,18670129,0,-2,28,11
12,6,18671204,0,-2,28,3
1,25,18670108,0,-2,28,11
1,21,18670120,0,-2,28,8
4,25,18670402,0,-2,28,11
12,6,18671227,0,-2,28,3
11,25,18671130,0,-2,28,11
1,22,18670119,0,-2,28,9
1,6,18670115,0,-2,28,3
12,22,18671221,0,-2,28,9
12,21,18671205,0,-2,28,8
2,25,18670202,0,-2,28,11
6,25,18670616,0,-2,28,11
1,21,18670115,0,-2,28,8
12,6,18671230,0,-2,28,3
2,25,18670219,0,-2,28,11
1,25,18670110,0,-2,28,11
1,21,18670119,0,-2,28,8
3,14,18670304,0,-2,28,4
2,14,18670215,0,-2,28,4
2,13,18670211,0,-2,28,4
11,13,18671119,0,-2,28,4
12,16,18671217,0,-2,28,4
2,7,18670227,0,-2,28,4
1,14,18670125,0,-2,28,4
12,9,18671216,0,-2,28,4
1,10,18670128,0,-2,28,4
2,14,18670222,0,-2,28,4
3,13,18670327,0,-2,28,4
2,9,18670202,0,-2,28,4
3,13,18670316,0,-2,28,4
3,17,18670307,0,-2,28,4
2,13,18670202,0,-2,28,4
12,28,18671220,0,-2,28,13
12,12,18671211,0,-2,28,4
3,17,18670316,0,-2,28,4
12,10,18671218,0,-2,28,4
3,12,18670315,0,-2,28,4
12,24,18671224,0,-2,28,10
12,15,18671218,0,-2,28,4
2,17,18670202,0,-2,28,4
2,16,18670219,0,-2,28,4
12,9,18671204,0,-2,28,4
2,17,18670205,0,-2,28,4
12,13,18671210,0,-2,28,4
2,7,18670202,0,-2,28,4
12,28,18671231,0,-2,28,13
1,9,18670124,0,-2,28,4
1,9,18670101,0,-2,28,4
1,16,18670123,0,-2,28,4
1,28,18670117,0,-2,28,13
1,8,18670124,0,-2,28,4
1,11,18670110,0,-2,28,4
12,12,18671230,0,-2,28,4
1,19,18670121,0,-2,28,6
1,21,18670117,0,-2,28,8
12,25,18671225,0,-2,28,11
3,5,18670313,0,-2,28,2
12,22,18671227,0,-2,28,9
12,22,18671205,0,-2,28,9
3,25,18670324,0,-2,28,11
3,25,18670320,0,-2,28,11
12,24,18671228,0,-2,28,10
11,25,18671117,0,-2,28,11
12,5,18671207,0,-2,28,2
10,25,18671008,0,-2,28,11
1,21,18670114,0,-2,28,8
3,21,18670313,0,-2,28,8
11,25,18671107,0,-2,28,11
1,24,18670107,0,-2,28,10
1,20,18670114,0,-2,28,7
2,25,18670217,0,-2,29,11
12,21,18671206,0,-2,29,8
12,20,18671206,0,-2,29,7
12,22,18671207,0,-2,29,9
12,20,18671226,0,-2,29,7
12,20,18671223,0,-2,29,7
10,25,18671010,0,-2,29,11
12,21,18671221,0,-2,29,8
1,5,18670105,0,-2,29,2
1,22,18670115,0,-2,29,9
4,25,18670410,0,-2,29,11
12,5,18671226,0,-2,29,2
12,5,18671208,0,-2,29,2
12,21,18671207,0,-2,29,8
2,9,18670221,0,-2,29,4
2,9,18670222,0,-2,29,4
1,9,18670102,0,-2,29,4
1,16,18670124,0,-2,29,4
1,11,18670128,0,-2,29,4
1,14,18670124,0,-2,29,4
3,10,18670327,0,-2,29,4
3,13,18670326,0,-2,29,4
3,10,18670328,0,-2,29,4
3,14,18670327,0,-2,29,4
1,15,18670110,0,-2,29,4
2,13,18670215,0,-2,29,4
1,10,18670123,0,-2,29,4
2,13,18670205,0,-2,29,4
12,12,18671204,0,-2,29,4
12,15,18671231,0,-2,29,4
1,28,18670103,0,-2,29,13
1,17,18670105,0,-2,29,4
12,9,18671231,0,-2,29,4
1,12,18670103,0,-2,29,4
12,12,18671205,0,-2,29,4
12,12,18671216,0,-2,29,4
12,15,18671216,0,-2,29,4
11,9,18671119,0,-2,29,4
12,17,18671205,0,-2,29,4
1,12,18670109,0,-2,29,4
1,15,18670109,0,-2,29,4
12,11,18671211,0,-2,29,4
11,8,18671116,0,-2,29,4
11,17,18671115,0,-2,29,4
11,8,18671115,0,-2,29,4
1,27,18670120,0,-2,29,12
2,16,18670220,0,-2,29,4
12,12,18671207,0,-2,29,4
2,14,18670202,0,-2,29,4
3,7,18670316,0,-2,29,4
3,9,18670304,0,-2,29,4
1,10,18670116,0,-2,29,4
3,13,18670305,0,-2,29,4
1,11,18670101,0,-2,29,4
3,9,18670315,0,-2,29,4
1,14,18670101,0,-2,29,4
12,13,18671221,0,-2,29,4
3,8,18670306,0,-2,29,4
12,16,18671209,0,-2,29,4
3,13,18670306,0,-2,29,4
3,17,18670306,0,-2,29,4
1,15,18670101,0,-2,29,4
3,7,18670318,0,-2,29,4
3,13,18670307,0,-2,29,4
1,8,18670126,0,-2,29,4
2,14,18670227,0,-2,29,4
2,7,18670228,0,-2,29,4
3,10,18670318,0,-2,29,4
5,25,18670523,0,-2,29,11
11,21,18671124,0,-2,29,8
1,27,18670112,0,-2,29,12
1,25,18670121,0,-2,29,11
3,22,18670302,0,-2,29,9
12,21,18671204,0,-2,29,8
12,5,18671210,0,-2,29,2
12,24,18671229,0,-2,29,10
3,25,18670327,0,-2,29,11
10,25,18671028,0,-2,29,11
1,6,18670114,0,-2,29,3
12,5,18671225,0,-2,29,2
1,21,18670104,0,-2,29,8
12,22,18671222,0,-2,29,9
2,25,18670222,0,-1,29,11
1,5,18670123,0,-1,29,2
3,25,18670314,0,-1,29,11
1,20,18670118,0,-1,29,7
11,22,18671124,0,-1,29,9
12,22,18671204,0,-1,29,9
3,21,18670302,0,-1,30,8
12,5,18671206,0,-1,30,2
12,21,18671227,0,-1,30,8
12,20,18671214,0,-1,30,7
1,25,18670120,0,-1,30,11
3,25,18670316,0,-1,30,11
11,5,18671124,0,-1,30,2
4,25,18670416,0,-1,30,11
1,6,18670112,0,-1,30,3
1,20,18670104,0,-1,30,7
3,20,18670302,0,-1,30,7
11,25,18671115,0,-1,30,11
12,24,18671226,0,-1,30,10
12,24,18671230,0,-1,30,10
1,6,18670119,0,-1,30,3
1,27,18670116,0,-1,30,12
1,27,18670114,0,-1,30,12
1,28,18670108,0,-1,30,13
3,8,18670305,0,-1,30,4
1,28,18670104,0,-1,30,13
12,10,18671211,0,-1,30,4
1,8,18670131,0,-1,30,4
11,9,18671117,0,-1,30,4
12,11,18671231,0,-1,30,4
2,13,18670206,0,-1,30,4
11,7,18671121,0,-1,30,4
3,13,18670313,0,-1,30,4
2,28,18670211,0,-1,30,13
12,28,18671201,0,-1,30,13
2,28,18670210,0,-1,30,13
12,15,18671211,0,-1,30,4
1,28,18670131,0,-1,30,13
1,9,18670106,0,-1,30,4
11,15,18671130,0,-1,30,4
12,15,18671204,0,-1,30,4
1,27,18670113,0,-1,30,12
12,28,18671215,0,-1,30,13
12,13,18671207,0,-1,30,4
1,19,18670116,0,-1,30,6
12,11,18671210,0,-1,30,4
3,13,18670328,0,-1,30,4
3,16,18670327,0,-1,30,4
12,16,18671223,0,-1,30,4
3,12,18670327,0,-1,30,4
3,22,18670301,0,-1,30,9
3,8,18670318,0,-1,30,4
1,28,18670112,0,-1,30,13
3,12,18670326,0,-1,30,4
12,28,18671209,0,-1,30,13
12,9,18671229,0,-1,30,4
3,11,18670318,0,-1,30,4
1,15,18670124,0,-1,30,4
1,11,18670117,0,-1,30,4
12,16,18671207,0,-1,30,4
12,13,18671220,0,-1,30,4
11,25,18671104,0,-1,30,11
12,13,18671230,0,-1,30,4
3,17,18670327,0,-1,30,4
4,25,18670403,0,-1,30,11
12,15,18671217,0,-1,30,4
1,12,18670126,0,-1,30,4
11,7,18671115,0,-1,30,4
1,16,18670126,0,-1,30,4
1,11,18670123,0,-1,30,4
1,15,18670123,0,-1,30,4
3,15,18670327,0,-1,30,4
3,15,18670316,0,-1,30,4
12,17,18671230,0,-1,30,4
1,6,18670118,0,-1,30,3
1,27,18670102,0,-1,30,12
12,22,18671230,0,-1,30,9
11,25,18671116,0,-1,30,11
3,25,18670328,0,-1,30,11
1,22,18670113,0,-1,30,9
12,20,18671208,0,-1,30,7
1,21,18670118,0,-1,30,8
1,6,18670113,0,-1,30,3
3,22,18670317,0,-1,30,9
12,22,18671208,0,-1,30,9
1,20,18670107,0,-1,30,7
3,20,18670314,0,-1,30,7
1,6,18670102,0,-1,30,3
12,5,18671224,0,-1,30,2
2,25,18670225,0,-1,30,11
12,21,18671222,0,-1,30,8
1,20,18670119,0,-1,30,7
4,25,18670404,0,-1,30,11
3,22,18670315,0,-1,30,9
1,22,18670104,0,-1,31,9
11,20,18671124,0,-1,31,7
3,5,18670318,0,-1,31,2
3,20,18670301,0,-1,31,7
1,22,18670116,0,-1,31,9
1,22,18670118,0,-1,31,9
1,5,18670125,0,-1,31,2
6,25,18670617,0,-1,31,11
1,27,18670101,0,-1,31,12
1,27,18670117,0,-1,31,12
1,25,18670107,0,-1,31,11
12,20,18671224,0,-1,31,7
2,9,18670219,0,-1,31,4
3,10,18670313,0,-1,31,4
3,10,18670326,0,-1,31,4
3,12,18670316,0,-1,31,4
2,13,18670204,0,-1,31,4
11,7,18671107,0,-1,31,4
12,10,18671231,0,-1,31,4
11,8,18671120,0,-1,31,4
12,9,18671221,0,-1,31,4
12,17,18671221,0,-1,31,4
1,15,18670108,0,-1,31,4
2,17,18670223,0,-1,31,4
3,14,18670314,0,-1,31,4
12,15,18671209,0,-1,31,4
2,14,18670205,0,-1,31,4
12,26,18671205,0,-1,31,12
2,12,18670222,0,-1,31,4
12,5,18671230,0,-1,31,2
11,7,18671116,0,-1,31,4
2,12,18670221,0,-1,31,4
12,10,18671217,0,-1,31,4
12,16,18671231,0,-1,31,4
2,16,18670221,0,-1,31,4
3,12,18670306,0,-1,31,4
1,5,18670124,0,-1,31,2
2,15,18670222,0,-1,31,4
3,8,18670316,0,-1,31,4
3,7,18670327,0,-1,31,4
3,16,18670326,0,-1,31,4
3,15,18670326,0,-1,31,4
3,10,18670316,0,-1,31,4
12,13,18671202,0,-1,31,4
3,7,18670305,0,-1,31,4
2,10,18670222,0,-1,31,4
12,8,18671202,0,-1,31,4
1,14,18670123,0,-1,31,4
1,9,18670105,0,-1,31,4
2,10,18670205,0,-1,31,4
1,12,18670125,0,-1,31,4
3,12,18670318,0,-1,31,4
3,14,18670318,0,-1,31,4
3,12,18670304,0,-1,31,4
2,17,18670227,0,-1,31,4
3,8,18670301,0,-1,31,4
2,16,18670224,0,-1,31,4
3,16,18670319,0,-1,31,4
12,12,18671218,0,-1,31,4
12,16,18671201,0,-1,31,4
1,9,18670126,0,-1,31,4
3,17,18670305,0,-1,31,4
11,17,18671130,0,-1,31,4
2,7,18670206,0,-1,31,4
1,24,18670122,0,-1,31,10
3,21,18670301,0,-1,31,8
2,9,18670220,0,-1,31,4
2,13,18670226,0,-1,31,4
12,11,18671205,0,-1,31,4
12,9,18671205,0,-1,31,4
12,27,18671230,0,-1,31,12
12,8,18671203,0,-1,31,4
3,8,18670307,0,-1,31,4
2,17,18670211,0,-1,31,4
1,10,18670107,0,-1,31,4
2,12,18670220,0,-1,31,4
2,9,18670211,0,-1,31,4
3,9,18670307,0,-1,31,4
2,15,18670220,0,-1,31,4
12,13,18671203,0,-1,31,4
3,16,18670307,0,-1,31,4
1,19,18670103,0,-1,31,6
1,11,18670119,0,-1,31,4
2,10,18670221,0,-1,31,4
12,27,18671231,0,0,31,12
12,21,18671226,0,0,31,8
1,24,18670108,0,0,31,10
3,20,18670304,0,0,31,7
1,27,18670119,0,0,31,12
12,24,18671227,0,0,31,10
2,20,18670228,0,0,31,7
12,21,18671208,0,0,31,8
12,5,18671227,0,0,31,2
12,5,18671205,0,0,31,2
1,6,18670103,0,0,31,3
1,22,18670103,0,0,31,9
11,25,18671112,0,0,31,11
12,22,18671226,0,0,31,9
1,6,18670116,0,0,31,3
4,25,18670429,0,0,31,11
1,20,18670108,0,0,31,7
11,20,18671118,0,0,31,7
3,5,18670301,0,0,31,2
1,6,18670117,0,0,31,3
3,25,18670329,0,0,31,11
10,25,18671021,0,0,31,11
1,18,18670117,0,0,31,5
3,25,18670310,0,0,31,11
2,25,18670224,0,0,31,11
1,25,18670127,0,0,31,11
1,21,18670116,0,0,31,8
11,20,18671125,0,0,32,7
1,18,18670103,0,0,32,5
12,6,18671205,0,0,32,3
12,23,18671230,0,0,32,10
12,21,18671230,0,0,32,8
11,5,18671125,0,0,32,2
12,20,18671230,0,0,32,7
2,22,18670228,0,0,32,9
3,21,18670303,0,0,32,8
3,22,18670303,0,0,32,9
1,18,18670102,0,0,32,5
10,25,18671020,0,0,32,11
1,27,18670111,0,0,32,12
1,18,18670112,0,0,32,5
1,27,18670118,0,0,32,12
12,23,18671229,0,0,32,10
11,7,18671122,0,0,32,4
1,26,18670117,0,0,32,12
1,19,18670114,0,0,32,6
12,10,18671205,0,0,32,4
12,7,18671221,0,0,32,4
12,9,18671220,0,0,32,4
1,11,18670124,0,0,32,4
2,14,18670223,0,0,32,4
3,25,18670325,0,0,32,11
1,11,18670103,0,0,32,4
12,8,18671224,0,0,32,4
2,9,18670225,0,0,32,4
3,8,18670302,0,0,32,4
2,14,18670211,0,0,32,4
3,28,18670318,0,0,32,13
1,15,18670125,0,0,32,4
3,8,18670319,0,0,32,4
2,8,18670228,0,0,32,4
1,28,18670127,0,0,32,13
1,21,18670103,0,0,32,8
3,16,18670317,0,0,32,4
1,19,18670117,0,0,32,6
2,8,18670226,0,0,32,4
3,25,18670321,0,0,32,11
1,15,18670103,0,0,32,4
3,21,18670317,0,0,32,8
2,8,18670211,0,0,32,4
3,5,18670302,0,0,32,2
1,26,18670112,0,0,32,12
12,7,18671220,0,0,32,4
1,18,18670113,0,0,32,5
11,11,18671119,0,0,32,4
11,7,18671114,0,0,32,4
12,28,18671217,0,0,32,13
12,11,18671230,0,0,32,4
1,28,18670125,0,0,32,13
3,8,18670304,0,0,32,4
1,24,18670123,0,0,32,10
11,8,18671114,0,0,32,4
1,10,18670126,0,0,32,4
3,12,18670305,0,0,32,4
1,19,18670120,0,0,32,6
2,13,18670219,0,0,32,4
1,20,18670116,0,0,32,7
1,19,18670113,0,0,32,6
12,15,18671210,0,0,32,4
3,16,18670305,0,0,32,4
12,13,18671224,0,0,32,4
1,28,18670109,0,0,32,13
2,28,18670220,0,0,32,13
1,7,18670126,0,0,32,4
12,16,18671205,0,0,32,4
12,7,18671207,0,0,32,4
3,11,18670316,0,0,32,4
12,28,18671216,0,0,32,13
3,25,18670326,0,0,32,11
11,13,18671115,0,0,32,4
2,15,18670221,0,0,32,4
1,20,18670109,0,0,32,7
12,12,18671217,0,0,32,4
2,11,18670221,0,0,32,4
1,28,18670123,0,0,32,13
12,10,18671230,0,0,32,4
3,10,18670306,0,0,32,4
3,16,18670306,0,0,32,4
1,19,18670119,0,0,32,6
2,15,18670215,0,0,32,4
2,16,18670206,0,0,32,4
3,12,18670313,0,0,32,4
2,12,18670204,0,0,32,4
1,18,18670115,0,0,32,5
3,8,18670312,0,0,32,4
1,16,18670106,0,0,32,4
2,8,18670204,0,0,32,4
1,15,18670107,0,0,32,4
3,14,18670309,0,0,32,4
2,16,18670205,0,0,32,4
2,9,18670209,0,0,32,4
1,28,18670114,0,0,32,13
1,11,18670105,0,0,32,4
2,9,18670205,0,0,32,4
3,8,18670313,0,0,32,4
12,28,18671208,0,0,32,13
11,8,18671127,0,0,32,4
1,19,18670115,0,0,32,6
1,12,18670107,0,0,32,4
5,8,18670502,0,0,32,4
3,10,18670308,0,0,32,4
12,5,18671204,0,0,32,2
1,10,18670125,0,0,32,4
2,9,18670203,0,0,32,4
1,11,18670115,0,0,32,4
3,20,18670303,0,0,32,7
3,22,18670307,0,0,32,9
12,20,18671225,0,0,32,7
2,25,18670218,0,0,32,11
3,20,18670317,0,0,32,7
3,20,18670316,0,0,33,7
3,5,18670303,0,0,33,2
12,21,18671220,0,0,33,8
3,20,18670318,0,0,33,7
3,25,18670318,0,0,33,11
11,5,18671126,0,0,33,2
3,22,18670318,0,0,33,9
10,25,18671024,0,0,33,11
10,25,18671023,0,0,33,11
1,5,18670114,0,0,33,2
3,22,18670314,0,0,33,9
1,18,18670116,0,0,33,5
1,5,18670109,0,0,33,2
2,21,18670228,0,0,33,8
2,25,18670208,0,0,33,11
1,5,18670118,0,0,33,2
4,25,18670415,0,0,33,11
4,25,18670428,0,0,33,11
1,5,18670113,0,0,33,2
10,25,18671016,0,0,33,11
12,23,18671231,0,0,33,10
2,25,18670206,0,0,33,11
1,5,18670104,0,0,33,2
1,22,18670123,0,0,33,9
12,27,18671225,0,0,33,12
12,27,18671227,0,0,33,12
1,23,18670123,0,0,33,10
1,5,18670119,0,0,33,2
10,25,18671029,0,0,33,11
12,22,18671225,0,0,33,9
1,27,18670115,0,0,33,12
1,5,18670117,0,0,33,2
1,22,18670102,0,1,33,9
1,19,18670118,0,1,33,6
1,26,18670113,0,1,33,12
12,12,18671209,0,1,33,4
2,11,18670222,0,1,33,4
12,17,18671220,0,1,33,4
3,14,18670326,0,1,33,4
1,19,18670112,0,1,33,6
3,13,18670322,0,1,33,4
11,7,18671113,0,1,33,4
3,9,18670316,0,1,33,4
12,6,18671228,0,1,33,3
12,9,18671202,0,1,33,4
11,13,18671112,0,1,33,4
11,17,18671107,0,1,33,4
12,11,18671221,0,1,33,4
2,16,18670204,0,1,33,4
3,28,18670316,0,1,33,13
12,7,18671202,0,1,33,4
12,19,18671231,0,1,33,6
1,26,18670111,0,1,33,12
1,10,18670104,0,1,33,4
3,15,18670306,0,1,33,4
12,10,18671210,0,1,33,4
3,9,18670306,0,1,33,4
12,10,18671209,0,1,33,4
11,5,18671118,0,1,33,2
1,9,18670131,0,1,33,4
1,14,18670126,0,1,33,4
3,15,18670309,0,1,33,4
1,17,18670126,0,1,33,4
3,8,18670326,0,1,33,4
2,12,18670215,0,1,33,4
3,9,18670328,0,1,33,4
12,11,18671207,0,1,33,4
11,14,18671115,0,1,33,4
2,12,18670206,0,1,33,4
12,20,18671207,0,1,33,7
3,14,18670308,0,1,33,4
3,13,18670308,0,1,33,4
2,16,18670211,0,1,33,4
3,28,18670315,0,1,33,13
2,11,18670211,0,1,33,4
1,11,18670107,0,1,33,4
1,19,18670104,0,1,33,6
3,25,18670315,0,1,33,11
3,7,18670301,0,1,33,4
11,8,18671106,0,1,33,4
12,24,18671231,0,1,33,10
1,14,18670105,0,1,33,4
11,17,18671106,0,1,33,4
1,16,18670125,0,1,33,4
12,12,18671231,0,1,33,4
3,7,18670314,0,1,33,4
3,14,18670319,0,1,33,4
3,13,18670319,0,1,33,4
2,12,18670202,0,1,33,4
11,26,18671130,0,1,33,12
2,5,18670228,0,1,33,2
3,19,18670318,0,1,33,6
2,10,18670219,0,1,33,4
2,10,18670206,0,1,33,4
2,15,18670202,0,1,33,4
3,16,18670308,0,1,33,4
3,11,18670327,0,1,33,4
3,10,18670312,0,1,33,4
3,13,18670321,0,1,33,4
11,17,18671121,0,1,33,4
3,9,18670327,0,1,33,4
3,12,18670321,0,1,33,4
1,17,18670131,0,1,33,4
2,7,18670218,0,1,33,4
1,9,18670103,0,1,33,4
2,25,18670209,0,1,33,11
1,18,18670114,0,1,33,5
12,18,18671202,0,1,33,5
12,20,18671205,0,1,33,7
12,22,18671214,0,1,33,9
3,25,18670309,0,1,33,11
12,27,18671226,0,1,33,12
1,24,18670106,0,1,33,10
1,21,18670112,0,1,34,8
5,25,18670503,0,1,34,11
1,24,18670105,0,1,34,10
1,20,18670115,0,1,34,7
3,21,18670307,0,1,34,8
4,25,18670407,0,1,34,11
12,22,18671224,0,1,34,9
3,21,18670304,0,1,34,8
3,22,18670304,0,1,34,9
1,20,18670124,0,1,34,7
12,22,18671220,0,1,34,9
1,21,18670102,0,1,34,8
3,27,18670312,0,1,34,12
6,25,18670615,0,1,34,11
12,21,18671225,0,1,34,8
1,18,18670118,0,1,34,5
12,23,18671228,0,1,34,10
5,25,18670519,0,1,34,11
3,5,18670314,0,1,34,2
1,24,18670124,0,1,34,10
1,24,18670110,0,1,34,10
9,25,18670925,0,1,34,11
12,21,18671203,0,1,34,8
1,24,18670109,0,1,34,10
3,21,18670315,0,1,34,8
1,22,18670112,0,1,34,9
11,20,18671106,0,1,34,7
3,16,18670328,0,1,34,4
12,14,18671230,0,1,34,4
2,15,18670205,0,1,34,4
2,12,18670219,0,1,34,4
3,8,18670329,0,1,34,4
3,15,18670304,0,1,34,4
1,12,18670105,0,1,34,4
12,28,18671211,0,1,34,13
3,14,18670305,0,1,34,4
2,9,18670218,0,1,34,4
2,10,18670220,0,1,34,4
3,16,18670309,0,1,34,4
1,15,18670105,0,1,34,4
11,10,18671130,0,1,34,4
12,9,18671223,0,1,34,4
1,28,18670111,0,1,34,13
4,8,18670406,0,1,34,4
12,15,18671230,0,1,34,4
1,28,18670110,0,1,34,13
12,12,18671210,0,1,34,4
1,19,18670102,0,1,34,6
12,12,18671203,0,1,34,4
1,28,18670107,0,1,34,13
1,14,18670131,0,1,34,4
3,19,18670317,0,1,34,6
11,10,18671119,0,1,34,4
11,8,18671130,0,1,34,4
2,16,18670203,0,1,34,4
11,7,18671120,0,1,34,4
1,20,18670103,0,1,34,7
3,27,18670317,0,1,34,12
2,9,18670226,0,1,34,4
2,10,18670226,0,1,34,4
1,14,18670104,0,1,34,4
11,20,18671121,0,1,34,7
2,17,18670226,0,1,34,4
1,26,18670101,0,1,34,12
3,17,18670319,0,1,34,4
11,17,18671127,0,1,34,4
12,17,18671203,0,1,34,4
3,9,18670318,0,1,34,4
3,19,18670319,0,1,34,6
2,15,18670211,0,1,34,4
3,16,18670320,0,1,34,4
1,26,18670115,0,1,34,12
1,17,18670104,0,1,34,4
3,9,18670317,0,1,34,4
12,9,18671203,0,1,34,4
1,10,18670122,0,1,34,4
3,17,18670326,0,1,34,4
12,28,18671205,0,1,34,13
12,16,18671202,0,1,34,4
3,7,18670313,0,1,34,4
3,10,18670309,0,1,34,4
12,17,18671202,0,1,34,4
11,17,18671113,0,1,34,4
3,8,18670309,0,1,34,4
12,14,18671221,0,1,34,4
12,15,18671221,0,1,34,4
12,6,18671220,0,1,34,3
2,9,18670215,0,1,34,4
1,28,18670124,0,1,34,13
2,16,18670227,0,1,34,4
2,10,18670204,0,1,34,4
11,13,18671118,0,1,34,4
1,12,18670104,0,1,34,4
11,9,18671115,0,1,34,4
6,25,18670608,0,1,34,11
10,25,18671014,0,1,34,11
3,28,18670314,0,1,34,13
12,16,18671228,0,1,34,4
4,25,18670427,0,1,34,11
12,6,18671206,0,1,34,3
1,20,18670125,0,1,34,7
4,25,18670430,0,1,34,11
4,25,18670420,0,1,34,11
12,27,18671201,0,1,34,12
12,20,18671204,0,1,34,7
3,21,18670318,0,1,34,8
12,21,18671214,0,1,34,8
12,22,18671203,0,1,34,9
1,21,18670123,0,1,34,8
12,22,18671228,0,1,34,9
3,20,18670322,0,1,34,7
1,6,18670105,0,1,34,3
2,25,18670211,0,1,35,11
12,22,18671229,0,1,35,9
11,22,18671118,0,1,35,9
1,25,18670130,0,1,35,11
1,18,18670111,0,1,35,5
1,24,18670125,0,1,35,10
5,25,18670527,0,2,35,11
12,20,18671220,0,2,35,7
1,25,18670123,0,2,35,11
11,22,18671125,0,2,35,9
11,22,18671106,0,2,35,9
12,5,18671223,0,2,35,2
1,24,18670121,0,2,35,10
12,5,18671228,0,2,35,2
2,25,18670213,0,2,35,11
10,25,18671025,0,2,35,11
11,22,18671121,0,2,35,9
11,25,18671108,0,2,35,11
3,27,18670316,0,2,35,12
10,25,18671015,0,2,35,11
3,22,18670316,0,2,35,9
2,21,18670227,0,2,35,8
11,20,18671123,0,2,35,7
11,21,18671118,0,2,35,8
12,24,18671201,0,2,35,10
3,9,18670313,0,2,35,4
12,17,18671207,0,2,35,4
3,7,18670312,0,2,35,4
12,20,18671203,0,2,35,7
12,9,18671207,0,2,35,4
1,16,18670104,0,2,35,4
11,8,18671113,0,2,35,4
2,10,18670211,0,2,35,4
12,12,18671202,0,2,35,4
1,15,18670126,0,2,35,4
3,17,18670313,0,2,35,4
12,11,18671202,0,2,35,4
12,17,18671224,0,2,35,4
3,15,18670318,0,2,35,4
2,7,18670211,0,2,35,4
3,19,18670320,0,2,35,6
3,9,18670312,0,2,35,4
3,16,18670325,0,2,35,4
11,9,18671121,0,2,35,4
3,28,18670322,0,2,35,13
3,14,18670312,0,2,35,4
3,13,18670312,0,2,35,4
3,15,18670313,0,2,35,4
12,11,18671220,0,2,35,4
12,10,18671224,0,2,35,4
2,28,18670223,0,2,35,13
12,10,18671220,0,2,35,4
1,18,18670101,0,2,35,5
3,28,18670306,0,2,35,13
2,16,18670214,0,2,35,4
3,10,18670322,0,2,35,4
11,15,18671119,0,2,35,4
1,28,18670102,0,2,35,13
3,13,18670325,0,2,35,4
3,17,18670312,0,2,35,4
1,23,18670108,0,2,35,10
1,28,18670101,0,2,35,13
12,6,18671229,0,2,35,3
5,10,18670502,0,2,35,4
3,9,18670325,0,2,35,4
3,17,18670318,0,2,35,4
3,14,18670320,0,2,35,4
12,12,18671221,0,2,35,4
1,26,18670110,0,2,35,12
3,9,18670305,0,2,35,4
3,11,18670328,0,2,35,4
12,10,18671221,0,2,35,4
3,15,18670307,0,2,35,4
1,24,18670118,0,2,35,10
3,7,18670308,0,2,35,4
3,17,18670309,0,2,35,4
1,10,18670105,0,2,35,4
2,9,18670217,0,2,35,4
2,17,18670206,0,2,35,4
3,12,18670319,0,2,35,4
3,7,18670329,0,2,35,4
3,10,18670319,0,2,35,4
2,14,18670206,0,2,35,4
12,24,18671203,0,2,35,10
3,7,18670319,0,2,35,4
1,16,18670105,0,2,35,4
12,10,18671228,0,2,35,4
2,15,18670219,0,2,35,4
2,17,18670218,0,2,35,4
3,6,18670301,0,2,35,3
12,16,18671220,0,2,35,4
4,7,18670405,0,2,35,4
12,10,18671204,0,2,35,4
4,8,18670405,0,2,35,4
3,12,18670307,0,2,35,4
2,16,18670202,0,2,35,4
3,11,18670305,0,2,35,4
1,26,18670118,0,2,35,12
3,20,18670305,0,2,35,7
3,21,18670314,0,2,35,8
12,24,18671202,0,2,35,10
1,24,18670120,0,2,35,10
3,21,18670312,0,2,35,8
12,24,18671223,0,2,35,10
3,20,18670315,0,2,35,7
1,20,18670112,0,2,35,7
1,5,18670112,0,2,35,2
12,6,18671221,0,2,35,3
1,6,18670101,0,2,35,3
1,27,18670110,0,2,35,12
3,6,18670312,0,2,35,3
3,25,18670323,0,2,35,11
3,21,18670305,0,2,35,8
3,20,18670306,0,2,35,7
3,5,18670306,0,2,35,2
11,21,18671121,0,2,35,8
5,25,18670514,0,2,35,11
12,20,18671228,0,2,35,7
3,5,18670304,0,2,35,2
5,25,18670521,0,2,36,11
12,24,18671208,0,2,36,10
3,24,18670307,0,2,36,10
3,6,18670314,0,2,36,3
2,22,18670227,0,2,36,9
3,5,18670319,0,2,36,2
11,25,18671111,0,2,36,11
1,23,18670118,0,2,36,10
3,22,18670322,0,2,36,9
12,24,18671204,0,2,36,10
3,6,18670308,0,2,36,3
12,6,18671226,0,2,36,3
12,5,18671220,0,2,36,2
2,12,18670211,0,2,36,4
1,28,18670122,0,2,36,13
3,11,18670321,0,2,36,4
3,17,18670308,0,2,36,4
4,25,18670426,0,2,36,11
2,16,18670209,0,2,36,4
1,11,18670108,0,2,36,4
2,14,18670226,0,2,36,4
11,28,18671118,0,2,36,13
3,16,18670321,0,2,36,4
3,11,18670322,0,2,36,4
3,24,18670306,0,2,36,10
3,11,18670307,0,2,36,4
3,16,18670322,0,2,36,4
11,28,18671119,0,2,36,13
4,9,18670427,0,2,36,4
12,10,18671203,0,2,36,4
3,13,18670320,0,2,36,4
12,15,18671205,0,2,36,4
12,11,18671203,0,2,36,4
12,28,18671230,0,2,36,13
3,12,18670322,0,2,36,4
3,28,18670319,0,2,36,13
3,19,18670321,0,2,36,6
1,26,18670119,0,2,36,12
3,15,18670312,0,2,36,4
2,14,18670204,0,2,36,4
12,10,18671207,0,2,36,4
2,16,18670215,0,2,36,4
1,26,18670120,0,2,36,12
4,8,18670411,0,2,36,4
2,17,18670204,0,2,36,4
11,16,18671113,0,2,36,4
8,25,18670828,0,2,36,11
12,27,18671229,0,2,36,12
12,14,18671220,0,2,36,4
11,9,18671113,0,2,36,4
12,15,18671202,0,2,36,4
12,14,18671202,0,2,36,4
2,8,18670216,0,2,36,4
11,17,18671112,0,2,36,4
1,9,18670104,0,2,36,4
11,9,18671112,0,2,36,4
3,28,18670303,0,2,36,13
2,12,18670205,0,2,36,4
12,28,18671218,0,2,36,13
12,6,18671225,0,2,36,3
2,11,18670220,0,2,36,4
2,16,18670218,0,2,36,4
1,28,18670121,0,2,36,13
11,14,18671107,0,2,36,4
2,15,18670206,0,2,36,4
11,14,18671106,0,2,36,4
2,10,18670215,0,2,36,4
5,13,18670502,0,2,36,4
2,17,18670207,0,2,36,4
11,17,18671116,0,2,36,4
12,12,18671220,0,2,36,4
3,16,18670312,0,2,36,4
11,9,18671116,0,2,36,4
5,9,18670502,0,2,36,4
12,28,18671202,0,2,36,13
2,13,18670207,0,2,36,4
2,9,18670223,0,2,36,4
1,11,18670109,0,2,36,4
12,11,18671224,0,2,36,4
3,16,18670313,0,2,36,4
3,22,18670312,0,2,36,9
3,6,18670313,0,2,36,3
3,22,18670306,0,2,36,9
3,5,18670316,0,2,36,2
1,18,18670104,0,2,36,5
12,6,18671202,0,2,36,3
12,6,18671207,0,2,36,3
3,18,18670314,0,2,36,5
12,27,18671207,0,2,36,12
12,20,18671229,0,2,36,7
12,22,18671223,0,2,36,9
1,23,18670121,0,2,36,10
3,27,18670318,0,2,36,12
3,21,18670306,0,2,36,8
1,24,18670114,0,2,36,10
12,5,18671229,0,2,36,2
12,27,18671202,0,2,36,12
11,20,18671122,0,2,36,7
11,5,18671127,0,2,36,2
1,22,18670101,0,2,36,9
3,6,18670307,0,2,36,3
11,20,18671127,0,2,36,7
12,20,18671216,0,2,36,7
11,21,18671125,0,2,36,8
12,21,18671228,0,2,36,8
1,23,18670107,0,2,36,10
1,18,18670119,0,2,36,5
3,21,18670316,0,2,36,8
12,24,18671211,0,2,36,10
11,5,18671106,0,2,36,2
1,24,18670113,0,2,36,10
11,21,18671106,0,2,36,8
11,5,18671121,0,2,36,2
1,23,18670106,0,2,36,10
1,24,18670111,0,2,36,10
3,18,18670313,0,2,36,5
12,24,18671210,0,2,36,10
3,27,18670313,0,3,37,12
3,22,18670305,0,3,37,9
12,21,18671229,0,3,37,8
3,6,18670302,0,3,37,3
12,27,18671206,0,3,37,12
3,27,18670311,0,3,37,12
12,23,18671226,0,3,37,10
1,11,18670125,0,3,37,4
12,26,18671231,0,3,37,12
3,28,18670307,0,3,37,13
3,6,18670306,0,3,37,3
3,14,18670313,0,3,37,4
12,8,18671223,0,3,37,4
3,22,18670309,0,3,37,9
3,13,18670309,0,3,37,4
3,26,18670312,0,3,37,12
3,15,18670308,0,3,37,4
3,12,18670312,0,3,37,4
3,26,18670317,0,3,37,12
3,11,18670304,0,3,37,4
3,12,18670308,0,3,37,4
3,16,18670311,0,3,37,4
2,16,18670228,0,3,37,4
12,15,18671207,0,3,37,4
2,17,18670201,0,3,37,4
3,5,18670322,0,3,37,2
2,14,18670225,0,3,37,4
4,25,18670417,0,3,37,11
11,16,18671119,0,3,37,4
12,9,18671224,0,3,37,4
2,14,18670207,0,3,37,4
11,13,18671121,0,3,37,4
11,8,18671129,0,3,37,4
3,16,18670323,0,3,37,4
1,20,18670102,0,3,37,7
4,13,18670402,0,3,37,4
4,10,18670402,0,3,37,4
2,9,18670206,0,3,37,4
11,14,18671121,0,3,37,4
3,10,18670325,0,3,37,4
11,7,18671127,0,3,37,4
4,15,18670410,0,3,37,4
2,13,18670212,0,3,37,4
2,7,18670212,0,3,37,4
3,11,18670326,0,3,37,4
4,8,18670427,0,3,37,4
12,26,18671206,0,3,37,12
12,23,18671227,0,3,37,10
12,26,18671230,0,3,37,12
12,12,18671228,0,3,37,4
1,5,18670102,0,3,37,2
11,9,18671106,0,3,37,4
11,7,18671106,0,3,37,4
4,8,18670402,0,3,37,4
4,12,18670405,0,3,37,4
1,28,18670105,0,3,37,13
3,15,18670320,0,3,37,4
1,26,18670104,0,3,37,12
12,19,18671207,0,3,37,6
11,14,18671112,0,3,37,4
1,24,18670104,0,3,37,10
3,20,18670319,0,3,37,7
2,20,18670214,0,3,37,7
12,6,18671203,0,3,37,3
11,11,18671118,0,3,37,4
2,7,18670204,0,3,37,4
2,9,18670204,0,3,37,4
2,8,18670215,0,3,37,4
1,23,18670120,0,3,37,10
12,10,18671202,0,3,37,4
11,14,18671113,0,3,37,4
2,28,18670202,0,3,37,13
2,11,18670215,0,3,37,4
2,16,18670226,0,3,37,4
2,5,18670205,0,3,37,2
12,16,18671203,0,3,37,4
12,5,18671201,0,3,37,2
3,17,18670320,0,3,37,4
2,20,18670227,0,3,37,7
1,18,18670120,0,3,37,5
3,22,18670319,0,3,37,9
12,5,18671219,0,3,37,2
12,21,18671224,0,3,37,8
10,25,18671022,0,3,37,11
1,24,18670112,0,3,37,10
3,22,18670321,0,3,37,9
12,6,18671223,0,3,37,3
1,23,18670110,0,3,37,10
1,20,18670101,0,3,37,7
11,24,18671126,0,3,37,10
11,22,18671126,0,3,37,9
1,21,18670101,0,3,37,8
3,5,18670317,0,3,37,2
11,5,18671107,0,3,37,2
3,25,18670311,0,3,37,11
12,22,18671213,0,3,37,9
11,22,18671122,0,3,38,9
11,5,18671123,0,3,38,2
3,18,18670318,0,3,38,5
3,25,18670317,0,3,38,11
3,21,18670309,0,3,38,8
3,5,18670305,0,3,38,2
11,5,18671129,0,3,38,2
5,25,18670517,0,3,38,11
12,18,18671206,0,3,38,5
2,24,18670206,0,3,38,10
10,25,18671018,0,3,38,11
1,25,18670128,0,3,38,11
11,22,18671123,0,3,38,9
3,6,18670315,0,3,38,3
3,27,18670307,0,3,38,12
12,23,18671223,0,3,38,10
3,20,18670310,0,3,38,7
11,20,18671126,0,3,38,7
12,27,18671208,0,3,38,12
5,16,18670502,0,3,38,4
11,12,18671119,0,3,38,4
1,26,18670121,0,3,38,12
12,9,18671228,0,3,38,4
2,15,18670204,0,3,38,4
12,5,18671203,0,3,38,2
1,5,18670103,0,3,38,2
12,14,18671203,0,3,38,4
11,8,18671121,0,3,38,4
3,27,18670314,0,3,38,12
12,28,18671210,0,3,38,13
11,17,18671114,0,3,38,4
12,15,18671203,0,3,38,4
12,8,18671227,0,3,38,4
12,28,18671221,0,3,38,13
12,7,18671203,0,3,38,4
2,16,18670207,0,3,38,4
11,8,18671128,0,3,38,4
12,8,18671226,0,3,38,4
12,28,18671204,0,3,38,13
1,22,18670107,0,3,38,9
12,17,18671228,0,3,38,4
2,15,18670209,0,3,38,4
2,13,18670209,0,3,38,4
11,17,18671122,0,3,38,4
4,9,18670422,0,3,38,4
11,8,18671122,0,3,38,4
3,26,18670313,0,3,38,12
12,16,18671221,0,3,38,4
11,21,18671126,0,3,38,8
3,8,18670308,0,3,38,4
3,9,18670308,0,3,38,4
11,9,18671127,0,3,38,4
2,14,18670212,0,3,38,4
11,13,18671127,0,3,38,4
11,24,18671127,0,3,38,10
11,7,18671128,0,3,38,4
12,24,18671225,0,3,38,10
3,11,18670308,0,3,38,4
12,19,18671206,0,3,38,6
4,13,18670410,0,3,38,4
2,11,18670219,0,3,38,4
3,17,18670329,0,3,38,4
3,13,18670329,0,3,38,4
3,10,18670329,0,3,38,4
1,15,18670104,0,3,38,4
3,8,18670327,0,3,38,4
12,8,18671207,0,3,38,4
3,9,18670326,0,3,38,4
12,16,18671224,0,3,38,4
12,14,18671224,0,3,38,4
3,15,18670325,0,3,38,4
3,12,18670325,0,3,38,4
1,23,18670111,0,3,38,10
3,19,18670316,0,3,38,6
2,9,18670224,0,3,38,4
12,8,18671228,0,3,38,4
3,14,18670323,0,3,38,4
3,14,18670302,0,3,38,4
12,15,18671220,0,3,38,4
2,17,18670225,0,3,38,4
3,28,18670321,0,3,38,13
2,28,18670225,0,3,38,13
2,10,18670227,0,3,38,4
2,6,18670228,0,3,38,3
3,9,18670319,0,3,38,4
2,14,18670228,0,3,38,4
3,16,18670324,0,3,38,4
12,28,18671224,0,3,38,13
2,16,18670223,0,3,38,4
4,14,18670405,0,3,38,4
4,9,18670402,0,3,38,4
2,16,18670217,0,3,38,4
11,11,18671112,0,3,38,4
12,18,18671231,0,3,38,5
12,22,18671211,0,3,38,9
11,20,18671128,0,3,38,7
3,18,18670315,0,3,38,5
11,22,18671129,0,3,38,9
1,24,18670117,0,3,38,10
3,25,18670312,0,3,38,11
4,25,18670423,0,3,38,11
1,24,18670102,0,3,38,10
12,18,18671207,0,3,38,5
5,25,18670515,0,4,38,11
10,25,18671026,0,4,38,11
3,22,18670320,0,4,38,9
11,21,18671123,0,4,38,8
12,21,18671223,0,4,38,8
5,25,18670525,0,4,38,11
11,6,18671124,0,4,38,3
11,25,18671102,0,4,38,11
12,23,18671210,0,4,38,10
11,6,18671117,0,4,38,3
3,6,18670317,0,4,38,3
3,18,18670311,0,4,38,5
1,6,18670122,0,4,39,3
3,20,18670320,0,4,39,7
10,25,18671019,0,4,39,11
3,18,18670312,0,4,39,5
10,25,18671003,0,4,39,11
3,18,18670308,0,4,39,5
7,25,18670708,0,4,39,11
11,6,18671129,0,4,39,3
12,6,18671219,0,4,39,3
1,23,18670125,0,4,39,10
11,5,18671130,0,4,39,2
12,20,18671213,0,4,39,7
12,6,18671224,0,4,39,3
3,27,18670301,0,4,39,12
11,20,18671120,0,4,39,7
3,21,18670321,0,4,39,8
3,27,18670320,0,4,39,12
12,24,18671209,0,4,39,10
11,21,18671122,0,4,39,8
3,27,18670315,0,4,39,12
3,27,18670319,0,4,39,12
7,25,18670728,0,4,39,11
1,23,18670104,0,4,39,10
1,23,18670122,0,4,39,10
1,23,18670103,0,4,39,10
11,20,18671119,0,4,39,7
12,27,18671205,0,4,39,12
12,6,18671210,0,4,39,3
12,5,18671214,0,4,39,2
11,21,18671127,0,4,39,8
3,22,18670308,0,4,39,9
3,9,18670329,0,4,39,4
4,7,18670423,0,4,39,4
11,16,18671106,0,4,39,4
11,14,18671116,0,4,39,4
12,26,18671202,0,4,39,12
12,8,18671206,0,4,39,4
5,25,18670516,0,4,39,11
3,26,18670314,0,4,39,12
12,27,18671218,0,4,39,12
3,12,18670320,0,4,39,4
3,8,18670328,0,4,39,4
3,28,18670320,0,4,39,13
11,25,18671109,0,4,39,11
4,9,18670401,0,4,39,4
4,16,18670410,0,4,39,4
11,9,18671107,0,4,39,4
3,14,18670325,0,4,39,4
12,27,18671203,0,4,39,12
3,17,18670325,0,4,39,4
3,26,18670318,0,4,39,12
11,16,18671112,0,4,39,4
10,25,18671027,0,4,39,11
3,11,18670312,0,4,39,4
4,8,18670423,0,4,39,4
4,10,18670423,0,4,39,4
3,10,18670321,0,4,39,4
5,10,18670501,0,4,39,4
11,25,18671110,0,4,39,11
11,13,18671129,0,4,39,4
11,20,18671129,0,4,39,7
11,20,18671115,0,4,39,7
3,13,18670323,0,4,39,4
5,7,18670502,0,4,39,4
4,15,18670424,0,4,39,4
5,17,18670502,0,4,39,4
4,7,18670404,0,4,39,4
4,13,18670424,0,4,39,4
11,8,18671112,0,4,39,4
11,13,18671128,0,4,39,4
5,8,18670503,0,4,39,4
4,11,18670424,0,4,39,4
4,16,18670405,0,4,39,4
11,17,18671120,0,4,39,4
11,7,18671123,0,4,39,4
11,12,18671112,0,4,39,4
1,19,18670101,0,4,39,6
4,17,18670405,0,4,39,4
3,9,18670324,0,4,39,4
3,12,18670328,0,4,39,4
3,15,18670328,0,4,39,4
11,9,18671114,0,4,39,4
3,15,18670323,0,4,39,4
2,12,18670209,0,4,39,4
2,8,18670218,0,4,39,4
1,18,18670121,0,4,39,5
3,17,18670301,0,4,39,4
3,11,18670306,0,4,39,4
2,17,18670212,0,4,39,4
3,16,18670302,0,4,39,4
2,13,18670225,0,4,39,4
2,11,18670206,0,4,39,4
3,8,18670311,0,4,39,4
2,13,18670223,0,4,39,4
3,20,18670307,0,4,39,7
2,11,18670205,0,4,39,4
2,11,18670204,0,4,39,4
3,28,18670304,0,4,39,13
3,15,18670305,0,4,39,4
3,26,18670310,0,4,39,12
2,9,18670227,0,4,39,4
2,11,18670202,0,4,39,4
3,7,18670311,0,4,39,4
2,13,18670227,0,4,39,4
1,28,18670126,0,4,39,13
3,6,18670318,0,4,39,3
12,18,18671203,0,4,39,5
12,24,18671206,0,4,39,10
1,24,18670126,0,4,39,10
10,25,18671007,0,4,39,11
12,23,18671220,0,4,39,10
2,25,18670210,0,4,39,11
1,5,18670101,0,4,39,2
12,20,18671211,0,4,39,7
12,18,18671218,0,4,39,5
12,18,18671219,0,4,39,5
11,22,18671127,0,4,39,9
3,18,18670317,0,4,39,5
1,24,18670119,0,4,39,10
11,24,18671125,0,4,39,10
12,21,18671213,0,4,39,8
10,25,18671001,0,4,40,11
12,23,18671209,0,4,40,10
9,25,18670921,0,4,40,11
11,20,18671113,0,4,40,7
1,23,18670109,0,4,40,10
11,21,18671128,0,4,40,8
11,22,18671128,0,4,40,9
1,20,18670126,0,4,40,7
11,22,18671120,0,4,40,9
12,27,18671228,0,4,40,12
11,6,18671128,0,4,40,3
3,27,18670306,0,4,40,12
12,6,18671222,0,4,40,3
4,22,18670401,0,4,40,9
12,24,18671207,0,4,40,10
12,20,18671212,0,4,40,7
4,25,18670411,0,4,40,11
3,27,18670310,0,4,40,12
1,23,18670124,0,4,40,10
3,10,18670323,0,4,40,4
11,10,18671118,0,4,40,4
11,13,18671116,0,4,40,4
2,16,18670208,0,4,40,4
5,10,18670507,0,4,40,4
3,26,18670315,0,4,40,12
11,15,18671115,0,4,40,4
3,26,18670319,0,4,40,12
4,25,18670413,0,4,40,11
11,11,18671115,0,4,40,4
3,17,18670328,0,4,40,4
1,27,18670109,0,4,40,12
11,13,18671114,0,4,40,4
1,19,18670122,0,4,40,6
2,14,18670214,0,4,40,4
11,15,18671118,0,4,40,4
2,8,18670207,0,4,40,4
5,16,18670503,0,4,40,4
4,16,18670424,0,4,40,4
2,13,18670228,0,4,40,4
3,10,18670320,0,4,40,4
2,13,18670208,0,4,40,4
1,28,18670106,0,4,40,13
4,13,18670423,0,4,40,4
11,16,18671127,0,4,40,4
3,26,18670320,0,4,40,12
3,9,18670321,0,4,40,4
11,5,18671128,0,4,40,2
2,15,18670226,0,4,40,4
3,15,18670321,0,4,40,4
3,17,18670321,0,4,40,4
3,20,18670321,0,4,40,7
4,16,18670428,0,4,40,4
2,8,18670212,0,4,40,4
3,11,18670319,0,4,40,4
2,15,18670212,0,4,40,4
3,28,18670317,0,4,40,13
2,16,18670212,0,4,40,4
2,28,18670208,0,4,40,13
3,7,18670322,0,4,40,4
2,7,18670207,0,4,40,4
3,15,18670322,0,4,40,4
2,17,18670209,0,4,40,4
3,17,18670322,0,4,40,4
2,10,18670225,0,4,40,4
1,19,18670105,0,4,40,6
2,9,18670212,0,4,40,4
1,27,18670104,0,4,40,12
9,25,18670919,0,4,40,11
2,13,18670216,0,4,40,4
3,21,18670308,0,4,40,8
3,25,18670313,0,4,40,11
12,24,18671205,0,4,40,10
3,19,18670313,0,4,40,6
3,26,18670308,0,4,40,12
1,18,18670110,0,4,40,5
1,19,18670123,0,4,40,6
4,17,18670411,0,4,40,4
12,21,18671211,0,4,40,8
3,11,18670313,0,4,40,4
3,9,18670309,0,4,40,4
12,7,18671225,0,4,40,4
12,13,18671228,0,4,40,4
12,26,18671218,0,4,40,12
2,28,18670221,0,4,40,13
3,28,18670310,0,4,40,13
11,13,18671106,0,4,40,4
3,14,18670329,0,4,40,4
12,7,18671228,0,4,40,4
3,7,18670326,0,4,40,4
3,26,18670307,0,4,40,12
12,7,18671206,0,4,40,4
3,11,18670325,0,4,40,4
12,26,18671217,0,4,40,12
4,11,18670410,0,4,40,4
11,13,18671113,0,4,40,4
3,28,18670324,0,4,40,13
2,14,18670201,0,4,40,4
1,24,18670103,0,4,40,10
1,23,18670105,0,4,40,10
2,5,18670213,0,4,40,2
3,22,18670310,0,4,40,9
3,5,18670323,0,4,40,2
2,20,18670216,0,4,40,7
11,5,18671120,0,4,40,2
3,22,18670311,0,4,40,9
11,21,18671120,0,4,40,8
1,24,18670116,0,4,40,10
11,6,18671125,0,4,40,3
11,27,18671110,0,4,40,12
11,24,18671128,0,5,40,10
11,27,18671120,0,5,40,12
3,24,18670308,0,5,40,10
12,23,18671225,0,5,40,10
11,20,18671110,0,5,40,7
7,25,18670707,0,5,40,11
11,24,18671129,0,5,40,10
3,20,18670312,0,5,40,7
12,18,18671205,0,5,40,5
3,27,18670305,0,5,40,12
1,6,18670111,0,5,40,3
3,6,18670316,0,5,40,3
11,23,18671126,0,5,40,10
2,18,18670227,0,5,40,5
3,18,18670316,0,5,40,5
11,20,18671130,0,5,40,7
9,25,18670922,0,5,40,11
12,6,18671218,0,5,40,3
11,24,18671130,0,5,40,10
3,27,18670308,0,5,40,12
11,21,18671129,0,5,41,8
1,5,18670110,0,5,41,2
12,23,18671222,0,5,41,10
12,27,18671219,0,5,41,12
4,25,18670424,0,5,41,11
3,6,18670303,0,5,41,3
2,24,18670205,0,5,41,10
9,25,18670929,0,5,41,11
1,24,18670101,0,5,41,10
6,25,18670618,0,5,41,11
10,22,18671012,0,5,41,9
12,23,18671207,0,5,41,10
1,24,18670127,0,5,41,10
7,25,18670730,0,5,41,11
6,25,18670604,0,5,41,11
5,25,18670522,0,5,41,11
3,6,18670311,0,5,41,3
3,18,18670319,0,5,41,5
5,22,18670515,0,5,41,9
3,27,18670309,0,5,41,12
2,20,18670220,0,5,41,7
2,20,18670201,0,5,41,7
2,20,18670215,0,5,41,7
4,16,18670401,0,5,41,4
2,10,18670214,0,5,41,4
1,26,18670109,0,5,41,12
3,8,18670320,0,5,41,4
3,12,18670323,0,5,41,4
4,7,18670411,0,5,41,4
11,15,18671112,0,5,41,4
12,14,18671225,0,5,41,4
2,20,18670212,0,5,41,7
4,9,18670408,0,5,41,4
2,14,18670209,0,5,41,4
4,17,18670406,0,5,41,4
11,10,18671115,0,5,41,4
4,10,18670411,0,5,41,4
4,13,18670411,0,5,41,4
12,20,18671219,0,5,41,7
4,12,18670410,0,5,41,4
4,8,18670418,0,5,41,4
4,7,18670406,0,5,41,4
4,20,18670401,0,5,41,7
2,6,18670227,0,5,41,3
4,17,18670402,0,5,41,4
2,6,18670226,0,5,41,3
12,12,18671224,0,5,41,4
4,10,18670405,0,5,41,4
4,16,18670422,0,5,41,4
4,16,18670402,0,5,41,4
11,5,18671115,0,5,41,2
3,9,18670322,0,5,41,4
4,9,18670423,0,5,41,4
2,13,18670218,0,5,41,4
2,14,18670218,0,5,41,4
2,10,18670212,0,5,41,4
2,14,18670216,0,5,41,4
4,14,18670423,0,5,41,4
4,16,18670413,0,5,41,4
12,17,18671225,0,5,41,4
11,8,18671123,0,5,41,4
4,9,18670411,0,5,41,4
2,10,18670218,0,5,41,4
3,9,18670311,0,5,41,4
11,17,18671129,0,5,41,4
1,10,18670124,0,5,41,4
2,23,18670205,0,5,41,10
3,11,18670309,0,5,41,4
12,13,18671206,0,5,41,4
11,14,18671127,0,5,41,4
9,25,18670918,0,5,41,11
3,14,18670301,0,5,41,4
2,22,18670201,0,5,41,9
9,25,18670927,0,5,41,11
12,13,18671223,0,5,41,4
3,26,18670311,0,5,41,12
12,14,18671207,0,5,41,4
12,9,18671206,0,5,41,4
3,17,18670311,0,5,41,4
11,7,18671129,0,5,41,4
2,14,18670208,0,5,41,4
2,8,18670209,0,5,41,4
11,7,18671130,0,5,41,4
11,9,18671126,0,5,41,4
3,15,18670319,0,5,41,4
11,9,18671129,0,5,41,4
11,10,18671127,0,5,41,4
4,16,18670427,0,5,41,4
2,11,18670209,0,5,41,4
1,23,18670113,0,5,41,10
3,9,18670301,0,5,41,4
2,17,18670208,0,5,41,4
3,26,18670316,0,5,41,12
12,22,18671212,0,5,41,9
5,10,18670523,0,5,41,4
11,27,18671127,0,5,41,12
11,20,18671116,0,5,41,7
3,18,18670320,0,5,41,5
3,25,18670322,0,5,41,11
3,21,18670322,0,5,41,8
1,20,18670111,0,5,41,7
11,20,18671103,0,5,41,7
3,5,18670307,0,5,41,2
1,23,18670119,0,5,41,10
4,25,18670408,0,5,41,11
9,25,18670928,0,5,41,11
2,27,18670228,0,5,41,12
12,23,18671211,0,5,41,10
12,24,18671220,0,5,41,10
3,6,18670304,0,5,41,3
3,18,18670309,0,5,42,5
12,21,18671212,0,5,42,8
2,20,18670218,0,5,42,7
1,21,18670107,0,5,42,8
12,5,18671213,0,5,42,2
12,22,18671215,0,5,42,9
2,27,18670226,0,5,42,12
11,27,18671116,0,5,42,12
1,20,18670110,0,5,42,7
2,20,18670205,0,5,42,7
7,25,18670702,0,5,42,11
2,22,18670212,0,5,42,9
12,22,18671219,0,5,42,9
11,22,18671117,0,5,42,9
8,25,18670805,0,5,42,11
11,21,18671130,0,5,42,8
9,25,18670926,0,5,42,11
11,27,18671129,0,5,42,12
1,5,18670126,0,5,42,2
12,27,18671217,0,5,42,12
3,18,18670310,0,5,42,5
11,22,18671110,0,5,42,9
4,25,18670419,0,5,42,11
11,22,18671107,0,5,42,9
2,5,18670227,0,5,42,2
1,23,18670112,0,6,42,10
11,20,18671105,0,6,42,7
10,25,18671031,0,6,42,11
3,6,18670321,0,6,42,3
1,23,18670102,0,6,42,10
1,22,18670111,0,6,42,9
3,20,18670309,0,6,42,7
5,22,18670524,0,6,42,9
6,25,18670620,0,6,42,11
1,23,18670117,0,6,42,10
2,20,18670217,0,6,42,7
10,21,18671012,0,6,42,8
12,5,18671218,0,6,42,2
12,20,18671215,0,6,42,7
11,27,18671128,0,6,42,12
12,21,18671219,0,6,42,8
1,22,18670124,0,6,42,9
6,25,18670609,0,6,42,11
2,5,18670216,0,6,42,2
5,21,18670515,0,6,42,8
4,21,18670401,0,6,42,8
11,28,18671113,0,6,42,13
3,28,18670305,0,6,42,13
1,26,18670129,0,6,42,12
12,26,18671203,0,6,42,12
2,10,18670202,0,6,42,4
11,21,18671107,0,6,42,8
4,9,18670404,0,6,42,4
12,28,18671203,0,6,42,13
11,8,18671105,0,6,42,4
12,15,18671206,0,6,42,4
11,8,18671104,0,6,42,4
4,13,18670406,0,6,42,4
12,27,18671204,0,6,42,12
2,10,18670223,0,6,42,4
12,26,18671204,0,6,42,12
5,10,18670515,0,6,42,4
2,9,18670201,0,6,42,4
3,18,18670307,0,6,42,5
2,8,18670201,0,6,42,4
2,13,18670201,0,6,42,4
10,25,18671002,0,6,42,11
3,28,18670309,0,6,42,13
3,8,18670325,0,6,42,4
2,17,18670216,0,6,42,4
3,28,18670308,0,6,42,13
12,15,18671224,0,6,42,4
2,28,18670222,0,6,42,13
2,16,18670201,0,6,42,4
4,14,18670406,0,6,42,4
3,12,18670309,0,6,42,4
2,7,18670216,0,6,42,4
11,23,18671125,0,6,42,10
12,28,18671229,0,6,42,13
2,7,18670215,0,6,42,4
3,28,18670328,0,6,42,13
11,17,18671128,0,6,42,4
11,16,18671128,0,6,42,4
11,14,18671128,0,6,42,4
11,12,18671128,0,6,42,4
11,11,18671128,0,6,42,4
2,11,18670226,0,6,42,4
2,12,18670226,0,6,42,4
11,9,18671128,0,6,42,4
12,11,18671228,0,6,42,4
11,26,18671127,0,6,42,12
11,11,18671121,0,6,42,4
12,28,18671225,0,6,42,13
2,8,18670208,0,6,42,4
11,22,18671105,0,6,42,9
4,12,18670423,0,6,42,4
2,26,18670226,0,6,42,12
4,16,18670423,0,6,42,4
4,17,18670423,0,6,42,4
2,17,18670228,0,6,42,4
11,11,18671127,0,6,42,4
3,9,18670320,0,6,42,4
11,26,18671126,0,6,42,12
12,21,18671215,0,6,42,8
2,7,18670209,0,6,42,4
2,7,18670208,0,6,42,4
3,28,18670327,0,6,42,13
2,28,18670207,0,6,42,13
11,14,18671129,0,6,42,4
11,14,18671114,0,6,42,4
8,25,18670804,0,6,42,11
4,8,18670401,0,6,42,4
5,13,18670507,0,6,42,4
12,28,18671207,0,6,42,13
12,19,18671202,0,6,42,6
11,16,18671115,0,6,42,4
3,17,18670323,0,6,42,4
8,25,18670803,0,6,42,11
5,25,18670504,0,6,42,11
11,12,18671129,0,6,42,4
11,13,18671105,0,6,42,4
12,17,18671206,0,6,42,4
11,16,18671116,0,6,42,4
11,14,18671130,0,6,42,4
5,14,18670502,0,6,42,4
11,14,18671120,0,6,42,4
11,9,18671120,0,6,42,4
3,13,18670311,0,6,42,4
3,14,18670322,0,6,42,4
5,8,18670504,0,6,42,4
3,26,18670309,0,6,42,12
2,28,18670212,0,6,42,13
5,14,18670503,0,6,42,4
5,15,18670503,0,6,42,4
3,16,18670329,0,6,42,4
12,23,18671204,0,6,42,10
3,6,18670319,0,6,42,3
2,18,18670228,0,6,42,5
3,23,18670302,0,6,42,10
5,25,18670513,0,6,42,11
11,21,18671105,0,6,42,8
3,21,18670319,0,6,42,8
6,25,18670629,0,6,42,11
12,5,18671202,0,6,42,2
3,24,18670302,0,6,42,10
2,27,18670225,0,6,42,12
11,20,18671114,0,6,42,7
3,24,18670303,0,6,42,10
2,20,18670202,0,6,42,7
11,22,18671130,0,6,42,9
2,22,18670215,0,6,42,9
1,23,18670115,0,6,42,10
2,20,18670226,0,6,42,7
11,20,18671104,0,6,42,7
11,18,18671127,0,6,42,5
5,25,18670512,0,6,42,11
11,27,18671121,0,6,42,12
4,25,18670421,0,6,43,11
11,18,18671128,0,6,43,5
11,6,18671121,0,6,43,3
11,6,18671120,0,6,43,3
3,27,18670302,0,6,43,12
11,5,18671119,0,6,43,2
2,5,18670217,0,6,43,2
5,22,18670504,0,6,43,9
2,22,18670204,0,6,43,9
4,22,18670412,0,6,43,9
11,22,18671113,0,6,43,9
1,6,18670110,0,6,43,3
10,25,18671017,0,6,43,11
2,24,18670213,0,6,43,10
7,25,18670706,0,6,43,11
1,21,18670111,0,6,43,8
12,6,18671213,0,6,43,3
2,22,18670203,0,6,43,9
12,23,18671208,0,6,43,10
1,23,18670101,0,6,43,10
11,5,18671114,0,6,43,2
12,23,18671205,0,6,43,10
11,27,18671124,0,6,43,12
2,20,18670203,0,6,43,7
12,23,18671221,0,6,43,10
1,23,18670114,0,6,43,10
3,5,18670312,0,6,43,2
3,6,18670320,0,6,43,3
2,18,18670226,0,6,43,5
3,20,18670308,0,6,43,7
3,27,18670303,0,6,43,12
9,25,18670920,0,6,43,11
7,25,18670720,0,6,43,11
2,22,18670226,0,6,43,9
2,21,18670226,0,6,43,8
11,17,18671123,0,6,43,4
11,16,18671129,0,6,43,4
3,7,18670302,0,6,43,4
12,17,18671223,0,6,43,4
11,10,18671129,0,6,43,4
12,28,18671223,0,6,43,13
1,21,18670126,0,6,43,8
3,28,18670323,0,6,43,13
12,14,18671206,0,6,43,4
4,8,18670413,0,6,43,4
11,12,18671115,0,6,43,4
3,26,18670330,0,6,43,12
1,11,18670126,0,6,43,4
3,19,18670314,0,6,43,6
3,26,18670306,0,6,43,12
11,14,18671122,0,6,43,4
3,14,18670321,0,6,43,4
2,11,18670207,0,6,43,4
5,13,18670523,0,6,43,4
1,15,18670131,0,6,43,4
4,17,18670424,0,6,43,4
4,9,18670405,0,6,43,4
2,10,18670228,0,6,43,4
4,15,18670405,0,6,43,4
1,19,18670106,0,6,43,6
11,19,18671110,0,6,43,6
4,16,18670403,0,6,43,4
3,16,18670310,0,6,43,4
4,16,18670406,0,6,43,4
2,27,18670227,0,6,43,12
5,10,18670508,0,6,43,4
12,12,18671226,0,6,43,4
2,15,18670227,0,6,43,4
12,9,18671222,0,6,43,4
11,20,18671107,0,6,43,7
4,16,18670408,0,6,43,4
11,24,18671124,0,6,43,10
5,9,18670515,0,6,43,4
1,11,18670104,0,6,43,4
2,20,18670204,0,6,43,7
11,10,18671113,0,6,43,4
3,14,18670330,0,6,43,4
11,15,18671113,0,6,43,4
11,16,18671107,0,6,43,4
4,8,18670404,0,6,43,4
2,18,18670206,0,6,43,5
2,13,18670213,0,6,43,4
11,28,18671130,0,6,43,13
5,17,18670503,0,6,43,4
1,10,18670131,0,6,43,4
11,20,18671117,0,6,43,7
1,18,18670109,0,6,43,5
3,7,18670328,0,6,43,4
2,12,18670212,0,6,43,4
11,12,18671118,0,6,43,4
2,14,18670213,0,6,43,4
11,13,18671120,0,6,43,4
12,14,18671223,0,6,43,4
5,9,18670503,0,6,43,4
3,7,18670330,0,6,43,4
3,15,18670329,0,6,43,4
12,26,18671229,0,6,43,12
3,8,18670330,0,6,43,4
2,13,18670214,0,6,43,4
12,26,18671224,0,6,43,12
2,9,18670213,0,6,43,4
11,16,18671117,0,6,43,4
12,23,18671206,0,6,43,10
2,24,18670204,0,6,43,10
11,27,18671125,0,6,43,12
3,23,18670306,0,6,43,10
11,22,18671103,0,6,43,9
11,21,18671103,0,6,43,8
11,23,18671127,0,6,43,10
1,22,18670108,0,6,43,9
6,25,18670625,0,6,43,11
1,22,18670127,0,6,43,9
2,21,18670201,0,6,43,8
11,27,18671111,0,6,43,12
5,20,18670524,0,6,43,7
3,23,18670304,0,6,43,10
8,25,18670824,0,6,43,11
12,20,18671218,0,6,43,7
2,5,18670204,0,6,43,2
1,25,18670124,0,6,43,11
12,18,18671204,0,6,44,5
2,21,18670212,0,6,44,8
3,24,18670301,0,6,44,10
1,22,18670125,0,6,44,9
5,22,18670523,0,6,44,9
1,5,18670111,0,6,44,2
11,22,18671104,0,6,44,9
7,25,18670729,0,6,44,11
11,21,18671117,0,6,44,8
1,22,18670126,0,6,44,9
11,18,18671122,0,6,44,5
11,27,18671117,0,6,44,12
12,22,18671216,0,6,44,9
3,23,18670303,0,6,44,10
11,21,18671110,0,6,44,8
2,6,18670203,0,6,44,3
7,25,18670705,0,6,44,11
1,20,18670127,0,6,44,7
5,25,18670520,0,6,44,11
11,18,18671121,0,6,44,5
9,25,18670917,0,6,44,11
4,20,18670412,0,6,44,7
11,5,18671103,0,6,44,2
12,6,18671211,0,6,44,3
2,5,18670201,0,6,44,2
12,18,18671230,0,6,44,5
3,20,18670323,0,7,44,7
10,20,18671012,0,7,44,7
2,22,18670225,0,7,44,9
1,27,18670121,0,7,44,12
5,21,18670524,0,7,44,8
2,5,18670214,0,7,44,2
2,24,18670228,0,7,44,10
11,27,18671122,0,7,44,12
2,20,18670219,0,7,44,7
2,9,18670214,0,7,44,4
3,19,18670322,0,7,44,6
2,17,18670214,0,7,44,4
11,19,18671122,0,7,44,6
2,11,18670212,0,7,44,4
4,10,18670406,0,7,44,4
12,10,18671206,0,7,44,4
3,7,18670321,0,7,44,4
2,28,18670227,0,7,44,13
1,12,18670131,0,7,44,4
3,9,18670323,0,7,44,4
2,28,18670216,0,7,44,13
10,17,18671031,0,7,44,4
1,26,18670108,0,7,44,12
11,12,18671127,0,7,44,4
12,9,18671225,0,7,44,4
1,11,18670131,0,7,44,4
4,10,18670422,0,7,44,4
1,24,18670115,0,7,44,10
1,16,18670131,0,7,44,4
2,15,18670208,0,7,44,4
2,9,18670228,0,7,44,4
3,28,18670313,0,7,44,13
2,28,18670215,0,7,44,13
2,8,18670214,0,7,44,4
12,13,18671225,0,7,44,4
12,7,18671224,0,7,44,4
3,11,18670320,0,7,44,4
4,14,18670424,0,7,44,4
12,18,18671228,0,7,44,5
12,10,18671226,0,7,44,4
11,26,18671120,0,7,44,12
12,14,18671228,0,7,44,4
12,16,18671222,0,7,44,4
12,28,18671206,0,7,44,13
12,9,18671227,0,7,44,4
5,10,18670509,0,7,44,4
11,16,18671111,0,7,44,4
11,14,18671123,0,7,44,4
11,16,18671114,0,7,44,4
2,17,18670213,0,7,44,4
2,16,18670213,0,7,44,4
4,7,18670408,0,7,44,4
2,10,18670209,0,7,44,4
2,16,18670216,0,7,44,4
1,19,18670107,0,7,44,6
12,15,18671228,0,7,44,4
1,19,18670124,0,7,44,6
4,14,18670410,0,7,44,4
12,28,18671222,0,7,44,13
1,24,18670129,0,7,44,10
11,26,18671108,0,7,44,12
11,6,18671126,0,7,44,3
11,10,18671112,0,7,44,4
12,14,18671226,0,7,44,4
7,25,18670709,0,7,44,11
4,13,18670403,0,7,44,4
11,10,18671106,0,7,44,4
11,15,18671128,0,7,44,4
3,11,18670329,0,7,44,4
12,19,18671208,0,7,44,6
3,28,18670329,0,7,44,13
3,9,18670302,0,7,44,4
2,20,18670207,0,7,44,7
2,28,18670228,0,7,44,13
3,16,18670301,0,7,44,4
3,13,18670301,0,7,44,4
2,26,18670206,0,7,44,12
11,11,18671129,0,7,44,4
2,28,18670206,0,7,44,13
1,19,18670111,0,7,44,6
3,14,18670311,0,7,44,4
3,17,18670302,0,7,44,4
3,14,18670328,0,7,44,4
12,7,18671223,0,7,44,4
12,26,18671228,0,7,44,12
12,16,18671226,0,7,44,4
3,28,18670326,0,7,44,13
4,14,18670403,0,7,44,4
12,23,18671218,0,7,44,10
4,25,18670425,0,7,44,11
11,5,18671110,0,7,44,2
3,21,18670311,0,7,44,8
12,6,18671212,0,7,44,3
11,21,18671119,0,7,44,8
2,22,18670202,0,7,44,9
11,22,18671119,0,7,44,9
2,5,18670202,0,7,44,2
4,21,18670412,0,7,44,8
2,6,18670211,0,7,44,3
5,22,18670525,0,7,44,9
2,5,18670207,0,7,44,2
1,6,18670109,0,7,44,3
3,5,18670320,0,7,44,2
11,22,18671111,0,7,44,9
5,25,18670526,0,7,44,11
8,25,18670816,0,7,44,11
1,21,18670125,0,7,45,8
5,21,18670523,0,7,45,8
2,22,18670207,0,7,45,9
1,24,18670130,0,7,45,10
12,5,18671212,0,7,45,2
11,22,18671112,0,7,45,9
4,22,18670408,0,7,45,9
2,24,18670214,0,7,45,10
11,23,18671130,0,7,45,10
2,21,18670207,0,7,45,8
1,6,18670131,0,7,45,3
4,5,18670405,0,7,45,2
4,22,18670405,0,7,45,9
11,23,18671129,0,7,45,10
11,20,18671112,0,7,45,7
1,21,18670124,0,7,45,8
3,27,18670304,0,7,45,12
2,21,18670203,0,7,45,8
11,5,18671116,0,7,45,2
2,20,18670224,0,7,45,7
10,25,18671030,0,7,45,11
10,5,18671005,0,7,45,2
4,22,18670407,0,7,45,9
3,27,18670321,0,7,45,12
2,20,18670213,0,7,45,7
11,6,18671107,0,7,45,3
11,18,18671120,0,7,45,5
2,11,18670223,0,7,45,4
11,26,18671123,0,7,45,12
11,27,18671123,0,7,45,12
4,11,18670423,0,7,45,4
5,13,18670503,0,7,45,4
11,26,18671116,0,7,45,12
4,15,18670413,0,7,45,4
2,7,18670201,0,7,45,4
12,7,18671227,0,7,45,4
11,16,18671122,0,7,45,4
3,10,18670302,0,7,45,4
4,10,18670409,0,7,45,4
2,12,18670207,0,7,45,4
3,7,18670323,0,7,45,4
3,19,18670312,0,7,45,6
4,14,18670402,0,7,45,4
12,26,18671219,0,7,45,12
11,11,18671116,0,7,45,4
5,10,18670503,0,7,45,4
1,26,18670105,0,7,45,12
11,19,18671121,0,7,45,6
2,9,18670216,0,7,45,4
4,8,18670424,0,7,45,4
2,12,18670214,0,7,45,4
4,17,18670410,0,7,45,4
3,11,18670323,0,7,45,4
11,13,18671107,0,7,45,4
4,14,18670411,0,7,45,4
5,9,18670501,0,7,45,4
4,8,18670412,0,7,45,4
11,15,18671107,0,7,45,4
4,10,18670410,0,7,45,4
4,9,18670410,0,7,45,4
4,16,18670411,0,7,45,4
11,6,18671122,0,7,45,3
11,9,18671122,0,7,45,4
4,8,18670422,0,7,45,4
2,15,18670218,0,7,45,4
4,10,18670424,0,7,45,4
2,12,18670223,0,7,45,4
11,11,18671114,0,7,45,4
2,10,18670201,0,7,45,4
11,11,18671113,0,7,45,4
2,9,18670208,0,7,45,4
3,13,18670302,0,7,45,4
12,20,18671201,0,7,45,7
5,10,18670517,0,7,45,4
4,9,18670428,0,7,45,4
2,26,18670216,0,7,45,12
11,28,18671120,0,7,45,13
3,24,18670304,0,7,45,10
4,17,18670403,0,7,45,4
11,10,18671120,0,7,45,4
4,9,18670406,0,7,45,4
4,11,18670406,0,7,45,4
4,9,18670407,0,7,45,4
2,26,18670227,0,7,45,12
12,14,18671227,0,7,45,4
4,10,18670427,0,7,45,4
3,19,18670315,0,7,45,6
4,10,18670417,0,7,45,4
11,12,18671126,0,7,45,4
11,16,18671126,0,7,45,4
4,9,18670403,0,7,45,4
12,26,18671227,0,7,45,12
4,13,18670405,0,7,45,4
11,8,18671108,0,7,45,4
11,10,18671121,0,7,45,4
11,19,18671117,0,7,45,6
4,9,18670429,0,7,45,4
12,17,18671227,0,7,45,4
4,10,18670408,0,7,45,4
3,10,18670311,0,7,45,4
2,12,18670225,0,7,45,4
3,26,18670305,0,7,45,12
3,9,18670310,0,7,45,4
2,11,18670225,0,7,45,4
12,19,18671201,0,7,45,6
11,9,18671105,0,7,45,4
2,5,18670212,0,7,45,2
2,21,18670205,0,7,45,8
11,6,18671127,0,7,45,3
11,6,18671123,0,7,45,3
3,18,18670305,0,7,45,5
2,5,18670219,0,7,45,2
12,21,18671218,0,7,45,8
11,24,18671122,0,7,45,10
12,18,18671208,0,7,45,5
5,25,18670518,0,7,45,11
10,22,18671011,0,7,45,9
3,6,18670305,0,7,45,3
2,6,18670204,0,7,45,3
11,5,18671104,0,7,45,2
12,18,18671227,0,7,45,5
11,5,18671113,0,7,45,2
2,22,18670219,0,7,45,9
3,23,18670308,0,7,45,10
11,6,18671118,0,7,45,3
11,18,18671124,0,7,45,5
12,23,18671201,0,7,45,10
1,6,18670106,0,7,45,3
11,21,18671112,0,7,45,8
2,21,18670225,0,7,45,8
5,21,18670504,0,7,45,8
12,22,18671218,0,7,45,9
11,23,18671128,0,8,46,10
4,5,18670401,0,8,46,2
10,20,18671007,0,8,46,7
12,22,18671201,0,8,46,9
11,5,18671105,0,8,46,2
11,20,18671109,0,8,46,7
3,6,18670331,0,8,46,3
2,22,18670220,0,8,46,9
12,5,18671215,0,8,46,2
2,22,18670205,0,8,46,9
11,21,18671104,0,8,46,8
2,23,18670204,0,8,46,10
10,21,18671011,0,8,46,8
2,21,18670204,0,8,46,8
1,5,18670127,0,8,46,2
12,18,18671217,0,8,46,5
3,21,18670320,0,8,46,8
8,25,18670802,0,8,46,11
1,22,18670110,0,8,46,9
11,6,18671130,0,8,46,3
11,22,18671109,0,8,46,9
11,18,18671110,0,8,46,5
4,21,18670405,0,8,46,8
2,20,18670208,0,8,46,7
1,20,18670128,0,8,46,7
3,18,18670303,0,8,46,5
2,20,18670221,0,8,46,7
2,24,18670215,0,8,46,10
11,20,18671108,0,8,46,7
4,20,18670410,0,8,46,7
6,25,18670603,0,8,46,11
5,20,18670504,0,8,46,7
11,28,18671117,0,8,46,13
12,19,18671205,0,8,46,6
12,19,18671228,0,8,46,6
11,6,18671106,0,8,46,3
4,17,18670422,0,8,46,4
4,14,18670413,0,8,46,4
1,19,18670125,0,8,46,6
12,10,18671223,0,8,46,4
3,8,18670321,0,8,46,4
3,10,18670330,0,8,46,4
11,19,18671120,0,8,46,6
2,8,18670213,0,8,46,4
4,9,18670421,0,8,46,4
11,28,18671115,0,8,46,13
11,27,18671115,0,8,46,12
3,16,18670330,0,8,46,4
1,19,18670109,0,8,46,6
1,19,18670108,0,8,46,6
3,8,18670322,0,8,46,4
11,6,18671119,0,8,46,3
5,9,18670504,0,8,46,4
4,7,18670422,0,8,46,4
2,28,18670205,0,8,46,13
3,12,18670329,0,8,46,4
12,17,18671226,0,8,46,4
3,26,18670321,0,8,46,12
3,13,18670330,0,8,46,4
10,7,18671012,0,8,46,4
11,12,18671116,0,8,46,4
1,21,18670108,0,8,46,8
11,15,18671116,0,8,46,4
3,28,18670312,0,8,46,13
11,10,18671116,0,8,46,4
12,19,18671203,0,8,46,6
11,7,18671112,0,8,46,4
12,27,18671221,0,8,46,12
11,19,18671128,0,8,46,6
11,10,18671105,0,8,46,4
4,17,18670408,0,8,46,4
4,7,18670424,0,8,46,4
11,14,18671105,0,8,46,4
11,15,18671129,0,8,46,4
11,26,18671128,0,8,46,12
11,16,18671104,0,8,46,4
5,8,18670509,0,8,46,4
4,11,18670402,0,8,46,4
2,21,18670215,0,8,46,8
4,16,18670409,0,8,46,4
11,28,18671112,0,8,46,13
4,22,18670409,0,8,46,9
12,9,18671226,0,8,46,4
3,7,18670320,0,8,46,4
2,15,18670223,0,8,46,4
4,8,18670409,0,8,46,4
11,10,18671126,0,8,46,4
8,25,18670823,0,8,46,11
12,19,18671230,0,8,46,6
2,15,18670228,0,8,46,4
11,27,18671104,0,8,46,12
11,7,18671105,0,8,46,4
9,5,18670927,0,8,46,2
1,21,18670110,0,8,46,8
5,11,18670502,0,8,46,4
12,16,18671206,0,8,46,4
2,26,18670208,0,8,46,12
2,15,18670207,0,8,46,4
11,26,18671110,0,8,46,12
2,5,18670203,0,8,46,2
4,15,18670423,0,8,46,4
12,13,18671226,0,8,46,4
11,10,18671114,0,8,46,4
2,28,18670226,0,8,46,13
10,7,18671023,0,8,46,4
5,13,18670514,0,8,46,4
11,19,18671126,0,8,46,6
2,28,18670204,0,8,46,13
4,28,18670424,0,8,46,13
5,25,18670528,0,8,46,11
7,25,18670703,0,8,46,11
11,18,18671117,0,8,46,5
2,21,18670202,0,8,46,8
11,18,18671118,0,8,46,5
9,25,18670905,0,8,46,11
2,22,18670224,0,8,46,9
6,25,18670628,0,8,46,11
1,22,18670109,0,8,46,9
5,6,18670514,0,8,46,3
11,18,18671123,0,8,46,5
3,23,18670307,0,8,46,10
5,21,18670503,0,8,46,8
12,27,18671222,0,8,46,12
2,24,18670202,0,8,46,10
11,18,18671116,0,8,46,5
11,21,18671111,0,8,46,8
1,22,18670131,0,8,46,9
3,22,18670323,0,8,46,9
2,20,18670225,0,8,46,7
12,23,18671224,0,8,46,10
2,20,18670222,0,8,46,7
12,5,18671216,0,8,46,2
11,23,18671122,0,8,46,10
4,22,18670402,0,8,46,9
11,6,18671105,0,8,46,3
10,5,18671012,0,8,46,2
12,6,18671217,0,8,46,3
2,21,18670210,0,8,46,8
1,23,18670126,0,8,46,10
12,5,18671211,0,8,46,2
11,21,18671113,0,8,46,8
2,20,18670210,0,8,46,7
1,20,18670130,0,8,46,7
1,24,18670128,0,8,46,10
2,22,18670218,0,8,46,9
4,25,18670414,0,8,47,11
12,24,18671222,0,8,47,10
4,21,18670410,0,8,47,8
11,27,18671126,0,8,47,12
4,5,18670406,0,8,47,2
2,18,18670202,0,8,47,5
11,27,18671105,0,8,47,12
1,18,18670105,0,8,47,5
3,18,18670306,0,8,47,5
1,21,18670109,0,8,47,8
5,25,18670529,0,8,47,11
2,24,18670203,0,8,47,10
3,23,18670301,0,8,47,10
9,25,18670916,0,8,47,11
10,20,18671005,0,8,47,7
11,26,18671122,0,8,47,12
4,28,18670429,0,8,47,13
12,7,18671226,0,8,47,4
1,26,18670106,0,8,47,12
2,15,18670225,0,8,47,4
11,25,18671101,0,8,47,11
11,26,18671119,0,8,47,12
2,12,18670228,0,8,47,4
10,8,18671031,0,8,47,4
2,18,18670204,0,8,47,5
11,15,18671127,0,8,47,4
11,19,18671127,0,8,47,6
5,12,18670502,0,8,47,4
2,26,18670228,0,8,47,12
2,26,18670201,0,8,47,12
3,26,18670302,0,8,47,12
2,28,18670201,0,8,47,13
11,19,18671123,0,8,47,6
11,8,18671125,0,8,47,4
2,26,18670225,0,8,47,12
5,20,18670503,0,8,47,7
11,19,18671125,0,8,47,6
12,19,18671229,0,8,47,6
5,22,18670503,0,8,47,9
10,21,18671004,0,8,47,8
12,19,18671204,0,8,47,6
11,8,18671126,0,8,47,4
12,13,18671227,0,8,47,4
3,26,18670304,0,8,47,12
11,15,18671121,0,8,47,4
6,25,18670621,0,8,47,11
11,26,18671121,0,8,47,12
4,12,18670427,0,8,47,4
1,26,18670107,0,8,47,12
2,27,18670202,0,8,47,12
11,19,18671129,0,8,47,6
12,21,18671201,0,8,47,8
2,28,18670203,0,8,47,13
2,9,18670207,0,8,47,4
12,23,18671203,0,8,47,10
12,11,18671223,0,8,47,4
4,21,18670407,0,8,47,8
4,8,18670403,0,8,47,4
4,7,18670403,0,8,47,4
5,21,18670525,0,8,47,8
3,19,18670323,0,8,47,6
5,20,18670525,0,8,47,7
4,15,18670402,0,8,47,4
1,18,18670130,0,8,47,5
5,5,18670524,0,8,47,2
4,13,18670401,0,8,47,4
11,27,18671106,0,8,47,12
5,26,18670512,0,8,47,12
3,22,18670331,0,8,47,9
12,27,18671224,0,8,47,12
3,19,18670311,0,8,47,6
1,26,18670130,0,8,47,12
3,16,18670331,0,8,47,4
1,19,18670126,0,8,47,6
4,15,18670403,0,8,47,4
11,7,18671108,0,8,47,4
5,18,18670513,0,8,47,5
1,5,18670115,0,8,47,2
2,10,18670216,0,8,47,4
4,13,18670408,0,8,47,4
4,8,18670408,0,8,47,4
4,13,18670409,0,8,47,4
11,6,18671112,0,8,47,3
4,14,18670409,0,8,47,4
9,25,18670924,0,8,47,11
11,26,18671111,0,8,47,12
10,24,18671010,0,8,47,10
4,17,18670409,0,8,47,4
11,6,18671111,0,8,47,3
4,22,18670410,0,8,47,9
3,7,18670325,0,8,47,4
3,21,18670310,0,8,47,8
11,26,18671109,0,8,47,12
1,22,18670129,0,8,47,9
1,23,18670129,0,8,47,10
2,24,18670217,0,8,47,10
11,19,18671111,0,8,47,6
11,15,18671106,0,8,47,4
4,10,18670403,0,8,47,4
4,22,18670417,0,8,47,9
1,27,18670108,0,8,47,12
3,26,18670328,0,8,47,12
1,18,18670125,0,8,47,5
2,12,18670213,0,8,47,4
2,28,18670219,0,8,47,13
3,11,18670311,0,8,47,4
11,19,18671118,0,8,47,6
11,11,18671106,0,8,47,4
3,9,18670330,0,8,47,4
1,26,18670124,0,8,47,12
5,13,18670515,0,8,47,4
3,17,18670330,0,8,47,4
3,12,18670311,0,8,47,4
12,18,18671225,0,8,47,5
1,5,18670129,0,8,47,2
4,27,18670424,0,8,47,12
6,25,18670624,0,8,47,11
10,22,18671007,0,8,47,9
6,25,18670627,0,8,47,11
11,20,18671111,0,8,47,7
8,25,18670807,0,8,47,11
3,18,18670321,0,8,47,5
12,22,18671217,0,8,47,9
2,21,18670220,0,8,47,8
5,25,18670505,0,8,47,11
3,21,18670331,0,8,47,8
1,18,18670108,0,8,47,5
10,21,18671029,0,8,47,8
12,24,18671218,0,8,47,10
11,21,18671109,0,8,47,8
11,22,18671108,0,8,47,9
2,21,18670224,0,8,47,8
1,20,18670129,0,8,47,7
11,22,18671114,0,8,47,9
1,23,18670127,0,8,47,10
12,24,18671217,0,8,47,10
12,24,18671219,0,8,47,10
4,5,18670412,0,8,47,2
2,5,18670224,0,8,47,2
2,6,18670225,0,8,47,3
11,23,18671124,0,8,47,10
10,22,18671029,0,8,47,9
1,5,18670116,0,8,47,2
3,23,18670319,0,8,47,10
7,25,18670726,0,9,47,11
11,5,18671109,0,9,47,2
4,20,18670407,0,9,47,7
12,20,18671217,0,9,47,7
12,27,18671212,0,9,47,12
10,20,18671010,0,9,47,7
10,21,18671006,0,9,47,8
2,23,18670206,0,9,47,10
12,18,18671222,0,9,47,5
10,21,18671005,0,9,47,8
4,21,18670402,0,9,47,8
2,6,18670224,0,9,47,3
3,18,18670328,0,9,48,5
3,24,18670318,0,9,48,10
7,25,18670717,0,9,48,11
3,23,18670309,0,9,48,10
2,23,18670214,0,9,48,10
3,20,18670328,0,9,48,7
10,27,18671003,0,9,48,12
11,6,18671103,0,9,48,3
4,20,18670411,0,9,48,7
12,18,18671229,0,9,48,5
4,20,18670405,0,9,48,7
11,6,18671104,0,9,48,3
8,25,18670825,0,9,48,11
11,23,18671123,0,9,48,10
4,22,18670411,0,9,48,9
6,25,18670614,0,9,48,11
4,5,18670410,0,9,48,2
1,6,18670125,0,9,48,3
5,22,18670505,0,9,48,9
3,18,18670304,0,9,48,5
8,25,18670801,0,9,48,11
6,25,18670626,0,9,48,11
2,21,18670219,0,9,48,8
1,22,18670130,0,9,48,9
1,6,18670123,0,9,48,3
3,21,18670323,0,9,48,8
1,27,18670130,0,9,48,12
11,21,18671108,0,9,48,8
10,5,18671011,0,9,48,2
3,20,18670311,0,9,48,7
2,22,18670214,0,9,48,9
7,25,18670710,0,9,48,11
5,9,18670528,0,9,48,4
10,17,18671023,0,9,48,4
4,16,18670429,0,9,48,4
1,19,18670110,0,9,48,6
4,13,18670427,0,9,48,4
5,15,18670502,0,9,48,4
4,16,18670407,0,9,48,4
12,19,18671209,0,9,48,6
11,26,18671105,0,9,48,12
11,9,18671111,0,9,48,4
5,10,18670518,0,9,48,4
5,13,18670501,0,9,48,4
4,14,18670401,0,9,48,4
5,17,18670504,0,9,48,4
2,6,18670221,0,9,48,3
5,7,18670503,0,9,48,4
3,11,18670330,0,9,48,4
12,12,18671223,0,9,48,4
10,9,18671031,0,9,48,4
2,6,18670207,0,9,48,3
6,25,18670610,0,9,48,11
5,7,18670508,0,9,48,4
4,15,18670406,0,9,48,4
2,26,18670205,0,9,48,12
4,17,18670429,0,9,48,4
12,26,18671207,0,9,48,12
4,16,18670404,0,9,48,4
2,12,18670208,0,9,48,4
4,17,18670404,0,9,48,4
5,21,18670516,0,9,48,8
4,22,18670403,0,9,48,9
4,21,18670403,0,9,48,8
5,15,18670521,0,9,48,4
11,17,18671105,0,9,48,4
3,15,18670311,0,9,48,4
3,10,18670301,0,9,48,4
3,19,18670310,0,9,48,6
10,20,18671009,0,9,48,7
12,26,18671226,0,9,48,12
10,13,18671023,0,9,48,4
5,14,18670515,0,9,48,4
11,19,18671130,0,9,48,6
3,26,18670329,0,9,48,12
11,28,18671107,0,9,48,13
5,10,18670516,0,9,48,4
8,25,18670808,0,9,48,11
1,19,18670127,0,9,48,6
10,21,18671009,0,9,48,8
4,13,18670404,0,9,48,4
2,7,18670214,0,9,48,4
11,26,18671118,0,9,48,12
12,27,18671223,0,9,48,12
3,8,18670323,0,9,48,4
11,9,18671103,0,9,48,4
1,26,18670123,0,9,48,12
11,5,18671117,0,9,48,2
2,11,18670213,0,9,48,4
11,28,18671121,0,9,48,13
2,28,18670213,0,9,48,13
12,19,18671220,0,9,48,6
11,24,18671123,0,9,48,10
2,22,18670223,0,9,48,9
2,10,18670213,0,9,48,4
10,27,18671008,0,9,48,12
12,19,18671215,0,9,48,6
4,7,18670410,0,9,48,4
12,16,18671227,0,9,48,4
5,17,18670509,0,9,48,4
10,26,18671002,0,9,48,12
11,26,18671117,0,9,48,12
4,8,18670410,0,9,48,4
4,12,18670424,0,9,48,4
11,16,18671121,0,9,48,4
4,9,18670418,0,9,48,4
11,28,18671122,0,9,48,13
4,9,18670409,0,9,48,4
11,16,18671120,0,9,48,4
2,26,18670214,0,9,48,12
10,22,18671006,0,9,48,9
4,13,18670422,0,9,48,4
12,11,18671206,0,9,48,4
9,9,18670930,0,9,48,4
2,21,18670209,0,9,48,8
5,16,18670513,0,9,48,4
5,10,18670514,0,9,48,4
4,17,18670413,0,9,48,4
2,21,18670213,0,9,48,8
2,12,18670201,0,9,48,4
11,19,18671124,0,9,48,6
5,8,18670515,0,9,48,4
2,11,18670201,0,9,48,4
12,19,18671227,0,9,48,6
12,19,18671221,0,9,48,6
11,19,18671119,0,9,48,6
12,26,18671225,0,9,48,12
2,21,18670223,0,9,48,8
2,22,18670210,0,9,48,9
11,6,18671116,0,9,48,3
12,23,18671216,0,9,48,10
2,21,18670214,0,9,48,8
5,22,18670502,0,9,48,9
1,21,18670131,0,9,48,8
3,24,18670314,0,9,48,10
4,22,18670416,0,9,48,9
7,25,18670711,0,9,48,11
2,23,18670213,0,9,48,10
2,5,18670206,0,9,48,2
2,22,18670209,0,9,48,9
3,5,18670310,0,9,48,2
1,21,18670130,0,9,48,8
10,21,18671007,0,9,48,8
5,22,18670516,0,9,48,9
11,27,18671118,0,9,48,12
12,24,18671212,0,9,48,10
2,27,18670213,0,9,48,12
1,6,18670124,0,9,48,3
8,25,18670806,0,9,48,11
2,24,18670216,0,9,48,10
3,27,18670330,0,9,48,12
2,22,18670208,0,9,48,9
11,27,18671119,0,9,48,12
2,6,18670206,0,9,48,3
4,20,18670406,0,9,49,7
11,18,18671125,0,9,49,5
7,25,18670714,0,9,49,11
5,27,18670521,0,9,49,12
12,23,18671214,0,9,49,10
2,20,18670209,0,9,49,7
12,18,18671209,0,9,49,5
10,20,18671006,0,9,49,7
12,6,18671215,0,9,49,3
6,25,18670622,0,9,49,11
12,6,18671216,0,9,49,3
11,27,18671101,0,9,49,12
5,20,18670517,0,9,49,7
4,20,18670402,0,9,49,7
2,23,18670207,0,9,49,10
1,20,18670131,0,9,49,7
4,20,18670417,0,9,49,7
5,20,18670515,0,9,49,7
9,25,18670923,0,9,49,11
4,5,18670402,0,9,49,2
1,6,18670126,0,9,49,3
2,5,18670220,0,9,49,2
11,6,18671108,0,9,49,3
12,23,18671217,0,9,49,10
10,22,18671005,0,9,49,9
11,5,18671112,0,9,49,2
12,27,18671209,0,9,49,12
4,6,18670401,0,9,49,3
11,18,18671101,0,9,49,5
3,5,18670315,0,9,49,2
1,21,18670127,0,9,49,8
5,27,18670512,0,9,49,12
2,5,18670223,0,9,49,2
2,6,18670222,0,9,49,3
5,25,18670531,0,9,49,11
5,16,18670506,0,9,49,4
4,12,18670401,0,9,49,4
5,10,18670510,0,9,49,4
6,25,18670607,0,9,49,11
2,11,18670218,0,9,49,4
3,15,18670330,0,9,49,4
3,26,18670301,0,9,49,12
11,26,18671115,0,9,49,12
11,28,18671116,0,9,49,13
10,26,18671027,0,9,49,12
3,19,18670308,0,9,49,6
5,8,18670501,0,9,49,4
4,21,18670417,0,9,49,8
2,15,18670214,0,9,49,4
12,15,18671223,0,9,49,4
5,5,18670502,0,9,49,2
11,26,18671106,0,9,49,12
2,21,18670218,0,9,49,8
5,16,18670501,0,9,49,4
5,9,18670506,0,9,49,4
5,8,18670511,0,9,49,4
5,9,18670523,0,9,49,4
2,19,18670206,0,9,49,6
2,19,18670207,0,9,49,6
4,16,18670419,0,9,49,4
12,19,18671218,0,9,49,6
2,7,18670213,0,9,49,4
10,14,18671023,0,9,49,4
5,9,18670509,0,9,49,4
11,26,18671125,0,9,49,12
12,26,18671208,0,9,49,12
12,26,18671212,0,9,49,12
3,19,18670324,0,9,49,6
10,22,18671009,0,9,49,9
11,11,18671105,0,9,49,4
11,18,18671119,0,9,49,5
10,10,18671023,0,9,49,4
2,19,18670203,0,9,49,6
5,8,18670516,0,9,49,4
12,24,18671216,0,9,49,10
12,10,18671227,0,9,49,4
1,27,18670124,0,9,49,12
2,26,18670202,0,9,49,12
11,13,18671126,0,9,49,4
5,14,18670509,0,9,49,4
12,10,18671225,0,9,49,4
3,19,18670325,0,9,49,6
2,15,18670216,0,9,49,4
4,14,18670429,0,9,49,4
2,11,18670208,0,9,49,4
12,19,18671219,0,9,49,6
12,6,18671214,0,9,49,3
5,8,18670510,0,9,49,4
2,15,18670201,0,9,49,4
3,26,18670326,0,9,49,12
10,13,18671031,0,9,49,4
11,13,18671122,0,9,49,4
1,5,18670130,0,9,49,2
4,11,18670403,0,9,49,4
11,26,18671124,0,9,49,12
1,26,18670122,0,9,49,12
11,15,18671114,0,9,49,4
2,27,18670203,0,9,49,12
3,27,18670327,0,9,49,12
2,27,18670205,0,9,49,12
2,26,18670210,0,9,49,12
2,26,18670203,0,9,49,12
10,26,18671003,0,9,49,12
4,17,18670418,0,9,49,4
4,9,18670413,0,9,49,4
2,11,18670216,0,9,49,4
4,14,18670408,0,9,49,4
12,21,18671216,0,10,49,8
2,27,18670201,0,10,49,12
2,22,18670213,0,10,49,9
2,21,18670221,0,10,49,8
4,21,18670416,0,10,49,8
2,20,18670223,0,10,49,7
8,25,18670830,0,10,49,11
11,24,18671107,0,10,49,10
11,27,18671102,0,10,49,12
11,27,18671112,0,10,49,12
2,5,18670218,0,10,49,2
1,6,18670128,0,10,49,3
1,22,18670128,0,10,49,9
2,6,18670220,0,10,49,3
4,20,18670413,0,10,49,7
7,3,18670727,0,10,49,1
2,5,18670211,0,10,49,2
12,21,18671217,0,10,49,8
10,20,18671023,0,10,49,7
2,27,18670218,0,10,49,12
1,21,18670129,0,10,49,8
2,18,18670217,0,10,49,5
5,25,18670507,0,10,49,11
2,5,18670221,0,10,49,2
11,6,18671102,0,10,49,3
1,5,18670128,0,10,49,2
2,27,18670224,0,10,49,12
12,24,18671221,0,10,49,10
5,27,18670520,0,10,49,12
3,18,18670329,0,10,49,5
3,18,18670301,0,10,49,5
11,24,18671104,0,10,49,10
2,6,18670212,0,10,49,3
2,18,18670211,0,10,49,5
1,23,18670116,0,10,49,10
3,6,18670330,0,10,50,3
1,23,18670128,0,10,50,10
2,23,18670202,0,10,50,10
8,25,18670831,0,10,50,11
4,21,18670409,0,10,50,8
11,23,18671111,0,10,50,10
4,22,18670406,0,10,50,9
11,18,18671126,0,10,50,5
8,25,18670829,0,10,50,11
2,23,18670203,0,10,50,10
1,21,18670128,0,10,50,8
1,6,18670127,0,10,50,3
5,27,18670522,0,10,50,12
10,27,18671004,0,10,50,12
10,22,18671028,0,10,50,9
2,6,18670205,0,10,50,3
10,22,18671004,0,10,50,9
9,25,18670930,0,10,50,11
2,5,18670215,0,10,50,2
10,18,18671027,0,10,50,5
1,6,18670129,0,10,50,3
9,20,18670927,0,10,50,7
9,25,18670910,0,10,50,11
10,6,18671028,0,10,50,3
2,6,18670201,0,10,50,3
7,25,18670725,0,10,50,11
10,27,18671011,0,10,50,12
4,22,18670413,0,10,50,9
9,25,18670904,0,10,50,11
2,27,18670210,0,10,50,12
3,20,18670330,0,10,50,7
4,20,18670409,0,10,50,7
2,27,18670217,0,10,50,12
1,27,18670105,0,10,50,12
10,20,18671011,0,10,50,7
3,27,18670328,0,10,50,12
4,25,18670418,0,10,50,11
10,5,18671006,0,10,50,2
6,25,18670606,0,10,50,11
10,8,18671009,0,10,50,4
4,15,18670408,0,10,50,4
11,23,18671104,0,10,50,10
3,28,18670325,0,10,50,13
12,12,18671206,0,10,50,4
11,17,18671126,0,10,50,4
1,18,18670122,0,10,50,5
2,6,18670223,0,10,50,3
12,19,18671214,0,10,50,6
11,26,18671102,0,10,50,12
3,19,18670309,0,10,50,6
4,21,18670406,0,10,50,8
10,6,18671008,0,10,50,3
10,17,18671005,0,10,50,4
10,16,18671007,0,10,50,4
4,7,18670427,0,10,50,4
5,10,18670527,0,10,50,4
12,18,18671210,0,10,50,5
12,16,18671225,0,10,50,4
2,21,18670208,0,10,50,8
2,19,18670208,0,10,50,6
10,17,18671007,0,10,50,4
3,19,18670307,0,10,50,6
12,26,18671222,0,10,50,12
2,5,18670225,0,10,50,2
5,14,18670508,0,10,50,4
2,19,18670210,0,10,50,6
5,8,18670514,0,10,50,4
11,16,18671123,0,10,50,4
11,12,18671113,0,10,50,4
11,16,18671124,0,10,50,4
4,16,18670425,0,10,50,4
4,17,18670425,0,10,50,4
12,11,18671225,0,10,50,4
11,9,18671123,0,10,50,4
11,21,18671114,0,10,50,8
10,10,18671031,0,10,50,4
2,12,18670227,0,10,50,4
11,7,18671125,0,10,50,4
11,28,18671114,0,10,50,13
11,17,18671125,0,10,50,4
1,27,18670107,0,10,50,12
11,15,18671122,0,10,50,4
5,26,18670513,0,10,50,12
2,12,18670216,0,10,50,4
5,17,18670515,0,10,50,4
11,26,18671104,0,10,50,12
11,7,18671126,0,10,50,4
4,20,18670416,0,10,50,7
1,19,18670128,0,10,50,6
5,17,18670508,0,10,50,4
5,12,18670507,0,10,50,4
5,9,18670514,0,10,50,4
2,26,18670204,0,10,50,12
11,10,18671107,0,10,50,4
5,10,18670531,0,10,50,4
5,10,18670511,0,10,50,4
2,28,18670218,0,10,50,13
4,15,18670419,0,10,50,4
10,22,18671010,0,10,50,9
3,28,18670330,0,10,50,13
11,15,18671105,0,10,50,4
10,20,18671029,0,10,50,7
11,11,18671120,0,10,50,4
2,19,18670205,0,10,50,6
11,19,18671116,0,10,50,6
10,7,18671011,0,10,50,4
5,12,18670503,0,10,50,4
3,26,18670327,0,10,50,12
11,28,18671105,0,10,50,13
10,13,18671024,0,10,50,4
5,7,18670504,0,10,50,4
3,26,18670303,0,10,50,12
5,16,18670504,0,10,50,4
2,15,18670213,0,10,50,4
12,19,18671226,0,10,50,6
3,23,18670310,0,10,50,10
12,19,18671223,0,10,50,6
2,28,18670209,0,10,50,13
10,17,18671012,0,10,50,4
7,25,18670724,0,10,50,11
4,15,18670404,0,10,50,4
5,9,18670507,0,10,50,4
5,8,18670507,0,10,50,4
5,7,18670507,0,10,50,4
10,26,18671031,0,10,50,12
12,19,18671210,0,10,50,6
12,26,18671221,0,10,50,12
12,28,18671226,0,10,50,13
5,15,18670523,0,10,50,4
12,19,18671211,0,10,50,6
2,28,18670217,0,10,50,13
11,23,18671107,0,10,50,10
2,26,18670207,0,10,50,12
3,28,18670301,0,10,50,13
2,28,18670224,0,10,50,13
4,9,18670415,0,10,50,4
12,18,18671211,0,10,50,5
10,18,18671003,0,10,50,5
12,28,18671227,0,10,50,13
12,19,18671216,0,10,50,6
11,12,18671105,0,10,50,4
11,8,18671102,0,10,50,4
5,25,18670506,0,10,50,11
11,24,18671121,0,10,50,10
10,20,18671028,0,10,50,7
3,5,18670324,0,10,50,2
4,20,18670418,0,10,50,7
12,18,18671213,0,10,50,5
12,24,18671215,0,10,50,10
10,21,18671010,0,10,50,8
12,18,18671201,0,10,50,5
11,6,18671110,0,10,50,3
10,21,18671008,0,10,50,8
4,6,18670411,0,10,50,3
3,20,18670324,0,10,50,7
10,5,18671010,0,10,50,2
3,20,18670331,0,10,50,7
10,6,18671005,0,10,50,3
9,25,18670915,0,10,50,11
5,21,18670517,0,10,50,8
4,6,18670405,0,10,50,3
9,3,18670924,0,10,50,1
8,25,18670826,0,10,50,11
11,6,18671109,0,10,50,3
2,27,18670221,0,10,50,12
6,25,18670605,0,10,50,11
2,24,18670212,0,10,50,10
3,18,18670330,0,10,50,5
3,27,18670329,0,10,50,12
12,23,18671219,0,10,50,10
11,18,18671105,0,10,50,5
10,27,18671002,0,10,50,12
3,23,18670305,0,10,50,10
12,24,18671214,0,10,50,10
5,27,18670513,0,10,50,12
2,6,18670202,0,10,50,3
10,18,18671008,0,10,50,5
11,24,18671112,0,10,50,10
5,18,18670514,0,10,50,5
11,23,18671112,0,10,50,10
12,18,18671212,0,10,50,5
2,6,18670209,0,10,50,3
5,27,18670514,0,10,50,12
2,6,18670210,0,10,50,3
3,22,18670330,0,10,51,9
10,5,18671009,0,10,51,2
5,25,18670508,0,10,51,11
2,22,18670221,0,10,51,9
1,6,18670108,0,10,51,3
11,5,18671108,0,10,51,2
9,21,18670927,0,10,51,8
2,6,18670208,0,10,51,3
2,18,18670214,0,10,51,5
11,6,18671113,0,10,51,3
11,24,18671111,0,10,51,10
11,22,18671116,0,10,51,9
11,24,18671113,0,10,51,10
5,25,18670510,0,10,51,11
5,5,18670525,0,10,51,2
11,18,18671112,0,10,51,5
11,5,18671111,0,10,51,2
11,21,18671116,0,10,51,8
4,5,18670416,0,10,51,2
1,27,18670129,0,10,51,12
2,21,18670222,0,10,51,8
1,6,18670130,0,10,51,3
5,25,18670530,0,10,51,11
10,5,18671013,0,10,51,2
2,5,18670222,0,10,51,2
5,20,18670523,0,10,51,7
2,18,18670215,0,10,51,5
12,27,18671210,0,10,51,12
2,18,18670203,0,10,51,5
6,25,18670602,0,10,51,11
5,21,18670502,0,10,51,8
7,25,18670727,0,10,51,11
3,24,18670319,0,10,51,10
4,18,18670426,0,10,51,5
1,6,18670107,0,10,51,3
4,22,18670429,0,10,51,9
2,18,18670208,0,10,51,5
3,27,18670322,0,10,51,12
5,5,18670505,0,10,51,2
10,18,18671004,0,10,51,5
12,3,18671212,0,10,51,1
3,6,18670309,0,10,51,3
4,22,18670428,0,10,51,9
4,27,18670420,0,10,51,12
2,27,18670211,0,10,51,12
2,27,18670204,0,10,51,12
2,24,18670207,0,10,51,10
5,22,18670517,0,10,51,9
10,20,18671008,0,10,51,7
10,5,18671008,0,10,51,2
12,22,18671202,0,10,51,9
10,22,18671008,0,10,51,9
2,23,18670228,0,10,51,10
10,6,18671009,0,10,51,3
2,27,18670208,0,10,51,12
12,27,18671220,0,10,51,12
7,3,18670731,0,10,51,1
2,24,18670201,0,10,51,10
2,6,18670213,0,10,51,3
10,22,18671003,0,10,51,9
5,5,18670503,0,10,51,2
2,27,18670212,0,10,51,12
4,22,18670418,0,11,51,9
11,26,18671112,0,11,51,12
4,12,18670409,0,11,51,4
2,11,18670227,0,11,51,4
12,19,18671224,0,11,51,6
2,19,18670209,0,11,51,6
2,26,18670215,0,11,51,12
2,19,18670202,0,11,51,6
4,26,18670410,0,11,51,12
11,9,18671124,0,11,51,4
2,26,18670217,0,11,51,12
3,12,18670301,0,11,51,4
3,15,18670301,0,11,51,4
5,13,18670517,0,11,51,4
4,13,18670425,0,11,51,4
4,16,18670418,0,11,51,4
5,13,18670522,0,11,51,4
4,26,18670408,0,11,51,12
2,26,18670213,0,11,51,12
12,26,18671209,0,11,51,12
10,7,18671009,0,11,51,4
12,19,18671225,0,11,51,6
10,21,18671028,0,11,51,8
10,6,18671004,0,11,51,3
2,11,18670228,0,11,51,4
4,17,18670427,0,11,51,4
3,19,18670326,0,11,51,6
4,14,18670427,0,11,51,4
9,22,18670927,0,11,51,9
5,13,18670508,0,11,51,4
5,9,18670526,0,11,51,4
4,22,18670404,0,11,51,9
11,24,18671116,0,11,51,10
10,8,18671011,0,11,51,4
5,10,18670522,0,11,51,4
2,26,18670223,0,11,51,12
4,12,18670402,0,11,51,4
10,6,18671010,0,11,51,3
10,26,18671006,0,11,51,12
5,16,18670523,0,11,51,4
5,14,18670523,0,11,51,4
10,26,18671007,0,11,51,12
3,15,18670302,0,11,51,4
11,18,18671129,0,11,51,5
12,19,18671222,0,11,51,6
2,26,18670218,0,11,51,12
3,12,18670302,0,11,51,4
4,21,18670413,0,11,51,8
12,26,18671213,0,11,51,12
11,8,18671101,0,11,51,4
12,19,18671217,0,11,51,6
5,6,18670522,0,11,51,3
2,19,18670204,0,11,51,6
10,8,18671010,0,11,51,4
12,19,18671212,0,11,51,6
12,26,18671211,0,11,51,12
4,9,18670425,0,11,51,4
10,16,18671023,0,11,51,4
4,7,18670402,0,11,51,4
11,16,18671105,0,11,51,4
11,26,18671113,0,11,51,12
4,26,18670412,0,11,51,12
2,5,18670210,0,11,51,2
5,11,18670514,0,11,51,4
4,26,18670424,0,11,51,12
2,11,18670214,0,11,51,4
11,12,18671106,0,11,51,4
11,12,18671114,0,11,51,4
10,26,18671004,0,11,51,12
2,26,18670224,0,11,51,12
12,26,18671210,0,11,51,12
8,25,18670827,0,11,51,11
9,25,18670913,0,11,51,11
2,20,18670206,0,11,51,7
9,3,18670906,0,11,51,1
4,20,18670404,0,11,51,7
3,24,18670305,0,11,51,10
2,18,18670205,0,11,51,5
5,25,18670511,0,11,51,11
3,20,18670325,0,11,51,7
2,27,18670222,0,11,51,12
5,27,18670523,0,11,51,12
10,20,18671013,0,11,51,7
10,5,18671029,0,11,51,2
10,27,18671009,0,11,51,12
2,18,18670212,0,11,51,5
11,18,18671115,0,11,51,5
3,18,18670327,0,11,51,5
3,6,18670322,0,11,51,3
5,6,18670523,0,11,52,3
11,18,18671114,0,11,52,5
7,25,18670713,0,11,52,11
5,22,18670514,0,11,52,9
10,6,18671006,0,11,52,3
2,22,18670211,0,11,52,9
2,6,18670214,0,11,52,3
2,5,18670226,0,11,52,2
2,18,18670207,0,11,52,5
10,22,18671025,0,11,52,9
4,21,18670411,0,11,52,8
7,25,18670712,0,11,52,11
4,6,18670402,0,11,52,3
3,22,18670328,0,11,52,9
9,5,18670926,0,11,52,2
1,24,18670131,0,11,52,10
2,18,18670218,0,11,52,5
10,27,18671010,0,11,52,12
10,21,18671003,0,11,52,8
11,24,18671115,0,11,52,10
4,5,18670417,0,11,52,2
10,27,18671007,0,11,52,12
1,23,18670130,0,11,52,10
11,23,18671121,0,11,52,10
4,18,18670421,0,11,52,5
2,23,18670212,0,11,52,10
3,23,18670316,0,11,52,10
10,20,18671004,0,11,52,7
10,21,18671025,0,11,52,8
3,5,18670331,0,11,52,2
3,23,18670315,0,11,52,10
1,23,18670131,0,11,52,10
12,6,18671201,0,11,52,3
4,20,18670403,0,11,52,7
4,5,18670404,0,11,52,2
2,23,18670217,0,11,52,10
12,18,18671224,0,11,52,5
2,23,18670216,0,11,52,10
2,6,18670218,0,11,52,3
3,23,18670318,0,11,52,10
2,18,18670209,0,11,52,5
11,23,18671113,0,11,52,10
2,18,18670216,0,11,52,5
11,18,18671103,0,11,52,5
11,12,18671121,0,11,52,4
10,9,18671012,0,11,52,4
5,9,18670522,0,11,52,4
5,7,18670522,0,11,52,4
5,15,18670528,0,11,52,4
11,27,18671108,0,11,52,12
11,9,18671125,0,11,52,4
10,9,18671023,0,11,52,4
7,2,18670729,0,11,52,1
7,2,18670716,0,11,52,1
10,13,18671005,0,11,52,4
9,3,18670925,0,11,52,1
10,13,18671026,0,11,52,4
5,12,18670522,0,11,52,4
11,28,18671129,0,11,52,13
10,12,18671030,0,11,52,4
10,7,18671031,0,11,52,4
11,26,18671101,0,11,52,12
11,14,18671126,0,11,52,4
6,25,18670611,0,11,52,11
10,14,18671024,0,11,52,4
10,9,18671006,0,11,52,4
10,10,18671005,0,11,52,4
11,28,18671123,0,11,52,13
10,7,18671010,0,11,52,4
10,26,18671029,0,11,52,12
11,26,18671114,0,11,52,12
5,26,18670524,0,11,52,12
10,20,18671027,0,11,52,7
10,16,18671031,0,11,52,4
6,25,18670619,0,11,52,11
10,28,18671025,0,11,52,13
10,9,18671005,0,11,52,4
10,13,18671007,0,11,52,4
10,16,18671012,0,11,52,4
10,5,18671028,0,11,52,2
5,11,18670523,0,11,52,4
7,3,18670728,0,11,52,1
10,9,18671028,0,11,52,4
11,26,18671107,0,11,52,12
10,15,18671012,0,11,52,4
11,28,18671106,0,11,52,13
11,20,18671102,0,11,52,7
10,14,18671012,0,11,52,4
11,28,18671127,0,11,52,13
5,16,18670522,0,11,52,4
5,15,18670522,0,11,52,4
10,13,18671025,0,11,52,4
12,21,18671202,0,11,52,8
7,3,18670709,0,11,52,1
5,16,18670507,0,11,52,4
3,21,18670330,0,11,52,8
5,17,18670514,0,11,52,4
2,18,18670225,0,11,52,5
2,21,18670206,0,11,52,8
5,14,18670514,0,11,52,4
5,12,18670514,0,11,52,4
3,12,18670330,0,11,52,4
5,11,18670503,0,11,52,4
5,28,18670503,0,11,52,13
4,16,18670421,0,11,52,4
2,19,18670201,0,11,52,6
5,12,18670508,0,11,52,4
2,12,18670218,0,11,52,4
4,14,18670422,0,11,52,4
1,19,18670129,0,11,52,6
5,10,18670513,0,11,52,4
5,9,18670508,0,11,52,4
5,14,18670504,0,11,52,4
1,27,18670131,0,11,52,12
12,27,18671211,0,11,52,12
12,19,18671213,0,11,52,6
4,14,18670425,0,11,52,4
4,14,18670404,0,11,52,4
4,21,18670418,0,11,52,8
4,21,18670404,0,11,52,8
4,7,18670418,0,11,52,4
2,26,18670222,0,11,52,12
4,16,18670414,0,11,52,4
1,19,18670130,0,11,52,6
5,17,18670501,0,11,52,4
4,6,18670416,0,11,52,3
4,9,18670416,0,11,52,4
4,7,18670413,0,11,52,4
1,27,18670122,0,11,52,12
4,14,18670412,0,11,52,4
5,16,18670515,0,11,52,4
4,26,18670425,0,11,52,12
5,14,18670501,0,11,52,4
4,26,18670411,0,11,52,12
4,12,18670411,0,11,52,4
12,28,18671228,0,11,52,13
5,7,18670515,0,11,52,4
4,7,18670409,0,11,52,4
4,6,18670409,0,11,52,3
2,18,18670224,0,11,52,5
4,28,18670406,0,11,52,13
1,27,18670125,0,11,52,12
4,12,18670406,0,11,52,4
4,7,18670412,0,11,52,4
12,26,18671220,0,11,52,12
1,5,18670131,0,11,52,2
5,15,18670507,0,11,52,4
2,20,18670211,0,11,52,7
3,6,18670310,0,11,52,3
1,27,18670128,0,11,52,12
2,19,18670211,0,11,52,6
5,11,18670507,0,11,52,4
4,13,18670429,0,11,52,4
3,28,18670311,0,11,52,13
2,26,18670212,0,11,52,12
2,26,18670209,0,11,52,12
2,28,18670214,0,11,52,13
2,24,18670208,0,11,52,10
3,24,18670310,0,11,52,10
2,23,18670201,0,11,52,10
10,6,18671012,0,11,52,3
12,18,18671220,0,11,52,5
2,23,18670218,0,11,52,10
2,24,18670218,0,11,52,10
7,3,18670717,0,11,52,1
11,27,18671109,0,11,52,12
2,27,18670223,0,11,52,12
9,20,18670926,0,11,52,7
3,23,18670314,0,11,52,10
4,6,18670408,0,11,52,3
11,27,18671107,0,11,52,12
2,22,18670206,0,11,52,9
1,18,18670131,0,11,52,5
4,5,18670403,0,11,52,2
9,25,18670911,0,11,52,11
4,5,18670407,0,11,52,2
3,21,18670328,0,11,52,8
2,22,18670222,0,11,52,9
11,24,18671106,0,11,52,10
7,25,18670704,0,11,52,11
9,21,18670926,0,11,52,8
4,18,18670409,0,11,52,5
4,21,18670408,0,11,52,8
11,18,18671109,0,11,52,5
11,24,18671114,0,11,53,10
7,3,18670730,0,11,53,1
11,18,18671111,0,11,53,5
2,24,18670211,0,11,53,10
2,6,18670219,0,11,53,3
4,22,18670422,0,11,53,9
3,6,18670328,0,11,53,3
10,5,18671027,0,11,53,2
7,3,18670707,0,11,53,1
12,18,18671214,0,11,53,5
12,27,18671216,0,11,53,12
11,24,18671108,0,12,53,10
2,23,18670211,0,12,53,10
5,6,18670524,0,12,53,3
7,3,18670708,0,12,53,1
7,25,18670701,0,12,53,11
10,5,18671016,0,12,53,2
4,6,18670404,0,12,53,3
10,5,18671014,0,12,53,2
9,22,18670926,0,12,53,9
5,27,18670515,0,12,53,12
3,6,18670329,0,12,53,3
3,5,18670325,0,12,53,2
11,22,18671102,0,12,53,9
8,3,18670801,0,12,53,1
5,6,18670501,0,12,53,3
3,18,18670302,0,12,53,5
4,22,18670430,0,12,53,9
2,27,18670216,0,12,53,12
2,27,18670206,0,12,53,12
9,5,18670928,0,12,53,2
7,25,18670715,0,12,53,11
4,6,18670403,0,12,53,3
4,6,18670406,0,12,53,3
4,27,18670410,0,12,53,12
2,27,18670220,0,12,53,12
5,13,18670510,0,12,53,4
5,13,18670528,0,12,53,4
10,17,18671025,0,12,53,4
4,26,18670414,0,12,53,12
5,26,18670525,0,12,53,12
5,16,18670528,0,12,53,4
4,6,18670407,0,12,53,3
4,16,18670415,0,12,53,4
10,16,18671025,0,12,53,4
10,13,18671012,0,12,53,4
5,6,18670515,0,12,53,3
10,8,18671012,0,12,53,4
5,14,18670506,0,12,53,4
4,18,18670411,0,12,53,5
12,15,18671226,0,12,53,4
8,1,18670808,0,12,53,1
2,27,18670207,0,12,53,12
4,26,18670409,0,12,53,12
9,16,18670930,0,12,53,4
4,27,18670409,0,12,53,12
10,8,18671015,0,12,53,4
1,26,18670125,0,12,53,12
11,19,18671113,0,12,53,6
4,8,18670417,0,12,53,4
1,26,18670128,0,12,53,12
5,13,18670509,0,12,53,4
5,11,18670515,0,12,53,4
12,15,18671225,0,12,53,4
12,26,18671216,0,12,53,12
5,26,18670523,0,12,53,12
2,26,18670211,0,12,53,12
5,17,18670523,0,12,53,4
5,7,18670501,0,12,53,4
4,26,18670420,0,12,53,12
2,19,18670212,0,12,53,6
4,26,18670421,0,12,53,12
10,8,18671029,0,12,53,4
10,10,18671029,0,12,53,4
1,26,18670127,0,12,53,12
3,28,18670302,0,12,53,13
10,10,18671024,0,12,53,4
3,26,18670324,0,12,53,12
11,16,18671125,0,12,53,4
10,10,18671022,0,12,53,4
11,6,18671101,0,12,53,3
5,28,18670521,0,12,53,13
4,10,18670425,0,12,53,4
10,17,18671003,0,12,53,4
11,14,18671125,0,12,53,4
10,11,18671031,0,12,53,4
11,13,18671125,0,12,53,4
7,3,18670729,0,12,53,1
12,26,18671223,0,12,53,12
2,19,18670213,0,12,53,6
10,10,18671007,0,12,53,4
12,24,18671213,0,12,53,10
4,8,18670415,0,12,53,4
2,10,18670208,0,12,53,4
11,13,18671111,0,12,53,4
11,16,18671110,0,12,53,4
11,26,18671129,0,12,53,12
5,8,18670517,0,12,53,4
10,16,18671024,0,12,53,4
4,10,18670418,0,12,53,4
1,19,18670131,0,12,53,6
11,24,18671119,0,12,53,10
10,14,18671008,0,12,53,4
10,13,18671011,0,12,53,4
11,18,18671108,0,12,53,5
5,17,18670507,0,12,53,4
8,3,18670803,0,12,53,1
10,11,18671024,0,12,53,4
5,12,18670521,0,12,53,4
5,16,18670514,0,12,53,4
10,12,18671011,0,12,53,4
5,13,18670521,0,12,53,4
10,9,18671011,0,12,53,4
10,16,18671005,0,12,53,4
10,6,18671011,0,12,53,3
4,10,18670401,0,12,53,4
4,26,18670419,0,12,53,12
11,23,18671120,0,12,53,10
4,7,18670430,0,12,53,4
10,24,18671007,0,12,53,10
11,21,18671102,0,12,53,8
5,18,18670525,0,12,53,5
10,22,18671013,0,12,53,9
3,27,18670324,0,12,53,12
1,18,18670123,0,12,53,5
2,18,18670223,0,12,53,5
12,18,18671226,0,12,53,5
11,18,18671107,0,12,53,5
11,24,18671103,0,12,53,10
10,22,18671014,0,12,53,9
4,5,18670409,0,12,53,2
1,27,18670127,0,12,53,12
2,27,18670219,0,12,53,12
9,25,18670912,0,12,53,11
12,27,18671215,0,12,53,12
11,27,18671103,0,12,53,12
7,25,18670716,0,12,53,11
10,5,18671007,0,12,53,2
5,5,18670504,0,12,53,2
2,24,18670210,0,12,53,10
3,24,18670309,0,12,53,10
10,18,18671005,0,12,53,5
10,6,18671003,0,12,53,3
11,18,18671106,0,12,53,5
10,6,18671029,0,12,53,3
3,23,18670317,0,12,54,10
2,23,18670208,0,12,54,10
2,23,18670215,0,12,54,10
3,5,18670308,0,12,54,2
10,6,18671007,0,12,54,3
8,25,18670817,0,12,54,11
10,21,18671030,0,12,54,8
11,23,18671114,0,12,54,10
6,25,18670601,0,12,54,11
5,6,18670516,0,12,54,3
10,22,18671031,0,12,54,9
12,23,18671215,0,12,54,10
5,18,18670515,0,12,54,5
12,20,18671202,0,12,54,7
12,23,18671202,0,12,54,10
12,18,18671216,0,12,54,5
12,18,18671223,0,12,54,5
5,18,18670522,0,12,54,5
3,27,18670326,0,12,54,12
2,27,18670209,0,12,54,12
7,25,18670731,0,12,54,11
11,22,18671115,0,12,54,9
10,20,18671030,0,12,54,7
8,3,18670804,0,12,54,1
5,6,18670502,0,12,54,3
4,18,18670425,0,12,54,5
4,6,18670410,0,12,54,3
2,21,18670211,0,12,54,8
5,20,18670516,0,12,54,7
4,27,18670408,0,12,54,12
10,27,18671026,0,12,54,12
10,21,18671020,0,12,54,8
10,12,18671031,0,12,54,4
5,28,18670504,0,12,54,13
10,12,18671023,0,12,54,4
10,16,18671022,0,12,54,4
5,11,18670522,0,12,54,4
10,13,18671003,0,12,54,4
2,19,18670228,0,12,54,6
10,26,18671028,0,12,54,12
10,28,18671007,0,12,54,13
10,18,18671025,0,12,54,5
4,20,18670430,0,12,54,7
10,14,18671025,0,12,54,4
10,26,18671025,0,12,54,12
10,26,18671024,0,12,54,12
4,28,18670428,0,12,54,13
12,11,18671226,0,12,54,4
10,26,18671026,0,12,54,12
5,26,18670520,0,12,54,12
5,20,18670505,0,12,54,7
5,8,18670506,0,12,54,4
10,16,18671028,0,12,54,4
10,14,18671007,0,12,54,4
12,26,18671214,0,12,54,12
11,28,18671125,0,12,54,13
1,26,18670131,0,12,54,12
5,25,18670509,0,12,54,11
12,26,18671201,0,12,54,12
3,11,18670302,0,12,54,4
2,27,18670214,0,12,54,12
10,11,18671007,0,12,54,4
4,8,18670425,0,12,54,4
1,27,18670123,0,12,54,12
12,12,18671225,0,12,54,4
5,26,18670514,0,12,54,12
4,10,18670404,0,12,54,4
6,25,18670623,0,12,54,11
4,13,18670418,0,12,54,4
5,11,18670517,0,12,54,4
4,11,18670405,0,12,54,4
11,10,18671111,0,12,54,4
4,26,18670417,0,12,54,12
11,17,18671111,0,12,54,4
4,26,18670407,0,12,54,12
4,15,18670409,0,12,54,4
10,14,18671011,0,12,54,4
4,14,18670430,0,12,54,4
10,28,18671004,0,12,54,13
4,9,18670417,0,12,54,4
4,9,18670412,0,12,54,4
2,26,18670221,0,12,54,12
5,26,18670515,0,12,54,12
4,26,18670413,0,12,54,12
5,13,18670516,0,12,54,4
4,9,18670414,0,12,54,4
5,9,18670516,0,12,54,4
4,26,18670415,0,12,54,12
5,10,18670528,0,12,54,4
4,13,18670417,0,12,54,4
4,7,18670425,0,12,54,4
4,26,18670403,0,12,54,12
4,28,18670402,0,12,54,13
10,28,18671008,0,12,54,13
4,9,18670424,0,12,54,4
12,26,18671215,0,12,54,12
10,13,18671009,0,12,54,4
10,17,18671009,0,12,54,4
11,26,18671103,0,12,54,12
9,9,18670926,0,12,54,4
3,26,18670325,0,12,54,12
10,13,18671010,0,12,54,4
4,6,18670421,0,12,54,3
11,17,18671108,0,12,54,4
5,8,18670518,0,12,54,4
11,19,18671105,0,12,54,6
10,26,18671019,0,12,54,12
1,18,18670107,0,12,54,5
5,8,18670524,0,12,54,4
4,17,18670401,0,12,54,4
11,15,18671120,0,12,54,4
11,11,18671107,0,12,54,4
2,26,18670219,0,12,54,12
4,23,18670401,0,12,54,10
7,2,18670709,0,12,54,1
4,9,18670419,0,12,54,4
3,19,18670327,0,12,54,6
4,15,18670411,0,12,54,4
1,18,18670129,0,12,54,5
2,5,18670208,0,12,54,2
10,21,18671013,0,12,54,8
3,5,18670311,0,12,54,2
1,18,18670106,0,12,54,5
9,25,18670914,0,12,54,11
5,18,18670521,0,12,54,5
11,18,18671102,0,12,54,5
7,3,18670716,0,12,54,1
4,6,18670415,0,12,54,3
10,20,18671022,0,12,54,7
11,18,18671104,0,12,54,5
4,27,18670425,0,12,54,12
7,25,18670718,0,12,54,11
10,6,18671031,0,12,54,3
7,1,18670707,0,12,54,1
9,25,18670907,0,12,54,11
10,18,18671024,0,12,54,5
12,18,18671221,0,12,54,5
2,18,18670213,0,12,54,5
2,24,18670209,0,12,54,10
8,3,18670820,0,12,54,1
3,20,18670329,0,12,54,7
2,24,18670220,0,12,54,10
7,25,18670723,0,12,54,11
4,18,18670429,0,12,54,5
10,18,18671028,0,12,54,5
3,5,18670330,0,12,54,2
2,23,18670209,0,12,54,10
10,5,18671026,0,12,54,2
10,24,18671014,0,12,54,10
10,22,18671023,0,12,54,9
10,18,18671007,0,12,54,5
10,21,18671021,0,12,54,8
1,18,18670124,0,12,54,5
4,18,18670420,0,12,54,5
2,22,18670216,0,12,54,9
6,25,18670630,0,12,54,11
4,6,18670412,0,12,54,3
10,21,18671031,0,13,55,8
10,22,18671030,0,13,55,9
10,5,18671018,0,13,55,2
3,22,18670325,0,13,55,9
10,20,18671016,0,13,55,7
10,21,18671027,0,13,55,8
4,22,18670415,0,13,55,9
10,20,18671026,0,13,55,7
4,21,18670422,0,13,55,8
12,18,18671215,0,13,55,5
2,27,18670215,0,13,55,12
4,21,18670428,0,13,55,8
11,27,18671130,0,13,55,12
9,25,18670906,0,13,55,11
2,18,18670210,0,13,55,5
7,1,18670708,0,13,55,1
4,27,18670411,0,13,55,12
10,20,18671014,0,13,55,7
4,27,18670413,0,13,55,12
4,27,18670414,0,13,55,12
6,3,18670627,0,13,55,1
2,18,18670221,0,13,55,5
2,24,18670219,0,13,55,10
6,25,18670613,0,13,55,11
11,23,18671105,0,13,55,10
8,25,18670821,0,13,55,11
10,20,18671025,0,13,55,7
9,25,18670901,0,13,55,11
9,27,18670930,0,13,55,12
9,25,18670909,0,13,55,11
9,20,18670925,0,13,55,7
4,26,18670428,0,13,55,12
2,23,18670210,0,13,55,10
11,10,18671122,0,13,55,4
7,2,18670708,0,13,55,1
8,2,18670803,0,13,55,1
11,14,18671108,0,13,55,4
11,23,18671108,0,13,55,10
4,19,18670401,0,13,55,6
10,7,18671007,0,13,55,4
5,9,18670517,0,13,55,4
11,15,18671126,0,13,55,4
4,26,18670405,0,13,55,12
11,14,18671111,0,13,55,4
10,26,18671015,0,13,55,12
10,26,18671017,0,13,55,12
4,15,18670429,0,13,55,4
10,26,18671018,0,13,55,12
5,9,18670511,0,13,55,4
5,14,18670522,0,13,55,4
5,16,18670508,0,13,55,4
11,7,18671101,0,13,55,4
7,2,18670717,0,13,55,1
3,26,18670322,0,13,55,12
5,26,18670522,0,13,55,12
3,26,18670323,0,13,55,12
2,19,18670225,0,13,55,6
5,15,18670501,0,13,55,4
5,7,18670523,0,13,55,4
5,8,18670523,0,13,55,4
11,19,18671104,0,13,55,6
5,13,18670518,0,13,55,4
2,5,18670209,0,13,55,2
8,2,18670801,0,13,55,1
10,16,18671006,0,13,55,4
10,14,18671005,0,13,55,4
8,1,18670806,0,13,55,1
7,2,18670702,0,13,55,1
10,13,18671004,0,13,55,4
4,26,18670416,0,13,55,12
5,15,18670515,0,13,55,4
5,12,18670515,0,13,55,4
10,10,18671012,0,13,55,4
2,26,18670220,0,13,55,12
4,22,18670423,0,13,55,9
5,15,18670514,0,13,55,4
4,13,18670416,0,13,55,4
10,9,18671009,0,13,55,4
1,18,18670126,0,13,55,5
1,26,18670126,0,13,55,12
10,17,18671010,0,13,55,4
10,9,18671010,0,13,55,4
10,23,18671009,0,13,55,10
2,19,18670218,0,13,55,6
9,10,18670926,0,13,55,4
9,2,18670926,0,13,55,1
5,13,18670511,0,13,55,4
4,12,18670416,0,13,55,4
10,26,18671008,0,13,55,12
2,19,18670214,0,13,55,6
4,19,18670410,0,13,55,6
11,18,18671113,0,13,55,5
11,27,18671113,0,13,55,12
10,26,18671014,0,13,55,12
5,9,18670527,0,13,55,4
10,8,18671008,0,13,55,4
5,17,18670528,0,13,55,4
11,19,18671114,0,13,55,6
10,13,18671008,0,13,55,4
4,28,18670412,0,13,55,13
10,16,18671008,0,13,55,4
10,17,18671008,0,13,55,4
5,7,18670516,0,13,55,4
6,2,18670628,0,13,55,1
4,11,18670425,0,13,55,4
5,13,18670527,0,13,55,4
2,19,18670227,0,13,55,6
11,11,18671122,0,13,55,4
5,16,18670521,0,13,55,4
10,10,18671030,0,13,55,4
5,14,18670507,0,13,55,4
5,16,18670519,0,13,55,4
10,21,18671024,0,13,55,8
10,7,18671030,0,13,55,4
5,7,18670506,0,13,55,4
10,28,18671027,0,13,55,13
10,17,18671024,0,13,55,4
10,13,18671028,0,13,55,4
10,7,18671003,0,13,55,4
10,8,18671003,0,13,55,4
10,10,18671003,0,13,55,4
5,10,18670521,0,13,55,4
10,6,18671030,0,13,55,3
10,26,18671023,0,13,55,12
10,26,18671030,0,13,55,12
5,15,18670504,0,13,55,4
10,7,18671024,0,13,55,4
10,16,18671003,0,13,55,4
3,19,18670306,0,13,55,6
10,16,18671026,0,13,55,4
12,12,18671227,0,13,55,4
10,10,18671026,0,13,55,4
10,15,18671025,0,13,55,4
10,10,18671025,0,13,55,4
10,11,18671025,0,13,55,4
3,11,18670301,0,13,55,4
3,19,18670301,0,13,55,6
10,18,18671029,0,13,55,5
3,18,18670326,0,13,55,5
4,27,18670412,0,13,55,12
10,27,18671019,0,13,55,12
10,27,18671005,0,13,55,12
2,18,18670222,0,13,55,5
9,25,18670908,0,13,55,11
10,5,18671004,0,13,55,2
10,18,18671026,0,13,55,5
10,5,18671015,0,13,55,2
4,27,18670407,0,13,55,12
5,27,18670524,0,13,55,12
8,25,18670815,0,13,55,11
10,21,18671022,0,13,55,8
4,20,18670408,0,13,55,7
4,18,18670414,0,13,55,5
10,21,18671001,0,13,55,8
4,18,18670412,0,13,55,5
11,23,18671106,0,13,55,10
7,3,18670702,0,13,55,1
4,21,18670430,0,13,55,8
3,24,18670316,0,13,55,10
3,24,18670330,0,13,55,10
7,3,18670705,0,13,55,1
10,27,18671018,0,13,55,12
10,20,18671015,0,13,55,7
11,23,18671115,0,13,55,10
1,27,18670106,0,13,55,12
8,25,18670822,0,13,55,11
3,6,18670324,0,13,55,3
10,22,18671020,0,13,55,9
2,23,18670220,0,13,55,10
4,18,18670418,0,13,55,5
10,27,18671023,0,13,56,12
5,18,18670524,0,13,56,5
3,6,18670323,0,13,56,3
3,5,18670328,0,13,56,2
4,5,18670418,0,13,56,2
7,1,18670730,0,13,56,1
4,21,18670415,0,13,56,8
10,22,18671021,0,13,56,9
9,21,18670925,0,13,56,8
10,24,18671013,0,13,56,10
9,5,18670925,0,13,56,2
3,27,18670325,0,13,56,12
2,21,18670216,0,13,56,8
4,6,18670414,0,13,56,3
6,20,18670616,0,13,56,7
3,18,18670323,0,13,56,5
10,27,18671027,0,13,56,12
4,18,18670415,0,13,56,5
3,24,18670315,0,13,56,10
8,1,18670801,0,13,56,1
5,18,18670523,0,13,56,5
4,27,18670421,0,13,56,12
4,18,18670413,0,13,56,5
5,24,18670501,0,13,56,10
3,27,18670331,0,13,56,12
4,14,18670418,0,13,56,4
4,16,18670426,0,13,56,4
4,26,18670426,0,13,56,12
10,11,18671003,0,13,56,4
5,13,18670525,0,13,56,4
11,28,18671111,0,13,56,13
10,28,18671028,0,13,56,13
5,16,18670525,0,13,56,4
10,9,18671029,0,13,56,4
10,26,18671001,0,13,56,12
4,15,18670418,0,13,56,4
10,13,18671029,0,13,56,4
5,21,18670514,0,13,56,8
10,26,18671009,0,13,56,12
11,28,18671108,0,13,56,13
10,28,18671023,0,13,56,13
5,11,18670521,0,13,56,4
11,19,18671112,0,13,56,6
4,10,18670426,0,13,56,4
4,13,18670426,0,13,56,4
4,13,18670415,0,13,56,4
11,19,18671115,0,13,56,6
2,18,18670219,0,13,56,5
10,19,18671017,0,13,56,6
11,28,18671124,0,13,56,13
9,17,18670926,0,13,56,4
1,27,18670126,0,13,56,12
5,19,18670513,0,13,56,6
4,14,18670419,0,13,56,4
10,27,18671012,0,13,56,12
10,11,18671008,0,13,56,4
4,10,18670416,0,13,56,4
2,19,18670217,0,13,56,6
10,14,18671009,0,13,56,4
10,14,18671028,0,13,56,4
12,27,18671214,0,13,56,12
1,18,18670127,0,13,56,5
9,16,18670923,0,13,56,4
10,17,18671028,0,13,56,4
10,19,18671026,0,13,56,6
10,11,18671012,0,13,56,4
5,7,18670514,0,13,56,4
4,15,18670422,0,13,56,4
2,19,18670215,0,13,56,6
10,7,18671015,0,13,56,4
4,19,18670409,0,13,56,6
5,16,18670520,0,13,56,4
4,17,18670419,0,13,56,4
10,10,18671011,0,13,56,4
4,13,18670412,0,13,56,4
10,13,18671030,0,13,56,4
2,19,18670226,0,13,56,6
7,2,18670712,0,13,56,1
4,28,18670401,0,13,56,13
12,27,18671213,0,13,56,12
5,20,18670518,0,13,56,7
4,17,18670430,0,13,56,4
10,26,18671005,0,13,56,12
3,19,18670328,0,13,56,6
7,2,18670730,0,13,56,1
10,19,18671023,0,13,56,6
11,28,18671101,0,13,56,13
10,19,18671019,0,13,56,6
3,18,18670322,0,13,56,5
11,19,18671106,0,13,56,6
3,19,18670331,0,13,56,6
5,13,18670504,0,13,56,4
9,26,18670930,0,13,56,12
11,14,18671101,0,13,56,4
11,13,18671101,0,13,56,4
4,28,18670403,0,13,56,13
5,22,18670522,0,13,56,9
10,19,18671020,0,13,56,6
10,20,18671031,0,13,56,7
6,22,18670609,0,13,56,9
5,12,18670517,0,13,56,4
1,18,18670128,0,13,56,5
9,16,18670914,0,13,56,4
11,19,18671103,0,13,56,6
7,3,18670715,0,13,56,1
10,19,18671029,0,13,56,6
7,2,18670718,0,13,56,1
12,15,18671227,0,13,56,4
11,13,18671104,0,13,56,4
10,8,18671005,0,13,56,4
10,16,18671004,0,13,56,4
12,11,18671227,0,13,56,4
11,13,18671102,0,13,56,4
10,19,18671005,0,13,56,6
10,17,18671004,0,13,56,4
5,16,18670509,0,13,56,4
4,7,18670401,0,13,56,4
10,5,18671020,0,13,56,2
11,24,18671118,0,13,56,10
3,5,18670326,0,13,56,2
6,20,18670617,0,13,56,7
9,3,18670912,0,13,56,1
5,18,18670516,0,13,56,5
10,27,18671024,0,13,56,12
8,1,18670802,0,13,56,1
3,5,18670309,0,13,56,2
11,23,18671110,0,13,56,10
9,5,18670918,0,14,56,2
7,5,18670709,0,14,56,2
8,25,18670810,0,14,56,11
10,6,18671019,0,14,56,3
5,5,18670517,0,14,56,2
7,3,18670724,0,14,56,1
3,5,18670329,0,14,56,2
10,5,18671030,0,14,56,2
7,1,18670731,0,14,56,1
4,18,18670416,0,14,56,5
10,18,18671006,0,14,56,5
4,22,18670414,0,14,56,9
4,18,18670427,0,14,56,5
11,24,18671105,0,14,56,10
9,22,18670929,0,14,56,9
4,5,18670413,0,14,56,2
4,6,18670422,0,14,56,3
10,20,18671021,0,14,56,7
3,6,18670327,0,14,56,3
9,20,18670928,0,14,56,7
3,24,18670312,0,14,56,10
7,3,18670703,0,14,56,1
11,21,18671115,0,14,56,8
4,21,18670429,0,14,56,8
9,22,18670925,0,14,56,9
10,21,18671014,0,14,56,8
3,5,18670327,0,14,56,2
4,18,18670406,0,14,57,5
7,25,18670719,0,14,57,11
7,25,18670721,0,14,57,11
4,18,18670410,0,14,57,5
2,24,18670222,0,14,57,10
8,1,18670803,0,14,57,1
10,3,18671004,0,14,57,1
4,18,18670404,0,14,57,5
11,18,18671130,0,14,57,5
4,18,18670408,0,14,57,5
10,18,18671009,0,14,57,5
10,21,18671019,0,14,57,8
4,20,18670414,0,14,57,7
2,22,18670217,0,14,57,9
10,27,18671006,0,14,57,12
4,20,18670415,0,14,57,7
4,27,18670427,0,14,57,12
3,22,18670324,0,14,57,9
2,6,18670217,0,14,57,3
10,6,18671021,0,14,57,3
11,23,18671103,0,14,57,10
4,22,18670426,0,14,57,9
5,22,18670518,0,14,57,9
7,22,18670708,0,14,57,9
3,21,18670324,0,14,57,8
3,27,18670323,0,14,57,12
2,23,18670221,0,14,57,10
5,21,18670522,0,14,57,8
4,27,18670419,0,14,57,12
3,21,18670329,0,14,57,8
4,27,18670426,0,14,57,12
3,24,18670327,0,14,57,10
8,25,18670809,0,14,57,11
10,14,18671026,0,14,57,4
10,15,18671023,0,14,57,4
10,14,18671031,0,14,57,4
10,16,18671011,0,14,57,4
8,25,18670811,0,14,57,11
4,19,18670417,0,14,57,6
10,15,18671026,0,14,57,4
10,10,18671010,0,14,57,4
11,12,18671120,0,14,57,4
11,19,18671101,0,14,57,6
10,17,18671011,0,14,57,4
10,11,18671011,0,14,57,4
10,17,18671026,0,14,57,4
11,9,18671102,0,14,57,4
10,14,18671010,0,14,57,4
4,9,18670420,0,14,57,4
10,16,18671030,0,14,57,4
2,19,18670219,0,14,57,6
10,19,18671031,0,14,57,6
9,17,18670914,0,14,57,4
3,19,18670305,0,14,57,6
4,11,18670409,0,14,57,4
8,2,18670802,0,14,57,1
4,15,18670401,0,14,57,4
4,19,18670408,0,14,57,6
4,12,18670408,0,14,57,4
4,11,18670408,0,14,57,4
8,3,18670806,0,14,57,1
7,2,18670703,0,14,57,1
9,2,18670917,0,14,57,1
4,26,18670401,0,14,57,12
10,20,18671018,0,14,57,7
10,13,18671015,0,14,57,4
4,26,18670406,0,14,57,12
7,2,18670704,0,14,57,1
10,19,18671018,0,14,57,6
8,2,18670805,0,14,57,1
11,19,18671107,0,14,57,6
4,19,18670403,0,14,57,6
5,15,18670517,0,14,57,4
10,19,18671016,0,14,57,6
9,25,18670902,0,14,57,11
11,14,18671109,0,14,57,4
10,26,18671016,0,14,57,12
4,27,18670403,0,14,57,12
9,2,18670907,0,14,57,1
10,10,18671015,0,14,57,4
10,9,18671015,0,14,57,4
10,12,18671024,0,14,57,4
4,7,18670416,0,14,57,4
10,26,18671012,0,14,57,12
5,28,18670520,0,14,57,13
4,27,18670415,0,14,57,12
10,19,18671027,0,14,57,6
10,9,18671013,0,14,57,4
4,19,18670414,0,14,57,6
5,12,18670523,0,14,57,4
5,3,18670521,0,14,57,1
10,10,18671014,0,14,57,4
4,6,18670413,0,14,57,3
10,13,18671014,0,14,57,4
10,6,18671020,0,14,57,3
4,17,18670412,0,14,57,4
3,19,18670329,0,14,57,6
5,14,18670516,0,14,57,4
4,10,18670412,0,14,57,4
10,18,18671019,0,14,57,5
6,18,18670630,0,14,57,5
3,9,18670331,0,14,57,4
4,11,18670411,0,14,57,4
9,3,18670923,0,14,57,1
3,19,18670303,0,14,57,6
3,18,18670331,0,14,57,5
5,17,18670516,0,14,57,4
4,16,18670416,0,14,57,4
5,8,18670522,0,14,57,4
11,24,18671120,0,14,57,10
5,19,18670512,0,14,57,6
4,20,18670422,0,14,57,7
2,6,18670215,0,14,57,3
5,8,18670513,0,14,57,4
4,11,18670429,0,14,57,4
10,19,18671007,0,14,57,6
4,10,18670429,0,14,57,4
10,15,18671005,0,14,57,4
5,11,18670501,0,14,57,4
5,9,18670512,0,14,57,4
10,19,18671009,0,14,57,6
11,28,18671128,0,14,57,13
11,12,18671122,0,14,57,4
6,26,18670614,0,14,57,12
5,17,18670510,0,14,57,4
5,9,18670513,0,14,57,4
2,18,18670201,0,14,57,5
5,17,18670511,0,14,57,4
6,3,18670617,0,14,57,1
10,9,18671008,0,14,57,4
5,11,18670508,0,14,57,4
4,11,18670427,0,14,57,4
5,26,18670501,0,14,57,12
4,15,18670425,0,14,57,4
10,9,18671007,0,14,57,4
4,15,18670427,0,14,57,4
10,15,18671003,0,14,57,4
10,19,18671004,0,14,57,6
4,8,18670429,0,14,57,4
10,12,18671003,0,14,57,4
9,28,18670930,0,14,57,13
11,11,18671123,0,14,57,4
6,2,18670619,0,14,57,1
10,23,18671006,0,14,57,10
11,23,18671119,0,14,57,10
10,22,18671027,0,14,57,9
10,21,18671023,0,14,57,8
4,23,18670402,0,14,57,10
10,6,18671001,0,14,57,3
3,20,18670326,0,14,57,7
10,20,18671019,0,14,57,7
3,23,18670312,0,14,57,10
10,24,18671018,0,14,57,10
2,21,18670217,0,14,57,8
10,22,18671022,0,14,57,9
10,23,18671011,0,14,57,10
5,21,18670505,0,14,57,8
6,3,18670611,0,14,57,1
12,23,18671212,0,14,57,10
3,5,18670321,0,14,57,2
4,21,18670426,0,14,57,8
10,5,18671019,0,14,57,2
9,3,18670905,0,14,57,1
9,1,18670907,0,14,57,1
4,18,18670430,0,14,57,5
9,6,18670924,0,14,57,3
2,24,18670221,0,14,57,10
9,6,18670927,0,14,57,3
7,27,18670725,0,14,57,12
9,6,18670926,0,14,57,3
10,6,18671013,0,14,57,3
6,21,18670615,0,14,57,8
10,22,18671001,0,14,57,9
9,2,18670925,0,14,58,1
9,27,18670916,0,14,58,12
11,24,18671117,0,14,58,10
10,18,18671001,0,14,58,5
3,18,18670325,0,14,58,5
9,6,18670925,0,14,58,3
5,27,18670516,0,14,58,12
10,24,18671028,0,14,58,10
8,1,18670804,0,14,58,1
3,23,18670331,0,14,58,10
7,2,18670731,0,14,58,1
6,3,18670628,0,14,58,1
11,24,18671110,0,14,58,10
10,18,18671013,0,14,58,5
10,27,18671029,0,14,58,12
5,21,18670501,0,14,58,8
9,18,18670925,0,14,58,5
6,3,18670618,0,14,58,1
3,6,18670326,0,14,58,3
6,3,18670630,0,14,58,1
10,18,18671002,0,14,58,5
8,1,18670821,0,14,58,1
10,18,18671016,0,14,58,5
3,24,18670329,0,14,58,10
8,3,18670805,0,14,58,1
9,3,18670907,0,14,58,1
8,3,18670811,0,14,58,1
4,5,18670422,0,14,58,2
4,24,18670401,0,14,58,10
7,1,18670709,0,14,58,1
8,3,18670822,0,14,58,1
4,18,18670407,0,14,58,5
4,19,18670404,0,14,58,6
10,11,18671005,0,14,58,4
5,18,18670512,0,14,58,5
10,19,18671015,0,14,58,6
8,2,18670806,0,14,58,1
4,5,18670408,0,14,58,2
10,19,18671008,0,14,58,6
11,9,18671104,0,14,58,4
10,20,18671017,0,14,58,7
10,28,18671013,0,14,58,13
10,12,18671005,0,14,58,4
11,13,18671109,0,14,58,4
3,22,18670329,0,14,58,9
9,14,18670927,0,14,58,4
11,19,18671109,0,14,58,6
10,28,18671006,0,14,58,13
5,22,18670501,0,14,58,9
4,19,18670407,0,14,58,6
5,10,18670520,0,14,58,4
11,9,18671110,0,14,58,4
11,19,18671102,0,14,58,6
2,19,18670224,0,14,58,6
11,11,18671126,0,14,58,4
4,14,18670415,0,14,58,4
4,17,18670415,0,14,58,4
11,17,18671102,0,14,58,4
7,21,18670730,0,14,58,8
4,26,18670427,0,14,58,12
5,3,18670528,0,14,58,1
5,26,18670516,0,14,58,12
11,14,18671104,0,14,58,4
10,10,18671008,0,14,58,4
9,19,18670905,0,14,58,6
11,12,18671107,0,14,58,4
4,9,18670426,0,14,58,4
3,26,18670331,0,14,58,12
10,17,18671014,0,14,58,4
4,28,18670410,0,14,58,13
10,19,18671006,0,14,58,6
4,28,18670411,0,14,58,13
9,19,18670923,0,14,58,6
10,7,18671008,0,14,58,4
3,19,18670330,0,14,58,6
7,3,18670711,0,14,58,1
5,17,18670518,0,14,58,4
10,19,18671014,0,14,58,6
9,2,18670924,0,14,58,1
10,14,18671014,0,14,58,4
5,13,18670524,0,14,58,4
7,2,18670711,0,14,58,1
4,19,18670413,0,14,58,6
11,17,18671104,0,14,58,4
11,13,18671108,0,14,58,4
4,13,18670413,0,14,58,4
11,28,18671126,0,14,58,13
4,16,18670430,0,14,58,4
4,28,18670425,0,14,58,13
5,17,18670517,0,14,58,4
5,16,18670524,0,14,58,4
6,2,18670629,0,14,58,1
5,9,18670518,0,14,58,4
4,19,18670402,0,14,58,6
9,19,18670929,0,14,58,6
5,16,18670527,0,14,58,4
9,16,18670926,0,14,58,4
4,11,18670422,0,14,58,4
10,14,18671003,0,14,58,4
11,10,18671123,0,14,58,4
5,8,18670508,0,14,58,4
10,28,18671024,0,14,58,13
11,13,18671123,0,14,58,4
10,19,18671003,0,14,58,6
3,19,18670302,0,14,58,6
9,2,18670914,0,14,58,1
4,26,18670423,0,14,58,12
2,19,18670220,0,14,58,6
10,17,18671029,0,14,58,4
8,3,18670829,0,14,58,1
10,16,18671010,0,14,58,4
10,19,18671030,0,14,58,6
10,12,18671026,0,14,58,4
10,28,18671030,0,14,58,13
6,2,18670621,0,14,58,1
10,11,18671026,0,14,58,4
5,7,18670513,0,14,58,4
9,11,18670914,0,14,58,4
8,2,18670822,0,14,58,1
5,9,18670519,0,14,58,4
10,15,18671029,0,14,58,4
10,11,18671029,0,14,58,4
10,7,18671029,0,14,58,4
10,28,18671026,0,14,58,13
4,26,18670422,0,14,58,12
10,16,18671009,0,14,58,4
10,16,18671027,0,14,58,4
8,3,18670821,0,14,58,1
10,22,18671024,0,14,58,9
10,19,18671024,0,14,58,6
10,10,18671028,0,14,58,4
10,11,18671009,0,14,58,4
10,15,18671028,0,14,58,4
5,28,18670505,0,14,58,13
4,13,18670419,0,14,58,4
9,13,18670910,0,14,58,4
5,9,18670521,0,14,58,4
10,19,18671010,0,14,58,6
10,19,18671028,0,14,58,6
3,19,18670304,0,14,58,6
10,9,18671003,0,14,58,4
10,7,18671001,0,14,58,4
5,19,18670514,0,14,58,6
9,13,18670926,0,14,58,4
9,13,18670914,0,14,58,4
10,6,18671023,0,14,58,3
5,26,18670521,0,14,58,12
9,3,18670926,0,14,58,1
5,13,18670520,0,14,58,4
11,10,18671101,0,14,58,4
5,14,18670513,0,14,58,4
5,15,18670520,0,14,58,4
4,19,18670422,0,14,58,6
5,28,18670508,0,14,58,13
2,19,18670222,0,14,58,6
9,19,18670930,0,14,58,6
8,3,18670823,0,14,58,1
5,17,18670522,0,14,58,4
4,17,18670416,0,14,58,4
4,19,18670416,0,14,58,6
10,19,18671012,0,14,58,6
10,12,18671010,0,14,58,4
10,14,18671004,0,14,58,4
8,2,18670814,0,14,58,1
2,19,18670216,0,14,58,6
10,28,18671001,0,14,58,13
10,27,18671025,0,14,58,12
2,18,18670220,0,14,58,5
5,6,18670503,0,14,58,3
7,3,18670710,0,14,58,1
3,24,18670317,0,14,58,10
4,22,18670427,0,14,58,9
7,3,18670701,0,14,58,1
5,20,18670502,0,14,58,7
6,3,18670629,0,14,58,1
10,6,18671002,0,14,58,3
6,6,18670615,0,14,58,3
7,22,18670730,0,14,58,9
11,6,18671114,0,14,58,3
9,3,18670902,0,14,58,1
4,5,18670411,0,14,58,2
10,20,18671020,0,14,58,7
6,20,18670614,0,14,58,7
6,21,18670617,0,14,58,8
10,6,18671022,0,15,58,3
4,5,18670415,0,15,58,2
11,27,18671114,0,15,58,12
7,18,18670715,0,15,58,5
4,24,18670402,0,15,58,10
4,21,18670423,0,15,58,8
10,21,18671018,0,15,58,8
6,18,18670615,0,15,58,5
8,25,18670818,0,15,58,11
10,18,18671015,0,15,58,5
5,18,18670526,0,15,58,5
5,27,18670511,0,15,58,12
7,3,18670714,0,15,58,1
3,20,18670327,0,15,58,7
8,25,18670812,0,15,58,11
11,6,18671115,0,15,58,3
3,6,18670325,0,15,58,3
11,24,18671102,0,15,58,10
7,1,18670714,0,15,58,1
2,23,18670219,0,15,59,10
3,23,18670313,0,15,59,10
4,18,18670417,0,15,59,5
9,24,18670925,0,15,59,10
10,18,18671010,0,15,59,5
9,27,18670923,0,15,59,12
10,27,18671001,0,15,59,12
8,22,18670804,0,15,59,9
10,18,18671031,0,15,59,5
6,25,18670612,0,15,59,11
6,3,18670620,0,15,59,1
8,25,18670813,0,15,59,11
9,21,18670929,0,15,59,8
5,6,18670517,0,15,59,3
5,3,18670502,0,15,59,1
10,24,18671008,0,15,59,10
10,24,18671011,0,15,59,10
8,3,18670802,0,15,59,1
10,22,18671026,0,15,59,9
5,3,18670527,0,15,59,1
5,1,18670522,0,15,59,1
4,21,18670414,0,15,59,8
10,5,18671031,0,15,59,2
8,3,18670814,0,15,59,1
5,12,18670520,0,15,59,4
11,9,18671108,0,15,59,4
5,3,18670520,0,15,59,1
10,19,18671025,0,15,59,6
10,8,18671025,0,15,59,4
11,16,18671108,0,15,59,4
11,19,18671108,0,15,59,6
5,9,18670520,0,15,59,4
7,2,18670705,0,15,59,1
11,16,18671109,0,15,59,4
6,3,18670613,0,15,59,1
9,19,18670927,0,15,59,6
10,5,18671017,0,15,59,2
11,8,18671109,0,15,59,4
9,19,18670908,0,15,59,6
7,26,18670725,0,15,59,12
4,26,18670404,0,15,59,12
10,5,18671025,0,15,59,2
7,4,18670707,0,15,59,1
10,12,18671025,0,15,59,4
10,12,18671022,0,15,59,4
10,24,18671006,0,15,59,10
10,10,18671004,0,15,59,4
10,26,18671020,0,15,59,12
10,5,18671023,0,15,59,2
10,5,18671021,0,15,59,2
10,11,18671004,0,15,59,4
10,19,18671021,0,15,59,6
10,26,18671022,0,15,59,12
10,15,18671031,0,15,59,4
7,2,18670715,0,15,59,1
10,15,18671004,0,15,59,4
11,10,18671104,0,15,59,4
7,4,18670715,0,15,59,1
11,9,18671101,0,15,59,4
11,16,18671102,0,15,59,4
9,13,18670930,0,15,59,4
10,7,18671005,0,15,59,4
11,10,18671102,0,15,59,4
5,7,18670509,0,15,59,4
11,17,18671101,0,15,59,4
11,16,18671101,0,15,59,4
9,15,18670914,0,15,59,4
2,10,18670207,0,15,59,4
5,16,18670518,0,15,59,4
2,25,18640226,0,-34,-29,11
2,25,18640208,0,-17,1,11
2,16,18640217,0,-17,2,4
1,25,18640103,0,-16,2,11
1,16,18640102,0,-16,3,4
2,25,18640210,0,-16,3,11
1,20,18640114,0,-15,5,7
2,25,18640209,0,-15,5,11
2,25,18640219,0,-15,6,11
2,25,18640205,0,-14,6,11
2,25,18640220,0,-14,6,11
1,20,18640116,0,-14,6,7
2,16,18640218,0,-14,7,4
1,20,18640113,0,-14,7,7
2,25,18640207,0,-14,7,11
2,25,18640218,0,-13,8,11
1,21,18640105,0,-12,10,8
1,20,18640117,0,-12,10,7
1,20,18640119,0,-12,10,7
1,21,18640104,0,-12,10,8
12,25,18641223,0,-12,11,11
12,16,18641222,0,-12,11,4
1,25,18640118,0,-12,11,11
2,25,18640211,0,-12,11,11
1,22,18640104,0,-12,11,9
3,25,18640330,0,-11,12,11
12,20,18641226,0,-11,12,7
1,25,18640105,0,-11,12,11
12,20,18641224,0,-11,12,7
1,25,18640102,0,-11,13,11
1,22,18640116,0,-11,13,9
1,16,18640103,0,-11,13,4
1,20,18640105,0,-10,13,7
1,25,18640104,0,-10,13,11
1,22,18640114,0,-10,13,9
1,20,18640107,0,-10,13,7
1,5,18640117,0,-10,13,2
12,25,18641226,0,-10,13,11
1,21,18640106,0,-10,13,8
12,21,18641227,0,-10,14,8
1,16,18640108,0,-10,14,4
12,25,18641202,0,-10,14,11
1,21,18640115,0,-10,14,8
11,25,18641127,0,-10,14,11
1,20,18640102,0,-10,14,7
1,20,18640115,0,-10,15,7
12,25,18641222,0,-10,15,11
1,25,18640108,0,-10,15,11
1,22,18640105,0,-10,15,9
1,21,18640111,0,-10,15,8
1,21,18640114,0,-9,15,8
1,16,18640109,0,-9,15,4
1,25,18640109,0,-9,15,11
1,22,18640110,0,-9,15,9
12,16,18641212,0,-9,15,4
12,22,18641223,0,-9,15,9
12,5,18641224,0,-9,15,2
1,22,18640112,0,-9,15,9
12,25,18641225,0,-9,15,11
1,25,18640129,0,-9,15,11
1,20,18640104,0,-9,15,7
1,20,18640101,0,-9,15,7
1,20,18640106,0,-9,16,7
1,20,18640103,0,-9,16,7
1,5,18640116,0,-9,16,2
12,20,18641223,0,-9,16,7
12,25,18641221,0,-9,16,11
12,25,18641224,0,-9,16,11
2,25,18640206,0,-9,16,11
1,16,18640106,0,-9,16,4
2,16,18640210,0,-9,16,4
1,16,18640104,0,-9,16,4
12,21,18641226,0,-9,16,8
12,20,18641225,0,-9,16,7
11,25,18641125,0,-9,16,11
12,5,18641225,0,-9,16,2
1,20,18640111,0,-9,16,7
1,21,18640116,0,-9,17,8
1,5,18640113,0,-9,17,2
1,21,18640113,0,-9,17,8
1,5,18640114,0,-8,17,2
1,25,18640107,0,-8,17,11
1,5,18640109,0,-8,17,2
1,22,18640117,0,-8,17,9
1,5,18640118,0,-8,17,2
1,20,18640112,0,-8,17,7
1,5,18640119,0,-8,17,2
12,21,18641223,0,-8,17,8
1,20,18640108,0,-8,17,7
12,16,18641208,0,-8,17,4
1,21,18640112,0,-8,17,8
1,21,18640107,0,-8,17,8
1,16,18640107,0,-8,17,4
1,22,18640111,0,-8,17,9
1,25,18640130,0,-8,17,11
1,5,18640112,0,-8,17,2
1,25,18640101,0,-8,17,11
2,25,18640222,0,-8,17,11
1,22,18640101,0,-8,17,9
3,25,18640329,0,-8,18,11
1,22,18640118,0,-8,18,9
3,25,18640331,0,-8,18,11
1,20,18640110,0,-8,18,7
12,25,18641217,0,-8,18,11
12,22,18641216,0,-8,18,9
1,22,18640113,0,-8,18,9
3,16,18640322,0,-8,18,4
12,25,18641203,0,-8,18,11
12,22,18641227,0,-8,18,9
11,25,18641106,0,-8,18,11
1,25,18640115,0,-8,18,11
1,22,18640106,0,-8,18,9
1,25,18640106,0,-8,18,11
12,5,18641223,0,-8,18,2
1,5,18640103,0,-8,18,2
2,25,18640221,0,-8,18,11
12,22,18641226,0,-8,18,9
1,24,18640113,0,-8,18,10
12,25,18641209,0,-8,18,11
1,25,18640119,0,-7,19,11
12,21,18641224,0,-7,19,8
12,20,18641230,0,-7,19,7
1,25,18640110,0,-7,19,11
12,21,18641225,0,-7,19,8
1,16,18640110,0,-7,19,4
2,16,18640209,0,-7,19,4
3,16,18640320,0,-7,19,4
3,16,18640321,0,-7,19,4
1,22,18640102,0,-7,19,9
1,22,18640103,0,-7,19,9
4,25,18640408,0,-7,19,11
4,25,18640402,0,-7,19,11
1,5,18640102,0,-7,19,2
12,21,18641216,0,-7,20,8
1,20,18640118,0,-7,20,7
1,21,18640101,0,-7,20,8
12,20,18641231,0,-7,20,7
1,16,18640105,0,-7,20,4
1,21,18640103,0,-7,20,8
1,24,18640114,0,-7,20,10
12,22,18641225,0,-7,20,9
12,22,18641224,0,-7,20,9
1,21,18640109,0,-7,20,8
1,5,18640110,0,-7,20,2
1,5,18640105,0,-6,20,2
1,20,18640109,0,-6,20,7
1,5,18640104,0,-6,20,2
1,22,18640107,0,-6,20,9
1,21,18640110,0,-6,20,8
12,20,18641216,0,-6,20,7
11,25,18641124,0,-6,20,11
1,22,18640109,0,-6,21,9
3,25,18640311,0,-6,21,11
1,21,18640102,0,-6,21,8
12,6,18641223,0,-6,21,3
1,21,18640117,0,-6,21,8
11,25,18641112,0,-6,21,11
1,23,18640117,0,-6,21,10
1,25,18640117,0,-6,21,11
12,25,18641231,0,-6,21,11
3,25,18640328,0,-6,21,11
12,25,18641218,0,-6,21,11
12,16,18641223,0,-6,21,4
1,6,18640104,0,-6,21,3
12,20,18641227,0,-6,21,7
1,20,18640120,0,-6,21,7
12,16,18641231,0,-6,21,4
11,25,18641107,0,-6,21,11
2,25,18640228,0,-6,21,11
4,25,18640403,0,-6,22,11
11,25,18641121,0,-6,22,11
12,25,18641210,0,-6,22,11
3,25,18640302,0,-6,22,11
11,25,18641130,0,-6,22,11
1,25,18640111,0,-6,22,11
2,20,18640211,0,-6,22,7
2,16,18640216,0,-6,22,4
3,16,18640319,0,-6,22,4
2,25,18640202,0,-6,22,11
12,25,18641214,0,-6,22,11
2,25,18640201,0,-6,22,11
1,16,18640111,0,-6,22,4
2,16,18640219,0,-6,22,4
1,22,18640115,0,-6,22,9
12,6,18641216,0,-6,22,3
1,5,18640121,0,-6,22,2
2,22,18640211,0,-5,22,9
12,25,18641211,0,-5,22,11
1,25,18640116,0,-5,22,11
1,21,18640118,0,-5,22,8
11,25,18641111,0,-5,22,11
1,25,18640114,0,-5,22,11
12,25,18641219,0,-5,23,11
4,25,18640406,0,-5,23,11
12,25,18641220,0,-5,23,11
12,6,18641224,0,-5,23,3
12,25,18641208,0,-5,23,11
12,6,18641225,0,-5,23,3
3,25,18640319,0,-5,23,11
11,25,18641126,0,-5,23,11
12,6,18641226,0,-5,23,3
2,25,18640227,0,-5,23,11
12,25,18641216,0,-5,23,11
4,25,18640409,0,-5,23,11
1,23,18640118,0,-5,23,10
2,25,18640203,0,-5,23,11
1,23,18640114,0,-5,23,10
12,5,18641226,0,-5,23,2
1,5,18640101,0,-5,23,2
12,20,18641217,0,-5,23,7
1,5,18640115,0,-5,23,2
1,24,18640117,0,-5,23,10
11,25,18641113,0,-5,23,11
10,25,18641015,0,-5,23,11
12,25,18641215,0,-5,23,11
1,24,18640118,0,-5,23,10
3,25,18640327,0,-5,23,11
2,25,18640204,0,-5,23,11
1,22,18640119,0,-5,23,9
1,5,18640107,0,-5,23,2
2,20,18640212,0,-5,23,7
3,25,18640301,0,-5,23,11
2,25,18640225,0,-5,24,11
12,22,18641215,0,-5,24,9
12,22,18641217,0,-4,24,9
12,25,18641213,0,-4,24,11
1,5,18640108,0,-4,24,2
1,5,18640111,0,-4,24,2
2,25,18640217,0,-4,24,11
2,21,18640211,0,-4,24,8
12,25,18641212,0,-4,24,11
1,5,18640106,0,-4,24,2
1,23,18640113,0,-4,24,10
12,21,18641217,0,-4,24,8
1,22,18640108,0,-4,24,9
11,25,18641129,0,-4,24,11
1,5,18640120,0,-4,24,2
11,25,18641114,0,-4,24,11
12,20,18641218,0,-4,24,7
2,25,18640223,0,-4,24,11
3,25,18640325,0,-4,24,11
12,25,18641227,0,-4,24,11
4,25,18640407,0,-4,24,11
11,25,18641115,0,-4,25,11
12,25,18641230,0,-4,25,11
3,25,18640321,0,-4,25,11
3,25,18640308,0,-4,25,11
2,25,18640224,0,-4,25,11
12,22,18641222,0,-4,25,9
12,5,18641227,0,-4,25,2
1,27,18640105,0,-4,25,12
2,22,18640220,0,-4,25,9
3,25,18640313,0,-4,25,11
12,25,18641207,0,-4,25,11
12,5,18641207,0,-4,25,2
12,22,18641214,0,-4,25,9
12,5,18641205,0,-4,25,2
1,25,18640112,0,-4,25,11
12,25,18641206,0,-4,25,11
11,25,18641123,0,-4,25,11
3,25,18640305,0,-4,25,11
11,25,18641122,0,-4,26,11
11,25,18641110,0,-4,26,11
1,6,18640103,0,-4,26,3
2,22,18640208,0,-4,26,9
12,22,18641218,0,-4,26,9
11,25,18641128,0,-4,26,11
12,21,18641215,0,-4,26,8
12,22,18641219,0,-4,26,9
1,21,18640108,0,-4,26,8
1,5,18640122,0,-3,26,2
2,20,18640219,0,-3,26,7
2,22,18640219,0,-3,26,9
12,21,18641231,0,-3,26,8
12,25,18641201,0,-3,26,11
12,25,18641204,0,-3,26,11
12,21,18641230,0,-3,26,8
1,25,18640120,0,-3,26,11
12,16,18641229,0,-3,26,4
12,16,18641215,0,-3,26,4
12,20,18641206,0,-3,26,7
2,5,18640211,0,-3,26,2
1,6,18640105,0,-3,26,3
1,24,18640116,0,-3,26,10
1,23,18640115,0,-3,26,10
1,25,18640124,0,-3,27,11
1,5,18640131,0,-3,27,2
1,25,18640125,0,-3,27,11
2,20,18640209,0,-3,27,7
12,22,18641231,0,-3,27,9
2,20,18640210,0,-3,27,7
12,20,18641228,0,-3,27,7
1,25,18640131,0,-3,27,11
10,25,18641014,0,-3,27,11
2,22,18640212,0,-3,27,9
3,25,18640309,0,-3,27,11
1,21,18640119,0,-3,27,8
12,21,18641219,0,-3,27,8
1,24,18640112,0,-3,27,10
12,21,18641214,0,-3,27,8
4,25,18640410,0,-3,27,11
12,5,18641231,0,-3,27,2
1,23,18640103,0,-3,27,10
3,16,18640315,0,-3,27,4
2,25,18640229,0,-3,27,11
1,16,18640120,0,-3,27,4
3,25,18640320,0,-3,27,11
12,16,18641220,0,-3,27,4
12,16,18641209,0,-3,27,4
2,21,18640219,0,-3,27,8
1,6,18640107,0,-3,27,3
1,25,18640122,0,-3,27,11
4,25,18640430,0,-3,27,11
1,25,18640128,0,-3,27,11
2,20,18640220,0,-2,28,7
12,5,18641216,0,-2,28,2
1,23,18640116,0,-2,28,10
1,6,18640102,0,-2,28,3
1,23,18640112,0,-2,28,10
1,24,18640119,0,-2,28,10
1,6,18640101,0,-2,28,3
2,22,18640210,0,-2,28,9
2,21,18640220,0,-2,28,8
2,22,18640209,0,-2,28,9
12,20,18641204,0,-2,28,7
2,21,18640208,0,-2,28,8
4,25,18640429,0,-2,28,11
12,16,18641221,0,-2,28,4
2,16,18640229,0,-2,28,4
1,6,18640106,0,-2,28,3
3,25,18640310,0,-2,28,11
3,16,18640301,0,-2,28,4
12,20,18641222,0,-2,28,7
12,20,18641208,0,-2,28,7
12,21,18641222,0,-2,28,8
1,24,18640120,0,-2,28,10
2,5,18640201,0,-2,28,2
6,25,18640628,0,-2,28,11
12,6,18641230,0,-2,28,3
2,21,18640209,0,-2,28,8
12,5,18641222,0,-2,28,2
1,27,18640106,0,-2,28,12
3,25,18640312,0,-2,28,11
1,25,18640113,0,-2,29,11
1,24,18640115,0,-2,29,10
3,25,18640326,0,-2,29,11
12,5,18641228,0,-2,29,2
12,20,18641207,0,-2,29,7
3,25,18640324,0,-2,29,11
2,20,18640201,0,-2,29,7
1,23,18640105,0,-2,29,10
1,20,18640121,0,-2,29,7
2,22,18640207,0,-2,29,9
10,25,18641006,0,-2,29,11
12,21,18641218,0,-2,29,8
10,25,18641019,0,-2,29,11
1,25,18640126,0,-2,29,11
12,5,18641208,0,-2,29,2
1,27,18640103,0,-2,29,12
12,22,18641221,0,-2,29,9
2,23,18640211,0,-2,29,10
12,16,18641213,0,-2,29,4
2,6,18640207,0,-2,29,3
11,25,18641116,0,-2,29,11
11,25,18641119,0,-2,29,11
1,16,18640119,0,-2,29,4
12,20,18641219,0,-2,29,7
2,16,18640208,0,-2,29,4
6,25,18640610,0,-2,29,11
1,27,18640104,0,-2,29,12
12,6,18641231,0,-2,29,3
2,6,18640219,0,-2,29,3
2,5,18640220,0,-2,29,2
12,20,18641205,0,-2,29,7
8,25,18640825,0,-2,29,11
12,22,18641230,0,-2,29,9
1,22,18640130,0,-2,29,9
2,21,18640221,0,-2,29,8
12,21,18641213,0,-2,29,8
2,21,18640212,0,-2,29,8
1,23,18640119,0,-2,29,10
11,25,18641109,0,-2,29,11
2,5,18640219,0,-2,29,2
2,5,18640202,0,-2,29,2
1,23,18640111,0,-2,29,10
11,22,18641107,0,-2,29,9
1,25,18640127,0,-1,29,11
2,5,18640209,0,-1,29,2
10,25,18641025,0,-1,29,11
4,25,18640411,0,-1,29,11
10,25,18641004,0,-1,29,11
3,25,18640304,0,-1,29,11
3,25,18640306,0,-1,29,11
12,5,18641212,0,-1,30,2
10,25,18641013,0,-1,30,11
1,25,18640121,0,-1,30,11
1,23,18640106,0,-1,30,10
4,25,18640417,0,-1,30,11
2,24,18640209,0,-1,30,10
12,5,18641204,0,-1,30,2
2,21,18640206,0,-1,30,8
1,24,18640105,0,-1,30,10
12,6,18641215,0,-1,30,3
12,20,18641212,0,-1,30,7
1,24,18640106,0,-1,30,10
5,25,18640504,0,-1,30,11
9,25,18640920,0,-1,30,11
1,25,18640123,0,-1,30,11
11,25,18641102,0,-1,30,11
10,25,18641028,0,-1,30,11
1,6,18640114,0,-1,30,3
12,16,18641214,0,-1,30,4
2,16,18640226,0,-1,30,4
12,16,18641230,0,-1,30,4
12,22,18641212,0,-1,30,9
2,24,18640210,0,-1,30,10
3,16,18640302,0,-1,30,4
2,21,18640210,0,-1,30,8
1,20,18640130,0,-1,30,7
10,25,18641027,0,-1,30,11
12,20,18641220,0,-1,30,7
2,23,18640210,0,-1,30,10
12,5,18641211,0,-1,30,2
1,5,18640130,0,-1,30,2
11,25,18641108,0,-1,30,11
2,6,18640220,0,-1,30,3
12,20,18641215,0,-1,30,7
12,5,18641230,0,-1,30,2
10,25,18641007,0,-1,30,11
12,25,18641229,0,-1,30,11
1,21,18640130,0,-1,30,8
4,25,18640418,0,-1,30,11
12,22,18641213,0,-1,30,9
2,5,18640203,0,-1,30,2
9,25,18640913,0,-1,30,11
1,23,18640120,0,-1,30,10
1,24,18640104,0,-1,30,10
12,5,18641213,0,-1,30,2
2,5,18640212,0,-1,30,2
8,25,18640811,0,-1,31,11
10,25,18641012,0,-1,31,11
12,22,18641220,0,-1,31,9
2,5,18640210,0,-1,31,2
12,20,18641221,0,-1,31,7
12,5,18641210,0,-1,31,2
10,25,18641024,0,-1,31,11
10,25,18641010,0,-1,31,11
12,25,18641228,0,-1,31,11
12,5,18641206,0,-1,31,2
2,27,18640219,0,-1,31,12
10,25,18641005,0,-1,31,11
1,24,18640103,0,-1,31,10
4,22,18640407,0,-1,31,9
2,16,18640206,0,-1,31,4
2,6,18640208,0,-1,31,3
11,16,18641123,0,-1,31,4
2,23,18640208,0,-1,31,10
11,16,18641122,0,-1,31,4
12,21,18641212,0,-1,31,8
12,6,18641217,0,0,31,3
10,25,18641022,0,0,31,11
11,20,18641108,0,0,31,7
2,22,18640221,0,0,31,9
4,5,18640408,0,0,31,2
12,5,18641214,0,0,31,2
12,5,18641221,0,0,31,2
1,22,18640131,0,0,31,9
12,21,18641221,0,0,31,8
2,25,18640212,0,0,31,11
11,21,18641111,0,0,31,8
1,24,18640121,0,0,31,10
12,22,18641228,0,0,31,9
12,5,18641215,0,0,31,2
12,21,18641201,0,0,31,8
1,23,18640107,0,0,31,10
1,23,18640121,0,0,31,10
1,24,18640111,0,0,31,10
12,22,18641208,0,0,31,9
12,21,18641208,0,0,31,8
1,6,18640115,0,0,31,3
4,25,18640405,0,0,31,11
1,20,18640131,0,0,31,7
3,25,18640318,0,0,31,11
1,24,18640102,0,0,31,10
2,22,18640201,0,0,31,9
8,25,18640827,0,0,31,11
11,25,18641120,0,0,31,11
12,20,18641213,0,0,31,7
4,20,18640407,0,0,31,7
12,22,18641204,0,0,31,9
2,20,18640202,0,0,31,7
1,6,18640116,0,0,31,3
12,5,18641220,0,0,31,2
12,22,18641203,0,0,31,9
12,6,18641222,0,0,32,3
3,25,18640316,0,0,32,11
12,6,18641227,0,0,32,3
10,25,18641011,0,0,32,11
5,25,18640501,0,0,32,11
1,24,18640107,0,0,32,10
12,5,18641218,0,0,32,2
10,25,18641023,0,0,32,11
2,27,18640206,0,0,32,12
12,27,18641216,0,0,32,12
5,25,18640527,0,0,32,11
1,27,18640102,0,0,32,12
1,16,18640116,0,0,32,4
11,16,18641115,0,0,32,4
12,16,18641210,0,0,32,4
1,16,18640130,0,0,32,4
1,23,18640104,0,0,32,10
12,5,18641209,0,0,32,2
2,23,18640220,0,0,32,10
1,16,18640121,0,0,32,4
12,16,18641224,0,0,32,4
12,19,18641219,0,0,32,6
10,25,18641030,0,0,32,11
2,16,18640220,0,0,32,4
2,22,18640206,0,0,32,9
2,16,18640215,0,0,32,4
2,24,18640220,0,0,32,10
12,21,18641220,0,0,32,8
11,20,18641107,0,0,32,7
12,27,18641223,0,0,32,12
12,26,18641225,0,0,32,12
2,6,18640210,0,0,32,3
1,23,18640131,0,0,32,10
10,25,18641020,0,0,32,11
11,25,18641103,0,0,32,11
1,26,18640106,0,0,32,12
1,27,18640107,0,0,32,12
12,20,18641211,0,0,32,7
3,25,18640323,0,0,32,11
2,20,18640206,0,0,33,7
11,22,18641111,0,0,33,9
11,5,18641107,0,0,33,2
4,25,18640422,0,0,33,11
12,21,18641202,0,0,33,8
1,26,18640107,0,0,33,12
1,5,18640123,0,0,33,2
11,22,18641108,0,0,33,9
12,20,18641229,0,0,33,7
2,27,18640220,0,0,33,12
2,27,18640218,0,0,33,12
5,25,18640503,0,0,33,11
4,25,18640421,0,0,33,11
2,22,18640218,0,0,33,9
4,21,18640407,0,0,33,8
12,27,18641224,0,0,33,12
2,21,18640201,0,0,33,8
12,27,18641222,0,0,33,12
12,22,18641202,0,0,33,9
12,21,18641203,0,0,33,8
2,6,18640221,0,0,33,3
12,20,18641203,0,0,33,7
1,27,18640101,0,0,33,12
1,24,18640109,0,0,33,10
12,27,18641225,0,0,33,12
2,5,18640208,0,1,33,2
2,16,18640214,0,1,33,4
2,5,18640204,0,1,33,2
3,16,18640323,0,1,33,4
8,25,18640826,0,1,33,11
12,16,18641211,0,1,33,4
1,23,18640110,0,1,33,10
3,16,18640316,0,1,33,4
11,16,18641113,0,1,33,4
12,21,18641228,0,1,33,8
12,5,18641229,0,1,33,2
12,5,18641219,0,1,33,2
12,21,18641204,0,1,33,8
11,25,18641117,0,1,33,11
2,6,18640218,0,1,33,3
2,24,18640201,0,1,33,10
10,25,18641021,0,1,33,11
1,24,18640110,0,1,33,10
2,6,18640223,0,1,33,3
2,6,18640206,0,1,33,3
9,25,18640912,0,1,33,11
12,20,18641214,0,1,33,7
2,21,18640218,0,1,33,8
2,20,18640218,0,1,33,7
1,22,18640120,0,1,33,9
4,5,18640406,0,1,33,2
4,5,18640409,0,1,33,2
2,22,18640225,0,1,33,9
12,5,18641217,0,1,33,2
3,25,18640307,0,1,33,11
2,21,18640207,0,1,33,8
11,21,18641108,0,1,33,8
12,20,18641209,0,1,33,7
11,21,18641107,0,1,33,8
2,22,18640202,0,1,33,9
1,23,18640102,0,1,33,10
2,20,18640207,0,1,34,7
12,20,18641202,0,1,34,7
12,21,18641229,0,1,34,8
1,23,18640122,0,1,34,10
11,20,18641121,0,1,34,7
12,20,18641210,0,1,34,7
2,23,18640209,0,1,34,10
12,27,18641215,0,1,34,12
2,6,18640222,0,1,34,3
1,23,18640101,0,1,34,10
1,24,18640108,0,1,34,10
2,24,18640211,0,1,34,10
1,6,18640129,0,1,34,3
4,25,18640401,0,1,34,11
2,6,18640211,0,1,34,3
11,6,18641107,0,1,34,3
11,25,18641104,0,1,34,11
1,16,18640112,0,1,34,4
1,16,18640101,0,1,34,4
2,16,18640207,0,1,34,4
11,16,18641124,0,1,34,4
1,19,18640105,0,1,34,6
12,22,18641201,0,1,34,9
2,23,18640202,0,1,34,10
1,26,18640108,0,1,34,12
12,22,18641229,0,1,34,9
12,27,18641226,0,1,34,12
12,16,18641218,0,1,34,4
12,22,18641211,0,1,34,9
1,24,18640131,0,1,34,10
5,25,18640512,0,1,34,11
10,25,18641029,0,1,34,11
2,24,18640205,0,1,34,10
11,6,18641111,0,1,34,3
1,23,18640108,0,1,34,10
2,25,18640216,0,1,34,11
1,23,18640109,0,1,34,10
4,20,18640408,0,1,34,7
4,5,18640407,0,1,34,2
2,23,18640201,0,1,34,10
2,22,18640205,0,1,34,9
2,6,18640209,0,1,34,3
2,27,18640207,0,1,35,12
2,24,18640206,0,1,35,10
2,5,18640206,0,1,35,2
12,5,18641203,0,2,35,2
12,24,18641231,0,2,35,10
2,23,18640206,0,2,35,10
10,25,18641026,0,2,35,11
2,20,18640205,0,2,35,7
12,6,18641218,0,2,35,3
2,6,18640205,0,2,35,3
12,22,18641206,0,2,35,9
12,22,18641205,0,2,35,9
12,23,18641225,0,2,35,10
1,6,18640131,0,2,35,3
2,21,18640205,0,2,35,8
12,23,18641226,0,2,35,10
2,22,18640224,0,2,35,9
12,27,18641231,0,2,35,12
1,21,18640131,0,2,35,8
1,6,18640130,0,2,35,3
11,16,18641114,0,2,35,4
1,16,18640115,0,2,35,4
1,16,18640118,0,2,35,4
11,20,18641109,0,2,35,7
12,19,18641224,0,2,35,6
4,20,18640406,0,2,35,7
1,16,18640122,0,2,35,4
1,24,18640101,0,2,35,10
12,16,18641216,0,2,35,4
3,16,18640318,0,2,35,4
12,27,18641230,0,2,35,12
1,19,18640108,0,2,35,6
2,16,18640203,0,2,35,4
2,6,18640201,0,2,35,3
1,19,18640106,0,2,35,6
2,16,18640212,0,2,35,4
1,21,18640120,0,2,35,8
12,25,18641205,0,2,35,11
5,25,18640524,0,2,35,11
11,5,18641108,0,2,35,2
9,25,18640919,0,2,35,11
12,6,18641228,0,2,35,3
11,22,18641112,0,2,35,9
1,6,18640108,0,2,35,3
2,21,18640225,0,2,35,8
1,6,18640113,0,2,35,3
11,20,18641110,0,2,35,7
1,24,18640129,0,2,35,10
2,20,18640203,0,2,35,7
11,21,18641109,0,2,35,8
12,6,18641219,0,2,35,3
3,25,18640314,0,2,35,11
12,22,18641209,0,2,35,9
2,20,18640208,0,2,35,7
11,21,18641112,0,2,35,8
11,25,18641101,0,2,35,11
4,25,18640416,0,2,35,11
2,22,18640222,0,2,36,9
12,23,18641227,0,2,36,10
2,24,18640221,0,2,36,10
10,25,18641031,0,2,36,11
4,25,18640412,0,2,36,11
12,21,18641209,0,2,36,8
11,25,18641118,0,2,36,11
3,22,18640301,0,2,36,9
2,24,18640208,0,2,36,10
10,25,18641018,0,2,36,11
2,5,18640218,0,2,36,2
1,24,18640122,0,2,36,10
2,27,18640205,0,2,36,12
2,24,18640219,0,2,36,10
6,25,18640629,0,2,36,11
12,6,18641214,0,2,36,3
12,24,18641205,0,2,36,10
2,6,18640224,0,2,36,3
1,22,18640121,0,2,36,9
2,27,18640208,0,2,36,12
11,21,18641110,0,2,36,8
2,22,18640226,0,2,36,9
2,27,18640221,0,2,36,12
2,26,18640221,0,2,36,12
12,27,18641217,0,2,36,12
12,24,18641207,0,2,36,10
12,19,18641225,0,2,36,6
11,16,18641116,0,2,36,4
2,16,18640205,0,2,36,4
5,25,18640531,0,2,36,11
5,25,18640505,0,2,36,11
2,16,18640211,0,2,36,4
6,25,18640602,0,2,36,11
1,24,18640123,0,2,36,10
2,16,18640204,0,2,36,4
12,16,18641228,0,2,36,4
2,16,18640225,0,2,36,4
11,6,18641106,0,2,36,3
1,16,18640113,0,2,36,4
12,27,18641221,0,2,36,12
1,6,18640112,0,2,36,3
1,16,18640114,0,2,36,4
10,25,18641009,0,2,36,11
12,6,18641229,0,2,36,3
10,25,18641016,0,2,36,11
3,16,18640303,0,2,36,4
1,24,18640124,0,2,36,10
11,20,18641111,0,2,36,7
2,21,18640222,0,2,36,8
12,23,18641207,0,2,36,10
4,22,18640406,0,2,36,9
3,27,18640308,0,2,36,12
12,20,18641201,0,2,36,7
11,5,18641111,0,2,36,2
11,6,18641110,0,2,36,3
12,21,18641205,0,2,36,8
1,26,18640105,0,2,36,12
12,21,18641211,0,2,36,8
1,27,18640113,0,2,36,12
5,25,18640528,0,2,36,11
10,25,18641003,0,2,36,11
1,23,18640123,0,2,36,10
12,5,18641202,0,2,36,2
2,21,18640229,0,2,36,8
11,21,18641125,0,2,36,8
2,21,18640226,0,2,36,8
12,27,18641214,0,2,36,12
11,5,18641109,0,2,36,2
12,21,18641207,0,2,36,8
1,6,18640117,0,2,36,3
2,23,18640212,0,2,36,10
4,25,18640413,0,2,36,11
11,22,18641121,0,2,36,9
3,21,18640301,0,2,36,8
12,22,18641207,0,2,36,9
1,21,18640121,0,3,37,8
4,25,18640423,0,3,37,11
4,25,18640404,0,3,37,11
2,27,18640204,0,3,37,12
12,21,18641206,0,3,37,8
2,21,18640223,0,3,37,8
3,25,18640317,0,3,37,11
2,24,18640207,0,3,37,10
6,25,18640601,0,3,37,11
9,25,18640904,0,3,37,11
2,27,18640222,0,3,37,12
11,20,18641129,0,3,37,7
1,27,18640129,0,3,37,12
2,24,18640202,0,3,37,10
11,22,18641110,0,3,37,9
8,25,18640828,0,3,37,11
1,16,18640131,0,3,37,4
2,20,18640224,0,3,37,7
2,16,18640227,0,3,37,4
3,16,18640306,0,3,37,4
12,24,18641206,0,3,37,10
11,16,18641105,0,3,37,4
11,25,18641105,0,3,37,11
3,16,18640305,0,3,37,4
11,20,18641123,0,3,37,7
12,6,18641203,0,3,37,3
4,25,18640419,0,3,37,11
2,16,18640221,0,3,37,4
3,16,18640317,0,3,37,4
12,16,18641204,0,3,37,4
3,22,18640317,0,3,37,9
3,25,18640303,0,3,37,11
12,16,18641226,0,3,37,4
11,22,18641124,0,3,37,9
2,23,18640207,0,3,37,10
6,25,18640615,0,3,37,11
1,27,18640112,0,3,37,12
11,22,18641109,0,3,37,9
12,26,18641219,0,3,37,12
12,26,18641224,0,3,37,12
11,6,18641109,0,3,37,3
3,5,18640318,0,3,37,2
12,6,18641201,0,3,37,3
2,24,18640213,0,3,37,10
4,22,18640408,0,3,37,9
2,20,18640204,0,3,37,7
11,20,18641122,0,3,37,7
3,25,18640322,0,3,37,11
12,23,18641205,0,3,37,10
2,23,18640205,0,3,37,10
4,25,18640420,0,3,37,11
12,6,18641202,0,3,38,3
2,5,18640205,0,3,38,2
2,26,18640227,0,3,38,12
11,22,18641129,0,3,38,9
12,21,18641210,0,3,38,8
2,26,18640207,0,3,38,12
2,26,18640208,0,3,38,12
11,22,18641102,0,3,38,9
5,25,18640502,0,3,38,11
12,23,18641206,0,3,38,10
5,25,18640514,0,3,38,11
4,21,18640408,0,3,38,8
12,23,18641213,0,3,38,10
1,23,18640130,0,3,38,10
5,25,18640509,0,3,38,11
2,26,18640220,0,3,38,12
2,6,18640225,0,3,38,3
12,26,18641226,0,3,38,12
12,24,18641226,0,3,38,10
6,25,18640614,0,3,38,11
2,27,18640224,0,3,38,12
2,27,18640225,0,3,38,12
1,19,18640109,0,3,38,6
1,16,18640126,0,3,38,4
3,16,18640313,0,3,38,4
11,6,18641108,0,3,38,3
3,16,18640312,0,3,38,4
1,22,18640126,0,3,38,9
12,22,18641210,0,3,38,9
12,16,18641217,0,3,38,4
4,16,18640410,0,3,38,4
3,16,18640314,0,3,38,4
2,22,18640203,0,3,38,9
3,16,18640310,0,3,38,4
2,22,18640204,0,3,38,9
12,16,18641207,0,3,38,4
12,23,18641231,0,3,38,10
2,16,18640202,0,3,38,4
11,21,18641121,0,3,38,8
2,27,18640223,0,3,38,12
12,16,18641219,0,3,38,4
1,22,18640129,0,3,38,9
1,16,18640129,0,3,38,4
1,16,18640117,0,3,38,4
1,6,18640118,0,3,38,3
1,19,18640107,0,3,38,6
12,16,18641225,0,3,38,4
6,25,18640616,0,3,38,11
3,16,18640330,0,3,38,4
7,25,18640704,0,3,38,11
12,24,18641225,0,3,38,10
11,22,18641103,0,3,38,9
2,20,18640225,0,3,38,7
2,20,18640221,0,3,38,7
11,22,18641106,0,3,38,9
11,21,18641106,0,3,38,8
11,5,18641110,0,3,38,2
1,27,18640128,0,3,38,12
10,22,18641030,0,3,38,9
12,24,18641213,0,3,38,10
3,20,18640317,0,3,38,7
1,23,18640129,0,4,38,10
3,22,18640302,0,4,38,9
11,20,18641113,0,4,38,7
1,6,18640109,0,4,38,3
2,24,18640217,0,4,38,10
2,24,18640214,0,4,38,10
2,21,18640203,0,4,38,8
6,25,18640608,0,4,38,11
2,26,18640219,0,4,38,12
1,22,18640127,0,4,38,9
1,21,18640129,0,4,38,8
11,22,18641130,0,4,38,9
9,25,18640921,0,4,38,11
4,25,18640414,0,4,38,11
3,26,18640308,0,4,39,12
2,26,18640209,0,4,39,12
3,20,18640302,0,4,39,7
1,6,18640111,0,4,39,3
4,20,18640405,0,4,39,7
1,24,18640127,0,4,39,10
6,25,18640613,0,4,39,11
6,25,18640611,0,4,39,11
2,27,18640209,0,4,39,12
11,21,18641129,0,4,39,8
11,20,18641112,0,4,39,7
2,21,18640202,0,4,39,8
2,26,18640222,0,4,39,12
2,6,18640226,0,4,39,3
11,21,18641124,0,4,39,8
2,23,18640214,0,4,39,10
1,23,18640125,0,4,39,10
2,23,18640213,0,4,39,10
3,25,18640315,0,4,39,11
10,5,18641031,0,4,39,2
2,22,18640223,0,4,39,9
12,6,18641220,0,4,39,3
11,21,18641103,0,4,39,8
12,23,18641208,0,4,39,10
12,16,18641205,0,4,39,4
3,16,18640309,0,4,39,4
12,6,18641221,0,4,39,3
11,16,18641125,0,4,39,4
1,24,18640130,0,4,39,10
2,16,18640213,0,4,39,4
3,16,18640331,0,4,39,4
9,25,18640905,0,4,39,11
2,27,18640217,0,4,39,12
11,16,18641112,0,4,39,4
4,21,18640406,0,4,39,8
1,23,18640124,0,4,39,10
11,20,18641102,0,4,39,7
11,21,18641102,0,4,39,8
2,21,18640224,0,4,39,8
1,20,18640129,0,4,39,7
12,23,18641223,0,4,39,10
9,25,18640923,0,4,39,11
12,26,18641218,0,4,39,12
12,26,18641231,0,4,39,12
2,23,18640219,0,4,39,10
2,25,18640215,0,4,39,11
12,23,18641224,0,4,39,10
1,22,18640125,0,4,39,9
4,25,18640427,0,4,39,11
1,26,18640103,0,4,39,12
1,21,18640126,0,4,39,8
12,26,18641209,0,4,39,12
2,6,18640202,0,4,39,3
5,25,18640522,0,4,39,11
2,24,18640222,0,4,39,10
2,24,18640212,0,4,39,10
10,21,18641030,0,4,39,8
12,26,18641222,0,4,40,12
11,6,18641102,0,4,40,3
2,26,18640224,0,4,40,12
12,24,18641208,0,4,40,10
10,25,18641001,0,4,40,11
2,26,18640223,0,4,40,12
10,25,18641002,0,4,40,11
5,25,18640513,0,4,40,11
1,6,18640110,0,4,40,3
9,25,18640916,0,4,40,11
2,26,18640225,0,4,40,12
12,24,18641223,0,4,40,10
12,24,18641224,0,4,40,10
1,26,18640102,0,4,40,12
12,24,18641211,0,4,40,10
1,26,18640104,0,4,40,12
4,5,18640411,0,4,40,2
3,27,18640307,0,4,40,12
11,20,18641103,0,4,40,7
11,20,18641130,0,4,40,7
11,5,18641112,0,4,40,2
2,22,18640228,0,4,40,9
1,24,18640125,0,4,40,10
12,27,18641213,0,4,40,12
2,5,18640221,0,4,40,2
11,21,18641130,0,4,40,8
2,21,18640204,0,4,40,8
1,27,18640115,0,4,40,12
3,21,18640317,0,4,40,8
2,23,18640222,0,4,40,10
3,16,18640327,0,4,40,4
4,16,18640412,0,4,40,4
4,16,18640401,0,4,40,4
2,6,18640204,0,4,40,3
11,20,18641124,0,4,40,7
2,23,18640217,0,4,40,10
1,23,18640127,0,4,40,10
11,20,18641106,0,4,40,7
11,5,18641103,0,4,40,2
11,27,18641110,0,4,40,12
3,20,18640318,0,4,40,7
1,27,18640108,0,4,40,12
11,16,18641119,0,4,40,4
1,16,18640125,0,4,40,4
1,27,18640114,0,4,40,12
12,23,18641214,0,4,40,10
12,19,18641222,0,4,40,6
12,26,18641220,0,4,40,12
11,5,18641113,0,4,40,2
4,22,18640405,0,4,40,9
4,22,18640402,0,4,40,9
6,25,18640617,0,4,40,11
2,5,18640207,0,4,40,2
12,23,18641212,0,5,40,10
9,25,18640917,0,5,40,11
1,20,18640126,0,5,40,7
11,5,18641122,0,5,40,2
2,22,18640229,0,5,40,9
3,5,18640317,0,5,40,2
12,26,18641221,0,5,40,12
1,23,18640128,0,5,40,10
4,22,18640409,0,5,40,9
2,26,18640205,0,5,40,12
12,26,18641217,0,5,40,12
4,25,18640428,0,5,40,11
12,5,18641201,0,5,40,2
7,25,18640701,0,5,40,11
6,25,18640630,0,5,40,11
2,26,18640228,0,5,40,12
1,6,18640125,0,5,40,3
10,25,18641008,0,5,41,11
2,5,18640228,0,5,41,2
3,5,18640302,0,5,41,2
11,26,18641124,0,5,41,12
5,25,18640523,0,5,41,11
3,22,18640319,0,5,41,9
3,26,18640307,0,5,41,12
4,25,18640425,0,5,41,11
11,5,18641121,0,5,41,2
10,20,18641031,0,5,41,7
4,25,18640415,0,5,41,11
12,24,18641210,0,5,41,10
3,26,18640309,0,5,41,12
11,27,18641123,0,5,41,12
2,26,18640206,0,5,41,12
12,27,18641220,0,5,41,12
1,6,18640119,0,5,41,3
2,22,18640227,0,5,41,9
1,20,18640122,0,5,41,7
2,27,18640203,0,5,41,12
3,16,18640328,0,5,41,4
11,16,18641117,0,5,41,4
11,16,18641102,0,5,41,4
12,23,18641222,0,5,41,10
3,22,18640316,0,5,41,9
12,23,18641230,0,5,41,10
11,23,18641107,0,5,41,10
2,5,18640215,0,5,41,2
1,20,18640127,0,5,41,7
2,16,18640228,0,5,41,4
3,16,18640326,0,5,41,4
11,24,18641107,0,5,41,10
2,23,18640223,0,5,41,10
4,16,18640405,0,5,41,4
3,22,18640318,0,5,41,9
9,25,18640906,0,5,41,11
2,23,18640203,0,5,41,10
2,6,18640217,0,5,41,3
11,22,18641125,0,5,41,9
1,19,18640110,0,5,41,6
11,23,18641111,0,5,41,10
5,25,18640526,0,5,41,11
2,19,18640224,0,5,41,6
12,24,18641214,0,5,41,10
11,21,18641128,0,5,41,8
1,21,18640125,0,5,41,8
12,6,18641213,0,5,41,3
11,21,18641120,0,5,41,8
11,22,18641122,0,5,41,9
12,26,18641215,0,5,41,12
12,26,18641223,0,5,41,12
11,5,18641105,0,5,41,2
8,25,18640812,0,5,41,11
5,25,18640510,0,5,41,11
2,24,18640215,0,5,41,10
10,20,18641030,0,5,41,7
11,22,18641113,0,5,41,9
11,22,18641128,0,5,41,9
12,26,18641227,0,5,41,12
5,25,18640525,0,5,41,11
2,6,18640203,0,5,41,3
2,26,18640226,0,5,41,12
7,25,18640719,0,5,41,11
2,26,18640204,0,5,41,12
5,25,18640529,0,5,41,11
1,23,18640126,0,5,42,10
5,22,18640504,0,5,42,9
2,26,18640203,0,5,42,12
2,26,18640210,0,5,42,12
1,22,18640122,0,5,42,9
6,25,18640609,0,5,42,11
11,5,18641124,0,5,42,2
10,22,18641031,0,5,42,9
11,20,18641126,0,5,42,7
11,22,18641105,0,5,42,9
2,25,18640214,0,5,42,11
4,5,18640410,0,5,42,2
3,21,18640318,0,5,42,8
2,23,18640204,0,5,42,10
4,27,18640404,0,5,42,12
1,27,18640111,0,5,42,12
11,5,18641106,0,5,42,2
9,25,18640918,0,5,42,11
9,25,18640925,0,5,42,11
8,25,18640824,0,5,42,11
4,21,18640405,0,5,42,8
11,5,18641129,0,5,42,2
11,22,18641101,0,5,42,9
12,27,18641229,0,6,42,12
4,20,18640409,0,6,42,7
12,27,18641227,0,6,42,12
3,20,18640319,0,6,42,7
2,20,18640213,0,6,42,7
11,27,18641106,0,6,42,12
3,5,18640319,0,6,42,2
11,21,18641118,0,6,42,8
1,5,18640126,0,6,42,2
1,27,18640116,0,6,42,12
3,20,18640301,0,6,42,7
11,5,18641101,0,6,42,2
2,16,18640222,0,6,42,4
2,16,18640224,0,6,42,4
10,21,18641031,0,6,42,8
11,16,18641111,0,6,42,4
11,20,18641127,0,6,42,7
2,19,18640228,0,6,42,6
2,5,18640229,0,6,42,2
11,16,18641101,0,6,42,4
11,20,18641101,0,6,42,7
2,19,18640225,0,6,42,6
12,23,18641204,0,6,42,10
12,24,18641209,0,6,42,10
3,16,18640325,0,6,42,4
1,16,18640123,0,6,42,4
11,22,18641120,0,6,42,9
3,27,18640325,0,6,42,12
12,19,18641226,0,6,42,6
1,5,18640129,0,6,42,2
3,16,18640311,0,6,42,4
2,22,18640213,0,6,42,9
3,16,18640308,0,6,42,4
11,21,18641101,0,6,42,8
8,25,18640814,0,6,42,11
3,16,18640307,0,6,42,4
12,24,18641212,0,6,42,10
10,20,18641003,0,6,42,7
3,16,18640329,0,6,42,4
12,19,18641218,0,6,42,6
12,24,18641221,0,6,42,10
9,25,18640924,0,6,42,11
11,22,18641127,0,6,42,9
1,6,18640126,0,6,42,3
11,24,18641124,0,6,42,10
11,6,18641130,0,6,42,3
12,24,18641220,0,6,42,10
2,27,18640226,0,6,42,12
12,24,18641230,0,6,42,10
12,26,18641216,0,6,42,12
2,24,18640223,0,6,42,10
3,20,18640320,0,6,42,7
3,5,18640301,0,6,42,2
1,24,18640126,0,6,42,10
2,20,18640226,0,6,42,7
1,27,18640109,0,6,42,12
11,24,18641123,0,6,42,10
3,21,18640302,0,6,42,8
11,24,18641126,0,6,42,10
2,24,18640218,0,6,42,10
1,26,18640109,0,6,42,12
12,24,18641222,0,6,42,10
11,21,18641113,0,6,42,8
11,5,18641102,0,6,42,2
6,25,18640627,0,6,42,11
11,5,18641116,0,6,43,2
2,5,18640227,0,6,43,2
3,26,18640326,0,6,43,12
2,5,18640225,0,6,43,2
1,21,18640127,0,6,43,8
11,23,18641108,0,6,43,10
2,24,18640216,0,6,43,10
1,26,18640101,0,6,43,12
11,22,18641104,0,6,43,9
11,6,18641125,0,6,43,3
2,26,18640218,0,6,43,12
11,26,18641123,0,6,43,12
11,24,18641129,0,6,43,10
2,5,18640223,0,6,43,2
2,24,18640226,0,6,43,10
11,5,18641127,0,6,43,2
9,25,18640930,0,6,43,11
6,25,18640619,0,6,43,11
12,23,18641210,0,6,43,10
1,21,18640122,0,6,43,8
10,20,18641005,0,6,43,7
12,19,18641220,0,6,43,6
11,16,18641121,0,6,43,4
11,16,18641118,0,6,43,4
12,6,18641204,0,6,43,3
11,21,18641105,0,6,43,8
12,16,18641227,0,6,43,4
11,16,18641120,0,6,43,4
11,20,18641128,0,6,43,7
11,22,18641126,0,6,43,9
5,20,18640504,0,6,43,7
12,16,18641202,0,6,43,4
12,19,18641217,0,6,43,6
1,19,18640121,0,6,43,6
12,6,18641208,0,6,43,3
11,21,18641117,0,6,43,8
12,16,18641206,0,6,43,4
11,16,18641126,0,6,43,4
2,16,18640201,0,6,43,4
1,16,18640127,0,6,43,4
10,16,18641031,0,6,43,4
4,16,18640402,0,6,43,4
2,20,18640229,0,6,43,7
12,19,18641223,0,6,43,6
1,27,18640130,0,6,43,12
11,6,18641101,0,6,43,3
12,6,18641209,0,6,43,3
11,20,18641114,0,6,43,7
12,24,18641227,0,6,43,10
1,20,18640125,0,6,43,7
1,24,18640128,0,6,43,10
11,24,18641111,0,6,43,10
5,25,18640515,0,6,43,11
11,6,18641126,0,6,43,3
11,6,18641103,0,6,43,3
12,23,18641228,0,6,43,10
12,23,18641221,0,6,43,10
2,27,18640216,0,6,43,12
3,22,18640303,0,6,43,9
10,22,18641005,0,6,43,9
12,27,18641228,0,6,43,12
4,23,18640407,0,6,43,10
11,21,18641127,0,6,43,8
2,25,18640213,0,6,44,11
3,21,18640328,0,6,44,8
9,25,18640903,0,6,44,11
2,26,18640217,0,6,44,12
11,26,18641110,0,6,44,12
2,26,18640229,0,6,44,12
2,26,18640202,0,6,44,12
1,26,18640120,0,6,44,12
12,24,18641204,0,6,44,10
7,25,18640708,0,6,44,11
10,22,18641004,0,6,44,9
11,22,18641117,0,6,44,9
3,26,18640301,0,6,44,12
11,5,18641130,0,6,44,2
2,26,18640211,0,6,44,12
3,5,18640303,0,6,44,2
2,22,18640214,0,6,44,9
12,23,18641209,0,6,44,10
12,27,18641218,0,6,44,12
4,25,18640424,0,6,44,11
11,22,18641118,0,6,44,9
2,20,18640227,0,6,44,7
11,23,18641127,0,6,44,10
9,25,18640927,0,6,44,11
11,20,18641118,0,6,44,7
12,23,18641203,0,6,44,10
11,26,18641109,0,6,44,12
4,21,18640409,0,6,44,8
9,25,18640914,0,6,44,11
11,6,18641112,0,6,44,3
2,24,18640203,0,6,44,10
2,20,18640222,0,6,44,7
1,26,18640118,0,6,44,12
11,27,18641109,0,7,44,12
1,22,18640124,0,7,44,9
3,22,18640328,0,7,44,9
1,6,18640120,0,7,44,3
1,5,18640125,0,7,44,2
1,20,18640123,0,7,44,7
5,22,18640506,0,7,44,9
3,6,18640329,0,7,44,3
5,22,18640505,0,7,44,9
1,22,18640128,0,7,44,9
12,23,18641211,0,7,44,10
6,25,18640624,0,7,44,11
6,25,18640620,0,7,44,11
4,21,18640402,0,7,44,8
8,25,18640829,0,7,44,11
1,6,18640124,0,7,44,3
11,21,18641126,0,7,44,8
2,23,18640225,0,7,44,10
3,27,18640321,0,7,44,12
2,23,18640228,0,7,44,10
2,20,18640228,0,7,44,7
11,22,18641123,0,7,44,9
2,27,18640210,0,7,44,12
2,19,18640222,0,7,44,6
1,19,18640111,0,7,44,6
2,19,18640226,0,7,44,6
5,16,18640511,0,7,44,4
1,19,18640103,0,7,44,6
3,16,18640324,0,7,44,4
12,26,18641208,0,7,44,12
1,19,18640122,0,7,44,6
4,16,18640413,0,7,44,4
3,20,18640323,0,7,44,7
1,16,18640124,0,7,44,4
7,25,18640707,0,7,44,11
12,24,18641203,0,7,44,10
4,16,18640409,0,7,44,4
1,6,18640127,0,7,44,3
11,24,18641125,0,7,44,10
1,16,18640128,0,7,44,4
6,25,18640607,0,7,44,11
1,19,18640120,0,7,44,6
4,16,18640427,0,7,44,4
11,16,18641103,0,7,44,4
1,19,18640118,0,7,44,6
11,16,18641104,0,7,44,4
1,26,18640113,0,7,44,12
1,27,18640117,0,7,44,12
3,6,18640327,0,7,44,3
2,23,18640226,0,7,44,10
2,26,18640216,0,7,44,12
10,5,18641030,0,7,44,2
12,6,18641205,0,7,44,3
11,20,18641120,0,7,44,7
10,25,18641017,0,7,44,11
3,22,18640329,0,7,44,9
3,26,18640327,0,7,44,12
5,21,18640504,0,7,44,8
3,20,18640328,0,7,44,7
11,21,18641122,0,7,44,8
3,22,18640313,0,7,44,9
9,25,18640928,0,7,44,11
3,26,18640306,0,7,44,12
2,5,18640217,0,7,44,2
2,23,18640229,0,7,44,10
1,26,18640114,0,7,44,12
11,26,18641126,0,7,44,12
12,23,18641215,0,7,44,10
3,21,18640319,0,7,45,8
11,5,18641123,0,7,45,2
2,5,18640213,0,7,45,2
3,22,18640320,0,7,45,9
1,6,18640128,0,7,45,3
4,5,18640405,0,7,45,2
10,21,18641003,0,7,45,8
12,24,18641202,0,7,45,10
5,5,18640504,0,7,45,2
4,22,18640404,0,7,45,9
9,25,18640929,0,7,45,11
5,25,18640530,0,7,45,11
3,22,18640324,0,7,45,9
4,22,18640422,0,7,45,9
5,20,18640501,0,7,45,7
6,25,18640618,0,7,45,11
2,24,18640224,0,7,45,10
5,22,18640503,0,7,45,9
12,23,18641229,0,7,45,10
3,20,18640303,0,7,45,7
11,5,18641128,0,7,45,2
11,21,18641104,0,7,45,8
5,22,18640502,0,7,45,9
11,5,18641125,0,7,45,2
2,21,18640228,0,7,45,8
11,24,18641108,0,7,45,10
10,21,18641004,0,7,45,8
9,25,18640915,0,7,45,11
11,23,18641112,0,7,45,10
4,22,18640403,0,7,45,9
11,20,18641125,0,7,45,7
1,27,18640123,0,7,45,12
10,16,18641024,0,7,45,4
1,19,18640113,0,7,45,6
10,20,18641015,0,7,45,7
12,19,18641221,0,7,45,6
4,16,18640414,0,7,45,4
4,16,18640403,0,7,45,4
4,16,18640419,0,7,45,4
10,16,18641008,0,7,45,4
12,19,18641230,0,7,45,6
2,6,18640214,0,7,45,3
12,19,18641231,0,7,45,6
11,16,18641127,0,7,45,4
2,16,18640223,0,7,45,4
1,19,18640119,0,7,45,6
5,25,18640516,0,7,45,11
12,19,18641216,0,7,45,6
3,26,18640311,0,7,45,12
2,19,18640223,0,7,45,6
1,20,18640128,0,7,45,7
11,27,18641124,0,7,45,12
12,19,18641215,0,7,45,6
2,19,18640221,0,7,45,6
12,19,18641227,0,7,45,6
2,19,18640227,0,7,45,6
12,16,18641201,0,7,45,4
1,27,18640110,0,7,45,12
2,22,18640217,0,7,45,9
3,26,18640310,0,7,45,12
11,23,18641123,0,7,45,10
12,24,18641218,0,7,45,10
10,26,18641021,0,7,45,12
10,22,18641015,0,7,45,9
2,20,18640223,0,7,45,7
11,22,18641114,0,7,45,9
2,24,18640227,0,7,45,10
12,23,18641202,0,7,45,10
12,26,18641230,0,7,45,12
12,24,18641216,0,7,45,10
12,27,18641219,0,7,45,12
6,25,18640603,0,7,45,11
2,22,18640215,0,7,45,9
12,26,18641229,0,7,45,12
1,26,18640110,0,7,45,12
4,22,18640413,0,7,45,9
3,21,18640322,0,7,45,8
4,22,18640414,0,7,45,9
10,22,18641003,0,7,45,9
12,23,18641219,0,8,46,10
3,21,18640321,0,8,46,8
5,22,18640524,0,8,46,9
2,23,18640218,0,8,46,10
1,5,18640127,0,8,46,2
2,23,18640215,0,8,46,10
3,22,18640331,0,8,46,9
2,24,18640225,0,8,46,10
4,20,18640413,0,8,46,7
10,5,18641005,0,8,46,2
11,23,18641124,0,8,46,10
11,20,18641115,0,8,46,7
11,6,18641121,0,8,46,3
3,21,18640323,0,8,46,8
11,6,18641129,0,8,46,3
4,24,18640407,0,8,46,10
11,6,18641127,0,8,46,3
4,20,18640410,0,8,46,7
3,27,18640320,0,8,46,12
10,20,18641004,0,8,46,7
2,21,18640215,0,8,46,8
1,26,18640124,0,8,46,12
12,23,18641218,0,8,46,10
9,25,18640902,0,8,46,11
11,23,18641121,0,8,46,10
12,6,18641206,0,8,46,3
7,25,18640706,0,8,46,11
3,26,18640316,0,8,46,12
12,23,18641220,0,8,46,10
2,24,18640204,0,8,46,10
11,6,18641116,0,8,46,3
11,27,18641122,0,8,46,12
1,20,18640124,0,8,46,7
11,26,18641125,0,8,46,12
4,20,18640402,0,8,46,7
5,25,18640506,0,8,46,11
11,27,18641111,0,8,46,12
11,6,18641120,0,8,46,3
11,26,18641111,0,8,46,12
3,26,18640302,0,8,46,12
11,27,18641114,0,8,46,12
11,27,18641125,0,8,46,12
4,6,18640406,0,8,46,3
12,27,18641208,0,8,46,12
4,20,18640403,0,8,46,7
11,19,18641126,0,8,46,6
1,19,18640116,0,8,46,6
3,6,18640316,0,8,46,3
12,19,18641229,0,8,46,6
1,19,18640104,0,8,46,6
2,19,18640220,0,8,46,6
3,27,18640301,0,8,46,12
9,25,18640922,0,8,46,11
1,19,18640102,0,8,46,6
12,27,18641212,0,8,46,12
11,20,18641104,0,8,46,7
12,6,18641210,0,8,46,3
4,22,18640411,0,8,46,9
4,23,18640408,0,8,46,10
11,20,18641116,0,8,46,7
11,21,18641123,0,8,46,8
1,19,18640114,0,8,46,6
3,22,18640323,0,8,46,9
4,16,18640407,0,8,46,4
4,20,18640404,0,8,46,7
4,16,18640404,0,8,46,4
2,23,18640224,0,8,46,10
2,24,18640228,0,8,46,10
2,19,18640208,0,8,46,6
1,21,18640128,0,8,46,8
11,5,18641104,0,8,46,2
11,23,18641110,0,8,46,10
3,24,18640306,0,8,46,10
7,25,18640714,0,8,46,11
3,21,18640313,0,8,46,8
12,27,18641207,0,8,46,12
4,6,18640407,0,8,46,3
11,27,18641107,0,8,46,12
11,21,18641119,0,8,46,8
5,25,18640511,0,8,46,11
12,26,18641228,0,8,46,12
3,6,18640312,0,8,46,3
4,6,18640408,0,8,46,3
3,23,18640304,0,8,46,10
11,6,18641123,0,8,46,3
4,5,18640416,0,8,46,2
8,25,18640813,0,8,46,11
7,25,18640705,0,8,46,11
11,27,18641130,0,8,46,12
3,26,18640322,0,8,46,12
1,26,18640125,0,8,46,12
3,24,18640304,0,8,46,10
1,26,18640111,0,8,46,12
4,27,18640405,0,8,46,12
1,26,18640119,0,8,46,12
10,21,18641015,0,8,46,8
1,21,18640124,0,8,46,8
3,20,18640316,0,8,46,7
9,25,18640926,0,8,46,11
3,5,18640304,0,8,46,2
12,24,18641217,0,8,46,10
11,23,18641116,0,8,46,10
3,5,18640330,0,8,46,2
11,6,18641124,0,8,46,3
8,25,18640823,0,8,46,11
11,5,18641120,0,8,47,2
4,26,18640401,0,8,47,12
3,22,18640330,0,8,47,9
2,23,18640216,0,8,47,10
10,20,18641002,0,8,47,7
3,23,18640328,0,8,47,10
10,5,18641003,0,8,47,2
3,26,18640323,0,8,47,12
11,23,18641106,0,8,47,10
3,6,18640328,0,8,47,3
12,27,18641209,0,8,47,12
1,26,18640112,0,8,47,12
2,23,18640227,0,8,47,10
2,21,18640227,0,8,47,8
11,26,18641116,0,8,47,12
3,26,18640303,0,8,47,12
11,26,18641107,0,8,47,12
3,26,18640312,0,8,47,12
11,6,18641104,0,8,47,3
3,21,18640312,0,8,47,8
9,25,18640911,0,8,47,11
11,26,18641112,0,8,47,12
2,6,18640212,0,8,47,3
11,27,18641101,0,8,47,12
4,25,18640426,0,8,47,11
3,27,18640315,0,8,47,12
10,20,18641016,0,8,47,7
10,6,18641031,0,8,47,3
10,6,18641030,0,8,47,3
3,6,18640330,0,8,47,3
2,20,18640217,0,8,47,7
12,24,18641201,0,8,47,10
3,27,18640326,0,8,47,12
11,27,18641108,0,8,47,12
12,6,18641207,0,8,47,3
3,22,18640312,0,8,47,9
11,6,18641105,0,8,47,3
3,27,18640327,0,8,47,12
11,5,18641119,0,8,47,2
3,23,18640330,0,8,47,10
3,22,18640304,0,8,47,9
4,5,18640403,0,8,47,2
4,20,18640416,0,8,47,7
3,22,18640305,0,8,47,9
11,27,18641105,0,8,47,12
2,19,18640203,0,8,47,6
11,5,18641126,0,8,47,2
10,5,18641004,0,8,47,2
1,19,18640125,0,8,47,6
3,19,18640306,0,8,47,6
2,22,18640216,0,8,47,9
3,22,18640306,0,8,47,9
1,19,18640115,0,8,47,6
11,16,18641110,0,8,47,4
10,20,18641006,0,8,47,7
2,21,18640217,0,8,47,8
11,20,18641119,0,8,47,7
5,22,18640501,0,8,47,9
12,26,18641201,0,8,47,12
3,22,18640322,0,8,47,9
1,22,18640123,0,8,47,9
4,21,18640411,0,8,47,8
4,16,18640411,0,8,47,4
1,19,18640112,0,8,47,6
2,19,18640206,0,8,47,6
10,27,18641031,0,8,47,12
11,22,18641116,0,8,47,9
3,22,18640321,0,8,47,9
11,19,18641127,0,8,47,6
5,22,18640525,0,8,47,9
5,20,18640503,0,8,47,7
12,19,18641228,0,8,47,6
4,5,18640415,0,8,47,2
3,24,18640303,0,8,47,10
10,22,18641016,0,8,47,9
10,22,18641002,0,8,47,9
12,26,18641214,0,8,47,12
11,5,18641118,0,8,47,2
3,24,18640305,0,8,47,10
12,23,18641216,0,8,47,10
11,24,18641114,0,8,47,10
4,21,18640403,0,8,47,8
2,23,18640221,0,8,47,10
12,24,18641229,0,8,47,10
10,21,18641002,0,8,47,8
3,27,18640328,0,8,47,12
4,21,18640413,0,8,47,8
12,23,18641217,0,8,47,10
11,20,18641105,0,8,47,7
12,24,18641215,0,8,47,10
11,26,18641106,0,8,47,12
11,22,18641115,0,8,47,9
11,22,18641119,0,8,47,9
1,26,18640115,0,8,47,12
2,24,18640229,0,8,47,10
11,6,18641122,0,8,47,3
11,24,18641109,0,8,47,10
11,6,18641115,0,8,47,3
1,26,18640116,0,8,47,12
1,26,18640123,0,8,47,12
1,26,18640117,0,8,47,12
5,25,18640519,0,8,47,11
2,20,18640214,0,9,47,7
11,21,18641114,0,9,47,8
8,25,18640820,0,9,47,11
3,20,18640321,0,9,47,7
3,20,18640312,0,9,47,7
2,21,18640213,0,9,47,8
12,6,18641211,0,9,47,3
3,21,18640329,0,9,47,8
5,20,18640505,0,9,47,7
3,22,18640310,0,9,47,9
11,24,18641121,0,9,47,10
11,26,18641108,0,9,47,12
3,5,18640328,0,9,47,2
5,21,18640509,0,9,47,8
3,26,18640328,0,9,47,12
11,21,18641116,0,9,47,8
1,26,18640128,0,9,47,12
12,26,18641212,0,9,48,12
6,25,18640625,0,9,48,11
5,25,18640520,0,9,48,11
1,27,18640124,0,9,48,12
11,26,18641119,0,9,48,12
3,20,18640329,0,9,48,7
11,26,18641115,0,9,48,12
9,25,18640907,0,9,48,11
11,6,18641119,0,9,48,3
5,20,18640509,0,9,48,7
1,6,18640121,0,9,48,3
11,24,18641112,0,9,48,10
7,25,18640723,0,9,48,11
4,22,18640415,0,9,48,9
8,25,18640819,0,9,48,11
3,22,18640325,0,9,48,9
3,24,18640307,0,9,48,10
1,27,18640127,0,9,48,12
10,21,18641016,0,9,48,8
1,21,18640123,0,9,48,8
2,21,18640214,0,9,48,8
2,5,18640226,0,9,48,2
2,27,18640229,0,9,48,12
4,5,18640402,0,9,48,2
12,27,18641211,0,9,48,12
11,23,18641109,0,9,48,10
3,26,18640304,0,9,48,12
1,27,18640118,0,9,48,12
1,27,18640125,0,9,48,12
11,27,18641103,0,9,48,12
10,22,18641006,0,9,48,9
11,24,18641130,0,9,48,10
5,21,18640505,0,9,48,8
7,25,18640722,0,9,48,11
3,27,18640309,0,9,48,12
3,23,18640302,0,9,48,10
11,23,18641130,0,9,48,10
3,27,18640322,0,9,48,12
1,19,18640127,0,9,48,6
10,16,18641017,0,9,48,4
11,27,18641128,0,9,48,12
3,19,18640327,0,9,48,6
2,20,18640215,0,9,48,7
12,26,18641210,0,9,48,12
10,16,18641013,0,9,48,4
3,19,18640326,0,9,48,6
3,19,18640308,0,9,48,6
5,16,18640507,0,9,48,4
3,22,18640311,0,9,48,9
4,20,18640415,0,9,48,7
12,19,18641201,0,9,48,6
10,16,18641016,0,9,48,4
12,24,18641228,0,9,48,10
2,19,18640219,0,9,48,6
4,6,18640405,0,9,48,3
11,19,18641114,0,9,48,6
2,20,18640216,0,9,48,7
3,23,18640324,0,9,48,10
3,21,18640316,0,9,48,8
11,19,18641125,0,9,48,6
11,19,18641103,0,9,48,6
4,22,18640416,0,9,48,9
11,19,18641128,0,9,48,6
3,20,18640324,0,9,48,7
2,19,18640202,0,9,48,6
10,16,18641009,0,9,48,4
11,16,18641106,0,9,48,4
5,16,18640503,0,9,48,4
4,19,18640401,0,9,48,6
11,27,18641115,0,9,48,12
10,16,18641018,0,9,48,4
2,19,18640209,0,9,48,6
2,19,18640229,0,9,48,6
4,16,18640406,0,9,48,4
2,19,18640211,0,9,48,6
3,20,18640313,0,9,48,7
11,19,18641124,0,9,48,6
1,19,18640117,0,9,48,6
3,21,18640303,0,9,48,8
3,5,18640331,0,9,48,2
3,20,18640331,0,9,48,7
11,6,18641128,0,9,48,3
5,22,18640509,0,9,48,9
4,20,18640412,0,9,48,7
11,5,18641114,0,9,48,2
6,25,18640622,0,9,48,11
5,20,18640506,0,9,48,7
3,5,18640329,0,9,48,2
1,0,18640104,0,9,48,0
11,26,18641122,0,9,48,12
12,6,18641212,0,9,48,3
3,23,18640305,0,9,48,10
10,5,18641016,0,9,48,2
11,21,18641115,0,9,48,8
6,25,18640604,0,9,48,11
10,5,18641015,0,9,48,2
2,27,18640227,0,9,48,12
10,21,18641005,0,9,48,8
2,27,18640228,0,9,49,12
6,25,18640605,0,9,49,11
3,27,18640316,0,9,49,12
10,20,18641029,0,9,49,7
10,26,18641024,0,9,49,12
5,25,18640521,0,9,49,11
8,25,18640815,0,9,49,11
2,6,18640229,0,9,49,3
3,6,18640310,0,9,49,3
7,25,18640720,0,9,49,11
12,23,18641201,0,9,49,10
3,26,18640305,0,9,49,12
3,6,18640311,0,9,49,3
10,22,18641008,0,9,49,9
2,27,18640202,0,9,49,12
2,27,18640215,0,9,49,12
12,27,18641201,0,9,49,12
3,27,18640311,0,9,49,12
3,26,18640321,0,9,49,12
2,6,18640216,0,9,49,3
3,6,18640317,0,9,49,3
2,6,18640215,0,9,49,3
4,22,18640410,0,9,49,9
3,27,18640317,0,9,49,12
4,22,18640417,0,9,49,9
4,16,18640430,0,9,49,4
1,27,18640122,0,9,49,12
2,19,18640215,0,9,49,6
9,16,18640930,0,9,49,4
11,19,18641130,0,9,49,6
11,27,18641104,0,9,49,12
11,19,18641118,0,9,49,6
4,19,18640405,0,9,49,6
11,19,18641119,0,9,49,6
11,27,18641102,0,9,49,12
3,21,18640320,0,9,49,8
8,19,18640811,0,9,49,6
11,19,18641121,0,9,49,6
1,19,18640128,0,9,49,6
11,19,18641113,0,9,49,6
3,24,18640302,0,9,49,10
10,16,18641012,0,9,49,4
2,19,18640201,0,9,49,6
1,19,18640126,0,9,49,6
11,5,18641115,0,9,49,2
3,19,18640305,0,9,49,6
3,19,18640316,0,9,49,6
11,26,18641102,0,9,49,12
4,16,18640416,0,9,49,4
1,19,18640101,0,9,49,6
4,16,18640418,0,9,49,4
2,19,18640210,0,9,49,6
12,19,18641214,0,9,49,6
12,19,18641210,0,9,49,6
2,19,18640207,0,9,49,6
1,19,18640123,0,9,49,6
11,19,18641122,0,9,49,6
4,16,18640424,0,9,49,4
11,26,18641129,0,9,49,12
11,27,18641129,0,9,49,12
3,19,18640331,0,9,49,6
12,26,18641213,0,9,49,12
3,19,18640311,0,9,49,6
7,25,18640726,0,9,49,11
1,27,18640119,0,9,49,12
2,19,18640204,0,9,49,6
1,19,18640124,0,9,49,6
4,20,18640422,0,9,49,7
3,21,18640324,0,9,49,8
4,16,18640428,0,9,49,4
3,19,18640328,0,9,49,6
11,23,18641129,0,9,49,10
4,20,18640430,0,10,49,7
3,5,18640324,0,10,49,2
3,21,18640331,0,10,49,8
1,0,18640105,0,10,49,0
3,5,18640321,0,10,49,2
4,20,18640414,0,10,49,7
10,20,18641007,0,10,49,7
4,5,18640414,0,10,49,2
5,20,18640502,0,10,49,7
10,22,18641007,0,10,49,9
10,6,18641004,0,10,49,3
3,20,18640304,0,10,49,7
4,5,18640412,0,10,49,2
4,20,18640417,0,10,49,7
4,27,18640415,0,10,49,12
1,26,18640121,0,10,49,12
3,6,18640315,0,10,49,3
11,24,18641122,0,10,49,10
11,26,18641130,0,10,49,12
4,21,18640414,0,10,49,8
6,25,18640626,0,10,49,11
12,26,18641206,0,10,49,12
1,26,18640129,0,10,49,12
5,22,18640508,0,10,49,9
3,23,18640318,0,10,49,10
1,26,18640130,0,10,49,12
1,5,18640128,0,10,49,2
4,23,18640422,0,10,49,10
12,24,18641219,0,10,49,10
1,27,18640131,0,10,49,12
2,6,18640227,0,10,49,3
4,6,18640409,0,10,49,3
3,26,18640330,0,10,49,12
4,6,18640402,0,10,49,3
10,26,18641019,0,10,49,12
12,27,18641206,0,10,49,12
10,26,18641020,0,10,49,12
3,26,18640331,0,10,49,12
10,26,18641031,0,10,49,12
3,26,18640319,0,10,50,12
8,25,18640830,0,10,50,11
3,27,18640331,0,10,50,12
4,24,18640408,0,10,50,10
11,5,18641117,0,10,50,2
5,25,18640508,0,10,50,11
3,23,18640317,0,10,50,10
3,6,18640323,0,10,50,3
4,5,18640404,0,10,50,2
5,5,18640505,0,10,50,2
3,20,18640311,0,10,50,7
3,22,18640314,0,10,50,9
10,5,18641006,0,10,50,2
3,21,18640311,0,10,50,8
10,21,18641007,0,10,50,8
1,6,18640123,0,10,50,3
12,26,18641202,0,10,50,12
10,21,18641006,0,10,50,8
2,6,18640213,0,10,50,3
11,27,18641112,0,10,50,12
4,21,18640404,0,10,50,8
10,22,18641029,0,10,50,9
3,20,18640322,0,10,50,7
11,20,18641117,0,10,50,7
4,21,18640417,0,10,50,8
3,27,18640302,0,10,50,12
3,27,18640306,0,10,50,12
6,25,18640621,0,10,50,11
10,27,18641029,0,10,50,12
4,21,18640416,0,10,50,8
5,20,18640524,0,10,50,7
11,26,18641101,0,10,50,12
10,21,18641009,0,10,50,8
10,26,18641023,0,10,50,12
10,27,18641030,0,10,50,12
9,25,18640908,0,10,50,11
3,27,18640310,0,10,50,12
5,21,18640503,0,10,50,8
3,27,18640329,0,10,50,12
3,19,18640307,0,10,50,6
7,3,18640703,0,10,50,1
4,16,18640408,0,10,50,4
2,0,18640206,0,10,50,0
5,5,18640509,0,10,50,2
11,19,18641102,0,10,50,6
10,22,18641009,0,10,50,9
4,16,18640420,0,10,50,4
1,19,18640131,0,10,50,6
12,19,18641209,0,10,50,6
10,16,18641030,0,10,50,4
4,19,18640402,0,10,50,6
3,19,18640312,0,10,50,6
3,21,18640310,0,10,50,8
10,19,18641023,0,10,50,6
11,19,18641116,0,10,50,6
3,26,18640329,0,10,50,12
3,19,18640330,0,10,50,6
2,19,18640214,0,10,50,6
11,19,18641104,0,10,50,6
6,4,18640625,0,10,50,1
5,22,18640528,0,10,50,9
10,16,18641027,0,10,50,4
3,20,18640325,0,10,50,7
3,19,18640325,0,10,50,6
1,19,18640129,0,10,50,6
11,19,18641112,0,10,50,6
3,19,18640309,0,10,50,6
11,19,18641110,0,10,50,6
11,19,18641101,0,10,50,6
12,19,18641202,0,10,50,6
1,5,18640124,0,10,50,2
4,19,18640403,0,10,50,6
11,24,18641110,0,10,50,10
12,19,18641213,0,10,50,6
2,19,18640212,0,10,50,6
2,19,18640216,0,10,50,6
10,16,18641021,0,10,50,4
4,24,18640417,0,10,50,10
10,26,18641025,0,10,50,12
4,16,18640417,0,10,50,4
4,22,18640412,0,10,50,9
2,0,18640220,0,10,50,0
11,6,18641113,0,10,50,3
3,19,18640314,0,10,50,6
11,19,18641129,0,10,50,6
10,16,18641026,0,10,50,4
3,27,18640304,0,10,50,12
10,19,18641026,0,10,50,6
12,16,18641203,0,10,50,4
3,26,18640315,0,10,50,12
4,16,18640415,0,10,50,4
3,16,18640304,0,10,50,4
12,19,18641211,0,10,50,6
11,19,18641115,0,10,50,6
10,16,18641029,0,10,50,4
2,19,18640205,0,10,50,6
10,22,18641012,0,10,50,9
3,19,18640302,0,10,50,6
3,19,18640301,0,10,50,6
10,16,18641020,0,10,50,4
4,21,18640410,0,10,50,8
7,25,18640711,0,10,50,11
4,23,18640417,0,10,50,10
5,21,18640501,0,10,50,8
12,27,18641210,0,10,50,12
11,23,18641113,0,10,50,10
3,6,18640331,0,10,50,3
7,3,18640718,0,10,50,1
7,3,18640702,0,10,50,1
11,26,18641114,0,10,50,12
10,22,18641014,0,10,50,9
12,26,18641207,0,10,50,12
11,24,18641116,0,10,50,10
5,21,18640526,0,10,50,8
3,21,18640327,0,10,50,8
4,22,18640421,0,10,50,9
10,6,18641003,0,10,50,3
5,25,18640518,0,10,50,11
8,25,18640810,0,10,50,11
11,26,18641118,0,10,50,12
2,26,18640214,0,10,50,12
1,26,18640122,0,10,50,12
11,24,18641128,0,10,50,10
3,26,18640325,0,10,50,12
11,26,18641103,0,10,50,12
11,24,18641118,0,10,50,10
2,26,18640212,0,10,50,12
3,24,18640328,0,10,50,10
3,6,18640313,0,10,50,3
6,3,18640625,0,10,50,1
2,26,18640215,0,10,51,12
1,6,18640122,0,10,51,3
1,26,18640126,0,10,51,12
4,22,18640401,0,10,51,9
4,22,18640430,0,10,51,9
4,22,18640418,0,10,51,9
3,23,18640319,0,10,51,10
3,6,18640302,0,10,51,3
2,21,18640216,0,10,51,8
3,27,18640323,0,10,51,12
10,21,18641014,0,10,51,8
11,23,18641105,0,10,51,10
11,6,18641114,0,10,51,3
3,26,18640318,0,10,51,12
11,23,18641128,0,10,51,10
12,27,18641202,0,10,51,12
4,20,18640421,0,10,51,7
4,5,18640421,0,10,51,2
10,20,18641009,0,10,51,7
4,21,18640415,0,10,51,8
11,27,18641113,0,10,51,12
11,27,18641121,0,10,51,12
2,5,18640214,0,10,51,2
2,27,18640213,0,10,51,12
5,5,18640501,0,10,51,2
1,26,18640127,0,10,51,12
3,6,18640318,0,10,51,3
4,21,18640401,0,10,51,8
3,24,18640324,0,10,51,10
2,27,18640201,0,10,51,12
5,25,18640507,0,10,51,11
7,25,18640702,0,10,51,11
10,20,18641014,0,10,51,7
3,20,18640314,0,10,51,7
3,22,18640326,0,10,51,9
7,3,18640717,0,10,51,1
4,20,18640401,0,10,51,7
1,27,18640120,0,10,51,12
12,27,18641205,0,10,51,12
3,6,18640301,0,10,51,3
4,5,18640413,0,10,51,2
2,0,18640202,0,10,51,0
1,27,18640126,0,10,51,12
11,24,18641115,0,10,51,10
4,6,18640404,0,10,51,3
3,5,18640311,0,10,51,2
3,24,18640318,0,10,51,10
8,3,18640809,0,10,51,1
3,24,18640317,0,10,51,10
2,5,18640222,0,11,51,2
2,19,18640218,0,11,51,6
2,19,18640213,0,11,51,6
8,25,18640818,0,11,51,11
3,22,18640327,0,11,51,9
4,21,18640422,0,11,51,8
10,16,18641025,0,11,51,4
12,19,18641203,0,11,51,6
5,6,18640503,0,11,51,3
11,19,18641120,0,11,51,6
3,21,18640314,0,11,51,8
4,21,18640418,0,11,51,8
3,19,18640313,0,11,51,6
10,19,18641022,0,11,51,6
4,21,18640430,0,11,51,8
4,16,18640423,0,11,51,4
4,16,18640425,0,11,51,4
3,19,18640310,0,11,51,6
10,19,18641024,0,11,51,6
3,22,18640307,0,11,51,9
11,26,18641104,0,11,51,12
5,22,18640526,0,11,51,9
3,19,18640303,0,11,51,6
12,19,18641207,0,11,51,6
12,19,18641212,0,11,51,6
3,19,18640329,0,11,51,6
11,16,18641128,0,11,51,4
3,21,18640330,0,11,51,8
1,19,18640130,0,11,51,6
11,19,18641123,0,11,51,6
11,23,18641103,0,11,51,10
11,19,18641117,0,11,51,6
2,6,18640228,0,11,51,3
4,26,18640402,0,11,51,12
4,16,18640429,0,11,51,4
4,19,18640404,0,11,51,6
10,16,18641019,0,11,51,4
11,26,18641121,0,11,51,12
3,24,18640319,0,11,51,10
11,24,18641102,0,11,51,10
8,3,18640818,0,11,51,1
10,20,18641011,0,11,51,7
1,26,18640131,0,11,51,12
11,24,18641120,0,11,51,10
10,20,18641010,0,11,51,7
4,27,18640427,0,11,51,12
3,20,18640330,0,11,51,7
10,20,18641008,0,11,51,7
6,25,18640612,0,11,51,11
12,26,18641211,0,11,51,12
3,20,18640305,0,11,51,7
5,21,18640502,0,11,51,8
10,5,18641007,0,11,51,2
3,27,18640312,0,11,51,12
2,26,18640201,0,11,51,12
4,21,18640421,0,11,51,8
10,22,18641011,0,11,51,9
3,23,18640306,0,11,51,10
4,21,18640412,0,11,51,8
3,24,18640301,0,11,51,10
10,26,18641022,0,11,51,12
5,27,18640530,0,11,51,12
10,5,18641002,0,11,51,2
3,23,18640327,0,11,51,10
10,6,18641029,0,11,51,3
8,25,18640821,0,11,51,11
9,22,18640930,0,11,51,9
4,6,18640401,0,11,51,3
11,24,18641113,0,11,51,10
4,5,18640401,0,11,51,2
4,6,18640428,0,11,51,3
7,25,18640709,0,11,51,11
3,24,18640330,0,11,51,10
5,21,18640528,0,11,52,8
3,6,18640314,0,11,52,3
5,5,18640506,0,11,52,2
8,25,18640831,0,11,52,11
6,25,18640606,0,11,52,11
4,27,18640406,0,11,52,12
11,23,18641122,0,11,52,10
4,22,18640429,0,11,52,9
6,1,18640621,0,11,52,1
7,25,18640713,0,11,52,11
4,27,18640401,0,11,52,12
3,23,18640301,0,11,52,10
10,5,18641029,0,11,52,2
4,6,18640403,0,11,52,3
10,21,18641011,0,11,52,8
10,21,18641012,0,11,52,8
4,23,18640410,0,11,52,10
7,25,18640710,0,11,52,11
2,0,18640201,0,11,52,0
3,23,18640321,0,11,52,10
11,23,18641117,0,11,52,10
5,21,18640506,0,11,52,8
10,21,18641029,0,11,52,8
5,20,18640526,0,11,52,7
10,6,18641015,0,11,52,3
3,24,18640329,0,11,52,10
3,5,18640320,0,11,52,2
7,25,18640703,0,11,52,11
11,24,18641106,0,11,52,10
2,0,18640208,0,11,52,0
10,22,18641010,0,11,52,9
7,25,18640715,0,11,52,11
3,27,18640305,0,11,52,12
3,21,18640305,0,11,52,8
10,21,18641008,0,11,52,8
3,20,18640310,0,11,52,7
10,19,18641031,0,11,52,6
3,19,18640323,0,11,52,6
11,19,18641111,0,11,52,6
12,19,18641205,0,11,52,6
10,19,18641027,0,11,52,6
10,22,18641001,0,11,52,9
7,25,18640718,0,11,52,11
10,16,18641001,0,11,52,4
5,21,18640525,0,11,52,8
7,3,18640730,0,11,52,1
2,19,18640217,0,11,52,6
10,16,18641014,0,11,52,4
11,27,18641117,0,11,52,12
7,3,18640704,0,11,52,1
10,19,18641025,0,11,52,6
10,22,18641013,0,11,52,9
11,19,18641107,0,11,52,6
3,19,18640304,0,11,52,6
10,19,18641021,0,11,52,6
3,19,18640315,0,11,52,6
10,21,18641026,0,11,52,8
10,16,18641028,0,11,52,4
3,22,18640315,0,11,52,9
6,3,18640610,0,11,52,1
11,27,18641120,0,11,52,12
10,16,18641011,0,11,52,4
3,6,18640322,0,11,52,3
3,6,18640308,0,11,52,3
9,25,18640901,0,11,52,11
3,20,18640306,0,11,52,7
11,26,18641127,0,11,52,12
10,6,18641002,0,11,52,3
10,27,18641003,0,11,52,12
7,3,18640712,0,11,52,1
11,26,18641128,0,11,52,12
5,20,18640527,0,11,52,7
11,23,18641126,0,11,52,10
11,23,18641118,0,11,52,10
11,26,18641120,0,11,52,12
2,26,18640213,0,11,52,12
11,26,18641113,0,11,52,12
3,6,18640303,0,11,52,3
3,27,18640330,0,11,52,12
3,23,18640329,0,11,52,10
12,27,18641203,0,11,52,12
10,5,18641014,0,11,52,2
8,3,18640822,0,11,52,1
5,25,18640517,0,11,52,11
3,23,18640303,0,11,52,10
3,21,18640304,0,11,52,8
4,22,18640419,0,11,52,9
10,26,18641011,0,11,52,12
10,20,18641012,0,11,52,7
3,26,18640320,0,11,52,12
3,6,18640324,0,11,52,3
4,20,18640418,0,11,52,7
10,26,18641028,0,11,52,12
3,24,18640308,0,11,53,10
4,26,18640405,0,11,53,12
3,6,18640309,0,11,53,3
3,26,18640313,0,11,53,12
8,25,18640822,0,11,53,11
4,26,18640406,0,11,53,12
11,24,18641117,0,11,53,10
11,23,18641102,0,11,53,10
1,0,18640106,0,12,53,0
7,3,18640716,0,12,53,1
2,0,18640203,0,12,53,0
11,23,18641119,0,12,53,10
10,6,18641005,0,12,53,3
3,5,18640313,0,12,53,2
8,25,18640817,0,12,53,11
2,0,18640204,0,12,53,0
1,0,18640125,0,12,53,0
6,3,18640611,0,12,53,1
11,6,18641117,0,12,53,3
11,27,18641118,0,12,53,12
8,25,18640816,0,12,53,11
10,20,18641017,0,12,53,7
11,27,18641119,0,12,53,12
4,6,18640430,0,12,53,3
11,26,18641105,0,12,53,12
12,27,18641204,0,12,53,12
6,3,18640624,0,12,53,1
3,27,18640314,0,12,53,12
3,26,18640324,0,12,53,12
5,26,18640509,0,12,53,12
3,22,18640308,0,12,53,9
9,20,18640930,0,12,53,7
5,20,18640530,0,12,53,7
10,21,18641001,0,12,53,8
3,5,18640322,0,12,53,2
12,19,18641208,0,12,53,6
8,3,18640807,0,12,53,1
11,6,18641118,0,12,53,3
4,6,18640429,0,12,53,3
12,19,18641204,0,12,53,6
10,20,18641001,0,12,53,7
6,3,18640620,0,12,53,1
7,3,18640715,0,12,53,1
11,19,18641105,0,12,53,6
3,19,18640324,0,12,53,6
12,19,18641206,0,12,53,6
2,27,18640211,0,12,53,12
6,1,18640610,0,12,53,1
8,4,18640818,0,12,53,1
10,26,18641030,0,12,53,12
10,19,18641028,0,12,53,6
3,0,18640301,0,12,53,0
10,16,18641023,0,12,53,4
5,20,18640510,0,12,53,7
5,16,18640510,0,12,53,4
11,16,18641130,0,12,53,4
3,24,18640320,0,12,53,10
11,19,18641108,0,12,53,6
3,19,18640317,0,12,53,6
5,16,18640502,0,12,53,4
10,26,18641018,0,12,53,12
10,3,18641005,0,12,53,1
11,19,18641109,0,12,53,6
11,23,18641120,0,12,53,10
7,25,18640730,0,12,53,11
2,5,18640224,0,12,53,2
11,24,18641103,0,12,53,10
4,6,18640413,0,12,53,3
5,22,18640510,0,12,53,9
4,20,18640429,0,12,53,7
10,5,18641010,0,12,53,2
10,24,18641024,0,12,53,10
10,21,18641013,0,12,53,8
10,21,18641017,0,12,53,8
5,22,18640527,0,12,53,9
5,22,18640530,0,12,53,9
5,21,18640530,0,12,53,8
10,23,18641007,0,12,53,10
10,27,18641002,0,12,53,12
5,20,18640528,0,12,53,7
3,5,18640325,0,12,53,2
10,26,18641012,0,12,53,12
3,6,18640326,0,12,54,3
4,26,18640415,0,12,54,12
10,5,18641009,0,12,54,2
10,22,18641017,0,12,54,9
3,26,18640317,0,12,54,12
3,26,18640314,0,12,54,12
3,5,18640305,0,12,54,2
12,0,18641206,0,12,54,0
2,0,18640209,0,12,54,0
2,0,18640218,0,12,54,0
10,5,18641012,0,12,54,2
10,21,18641010,0,12,54,8
12,0,18641230,0,12,54,0
11,24,18641127,0,12,54,10
1,0,18640119,0,12,54,0
10,27,18641009,0,12,54,12
3,23,18640315,0,12,54,10
1,27,18640121,0,12,54,12
9,1,18640901,0,12,54,1
6,3,18640606,0,12,54,1
7,3,18640719,0,12,54,1
10,5,18641008,0,12,54,2
8,25,18640803,0,12,54,11
4,22,18640427,0,12,54,9
4,20,18640419,0,12,54,7
3,21,18640306,0,12,54,8
3,24,18640327,0,12,54,10
11,26,18641117,0,12,54,12
5,16,18640501,0,12,54,4
12,26,18641203,0,12,54,12
11,19,18641106,0,12,54,6
10,16,18641015,0,12,54,4
11,16,18641107,0,12,54,4
10,19,18641014,0,12,54,6
7,4,18640731,0,12,54,1
11,27,18641126,0,12,54,12
10,16,18641022,0,12,54,4
11,27,18641116,0,12,54,12
8,3,18640831,0,12,54,1
7,4,18640704,0,12,54,1
12,26,18641205,0,12,54,12
7,4,18640718,0,12,54,1
10,27,18641028,0,12,54,12
2,0,18640222,0,12,54,0
10,19,18641030,0,12,54,6
6,16,18640610,0,12,54,4
10,19,18641029,0,12,54,6
4,19,18640407,0,12,54,6
10,6,18641013,0,12,54,3
3,19,18640322,0,12,54,6
4,20,18640411,0,12,54,7
10,6,18641008,0,12,54,3
5,6,18640504,0,12,54,3
10,23,18641005,0,12,54,10
5,21,18640524,0,12,54,8
7,3,18640726,0,12,54,1
3,5,18640323,0,12,54,2
10,20,18641013,0,12,54,7
10,26,18641027,0,12,54,12
10,26,18641010,0,12,54,12
5,22,18640507,0,12,54,9
5,21,18640510,0,12,54,8
7,25,18640721,0,12,54,11
4,5,18640417,0,12,54,2
10,27,18641008,0,12,54,12
10,6,18641007,0,12,54,3
10,6,18641009,0,12,54,3
11,24,18641105,0,12,54,10
4,26,18640417,0,12,54,12
4,21,18640429,0,12,54,8
5,21,18640527,0,12,54,8
10,26,18641026,0,12,54,12
6,25,18640623,0,12,54,11
4,20,18640420,0,12,54,7
4,6,18640410,0,12,54,3
3,27,18640313,0,12,54,12
4,26,18640411,0,12,54,12
11,24,18641119,0,12,54,10
10,6,18641014,0,12,54,3
5,22,18640523,0,12,54,9
1,0,18640107,0,12,54,0
3,6,18640321,0,12,54,3
9,20,18640913,0,12,54,7
1,0,18640122,0,12,54,0
10,5,18641011,0,12,54,2
2,0,18640205,0,12,54,0
10,23,18641006,0,12,54,10
10,24,18641020,0,12,54,10
8,3,18640819,0,12,54,1
1,0,18640121,0,12,54,0
8,22,18640825,0,12,54,9
2,5,18640216,0,12,54,2
11,23,18641125,0,12,54,10
12,0,18641228,0,12,54,0
9,3,18640902,0,12,54,1
7,25,18640727,0,12,54,11
7,1,18640715,0,12,54,1
1,0,18640126,0,12,54,0
1,0,18640130,0,12,54,0
1,0,18640120,0,12,54,0
12,0,18641229,0,12,54,0
3,23,18640320,0,13,55,10
2,27,18640214,0,13,55,12
10,5,18641028,0,13,55,2
7,3,18640701,0,13,55,1
4,26,18640412,0,13,55,12
10,27,18641014,0,13,55,12
7,1,18640702,0,13,55,1
4,27,18640407,0,13,55,12
10,27,18641012,0,13,55,12
3,24,18640326,0,13,55,10
7,3,18640727,0,13,55,1
12,0,18641220,0,13,55,0
10,6,18641006,0,13,55,3
3,24,18640322,0,13,55,10
11,27,18641127,0,13,55,12
3,6,18640306,0,13,55,3
5,26,18640529,0,13,55,12
10,27,18641010,0,13,55,12
8,1,18640818,0,13,55,1
10,27,18641019,0,13,55,12
3,6,18640305,0,13,55,3
3,6,18640307,0,13,55,3
3,27,18640324,0,13,55,12
3,6,18640325,0,13,55,3
5,16,18640513,0,13,55,4
10,20,18641024,0,13,55,7
5,16,18640512,0,13,55,4
9,3,18640901,0,13,55,1
4,5,18640418,0,13,55,2
8,4,18640822,0,13,55,1
3,5,18640312,0,13,55,2
6,4,18640607,0,13,55,1
9,25,18640909,0,13,55,11
7,25,18640729,0,13,55,11
10,5,18641017,0,13,55,2
9,16,18640925,0,13,55,4
5,6,18640501,0,13,55,3
3,21,18640325,0,13,55,8
10,26,18641013,0,13,55,12
8,4,18640804,0,13,55,1
10,19,18641018,0,13,55,6
11,23,18641104,0,13,55,10
10,19,18641013,0,13,55,6
10,19,18641020,0,13,55,6
3,6,18640319,0,13,55,3
4,4,18640428,0,13,55,1
3,19,18640318,0,13,55,6
4,16,18640422,0,13,55,4
4,23,18640409,0,13,55,10
11,16,18641108,0,13,55,4
12,26,18641204,0,13,55,12
6,4,18640627,0,13,55,1
6,4,18640612,0,13,55,1
7,3,18640729,0,13,55,1
10,26,18641015,0,13,55,12
10,20,18641028,0,13,55,7
8,25,18640807,0,13,55,11
8,3,18640824,0,13,55,1
5,21,18640508,0,13,55,8
10,26,18641003,0,13,55,12
8,3,18640820,0,13,55,1
8,3,18640801,0,13,55,1
10,3,18641006,0,13,55,1
8,5,18640814,0,13,55,2
10,26,18641029,0,13,55,12
10,26,18641002,0,13,55,12
10,26,18641007,0,13,55,12
4,26,18640426,0,13,55,12
12,0,18641222,0,13,55,0
1,0,18640115,0,13,55,0
10,23,18641004,0,13,55,10
12,0,18641215,0,13,55,0
12,0,18641227,0,13,55,0
1,0,18640123,0,13,55,0
5,27,18640507,0,13,55,12
12,0,18641205,0,13,55,0
3,24,18640309,0,13,55,10
10,26,18641009,0,13,55,12
3,21,18640307,0,13,55,8
4,6,18640417,0,13,55,3
1,0,18640118,0,13,55,0
10,26,18641005,0,13,55,12
3,6,18640304,0,13,55,3
12,0,18641207,0,13,55,0
3,23,18640325,0,13,55,10
5,27,18640508,0,13,55,12
3,5,18640326,0,13,55,2
12,0,18641223,0,13,55,0
12,0,18641203,0,13,55,0
6,3,18640626,0,13,56,1
6,1,18640624,0,13,56,1
7,1,18640712,0,13,56,1
7,1,18640701,0,13,56,1
5,20,18640508,0,13,56,7
4,26,18640416,0,13,56,12
10,5,18641013,0,13,56,2
3,5,18640306,0,13,56,2
8,25,18640808,0,13,56,11
10,6,18641010,0,13,56,3
10,20,18641021,0,13,56,7
5,6,18640526,0,13,56,3
10,22,18641021,0,13,56,9
5,27,18640525,0,13,56,12
4,27,18640425,0,13,56,12
9,5,18640913,0,13,56,2
10,3,18641028,0,13,56,1
5,6,18640502,0,13,56,3
3,23,18640313,0,13,56,10
3,23,18640314,0,13,56,10
9,22,18640929,0,13,56,9
9,5,18640928,0,13,56,2
3,24,18640315,0,13,56,10
4,27,18640426,0,13,56,12
7,25,18640717,0,13,56,11
10,27,18641023,0,13,56,12
3,24,18640321,0,13,56,10
10,3,18641027,0,13,56,1
6,1,18640630,0,13,56,1
10,27,18641024,0,13,56,12
4,27,18640411,0,13,56,12
4,3,18640424,0,13,56,1
10,6,18641011,0,13,56,3
10,4,18641012,0,13,56,1
5,6,18640523,0,13,56,3
7,4,18640719,0,13,56,1
10,19,18641012,0,13,56,6
10,24,18641029,0,13,56,10
8,4,18640831,0,13,56,1
10,4,18641006,0,13,56,1
10,27,18641022,0,13,56,12
4,21,18640427,0,13,56,8
9,4,18640929,0,13,56,1
9,4,18640930,0,13,56,1
9,4,18640915,0,13,56,1
10,4,18641027,0,13,56,1
5,5,18640510,0,13,56,2
10,16,18641002,0,13,56,4
9,4,18640902,0,13,56,1
7,4,18640717,0,13,56,1
10,4,18641005,0,13,56,1
4,16,18640421,0,13,56,4
8,4,18640829,0,13,56,1
7,1,18640703,0,13,56,1
8,4,18640826,0,13,56,1
4,5,18640420,0,13,56,2
7,3,18640720,0,13,56,1
9,16,18640926,0,13,56,4
10,4,18641020,0,13,56,1
7,4,18640730,0,13,56,1
6,3,18640612,0,13,56,1
10,19,18641015,0,13,56,6
7,4,18640728,0,13,56,1
5,27,18640528,0,13,56,12
6,4,18640608,0,13,56,1
6,4,18640626,0,13,56,1
7,3,18640708,0,13,56,1
10,19,18641017,0,13,56,6
5,4,18640525,0,13,56,1
3,19,18640319,0,13,56,6
10,19,18641019,0,13,56,6
6,4,18640609,0,13,56,1
7,4,18640720,0,13,56,1
8,4,18640811,0,13,56,1
6,4,18640628,0,13,56,1
3,5,18640316,0,13,56,2
3,21,18640326,0,13,56,8
10,26,18641016,0,13,56,12
10,21,18641021,0,13,56,8
10,24,18641019,0,13,56,10
3,24,18640316,0,13,56,10
11,23,18641115,0,13,56,10
3,22,18640309,0,13,56,9
2,27,18640212,0,13,56,12
9,20,18640928,0,13,56,7
7,1,18640719,0,13,56,1
4,6,18640412,0,13,56,3
9,20,18640926,0,13,56,7
3,0,18640314,0,14,56,0
4,26,18640427,0,14,56,12
1,0,18640111,0,14,56,0
3,21,18640315,0,14,56,8
3,23,18640316,0,14,56,10
7,22,18640707,0,14,56,9
11,0,18641107,0,14,56,0
1,0,18640113,0,14,56,0
9,21,18640930,0,14,56,8
6,1,18640629,0,14,56,1
5,20,18640507,0,14,56,7
12,0,18641202,0,14,56,0
10,20,18641026,0,14,56,7
2,0,18640210,0,14,56,0
10,6,18641016,0,14,56,3
1,0,18640127,0,14,56,0
12,0,18641224,0,14,56,0
10,26,18641017,0,14,56,12
4,5,18640419,0,14,56,2
12,0,18641208,0,14,56,0
1,0,18640128,0,14,56,0
1,0,18640116,0,14,56,0
1,0,18640129,0,14,56,0
8,6,18640823,0,14,56,3
10,24,18641006,0,14,56,10
12,0,18641221,0,14,56,0
5,21,18640523,0,14,56,8
5,5,18640524,0,14,56,2
10,6,18641012,0,14,56,3
10,24,18641028,0,14,56,10
10,26,18641006,0,14,56,12
4,26,18640404,0,14,56,12
9,22,18640928,0,14,56,9
10,27,18641020,0,14,56,12
4,27,18640412,0,14,56,12
5,27,18640503,0,14,56,12
4,6,18640426,0,14,56,3
10,6,18641027,0,14,56,3
4,27,18640408,0,14,57,12
10,27,18641015,0,14,57,12
6,3,18640623,0,14,57,1
6,3,18640629,0,14,57,1
10,26,18641008,0,14,57,12
4,3,18640425,0,14,57,1
10,6,18641017,0,14,57,3
4,27,18640423,0,14,57,12
6,3,18640621,0,14,57,1
6,3,18640627,0,14,57,1
6,3,18640622,0,14,57,1
6,3,18640628,0,14,57,1
8,3,18640806,0,14,57,1
6,3,18640617,0,14,57,1
5,3,18640520,0,14,57,1
7,3,18640725,0,14,57,1
8,25,18640802,0,14,57,11
3,27,18640303,0,14,57,12
5,3,18640528,0,14,57,1
8,3,18640823,0,14,57,1
9,1,18640902,0,14,57,1
8,3,18640814,0,14,57,1
5,26,18640530,0,14,57,12
5,26,18640531,0,14,57,12
10,27,18641027,0,14,57,12
8,1,18640819,0,14,57,1
4,23,18640416,0,14,57,10
11,24,18641104,0,14,57,10
3,23,18640322,0,14,57,10
9,22,18640902,0,14,57,9
8,22,18640812,0,14,57,9
6,1,18640627,0,14,57,1
3,20,18640315,0,14,57,7
6,3,18640619,0,14,57,1
5,16,18640508,0,14,57,4
7,4,18640722,0,14,57,1
9,16,18640922,0,14,57,4
8,4,18640806,0,14,57,1
10,19,18641016,0,14,57,6
8,4,18640807,0,14,57,1
6,3,18640630,0,14,57,1
8,4,18640819,0,14,57,1
7,4,18640725,0,14,57,1
3,24,18640313,0,14,57,10
6,1,18640623,0,14,57,1
4,4,18640427,0,14,57,1
4,24,18640403,0,14,57,10
10,19,18641009,0,14,57,6
8,4,18640808,0,14,57,1
5,20,18640525,0,14,57,7
10,16,18641010,0,14,57,4
8,3,18640810,0,14,57,1
8,4,18640815,0,14,57,1
4,26,18640407,0,14,57,12
6,4,18640630,0,14,57,1
7,4,18640715,0,14,57,1
6,4,18640605,0,14,57,1
8,1,18640825,0,14,57,1
10,20,18641025,0,14,57,7
10,4,18641001,0,14,57,1
10,5,18641001,0,14,57,2
5,6,18640509,0,14,57,3
4,4,18640424,0,14,57,1
7,4,18640723,0,14,57,1
6,3,18640608,0,14,57,1
6,4,18640602,0,14,57,1
9,4,18640901,0,14,57,1
7,4,18640707,0,14,57,1
7,4,18640713,0,14,57,1
10,19,18641011,0,14,57,6
3,19,18640320,0,14,57,6
8,3,18640804,0,14,57,1
8,3,18640805,0,14,57,1
9,26,18640920,0,14,57,12
8,4,18640830,0,14,57,1
10,4,18641022,0,14,57,1
8,4,18640803,0,14,57,1
1,0,18640102,0,14,57,0
1,0,18640114,0,14,57,0
7,25,18640731,0,14,57,11
10,26,18641014,0,14,57,12
3,20,18640327,0,14,57,7
3,24,18640312,0,14,57,10
8,25,18640805,0,14,57,11
3,23,18640326,0,14,57,10
9,20,18640927,0,14,57,7
4,27,18640416,0,14,57,12
5,23,18640505,0,14,57,10
10,24,18641004,0,14,57,10
4,26,18640418,0,14,57,12
4,22,18640420,0,14,57,9
11,0,18641108,0,14,57,0
12,0,18641219,0,14,57,0
4,26,18640414,0,14,57,12
10,24,18641005,0,14,57,10
10,24,18641003,0,14,57,10
4,26,18640413,0,14,57,12
10,20,18641023,0,14,57,7
6,1,18640622,0,14,57,1
5,22,18640529,0,14,57,9
6,3,18640602,0,14,57,1
4,26,18640419,0,14,57,12
10,27,18641011,0,14,57,12
7,3,18640728,0,14,57,1
10,26,18641004,0,14,57,12
10,22,18641026,0,14,57,9
5,26,18640501,0,14,57,12
3,21,18640308,0,14,57,8
9,22,18640926,0,14,57,9
9,21,18640929,0,14,57,8
10,27,18641013,0,14,57,12
4,24,18640422,0,14,57,10
4,26,18640430,0,14,57,12
3,6,18640320,0,14,57,3
7,25,18640725,0,14,57,11
6,26,18640601,0,14,58,12
10,27,18641004,0,14,58,12
10,27,18641016,0,14,58,12
6,4,18640606,0,14,58,1
4,27,18640402,0,14,58,12
4,27,18640429,0,14,58,12
4,26,18640429,0,14,58,12
3,24,18640311,0,14,58,10
10,24,18641021,0,14,58,10
10,27,18641026,0,14,58,12
5,3,18640507,0,14,58,1
4,5,18640430,0,14,58,2
10,22,18641022,0,14,58,9
7,3,18640731,0,14,58,1
8,21,18640812,0,14,58,8
10,27,18641025,0,14,58,12
3,23,18640307,0,14,58,10
5,26,18640511,0,14,58,12
8,3,18640830,0,14,58,1
5,26,18640523,0,14,58,12
10,21,18641028,0,14,58,8
10,6,18641023,0,14,58,3
8,1,18640820,0,14,58,1
5,6,18640524,0,14,58,3
3,23,18640331,0,14,58,10
7,25,18640716,0,14,58,11
5,24,18640527,0,14,58,10
11,23,18641114,0,14,58,10
4,23,18640406,0,14,58,10
8,20,18640814,0,14,58,7
8,3,18640811,0,14,58,1
7,3,18640705,0,14,58,1
10,3,18641029,0,14,58,1
7,4,18640705,0,14,58,1
11,4,18641103,0,14,58,1
6,4,18640629,0,14,58,1
11,4,18641126,0,14,58,1
7,4,18640709,0,14,58,1
8,4,18640824,0,14,58,1
5,3,18640515,0,14,58,1
8,4,18640823,0,14,58,1
8,1,18640823,0,14,58,1
8,4,18640821,0,14,58,1
8,3,18640821,0,14,58,1
5,4,18640518,0,14,58,1
8,4,18640814,0,14,58,1
8,4,18640812,0,14,58,1
6,4,18640614,0,14,58,1
5,26,18640525,0,14,58,12
5,4,18640526,0,14,58,1
8,4,18640809,0,14,58,1
6,4,18640613,0,14,58,1
8,4,18640805,0,14,58,1
7,4,18640729,0,14,58,1
7,4,18640726,0,14,58,1
6,4,18640611,0,14,58,1
11,3,18641126,0,14,58,1
8,4,18640825,0,14,58,1
10,27,18641021,0,14,58,12
8,21,18640825,0,14,58,8
5,19,18640509,0,14,58,6
3,24,18640331,0,14,58,10
6,4,18640624,0,14,58,1
10,19,18641010,0,14,58,6
4,19,18640415,0,14,58,6
10,19,18641008,0,14,58,6
10,19,18641007,0,14,58,6
10,4,18641007,0,14,58,1
4,5,18640422,0,14,58,2
8,4,18640827,0,14,58,1
10,23,18641003,0,14,58,10
6,4,18640621,0,14,58,1
6,4,18640610,0,14,58,1
4,26,18640425,0,14,58,12
7,4,18640714,0,14,58,1
4,4,18640429,0,14,58,1
9,26,18640918,0,14,58,12
9,4,18640912,0,14,58,1
9,4,18640911,0,14,58,1
10,16,18641003,0,14,58,4
4,26,18640403,0,14,58,12
7,21,18640701,0,14,58,8
12,0,18641201,0,14,58,0
6,3,18640605,0,14,58,1
6,3,18640613,0,14,58,1
3,0,18640315,0,14,58,0
12,0,18641216,0,14,58,0
3,5,18640327,0,14,58,2
4,24,18640410,0,14,58,10
12,0,18641214,0,14,58,0
2,0,18640216,0,14,58,0
2,0,18640215,0,14,58,0
2,0,18640211,0,14,58,0
4,22,18640423,0,14,58,9
3,5,18640314,0,14,58,2
1,0,18640109,0,14,58,0
12,0,18641231,0,14,58,0
1,0,18640112,0,14,58,0
7,1,18640728,0,15,58,1
10,22,18641028,0,15,58,9
6,26,18640602,0,15,58,12
6,26,18640614,0,15,58,12
8,1,18640824,0,15,58,1
9,1,18640930,0,15,58,1
9,21,18640902,0,15,58,8
6,1,18640609,0,15,58,1
9,20,18640920,0,15,58,7
3,20,18640307,0,15,58,7
10,23,18641012,0,15,58,10
6,1,18640628,0,15,58,1
11,23,18641101,0,15,58,10
5,5,18640503,0,15,58,2
4,26,18640420,0,15,58,12
10,6,18641028,0,15,58,3
10,24,18641007,0,15,58,10
5,27,18640504,0,15,58,12
6,26,18640615,0,15,58,12
10,24,18641025,0,15,58,10
10,1,18641001,0,15,58,1
9,26,18640930,0,15,58,12
6,3,18640614,0,15,58,1
10,24,18641023,0,15,58,10
9,27,18640929,0,15,58,12
9,3,18640916,0,15,58,1
5,6,18640508,0,15,58,3
8,1,18640831,0,15,59,1
9,26,18640923,0,15,59,12
6,22,18640602,0,15,59,9
5,26,18640526,0,15,59,12
5,26,18640503,0,15,59,12
6,1,18640620,0,15,59,1
10,23,18641011,0,15,59,10
6,26,18640603,0,15,59,12
5,26,18640502,0,15,59,12
5,26,18640510,0,15,59,12
6,22,18640603,0,15,59,9
4,23,18640403,0,15,59,10
10,6,18641001,0,15,59,3
5,26,18640527,0,15,59,12
10,5,18641018,0,15,59,2
10,24,18641017,0,15,59,10
9,3,18640915,0,15,59,1
10,6,18641021,0,15,59,3
8,22,18640826,0,15,59,9
9,25,18640910,0,15,59,11
8,21,18640826,0,15,59,8
4,27,18640424,0,15,59,12
4,21,18640419,0,15,59,8
8,25,18640809,0,15,59,11
10,3,18641016,0,15,59,1
5,3,18640529,0,15,59,1
3,20,18640326,0,15,59,7
3,21,18640309,0,15,59,8
6,3,18640615,0,15,59,1
7,21,18640707,0,15,59,8
8,3,18640825,0,15,59,1
7,1,18640711,0,15,59,1
3,27,18640319,0,15,59,12
6,3,18640601,0,15,59,1
7,1,18640720,0,15,59,1
7,6,18640708,0,15,59,3
8,22,18640827,0,15,59,9
10,24,18641022,0,15,59,10
9,26,18640919,0,15,59,12
4,6,18640427,0,15,59,3
5,3,18640531,0,15,59,1
4,6,18640411,0,15,59,3
8,3,18640829,0,15,59,1
10,27,18641007,0,15,59,12
8,20,18640828,0,15,59,7
4,6,18640414,0,15,59,3
10,27,18641001,0,15,59,12
3,24,18640314,0,15,59,10
5,26,18640505,0,15,59,12
10,6,18641026,0,15,59,3
7,3,18640721,0,15,59,1
9,5,18640924,0,15,59,2
4,4,18640423,0,15,59,1
10,4,18641021,0,15,59,1
7,4,18640710,0,15,59,1
4,16,18640426,0,15,59,4
9,4,18640916,0,15,59,1
6,3,18640609,0,15,59,1
5,16,18640528,0,15,59,4
9,1,18640903,0,15,59,1
9,3,18640903,0,15,59,1
4,4,18640425,0,15,59,1
7,1,18640716,0,15,59,1
11,4,18641127,0,15,59,1
9,21,18640926,0,15,59,8
7,4,18640716,0,15,59,1
4,19,18640419,0,15,59,6
10,3,18641007,0,15,59,1
4,23,18640401,0,15,59,10
9,4,18640927,0,15,59,1
9,16,18640919,0,15,59,4
7,25,18640724,0,15,59,11
10,3,18641017,0,15,59,1
10,23,18641008,0,15,59,10
10,4,18641013,0,15,59,1
12,0,18641217,0,15,59,0
9,22,18640927,0,15,59,9
8,4,18640813,0,15,59,1
7,4,18640724,0,15,59,1
7,4,18640727,0,15,59,1
10,22,18641018,0,15,59,9
6,16,18640611,0,15,59,4
4,19,18640406,0,15,59,6
3,23,18640323,0,15,59,10
10,23,18641010,0,15,59,10
5,19,18640508,0,15,59,6
10,21,18641018,0,15,59,8
10,4,18641026,0,15,59,1
7,22,18640706,0,15,59,9
8,4,18640802,0,15,59,1
3,0,18640302,0,15,59,0
10,22,18641027,0,15,59,9
9,4,18640914,0,15,59,1
10,1,18641028,0,15,59,1
7,1,18640704,0,15,59,1
5,16,18640529,0,15,59,4
5,1,18640529,0,15,59,1
10,4,18641031,0,15,59,1
5,4,18640530,0,15,59,1
8,4,18640817,0,15,59,1
7,4,18640706,0,15,59,1
9,4,18640906,0,15,59,1
8,4,18640816,0,15,59,1
1,0,18640108,0,15,59,0
3,0,18640312,0,15,59,0
7,3,18640709,0,15,59,1
9,21,18640912,0,15,59,8
6,27,18640602,0,15,59,12
7,1,18640727,0,15,59,1
4,27,18640409,0,15,59,12
4,21,18640420,0,15,59,8
4,3,18640417,0,15,59,1
5,22,18640522,0,15,59,9
6,3,18640603,0,15,59,1
7,1,18640717,0,15,59,1
4,23,18640418,0,15,59,10
8,25,18640806,0,15,59,11
8,25,18640804,0,15,59,11
10,21,18641025,0,15,59,8
4,26,18640424,0,15,59,12
9,21,18640927,0,15,59,8
5,3,18640508,0,15,59,1
10,3,18641030,0,15,59,1
10,21,18641023,0,15,59,8
6,26,18640626,0,15,59,12
5,20,18640522,0,15,59,7
7,1,18640710,0,15,59,1
5,27,18640509,0,15,59,12
8,1,18640801,0,15,59,1
4,24,18640401,0,15,59,10
7,1,18640731,0,15,59,1
10,6,18641020,0,15,60,3
9,26,18640904,0,15,60,12
7,1,18640721,0,15,60,1
6,22,18640617,0,15,60,9
10,6,18641022,0,15,60,3
4,27,18640413,0,15,60,12
5,6,18640527,0,15,60,3
10,24,18641011,0,15,60,10
7,1,18640709,0,15,60,1
4,24,18640409,0,15,60,10
8,3,18640827,0,15,60,1
6,26,18640623,0,15,60,12
6,6,18640627,0,15,60,3
9,26,18640910,0,15,60,12
8,5,18640815,0,15,60,2
9,6,18640930,0,15,60,3
9,5,18640930,0,15,60,2
9,27,18640910,0,15,60,12
8,26,18640823,0,15,60,12
3,24,18640325,0,15,60,10
9,20,18640925,0,15,60,7
8,20,18640812,0,15,60,7
9,5,18640927,0,15,60,2
8,26,18640820,0,15,60,12
5,26,18640506,0,15,60,12
10,6,18641025,0,15,60,3
6,5,18640630,0,15,60,2
10,1,18641002,0,15,60,1
6,22,18640630,0,15,60,9
5,26,18640512,0,15,60,12
9,27,18640930,0,15,60,12
5,26,18640508,0,15,60,12
9,22,18640925,0,15,60,9
9,21,18640925,0,15,60,8
4,6,18640424,0,15,60,3
10,27,18641005,0,15,60,12
3,23,18640312,0,15,60,10
5,6,18640505,0,15,60,3
9,21,18640913,0,15,60,8
7,1,18640730,0,15,60,1
10,27,18641017,0,15,60,12
5,5,18640502,0,15,60,2
5,6,18640510,0,15,60,3
5,5,18640527,0,15,60,2
8,6,18640824,0,15,60,3
10,20,18641022,0,15,60,7
9,26,18640917,0,15,60,12
7,21,18640706,0,15,60,8
12,0,18641213,0,16,60,0
11,0,18641109,0,16,60,0
6,1,18640601,0,16,60,1
8,3,18640812,0,16,60,1
10,24,18641016,0,16,60,10
3,0,18640311,0,16,60,0
9,3,18640908,0,16,60,1
8,22,18640828,0,16,60,9
5,21,18640507,0,16,60,8
5,3,18640509,0,16,60,1
5,5,18640513,0,16,60,2
9,5,18640926,0,16,60,2
4,26,18640428,0,16,60,12
10,22,18641023,0,16,60,9
2,0,18640212,0,16,60,0
2,0,18640213,0,16,60,0
12,0,18641209,0,16,60,0
11,0,18641129,0,16,60,0
11,0,18641130,0,16,60,0
5,26,18640504,0,16,60,12
3,24,18640323,0,16,60,10
10,23,18641016,0,16,60,10
2,0,18640227,0,16,60,0
4,23,18640404,0,16,60,10
7,20,18640708,0,16,60,7
7,20,18640706,0,16,60,7
5,26,18640528,0,16,60,12
11,0,18641123,0,16,60,0
11,0,18641125,0,16,60,0
5,3,18640516,0,16,60,1
5,3,18640517,0,16,60,1
2,0,18640229,0,16,60,0
10,21,18641022,0,16,60,8
5,27,18640522,0,16,60,12
10,4,18641030,0,16,60,1
7,27,18640702,0,16,60,12
10,4,18641002,0,16,60,1
9,16,18640928,0,16,60,4
5,4,18640516,0,16,60,1
10,26,18641001,0,16,60,12
10,16,18641005,0,16,60,4
11,4,18641104,0,16,60,1
9,4,18640903,0,16,60,1
9,16,18640929,0,16,60,4
11,4,18641108,0,16,60,1
10,4,18641004,0,16,60,1
11,16,18641109,0,16,60,4
3,19,18640321,0,16,60,6
6,1,18640626,0,16,60,1
11,4,18641123,0,16,60,1
7,1,18640722,0,16,60,1
9,19,18640917,0,16,60,6
7,4,18640708,0,16,60,1
9,4,18640917,0,16,60,1
11,4,18641128,0,16,60,1
6,16,18640612,0,16,60,4
7,4,18640703,0,16,60,1
5,19,18640503,0,16,60,6
8,1,18640811,0,16,60,1
5,4,18640510,0,16,60,1
10,4,18641003,0,16,60,1
9,19,18640920,0,16,60,6
6,4,18640623,0,16,60,1
10,21,18641027,0,16,60,8
5,19,18640510,0,16,60,6
8,22,18640818,0,16,60,9
6,3,18640618,0,16,60,1
10,4,18641016,0,16,60,1
5,3,18640518,0,16,60,1
6,3,18640607,0,16,60,1
4,19,18640413,0,16,60,6
9,26,18640912,0,16,60,12
9,19,18640923,0,16,60,6
9,4,18640923,0,16,60,1
6,4,18640619,0,16,60,1
10,22,18641025,0,16,60,9
5,4,18640527,0,16,60,1
8,4,18640820,0,16,60,1
5,4,18640517,0,16,60,1
11,4,18641107,0,16,60,1
4,19,18640408,0,16,60,6
3,23,18640308,0,16,60,10
4,4,18640416,0,16,60,1
10,24,18641018,0,16,60,10
6,1,18640602,0,16,60,1
10,6,18641024,0,16,60,3
4,19,18640420,0,16,60,6
5,4,18640528,0,16,60,1
10,19,18641006,0,16,60,6
11,16,18641129,0,16,60,4
12,4,18641203,0,16,60,1
10,4,18641029,0,16,60,1
6,4,18640616,0,16,60,1
9,16,18640913,0,16,60,4
10,23,18641028,0,16,60,10
5,19,18640506,0,16,60,6
10,16,18641007,0,16,60,4
6,1,18640606,0,16,60,1
9,1,18640904,0,16,60,1
6,4,18640603,0,16,60,1
10,4,18641028,0,16,60,1
8,4,18640810,0,16,60,1
6,4,18640617,0,16,60,1
10,23,18641017,0,16,60,10
6,4,18640622,0,16,60,1
8,3,18640813,0,16,60,1
5,23,18640506,0,16,60,10
7,3,18640724,0,16,60,1
7,26,18640702,0,16,60,12
7,25,18640712,0,16,60,11
10,3,18641015,0,16,60,1
8,1,18640812,0,16,60,1
3,24,18640310,0,16,60,10
6,1,18640615,0,16,60,1
6,1,18640625,0,16,60,1
7,1,18640713,0,16,60,1
9,21,18640928,0,16,60,8
8,6,18640826,0,16,60,3
7,26,18640703,0,16,60,12
6,1,18640618,0,16,60,1
9,20,18640929,0,16,60,7
9,5,18640914,0,16,60,2
9,20,18640919,0,16,60,7
8,22,18640811,0,16,60,9
9,22,18640912,0,16,60,9
4,27,18640417,0,16,60,12
6,22,18640628,0,16,60,9
10,22,18641024,0,16,60,9
5,27,18640506,0,16,60,12
10,5,18641023,0,16,60,2
10,20,18641018,0,16,60,7
10,20,18641020,0,16,60,7
6,26,18640630,0,16,60,12
6,22,18640619,0,16,60,9
7,1,18640708,0,16,60,1
5,21,18640522,0,16,60,8
9,3,18640906,0,16,60,1
6,26,18640611,0,16,60,12
7,5,18640708,0,16,60,2
7,22,18640702,0,16,60,9
10,24,18641030,0,16,60,10
7,20,18640707,0,16,61,7
5,3,18640512,0,16,61,1
4,23,18640429,0,16,61,10
10,5,18641024,0,16,61,2
9,26,18640916,0,16,61,12
8,1,18640822,0,16,61,1
9,26,18640914,0,16,61,12
9,22,18640923,0,16,61,9
10,23,18641015,0,16,61,10
7,3,18640706,0,16,61,1
7,1,18640729,0,16,61,1
4,24,18640418,0,16,61,10
8,20,18640827,0,16,61,7
4,22,18640424,0,16,61,9
8,21,18640827,0,16,61,8
4,20,18640424,0,16,61,7
5,26,18640507,0,16,61,12
9,26,18640911,0,16,61,12
10,23,18641030,0,16,61,10
5,27,18640523,0,16,61,12
4,0,18640401,0,16,61,0
10,23,18641025,0,16,61,10
11,0,18641110,0,16,61,0
9,21,18640920,0,16,61,8
10,24,18641012,0,16,61,10
7,22,18640701,0,16,61,9
4,3,18640426,0,16,61,1
3,27,18640318,0,16,61,12
3,0,18640318,0,16,61,0
9,26,18640915,0,16,61,12
3,23,18640311,0,16,61,10
11,0,18641122,0,16,61,0
4,5,18640429,0,16,61,2
4,23,18640415,0,16,61,10
10,23,18641009,0,16,61,10
7,3,18640707,0,16,61,1
5,6,18640529,0,16,61,3
4,23,18640414,0,16,61,10
5,24,18640506,0,16,61,10
12,1,18641205,0,16,61,1
5,16,18640530,0,16,61,4
9,3,18640912,0,16,61,1
7,4,18640712,0,16,61,1
9,19,18640918,0,16,61,6
8,1,18640805,0,16,61,1
5,3,18640519,0,16,61,1
7,3,18640711,0,16,61,1
5,3,18640510,0,16,61,1
8,26,18640821,0,16,61,12
9,16,18640905,0,16,61,4
8,21,18640818,0,16,61,8
8,26,18640822,0,16,61,12
9,19,18640916,0,16,61,6
8,3,18640802,0,16,61,1
9,19,18640914,0,16,61,6
9,4,18640904,0,16,61,1
8,3,18640815,0,16,61,1
6,21,18640603,0,16,61,8
9,22,18640913,0,16,61,9
5,3,18640530,0,16,61,1
9,16,18640908,0,16,61,4
8,1,18640806,0,16,61,1
5,3,18640505,0,16,61,1
9,4,18640907,0,16,61,1
11,3,18641104,0,16,61,1
5,5,18640514,0,16,61,2
8,21,18640811,0,16,61,8
10,27,18641006,0,16,61,12
8,3,18640816,0,16,61,1
9,4,18640928,0,16,61,1
4,4,18640417,0,16,61,1
4,19,18640416,0,16,61,6
6,1,18640611,0,16,61,1
6,4,18640618,0,16,61,1
5,3,18640526,0,16,61,1
6,1,18640619,0,16,61,1
5,4,18640512,0,16,61,1
9,19,18640922,0,16,61,6
5,16,18640514,0,16,61,4
5,19,18640511,0,16,61,6
10,3,18641004,0,16,61,1
10,19,18641005,0,16,61,6
7,3,18640722,0,16,61,1
11,3,18641128,0,16,61,1
5,19,18640514,0,16,61,6
4,24,18640404,0,16,61,10
6,1,18640614,0,16,61,1
4,26,18640421,0,16,61,12
2,0,18640219,0,16,61,0
7,25,18640728,0,16,61,11
11,1,18641126,0,16,61,1
10,1,18641030,0,16,61,1
7,3,18640723,0,16,61,1
5,27,18640529,0,16,61,12
8,20,18640818,0,16,61,7
4,1,18640426,0,16,61,1
8,27,18640822,0,16,61,12
8,3,18640808,0,16,61,1
4,20,18640423,0,16,61,7
10,24,18641026,0,16,61,10
7,20,18640702,0,16,61,7
5,3,18640521,0,16,61,1
6,26,18640621,0,16,61,12
7,20,18640701,0,16,61,7
9,5,18640920,0,16,61,2
6,26,18640628,0,16,61,12
10,21,18641024,0,16,61,8
10,23,18641024,0,16,61,10
7,6,18640707,0,16,61,3
6,26,18640629,0,16,61,12
6,26,18640612,0,16,61,12
5,27,18640510,0,16,61,12
6,26,18640604,0,16,61,12
9,3,18640907,0,16,61,1
4,26,18640410,0,16,61,12
8,20,18640813,0,16,61,7
6,3,18640604,0,16,61,1
6,26,18640618,0,16,61,12
4,26,18640422,0,16,61,12
7,1,18640705,0,16,61,1
5,20,18640523,0,16,61,7
5,6,18640528,0,16,62,3
6,26,18640624,0,16,62,12
8,20,18640825,0,16,62,7
6,1,18640607,0,16,62,1
8,6,18640825,0,16,62,3
8,25,18640801,0,16,62,11
5,1,18640530,0,16,62,1
8,21,18640822,0,16,62,8
6,5,18640629,0,16,62,2
8,5,18640812,0,16,62,2
9,26,18640928,0,16,62,12
8,21,18640813,0,16,62,8
3,5,18640315,0,16,62,2
6,22,18640604,0,16,62,9
11,3,18641127,0,16,62,1
2,0,18640226,0,16,62,0
8,20,18640826,0,16,62,7
6,21,18640628,0,16,62,8
8,5,18640828,0,16,62,2
7,21,18640702,0,16,62,8
9,6,18640912,0,16,62,3
11,0,18641112,0,16,62,0
4,6,18640422,0,16,62,3
4,23,18640402,0,16,62,10
6,5,18640628,0,16,62,2
10,5,18641019,0,16,62,2
3,0,18640321,0,16,62,0
5,3,18640511,0,16,62,1
11,0,18641111,0,16,62,0
3,0,18640316,0,16,62,0
7,26,18640708,0,16,62,12
5,3,18640514,0,16,62,1
4,23,18640411,0,16,62,10
9,20,18640914,0,16,62,7
3,20,18640309,0,16,62,7
11,0,18641128,0,16,62,0
3,0,18640303,0,16,62,0
9,3,18640927,0,16,62,1
3,0,18640308,0,16,62,0
9,5,18640921,0,17,62,2
4,24,18640402,0,17,62,10
8,27,18640823,0,17,62,12
8,27,18640824,0,17,62,12
10,6,18641018,0,17,62,3
5,22,18640520,0,17,62,9
6,26,18640622,0,17,62,12
10,24,18641031,0,17,62,10
5,24,18640513,0,17,62,10
5,27,18640531,0,17,62,12
10,24,18641008,0,17,62,10
5,1,18640516,0,17,62,1
9,26,18640922,0,17,62,12
5,24,18640505,0,17,62,10
7,1,18640707,0,17,62,1
9,6,18640929,0,17,62,3
12,3,18641214,0,17,62,1
7,22,18640719,0,17,62,9
10,24,18641010,0,17,62,10
4,1,18640430,0,17,62,1
5,19,18640513,0,17,62,6
8,1,18640807,0,17,62,1
8,3,18640826,0,17,62,1
12,4,18641220,0,17,62,1
5,16,18640523,0,17,62,4
5,4,18640509,0,17,62,1
5,4,18640514,0,17,62,1
5,1,18640513,0,17,62,1
9,19,18640904,0,17,62,6
11,4,18641110,0,17,62,1
5,4,18640513,0,17,62,1
8,26,18640831,0,17,62,12
8,26,18640817,0,17,62,12
8,26,18640827,0,17,62,12
7,4,18640701,0,17,62,1
10,19,18641001,0,17,62,6
9,19,18640915,0,17,62,6
6,4,18640604,0,17,62,1
10,4,18641008,0,17,62,1
4,6,18640418,0,17,62,3
9,16,18640917,0,17,62,4
4,19,18640421,0,17,62,6
9,4,18640918,0,17,62,1
10,19,18641003,0,17,62,6
5,19,18640502,0,17,62,6
10,3,18641003,0,17,62,1
10,24,18641009,0,17,62,10
6,1,18640613,0,17,62,1
9,27,18640919,0,17,62,12
9,4,18640920,0,17,62,1
4,4,18640426,0,17,62,1
4,3,18640428,0,17,62,1
4,1,18640429,0,17,62,1
9,4,18640925,0,17,62,1
9,19,18640921,0,17,62,6
9,19,18640924,0,17,62,6
9,4,18640924,0,17,62,1
11,4,18641105,0,17,62,1
9,19,18640919,0,17,62,6
4,19,18640414,0,17,62,6
4,19,18640417,0,17,62,6
4,19,18640409,0,17,62,6
12,4,18641227,0,17,62,1
7,6,18640706,0,17,62,3
10,3,18641012,0,17,62,1
10,3,18641023,0,17,62,1
7,3,18640710,0,17,62,1
12,4,18641204,0,17,62,1
7,4,18640711,0,17,62,1
2,3,18640208,0,17,62,1
6,4,18640601,0,17,62,1
8,1,18640804,0,17,62,1
5,4,18640508,0,17,62,1
9,19,18640907,0,17,62,6
5,19,18640505,0,17,62,6
5,4,18640531,0,17,62,1
9,26,18640913,0,17,62,12
9,16,18640914,0,17,62,4
4,27,18640403,0,17,62,12
7,4,18640702,0,17,62,1
8,21,18640817,0,17,62,8
7,26,18640701,0,17,62,12
4,20,18640427,0,17,62,7
5,3,18640525,0,17,62,1
5,1,18640531,0,17,62,1
4,23,18640421,0,17,62,10
5,24,18640514,0,17,62,10
6,1,18640616,0,17,62,1
5,20,18640514,0,17,62,7
4,26,18640408,0,17,62,12
7,1,18640726,0,17,62,1
7,26,18640705,0,17,62,12
5,24,18640512,0,17,62,10
9,22,18640906,0,17,62,9
6,24,18640602,0,17,62,10
9,27,18640918,0,17,62,12
6,26,18640605,0,17,62,12
9,27,18640916,0,17,62,12
9,20,18640915,0,17,62,7
9,27,18640911,0,17,62,12
8,1,18640808,0,17,62,1
5,20,18640529,0,17,62,7
5,5,18640507,0,17,62,2
12,3,18641203,0,17,62,1
6,6,18640602,0,17,62,3
8,1,18640827,0,17,62,1
5,23,18640504,0,17,62,10
9,5,18640915,0,17,62,2
6,1,18640617,0,17,62,1
6,20,18640627,0,17,62,7
4,6,18640421,0,17,62,3
5,1,18640518,0,17,62,1
10,1,18641029,0,17,62,1
6,26,18640613,0,17,62,12
7,21,18640708,0,17,62,8
4,27,18640430,0,17,62,12
8,1,18640816,0,17,62,1
9,26,18640921,0,17,62,12
9,22,18640920,0,17,62,9
5,6,18640525,0,17,62,3
5,3,18640501,0,17,62,1
4,0,18640426,0,17,63,0
5,1,18640519,0,17,63,1
9,22,18640922,0,17,63,9
8,1,18640809,0,17,63,1
4,0,18640409,0,17,63,0
12,0,18641210,0,17,63,0
11,0,18641126,0,17,63,0
3,0,18640307,0,17,63,0
5,21,18640529,0,17,63,8
4,0,18640402,0,17,63,0
3,0,18640331,0,17,63,0
3,0,18640329,0,17,63,0
5,22,18640511,0,17,63,9
5,24,18640510,0,17,63,10
3,0,18640309,0,17,63,0
3,0,18640319,0,17,63,0
3,0,18640310,0,17,63,0
3,5,18640310,0,17,63,2
3,0,18640317,0,17,63,0
5,26,18640521,0,17,63,12
4,3,18640416,0,17,63,1
4,6,18640416,0,17,63,3
6,20,18640628,0,17,63,7
11,24,18641101,0,17,63,10
6,1,18640612,0,17,63,1
9,6,18640920,0,17,63,3
5,20,18640520,0,17,63,7
4,27,18640428,0,17,63,12
9,22,18640918,0,17,63,9
5,26,18640524,0,17,63,12
6,6,18640601,0,17,63,3
12,0,18641212,0,17,63,0
9,26,18640905,0,17,63,12
4,24,18640419,0,17,63,10
2,0,18640217,0,17,63,0
2,0,18640225,0,17,63,0
10,3,18641008,0,17,63,1
8,22,18640817,0,17,63,9
9,27,18640923,0,17,63,12
10,5,18641025,0,17,63,2
5,1,18640512,0,17,63,1
8,3,18640817,0,17,63,1
6,6,18640630,0,17,63,3
6,6,18640628,0,17,63,3
8,1,18640815,0,17,63,1
9,22,18640921,0,17,63,9
10,20,18641027,0,17,63,7
6,26,18640625,0,17,63,12
8,3,18640803,0,17,63,1
7,20,18640709,0,17,63,7
9,6,18640919,0,17,63,3
5,23,18640513,0,17,63,10
9,27,18640917,0,17,63,12
8,27,18640825,0,17,63,12
8,21,18640828,0,17,63,8
9,5,18640916,0,17,63,2
8,22,18640822,0,17,63,9
8,26,18640809,0,17,63,12
4,27,18640410,0,17,63,12
9,22,18640914,0,17,63,9
6,6,18640625,0,17,63,3
9,6,18640911,0,17,63,3
5,3,18640527,0,17,63,1
9,16,18640921,0,17,63,4
9,4,18640919,0,17,63,1
5,4,18640507,0,17,63,1
10,19,18641002,0,17,63,6
9,19,18640906,0,17,63,6
5,4,18640520,0,17,63,1
10,16,18641004,0,17,63,4
9,19,18640910,0,17,63,6
8,1,18640826,0,17,63,1
5,1,18640520,0,17,63,1
3,3,18640319,0,17,63,1
5,19,18640512,0,17,63,6
4,3,18640429,0,17,63,1
9,20,18640921,0,17,63,7
9,19,18640925,0,17,63,6
10,24,18641013,0,17,63,10
9,3,18640909,0,17,63,1
5,16,18640504,0,17,63,4
5,19,18640507,0,17,63,6
9,16,18640915,0,17,63,4
9,19,18640901,0,17,63,6
6,16,18640606,0,17,63,4
8,26,18640810,0,17,63,12
7,1,18640718,0,17,63,1
8,1,18640810,0,17,63,1
5,1,18640523,0,17,63,1
5,4,18640521,0,17,63,1
6,16,18640602,0,17,63,4
6,6,18640626,0,17,63,3
6,16,18640601,0,17,63,4
8,22,18640813,0,17,63,9
8,6,18640810,0,17,63,3
6,26,18640619,0,17,63,12
4,1,18640427,0,17,63,1
5,6,18640522,0,17,63,3
12,1,18641204,0,17,63,1
10,1,18641008,0,17,63,1
8,26,18640825,0,17,63,12
10,23,18641019,0,17,63,10
4,3,18640407,0,17,63,1
8,27,18640820,0,17,63,12
12,3,18641211,0,17,63,1
11,3,18641114,0,17,63,1
10,3,18641025,0,17,63,1
9,22,18640904,0,17,63,9
11,3,18641107,0,17,63,1
8,1,18640813,0,17,63,1
8,22,18640814,0,17,63,9
7,3,18640713,0,17,63,1
3,5,18640307,0,17,63,2
7,22,18640709,0,17,63,9
9,27,18640928,0,17,63,12
8,21,18640814,0,17,63,8
7,26,18640707,0,17,63,12
6,22,18640624,0,17,63,9
7,26,18640726,0,17,63,12
5,1,18640517,0,17,63,1
9,27,18640913,0,17,63,12
6,20,18640617,0,17,63,7
6,21,18640616,0,17,63,8
9,6,18640926,0,17,63,3
11,3,18641117,0,18,64,1
3,23,18640310,0,18,64,10
9,27,18640922,0,18,64,12
2,0,18640223,0,18,64,0
7,1,18640706,0,18,64,1
4,23,18640419,0,18,64,10
10,23,18641018,0,18,64,10
4,0,18640406,0,18,64,0
4,0,18640405,0,18,64,0
9,21,18640906,0,18,64,8
6,21,18640620,0,18,64,8
3,0,18640324,0,18,64,0
7,22,18640708,0,18,64,9
5,5,18640520,0,18,64,2
9,26,18640901,0,18,64,12
4,23,18640423,0,18,64,10
10,23,18641031,0,18,64,10
3,3,18640320,0,18,64,1
10,5,18641022,0,18,64,2
9,27,18640915,0,18,64,12
5,26,18640514,0,18,64,12
6,3,18640616,0,18,64,1
8,1,18640821,0,18,64,1
10,24,18641027,0,18,64,10
4,3,18640423,0,18,64,1
9,21,18640923,0,18,64,8
4,27,18640418,0,18,64,12
4,27,18640421,0,18,64,12
10,24,18641015,0,18,64,10
8,20,18640811,0,18,64,7
4,6,18640415,0,18,64,3
9,1,18640916,0,18,64,1
11,1,18641118,0,18,64,1
9,21,18640918,0,18,64,8
8,6,18640827,0,18,64,3
9,22,18640924,0,18,64,9
9,6,18640927,0,18,64,3
9,5,18640929,0,18,64,2
7,1,18640723,0,18,64,1
4,21,18640424,0,18,64,8
7,3,18640714,0,18,64,1
10,3,18641020,0,18,64,1
11,1,18641105,0,18,64,1
7,1,18640724,0,18,64,1
8,26,18640819,0,18,64,12
12,3,18641204,0,18,64,1
4,3,18640430,0,18,64,1
5,3,18640513,0,18,64,1
5,27,18640502,0,18,64,12
8,26,18640801,0,18,64,12
9,6,18640918,0,18,64,3
8,26,18640808,0,18,64,12
9,20,18640923,0,18,64,7
5,27,18640526,0,18,64,12
10,3,18641024,0,18,64,1
4,3,18640427,0,18,64,1
6,20,18640626,0,18,64,7
9,3,18640911,0,18,64,1
5,27,18640524,0,18,64,12
11,4,18641111,0,18,64,1
5,5,18640526,0,18,64,2
10,5,18641020,0,18,64,2
6,27,18640626,0,18,64,12
6,22,18640616,0,18,64,9
5,1,18640525,0,18,64,1
12,4,18641206,0,18,64,1
5,1,18640522,0,18,64,1
12,4,18641226,0,18,64,1
8,20,18640829,0,18,64,7
5,4,18640502,0,18,64,1
9,4,18640926,0,18,64,1
4,22,18640428,0,18,64,9
6,26,18640606,0,18,64,12
12,4,18641215,0,18,64,1
4,4,18640420,0,18,64,1
4,19,18640418,0,18,64,6
10,22,18641019,0,18,64,9
12,4,18641211,0,18,64,1
9,19,18640908,0,18,64,6
7,5,18640701,0,18,64,2
4,4,18640408,0,18,64,1
6,21,18640619,0,18,64,8
4,19,18640410,0,18,64,6
5,4,18640506,0,18,64,1
6,27,18640601,0,18,64,12
10,4,18641015,0,18,64,1
4,19,18640426,0,18,64,6
5,16,18640505,0,18,64,4
9,16,18640912,0,18,64,4
9,19,18640930,0,18,64,6
9,21,18640905,0,18,64,8
8,1,18640802,0,18,64,1
10,1,18641017,0,18,64,1
10,4,18641011,0,18,64,1
9,19,18640913,0,18,64,6
10,1,18641018,0,18,64,1
10,4,18641010,0,18,64,1
6,6,18640624,0,18,64,3
6,16,18640603,0,18,64,4
9,19,18640902,0,18,64,6
11,4,18641118,0,18,64,1
10,4,18641009,0,18,64,1
6,16,18640613,0,18,64,4
5,4,18640511,0,18,64,1
10,4,18641024,0,18,64,1
12,4,18641219,0,18,64,1
5,4,18640501,0,18,64,1
8,19,18640830,0,18,64,6
4,5,18640423,0,18,64,2
5,24,18640515,0,18,64,10
10,19,18641004,0,18,64,6
10,4,18641025,0,18,64,1
6,4,18640615,0,18,64,1
12,4,18641214,0,18,64,1
8,5,18640824,0,18,64,2
4,21,18640423,0,18,64,8
4,4,18640430,0,18,64,1
5,1,18640524,0,18,64,1
12,4,18641205,0,18,64,1
10,23,18641013,0,18,64,10
8,27,18640821,0,18,64,12
5,26,18640522,0,18,64,12
8,21,18640829,0,18,64,8
11,3,18641105,0,18,64,1
5,27,18640505,0,18,64,12
5,5,18640525,0,18,64,2
6,1,18640608,0,18,64,1
9,1,18640905,0,18,64,1
9,1,18640909,0,18,64,1
5,6,18640507,0,18,64,3
7,21,18640704,0,18,64,8
9,6,18640910,0,18,64,3
5,27,18640501,0,18,64,12
9,21,18640904,0,18,64,8
7,26,18640724,0,18,64,12
10,23,18641029,0,18,64,10
9,1,18640910,0,18,64,1
5,27,18640527,0,18,64,12
3,3,18640322,0,18,64,1
8,6,18640811,0,18,64,3
5,6,18640521,0,18,64,3
4,1,18640417,0,18,64,1
6,26,18640610,0,18,64,12
11,1,18641129,0,18,64,1
3,0,18640322,0,18,64,0
4,20,18640428,0,18,64,7
9,27,18640920,0,18,64,12
10,6,18641019,0,18,64,3
4,24,18640412,0,18,64,10
3,0,18640323,0,18,64,0
9,27,18640924,0,18,64,12
8,5,18640813,0,18,64,2
2,0,18640224,0,18,64,0
9,27,18640912,0,18,64,12
8,22,18640823,0,18,64,9
4,24,18640416,0,18,64,10
8,27,18640830,0,18,64,12
9,6,18640922,0,18,64,3
8,5,18640829,0,18,64,2
4,0,18640428,0,18,64,0
11,0,18641119,0,18,64,0
5,27,18640520,0,18,64,12
8,1,18640817,0,18,64,1
10,22,18641020,0,18,64,9
9,23,18640928,0,18,64,10
11,0,18641105,0,18,64,0
3,23,18640309,0,18,64,10
4,24,18640423,0,18,64,10
11,0,18641104,0,18,64,0
9,20,18640906,0,18,64,7
4,0,18640412,0,18,64,0
8,22,18640824,0,18,64,9
6,22,18640627,0,18,65,9
8,26,18640818,0,18,65,12
10,5,18641026,0,18,65,2
6,27,18640623,0,18,65,12
9,21,18640922,0,18,65,8
9,23,18640921,0,18,65,10
3,20,18640308,0,18,65,7
10,23,18641014,0,18,65,10
5,23,18640511,0,18,65,10
4,5,18640424,0,18,65,2
4,23,18640405,0,18,65,10
9,26,18640908,0,18,65,12
5,1,18640515,0,18,65,1
4,27,18640422,0,18,65,12
4,23,18640420,0,18,65,10
4,26,18640409,0,18,65,12
7,26,18640725,0,18,65,12
5,1,18640510,0,18,65,1
8,5,18640827,0,18,65,2
9,26,18640902,0,18,65,12
9,27,18640909,0,18,65,12
9,6,18640921,0,18,65,3
5,1,18640509,0,18,65,1
4,27,18640414,0,18,65,12
5,20,18640511,0,18,65,7
8,26,18640826,0,18,65,12
4,24,18640406,0,18,65,10
9,27,18640914,0,18,65,12
10,27,18641018,0,18,65,12
9,26,18640925,0,18,65,12
10,20,18641019,0,18,65,7
11,0,18641124,0,18,65,0
8,26,18640806,0,18,65,12
9,26,18640926,0,18,65,12
9,26,18640903,0,18,65,12
5,1,18640514,0,18,65,1
5,1,18640501,0,18,65,1
8,26,18640802,0,18,65,12
6,20,18640618,0,18,65,7
9,6,18640924,0,18,65,3
8,26,18640830,0,18,65,12
9,20,18640924,0,18,65,7
12,4,18641202,0,18,65,1
9,16,18640906,0,18,65,4
4,6,18640423,0,18,65,3
9,19,18640912,0,18,65,6
9,19,18640909,0,18,65,6
4,19,18640411,0,18,65,6
9,19,18640905,0,18,65,6
10,4,18641014,0,18,65,1
9,3,18640904,0,18,65,1
4,1,18640424,0,18,65,1
4,4,18640407,0,18,65,1
9,19,18640929,0,18,65,6
9,3,18640930,0,18,65,1
7,20,18640720,0,18,65,7
11,4,18641101,0,18,65,1
9,22,18640903,0,18,65,9
6,19,18640612,0,18,65,6
9,19,18640903,0,18,65,6
9,6,18640905,0,18,65,3
6,6,18640629,0,18,65,3
9,4,18640921,0,18,65,1
5,23,18640527,0,18,65,10
8,19,18640831,0,18,65,6
4,4,18640418,0,18,65,1
3,3,18640321,0,18,65,1
9,16,18640916,0,18,65,4
6,22,18640626,0,18,65,9
5,19,18640515,0,18,65,6
9,21,18640921,0,18,65,8
9,3,18640922,0,18,65,1
8,27,18640808,0,18,65,12
10,1,18641031,0,18,65,1
8,19,18640829,0,18,65,6
5,19,18640504,0,18,65,6
4,4,18640421,0,18,65,1
4,3,18640419,0,18,65,1
6,16,18640607,0,18,65,4
4,1,18640425,0,18,65,1
8,27,18640809,0,18,65,12
9,19,18640926,0,18,65,6
8,22,18640829,0,18,65,9
6,1,18640605,0,18,65,1
8,3,18640828,0,18,65,1
7,1,18640725,0,18,65,1
4,5,18640428,0,18,65,2
6,27,18640630,0,18,65,12
11,4,18641113,0,18,65,1
11,4,18641112,0,18,65,1
7,22,18640705,0,18,65,9
11,4,18641125,0,18,65,1
8,20,18640815,0,18,65,7
11,3,18641129,0,18,65,1
8,26,18640805,0,18,65,12
8,22,18640803,0,18,65,9
9,6,18640925,0,18,65,3
8,5,18640825,0,18,65,2
6,26,18640608,0,18,65,12
3,5,18640308,0,18,65,2
4,21,18640428,0,18,65,8
7,21,18640709,0,18,65,8
9,22,18640919,0,18,65,9
6,21,18640624,0,18,65,8
9,21,18640919,0,18,65,8
6,20,18640620,0,18,65,7
9,1,18640908,0,18,65,1
7,5,18640702,0,18,65,2
8,1,18640830,0,18,65,1
9,21,18640903,0,18,65,8
10,3,18641018,0,18,65,1
9,6,18640904,0,18,65,3
6,27,18640614,0,18,65,12
9,6,18640923,0,18,65,3
9,6,18640913,0,18,65,3
5,6,18640511,0,18,65,3
10,3,18641013,0,18,65,1
5,1,18640526,0,18,65,1
8,21,18640824,0,18,65,8
7,21,18640719,0,18,65,8
7,6,18640705,0,18,65,3
8,27,18640819,0,18,65,12
7,22,18640720,0,18,65,9
6,21,18640602,0,18,65,8
4,0,18640429,0,18,65,0
5,3,18640523,0,18,65,1
4,0,18640427,0,18,65,0
9,27,18640925,0,18,65,12
8,5,18640819,0,18,65,2
7,22,18640718,0,18,65,9
11,3,18641125,0,18,65,1
10,0,18641028,0,18,65,0
4,0,18640413,0,18,65,0
6,6,18640615,0,18,65,3
6,20,18640603,0,18,65,7
9,21,18640914,0,18,65,8
7,20,18640705,0,18,65,7
6,27,18640603,0,18,65,12
10,21,18641019,0,18,65,8
10,0,18641029,0,18,65,0
5,27,18640511,0,18,65,12
3,0,18640325,0,18,65,0
3,0,18640326,0,18,65,0
5,22,18640512,0,18,65,9
9,20,18640916,0,18,65,7
3,0,18640330,0,18,65,0
4,23,18640412,0,18,65,10
4,0,18640419,0,18,65,0
9,5,18640925,0,18,65,2
5,3,18640522,0,18,65,1
9,26,18640909,0,19,65,12
9,6,18640917,0,19,65,3
9,21,18640924,0,19,65,8
6,22,18640607,0,19,65,9
6,20,18640616,0,19,65,7
9,6,18640928,0,19,65,3
10,23,18641001,0,19,65,10
6,21,18640617,0,19,65,8
9,26,18640924,0,19,65,12
5,6,18640506,0,19,65,3
6,22,18640618,0,19,65,9
5,23,18640502,0,19,65,10
10,1,18641003,0,19,65,1
9,27,18640921,0,19,65,12
9,26,18640929,0,19,65,12
5,21,18640511,0,19,65,8
9,27,18640904,0,19,65,12
9,6,18640903,0,19,65,3
7,22,18640710,0,19,65,9
6,21,18640627,0,19,65,8
5,26,18640513,0,19,65,12
6,26,18640627,0,19,65,12
6,22,18640620,0,19,65,9
3,3,18640318,0,19,66,1
7,26,18640723,0,19,66,12
4,26,18640423,0,19,66,12
10,3,18641001,0,19,66,1
7,26,18640704,0,19,66,12
5,1,18640502,0,19,66,1
7,20,18640719,0,19,66,7
9,3,18640923,0,19,66,1
6,27,18640622,0,19,66,12
4,24,18640414,0,19,66,10
8,26,18640807,0,19,66,12
7,26,18640727,0,19,66,12
11,3,18641124,0,19,66,1
2,3,18640225,0,19,66,1
5,24,18640507,0,19,66,10
7,6,18640704,0,19,66,3
1,3,18640106,0,19,66,1
8,21,18640803,0,19,66,8
10,23,18641021,0,19,66,10
9,22,18640905,0,19,66,9
5,5,18640528,0,19,66,2
5,24,18640508,0,19,66,10
6,20,18640629,0,19,66,7
6,5,18640616,0,19,66,2
6,21,18640630,0,19,66,8
5,21,18640520,0,19,66,8
8,26,18640804,0,19,66,12
9,22,18640911,0,19,66,9
8,21,18640821,0,19,66,8
8,5,18640818,0,19,66,2
8,1,18640814,0,19,66,1
3,3,18640303,0,19,66,1
8,5,18640826,0,19,66,2
10,24,18641001,0,19,66,10
9,22,18640901,0,19,66,9
5,5,18640511,0,19,66,2
12,3,18641227,0,19,66,1
9,21,18640915,0,19,66,8
11,4,18641122,0,19,66,1
2,3,18640209,0,19,66,1
8,16,18640830,0,19,66,4
8,19,18640828,0,19,66,6
4,19,18640422,0,19,66,6
3,1,18640320,0,19,66,1
7,26,18640709,0,19,66,12
6,1,18640604,0,19,66,1
12,4,18641207,0,19,66,1
8,16,18640831,0,19,66,4
9,1,18640915,0,19,66,1
7,27,18640703,0,19,66,12
10,1,18641027,0,19,66,1
9,16,18640924,0,19,66,4
8,19,18640821,0,19,66,6
5,19,18640516,0,19,66,6
8,19,18640807,0,19,66,6
10,23,18641026,0,19,66,10
10,24,18641014,0,19,66,10
5,4,18640519,0,19,66,1
6,26,18640620,0,19,66,12
4,24,18640421,0,19,66,10
9,19,18640911,0,19,66,6
6,27,18640629,0,19,66,12
9,20,18640912,0,19,66,7
7,26,18640722,0,19,66,12
7,27,18640705,0,19,66,12
12,3,18641225,0,19,66,1
12,1,18641215,0,19,66,1
5,19,18640530,0,19,66,6
9,4,18640922,0,19,66,1
1,3,18640126,0,19,66,1
12,3,18641215,0,19,66,1
9,3,18640929,0,19,66,1
11,4,18641102,0,19,66,1
11,4,18641116,0,19,66,1
11,1,18641127,0,19,66,1
5,19,18640523,0,19,66,6
9,27,18640926,0,19,66,12
5,16,18640515,0,19,66,4
9,19,18640927,0,19,66,6
6,19,18640611,0,19,66,6
8,27,18640816,0,19,66,12
11,0,18641102,0,19,66,0
9,21,18640907,0,19,66,8
9,22,18640915,0,19,66,9
9,26,18640907,0,19,66,12
5,22,18640514,0,19,66,9
4,0,18640408,0,19,66,0
10,0,18641014,0,19,66,0
8,26,18640811,0,19,66,12
4,0,18640418,0,19,66,0
8,5,18640811,0,19,66,2
8,6,18640818,0,19,66,3
8,27,18640810,0,19,66,12
10,0,18641031,0,19,66,0
5,21,18640512,0,19,66,8
10,0,18641026,0,19,66,0
2,1,18640210,0,19,66,1
2,3,18640210,0,19,66,1
11,0,18641116,0,19,66,0
7,27,18640708,0,19,66,12
8,26,18640828,0,19,66,12
4,0,18640411,0,19,66,0
9,26,18640906,0,19,66,12
5,0,18640502,0,19,66,0
4,23,18640430,0,19,66,10
7,5,18640709,0,19,66,2
8,6,18640812,0,19,66,3
6,22,18640629,0,19,66,9
7,1,18640714,0,19,66,1
10,23,18641022,0,19,66,10
4,1,18640419,0,19,66,1
4,6,18640419,0,19,66,3
6,21,18640625,0,19,66,8
4,24,18640429,0,19,66,10
6,26,18640607,0,19,66,12
5,1,18640503,0,19,66,1
9,26,18640927,0,19,66,12
10,23,18641002,0,19,66,10
8,27,18640817,0,19,66,12
4,22,18640425,0,19,66,9
9,27,18640901,0,19,66,12
9,24,18640928,0,19,66,10
4,1,18640428,0,19,66,1
9,27,18640905,0,19,66,12
6,21,18640618,0,19,66,8
6,26,18640617,0,19,66,12
5,26,18640520,0,19,66,12
7,26,18640710,0,19,66,12
9,22,18640908,0,19,66,9
9,1,18640907,0,19,67,1
3,1,18640319,0,19,67,1
8,6,18640820,0,19,67,3
7,6,18640701,0,19,67,3
7,6,18640703,0,19,67,3
5,1,18640504,0,19,67,1
2,3,18640224,0,19,67,1
9,23,18640927,0,19,67,10
4,23,18640413,0,19,67,10
7,21,18640705,0,19,67,8
9,1,18640917,0,19,67,1
6,21,18640626,0,19,67,8
8,6,18640817,0,19,67,3
5,3,18640506,0,19,67,1
1,3,18640112,0,19,67,1
9,3,18640910,0,19,67,1
8,26,18640824,0,19,67,12
3,5,18640309,0,19,67,2
6,27,18640618,0,19,67,12
10,1,18641015,0,19,67,1
7,22,18640715,0,19,67,9
3,3,18640304,0,19,67,1
9,3,18640924,0,19,67,1
3,3,18640315,0,19,67,1
6,22,18640605,0,19,67,9
11,1,18641106,0,19,67,1
11,1,18641130,0,19,67,1
3,3,18640316,0,19,67,1
9,5,18640918,0,19,67,2
2,1,18640212,0,19,67,1
10,1,18641009,0,19,67,1
4,3,18640418,0,19,67,1
7,22,18640716,0,19,67,9
5,16,18640519,0,19,67,4
5,4,18640522,0,19,67,1
5,16,18640522,0,19,67,4
5,4,18640523,0,19,67,1
4,19,18640423,0,19,67,6
10,1,18641025,0,19,67,1
8,5,18640821,0,19,67,2
8,19,18640822,0,19,67,6
8,16,18640820,0,19,67,4
6,19,18640613,0,19,67,6
10,1,18641005,0,19,67,1
9,3,18640928,0,19,67,1
6,16,18640608,0,19,67,4
6,26,18640609,0,19,67,12
5,16,18640518,0,19,67,4
12,4,18641229,0,19,67,1
7,19,18640702,0,19,67,6
7,21,18640721,0,19,67,8
4,19,18640425,0,19,67,6
7,26,18640721,0,19,67,12
8,19,18640820,0,19,67,6
4,4,18640409,0,19,67,1
8,19,18640810,0,19,67,6
9,16,18640911,0,19,67,4
10,1,18641007,0,19,67,1
4,19,18640412,0,19,67,6
7,26,18640728,0,19,67,12
11,4,18641124,0,19,67,1
9,20,18640917,0,19,67,7
4,4,18640402,0,19,67,1
5,16,18640509,0,19,67,4
6,19,18640606,0,19,67,6
3,3,18640325,0,19,67,1
5,16,18640526,0,19,67,4
7,26,18640715,0,19,67,12
6,19,18640624,0,19,67,6
9,21,18640901,0,19,67,8
5,1,18640511,0,19,67,1
8,19,18640808,0,19,67,6
9,16,18640902,0,19,67,4
7,19,18640731,0,19,67,6
6,26,18640616,0,19,67,12
9,1,18640911,0,19,67,1
4,4,18640419,0,19,67,1
8,22,18640804,0,19,67,9
4,24,18640420,0,19,67,10
7,21,18640727,0,19,67,8
9,16,18640910,0,19,67,4
6,19,18640601,0,19,67,6
9,1,18640920,0,19,67,1
8,19,18640803,0,19,67,6
10,16,18641006,0,19,67,4
5,19,18640501,0,19,67,6
5,3,18640524,0,19,67,1
5,23,18640514,0,20,67,10
11,0,18641121,0,20,67,0
4,0,18640414,0,20,67,0
9,22,18640916,0,20,67,9
10,0,18641015,0,20,67,0
4,6,18640425,0,20,67,3
6,27,18640604,0,20,67,12
10,5,18641021,0,20,67,2
11,0,18641118,0,20,67,0
7,22,18640727,0,20,67,9
6,6,18640603,0,20,67,3
5,0,18640503,0,20,67,0
4,24,18640405,0,20,67,10
7,21,18640720,0,20,67,8
9,27,18640927,0,20,67,12
5,23,18640507,0,20,67,10
8,21,18640810,0,20,67,8
4,24,18640411,0,20,67,10
6,27,18640627,0,20,67,12
10,3,18641026,0,20,67,1
6,27,18640610,0,20,67,12
10,24,18641002,0,20,67,10
6,27,18640613,0,20,67,12
6,5,18640603,0,20,67,2
9,23,18640929,0,20,67,10
7,26,18640731,0,20,67,12
6,6,18640618,0,20,67,3
8,20,18640817,0,20,67,7
9,5,18640912,0,20,67,2
7,21,18640713,0,20,67,8
7,22,18640713,0,20,67,9
1,3,18640113,0,20,67,1
11,3,18641103,0,20,67,1
5,6,18640514,0,20,67,3
7,26,18640706,0,20,67,12
7,5,18640707,0,20,67,2
7,26,18640718,0,20,67,12
8,21,18640819,0,20,67,8
8,27,18640826,0,20,67,12
7,27,18640707,0,20,67,12
6,27,18640624,0,20,67,12
3,1,18640321,0,20,67,1
5,27,18640512,0,20,67,12
6,24,18640601,0,20,67,10
4,24,18640413,0,20,67,10
8,27,18640831,0,20,67,12
9,27,18640903,0,20,67,12
4,24,18640415,0,20,67,10
9,27,18640902,0,20,67,12
9,3,18640914,0,20,67,1
4,1,18640418,0,20,67,1
8,27,18640801,0,20,68,12
8,22,18640819,0,20,68,9
5,5,18640529,0,20,68,2
9,1,18640919,0,20,68,1
9,1,18640921,0,20,68,1
6,1,18640603,0,20,68,1
4,27,18640420,0,20,68,12
5,1,18640521,0,20,68,1
7,22,18640704,0,20,68,9
8,26,18640803,0,20,68,12
6,6,18640604,0,20,68,3
7,22,18640726,0,20,68,9
5,23,18640512,0,20,68,10
2,3,18640211,0,20,68,1
5,24,18640502,0,20,68,10
7,26,18640713,0,20,68,12
5,22,18640517,0,20,68,9
6,21,18640605,0,20,68,8
10,1,18641019,0,20,68,1
8,20,18640824,0,20,68,7
9,20,18640908,0,20,68,7
9,21,18640916,0,20,68,8
9,20,18640903,0,20,68,7
4,3,18640410,0,20,68,1
6,19,18640620,0,20,68,6
4,4,18640410,0,20,68,1
6,21,18640629,0,20,68,8
10,0,18641013,0,20,68,0
12,4,18641213,0,20,68,1
4,0,18640421,0,20,68,0
6,19,18640619,0,20,68,6
10,0,18641022,0,20,68,0
4,4,18640422,0,20,68,1
12,3,18641206,0,20,68,1
6,22,18640622,0,20,68,9
7,22,18640721,0,20,68,9
4,5,18640425,0,20,68,2
6,19,18640616,0,20,68,6
6,19,18640622,0,20,68,6
2,1,18640211,0,20,68,1
12,4,18641225,0,20,68,1
7,21,18640710,0,20,68,8
4,19,18640424,0,20,68,6
4,21,18640425,0,20,68,8
6,19,18640614,0,20,68,6
12,3,18641212,0,20,68,1
6,6,18640616,0,20,68,3
4,0,18640420,0,20,68,0
12,3,18641226,0,20,68,1
12,4,18641228,0,20,68,1
11,0,18641103,0,20,68,0
9,22,18640907,0,20,68,9
8,19,18640817,0,20,68,6
8,22,18640802,0,20,68,9
5,0,18640506,0,20,68,0
5,0,18640507,0,20,68,0
8,16,18640828,0,20,68,4
8,19,18640804,0,20,68,6
11,0,18641115,0,20,68,0
9,16,18640907,0,20,68,4
8,16,18640829,0,20,68,4
5,4,18640505,0,20,68,1
8,19,18640809,0,20,68,6
9,6,18640906,0,20,68,3
4,0,18640430,0,20,68,0
6,19,18640610,0,20,68,6
6,6,18640610,0,20,68,3
5,6,18640512,0,20,68,3
12,4,18641221,0,20,68,1
5,19,18640529,0,20,68,6
8,19,18640806,0,20,68,6
5,4,18640529,0,20,68,1
5,19,18640531,0,20,68,6
8,19,18640827,0,20,68,6
6,19,18640602,0,20,68,6
11,0,18641117,0,20,68,0
11,4,18641114,0,20,68,1
5,0,18640518,0,20,68,0
8,19,18640819,0,20,68,6
6,19,18640605,0,20,68,6
6,16,18640605,0,20,68,4
5,0,18640504,0,20,68,0
4,19,18640427,0,20,68,6
7,19,18640730,0,20,68,6
5,16,18640516,0,20,68,4
5,19,18640522,0,20,68,6
9,6,18640914,0,20,68,3
5,19,18640524,0,20,68,6
9,19,18640928,0,20,68,6
8,19,18640823,0,20,68,6
7,19,18640725,0,20,68,6
8,19,18640825,0,20,68,6
5,21,18640514,0,20,68,8
8,20,18640803,0,20,68,7
6,27,18640620,0,20,68,12
6,6,18640619,0,20,68,3
10,1,18641006,0,20,68,1
9,20,18640922,0,20,68,7
7,26,18640717,0,20,68,12
6,27,18640621,0,20,68,12
9,23,18640904,0,20,68,10
4,1,18640416,0,20,68,1
11,3,18641123,0,20,68,1
6,27,18640615,0,20,68,12
8,22,18640830,0,20,68,9
3,3,18640317,0,20,68,1
2,3,18640223,0,20,68,1
5,20,18640513,0,20,68,7
12,3,18641220,0,20,68,1
2,3,18640226,0,20,68,1
7,27,18640721,0,20,68,12
4,3,18640420,0,20,68,1
8,27,18640827,0,20,68,12
8,27,18640818,0,20,68,12
6,6,18640608,0,20,68,3
8,1,18640803,0,20,68,1
8,6,18640802,0,20,68,3
9,24,18640920,0,20,68,10
5,1,18640527,0,20,68,1
4,1,18640420,0,20,68,1
5,1,18640505,0,20,68,1
8,6,18640828,0,20,68,3
5,22,18640513,0,20,69,9
8,5,18640816,0,20,69,2
6,5,18640617,0,20,69,2
10,23,18641027,0,20,69,10
7,26,18640729,0,20,69,12
6,27,18640616,0,20,69,12
12,3,18641230,0,20,69,1
4,24,18640430,0,20,69,10
8,22,18640810,0,20,69,9
3,3,18640323,0,20,69,1
11,1,18641115,0,20,69,1
5,1,18640528,0,20,69,1
7,5,18640720,0,20,69,2
8,22,18640816,0,20,69,9
5,23,18640510,0,20,69,10
9,3,18640905,0,20,69,1
3,1,18640322,0,20,69,1
6,27,18640625,0,20,69,12
11,1,18641119,0,20,69,1
10,23,18641020,0,20,69,10
10,3,18641002,0,20,69,1
5,6,18640530,0,20,69,3
8,5,18640830,0,20,69,2
11,1,18641109,0,20,69,1
9,5,18640908,0,20,69,2
6,22,18640625,0,20,69,9
12,1,18641226,0,20,69,1
2,1,18640224,0,20,69,1
6,23,18640602,0,20,69,10
9,20,18640918,0,20,69,7
6,6,18640606,0,20,69,3
6,21,18640622,0,20,69,8
8,22,18640821,0,20,69,9
8,20,18640830,0,20,69,7
9,24,18640929,0,20,69,10
5,23,18640501,0,20,69,10
9,1,18640925,0,20,69,1
9,24,18640927,0,20,69,10
4,20,18640425,0,20,69,7
10,23,18641023,0,20,69,10
1,3,18640110,0,20,69,1
6,21,18640607,0,20,69,8
10,0,18641012,0,20,69,0
10,3,18641009,0,20,69,1
6,22,18640601,0,20,69,9
1,3,18640129,0,20,69,1
10,0,18641020,0,20,69,0
12,3,18641221,0,20,69,1
4,0,18640422,0,20,69,0
9,3,18640917,0,20,69,1
8,6,18640819,0,20,69,3
8,6,18640822,0,20,69,3
10,3,18641014,0,20,69,1
1,3,18640127,0,20,69,1
7,6,18640725,0,20,69,3
8,21,18640804,0,20,69,8
7,26,18640712,0,20,69,12
10,3,18641031,0,20,69,1
10,0,18641017,0,20,69,0
6,0,18640613,0,20,69,0
5,6,18640515,0,20,69,3
6,20,18640625,0,21,69,7
8,19,18640826,0,21,69,6
7,19,18640701,0,21,69,6
4,19,18640428,0,21,69,6
6,19,18640618,0,21,69,6
8,19,18640802,0,21,69,6
6,19,18640621,0,21,69,6
9,16,18640927,0,21,69,4
4,4,18640414,0,21,69,1
7,19,18640724,0,21,69,6
6,19,18640607,0,21,69,6
5,27,18640521,0,21,69,12
7,20,18640713,0,21,69,7
9,1,18640906,0,21,69,1
9,20,18640904,0,21,69,7
5,5,18640508,0,21,69,2
5,19,18640528,0,21,69,6
9,6,18640907,0,21,69,3
5,19,18640520,0,21,69,6
9,6,18640902,0,21,69,3
9,6,18640901,0,21,69,3
6,23,18640609,0,21,69,10
4,3,18640408,0,21,69,1
11,1,18641128,0,21,69,1
7,16,18640721,0,21,69,4
6,19,18640625,0,21,69,6
7,22,18640714,0,21,69,9
7,19,18640726,0,21,69,6
8,19,18640801,0,21,69,6
7,26,18640714,0,21,69,12
5,16,18640525,0,21,69,4
5,16,18640520,0,21,69,4
6,20,18640619,0,21,69,7
9,1,18640912,0,21,69,1
6,19,18640628,0,21,69,6
7,27,18640704,0,21,69,12
6,19,18640604,0,21,69,6
6,6,18640605,0,21,69,3
6,19,18640615,0,21,69,6
11,1,18641116,0,21,69,1
6,27,18640617,0,21,69,12
6,16,18640628,0,21,69,4
8,19,18640824,0,21,69,6
5,23,18640524,0,21,69,10
12,3,18641205,0,21,69,1
8,6,18640821,0,21,69,3
8,6,18640816,0,21,69,3
5,19,18640517,0,21,69,6
9,1,18640918,0,21,69,1
8,16,18640822,0,21,69,4
6,27,18640628,0,21,69,12
2,3,18640212,0,21,69,1
6,27,18640611,0,21,69,12
11,0,18641114,0,21,69,0
3,3,18640305,0,21,69,1
10,1,18641014,0,21,69,1
9,1,18640928,0,21,69,1
8,24,18640826,0,21,69,10
4,6,18640420,0,21,69,3
6,27,18640608,0,21,69,12
7,20,18640710,0,21,69,7
10,1,18641021,0,21,69,1
1,1,18640112,0,21,69,1
10,1,18641023,0,21,69,1
6,5,18640620,0,21,69,2
10,21,18641020,0,21,69,8
7,5,18640722,0,21,69,2
8,21,18640815,0,21,69,8
4,23,18640424,0,21,69,10
6,22,18640606,0,21,69,9
8,21,18640823,0,21,69,8
5,5,18640512,0,21,70,2
7,20,18640727,0,21,70,7
9,3,18640913,0,21,70,1
9,20,18640907,0,21,70,7
8,21,18640802,0,21,70,8
9,23,18640923,0,21,70,10
8,6,18640813,0,21,70,3
5,26,18640515,0,21,70,12
8,20,18640819,0,21,70,7
9,27,18640906,0,21,70,12
10,1,18641011,0,21,70,1
9,23,18640920,0,21,70,10
9,5,18640906,0,21,70,2
5,23,18640528,0,21,70,10
5,22,18640531,0,21,70,9
10,0,18641019,0,21,70,0
9,5,18640919,0,21,70,2
7,5,18640723,0,21,70,2
7,20,18640703,0,21,70,7
5,23,18640509,0,21,70,10
7,26,18640711,0,21,70,12
7,26,18640719,0,21,70,12
4,0,18640415,0,21,70,0
8,23,18640826,0,21,70,10
8,26,18640816,0,21,70,12
5,22,18640515,0,21,70,9
5,0,18640513,0,21,70,0
5,24,18640525,0,21,70,10
5,21,18640517,0,21,70,8
6,21,18640610,0,21,70,8
5,5,18640515,0,21,70,2
5,21,18640513,0,21,70,8
7,20,18640721,0,21,70,7
7,26,18640730,0,21,70,12
10,0,18641027,0,21,70,0
11,3,18641108,0,21,70,1
2,1,18640229,0,21,70,1
5,20,18640517,0,21,70,7
12,4,18641212,0,21,70,1
2,3,18640220,0,21,70,1
12,4,18641218,0,21,70,1
8,16,18640827,0,21,70,4
6,22,18640621,0,21,70,9
5,4,18640524,0,21,70,1
11,1,18641114,0,21,70,1
11,4,18641117,0,21,70,1
8,19,18640818,0,21,70,6
6,19,18640623,0,21,70,6
5,19,18640525,0,21,70,6
2,1,18640228,0,21,70,1
6,16,18640629,0,21,70,4
7,19,18640723,0,21,70,6
5,19,18640521,0,21,70,6
4,19,18640429,0,21,70,6
10,4,18641019,0,21,70,1
2,1,18640214,0,21,70,1
5,19,18640527,0,21,70,6
8,16,18640821,0,21,70,4
12,4,18641209,0,21,70,1
9,20,18640905,0,21,70,7
12,3,18641228,0,21,70,1
4,4,18640415,0,21,70,1
2,3,18640203,0,21,70,1
7,20,18640714,0,21,70,7
7,19,18640729,0,21,70,6
4,4,18640404,0,21,70,1
12,3,18641229,0,21,70,1
11,4,18641121,0,21,70,1
9,16,18640918,0,21,70,4
6,19,18640603,0,21,70,6
5,24,18640504,0,21,70,10
6,19,18640608,0,21,70,6
6,19,18640629,0,21,70,6
9,16,18640920,0,21,70,4
10,1,18641010,0,21,70,1
9,16,18640923,0,21,70,4
8,19,18640805,0,21,70,6
1,3,18640123,0,21,70,1
12,1,18641212,0,21,70,1
12,4,18641230,0,21,70,1
6,16,18640604,0,21,70,4
6,19,18640617,0,21,70,6
5,4,18640504,0,21,70,1
10,3,18641011,0,21,70,1
7,19,18640727,0,21,70,6
5,23,18640529,0,21,70,10
10,1,18641016,0,21,70,1
7,27,18640701,0,21,70,12
7,27,18640706,0,21,70,12
11,3,18641121,0,21,70,1
8,6,18640814,0,21,70,3
8,27,18640811,0,21,70,12
5,3,18640502,0,21,70,1
2,1,18640213,0,21,70,1
6,27,18640609,0,21,70,12
7,6,18640709,0,21,70,3
9,21,18640908,0,21,70,8
6,20,18640621,0,21,70,7
7,5,18640703,0,21,70,2
9,5,18640917,0,21,70,2
7,21,18640726,0,21,70,8
8,26,18640829,0,21,70,12
3,1,18640316,0,21,70,1
6,23,18640601,0,21,70,10
1,3,18640117,0,21,70,1
7,21,18640714,0,21,70,8
8,1,18640829,0,21,70,1
6,5,18640627,0,21,70,2
9,3,18640919,0,21,70,1
9,21,18640917,0,21,70,8
9,23,18640922,0,21,70,10
9,5,18640904,0,21,70,2
6,27,18640612,0,21,70,12
5,24,18640509,0,21,70,10
5,3,18640504,0,21,70,1
4,27,18640419,0,21,70,12
5,3,18640503,0,21,70,1
5,23,18640515,0,21,70,10
2,1,18640227,0,21,70,1
8,26,18640812,0,21,70,12
2,3,18640205,0,21,70,1
9,27,18640907,0,21,70,12
6,5,18640621,0,21,70,2
11,3,18641118,0,21,70,1
7,27,18640731,0,21,71,12
7,21,18640723,0,21,71,8
1,3,18640101,0,21,71,1
4,1,18640421,0,21,71,1
5,22,18640518,0,21,71,9
11,1,18641120,0,21,71,1
10,0,18641011,0,22,71,0
7,6,18640724,0,22,71,3
12,3,18641213,0,22,71,1
4,22,18640426,0,22,71,9
8,20,18640821,0,22,71,7
5,22,18640519,0,22,71,9
7,21,18640716,0,22,71,8
7,5,18640706,0,22,71,2
10,0,18641010,0,22,71,0
10,0,18641021,0,22,71,0
4,0,18640416,0,22,71,0
6,6,18640623,0,22,71,3
4,21,18640426,0,22,71,8
4,24,18640424,0,22,71,10
8,6,18640829,0,22,71,3
5,20,18640512,0,22,71,7
4,0,18640407,0,22,71,0
5,0,18640514,0,22,71,0
7,20,18640704,0,22,71,7
5,5,18640523,0,22,71,2
11,1,18641124,0,22,71,1
7,5,18640705,0,22,71,2
5,20,18640515,0,22,71,7
7,22,18640730,0,22,71,9
11,1,18641125,0,22,71,1
11,1,18641101,0,22,71,1
5,22,18640521,0,22,71,9
9,6,18640908,0,22,71,3
5,24,18640531,0,22,71,10
8,22,18640807,0,22,71,9
9,1,18640927,0,22,71,1
12,1,18641217,0,22,71,1
4,1,18640408,0,22,71,1
3,1,18640304,0,22,71,1
6,19,18640609,0,22,71,6
5,20,18640531,0,22,71,7
4,1,18640423,0,22,71,1
9,16,18640903,0,22,71,4
6,16,18640614,0,22,71,4
9,16,18640901,0,22,71,4
12,3,18641224,0,22,71,1
9,16,18640904,0,22,71,4
3,3,18640306,0,22,71,1
6,16,18640609,0,22,71,4
2,3,18640204,0,22,71,1
2,3,18640219,0,22,71,1
6,6,18640622,0,22,71,3
6,24,18640615,0,22,71,10
3,1,18640327,0,22,71,1
5,19,18640526,0,22,71,6
8,16,18640818,0,22,71,4
5,26,18640516,0,22,71,12
12,1,18641214,0,22,71,1
4,4,18640411,0,22,71,1
6,16,18640627,0,22,71,4
5,16,18640506,0,22,71,4
8,1,18640828,0,22,71,1
8,20,18640810,0,22,71,7
5,1,18640506,0,22,71,1
7,19,18640708,0,22,71,6
4,19,18640430,0,22,71,6
1,3,18640128,0,22,71,1
9,24,18640913,0,22,71,10
7,16,18640707,0,22,71,4
4,1,18640415,0,22,71,1
2,3,18640202,0,22,71,1
6,6,18640614,0,22,71,3
8,26,18640813,0,22,71,12
9,21,18640911,0,22,71,8
3,1,18640326,0,22,71,1
6,24,18640610,0,22,71,10
6,6,18640617,0,22,71,3
6,27,18640607,0,22,71,12
8,6,18640809,0,22,71,3
12,1,18641206,0,22,71,1
9,3,18640925,0,22,71,1
11,3,18641113,0,22,71,1
9,1,18640922,0,22,71,1
8,22,18640815,0,22,71,9
2,1,18640215,0,22,71,1
8,27,18640814,0,22,71,12
7,26,18640720,0,22,71,12
8,21,18640830,0,22,71,8
5,1,18640508,0,22,71,1
7,22,18640723,0,22,71,9
5,5,18640530,0,22,71,2
5,20,18640519,0,22,71,7
1,3,18640105,0,22,71,1
7,22,18640703,0,22,71,9
7,22,18640717,0,22,71,9
7,27,18640711,0,22,71,12
7,20,18640716,0,22,71,7
9,3,18640926,0,22,71,1
10,1,18641024,0,22,71,1
5,1,18640507,0,22,71,1
9,5,18640923,0,22,71,2
9,6,18640915,0,22,71,3
12,1,18641230,0,22,71,1
6,0,18640614,0,22,72,0
3,1,18640305,0,22,72,1
5,0,18640509,0,22,72,0
7,22,18640712,0,22,72,9
5,6,18640513,0,22,72,3
9,5,18640903,0,22,72,2
5,6,18640531,0,22,72,3
8,21,18640816,0,22,72,8
5,6,18640520,0,22,72,3
5,0,18640519,0,22,72,0
12,1,18641216,0,22,72,1
2,3,18640213,0,22,72,1
10,3,18641021,0,22,72,1
12,1,18641208,0,22,72,1
4,3,18640409,0,22,72,1
1,3,18640104,0,22,72,1
3,3,18640327,0,22,72,1
7,5,18640721,0,22,72,2
8,23,18640828,0,22,72,10
7,6,18640702,0,22,72,3
10,5,18641027,0,22,72,2
2,3,18640227,0,22,72,1
3,1,18640306,0,22,72,1
6,21,18640615,0,22,72,8
7,5,18640719,0,22,72,2
12,1,18641221,0,22,72,1
6,20,18640605,0,22,72,7
6,23,18640628,0,22,72,10
9,5,18640922,0,22,72,2
8,20,18640802,0,22,72,7
9,23,18640913,0,22,72,10
1,1,18640107,0,22,72,1
6,19,18640630,0,22,72,6
1,3,18640115,0,22,72,1
1,3,18640130,0,22,72,1
5,20,18640518,0,22,72,7
8,16,18640819,0,22,72,4
12,1,18641225,0,22,72,1
4,1,18640412,0,22,72,1
12,4,18641201,0,22,72,1
4,4,18640403,0,22,72,1
4,1,18640422,0,22,72,1
3,1,18640328,0,22,72,1
5,24,18640528,0,22,72,10
7,19,18640721,0,22,72,6
7,19,18640707,0,22,72,6
5,16,18640524,0,22,72,4
6,19,18640627,0,22,72,6
7,19,18640709,0,22,72,6
9,1,18640929,0,22,72,1
2,3,18640222,0,22,72,1
7,19,18640704,0,22,72,6
3,1,18640301,0,22,72,1
7,19,18640703,0,22,72,6
8,27,18640802,0,22,72,12
12,1,18641231,0,22,72,1
6,27,18640619,0,22,72,12
6,5,18640618,0,22,72,2
9,24,18640914,0,22,72,10
6,22,18640611,0,22,72,9
6,27,18640605,0,22,72,12
5,26,18640517,0,22,72,12
11,3,18641115,0,22,72,1
6,21,18640621,0,22,72,8
6,22,18640610,0,22,72,9
7,27,18640724,0,22,72,12
7,5,18640710,0,22,72,2
5,23,18640525,0,22,72,10
5,5,18640518,0,22,72,2
6,6,18640611,0,22,72,3
10,1,18641026,0,22,72,1
4,24,18640425,0,22,72,10
7,21,18640703,0,22,72,8
8,26,18640815,0,22,72,12
5,21,18640519,0,22,72,8
12,1,18641207,0,22,72,1
9,24,18640912,0,22,72,10
9,0,18640929,0,22,72,0
9,23,18640926,0,22,72,10
4,0,18640404,0,22,72,0
9,6,18640916,0,22,72,3
9,22,18640917,0,22,72,9
9,23,18640930,0,22,72,10
9,0,18640927,0,22,72,0
5,0,18640517,0,22,72,0
7,6,18640715,0,22,72,3
7,6,18640726,0,22,72,3
8,24,18640828,0,23,73,10
9,23,18640903,0,23,73,10
7,27,18640712,0,23,73,12
6,6,18640609,0,23,73,3
9,22,18640909,0,23,73,9
6,21,18640606,0,23,73,8
7,6,18640713,0,23,73,3
9,27,18640908,0,23,73,12
5,6,18640516,0,23,73,3
3,1,18640307,0,23,73,1
2,1,18640225,0,23,73,1
12,1,18641223,0,23,73,1
1,3,18640114,0,23,73,1
7,6,18640718,0,23,73,3
9,3,18640918,0,23,73,1
11,3,18641122,0,23,73,1
12,3,18641216,0,23,73,1
4,3,18640422,0,23,73,1
7,20,18640726,0,23,73,7
12,1,18641220,0,23,73,1
7,16,18640704,0,23,73,4
7,21,18640718,0,23,73,8
5,21,18640531,0,23,73,8
9,21,18640909,0,23,73,8
9,16,18640909,0,23,73,4
6,22,18640614,0,23,73,9
6,19,18640626,0,23,73,6
6,6,18640607,0,23,73,3
8,27,18640828,0,23,73,12
8,23,18640827,0,23,73,10
3,3,18640329,0,23,73,1
8,16,18640823,0,23,73,4
5,22,18640516,0,23,73,9
1,1,18640130,0,23,73,1
6,21,18640612,0,23,73,8
5,21,18640515,0,23,73,8
6,22,18640615,0,23,73,9
7,20,18640723,0,23,73,7
7,16,18640725,0,23,73,4
2,3,18640229,0,23,73,1
8,5,18640803,0,23,73,2
4,3,18640421,0,23,73,1
3,1,18640310,0,23,73,1
7,19,18640722,0,23,73,6
7,19,18640728,0,23,73,6
3,1,18640329,0,23,73,1
7,22,18640728,0,23,73,9
3,1,18640317,0,23,73,1
12,1,18641210,0,23,73,1
6,6,18640621,0,23,73,3
5,23,18640522,0,23,73,10
7,27,18640727,0,23,73,12
4,23,18640428,0,23,73,10
7,21,18640728,0,23,73,8
6,21,18640608,0,23,73,8
3,1,18640330,0,23,73,1
10,1,18641012,0,23,73,1
9,24,18640930,0,23,73,10
6,20,18640607,0,23,73,7
10,0,18641007,0,23,73,0
6,20,18640602,0,23,73,7
2,3,18640221,0,23,73,1
8,6,18640815,0,23,73,3
5,0,18640512,0,23,73,0
7,6,18640719,0,23,73,3
2,1,18640204,0,23,73,1
7,21,18640715,0,23,73,8
5,0,18640521,0,23,73,0
9,0,18640930,0,23,73,0
9,5,18640905,0,23,73,2
6,20,18640630,0,23,73,7
11,1,18641111,0,23,73,1
5,20,18640521,0,23,73,7
5,5,18640522,0,23,73,2
12,3,18641222,0,23,73,1
9,23,18640915,0,23,73,10
5,0,18640525,0,23,73,0
9,0,18640922,0,23,73,0
6,6,18640620,0,23,73,3
10,0,18641018,0,23,73,0
6,21,18640604,0,23,73,8
8,21,18640805,0,23,73,8
7,21,18640730,0,23,74,8
10,1,18641022,0,23,74,1
10,1,18641020,0,23,74,1
7,26,18640716,0,23,74,12
7,6,18640716,0,23,74,3
7,5,18640704,0,23,74,2
5,21,18640518,0,23,74,8
6,27,18640606,0,23,74,12
2,3,18640206,0,23,74,1
9,23,18640905,0,23,74,10
4,24,18640426,0,23,74,10
12,1,18641222,0,23,74,1
8,21,18640807,0,23,74,8
1,3,18640121,0,23,74,1
7,6,18640710,0,23,74,3
8,20,18640804,0,23,74,7
9,0,18640923,0,23,74,0
4,20,18640426,0,23,74,7
9,1,18640923,0,23,74,1
7,27,18640725,0,23,74,12
9,1,18640913,0,23,74,1
7,20,18640728,0,23,74,7
7,5,18640727,0,23,74,2
8,21,18640831,0,23,74,8
4,23,18640425,0,23,74,10
2,3,18640228,0,23,74,1
7,16,18640710,0,23,74,4
3,3,18640326,0,23,74,1
5,5,18640521,0,23,74,2
4,4,18640405,0,23,74,1
7,27,18640710,0,23,74,12
3,1,18640323,0,23,74,1
11,1,18641117,0,23,74,1
11,4,18641115,0,23,74,1
6,5,18640611,0,23,74,2
6,21,18640611,0,23,74,8
12,3,18641219,0,23,74,1
8,19,18640812,0,23,74,6
5,23,18640503,0,23,74,10
6,22,18640608,0,23,74,9
4,4,18640413,0,23,74,1
8,19,18640814,0,23,74,6
5,16,18640517,0,23,74,4
7,19,18640720,0,23,74,6
6,16,18640615,0,23,74,4
2,3,18640214,0,23,74,1
10,3,18641022,0,23,74,1
8,5,18640817,0,23,74,2
8,16,18640826,0,23,74,4
5,21,18640516,0,23,74,8
5,23,18640516,0,23,74,10
5,19,18640519,0,23,74,6
7,19,18640705,0,23,74,6
1,1,18640108,0,23,74,1
5,16,18640527,0,23,74,4
6,24,18640628,0,23,74,10
9,6,18640909,0,23,74,3
6,20,18640622,0,23,74,7
9,23,18640914,0,23,74,10
7,16,18640703,0,23,74,4
6,5,18640625,0,23,74,2
8,6,18640803,0,23,74,3
1,1,18640113,0,23,74,1
10,1,18641004,0,23,74,1
8,22,18640820,0,23,74,9
9,23,18640925,0,23,74,10
5,27,18640513,0,23,74,12
6,20,18640624,0,23,74,7
8,26,18640814,0,23,74,12
7,6,18640722,0,23,74,3
9,5,18640907,0,23,74,2
12,3,18641231,0,23,74,1
3,1,18640331,0,23,74,1
7,20,18640724,0,23,74,7
4,5,18640427,0,23,74,2
1,3,18640102,0,23,74,1
5,23,18640526,0,23,74,10
7,27,18640728,0,23,74,12
8,22,18640831,0,23,74,9
9,23,18640924,0,23,74,10
4,23,18640426,0,23,74,10
7,27,18640709,0,23,74,12
9,1,18640924,0,23,74,1
6,23,18640610,0,23,74,10
10,0,18641025,0,24,74,0
8,24,18640819,0,24,74,10
9,20,18640909,0,24,74,7
9,24,18640918,0,24,74,10
4,5,18640426,0,24,74,2
9,24,18640921,0,24,74,10
5,0,18640511,0,24,74,0
6,20,18640608,0,24,74,7
9,0,18640920,0,24,74,0
9,0,18640921,0,24,74,0
2,3,18640207,0,24,74,1
9,0,18640924,0,24,74,0
5,0,18640524,0,24,74,0
5,0,18640510,0,24,74,0
5,6,18640519,0,24,74,3
6,5,18640626,0,24,74,2
9,0,18640928,0,24,74,0
7,27,18640722,0,24,74,12
6,21,18640601,0,24,74,8
1,3,18640124,0,24,74,1
12,1,18641227,0,24,74,1
9,24,18640915,0,24,74,10
3,1,18640308,0,24,74,1
8,20,18640807,0,24,74,7
5,27,18640515,0,24,74,12
5,24,18640529,0,24,74,10
8,5,18640804,0,24,74,2
7,21,18640724,0,24,74,8
8,21,18640820,0,24,74,8
8,24,18640829,0,24,75,10
12,1,18641201,0,24,75,1
1,1,18640114,0,24,75,1
11,3,18641116,0,24,75,1
5,24,18640526,0,24,75,10
5,23,18640531,0,24,75,10
9,24,18640916,0,24,75,10
3,1,18640309,0,24,75,1
10,1,18641013,0,24,75,1
7,22,18640724,0,24,75,9
8,6,18640830,0,24,75,3
5,23,18640523,0,24,75,10
8,20,18640822,0,24,75,7
2,1,18640205,0,24,75,1
6,23,18640614,0,24,75,10
12,1,18641224,0,24,75,1
8,5,18640831,0,24,75,2
3,1,18640302,0,24,75,1
6,20,18640601,0,24,75,7
8,21,18640809,0,24,75,8
7,19,18640706,0,24,75,6
1,1,18640106,0,24,75,1
8,16,18640802,0,24,75,4
4,1,18640403,0,24,75,1
4,1,18640401,0,24,75,1
3,3,18640328,0,24,75,1
7,19,18640710,0,24,75,6
4,1,18640402,0,24,75,1
4,3,18640415,0,24,75,1
7,16,18640701,0,24,75,4
6,20,18640609,0,24,75,7
9,20,18640902,0,24,75,7
4,1,18640411,0,24,75,1
9,3,18640921,0,24,75,1
3,1,18640324,0,24,75,1
4,4,18640401,0,24,75,1
12,3,18641218,0,24,75,1
7,6,18640729,0,24,75,3
12,4,18641217,0,24,75,1
1,3,18640111,0,24,75,1
8,20,18640816,0,24,75,7
7,19,18640719,0,24,75,6
11,3,18641109,0,24,75,1
7,19,18640717,0,24,75,6
12,3,18641202,0,24,75,1
7,20,18640715,0,24,75,7
12,4,18641231,0,24,75,1
2,1,18640216,0,24,75,1
5,16,18640531,0,24,75,4
7,16,18640722,0,24,75,4
11,1,18641108,0,24,75,1
6,21,18640623,0,24,75,8
3,0,18640305,0,24,75,0
8,22,18640805,0,24,75,9
6,0,18640615,0,24,75,0
6,0,18640620,0,24,75,0
9,24,18640919,0,24,75,10
10,0,18641006,0,24,75,0
6,0,18640616,0,24,75,0
3,3,18640309,0,24,75,1
7,27,18640729,0,24,75,12
6,24,18640629,0,24,75,10
4,1,18640404,0,24,75,1
8,22,18640808,0,24,75,9
7,6,18640717,0,24,75,3
8,5,18640820,0,24,75,2
7,21,18640722,0,24,75,8
9,0,18640914,0,24,75,0
8,21,18640808,0,24,75,8
8,22,18640809,0,24,75,9
9,24,18640922,0,24,75,10
9,22,18640910,0,24,75,9
8,0,18640829,0,24,75,0
6,0,18640618,0,24,75,0
12,1,18641229,0,24,75,1
3,1,18640325,0,24,75,1
5,27,18640514,0,24,75,12
7,20,18640718,0,24,75,7
6,5,18640609,0,24,75,2
1,1,18640111,0,24,75,1
6,5,18640619,0,24,75,2
7,6,18640714,0,24,75,3
7,6,18640723,0,24,75,3
6,22,18640623,0,24,75,9
4,24,18640427,0,24,76,10
8,6,18640804,0,24,76,3
6,6,18640613,0,24,76,3
6,6,18640612,0,24,76,3
8,20,18640831,0,24,76,7
8,24,18640827,0,24,76,10
7,20,18640730,0,24,76,7
6,24,18640630,0,24,76,10
8,27,18640815,0,24,76,12
3,3,18640307,0,24,76,1
5,24,18640516,0,24,76,10
1,3,18640107,0,24,76,1
2,1,18640209,0,24,76,1
5,24,18640501,0,24,76,10
8,23,18640829,0,24,76,10
6,22,18640612,0,24,76,9
12,1,18641203,0,24,76,1
4,24,18640428,0,24,76,10
7,27,18640715,0,24,76,12
12,3,18641207,0,24,76,1
5,4,18640503,0,24,76,1
7,19,18640718,0,24,76,6
5,24,18640511,0,24,76,10
5,26,18640519,0,24,76,12
6,16,18640618,0,24,76,4
6,23,18640629,0,24,76,10
12,4,18641210,0,24,76,1
4,1,18640410,0,24,76,1
5,21,18640521,0,24,76,8
5,19,18640518,0,24,76,6
7,27,18640717,0,24,76,12
7,16,18640713,0,24,76,4
1,1,18640101,0,24,76,1
8,16,18640803,0,24,76,4
2,1,18640226,0,24,76,1
8,19,18640813,0,24,76,6
8,16,18640804,0,24,76,4
11,3,18641112,0,24,76,1
8,19,18640815,0,24,76,6
8,23,18640830,0,24,76,10
6,21,18640614,0,24,76,8
7,27,18640726,0,24,76,12
6,0,18640604,0,24,76,0
6,0,18640617,0,24,76,0
6,0,18640606,0,24,76,0
6,5,18640604,0,24,76,2
3,3,18640312,0,24,76,1
6,0,18640621,0,24,76,0
8,6,18640806,0,24,76,3
6,20,18640606,0,24,76,7
7,27,18640723,0,24,76,12
9,0,18640926,0,24,76,0
6,0,18640608,0,24,76,0
7,21,18640717,0,24,76,8
10,0,18641004,0,24,76,0
5,23,18640517,0,24,76,10
7,27,18640713,0,24,76,12
7,6,18640712,0,24,76,3
11,3,18641111,0,24,76,1
8,6,18640801,0,25,76,3
8,27,18640806,0,25,76,12
7,5,18640728,0,25,76,2
5,23,18640518,0,25,76,10
7,27,18640720,0,25,76,12
8,6,18640808,0,25,76,3
9,23,18640916,0,25,76,10
1,1,18640103,0,25,76,1
7,6,18640730,0,25,76,3
9,24,18640923,0,25,76,10
9,24,18640904,0,25,76,10
6,20,18640604,0,25,76,7
2,1,18640218,0,25,76,1
12,1,18641213,0,25,76,1
7,6,18640727,0,25,76,3
4,1,18640414,0,25,76,1
9,24,18640926,0,25,76,10
5,23,18640530,0,25,77,10
5,5,18640517,0,25,77,2
9,1,18640914,0,25,77,1
6,23,18640615,0,25,77,10
6,21,18640609,0,25,77,8
4,1,18640413,0,25,77,1
3,1,18640318,0,25,77,1
8,20,18640820,0,25,77,7
9,23,18640919,0,25,77,10
6,20,18640611,0,25,77,7
5,20,18640516,0,25,77,7
8,16,18640825,0,25,77,4
6,0,18640609,0,25,77,0
7,27,18640730,0,25,77,12
5,0,18640526,0,25,77,0
9,5,18640902,0,25,77,2
7,16,18640705,0,25,77,4
6,0,18640607,0,25,77,0
8,23,18640814,0,25,77,10
8,0,18640830,0,25,77,0
5,5,18640516,0,25,77,2
8,23,18640813,0,25,77,10
6,0,18640630,0,25,77,0
10,0,18641024,0,25,77,0
6,0,18640610,0,25,77,0
1,3,18640120,0,25,77,1
7,20,18640711,0,25,77,7
6,0,18640629,0,25,77,0
5,0,18640523,0,25,77,0
6,0,18640627,0,25,77,0
4,0,18640425,0,25,77,0
6,0,18640628,0,25,77,0
8,20,18640808,0,25,77,7
8,6,18640807,0,25,77,3
6,22,18640609,0,25,77,9
5,26,18640518,0,25,77,12
10,3,18641019,0,25,77,1
8,27,18640807,0,25,77,12
7,22,18640722,0,25,77,9
9,21,18640910,0,25,77,8
5,5,18640531,0,25,77,2
12,3,18641210,0,25,77,1
4,1,18640409,0,25,77,1
1,3,18640116,0,25,77,1
4,23,18640427,0,25,77,10
8,6,18640831,0,25,77,3
2,1,18640217,0,25,77,1
8,20,18640823,0,25,77,7
9,5,18640909,0,25,78,2
1,1,18640121,0,25,78,1
11,3,18641106,0,25,78,1
9,24,18640917,0,25,78,10
5,27,18640516,0,25,78,12
7,6,18640728,0,25,78,3
4,3,18640413,0,25,78,1
7,23,18640714,0,25,78,10
7,5,18640714,0,25,78,2
9,23,18640917,0,25,78,10
5,6,18640517,0,25,78,3
3,1,18640311,0,25,78,1
6,5,18640608,0,25,78,2
6,24,18640614,0,25,78,10
5,24,18640503,0,25,78,10
6,20,18640615,0,25,78,7
3,1,18640313,0,25,78,1
1,1,18640118,0,26,78,1
10,0,18641001,0,26,78,0
1,1,18640127,0,26,78,1
8,0,18640827,0,26,78,0
10,0,18641005,0,26,78,0
6,20,18640612,0,26,78,7
6,0,18640625,0,26,78,0
5,0,18640528,0,26,78,0
7,21,18640712,0,26,78,8
9,0,18640909,0,26,78,0
7,23,18640703,0,26,78,10
7,5,18640713,0,26,78,2
7,21,18640711,0,26,78,8
9,24,18640925,0,26,78,10
7,22,18640729,0,26,78,9
7,6,18640720,0,26,78,3
7,21,18640731,0,26,78,8
11,1,18641121,0,26,78,1
3,3,18640310,0,26,78,1
11,1,18641122,0,26,78,1
7,22,18640731,0,26,78,9
2,3,18640215,0,26,78,1
8,16,18640824,0,26,78,4
5,27,18640519,0,26,78,12
7,16,18640712,0,26,78,4
12,4,18641224,0,26,78,1
2,1,18640220,0,26,78,1
4,4,18640406,0,26,78,1
3,1,18640312,0,26,78,1
7,6,18640721,0,26,78,3
12,1,18641209,0,26,78,1
5,24,18640522,0,26,78,10
7,5,18640724,0,26,78,2
1,1,18640109,0,26,78,1
7,16,18640702,0,26,78,4
7,16,18640724,0,26,78,4
8,27,18640805,0,26,78,12
9,0,18640915,0,26,78,0
1,1,18640122,0,26,78,1
1,1,18640128,0,26,78,1
2,1,18640221,0,26,78,1
8,27,18640812,0,26,78,12
8,27,18640803,0,26,78,12
9,24,18640903,0,26,78,10
2,1,18640222,0,26,78,1
7,22,18640711,0,26,78,9
6,5,18640606,0,26,78,2
9,24,18640924,0,26,78,10
8,27,18640829,0,26,78,12
8,24,18640830,0,26,78,10
6,5,18640623,0,26,78,2
3,1,18640303,0,26,78,1
7,21,18640725,0,26,79,8
11,1,18641104,0,26,79,1
7,23,18640704,0,26,79,10
5,6,18640518,0,26,79,3
7,21,18640729,0,26,79,8
5,0,18640520,0,26,79,0
7,20,18640729,0,26,79,7
8,0,18640813,0,26,79,0
6,20,18640623,0,26,79,7
5,24,18640524,0,26,79,10
5,23,18640508,0,26,79,10
8,24,18640820,0,26,79,10
7,0,18640701,0,26,79,0
3,0,18640304,0,26,79,0
7,5,18640715,0,26,79,2
9,0,18640919,0,26,79,0
9,20,18640901,0,26,79,7
5,5,18640519,0,26,79,2
8,24,18640814,0,26,79,10
6,23,18640611,0,26,79,10
9,0,18640908,0,26,79,0
7,0,18640702,0,26,79,0
6,0,18640611,0,26,79,0
3,3,18640301,0,26,79,1
7,16,18640708,0,26,79,4
6,23,18640617,0,26,79,10
7,20,18640717,0,26,79,7
9,3,18640920,0,26,79,1
4,3,18640411,0,26,79,1
12,1,18641218,0,26,79,1
9,20,18640910,0,26,79,7
5,16,18640521,0,26,79,4
7,16,18640726,0,26,79,4
4,3,18640403,0,26,79,1
4,1,18640407,0,26,79,1
6,16,18640621,0,26,79,4
10,3,18641010,0,26,79,1
2,3,18640201,0,26,79,1
6,16,18640617,0,26,79,4
8,16,18640817,0,26,79,4
7,19,18640716,0,26,79,6
8,16,18640805,0,26,79,4
1,3,18640122,0,26,79,1
6,24,18640613,0,26,79,10
8,27,18640813,0,26,79,12
7,27,18640714,0,26,79,12
6,5,18640612,0,26,79,2
8,24,18640811,0,26,79,10
6,23,18640625,0,26,79,10
7,22,18640725,0,26,79,9
8,23,18640819,0,26,79,10
9,24,18640906,0,26,79,10
6,5,18640622,0,26,79,2
7,5,18640725,0,26,79,2
9,5,18640901,0,26,79,2
2,1,18640206,0,26,79,1
9,24,18640905,0,26,80,10
6,23,18640616,0,26,80,10
5,23,18640521,0,26,80,10
6,5,18640610,0,26,80,2
6,20,18640610,0,26,80,7
8,24,18640825,0,26,80,10
8,22,18640806,0,26,80,9
9,0,18640902,0,26,80,0
7,0,18640712,0,26,80,0
7,6,18640731,0,26,80,3
7,20,18640731,0,26,80,7
8,0,18640826,0,26,80,0
9,0,18640907,0,26,80,0
9,0,18640905,0,26,80,0
5,23,18640519,0,26,80,10
10,0,18641008,0,26,80,0
7,5,18640716,0,26,80,2
6,5,18640624,0,26,80,2
6,0,18640624,0,26,80,0
10,0,18641003,0,26,80,0
5,0,18640527,0,26,80,0
9,0,18640916,0,26,80,0
9,0,18640901,0,26,80,0
11,3,18641110,0,26,80,1
8,0,18640831,0,26,80,0
7,23,18640710,0,26,80,10
1,1,18640102,0,27,80,1
1,1,18640131,0,27,80,1
5,24,18640521,0,27,80,10
8,23,18640812,0,27,80,10
6,20,18640614,0,27,80,7
9,20,18640911,0,27,80,7
7,20,18640722,0,27,80,7
8,20,18640805,0,27,80,7
8,16,18640806,0,27,80,4
7,19,18640711,0,27,80,6
6,16,18640620,0,27,80,4
2,1,18640201,0,27,80,1
11,1,18641102,0,27,80,1
11,3,18641101,0,27,80,1
1,1,18640125,0,27,80,1
7,6,18640711,0,27,80,3
8,16,18640812,0,27,80,4
2,1,18640207,0,27,80,1
4,3,18640414,0,27,80,1
9,24,18640902,0,27,80,10
8,16,18640815,0,27,80,4
3,3,18640308,0,27,80,1
7,16,18640729,0,27,80,4
8,6,18640805,0,27,80,3
9,23,18640912,0,27,80,10
9,23,18640918,0,27,80,10
7,5,18640730,0,27,80,2
11,1,18641112,0,27,80,1
8,23,18640831,0,27,80,10
1,1,18640119,0,27,80,1
9,23,18640906,0,27,80,10
8,20,18640809,0,27,80,7
5,24,18640517,0,27,80,10
1,1,18640115,0,27,80,1
5,27,18640517,0,27,80,12
7,5,18640718,0,27,80,2
6,24,18640616,0,27,80,10
5,24,18640530,0,27,80,10
6,0,18640603,0,27,81,0
7,0,18640706,0,27,81,0
9,0,18640910,0,27,81,0
8,0,18640809,0,27,81,0
8,0,18640805,0,27,81,0
6,23,18640604,0,27,81,10
8,0,18640804,0,27,81,0
5,23,18640520,0,27,81,10
9,0,18640903,0,27,81,0
7,0,18640725,0,27,81,0
7,0,18640713,0,27,81,0
5,0,18640530,0,27,81,0
7,0,18640722,0,27,81,0
8,0,18640808,0,27,81,0
9,0,18640906,0,27,81,0
6,5,18640601,0,27,81,2
6,21,18640613,0,27,81,8
3,1,18640314,0,27,81,1
5,24,18640523,0,27,81,10
7,5,18640711,0,27,81,2
6,23,18640626,0,27,81,10
7,20,18640712,0,27,81,7
7,23,18640702,0,27,81,10
7,19,18640715,0,27,81,6
7,19,18640712,0,27,81,6
7,16,18640730,0,27,81,4
8,19,18640816,0,27,81,6
8,16,18640816,0,27,81,4
11,1,18641123,0,27,81,1
5,24,18640518,0,27,81,10
1,3,18640125,0,27,81,1
1,1,18640129,0,27,81,1
7,16,18640717,0,27,81,4
7,20,18640725,0,27,81,7
6,16,18640619,0,27,81,4
6,24,18640604,0,27,81,10
9,24,18640901,0,27,81,10
9,5,18640910,0,27,81,2
8,5,18640805,0,27,81,2
6,23,18640607,0,27,81,10
6,20,18640613,0,27,81,7
6,24,18640603,0,27,81,10
8,5,18640822,0,27,81,2
4,3,18640412,0,27,81,1
6,5,18640605,0,27,81,2
7,24,18640702,0,27,81,10
6,24,18640609,0,27,81,10
7,5,18640726,0,27,81,2
8,24,18640831,0,27,81,10
7,24,18640701,0,27,81,10
8,23,18640811,0,27,81,10
7,27,18640719,0,27,81,12
7,0,18640719,0,28,82,0
8,0,18640801,0,28,82,0
6,23,18640608,0,28,82,10
11,1,18641113,0,28,82,1
8,0,18640817,0,28,82,0
6,0,18640601,0,28,82,0
5,27,18640518,0,28,82,12
6,0,18640602,0,28,82,0
9,0,18640913,0,28,82,0
6,23,18640630,0,28,82,10
9,0,18640917,0,28,82,0
9,23,18640902,0,28,82,10
7,0,18640720,0,28,82,0
7,0,18640707,0,28,82,0
7,0,18640718,0,28,82,0
6,5,18640615,0,28,82,2
7,0,18640723,0,28,82,0
7,0,18640711,0,28,82,0
8,24,18640813,0,28,82,10
8,0,18640803,0,28,82,0
7,0,18640721,0,28,82,0
8,0,18640812,0,28,82,0
8,24,18640823,0,28,82,10
6,24,18640618,0,28,82,10
6,24,18640627,0,28,82,10
9,24,18640907,0,28,82,10
2,1,18640219,0,28,82,1
11,3,18641102,0,28,82,1
7,24,18640710,0,28,82,10
6,23,18640618,0,28,82,10
6,23,18640621,0,28,82,10
7,16,18640709,0,28,82,4
7,16,18640727,0,28,82,4
4,3,18640406,0,28,82,1
7,16,18640723,0,28,82,4
7,27,18640718,0,28,82,12
7,27,18640716,0,28,82,12
8,27,18640804,0,28,82,12
7,5,18640729,0,28,82,2
11,3,18641119,0,28,82,1
8,16,18640807,0,28,82,4
6,22,18640613,0,28,82,9
11,1,18641103,0,28,82,1
3,3,18640302,0,28,82,1
8,16,18640813,0,28,82,4
12,4,18641223,0,28,82,1
5,24,18640519,0,28,82,10
6,5,18640602,0,28,82,2
6,24,18640611,0,28,82,10
7,5,18640731,0,28,82,2
2,1,18640203,0,28,82,1
7,0,18640730,0,28,82,0
8,0,18640825,0,28,82,0
8,21,18640801,0,28,82,8
8,0,18640822,0,28,82,0
8,0,18640802,0,28,82,0
8,0,18640806,0,28,82,0
8,0,18640816,0,28,82,0
2,1,18640223,0,28,82,1
4,0,18640423,0,28,82,0
7,0,18640705,0,28,82,0
8,0,18640811,0,28,82,0
6,23,18640603,0,28,82,10
6,0,18640622,0,28,82,0
6,23,18640620,0,28,82,10
6,5,18640607,0,28,83,2
5,24,18640520,0,28,83,10
7,24,18640708,0,28,83,10
8,23,18640815,0,28,83,10
7,24,18640707,0,28,83,10
7,23,18640711,0,28,83,10
6,24,18640608,0,28,83,10
7,23,18640705,0,28,83,10
12,1,18641228,0,28,83,1
6,24,18640617,0,28,83,10
9,24,18640911,0,28,83,10
8,24,18640812,0,28,83,10
8,24,18640822,0,28,83,10
6,24,18640620,0,28,83,10
9,1,18640926,0,28,83,1
6,24,18640612,0,28,83,10
6,16,18640616,0,28,83,4
4,3,18640402,0,28,83,1
8,21,18640806,0,28,83,8
7,19,18640714,0,28,83,6
7,19,18640713,0,28,83,6
4,4,18640412,0,28,83,1
4,3,18640404,0,28,83,1
4,3,18640405,0,28,83,1
8,16,18640814,0,28,83,4
7,16,18640714,0,28,83,4
9,24,18640910,0,28,83,10
7,24,18640714,0,28,83,10
9,23,18640911,0,28,83,10
8,5,18640810,0,28,83,2
9,24,18640908,0,28,83,10
7,23,18640701,0,28,83,10
1,1,18640105,0,28,83,1
9,5,18640911,0,28,83,2
7,23,18640707,0,28,83,10
6,23,18640613,0,28,83,10
7,23,18640724,0,28,83,10
6,23,18640627,0,28,83,10
8,0,18640810,0,28,83,0
8,23,18640818,0,28,83,10
6,0,18640623,0,28,83,0
7,0,18640714,0,28,83,0
4,1,18640406,0,29,83,1
4,1,18640405,0,29,83,1
3,3,18640324,0,29,83,1
7,24,18640705,0,29,83,10
7,24,18640703,0,29,84,10
7,23,18640726,0,29,84,10
1,1,18640123,0,29,84,1
6,23,18640605,0,29,84,10
7,23,18640709,0,29,84,10
3,3,18640313,0,29,84,1
7,23,18640715,0,29,84,10
8,23,18640817,0,29,84,10
7,24,18640704,0,29,84,10
8,24,18640821,0,29,84,10
7,16,18640715,0,29,84,4
9,24,18640909,0,29,84,10
7,16,18640706,0,29,84,4
8,22,18640801,0,29,84,9
9,0,18640912,0,29,84,0
3,3,18640311,0,29,84,1
9,23,18640907,0,29,84,10
5,0,18640531,0,29,84,0
8,23,18640820,0,29,84,10
8,5,18640808,0,29,84,2
6,5,18640613,0,29,84,2
3,3,18640330,0,29,84,1
7,23,18640725,0,29,84,10
12,3,18641201,0,29,84,1
2,1,18640202,0,29,85,1
8,23,18640825,0,29,85,10
6,23,18640619,0,29,85,10
9,23,18640901,0,29,85,10
6,16,18640630,0,29,85,4
7,16,18640718,0,29,85,4
7,16,18640711,0,29,85,4
7,5,18640717,0,29,85,2
1,3,18640131,0,29,85,1
4,3,18640401,0,30,85,1
7,0,18640708,0,30,85,0
8,24,18640824,0,30,85,10
7,23,18640729,0,30,85,10
6,5,18640614,0,30,85,2
6,23,18640612,0,30,85,10
6,23,18640606,0,30,85,10
8,23,18640824,0,30,85,10
11,1,18641110,0,30,85,1
6,24,18640607,0,30,85,10
12,1,18641211,0,30,85,1
6,24,18640619,0,30,85,10
8,20,18640806,0,30,86,7
7,24,18640709,0,30,86,10
7,23,18640719,0,30,86,10
8,20,18640801,0,30,86,7
9,23,18640908,0,30,86,10
8,24,18640818,0,30,86,10
8,5,18640806,0,30,86,2
8,23,18640822,0,30,86,10
9,23,18640910,0,30,86,10
7,23,18640708,0,30,86,10
7,23,18640712,0,30,86,10
11,1,18641107,0,30,86,1
6,24,18640606,0,30,86,10
6,24,18640621,0,30,86,10
9,23,18640909,0,30,86,10
8,16,18640811,0,30,86,4
12,3,18641209,0,30,86,1
7,0,18640704,0,30,86,0
8,0,18640820,0,30,86,0
11,4,18641120,0,30,86,1
1,1,18640116,0,30,86,1
6,23,18640623,0,30,86,10
8,0,18640824,0,30,86,0
1,3,18640109,0,30,86,1
7,0,18640729,0,30,86,0
8,23,18640803,0,30,86,10
7,0,18640728,0,30,86,0
7,23,18640706,0,30,86,10
7,24,18640715,0,30,86,10
8,5,18640801,0,30,86,2
8,24,18640815,0,30,86,10
8,0,18640823,0,30,86,0
7,23,18640713,0,30,87,10
6,24,18640625,0,30,87,10
7,24,18640706,0,30,87,10
8,5,18640823,0,30,87,2
1,1,18640110,0,30,87,1
7,23,18640717,0,30,87,10
7,5,18640712,0,30,87,2
6,24,18640624,0,30,87,10
8,5,18640809,0,31,87,2
6,16,18640624,0,31,87,4
1,3,18640118,0,31,87,1
7,16,18640719,0,31,87,4
6,24,18640626,0,31,87,10
3,3,18640331,0,31,87,1
6,16,18640623,0,31,87,4
7,24,18640711,0,31,87,10
1,1,18640124,0,31,87,1
7,23,18640727,0,31,87,10
6,24,18640622,0,31,87,10
7,24,18640719,0,31,87,10
7,24,18640726,0,31,87,10
8,24,18640803,0,31,87,10
7,24,18640718,0,31,87,10
7,23,18640718,0,31,87,10
3,1,18640315,0,31,87,1
7,24,18640722,0,31,87,10
8,24,18640816,0,31,88,10
8,23,18640821,0,31,88,10
6,24,18640605,0,31,88,10
6,23,18640624,0,31,88,10
7,23,18640728,0,31,88,10
8,23,18640804,0,31,88,10
8,23,18640807,0,31,88,10
7,23,18640716,0,31,88,10
7,0,18640716,0,31,88,0
7,0,18640715,0,31,88,0
12,4,18641208,0,31,88,1
6,16,18640626,0,31,88,4
7,24,18640725,0,31,88,10
7,16,18640716,0,31,88,4
7,16,18640728,0,31,88,4
8,24,18640817,0,31,88,10
7,16,18640720,0,31,88,4
8,16,18640801,0,31,88,4
6,16,18640622,0,31,88,4
7,24,18640712,0,31,88,10
7,24,18640724,0,31,88,10
7,23,18640730,0,31,88,10
8,23,18640823,0,31,88,10
2,3,18640217,0,31,88,1
6,23,18640622,0,31,88,10
7,23,18640731,0,31,88,10
12,1,18641219,0,31,88,1
6,24,18640623,0,32,89,10
7,23,18640720,0,32,89,10
7,24,18640716,0,32,89,10
7,24,18640728,0,32,89,10
7,24,18640720,0,32,89,10
1,3,18640119,0,32,89,1
2,3,18640216,0,32,89,1
12,3,18641217,0,32,89,1
7,23,18640723,0,32,89,10
8,23,18640816,0,32,89,10
8,0,18640818,0,32,90,0
7,0,18640709,0,32,90,0
7,24,18640721,0,32,90,10
7,0,18640727,0,32,90,0
8,23,18640810,0,32,90,10
7,24,18640730,0,32,90,10
8,5,18640807,0,32,90,2
8,5,18640802,0,32,90,2
8,24,18640804,0,32,90,10
7,23,18640722,0,32,90,10
1,1,18640117,0,32,90,1
7,24,18640713,0,32,90,10
7,16,18640731,0,32,90,4
7,24,18640727,0,32,90,10
11,3,18641120,0,32,90,1
7,24,18640723,0,32,90,10
7,23,18640721,0,32,90,10
7,24,18640731,0,33,91,10
2,1,18640208,0,33,91,1
7,24,18640717,0,33,91,10
12,1,18641202,0,33,91,1
7,24,18640729,0,33,91,10
8,24,18640810,0,33,91,10
8,0,18640819,0,33,91,0
8,24,18640801,0,33,92,10
8,23,18640806,0,33,92,10
11,3,18641130,0,33,92,1
12,3,18641208,0,33,92,1
3,3,18640314,0,33,92,1
8,16,18640809,0,33,92,4
8,24,18640809,0,33,92,10
8,23,18640801,0,34,92,10
8,23,18640805,0,34,92,10
8,24,18640807,0,34,92,10
8,16,18640810,0,34,93,4
1,3,18640103,0,34,93,1
6,16,18640625,0,34,93,4
8,24,18640808,0,34,93,10
1,1,18640120,0,34,93,1
12,3,18641223,0,34,93,1
7,0,18640726,0,34,93,0
8,23,18640808,0,34,93,10
1,1,18640104,0,34,94,1
1,1,18640126,0,34,94,1
8,16,18640808,0,34,94,4
2,3,18640218,0,34,94,1
8,23,18640802,0,35,94,10
8,24,18640806,0,35,94,10
8,23,18640809,0,35,95,10
8,24,18640805,0,36,96,10
8,24,18640802,0,36,96,10
1,3,18640108,0,36,97,1
