SCHOOL_YEAR,ULCS_NO,INCIDENT_TYPE,INCIDENT_COUNT,SCHOOL_ID
2013-2014,5260,5260,1,526
2013-2014,5340,5340,5,534
2013-2014,5350,5350,8,535
2013-2014,5370,5370,0,537
2013-2014,5450,5450,0,545
2013-2014,5480,5480,0,548
2013-2014,5510,5510,1,551
2013-2014,5520,5520,0,552
2013-2014,5530,5530,0,553
2013-2014,6010,6010,1,601
2013-2014,6050,6050,0,605
2013-2014,6210,6210,0,621
2013-2014,6250,6250,0,625
2013-2014,6300,6300,0,630
2013-2014,5320,5320,1,532
2013-2014,1060,1060,0,106
2013-2014,1100,1100,0,110
2013-2014,1130,1130,1,113
2013-2014,1230,1230,1,123
2013-2014,1230,1230,1,123
2013-2014,1330,1330,0,133
2013-2014,1330,1330,0,133
2013-2014,1330,1330,0,133
2013-2014,1360,1360,0,136
2013-2014,1420,1420,2,142
2013-2014,1460,1460,0,146
2013-2014,1470,1470,3,147
2013-2014,2010,2010,1,201
2013-2014,2010,2010,10,201
2013-2014,2020,2020,0,202
2013-2014,2090,2090,0,209
2013-2014,1420,1420,0,142
2013-2014,5330,5330,0,533
2013-2014,5340,5340,0,534
2013-2014,5340,5340,0,534
2013-2014,5430,5430,6,543
2013-2014,5430,5430,2,543
2013-2014,5530,5530,0,553
2013-2014,6060,6060,0,606
2013-2014,6070,6070,0,607
2013-2014,6070,6070,0,607
2013-2014,6260,6260,0,626
2013-2014,6380,6380,1,638
2013-2014,1440,1440,0,144
2013-2014,1460,1460,1,146
2013-2014,1460,1460,0,146
2013-2014,2010,2010,6,201
2013-2014,2130,2130,0,213
2013-2014,2240,2240,0,224
2013-2014,2320,2320,13,232
2013-2014,2320,2320,0,232
2013-2014,2340,2340,2,234
2013-2014,2370,2370,0,237
2013-2014,2510,2510,0,251
2013-2014,2520,2520,3,252
2013-2014,2580,2580,0,258
2013-2014,7400,7400,0,740
2013-2014,7470,7470,4,747
2013-2014,8120,8120,0,812
2013-2014,8250,8250,0,825
2013-2014,8310,8310,0,831
2013-2014,8340,8340,35,834
2013-2014,8360,8360,0,836
2013-2014,8400,8400,0,840
2013-2014,6310,6310,0,631
2013-2014,2720,2720,2,272
2013-2014,7320,7320,0,732
2013-2014,7360,7360,0,736
2013-2014,7390,7390,1,739
2013-2014,7510,7510,0,751
2013-2014,7730,7730,1,773
2013-2014,8010,8010,1,801
2013-2014,8030,8030,34,803
2013-2014,8040,8040,0,804
2013-2014,8040,8040,0,804
2013-2014,8140,8140,5,814
2013-2014,8250,8250,0,825
2013-2014,8270,8270,0,827
2013-2014,8340,8340,1,834
2013-2014,8350,8350,12,835
2013-2014,8390,8390,6,839
2013-2014,8430,8430,1,843
2013-2014,7220,7220,0,722
2013-2014,1010,1010,23,101
2013-2014,1050,1050,2,105
2013-2014,1060,1060,0,106
2013-2014,1080,1080,0,108
2013-2014,1230,1230,1,123
2013-2014,1300,1300,0,130
2013-2014,1350,1350,0,135
2013-2014,1370,1370,22,137
2013-2014,1390,1390,0,139
2013-2014,1390,1390,0,139
2013-2014,1400,1400,0,140
2013-2014,6440,6440,1,644
2013-2014,7110,7110,28,711
2013-2014,7150,7150,0,715
2013-2014,7270,7270,0,727
2013-2014,7280,7280,0,728
2013-2014,7310,7310,1,731
2013-2014,7350,7350,0,735
2013-2014,7360,7360,0,736
2013-2014,7510,7510,0,751
2013-2014,7730,7730,28,773
2013-2014,8010,8010,0,801
2013-2014,8010,8010,15,801
2013-2014,8020,8020,0,802
2013-2014,2190,2190,1,219
2013-2014,2240,2240,0,224
2013-2014,2410,2410,1,241
2013-2014,2490,2490,0,249
2013-2014,2650,2650,2,265
2013-2014,2650,2650,1,265
2013-2014,2690,2690,0,269
2013-2014,2630,2630,0,263
2013-2014,7130,7130,2,713
2013-2014,7260,7260,0,726
2013-2014,7310,7310,0,731
2013-2014,7320,7320,0,732
2013-2014,7330,7330,0,733
2013-2014,7440,7440,3,744
2013-2014,7490,7490,1,749
2013-2014,7500,7500,10,750
2013-2014,8030,8030,6,803
2013-2014,8040,8040,0,804
2013-2014,8090,8090,5,809
2013-2014,8090,8090,0,809
2013-2014,2650,2650,0,265
2013-2014,2690,2690,0,269
2013-2014,8260,8260,0,826
2013-2014,8340,8340,1,834
2013-2014,8390,8390,0,839
2013-2014,8400,8400,0,840
2013-2014,8400,8400,0,840
2013-2014,8430,8430,0,843
2013-2014,8430,8430,0,843
2013-2014,8560,8560,0,856
2013-2014,4020,4020,1,402
2013-2014,4300,4300,6,430
2013-2014,4320,4320,0,432
2013-2014,4380,4380,0,438
2013-2014,4460,4460,0,446
2013-2014,4470,4470,9,447
2013-2014,4480,4480,0,448
2013-2014,4530,4530,1,453
2013-2014,4570,4570,4,457
2013-2014,5020,5020,7,502
2013-2014,5020,5020,2,502
2013-2014,2140,2140,0,214
2013-2014,2160,2160,19,216
2013-2014,8340,8340,0,834
2013-2014,2210,2210,10,221
2013-2014,2340,2340,0,234
2013-2014,2340,2340,0,234
2013-2014,2370,2370,0,237
2013-2014,2390,2390,1,239
2013-2014,2540,2540,0,254
2013-2014,2630,2630,0,263
2013-2014,2640,2640,0,264
2013-2014,2650,2650,0,265
2013-2014,2670,2670,1,267
2013-2014,8370,8370,0,837
2013-2014,8390,8390,1,839
2013-2014,8400,8400,0,840
2013-2014,8430,8430,0,843
2013-2014,4020,4020,0,402
2013-2014,1130,1130,5,113
2013-2014,1280,1280,0,128
2013-2014,1290,1290,0,129
2013-2014,1390,1390,0,139
2013-2014,1420,1420,0,142
2013-2014,1440,1440,9,144
2013-2014,4030,4030,2,403
2013-2014,4060,4060,0,406
2013-2014,4140,4140,0,414
2013-2014,4270,4270,0,427
2013-2014,4280,4280,12,428
2013-2014,4300,4300,2,430
2013-2014,4320,4320,0,432
2013-2014,4350,4350,22,435
2013-2014,4440,4440,8,444
2013-2014,4440,4440,7,444
2013-2014,4460,4460,0,446
2013-2014,4480,4480,0,448
2013-2014,4320,4320,10,432
2013-2014,4440,4440,0,444
2013-2014,4460,4460,1,446
2013-2014,4460,4460,0,446
2013-2014,4460,4460,2,446
2013-2014,4530,4530,0,453
2013-2014,4570,4570,2,457
2013-2014,5020,5020,1,502
2013-2014,5070,5070,4,507
2013-2014,5080,5080,0,508
2013-2014,5230,5230,0,523
2013-2014,5390,5390,0,539
2013-2014,5150,5150,0,515
2013-2014,5150,5150,0,515
2013-2014,5250,5250,3,525
2013-2014,5260,5260,22,526
2013-2014,5260,5260,0,526
2013-2014,5340,5340,0,534
2013-2014,5410,5410,0,541
2013-2014,5430,5430,0,543
2013-2014,5480,5480,2,548
2013-2014,5500,5500,1,550
2013-2014,5680,5680,0,568
2013-2014,6010,6010,2,601
2013-2014,6020,6020,0,602
2013-2014,6050,6050,0,605
2013-2014,6070,6070,0,607
2013-2014,6210,6210,0,621
2013-2014,4320,4320,0,432
2013-2014,5020,5020,0,502
2013-2014,1260,1260,0,126
2013-2014,1260,1260,0,126
2013-2014,1290,1290,0,129
2013-2014,1300,1300,0,130
2013-2014,1330,1330,0,133
2013-2014,1360,1360,0,136
2013-2014,1380,1380,17,138
2013-2014,4240,4240,0,424
2013-2014,4350,4350,17,435
2013-2014,4350,4350,5,435
2013-2014,4350,4350,3,435
2013-2014,4460,4460,0,446
2013-2014,5050,5050,2,505
2013-2014,5070,5070,0,507
2013-2014,5080,5080,0,508
2013-2014,5160,5160,0,516
2013-2014,5250,5250,0,525
2013-2014,5250,5250,0,525
2013-2014,5250,5250,0,525
2013-2014,2130,2130,0,213
2013-2014,2190,2190,0,219
2013-2014,2190,2190,0,219
2013-2014,2240,2240,0,224
2013-2014,2320,2320,0,232
2013-2014,2370,2370,0,237
2013-2014,2470,2470,0,247
2013-2014,2490,2490,0,249
2013-2014,2520,2520,0,252
2013-2014,2590,2590,0,259
2013-2014,6010,6010,0,601
2013-2014,6010,6010,2,601
2013-2014,6090,6090,0,609
2013-2014,6230,6230,0,623
2013-2014,6300,6300,1,630
2013-2014,6340,6340,0,634
2013-2014,6340,6340,0,634
2013-2014,6360,6360,0,636
2013-2014,6430,6430,0,643
2013-2014,6470,6470,5,647
2013-2014,7010,7010,24,701
2013-2014,7100,7100,1,710
2013-2014,7120,7120,10,712
2013-2014,7130,7130,0,713
2013-2014,7260,7260,3,726
2013-2014,7280,7280,0,728
2013-2014,5080,5080,0,508
2013-2014,5150,5150,0,515
2013-2014,5170,5170,0,517
2013-2014,5210,5210,7,521
2013-2014,5330,5330,0,533
2013-2014,5410,5410,0,541
2013-2014,5430,5430,0,543
2013-2014,5520,5520,0,552
2013-2014,5600,5600,18,560
2013-2014,6030,6030,0,603
2013-2014,1010,1010,6,101
2013-2014,1030,1030,2,103
2013-2014,1060,1060,0,106
2013-2014,1190,1190,4,119
2013-2014,1190,1190,0,119
2013-2014,1200,1200,1,120
2013-2014,1340,1340,3,134
2013-2014,1400,1400,0,140
2013-2014,2000,2000,0,200
2013-2014,2000,2000,10,200
2013-2014,6260,6260,0,626
2013-2014,6340,6340,0,634
2013-2014,6360,6360,24,636
2013-2014,6380,6380,0,638
2013-2014,6450,6450,1,645
2013-2014,6470,6470,0,647
2013-2014,7100,7100,0,710
2013-2014,7110,7110,0,711
2013-2014,7280,7280,0,728
2013-2014,7290,7290,0,729
2013-2014,7330,7330,6,733
2013-2014,7350,7350,0,735
2013-2014,7360,7360,3,736
2013-2014,7390,7390,1,739
2013-2014,7400,7400,0,740
2013-2014,7400,7400,6,740
2013-2014,7510,7510,0,751
2013-2014,7530,7530,0,753
2013-2014,1030,1030,6,103
2013-2014,1100,1100,0,110
2013-2014,1100,1100,3,110
2013-2014,1230,1230,1,123
2013-2014,1260,1260,7,126
2013-2014,1330,1330,1,133
2013-2014,1340,1340,0,134
2013-2014,1360,1360,0,136
2013-2014,1370,1370,13,137
2013-2014,1370,1370,6,137
2013-2014,4030,4030,2,403
2013-2014,4530,4530,0,453
2013-2014,4560,4560,0,456
2013-2014,5170,5170,0,517
2013-2014,5330,5330,2,533
2013-2014,5430,5430,0,543
2013-2014,5480,5480,0,548
2013-2014,4020,4020,0,402
2013-2014,4020,4020,11,402
2013-2014,1030,1030,0,103
2013-2014,1130,1130,0,113
2013-2014,1300,1300,2,130
2013-2014,1370,1370,1,137
2013-2014,1440,1440,0,144
2013-2014,4300,4300,0,430
2013-2014,4440,4440,0,444
2013-2014,4440,4440,1,444
2013-2014,4530,4530,0,453
2013-2014,4530,4530,1,453
2013-2014,5080,5080,1,508
2013-2014,5470,5470,0,547
2013-2014,2340,2340,0,234
2013-2014,2620,2620,0,262
2013-2014,2620,2620,0,262
2013-2014,2620,2620,2,262
2013-2014,2630,2630,0,263
2013-2014,2630,2630,0,263
2013-2014,2690,2690,0,269
2013-2014,2720,2720,0,272
2013-2014,6340,6340,0,634
2013-2014,6450,6450,0,645
2013-2014,6460,6460,0,646
2013-2014,6470,6470,0,647
2013-2014,6540,6540,0,654
2013-2014,7010,7010,10,701
2013-2014,7110,7110,0,711
2013-2014,7130,7130,0,713
2013-2014,7200,7200,0,720
2013-2014,7220,7220,0,722
2013-2014,7260,7260,0,726
2013-2014,7330,7330,0,733
2013-2014,7370,7370,1,737
2013-2014,2000,2000,16,200
2013-2014,2010,2010,6,201
2013-2014,2090,2090,0,209
2013-2014,2260,2260,6,226
2013-2014,2480,2480,0,248
2013-2014,2540,2540,1,254
2013-2014,2620,2620,1,262
2013-2014,2720,2720,0,272
2013-2014,8040,8040,0,804
2013-2014,8120,8120,0,812
2013-2014,8200,8200,0,820
2013-2014,8260,8260,0,826
2013-2014,8300,8300,7,830
2013-2014,8350,8350,0,835
2013-2014,8400,8400,0,840
2013-2014,8410,8410,2,841
2013-2014,8420,8420,1,842
2013-2014,8430,8430,0,843
2013-2014,5490,5490,0,549
2013-2014,5490,5490,0,549
2013-2014,5500,5500,1,550
2013-2014,5510,5510,2,551
2013-2014,5680,5680,11,568
2013-2014,6310,6310,0,631
2013-2014,6340,6340,0,634
2013-2014,6380,6380,6,638
2013-2014,6430,6430,0,643
2013-2014,6450,6450,2,645
2013-2014,6460,6460,0,646
2013-2014,6460,6460,0,646
2013-2014,7110,7110,5,711
2013-2014,2340,2340,0,234
2013-2014,2450,2450,0,245
2013-2014,2510,2510,3,251
2013-2014,2510,2510,0,251
2013-2014,2510,2510,0,251
2013-2014,2630,2630,1,263
2013-2014,2640,2640,1,264
2013-2014,2640,2640,1,264
2013-2014,5550,5550,0,555
2013-2014,5560,5560,0,556
2013-2014,5680,5680,3,568
2013-2014,6020,6020,0,602
2013-2014,6090,6090,3,609
2013-2014,6200,6200,0,620
2013-2014,6250,6250,1,625
2013-2014,6360,6360,0,636
2013-2014,6440,6440,0,644
2013-2014,6460,6460,0,646
2013-2014,6470,6470,0,647
2013-2014,7120,7120,0,712
2013-2014,8040,8040,1,804
2013-2014,8040,8040,0,804
2013-2014,4270,4270,0,427
2013-2014,8140,8140,1,814
2013-2014,8200,8200,0,820
2013-2014,8360,8360,0,836
2013-2014,8380,8380,0,838
2013-2014,8380,8380,0,838
2013-2014,8390,8390,0,839
2013-2014,8390,8390,2,839
2013-2014,8410,8410,0,841
2013-2014,4380,4380,0,438
2013-2014,1580,1580,0,158
2013-2014,2090,2090,0,209
2013-2014,2210,2210,0,221
2013-2014,2260,2260,3,226
2013-2014,2510,2510,0,251
2013-2014,2520,2520,0,252
2013-2014,2580,2580,0,258
2013-2014,2670,2670,0,267
2013-2014,2690,2690,0,269
2013-2014,7380,7380,0,738
2013-2014,8010,8010,9,801
2013-2014,8030,8030,27,803
2013-2014,8380,8380,0,838
2013-2014,5450,5450,0,545
2013-2014,5470,5470,1,547
2013-2014,5600,5600,0,560
2013-2014,5600,5600,3,560
2013-2014,6010,6010,0,601
2013-2014,6010,6010,1,601
2013-2014,6030,6030,14,603
2013-2014,6060,6060,7,606
2013-2014,6100,6100,0,610
2013-2014,6210,6210,0,621
2013-2014,6220,6220,3,622
2013-2014,6220,6220,0,622
2013-2014,6220,6220,0,622
2013-2014,6220,6220,0,622
2013-2014,6350,6350,0,635
2013-2014,6380,6380,0,638
2013-2014,6390,6390,0,639
2013-2014,6480,6480,1,648
2013-2014,6540,6540,0,654
2013-2014,7010,7010,24,701
2013-2014,7220,7220,10,722
2013-2014,7350,7350,0,735
2013-2014,7400,7400,7,740
2013-2014,7400,7400,0,740
2013-2014,7530,7530,0,753
2013-2014,8020,8020,17,802
2013-2014,8120,8120,9,812
2013-2014,8160,8160,0,816
2013-2014,8200,8200,1,820
2013-2014,8210,8210,0,821
2013-2014,8240,8240,0,824
2013-2014,8320,8320,1,832
2013-2014,8430,8430,1,843
2013-2014,8430,8430,0,843
2013-2014,4480,4480,1,448
2013-2014,5020,5020,3,502
2013-2014,5050,5050,5,505
2013-2014,5060,5060,0,506
2013-2014,5150,5150,0,515
2013-2014,5160,5160,4,516
2013-2014,5200,5200,0,520
2013-2014,5320,5320,4,532
2013-2014,5320,5320,0,532
2013-2014,5340,5340,0,534
2013-2014,5400,5400,0,540
2013-2014,5410,5410,0,541
2013-2014,5430,5430,4,543
2013-2014,5440,5440,2,544
2013-2014,5530,5530,0,553
2013-2014,5600,5600,3,560
2013-2014,5600,5600,0,560
2013-2014,1030,1030,0,103
2013-2014,1030,1030,0,103
2013-2014,1190,1190,2,119
2013-2014,1250,1250,0,125
2013-2014,1250,1250,0,125
2013-2014,1370,1370,1,137
2013-2014,1400,1400,0,140
2013-2014,1470,1470,22,147
2013-2014,2020,2020,3,202
2013-2014,5050,5050,0,505
2013-2014,5150,5150,0,515
2013-2014,5400,5400,0,540
2013-2014,5470,5470,0,547
2013-2014,5490,5490,1,549
2013-2014,5490,5490,0,549
2013-2014,5530,5530,0,553
2013-2014,6090,6090,0,609
2013-2014,6230,6230,3,623
2013-2014,6230,6230,0,623
2013-2014,6270,6270,0,627
2013-2014,1080,1080,0,108
2013-2014,1200,1200,2,120
2013-2014,1290,1290,0,129
2013-2014,1290,1290,1,129
2013-2014,1350,1350,0,135
2013-2014,1360,1360,0,136
2013-2014,1380,1380,3,138
2013-2014,1390,1390,2,139
2013-2014,1580,1580,1,158
2013-2014,2010,2010,0,201
2013-2014,1420,1420,4,142
2013-2014,5350,5350,5,535
2013-2014,5370,5370,0,537
2013-2014,5420,5420,0,542
2013-2014,5430,5430,1,543
2013-2014,5480,5480,1,548
2013-2014,5550,5550,3,555
2013-2014,6050,6050,0,605
2013-2014,6060,6060,3,606
2013-2014,6070,6070,0,607
2013-2014,6230,6230,0,623
2013-2014,6270,6270,0,627
2013-2014,6320,6320,0,632
2013-2014,6410,6410,1,641
2013-2014,6430,6430,0,643
2013-2014,1460,1460,0,146
2013-2014,1580,1580,1,158
2013-2014,2090,2090,0,209
2013-2014,2130,2130,0,213
2013-2014,2410,2410,0,241
2013-2014,2410,2410,0,241
2013-2014,2510,2510,4,251
2013-2014,2590,2590,0,259
2013-2014,2670,2670,5,267
2013-2014,7300,7300,0,730
2013-2014,7300,7300,1,730
2013-2014,7390,7390,0,739
2013-2014,7400,7400,0,740
2013-2014,7440,7440,0,744
2013-2014,7490,7490,7,749
2013-2014,8010,8010,2,801
2013-2014,8160,8160,2,816
2013-2014,8210,8210,0,821
2013-2014,8560,8560,0,856
2013-2014,7390,7390,1,739
2013-2014,8140,8140,1,814
2013-2014,8160,8160,0,816
2013-2014,8240,8240,6,824
2013-2014,8260,8260,0,826
2013-2014,8310,8310,0,831
2013-2014,8320,8320,1,832
2013-2014,8350,8350,0,835
2013-2014,8350,8350,0,835
2013-2014,8390,8390,4,839
2013-2014,8400,8400,0,840
2013-2014,8410,8410,1,841
2013-2014,8430,8430,1,843
2013-2014,1030,1030,0,103
2013-2014,1100,1100,2,110
2013-2014,1200,1200,1,120
2013-2014,1280,1280,0,128
2013-2014,1340,1340,2,134
2013-2014,1380,1380,0,138
2013-2014,1410,1410,0,141
2013-2014,2010,2010,2,201
2013-2014,2140,2140,0,214
2013-2014,2140,2140,1,214
2013-2014,6320,6320,1,632
2013-2014,6320,6320,0,632
2013-2014,6390,6390,0,639
2013-2014,6410,6410,17,641
2013-2014,6540,6540,0,654
2013-2014,7100,7100,0,710
2013-2014,7130,7130,12,713
2013-2014,7220,7220,1,722
2013-2014,7310,7310,0,731
2013-2014,7360,7360,1,736
2013-2014,7430,7430,0,743
2013-2014,7460,7460,0,746
2013-2014,8030,8030,0,803
2013-2014,8040,8040,0,804
2013-2014,8160,8160,0,816
2013-2014,8200,8200,0,820
2013-2014,6450,6450,0,645
2013-2014,2240,2240,0,224
2013-2014,2260,2260,1,226
2013-2014,2290,2290,0,229
2013-2014,2320,2320,1,232
2013-2014,2320,2320,0,232
2013-2014,2340,2340,1,234
2013-2014,2370,2370,2,237
2013-2014,2480,2480,4,248
2013-2014,2490,2490,0,249
2013-2014,2670,2670,1,267
2013-2014,6480,6480,1,648
2013-2014,6540,6540,0,654
2013-2014,7120,7120,9,712
2013-2014,7290,7290,0,729
2013-2014,7310,7310,0,731
2013-2014,7330,7330,0,733
2013-2014,7500,7500,0,750
2013-2014,7530,7530,0,753
2013-2014,8160,8160,4,816
2013-2014,8200,8200,5,820
2013-2014,8230,8230,0,823
2013-2014,8250,8250,0,825
2013-2014,8260,8260,0,826
2013-2014,8260,8260,3,826
2013-2014,2690,2690,1,269
2013-2014,8310,8310,3,831
2013-2014,8320,8320,0,832
2013-2014,8340,8340,1,834
2013-2014,8360,8360,0,836
2013-2014,8370,8370,0,837
2013-2014,8370,8370,0,837
2013-2014,8390,8390,19,839
2013-2014,8420,8420,2,842
2013-2014,8430,8430,0,843
2013-2014,8440,8440,0,844
2013-2014,4220,4220,0,422
2013-2014,4380,4380,0,438
2013-2014,4480,4480,0,448
2013-2014,4530,4530,0,453
2013-2014,2160,2160,0,216
2013-2014,2480,2480,1,248
2013-2014,2640,2640,0,264
2013-2014,2640,2640,0,264
2013-2014,2650,2650,0,265
2013-2014,8360,8360,1,836
2013-2014,8370,8370,0,837
2013-2014,8560,8560,0,856
2013-2014,1010,1010,13,101
2013-2014,1020,1020,7,102
2013-2014,1080,1080,0,108
2013-2014,1100,1100,1,110
2013-2014,1100,1100,4,110
2013-2014,1190,1190,0,119
2013-2014,1340,1340,1,134
2013-2014,1350,1350,0,135
2013-2014,1420,1420,2,142
2013-2014,4030,4030,0,403
2013-2014,4140,4140,0,414
2013-2014,4270,4270,0,427
2013-2014,4370,4370,0,437
2013-2014,4380,4380,8,438
2013-2014,4460,4460,0,446
2013-2014,4470,4470,0,447
2013-2014,4560,4560,5,456
2013-2014,4570,4570,2,457
2013-2014,5080,5080,0,508
2013-2014,4140,4140,3,414
2013-2014,4220,4220,0,422
2013-2014,4350,4350,0,435
2013-2014,4350,4350,5,435
2013-2014,4480,4480,0,448
2013-2014,4530,4530,1,453
2013-2014,5080,5080,1,508
2013-2014,5250,5250,4,525
2013-2014,5330,5330,2,533
2013-2014,5440,5440,0,544
2013-2014,5090,5090,0,509
2013-2014,5170,5170,0,517
2013-2014,5340,5340,0,534
2013-2014,5370,5370,0,537
2013-2014,5390,5390,0,539
2013-2014,5400,5400,0,540
2013-2014,5420,5420,1,542
2013-2014,5420,5420,5,542
2013-2014,5440,5440,0,544
2013-2014,5450,5450,0,545
2013-2014,5470,5470,0,547
2013-2014,5480,5480,2,548
2013-2014,5550,5550,0,555
2013-2014,5550,5550,2,555
2013-2014,5590,5590,0,559
2013-2014,6090,6090,0,609
2013-2014,6200,6200,0,620
2013-2014,6200,6200,1,620
2013-2014,6210,6210,1,621
2013-2014,4220,4220,0,422
2013-2014,4240,4240,0,424
2013-2014,4280,4280,1,428
2013-2014,4300,4300,0,430
2013-2014,4460,4460,0,446
2013-2014,1050,1050,1,105
2013-2014,1050,1050,1,105
2013-2014,1050,1050,0,105
2013-2014,1300,1300,1,130
2013-2014,1360,1360,0,136
2013-2014,1370,1370,0,137
2013-2014,1390,1390,0,139
2013-2014,1390,1390,0,139
2013-2014,1400,1400,0,140
2013-2014,4060,4060,0,406
2013-2014,4100,4100,0,410
2013-2014,4350,4350,1,435
2013-2014,4380,4380,0,438
2013-2014,4380,4380,0,438
2013-2014,5070,5070,2,507
2013-2014,5160,5160,4,516
2013-2014,5160,5160,9,516
2013-2014,5260,5260,0,526
2013-2014,1490,1490,0,149
2013-2014,2090,2090,0,209
2013-2014,2210,2210,1,221
2013-2014,2380,2380,0,238
2013-2014,2390,2390,12,239
2013-2014,2410,2410,0,241
2013-2014,2450,2450,0,245
2013-2014,2470,2470,0,247
2013-2014,2540,2540,0,254
2013-2014,2540,2540,0,254
2013-2014,2590,2590,0,259
2013-2014,6250,6250,0,625
2013-2014,6350,6350,0,635
2013-2014,6360,6360,0,636
2013-2014,6360,6360,4,636
2013-2014,6380,6380,0,638
2013-2014,6440,6440,0,644
2013-2014,6450,6450,0,645
2013-2014,7100,7100,22,710
2013-2014,5080,5080,0,508
2013-2014,5250,5250,0,525
2013-2014,5260,5260,0,526
2013-2014,5350,5350,6,535
2013-2014,5400,5400,0,540
2013-2014,5420,5420,8,542
2013-2014,5490,5490,0,549
2013-2014,6030,6030,7,603
2013-2014,6040,6040,0,604
2013-2014,6090,6090,0,609
2013-2014,6220,6220,1,622
2013-2014,6230,6230,0,623
2013-2014,1080,1080,0,108
2013-2014,1340,1340,0,134
2013-2014,1380,1380,0,138
2013-2014,1420,1420,0,142
2013-2014,1470,1470,1,147
2013-2014,1490,1490,0,149
2013-2014,2000,2000,0,200
2013-2014,2090,2090,0,209
2013-2014,2190,2190,0,219
2013-2014,6320,6320,3,632
2013-2014,6350,6350,0,635
2013-2014,6380,6380,0,638
2013-2014,6430,6430,0,643
2013-2014,7100,7100,0,710
2013-2014,7100,7100,0,710
2013-2014,7200,7200,1,720
2013-2014,7270,7270,0,727
2013-2014,7320,7320,0,732
2013-2014,7370,7370,0,737
2013-2014,7380,7380,1,738
2013-2014,1050,1050,0,105
2013-2014,1130,1130,24,113
2013-2014,1200,1200,17,120
2013-2014,1260,1260,7,126
2013-2014,1290,1290,0,129
2013-2014,1350,1350,7,135
2013-2014,1350,1350,0,135
2013-2014,4060,4060,2,406
2013-2014,4060,4060,0,406
2013-2014,4100,4100,3,410
2013-2014,4240,4240,3,424
2013-2014,4270,4270,0,427
2013-2014,4320,4320,1,432
2013-2014,4370,4370,0,437
2013-2014,4440,4440,1,444
2013-2014,4460,4460,7,446
2013-2014,5060,5060,3,506
2013-2014,5160,5160,0,516
2013-2014,5230,5230,5,523
2013-2014,5260,5260,0,526
2013-2014,5400,5400,2,540
2013-2014,5440,5440,0,544
2013-2014,5480,5480,0,548
2013-2014,4030,4030,1,403
2013-2014,4060,4060,0,406
2013-2014,1020,1020,2,102
2013-2014,1100,1100,0,110
2013-2014,1130,1130,0,113
2013-2014,1190,1190,0,119
2013-2014,1260,1260,2,126
2013-2014,1300,1300,1,130
2013-2014,1390,1390,0,139
2013-2014,4270,4270,0,427
2013-2014,4270,4270,0,427
2013-2014,4300,4300,0,430
2013-2014,4320,4320,3,432
2013-2014,5060,5060,0,506
2013-2014,5170,5170,0,517
2013-2014,5200,5200,2,520
2013-2014,5300,5300,0,530
2013-2014,5330,5330,1,533
2013-2014,6270,6270,0,627
2013-2014,2470,2470,0,247
2013-2014,2520,2520,0,252
2013-2014,2580,2580,3,258
2013-2014,2590,2590,0,259
2013-2014,2020,2020,0,202
2013-2014,6350,6350,0,635
2013-2014,6380,6380,0,638
2013-2014,6430,6430,0,643
2013-2014,6430,6430,1,643
2013-2014,6470,6470,0,647
2013-2014,6480,6480,1,648
2013-2014,6540,6540,3,654
2013-2014,7260,7260,4,726
2013-2014,7370,7370,0,737
2013-2014,7440,7440,0,744
2013-2014,7500,7500,1,750
2013-2014,7510,7510,0,751
2013-2014,7730,7730,2,773
2013-2014,2020,2020,5,202
2013-2014,2140,2140,1,214
2013-2014,2160,2160,3,216
2013-2014,2260,2260,0,226
2013-2014,2470,2470,0,247
2013-2014,2690,2690,0,269
2013-2014,8040,8040,0,804
2013-2014,8160,8160,0,816
2013-2014,8180,8180,1,818
2013-2014,8210,8210,0,821
2013-2014,8240,8240,0,824
2013-2014,8270,8270,8,827
2013-2014,8270,8270,0,827
2013-2014,8300,8300,0,830
2013-2014,8380,8380,0,838
2013-2014,8400,8400,3,840
2013-2014,8440,8440,23,844
2013-2014,8560,8560,0,856
2013-2014,5500,5500,0,550
2013-2014,5590,5590,1,559
2013-2014,6020,6020,0,602
2013-2014,6020,6020,0,602
2013-2014,6030,6030,7,603
2013-2014,6050,6050,0,605
2013-2014,6220,6220,0,622
2013-2014,6340,6340,0,634
2013-2014,6480,6480,0,648
2013-2014,6540,6540,0,654
2013-2014,7130,7130,2,713
2013-2014,7200,7200,0,720
2013-2014,7220,7220,0,722
2013-2014,7260,7260,0,726
2013-2014,2140,2140,0,214
2013-2014,2160,2160,0,216
2013-2014,2210,2210,0,221
2013-2014,2210,2210,2,221
2013-2014,2290,2290,0,229
2013-2014,2320,2320,0,232
2013-2014,2410,2410,2,241
2013-2014,2540,2540,1,254
2013-2014,2630,2630,0,263
2013-2014,5510,5510,4,551
2013-2014,5530,5530,7,553
2013-2014,5530,5530,4,553
2013-2014,5550,5550,0,555
2013-2014,5560,5560,0,556
2013-2014,5590,5590,0,559
2013-2014,6010,6010,3,601
2013-2014,6200,6200,0,620
2013-2014,6200,6200,0,620
2013-2014,6430,6430,0,643
2013-2014,6460,6460,0,646
2013-2014,6480,6480,0,648
2013-2014,4030,4030,0,403
2013-2014,4280,4280,0,428
2013-2014,4300,4300,2,430
2013-2014,5440,5440,0,544
2013-2014,8120,8120,0,812
2013-2014,8230,8230,0,823
2013-2014,8260,8260,1,826
2013-2014,8270,8270,0,827
2013-2014,8310,8310,0,831
2013-2014,8360,8360,1,836
2013-2014,8410,8410,5,841
2013-2014,8420,8420,5,842
2013-2014,2010,2010,2,201
2013-2014,2020,2020,0,202
2013-2014,2130,2130,0,213
2013-2014,2190,2190,0,219
2013-2014,2340,2340,0,234
2013-2014,2410,2410,0,241
2013-2014,2480,2480,1,248
2013-2014,2540,2540,0,254
2013-2014,2620,2620,0,262
2013-2014,2620,2620,1,262
2013-2014,1490,1490,0,149
2013-2014,7320,7320,1,732
2013-2014,7400,7400,0,740
2013-2014,7430,7430,0,743
2013-2014,7470,7470,0,747
2013-2014,7510,7510,1,751
2013-2014,8020,8020,6,802
2013-2014,8340,8340,0,834
2013-2014,8380,8380,0,838
2013-2014,8420,8420,0,842
2013-2014,5600,5600,1,560
2013-2014,6010,6010,5,601
2013-2014,6020,6020,0,602
2013-2014,6100,6100,5,610
2013-2014,6230,6230,0,623
2013-2014,6260,6260,1,626
2013-2014,7130,7130,13,713
2013-2014,7290,7290,0,729
2013-2014,7310,7310,0,731
2013-2014,7310,7310,0,731
2013-2014,7360,7360,5,736
2013-2014,7490,7490,3,749
2013-2014,8140,8140,0,814
2013-2014,8140,8140,0,814
2013-2014,8160,8160,0,816
2013-2014,8180,8180,0,818
2013-2014,8210,8210,0,821
2013-2014,8270,8270,0,827
2013-2014,8300,8300,0,830
2013-2014,8310,8310,2,831
2013-2014,8360,8360,0,836
2013-2014,4470,4470,11,447
2013-2014,4480,4480,1,448
2013-2014,4530,4530,0,453
2013-2014,4560,4560,0,456
2013-2014,5060,5060,0,506
2013-2014,5210,5210,0,521
2013-2014,5320,5320,0,532
2013-2014,5320,5320,6,532
2013-2014,5330,5330,0,533
2013-2014,5350,5350,1,535
2013-2014,5420,5420,0,542
2013-2014,5440,5440,3,544
2013-2014,5470,5470,0,547
2013-2014,5490,5490,0,549
2013-2014,5500,5500,0,550
2013-2014,5530,5530,0,553
2013-2014,1010,1010,0,101
2013-2014,1190,1190,0,119
2013-2014,1200,1200,0,120
2013-2014,1370,1370,1,137
2013-2014,1420,1420,3,142
2013-2014,1460,1460,0,146
2013-2014,1470,1470,1,147
2013-2014,1490,1490,2,149
2013-2014,2000,2000,3,200
2013-2014,5340,5340,0,534
2013-2014,5370,5370,0,537
2013-2014,5390,5390,0,539
2013-2014,5430,5430,0,543
2013-2014,5470,5470,21,547
2013-2014,5590,5590,0,559
2013-2014,6050,6050,0,605
2013-2014,6220,6220,0,622
2013-2014,6230,6230,0,623
2013-2014,6260,6260,0,626
2013-2014,6260,6260,2,626
2013-2014,6270,6270,0,627
2013-2014,6300,6300,0,630
2013-2014,1280,1280,0,128
2013-2014,1360,1360,1,136
2013-2014,1370,1370,0,137
2013-2014,1390,1390,0,139
2013-2014,1470,1470,2,147
2013-2014,2010,2010,26,201
2013-2014,2020,2020,0,202
2013-2014,5330,5330,1,533
2013-2014,5520,5520,0,552
2013-2014,5530,5530,0,553
2013-2014,6040,6040,0,604
2013-2014,6060,6060,44,606
2013-2014,6060,6060,0,606
2013-2014,6060,6060,10,606
2013-2014,6250,6250,20,625
2013-2014,1580,1580,0,158
2013-2014,2000,2000,6,200
2013-2014,2010,2010,30,201
2013-2014,2020,2020,0,202
2013-2014,2090,2090,0,209
2013-2014,2130,2130,0,213
2013-2014,2160,2160,6,216
2013-2014,2260,2260,0,226
2013-2014,2260,2260,0,226
2013-2014,2260,2260,4,226
2013-2014,2290,2290,5,229
2013-2014,2340,2340,0,234
2013-2014,2380,2380,1,238
2013-2014,2480,2480,0,248
2013-2014,2510,2510,0,251
2013-2014,2540,2540,0,254
2013-2014,2580,2580,0,258
2013-2014,7290,7290,1,729
2013-2014,7300,7300,0,730
2013-2014,7350,7350,0,735
2013-2014,7350,7350,0,735
2013-2014,7360,7360,0,736
2013-2014,7380,7380,3,738
2013-2014,7460,7460,0,746
2013-2014,7530,7530,3,753
2013-2014,7730,7730,1,773
2013-2014,8230,8230,0,823
2013-2014,8240,8240,13,824
2013-2014,8240,8240,1,824
2013-2014,8250,8250,0,825
2013-2014,8310,8310,0,831
2013-2014,8410,8410,0,841
2013-2014,7400,7400,2,740
2013-2014,7430,7430,0,743
2013-2014,7490,7490,0,749
2013-2014,7730,7730,19,773
2013-2014,8020,8020,9,802
2013-2014,8260,8260,0,826
2013-2014,8310,8310,0,831
2013-2014,8340,8340,0,834
2013-2014,7270,7270,0,727
2013-2014,1010,1010,5,101
2013-2014,1050,1050,0,105
2013-2014,1350,1350,0,135
2013-2014,1380,1380,1,138
2013-2014,1390,1390,0,139
2013-2014,1400,1400,0,140
2013-2014,1400,1400,0,140
2013-2014,1410,1410,0,141
2013-2014,1410,1410,1,141
2013-2014,2130,2130,0,213
2013-2014,2140,2140,4,214
2013-2014,6340,6340,1,634
2013-2014,6360,6360,3,636
2013-2014,6450,6450,0,645
2013-2014,6460,6460,0,646
2013-2014,7260,7260,0,726
2013-2014,7320,7320,0,732
2013-2014,7380,7380,0,738
2013-2014,7490,7490,0,749
2013-2014,6430,6430,0,643
2013-2014,6440,6440,0,644
2013-2014,2190,2190,0,219
2013-2014,2240,2240,6,224
2013-2014,2380,2380,0,238
2013-2014,2410,2410,0,241
2013-2014,2470,2470,0,247
2013-2014,2490,2490,1,249
2013-2014,2580,2580,0,258
2013-2014,2590,2590,7,259
2013-2014,2620,2620,0,262
2013-2014,2640,2640,0,264
2013-2014,2720,2720,0,272
2013-2014,6470,6470,0,647
2013-2014,6470,6470,0,647
2013-2014,7150,7150,5,715
2013-2014,7350,7350,2,735
2013-2014,7370,7370,0,737
2013-2014,7390,7390,0,739
2013-2014,7510,7510,0,751
2013-2014,7530,7530,0,753
2013-2014,7730,7730,3,773
2013-2014,8020,8020,9,802
2013-2014,8040,8040,2,804
2013-2014,8090,8090,3,809
2013-2014,8120,8120,2,812
2013-2014,8120,8120,6,812
2013-2014,8160,8160,0,816
2013-2014,8230,8230,0,823
2013-2014,8230,8230,0,823
2013-2014,8390,8390,0,839
2013-2014,8560,8560,0,856
2013-2014,4030,4030,0,403
2013-2014,4100,4100,4,410
2013-2014,4100,4100,3,410
2013-2014,4270,4270,2,427
2013-2014,4270,4270,0,427
2013-2014,4300,4300,6,430
2013-2014,4320,4320,0,432
2013-2014,4560,4560,0,456
2013-2014,5050,5050,0,505
2013-2014,2210,2210,1,221
2013-2014,2260,2260,0,226
2013-2014,2380,2380,0,238
2013-2014,2450,2450,0,245
2013-2014,2470,2470,0,247
2013-2014,2480,2480,0,248
2013-2014,2520,2520,0,252
2013-2014,2520,2520,0,252
2013-2014,2540,2540,0,254
2013-2014,2580,2580,0,258
2013-2014,2620,2620,0,262
2013-2014,2630,2630,3,263
2013-2014,2630,2630,0,263
2013-2014,2720,2720,0,272
2013-2014,8360,8360,0,836
2013-2014,8400,8400,0,840
2013-2014,1020,1020,2,102
2013-2014,1020,1020,9,102
2013-2014,1230,1230,4,123
2013-2014,1280,1280,0,128
2013-2014,1330,1330,0,133
2013-2014,1340,1340,0,134
2013-2014,1400,1400,0,140
2013-2014,1420,1420,0,142
2013-2014,4060,4060,10,406
2013-2014,4030,4030,1,403
2013-2014,4240,4240,1,424
2013-2014,4240,4240,2,424
2013-2014,4270,4270,0,427
2013-2014,4280,4280,0,428
2013-2014,4350,4350,5,435
2013-2014,4370,4370,2,437
2013-2014,4380,4380,0,438
2013-2014,4380,4380,0,438
2013-2014,4570,4570,0,457
2013-2014,4100,4100,2,410
2013-2014,4280,4280,4,428
2013-2014,4350,4350,3,435
2013-2014,4350,4350,6,435
2013-2014,4370,4370,0,437
2013-2014,4380,4380,0,438
2013-2014,4480,4480,0,448
2013-2014,4480,4480,3,448
2013-2014,5050,5050,0,505
2013-2014,5060,5060,0,506
2013-2014,5080,5080,0,508
2013-2014,5090,5090,0,509
2013-2014,5210,5210,4,521
2013-2014,5260,5260,2,526
2013-2014,5320,5320,0,532
2013-2014,5350,5350,0,535
2013-2014,5430,5430,0,543
2013-2014,5090,5090,1,509
2013-2014,5200,5200,0,520
2013-2014,5200,5200,0,520
2013-2014,5210,5210,0,521
2013-2014,5260,5260,4,526
2013-2014,5320,5320,0,532
2013-2014,5390,5390,0,539
2013-2014,5390,5390,0,539
2013-2014,5410,5410,0,541
2013-2014,5430,5430,0,543
2013-2014,5440,5440,0,544
2013-2014,5510,5510,2,551
2013-2014,5520,5520,8,552
2013-2014,5520,5520,1,552
2013-2014,5590,5590,0,559
2013-2014,5590,5590,1,559
2013-2014,5680,5680,0,568
2013-2014,6090,6090,0,609
2013-2014,6210,6210,0,621
2013-2014,4060,4060,3,406
2013-2014,4100,4100,0,410
2013-2014,4300,4300,0,430
2013-2014,4350,4350,0,435
2013-2014,4370,4370,0,437
2013-2014,4470,4470,4,447
2013-2014,4480,4480,0,448
2013-2014,1280,1280,0,128
2013-2014,1340,1340,0,134
2013-2014,1410,1410,0,141
2013-2014,4140,4140,0,414
2013-2014,4240,4240,0,424
2013-2014,4320,4320,0,432
2013-2014,4380,4380,3,438
2013-2014,4440,4440,1,444
2013-2014,4570,4570,0,457
2013-2014,5020,5020,0,502
2013-2014,5020,5020,4,502
2013-2014,5150,5150,0,515
2013-2014,5230,5230,0,523
2013-2014,1490,1490,16,149
2013-2014,2020,2020,0,202
2013-2014,2160,2160,1,216
2013-2014,2190,2190,1,219
2013-2014,2260,2260,0,226
2013-2014,2410,2410,0,241
2013-2014,2480,2480,2,248
2013-2014,2590,2590,3,259
2013-2014,6010,6010,0,601
2013-2014,6040,6040,0,604
2013-2014,6040,6040,1,604
2013-2014,6050,6050,0,605
2013-2014,6270,6270,7,627
2013-2014,6310,6310,0,631
2013-2014,6350,6350,0,635
2013-2014,6390,6390,0,639
2013-2014,6410,6410,1,641
2013-2014,6460,6460,1,646
2013-2014,7110,7110,3,711
2013-2014,7200,7200,8,720
2013-2014,5050,5050,2,505
2013-2014,5070,5070,1,507
2013-2014,5170,5170,2,517
2013-2014,5170,5170,0,517
2013-2014,5210,5210,1,521
2013-2014,5300,5300,0,530
2013-2014,5350,5350,0,535
2013-2014,5370,5370,0,537
2013-2014,5400,5400,2,540
2013-2014,5400,5400,0,540
2013-2014,5520,5520,0,552
2013-2014,6020,6020,0,602
2013-2014,6060,6060,26,606
2013-2014,6070,6070,0,607
2013-2014,1030,1030,1,103
2013-2014,1190,1190,0,119
2013-2014,1340,1340,0,134
2013-2014,1370,1370,0,137
2013-2014,1380,1380,3,138
2013-2014,1410,1410,11,141
2013-2014,2020,2020,0,202
2013-2014,6320,6320,1,632
2013-2014,6340,6340,0,634
2013-2014,6360,6360,11,636
2013-2014,6540,6540,0,654
2013-2014,7110,7110,0,711
2013-2014,7270,7270,0,727
2013-2014,7290,7290,4,729
2013-2014,7300,7300,2,730
2013-2014,7360,7360,0,736
2013-2014,7460,7460,0,746
2013-2014,7510,7510,0,751
2013-2014,1020,1020,4,102
2013-2014,1030,1030,0,103
2013-2014,1100,1100,11,110
2013-2014,1250,1250,0,125
2013-2014,1250,1250,0,125
2013-2014,1390,1390,0,139
2013-2014,1440,1440,2,144
2013-2014,1460,1460,2,146
2013-2014,1460,1460,1,146
2013-2014,4060,4060,0,406
2013-2014,4280,4280,0,428
2013-2014,5090,5090,0,509
2013-2014,5200,5200,0,520
2013-2014,5250,5250,2,525
2013-2014,5260,5260,1,526
2013-2014,5340,5340,0,534
2013-2014,5370,5370,1,537
2013-2014,5370,5370,0,537
2013-2014,5420,5420,11,542
2013-2014,4060,4060,6,406
2013-2014,1050,1050,0,105
2013-2014,1060,1060,0,106
2013-2014,1200,1200,0,120
2013-2014,1230,1230,0,123
2013-2014,1250,1250,0,125
2013-2014,1360,1360,3,136
2013-2014,1440,1440,0,144
2013-2014,1440,1440,3,144
2013-2014,4270,4270,0,427
2013-2014,4300,4300,4,430
2013-2014,4350,4350,0,435
2013-2014,4380,4380,1,438
2013-2014,4480,4480,0,448
2013-2014,4560,4560,0,456
2013-2014,4560,4560,1,456
2013-2014,5020,5020,15,502
2013-2014,5060,5060,6,506
2013-2014,5060,5060,2,506
2013-2014,5160,5160,32,516
2013-2014,5160,5160,0,516
2013-2014,5200,5200,0,520
2013-2014,5210,5210,0,521
2013-2014,5410,5410,0,541
2013-2014,5470,5470,0,547
2013-2014,6250,6250,0,625
2013-2014,6270,6270,0,627
2013-2014,2370,2370,1,237
2013-2014,2370,2370,1,237
2013-2014,2450,2450,2,245
2013-2014,2480,2480,0,248
2013-2014,2490,2490,0,249
2013-2014,2580,2580,0,258
2013-2014,2580,2580,0,258
2013-2014,2650,2650,0,265
2013-2014,2650,2650,0,265
2013-2014,6350,6350,0,635
2013-2014,6390,6390,0,639
2013-2014,6460,6460,0,646
2013-2014,6540,6540,0,654
2013-2014,7150,7150,0,715
2013-2014,7280,7280,8,728
2013-2014,7300,7300,0,730
2013-2014,7320,7320,0,732
2013-2014,7370,7370,2,737
2013-2014,7430,7430,0,743
2013-2014,7530,7530,6,753
2013-2014,7730,7730,0,773
2013-2014,7730,7730,0,773
2013-2014,8010,8010,23,801
2013-2014,8020,8020,0,802
2013-2014,2130,2130,0,213
2013-2014,2490,2490,0,249
2013-2014,2510,2510,0,251
2013-2014,2580,2580,0,258
2013-2014,8090,8090,0,809
2013-2014,8230,8230,0,823
2013-2014,8240,8240,8,824
2013-2014,8300,8300,1,830
2013-2014,8360,8360,0,836
2013-2014,8390,8390,0,839
2013-2014,8440,8440,4,844
2013-2014,5550,5550,0,555
2013-2014,5560,5560,1,556
2013-2014,5590,5590,1,559
2013-2014,6040,6040,1,604
2013-2014,6060,6060,4,606
2013-2014,6060,6060,2,606
2013-2014,6230,6230,0,623
2013-2014,6260,6260,0,626
2013-2014,6320,6320,2,632
2013-2014,6320,6320,1,632
2013-2014,6480,6480,0,648
2013-2014,7150,7150,0,715
2013-2014,7150,7150,0,715
2013-2014,7200,7200,4,720
2013-2014,5480,5480,0,548
2013-2014,5480,5480,0,548
2013-2014,5490,5490,0,549
2013-2014,2130,2130,0,213
2013-2014,2320,2320,0,232
2013-2014,2340,2340,0,234
2013-2014,2540,2540,0,254
2013-2014,2640,2640,4,264
2013-2014,1490,1490,1,149
2013-2014,5510,5510,2,551
2013-2014,6050,6050,2,605
2013-2014,6070,6070,0,607
2013-2014,6100,6100,1,610
2013-2014,6210,6210,1,621
2013-2014,6220,6220,0,622
2013-2014,6230,6230,0,623
2013-2014,6310,6310,0,631
2013-2014,6340,6340,7,634
2013-2014,6380,6380,1,638
2013-2014,6390,6390,1,639
2013-2014,6450,6450,0,645
2013-2014,6450,6450,2,645
2013-2014,6470,6470,0,647
2013-2014,6470,6470,0,647
2013-2014,6540,6540,2,654
2013-2014,7010,7010,1,701
2013-2014,7010,7010,4,701
2013-2014,7010,7010,6,701
2013-2014,8030,8030,1,803
2013-2014,4140,4140,0,414
2013-2014,4220,4220,0,422
2013-2014,4220,4220,1,422
2013-2014,4240,4240,0,424
2013-2014,4280,4280,0,428
2013-2014,8200,8200,0,820
2013-2014,8210,8210,0,821
2013-2014,8230,8230,0,823
2013-2014,8310,8310,0,831
2013-2014,8320,8320,1,832
2013-2014,8370,8370,0,837
2013-2014,8380,8380,1,838
2013-2014,8430,8430,1,843
2013-2014,4320,4320,0,432
2013-2014,2020,2020,0,202
2013-2014,2130,2130,0,213
2013-2014,2130,2130,0,213
2013-2014,2140,2140,4,214
2013-2014,2240,2240,1,224
2013-2014,2410,2410,0,241
2013-2014,2450,2450,6,245
2013-2014,2450,2450,0,245
2013-2014,2470,2470,0,247
2013-2014,2650,2650,0,265
2013-2014,1470,1470,1,147
2013-2014,7390,7390,0,739
2013-2014,7440,7440,0,744
2013-2014,7460,7460,0,746
2013-2014,7460,7460,0,746
2013-2014,7730,7730,7,773
2013-2014,8040,8040,0,804
2013-2014,8120,8120,24,812
2013-2014,8260,8260,0,826
2013-2014,8350,8350,8,835
2013-2014,8370,8370,0,837
2013-2014,8400,8400,0,840
2013-2014,8410,8410,20,841
2013-2014,8410,8410,7,841
2013-2014,8440,8440,0,844
2013-2014,8560,8560,0,856
2013-2014,7200,7200,1,720
2013-2014,5480,5480,0,548
2013-2014,5490,5490,0,549
2013-2014,5600,5600,0,560
2013-2014,6030,6030,0,603
2013-2014,6090,6090,2,609
2013-2014,6230,6230,0,623
2013-2014,6340,6340,0,634
2013-2014,6390,6390,0,639
2013-2014,6410,6410,0,641
2013-2014,6430,6430,0,643
2013-2014,6460,6460,1,646
2013-2014,7110,7110,1,711
2013-2014,7260,7260,8,726
2013-2014,7260,7260,0,726
2013-2014,7280,7280,0,728
2013-2014,7290,7290,1,729
2013-2014,7290,7290,0,729
2013-2014,7330,7330,0,733
2013-2014,7400,7400,0,740
2013-2014,7440,7440,0,744
2013-2014,7730,7730,0,773
2013-2014,8230,8230,0,823
2013-2014,8270,8270,0,827
2013-2014,8270,8270,0,827
2013-2014,8300,8300,9,830
2013-2014,8360,8360,1,836
2013-2014,8390,8390,0,839
2013-2014,5020,5020,0,502
2013-2014,5060,5060,1,506
2013-2014,5070,5070,1,507
2013-2014,5210,5210,2,521
2013-2014,5230,5230,5,523
2013-2014,5250,5250,0,525
2013-2014,5320,5320,1,532
2013-2014,5490,5490,1,549
2013-2014,5520,5520,0,552
2013-2014,5560,5560,0,556
2013-2014,5600,5600,5,560
2013-2014,5680,5680,3,568
2013-2014,5680,5680,1,568
2013-2014,1190,1190,1,119
2013-2014,1230,1230,2,123
2013-2014,1250,1250,0,125
2013-2014,1290,1290,0,129
2013-2014,1370,1370,0,137
2013-2014,1490,1490,2,149
2013-2014,1580,1580,1,158
2013-2014,5060,5060,2,506
2013-2014,5200,5200,0,520
2013-2014,5330,5330,0,533
2013-2014,5430,5430,0,543
2013-2014,5440,5440,8,544
2013-2014,5450,5450,0,545
2013-2014,5480,5480,0,548
2013-2014,5520,5520,0,552
2013-2014,5520,5520,0,552
2013-2014,5530,5530,0,553
2013-2014,6010,6010,14,601
2013-2014,6010,6010,0,601
2013-2014,6030,6030,0,603
2013-2014,6210,6210,11,621
2013-2014,6260,6260,0,626
2013-2014,6300,6300,2,630
2013-2014,5300,5300,0,530
2013-2014,5020,5020,5,502
2013-2014,1020,1020,6,102
2013-2014,1030,1030,51,103
2013-2014,1050,1050,0,105
2013-2014,1130,1130,0,113
2013-2014,1250,1250,0,125
2013-2014,1280,1280,0,128
2013-2014,1290,1290,5,129
2013-2014,1350,1350,0,135
2013-2014,1350,1350,8,135
2013-2014,1420,1420,0,142
2013-2014,2020,2020,1,202
2013-2014,2130,2130,0,213
2013-2014,5370,5370,0,537
2013-2014,5450,5450,0,545
2013-2014,6020,6020,0,602
2013-2014,6030,6030,20,603
2013-2014,6050,6050,0,605
2013-2014,6250,6250,0,625
2013-2014,6270,6270,0,627
2013-2014,6320,6320,0,632
2013-2014,6360,6360,0,636
2013-2014,6390,6390,0,639
2013-2014,7310,7310,0,731
2013-2014,1580,1580,0,158
2013-2014,2000,2000,0,200
2013-2014,2160,2160,2,216
2013-2014,2190,2190,0,219
2013-2014,2290,2290,6,229
2013-2014,2320,2320,1,232
2013-2014,2380,2380,0,238
2013-2014,2390,2390,1,239
2013-2014,2480,2480,0,248
2013-2014,2520,2520,0,252
2013-2014,7350,7350,0,735
2013-2014,7370,7370,10,737
2013-2014,7370,7370,4,737
2013-2014,7460,7460,2,746
2013-2014,7460,7460,0,746
2013-2014,7470,7470,0,747
2013-2014,7530,7530,1,753
2013-2014,7730,7730,3,773
2013-2014,8140,8140,1,814
2013-2014,8200,8200,0,820
2013-2014,8270,8270,0,827
2013-2014,8300,8300,0,830
2013-2014,8350,8350,1,835
2013-2014,8360,8360,0,836
2013-2014,2690,2690,0,269
2013-2014,7310,7310,0,731
2013-2014,7330,7330,0,733
2013-2014,7370,7370,0,737
2013-2014,7470,7470,0,747
2013-2014,8250,8250,0,825
2013-2014,8310,8310,0,831
2013-2014,8340,8340,0,834
2013-2014,8340,8340,0,834
2013-2014,8390,8390,2,839
2013-2014,8560,8560,0,856
2013-2014,1010,1010,13,101
2013-2014,1030,1030,28,103
2013-2014,1290,1290,2,129
2013-2014,1330,1330,0,133
2013-2014,1400,1400,0,140
2013-2014,1440,1440,0,144
2013-2014,2090,2090,0,209
2013-2014,6390,6390,1,639
2013-2014,6450,6450,0,645
2013-2014,6470,6470,5,647
2013-2014,6480,6480,0,648
2013-2014,7010,7010,9,701
2013-2014,7120,7120,10,712
2013-2014,7200,7200,0,720
2013-2014,7290,7290,2,729
2013-2014,7290,7290,0,729
2013-2014,7430,7430,7,743
2013-2014,7470,7470,1,747
2013-2014,7500,7500,0,750
2013-2014,7530,7530,1,753
2013-2014,8140,8140,0,814
2013-2014,8180,8180,0,818
2013-2014,8240,8240,0,824
2013-2014,6450,6450,0,645
2013-2014,2470,2470,0,247
2013-2014,2520,2520,0,252
2013-2014,2590,2590,0,259
2013-2014,2590,2590,0,259
2013-2014,2650,2650,0,265
2013-2014,2670,2670,0,267
2013-2014,6470,6470,19,647
2013-2014,7110,7110,13,711
2013-2014,7120,7120,0,712
2013-2014,7270,7270,0,727
2013-2014,7370,7370,3,737
2013-2014,7380,7380,0,738
2013-2014,7390,7390,1,739
2013-2014,7490,7490,0,749
2013-2014,7530,7530,1,753
2013-2014,8030,8030,7,803
2013-2014,8090,8090,0,809
2013-2014,8180,8180,0,818
2013-2014,8260,8260,0,826
2013-2014,8260,8260,1,826
2013-2014,8260,8260,1,826
2013-2014,8360,8360,0,836
2013-2014,8440,8440,0,844
2013-2014,4220,4220,4,422
2013-2014,4480,4480,0,448
2013-2014,4480,4480,0,448
2013-2014,8320,8320,11,832
2013-2014,2240,2240,0,224
2013-2014,2390,2390,2,239
2013-2014,2410,2410,0,241
2013-2014,2540,2540,0,254
2013-2014,2690,2690,0,269
2013-2014,8360,8360,0,836
2013-2014,8380,8380,0,838
2013-2014,1050,1050,0,105
2013-2014,1200,1200,0,120
2013-2014,1260,1260,0,126
2013-2014,1340,1340,0,134
2013-2014,1370,1370,0,137
2013-2014,1400,1400,0,140
2013-2014,1420,1420,0,142
2013-2014,1440,1440,1,144
2013-2014,4030,4030,0,403
2013-2014,4220,4220,0,422
2013-2014,4300,4300,0,430
2013-2014,4370,4370,0,437
2013-2014,4460,4460,0,446
2013-2014,4570,4570,0,457
2013-2014,5090,5090,0,509
2013-2014,4280,4280,1,428
2013-2014,4460,4460,0,446
2013-2014,4530,4530,0,453
2013-2014,5250,5250,0,525
2013-2014,5300,5300,0,530
2013-2014,5330,5330,0,533
2013-2014,5350,5350,0,535
2013-2014,5420,5420,0,542
2013-2014,5150,5150,0,515
2013-2014,5210,5210,0,521
2013-2014,5350,5350,0,535
2013-2014,5370,5370,0,537
2013-2014,5490,5490,13,549
2013-2014,5520,5520,1,552
2013-2014,5530,5530,0,553
2013-2014,5600,5600,4,560
2013-2014,6060,6060,4,606
2013-2014,6070,6070,0,607
2013-2014,6090,6090,0,609
2013-2014,6200,6200,5,620
2013-2014,4020,4020,1,402
2013-2014,4020,4020,0,402
2013-2014,4030,4030,0,403
2013-2014,4270,4270,0,427
2013-2014,4470,4470,0,447
2013-2014,4530,4530,0,453
2013-2014,1020,1020,0,102
2013-2014,1050,1050,0,105
2013-2014,1060,1060,0,106
2013-2014,1060,1060,0,106
2013-2014,1130,1130,1,113
2013-2014,1130,1130,2,113
2013-2014,1130,1130,0,113
2013-2014,1200,1200,5,120
2013-2014,1280,1280,0,128
2013-2014,1400,1400,0,140
2013-2014,1470,1470,1,147
2013-2014,1470,1470,0,147
2013-2014,4280,4280,0,428
2013-2014,4370,4370,0,437
2013-2014,4530,4530,2,453
2013-2014,5070,5070,9,507
2013-2014,5090,5090,0,509
2013-2014,5230,5230,0,523
2013-2014,2000,2000,17,200
2013-2014,2020,2020,0,202
2013-2014,2140,2140,0,214
2013-2014,2160,2160,2,216
2013-2014,2210,2210,0,221
2013-2014,2240,2240,0,224
2013-2014,2320,2320,1,232
2013-2014,2490,2490,0,249
2013-2014,2510,2510,0,251
2013-2014,2540,2540,0,254
2013-2014,2590,2590,1,259
2013-2014,2620,2620,0,262
2013-2014,6020,6020,0,602
2013-2014,6020,6020,0,602
2013-2014,6030,6030,1,603
2013-2014,6100,6100,20,610
2013-2014,6270,6270,1,627
2013-2014,6300,6300,0,630
2013-2014,6300,6300,0,630
2013-2014,6360,6360,2,636
2013-2014,6390,6390,1,639
2013-2014,6410,6410,0,641
2013-2014,6480,6480,1,648
2013-2014,7010,7010,0,701
2013-2014,7110,7110,4,711
2013-2014,5090,5090,7,509
2013-2014,5160,5160,13,516
2013-2014,5230,5230,0,523
2013-2014,5260,5260,0,526
2013-2014,5260,5260,0,526
2013-2014,5530,5530,0,553
2013-2014,6030,6030,3,603
2013-2014,6040,6040,0,604
2013-2014,6070,6070,0,607
2013-2014,6090,6090,0,609
2013-2014,6220,6220,1,622
2013-2014,1290,1290,12,129
2013-2014,1360,1360,0,136
2013-2014,1400,1400,1,140
2013-2014,1420,1420,0,142
2013-2014,1460,1460,0,146
2013-2014,1470,1470,0,147
2013-2014,6340,6340,1,634
2013-2014,6340,6340,0,634
2013-2014,6360,6360,3,636
2013-2014,6390,6390,0,639
2013-2014,6470,6470,4,647
2013-2014,7110,7110,67,711
2013-2014,7290,7290,2,729
2013-2014,7370,7370,0,737
2013-2014,7380,7380,4,738
2013-2014,7400,7400,5,740
2013-2014,7470,7470,0,747
2013-2014,7500,7500,1,750
2013-2014,7530,7530,0,753
2013-2014,7730,7730,0,773
2013-2014,1010,1010,0,101
2013-2014,1010,1010,1,101
2013-2014,1060,1060,0,106
2013-2014,1100,1100,3,110
2013-2014,1190,1190,0,119
2013-2014,1290,1290,1,129
2013-2014,1350,1350,1,135
2013-2014,1360,1360,0,136
2013-2014,1370,1370,3,137
2013-2014,1460,1460,0,146
2013-2014,4140,4140,0,414
2013-2014,4300,4300,0,430
2013-2014,4320,4320,0,432
2013-2014,4320,4320,0,432
2013-2014,4480,4480,0,448
2013-2014,4530,4530,0,453
2013-2014,4570,4570,1,457
2013-2014,5160,5160,7,516
2013-2014,5320,5320,0,532
2013-2014,5420,5420,4,542
2013-2014,5420,5420,0,542
2013-2014,5470,5470,0,547
2013-2014,1200,1200,5,120
2013-2014,1260,1260,0,126
2013-2014,1410,1410,0,141
2013-2014,2240,2240,1,224
2013-2014,4140,4140,2,414
2013-2014,4240,4240,3,424
2013-2014,4280,4280,0,428
2013-2014,4280,4280,0,428
2013-2014,4370,4370,0,437
2013-2014,4480,4480,0,448
2013-2014,4570,4570,0,457
2013-2014,5340,5340,0,534
2013-2014,5350,5350,0,535
2013-2014,5430,5430,0,543
2013-2014,6250,6250,0,625
2013-2014,6260,6260,0,626
2013-2014,2290,2290,4,229
2013-2014,2320,2320,0,232
2013-2014,2490,2490,0,249
2013-2014,2510,2510,0,251
2013-2014,2590,2590,1,259
2013-2014,2650,2650,2,265
2013-2014,2020,2020,0,202
2013-2014,6270,6270,3,627
2013-2014,6310,6310,0,631
2013-2014,6360,6360,0,636
2013-2014,6480,6480,0,648
2013-2014,7220,7220,1,722
2013-2014,7280,7280,0,728
2013-2014,7280,7280,0,728
2013-2014,7310,7310,0,731
2013-2014,7390,7390,9,739
2013-2014,7440,7440,3,744
2013-2014,7510,7510,0,751
2013-2014,8010,8010,5,801
2013-2014,8020,8020,0,802
2013-2014,2000,2000,0,200
2013-2014,2010,2010,2,201
2013-2014,2010,2010,6,201
2013-2014,2190,2190,1,219
2013-2014,2240,2240,1,224
2013-2014,2260,2260,1,226
2013-2014,2390,2390,1,239
2013-2014,2450,2450,0,245
2013-2014,2650,2650,0,265
2013-2014,2690,2690,0,269
2013-2014,8040,8040,1,804
2013-2014,8250,8250,0,825
2013-2014,8270,8270,0,827
2013-2014,8440,8440,0,844
2013-2014,5560,5560,0,556
2013-2014,5600,5600,1,560
2013-2014,5600,5600,0,560
2013-2014,6030,6030,0,603
2013-2014,6030,6030,11,603
2013-2014,6100,6100,0,610
2013-2014,6100,6100,0,610
2013-2014,6200,6200,0,620
2013-2014,6220,6220,0,622
2013-2014,6230,6230,0,623
2013-2014,6250,6250,1,625
2013-2014,6270,6270,0,627
2013-2014,6350,6350,4,635
2013-2014,6350,6350,2,635
2013-2014,6410,6410,1,641
2013-2014,6440,6440,0,644
2013-2014,6460,6460,0,646
2013-2014,7120,7120,0,712
2013-2014,2140,2140,0,214
2013-2014,2160,2160,1,216
2013-2014,2160,2160,0,216
2013-2014,2190,2190,0,219
2013-2014,2290,2290,0,229
2013-2014,2510,2510,0,251
2013-2014,2670,2670,1,267
2013-2014,5510,5510,0,551
2013-2014,5550,5550,0,555
2013-2014,5590,5590,3,559
2013-2014,5680,5680,2,568
2013-2014,6020,6020,0,602
2013-2014,6060,6060,0,606
2013-2014,6100,6100,0,610
2013-2014,6200,6200,0,620
2013-2014,6260,6260,0,626
2013-2014,6270,6270,0,627
2013-2014,6320,6320,0,632
2013-2014,7100,7100,3,710
2013-2014,8020,8020,0,802
2013-2014,4100,4100,0,410
2013-2014,4240,4240,0,424
2013-2014,4300,4300,2,430
2013-2014,8160,8160,0,816
2013-2014,8300,8300,6,830
2013-2014,8300,8300,7,830
2013-2014,8370,8370,0,837
2013-2014,8390,8390,2,839
2013-2014,8420,8420,0,842
2013-2014,7260,7260,0,726
2013-2014,2320,2320,0,232
2013-2014,2470,2470,2,247
2013-2014,2580,2580,1,258
2013-2014,2640,2640,0,264
2013-2014,2640,2640,1,264
2013-2014,2670,2670,0,267
2013-2014,1490,1490,0,149
2013-2014,7330,7330,0,733
2013-2014,7350,7350,1,735
2013-2014,7390,7390,0,739
2013-2014,7490,7490,0,749
2013-2014,7730,7730,0,773
2013-2014,8020,8020,11,802
2013-2014,8030,8030,0,803
2013-2014,8030,8030,0,803
2013-2014,8120,8120,0,812
2013-2014,8240,8240,0,824
2013-2014,8310,8310,5,831
2013-2014,8320,8320,0,832
2013-2014,8340,8340,0,834
2013-2014,5520,5520,1,552
2013-2014,5550,5550,0,555
2013-2014,6060,6060,2,606
2013-2014,6200,6200,1,620
2013-2014,6200,6200,0,620
2013-2014,6210,6210,0,621
2013-2014,6220,6220,0,622
2013-2014,6230,6230,0,623
2013-2014,6250,6250,1,625
2013-2014,6440,6440,1,644
2013-2014,7110,7110,0,711
2013-2014,7110,7110,7,711
2013-2014,7120,7120,16,712
2013-2014,7310,7310,0,731
2013-2014,7310,7310,3,731
2013-2014,7330,7330,1,733
2013-2014,7380,7380,0,738
2013-2014,7440,7440,1,744
2013-2014,7460,7460,0,746
2013-2014,7460,7460,0,746
2013-2014,7500,7500,1,750
2013-2014,8010,8010,29,801
2013-2014,8090,8090,0,809
2013-2014,8090,8090,2,809
2013-2014,8120,8120,0,812
2013-2014,8180,8180,0,818
2013-2014,8210,8210,0,821
2013-2014,8230,8230,0,823
2013-2014,8230,8230,4,823
2013-2014,8320,8320,2,832
2013-2014,8340,8340,0,834
2013-2014,8340,8340,0,834
2013-2014,8360,8360,0,836
2013-2014,8380,8380,0,838
2013-2014,8380,8380,0,838
2013-2014,8390,8390,1,839
2013-2014,4470,4470,1,447
2013-2014,4480,4480,0,448
2013-2014,5050,5050,1,505
2013-2014,5060,5060,12,506
2013-2014,5150,5150,1,515
2013-2014,5160,5160,0,516
2013-2014,5170,5170,0,517
2013-2014,5200,5200,0,520
2013-2014,5250,5250,0,525
2013-2014,5300,5300,9,530
2013-2014,5480,5480,0,548
2013-2014,5500,5500,5,550
2013-2014,5500,5500,0,550
2013-2014,5510,5510,11,551
2013-2014,5600,5600,0,560
2013-2014,5680,5680,0,568
2013-2014,1020,1020,19,102
2013-2014,1230,1230,1,123
2013-2014,1370,1370,0,137
2013-2014,5160,5160,0,516
2013-2014,5160,5160,31,516
2013-2014,5200,5200,7,520
2013-2014,5200,5200,0,520
2013-2014,5300,5300,0,530
2013-2014,5320,5320,0,532
2013-2014,5340,5340,1,534
2013-2014,5350,5350,12,535
2013-2014,5420,5420,3,542
2013-2014,5500,5500,0,550
2013-2014,5550,5550,0,555
2013-2014,5560,5560,0,556
2013-2014,6010,6010,0,601
2013-2014,6100,6100,0,610
2013-2014,6200,6200,0,620
2013-2014,5300,5300,0,530
2013-2014,4020,4020,0,402
2013-2014,1010,1010,4,101
2013-2014,1030,1030,5,103
2013-2014,1050,1050,0,105
2013-2014,1190,1190,0,119
2013-2014,1250,1250,0,125
2013-2014,1260,1260,0,126
2013-2014,1420,1420,0,142
2013-2014,1420,1420,4,142
2013-2014,1470,1470,7,147
2013-2014,1490,1490,2,149
2013-2014,1580,1580,0,158
2013-2014,5470,5470,9,547
2013-2014,5510,5510,1,551
2013-2014,5520,5520,0,552
2013-2014,6040,6040,0,604
2013-2014,6040,6040,4,604
2013-2014,6050,6050,0,605
2013-2014,6100,6100,0,610
2013-2014,6200,6200,0,620
2013-2014,6210,6210,0,621
2013-2014,6210,6210,0,621
2013-2014,6230,6230,1,623
2013-2014,6300,6300,0,630
2013-2014,6390,6390,1,639
2013-2014,7300,7300,9,730
2013-2014,1580,1580,0,158
2013-2014,2090,2090,0,209
2013-2014,2160,2160,1,216
2013-2014,2210,2210,0,221
2013-2014,2260,2260,15,226
2013-2014,2290,2290,0,229
2013-2014,2470,2470,0,247
2013-2014,2580,2580,0,258
2013-2014,2620,2620,0,262
2013-2014,2630,2630,0,263
2013-2014,7330,7330,0,733
2013-2014,7350,7350,0,735
2013-2014,7400,7400,0,740
2013-2014,7440,7440,1,744
2013-2014,7470,7470,0,747
2013-2014,7500,7500,2,750
2013-2014,8040,8040,0,804
2013-2014,8180,8180,1,818
2013-2014,8210,8210,10,821
2013-2014,8410,8410,0,841
2013-2014,2690,2690,2,269
2013-2014,7430,7430,0,743
2013-2014,7440,7440,1,744
2013-2014,7490,7490,1,749
2013-2014,7500,7500,0,750
2013-2014,7530,7530,1,753
2013-2014,8010,8010,0,801
2013-2014,8010,8010,3,801
2013-2014,8030,8030,20,803
2013-2014,8090,8090,0,809
2013-2014,8140,8140,1,814
2013-2014,8180,8180,0,818
2013-2014,8250,8250,6,825
2013-2014,8300,8300,0,830
2013-2014,8300,8300,0,830
2013-2014,8360,8360,0,836
2013-2014,8370,8370,0,837
2013-2014,8440,8440,0,844
2013-2014,7220,7220,2,722
2013-2014,1080,1080,0,108
2013-2014,1080,1080,0,108
2013-2014,1190,1190,0,119
2013-2014,1290,1290,1,129
2013-2014,1300,1300,0,130
2013-2014,1350,1350,0,135
2013-2014,1370,1370,2,137
2013-2014,1390,1390,0,139
2013-2014,1390,1390,0,139
2013-2014,1410,1410,0,141
2013-2014,1410,1410,1,141
2013-2014,1470,1470,0,147
2013-2014,6430,6430,1,643
2013-2014,6440,6440,0,644
2013-2014,6460,6460,0,646
2013-2014,7110,7110,0,711
2013-2014,7200,7200,0,720
2013-2014,7280,7280,2,728
2013-2014,7360,7360,0,736
2013-2014,7390,7390,0,739
2013-2014,7490,7490,0,749
2013-2014,8140,8140,0,814
2013-2014,8200,8200,1,820
2013-2014,8210,8210,0,821
2013-2014,8240,8240,0,824
2013-2014,2210,2210,3,221
2013-2014,2290,2290,3,229
2013-2014,2340,2340,0,234
2013-2014,2340,2340,0,234
2013-2014,2370,2370,1,237
2013-2014,2390,2390,0,239
2013-2014,2390,2390,38,239
2013-2014,2470,2470,0,247
2013-2014,2510,2510,2,251
2013-2014,2540,2540,0,254
2013-2014,2580,2580,0,258
2013-2014,2650,2650,0,265
2013-2014,2670,2670,0,267
2013-2014,2630,2630,0,263
2013-2014,6450,6450,0,645
2013-2014,7150,7150,0,715
2013-2014,7270,7270,0,727
2013-2014,7350,7350,3,735
2013-2014,7380,7380,0,738
2013-2014,7380,7380,1,738
2013-2014,7390,7390,0,739
2013-2014,7440,7440,0,744
2013-2014,7440,7440,0,744
2013-2014,7440,7440,1,744
2013-2014,7490,7490,0,749
2013-2014,7500,7500,0,750
2013-2014,7530,7530,0,753
2013-2014,8030,8030,15,803
2013-2014,8090,8090,6,809
2013-2014,8160,8160,0,816
2013-2014,8180,8180,0,818
2013-2014,8240,8240,0,824
2013-2014,8260,8260,2,826
2013-2014,8300,8300,0,830
2013-2014,8360,8360,0,836
2013-2014,8370,8370,0,837
2013-2014,8410,8410,0,841
2013-2014,8440,8440,0,844
2013-2014,8560,8560,1,856
2013-2014,4030,4030,1,403
2013-2014,4220,4220,0,422
2013-2014,4350,4350,3,435
2013-2014,4440,4440,0,444
2013-2014,4470,4470,0,447
2013-2014,2380,2380,1,238
2013-2014,2480,2480,0,248
2013-2014,2490,2490,0,249
2013-2014,2580,2580,0,258
2013-2014,2580,2580,0,258
2013-2014,2620,2620,0,262
2013-2014,2650,2650,0,265
2013-2014,8350,8350,0,835
2013-2014,8370,8370,0,837
2013-2014,8410,8410,0,841
2013-2014,8420,8420,0,842
2013-2014,8560,8560,2,856
2013-2014,1010,1010,10,101
2013-2014,1020,1020,4,102
2013-2014,1030,1030,0,103
2013-2014,1250,1250,0,125
2013-2014,1330,1330,0,133
2013-2014,1360,1360,0,136
2013-2014,1460,1460,0,146
2013-2014,4030,4030,1,403
2013-2014,4030,4030,0,403
2013-2014,4240,4240,1,424
2013-2014,4440,4440,13,444
2013-2014,4440,4440,2,444
2013-2014,4460,4460,9,446
2013-2014,4470,4470,1,447
2013-2014,5070,5070,2,507
2013-2014,4140,4140,0,414
2013-2014,4140,4140,17,414
2013-2014,4220,4220,0,422
2013-2014,4270,4270,2,427
2013-2014,4320,4320,2,432
2013-2014,4380,4380,0,438
2013-2014,4380,4380,1,438
2013-2014,5020,5020,4,502
2013-2014,5070,5070,0,507
2013-2014,5080,5080,0,508
2013-2014,5080,5080,4,508
2013-2014,5330,5330,2,533
2013-2014,5350,5350,0,535
2013-2014,5400,5400,1,540
2013-2014,5090,5090,0,509
2013-2014,5150,5150,3,515
2013-2014,5150,5150,0,515
2013-2014,5170,5170,1,517
2013-2014,5170,5170,1,517
2013-2014,5210,5210,0,521
2013-2014,5410,5410,0,541
2013-2014,5420,5420,2,542
2013-2014,5600,5600,0,560
2013-2014,6020,6020,0,602
2013-2014,6020,6020,0,602
2013-2014,6030,6030,1,603
2013-2014,6050,6050,1,605
2013-2014,6090,6090,1,609
2013-2014,4020,4020,28,402
2013-2014,4030,4030,4,403
2013-2014,4270,4270,0,427
2013-2014,4440,4440,1,444
2013-2014,4440,4440,4,444
2013-2014,4470,4470,1,447
2013-2014,4470,4470,0,447
2013-2014,4570,4570,0,457
2013-2014,1010,1010,0,101
2013-2014,1030,1030,11,103
2013-2014,1080,1080,0,108
2013-2014,1190,1190,0,119
2013-2014,1200,1200,15,120
2013-2014,1340,1340,20,134
2013-2014,1340,1340,1,134
2013-2014,1380,1380,1,138
2013-2014,1410,1410,2,141
2013-2014,4020,4020,16,402
2013-2014,4030,4030,0,403
2013-2014,4060,4060,3,406
2013-2014,4560,4560,0,456
2013-2014,4560,4560,0,456
2013-2014,5150,5150,2,515
2013-2014,5160,5160,1,516
2013-2014,5200,5200,0,520
2013-2014,5230,5230,1,523
2013-2014,5230,5230,1,523
2013-2014,1490,1490,0,149
2013-2014,2090,2090,0,209
2013-2014,2210,2210,0,221
2013-2014,2240,2240,11,224
2013-2014,2260,2260,0,226
2013-2014,2380,2380,1,238
2013-2014,2390,2390,1,239
2013-2014,2410,2410,0,241
2013-2014,2450,2450,0,245
2013-2014,2540,2540,0,254
2013-2014,2590,2590,2,259
2013-2014,6010,6010,1,601
2013-2014,6260,6260,0,626
2013-2014,6320,6320,1,632
2013-2014,6410,6410,0,641
2013-2014,6430,6430,0,643
2013-2014,6460,6460,1,646
2013-2014,6480,6480,0,648
2013-2014,7110,7110,5,711
2013-2014,7220,7220,0,722
2013-2014,7270,7270,1,727
2013-2014,5050,5050,0,505
2013-2014,5080,5080,0,508
2013-2014,5350,5350,0,535
2013-2014,5390,5390,4,539
2013-2014,5400,5400,0,540
2013-2014,5450,5450,0,545
2013-2014,5490,5490,0,549
2013-2014,5500,5500,1,550
2013-2014,6010,6010,0,601
2013-2014,6040,6040,0,604
2013-2014,6090,6090,2,609
2013-2014,6220,6220,0,622
2013-2014,1060,1060,0,106
2013-2014,1230,1230,0,123
2013-2014,1290,1290,0,129
2013-2014,1340,1340,8,134
2013-2014,1380,1380,0,138
2013-2014,1400,1400,0,140
2013-2014,1470,1470,0,147
2013-2014,2090,2090,0,209
2013-2014,2140,2140,1,214
2013-2014,2190,2190,2,219
2013-2014,6250,6250,0,625
2013-2014,6270,6270,0,627
2013-2014,6310,6310,0,631
2013-2014,6320,6320,1,632
2013-2014,6390,6390,2,639
2013-2014,6450,6450,0,645
2013-2014,7200,7200,0,720
2013-2014,7220,7220,2,722
2013-2014,7270,7270,0,727
2013-2014,7300,7300,8,730
2013-2014,7370,7370,0,737
2013-2014,7430,7430,0,743
2013-2014,1080,1080,0,108
2013-2014,1250,1250,0,125
2013-2014,1390,1390,1,139
2013-2014,1440,1440,4,144
2013-2014,1460,1460,0,146
2013-2014,4060,4060,1,406
2013-2014,4140,4140,2,414
2013-2014,4300,4300,33,430
2013-2014,4320,4320,2,432
2013-2014,5350,5350,0,535
2013-2014,5400,5400,1,540
2013-2014,1100,1100,0,110
2013-2014,1230,1230,0,123
2013-2014,1280,1280,0,128
2013-2014,1460,1460,4,146
2013-2014,2210,2210,0,221
2013-2014,4240,4240,0,424
2013-2014,4370,4370,0,437
2013-2014,4530,4530,0,453
2013-2014,4570,4570,0,457
2013-2014,5050,5050,0,505
2013-2014,5080,5080,0,508
2013-2014,5090,5090,0,509
2013-2014,5090,5090,0,509
2013-2014,5230,5230,2,523
2013-2014,5260,5260,1,526
2013-2014,5320,5320,9,532
2013-2014,5350,5350,0,535
2013-2014,5400,5400,15,540
2013-2014,5410,5410,0,541
2013-2014,5430,5430,0,543
2013-2014,5440,5440,1,544
2013-2014,2390,2390,1,239
2013-2014,2480,2480,9,248
2013-2014,2510,2510,0,251
2013-2014,2670,2670,5,267
2013-2014,6300,6300,0,630
2013-2014,6310,6310,0,631
2013-2014,6320,6320,0,632
2013-2014,6350,6350,0,635
2013-2014,6390,6390,0,639
2013-2014,6390,6390,0,639
2013-2014,7100,7100,0,710
2013-2014,7120,7120,0,712
2013-2014,7120,7120,21,712
2013-2014,7290,7290,11,729
2013-2014,7290,7290,1,729
2013-2014,7310,7310,10,731
2013-2014,7320,7320,0,732
2013-2014,7320,7320,0,732
2013-2014,7350,7350,1,735
2013-2014,7380,7380,0,738
2013-2014,7440,7440,0,744
2013-2014,7730,7730,0,773
2013-2014,8010,8010,0,801
2013-2014,8030,8030,17,803
2013-2014,2000,2000,1,200
2013-2014,2130,2130,0,213
2013-2014,2240,2240,1,224
2013-2014,2260,2260,0,226
2013-2014,2290,2290,0,229
2013-2014,2540,2540,0,254
2013-2014,2630,2630,0,263
2013-2014,2670,2670,0,267
2013-2014,2670,2670,1,267
2013-2014,2720,2720,1,272
2013-2014,2720,2720,4,272
2013-2014,8120,8120,13,812
2013-2014,8120,8120,0,812
2013-2014,8140,8140,1,814
2013-2014,8300,8300,1,830
2013-2014,8310,8310,1,831
2013-2014,8400,8400,0,840
2013-2014,8420,8420,0,842
2013-2014,5590,5590,0,559
2013-2014,5680,5680,2,568
2013-2014,6100,6100,0,610
2013-2014,6230,6230,0,623
2013-2014,6230,6230,0,623
2013-2014,6340,6340,2,634
2013-2014,6350,6350,12,635
2013-2014,6390,6390,0,639
2013-2014,6430,6430,1,643
2013-2014,7100,7100,0,710
2013-2014,7150,7150,0,715
2013-2014,5500,5500,0,550
2013-2014,2240,2240,0,224
2013-2014,2370,2370,3,237
2013-2014,2450,2450,13,245
2013-2014,2450,2450,3,245
2013-2014,2630,2630,0,263
2013-2014,2670,2670,1,267
2013-2014,1490,1490,1,149
2013-2014,1580,1580,0,158
2013-2014,5680,5680,0,568
2013-2014,5680,5680,3,568
2013-2014,6210,6210,0,621
2013-2014,6210,6210,1,621
2013-2014,6230,6230,0,623
2013-2014,6300,6300,0,630
2013-2014,6410,6410,0,641
2013-2014,6540,6540,2,654
2013-2014,8020,8020,1,802
2013-2014,4220,4220,8,422
2013-2014,4280,4280,2,428
2013-2014,8120,8120,0,812
2013-2014,8140,8140,17,814
2013-2014,8200,8200,0,820
2013-2014,8210,8210,0,821
2013-2014,8320,8320,4,832
2013-2014,8420,8420,0,842
2013-2014,8430,8430,0,843
2013-2014,2160,2160,0,216
2013-2014,2190,2190,1,219
2013-2014,2320,2320,0,232
2013-2014,2390,2390,0,239
2013-2014,2390,2390,0,239
2013-2014,2470,2470,0,247
2013-2014,2490,2490,0,249
2013-2014,2510,2510,0,251
2013-2014,2520,2520,0,252
2013-2014,2520,2520,0,252
2013-2014,2630,2630,0,263
2013-2014,2650,2650,0,265
2013-2014,2720,2720,9,272
2013-2014,7300,7300,0,730
2013-2014,7380,7380,0,738
2013-2014,7460,7460,0,746
2013-2014,7460,7460,0,746
2013-2014,7470,7470,0,747
2013-2014,7470,7470,0,747
2013-2014,7510,7510,0,751
2013-2014,8210,8210,1,821
2013-2014,8230,8230,0,823
2013-2014,8240,8240,0,824
2013-2014,8250,8250,0,825
2013-2014,8250,8250,0,825
2013-2014,8300,8300,9,830
2013-2014,8340,8340,0,834
2013-2014,8350,8350,0,835
2013-2014,8380,8380,0,838
2013-2014,8410,8410,1,841
2013-2014,8410,8410,0,841
2013-2014,8440,8440,0,844
2013-2014,7130,7130,0,713
2013-2014,7150,7150,0,715
2013-2014,6040,6040,0,604
2013-2014,6060,6060,2,606
2013-2014,6100,6100,1,610
2013-2014,6270,6270,1,627
2013-2014,6300,6300,1,630
2013-2014,6350,6350,0,635
2013-2014,6440,6440,0,644
2013-2014,6440,6440,2,644
2013-2014,7220,7220,0,722
2013-2014,7280,7280,3,728
2013-2014,7300,7300,0,730
2013-2014,7300,7300,0,730
2013-2014,7320,7320,0,732
2013-2014,7430,7430,4,743
2013-2014,7470,7470,1,747
2013-2014,7490,7490,0,749
2013-2014,7510,7510,0,751
2013-2014,8020,8020,0,802
2013-2014,8180,8180,5,818
2013-2014,8180,8180,1,818
2013-2014,8200,8200,0,820
2013-2014,8210,8210,1,821
2013-2014,8370,8370,0,837
2013-2014,8380,8380,0,838
2013-2014,4440,4440,0,444
2013-2014,5050,5050,0,505
2013-2014,5050,5050,0,505
2013-2014,5080,5080,1,508
2013-2014,5300,5300,0,530
2013-2014,5330,5330,0,533
2013-2014,5340,5340,1,534
2013-2014,5370,5370,1,537
2013-2014,5400,5400,0,540
2013-2014,5530,5530,0,553
2013-2014,5590,5590,28,559
2013-2014,5680,5680,2,568
2013-2014,1010,1010,10,101
2013-2014,1050,1050,0,105
2013-2014,1060,1060,0,106
2013-2014,1100,1100,5,110
2013-2014,1190,1190,0,119
2013-2014,1250,1250,0,125
2013-2014,1410,1410,1,141
2013-2014,1420,1420,0,142
2013-2014,5070,5070,0,507
2013-2014,5200,5200,0,520
2013-2014,5230,5230,0,523
2013-2014,5230,5230,0,523
2013-2014,5330,5330,0,533
2013-2014,5330,5330,1,533
2013-2014,5440,5440,0,544
2013-2014,5440,5440,0,544
2013-2014,5470,5470,0,547
2013-2014,5530,5530,0,553
2013-2014,5550,5550,3,555
2013-2014,5550,5550,0,555
2013-2014,6050,6050,1,605
2013-2014,6090,6090,1,609
2013-2014,6090,6090,10,609
2013-2014,6100,6100,0,610
2013-2014,6100,6100,1,610
2013-2014,6210,6210,0,621
2013-2014,6250,6250,1,625
2013-2014,4020,4020,3,402
2013-2014,4020,4020,6,402
2013-2014,1020,1020,0,102
2013-2014,1060,1060,0,106
2013-2014,1130,1130,1,113
2013-2014,1230,1230,0,123
2013-2014,1280,1280,0,128
2013-2014,1300,1300,0,130
2013-2014,1330,1330,12,133
2013-2014,1380,1380,1,138
2013-2014,1390,1390,0,139
2013-2014,1580,1580,0,158
2013-2014,2010,2010,0,201
2013-2014,5340,5340,5,534
2013-2014,5410,5410,2,541
2013-2014,5590,5590,1,559
2013-2014,6070,6070,0,607
2013-2014,6220,6220,0,622
2013-2014,6260,6260,0,626
2013-2014,6360,6360,2,636
2013-2014,6410,6410,0,641
2013-2014,7300,7300,0,730
2013-2014,7300,7300,0,730
2013-2014,2000,2000,1,200
2013-2014,2000,2000,3,200
2013-2014,2190,2190,0,219
2013-2014,2340,2340,0,234
2013-2014,2340,2340,0,234
2013-2014,2380,2380,0,238
2013-2014,2380,2380,0,238
2013-2014,2480,2480,0,248
2013-2014,2590,2590,0,259
2013-2014,7330,7330,1,733
2013-2014,7500,7500,1,750
2013-2014,7730,7730,0,773
2013-2014,8030,8030,4,803
2013-2014,8250,8250,0,825
2013-2014,8370,8370,0,837
2013-2014,8390,8390,0,839
2013-2014,8400,8400,0,840
2013-2014,2720,2720,0,272
2013-2014,7310,7310,0,731
2013-2014,7370,7370,0,737
2013-2014,7380,7380,0,738
2013-2014,7430,7430,0,743
2013-2014,7470,7470,0,747
2013-2014,7490,7490,0,749
2013-2014,7500,7500,0,750
2013-2014,7500,7500,0,750
2013-2014,8020,8020,9,802
2013-2014,8120,8120,0,812
2013-2014,8180,8180,0,818
2013-2014,8210,8210,0,821
2013-2014,8270,8270,0,827
2013-2014,8310,8310,0,831
2013-2014,8370,8370,0,837
2013-2014,8380,8380,0,838
2013-2014,8410,8410,9,841
2013-2014,8420,8420,0,842
2013-2014,8440,8440,2,844
2013-2014,8560,8560,0,856
2013-2014,8560,8560,0,856
2013-2014,1020,1020,0,102
2013-2014,1060,1060,0,106
2013-2014,1200,1200,0,120
2013-2014,1260,1260,0,126
2013-2014,1300,1300,0,130
2013-2014,1330,1330,0,133
2013-2014,1440,1440,0,144
2013-2014,1460,1460,0,146
2013-2014,2010,2010,7,201
2013-2014,2130,2130,0,213
2013-2014,6440,6440,2,644
2013-2014,7120,7120,0,712
2013-2014,7130,7130,2,713
2013-2014,7260,7260,0,726
2013-2014,7260,7260,0,726
2013-2014,7320,7320,0,732
2013-2014,7330,7330,0,733
2013-2014,7350,7350,7,735
2013-2014,7350,7350,0,735
2013-2014,7470,7470,0,747
2013-2014,7500,7500,0,750
2013-2014,8200,8200,0,820
2013-2014,2260,2260,5,226
2013-2014,2290,2290,0,229
2013-2014,2380,2380,0,238
2013-2014,2380,2380,0,238
2013-2014,2380,2380,0,238
2013-2014,2580,2580,0,258
2013-2014,2620,2620,0,262
2013-2014,2690,2690,0,269
2013-2014,7010,7010,0,701
2013-2014,7010,7010,3,701
2013-2014,7120,7120,17,712
2013-2014,7300,7300,3,730
2013-2014,7350,7350,1,735
2013-2014,7390,7390,2,739
2013-2014,7390,7390,3,739
2013-2014,7490,7490,4,749
2013-2014,7510,7510,0,751
2013-2014,7510,7510,1,751
2013-2014,8230,8230,0,823
2013-2014,8260,8260,0,826
2013-2014,8310,8310,0,831
2013-2014,8310,8310,0,831
2013-2014,2720,2720,0,272
2013-2014,2720,2720,2,272
2013-2014,8320,8320,0,832
2013-2014,8360,8360,0,836
2013-2014,8370,8370,1,837
2013-2014,8420,8420,0,842
2013-2014,8430,8430,1,843
2013-2014,8430,8430,0,843
2013-2014,4480,4480,1,448
2013-2014,4570,4570,0,457
2013-2014,4570,4570,1,457
2013-2014,2260,2260,0,226
2013-2014,2320,2320,0,232
2013-2014,2390,2390,0,239
2013-2014,2590,2590,0,259
2013-2014,2620,2620,0,262
2013-2014,8410,8410,0,841
2013-2014,8430,8430,0,843
2013-2014,1030,1030,3,103
2013-2014,1100,1100,10,110
2013-2014,1100,1100,0,110
2013-2014,1190,1190,0,119
2013-2014,1280,1280,0,128
2013-2014,1300,1300,0,130
2013-2014,1330,1330,1,133
2013-2014,4140,4140,1,414
2013-2014,4240,4240,0,424
2013-2014,4270,4270,0,427
2013-2014,4350,4350,41,435
2013-2014,4470,4470,48,447
2013-2014,5050,5050,2,505
2013-2014,5060,5060,9,506
2013-2014,4220,4220,0,422
2013-2014,4370,4370,0,437
2013-2014,4370,4370,0,437
2013-2014,4440,4440,1,444
2013-2014,4570,4570,3,457
2013-2014,5060,5060,6,506
2013-2014,5070,5070,0,507
2013-2014,5170,5170,2,517
2013-2014,5340,5340,0,534
2013-2014,5410,5410,0,541
2013-2014,5170,5170,2,517
2013-2014,5260,5260,3,526
2013-2014,5370,5370,0,537
2013-2014,5480,5480,0,548
2013-2014,5510,5510,0,551
2013-2014,5510,5510,0,551
2013-2014,5590,5590,1,559
2013-2014,5680,5680,0,568
2013-2014,6050,6050,1,605
2013-2014,4220,4220,0,422
2013-2014,4240,4240,0,424
2013-2014,4240,4240,0,424
2013-2014,4270,4270,0,427
2013-2014,4300,4300,1,430
2013-2014,4350,4350,0,435
2013-2014,4350,4350,0,435
2013-2014,4470,4470,0,447
2013-2014,4480,4480,0,448
2013-2014,4560,4560,0,456
2013-2014,4570,4570,0,457
2013-2014,1010,1010,0,101
2013-2014,1060,1060,0,106
2013-2014,1080,1080,0,108
2013-2014,1360,1360,0,136
2013-2014,1380,1380,0,138
2013-2014,1380,1380,0,138
2013-2014,1400,1400,0,140
2013-2014,1470,1470,0,147
2013-2014,4030,4030,0,403
2013-2014,4220,4220,0,422
2013-2014,4280,4280,0,428
2013-2014,4370,4370,0,437
2013-2014,4380,4380,3,438
2013-2014,5020,5020,8,502
2013-2014,5060,5060,1,506
2013-2014,5160,5160,3,516
2013-2014,5260,5260,3,526
2013-2014,1580,1580,1,158
2013-2014,1580,1580,0,158
2013-2014,1580,1580,0,158
2013-2014,1580,1580,0,158
2013-2014,2000,2000,0,200
2013-2014,2090,2090,0,209
2013-2014,2140,2140,0,214
2013-2014,2140,2140,0,214
2013-2014,2240,2240,0,224
2013-2014,2260,2260,0,226
2013-2014,2370,2370,7,237
2013-2014,2390,2390,0,239
2013-2014,2470,2470,0,247
2013-2014,2520,2520,0,252
2013-2014,2590,2590,1,259
2013-2014,6030,6030,5,603
2013-2014,6040,6040,0,604
2013-2014,6040,6040,0,604
2013-2014,6070,6070,0,607
2013-2014,6090,6090,3,609
2013-2014,6310,6310,0,631
2013-2014,6310,6310,0,631
2013-2014,6390,6390,0,639
2013-2014,6410,6410,0,641
2013-2014,6430,6430,0,643
2013-2014,6460,6460,0,646
2013-2014,6470,6470,0,647
2013-2014,6480,6480,1,648
2013-2014,7010,7010,1,701
2013-2014,7130,7130,0,713
2013-2014,7270,7270,1,727
2013-2014,7280,7280,2,728
2013-2014,7290,7290,0,729
2013-2014,5020,5020,18,502
2013-2014,5050,5050,0,505
2013-2014,5090,5090,0,509
2013-2014,5350,5350,1,535
2013-2014,5480,5480,0,548
2013-2014,5500,5500,0,550
2013-2014,5510,5510,0,551
2013-2014,5520,5520,3,552
2013-2014,5560,5560,0,556
2013-2014,5560,5560,0,556
2013-2014,5600,5600,1,560
2013-2014,6210,6210,0,621
2013-2014,1020,1020,14,102
2013-2014,1250,1250,0,125
2013-2014,1260,1260,1,126
2013-2014,1360,1360,0,136
2013-2014,2020,2020,0,202
2013-2014,6300,6300,0,630
2013-2014,6350,6350,2,635
2013-2014,6350,6350,0,635
2013-2014,6470,6470,0,647
2013-2014,6480,6480,0,648
2013-2014,7120,7120,6,712
2013-2014,7150,7150,19,715
2013-2014,7360,7360,0,736
2013-2014,7360,7360,3,736
2013-2014,7470,7470,0,747
2013-2014,7490,7490,0,749
2013-2014,1280,1280,0,128
2013-2014,1400,1400,0,140
2013-2014,1470,1470,0,147
2013-2014,4220,4220,0,422
2013-2014,4350,4350,0,435
2013-2014,4380,4380,0,438
2013-2014,4460,4460,2,446
2013-2014,4560,4560,0,456
2013-2014,4560,4560,1,456
2013-2014,4570,4570,0,457
2013-2014,5150,5150,1,515
2013-2014,5210,5210,0,521
2013-2014,5300,5300,1,530
2013-2014,5390,5390,0,539
2013-2014,5410,5410,0,541
2013-2014,5450,5450,0,545
2013-2014,5450,5450,0,545
2013-2014,5480,5480,0,548
2013-2014,4020,4020,0,402
2013-2014,4030,4030,0,403
2013-2014,1130,1130,0,113
2013-2014,1280,1280,0,128
2013-2014,1280,1280,0,128
2013-2014,1330,1330,3,133
2013-2014,1340,1340,4,134
2013-2014,1370,1370,0,137
2013-2014,4100,4100,7,410
2013-2014,4100,4100,1,410
2013-2014,5050,5050,0,505
2013-2014,5060,5060,3,506
2013-2014,5160,5160,1,516
2013-2014,5320,5320,0,532
2013-2014,5320,5320,0,532
2013-2014,5340,5340,0,534
2013-2014,5340,5340,0,534
2013-2014,5370,5370,4,537
2013-2014,5370,5370,0,537
2013-2014,5410,5410,0,541
2013-2014,2490,2490,0,249
2013-2014,6310,6310,0,631
2013-2014,6320,6320,0,632
2013-2014,6340,6340,12,634
2013-2014,6360,6360,5,636
2013-2014,6480,6480,2,648
2013-2014,7100,7100,4,710
2013-2014,7130,7130,1,713
2013-2014,7260,7260,0,726
2013-2014,7400,7400,13,740
2013-2014,8010,8010,0,801
2013-2014,2020,2020,0,202
2013-2014,2130,2130,0,213
2013-2014,2140,2140,0,214
2013-2014,2190,2190,0,219
2013-2014,2190,2190,0,219
2013-2014,2370,2370,0,237
2013-2014,2520,2520,0,252
2013-2014,2640,2640,0,264
2013-2014,2650,2650,0,265
2013-2014,8090,8090,1,809
2013-2014,8180,8180,0,818
2013-2014,8200,8200,1,820
2013-2014,8240,8240,0,824
2013-2014,8270,8270,0,827
2013-2014,8350,8350,0,835
2013-2014,8370,8370,5,837
2013-2014,5560,5560,0,556
2013-2014,5560,5560,1,556
2013-2014,6040,6040,0,604
2013-2014,6040,6040,0,604
2013-2014,6250,6250,0,625
2013-2014,6260,6260,9,626
2013-2014,6350,6350,7,635
2013-2014,6360,6360,37,636
2013-2014,6410,6410,0,641
2013-2014,6440,6440,2,644
2013-2014,6440,6440,0,644
2013-2014,6540,6540,0,654
2013-2014,6540,6540,2,654
2013-2014,7200,7200,1,720
2013-2014,7220,7220,0,722
2013-2014,5500,5500,0,550
2013-2014,5500,5500,0,550
2013-2014,2160,2160,0,216
2013-2014,2210,2210,26,221
2013-2014,2390,2390,0,239
2013-2014,2690,2690,0,269
2013-2014,1490,1490,0,149
2013-2014,5520,5520,6,552
2013-2014,5550,5550,4,555
2013-2014,5600,5600,0,560
2013-2014,6010,6010,0,601
2013-2014,6030,6030,1,603
2013-2014,6070,6070,0,607
2013-2014,6070,6070,0,607
2013-2014,6210,6210,0,621
2013-2014,6220,6220,0,622
2013-2014,6300,6300,11,630
2013-2014,6310,6310,0,631
2013-2014,6310,6310,1,631
2013-2014,6430,6430,0,643
2013-2014,6480,6480,0,648
2013-2014,6540,6540,0,654
2013-2014,8020,8020,0,802
2013-2014,4020,4020,41,402
2013-2014,4140,4140,10,414
2013-2014,4220,4220,0,422
2013-2014,8140,8140,19,814
2013-2014,8160,8160,0,816
2013-2014,8160,8160,1,816
2013-2014,8240,8240,1,824
2013-2014,8310,8310,0,831
2013-2014,8440,8440,0,844
2013-2014,4370,4370,0,437
2013-2014,7290,7290,0,729
2013-2014,2140,2140,1,214
2013-2014,2380,2380,0,238
2013-2014,2470,2470,0,247
2013-2014,2520,2520,0,252
2013-2014,2590,2590,0,259
2013-2014,2630,2630,1,263
2013-2014,7290,7290,0,729
2013-2014,7320,7320,0,732
2013-2014,7440,7440,0,744
2013-2014,7510,7510,2,751
2013-2014,8010,8010,2,801
2013-2014,8180,8180,0,818
2013-2014,8180,8180,0,818
2013-2014,8320,8320,1,832
2013-2014,8380,8380,1,838
2013-2014,7130,7130,0,713
2013-2014,7200,7200,0,720
2013-2014,5470,5470,2,547
2013-2014,5470,5470,0,547
2013-2014,5530,5530,0,553
2013-2014,5600,5600,2,560
2013-2014,6010,6010,1,601
2013-2014,6250,6250,1,625
2013-2014,6340,6340,0,634
2013-2014,6440,6440,0,644
2013-2014,6460,6460,0,646
2013-2014,7100,7100,7,710
2013-2014,7220,7220,0,722
2013-2014,7280,7280,0,728
2013-2014,7280,7280,0,728
2013-2014,7280,7280,3,728
2013-2014,7300,7300,9,730
2013-2014,7310,7310,0,731
2013-2014,7330,7330,0,733
2013-2014,7360,7360,0,736
2013-2014,7360,7360,0,736
2013-2014,7370,7370,2,737
2013-2014,7380,7380,0,738
2013-2014,7430,7430,0,743
2013-2014,7460,7460,1,746
2013-2014,7510,7510,1,751
2013-2014,7730,7730,0,773
2013-2014,8010,8010,0,801
2013-2014,8040,8040,0,804
2013-2014,8260,8260,0,826
2013-2014,8320,8320,2,832
2013-2014,8410,8410,0,841
2013-2014,8420,8420,0,842
2013-2014,8440,8440,1,844
2013-2014,5070,5070,0,507
2013-2014,5300,5300,0,530
2013-2014,5300,5300,0,530
2013-2014,5320,5320,1,532
2013-2014,5330,5330,0,533
2013-2014,5370,5370,0,537
2013-2014,5390,5390,0,539
2013-2014,5410,5410,2,541
2013-2014,5410,5410,0,541
2013-2014,5450,5450,0,545
2013-2014,5510,5510,1,551
2013-2014,1010,1010,4,101
2013-2014,1020,1020,2,102
2013-2014,1200,1200,0,120
2013-2014,1230,1230,0,123
2013-2014,1250,1250,0,125
2013-2014,1260,1260,2,126
2013-2014,1350,1350,0,135
2013-2014,1440,1440,0,144
2013-2014,1460,1460,0,146
2013-2014,8560,8560,0,856
2013-2014,5050,5050,1,505
2013-2014,5090,5090,0,509
2013-2014,5170,5170,0,517
2013-2014,5210,5210,0,521
2013-2014,5250,5250,1,525
2013-2014,5300,5300,0,530
2013-2014,5300,5300,0,530
2013-2014,5410,5410,0,541
2013-2014,5470,5470,3,547
2013-2014,5500,5500,0,550
2013-2014,5590,5590,1,559
2013-2014,5680,5680,0,568
2013-2014,6030,6030,24,603
2013-2014,6100,6100,14,610
2013-2014,1030,1030,1,103
2013-2014,1200,1200,0,120
2013-2014,1200,1200,1,120
2013-2014,1300,1300,0,130
2013-2014,1300,1300,0,130
2013-2014,1380,1380,0,138
2013-2014,1380,1380,0,138
2013-2014,1460,1460,0,146
2013-2014,1470,1470,1,147
2013-2014,1490,1490,1,149
2013-2014,1420,1420,0,142
2013-2014,5370,5370,0,537
2013-2014,5420,5420,2,542
2013-2014,5440,5440,0,544
2013-2014,5560,5560,0,556
2013-2014,6060,6060,9,606
2013-2014,6090,6090,5,609
2013-2014,6320,6320,0,632
2013-2014,6380,6380,1,638
2013-2014,1580,1580,0,158
2013-2014,2210,2210,2,221
2013-2014,2290,2290,0,229
2013-2014,2290,2290,2,229
2013-2014,2370,2370,1,237
2013-2014,2390,2390,13,239
2013-2014,2470,2470,0,247
2013-2014,2640,2640,1,264
2013-2014,7280,7280,1,728
2013-2014,7300,7300,0,730
2013-2014,7360,7360,0,736
2013-2014,7390,7390,9,739
2013-2014,7460,7460,0,746
2013-2014,8010,8010,9,801
2013-2014,8020,8020,1,802
2013-2014,8020,8020,24,802
2013-2014,8030,8030,1,803
2013-2014,8090,8090,0,809
2013-2014,8160,8160,1,816
2013-2014,8210,8210,4,821
2013-2014,8270,8270,0,827
2013-2014,8270,8270,0,827
2013-2014,8320,8320,0,832
2013-2014,8420,8420,0,842
2013-2014,8440,8440,1,844
2013-2014,6310,6310,1,631
2013-2014,6310,6310,0,631
2013-2014,6310,6310,2,631
2013-2014,2670,2670,0,267
2013-2014,7430,7430,9,743
2013-2014,7430,7430,0,743
2013-2014,7460,7460,7,746
2013-2014,7470,7470,0,747
2013-2014,7500,7500,0,750
2013-2014,7530,7530,0,753
2013-2014,8350,8350,1,835
2013-2014,8390,8390,0,839
2013-2014,1020,1020,0,102
2013-2014,1080,1080,0,108
2013-2014,1100,1100,16,110
2013-2014,1130,1130,0,113
2013-2014,1290,1290,4,129
2013-2014,1300,1300,0,130
2013-2014,1360,1360,0,136
2013-2014,1380,1380,0,138
2013-2014,1440,1440,0,144
2013-2014,6360,6360,0,636
2013-2014,6380,6380,2,638
2013-2014,6410,6410,0,641
2013-2014,6440,6440,0,644
2013-2014,7120,7120,64,712
2013-2014,7120,7120,9,712
2013-2014,7270,7270,7,727
2013-2014,7280,7280,19,728
2013-2014,7310,7310,0,731
2013-2014,7360,7360,0,736
2013-2014,7430,7430,0,743
2013-2014,7490,7490,0,749
2013-2014,7490,7490,0,749
2013-2014,7490,7490,1,749
2013-2014,8180,8180,1,818
2013-2014,8200,8200,1,820
2013-2014,2210,2210,0,221
2013-2014,2290,2290,0,229
2013-2014,2320,2320,27,232
2013-2014,2320,2320,2,232
2013-2014,2380,2380,0,238
2013-2014,2380,2380,0,238
2013-2014,2480,2480,0,248
2013-2014,2520,2520,0,252
2013-2014,6460,6460,0,646
2013-2014,6480,6480,0,648
2013-2014,6480,6480,1,648
2013-2014,7010,7010,6,701
2013-2014,7100,7100,3,710
2013-2014,7110,7110,10,711
2013-2014,7270,7270,0,727
2013-2014,7370,7370,0,737
2013-2014,7370,7370,0,737
2013-2014,8040,8040,0,804
2013-2014,8090,8090,11,809
2013-2014,8140,8140,0,814
2013-2014,8160,8160,0,816
2013-2014,8210,8210,0,821
2013-2014,8210,8210,1,821
2013-2014,8300,8300,0,830
2013-2014,8310,8310,0,831
2013-2014,8320,8320,0,832
2013-2014,8250,8250,1,825
2013-2014,8340,8340,0,834
2013-2014,8350,8350,0,835
2013-2014,4060,4060,13,406
2013-2014,4100,4100,5,410
2013-2014,4140,4140,0,414
2013-2014,4270,4270,0,427
2013-2014,5020,5020,1,502
2013-2014,8340,8340,0,834
2013-2014,2290,2290,1,229
2013-2014,2470,2470,0,247
2013-2014,2480,2480,2,248
2013-2014,2510,2510,2,251
2013-2014,2540,2540,3,254
2013-2014,2540,2540,0,254
2013-2014,2580,2580,1,258
2013-2014,8350,8350,0,835
2013-2014,8350,8350,0,835
2013-2014,8380,8380,4,838
2013-2014,8400,8400,0,840
2013-2014,8560,8560,1,856
2013-2014,8560,8560,0,856
2013-2014,8560,8560,1,856
2013-2014,4020,4020,10,402
2013-2014,1130,1130,0,113
2013-2014,1190,1190,0,119
2013-2014,1280,1280,0,128
2013-2014,1390,1390,0,139
2013-2014,1400,1400,1,140
2013-2014,1440,1440,2,144
2013-2014,4060,4060,6,406
2013-2014,4060,4060,0,406
2013-2014,4100,4100,0,410
2013-2014,4280,4280,0,428
2013-2014,4280,4280,0,428
2013-2014,4320,4320,0,432
2013-2014,4280,4280,0,428
2013-2014,4320,4320,27,432
2013-2014,4470,4470,0,447
2013-2014,4560,4560,5,456
2013-2014,5050,5050,0,505
2013-2014,5070,5070,0,507
2013-2014,5080,5080,1,508
2013-2014,5150,5150,0,515
2013-2014,5160,5160,3,516
2013-2014,5170,5170,17,517
2013-2014,5390,5390,1,539
2013-2014,5400,5400,0,540
2013-2014,5400,5400,0,540
2013-2014,5420,5420,0,542
2013-2014,5420,5420,1,542
2013-2014,5430,5430,4,543
2013-2014,5260,5260,0,526
2013-2014,5320,5320,2,532
2013-2014,5390,5390,1,539
2013-2014,5440,5440,0,544
2013-2014,5450,5450,0,545
2013-2014,5510,5510,0,551
2013-2014,6200,6200,5,620
2013-2014,4060,4060,1,406
2013-2014,4440,4440,0,444
2013-2014,1080,1080,0,108
2013-2014,1230,1230,0,123
2013-2014,1360,1360,1,136
2013-2014,4100,4100,0,410
2013-2014,4370,4370,0,437
2013-2014,4470,4470,0,447
2013-2014,4560,4560,0,456
2013-2014,4560,4560,0,456
2013-2014,5060,5060,0,506
2013-2014,5070,5070,0,507
2013-2014,5150,5150,0,515
2013-2014,5230,5230,0,523
2013-2014,5230,5230,0,523
2013-2014,5230,5230,1,523
2013-2014,1490,1490,1,149
2013-2014,1490,1490,3,149
2013-2014,2410,2410,0,241
2013-2014,2410,2410,1,241
2013-2014,2450,2450,2,245
2013-2014,2490,2490,0,249
2013-2014,2520,2520,0,252
2013-2014,6020,6020,0,602
2013-2014,6020,6020,0,602
2013-2014,6060,6060,0,606
2013-2014,6300,6300,0,630
2013-2014,6460,6460,0,646
2013-2014,6470,6470,0,647
2013-2014,7010,7010,0,701
2013-2014,7010,7010,5,701
2013-2014,7120,7120,0,712
2013-2014,5020,5020,0,502
2013-2014,5170,5170,0,517
2013-2014,5210,5210,0,521
2013-2014,5300,5300,0,530
2013-2014,5340,5340,1,534
2013-2014,5410,5410,0,541
2013-2014,5450,5450,0,545
2013-2014,5500,5500,9,550
2013-2014,5550,5550,2,555
2013-2014,5550,5550,1,555
2013-2014,5590,5590,0,559
2013-2014,1050,1050,0,105
2013-2014,1050,1050,1,105
2013-2014,1330,1330,0,133
2013-2014,1340,1340,0,134
2013-2014,1350,1350,1,135
2013-2014,1580,1580,2,158
2013-2014,1580,1580,0,158
2013-2014,2010,2010,1,201
2013-2014,2190,2190,3,219
2013-2014,6320,6320,0,632
2013-2014,6360,6360,9,636
2013-2014,6380,6380,0,638
2013-2014,6460,6460,0,646
2013-2014,6480,6480,0,648
2013-2014,7100,7100,0,710
2013-2014,7110,7110,7,711
2013-2014,7220,7220,0,722
2013-2014,7220,7220,1,722
2013-2014,7310,7310,0,731
2013-2014,7360,7360,19,736
2013-2014,7370,7370,1,737
2013-2014,7390,7390,0,739
2013-2014,7400,7400,0,740
2013-2014,7440,7440,8,744
2013-2014,7530,7530,0,753
2013-2014,7530,7530,0,753
2013-2014,1050,1050,0,105
2013-2014,1050,1050,0,105
2013-2014,1060,1060,0,106
2013-2014,1100,1100,4,110
2013-2014,1230,1230,3,123
2013-2014,1260,1260,1,126
2013-2014,1260,1260,1,126
2013-2014,1360,1360,0,136
2013-2014,1440,1440,0,144
2013-2014,4220,4220,0,422
2013-2014,4300,4300,0,430
2013-2014,4440,4440,0,444
2013-2014,4470,4470,1,447
2013-2014,4530,4530,1,453
2013-2014,4560,4560,0,456
2013-2014,5060,5060,1,506
2013-2014,5060,5060,0,506
2013-2014,5090,5090,0,509
2013-2014,5170,5170,7,517
2013-2014,5200,5200,1,520
2013-2014,5210,5210,0,521
2013-2014,5330,5330,8,533
2013-2014,5420,5420,0,542
2013-2014,5450,5450,0,545
2013-2014,1030,1030,0,103
2013-2014,1060,1060,0,106
2013-2014,1080,1080,0,108
2013-2014,1080,1080,0,108
2013-2014,1100,1100,0,110
2013-2014,1130,1130,1,113
2013-2014,1200,1200,0,120
2013-2014,1230,1230,6,123
2013-2014,1300,1300,1,130
2013-2014,1330,1330,11,133
2013-2014,1390,1390,0,139
2013-2014,1410,1410,0,141
2013-2014,4240,4240,1,424
2013-2014,4370,4370,0,437
2013-2014,4560,4560,0,456
2013-2014,4570,4570,1,457
2013-2014,5090,5090,0,509
2013-2014,5170,5170,9,517
2013-2014,5210,5210,0,521
2013-2014,5210,5210,0,521
2013-2014,5250,5250,0,525
2013-2014,5370,5370,0,537
2013-2014,5390,5390,0,539
2013-2014,5400,5400,1,540
2013-2014,5400,5400,0,540
2013-2014,5450,5450,0,545
2013-2014,6260,6260,0,626
2013-2014,6270,6270,0,627
2013-2014,2370,2370,0,237
2013-2014,2450,2450,1,245
2013-2014,2450,2450,0,245
2013-2014,2470,2470,1,247
2013-2014,2020,2020,2,202
2013-2014,6410,6410,0,641
2013-2014,6440,6440,1,644
2013-2014,6440,6440,1,644
2013-2014,6540,6540,0,654
2013-2014,7100,7100,0,710
2013-2014,7150,7150,0,715
2013-2014,7200,7200,0,720
2013-2014,7220,7220,2,722
2013-2014,7270,7270,0,727
2013-2014,7270,7270,1,727
2013-2014,7290,7290,0,729
2013-2014,7330,7330,0,733
2013-2014,7330,7330,0,733
2013-2014,7370,7370,7,737
2013-2014,7510,7510,0,751
2013-2014,2000,2000,16,200
2013-2014,2140,2140,0,214
2013-2014,2240,2240,0,224
2013-2014,2390,2390,2,239
2013-2014,2410,2410,1,241
2013-2014,2450,2450,0,245
2013-2014,2620,2620,1,262
2013-2014,2640,2640,4,264
2013-2014,2640,2640,0,264
2013-2014,2650,2650,0,265
2013-2014,2670,2670,0,267
2013-2014,2720,2720,2,272
2013-2014,2720,2720,2,272
2013-2014,8090,8090,0,809
2013-2014,8260,8260,0,826
2013-2014,8300,8300,1,830
2013-2014,8310,8310,1,831
2013-2014,8350,8350,7,835
2013-2014,5560,5560,0,556
2013-2014,6020,6020,0,602
2013-2014,6030,6030,0,603
2013-2014,6050,6050,0,605
2013-2014,6070,6070,0,607
2013-2014,6200,6200,0,620
2013-2014,6390,6390,7,639
2013-2014,6430,6430,0,643
2013-2014,6450,6450,0,645
2013-2014,7120,7120,41,712
2013-2014,7130,7130,0,713
2013-2014,7200,7200,0,720
2013-2014,5480,5480,0,548
2013-2014,5500,5500,0,550
2013-2014,2090,2090,0,209
2013-2014,2210,2210,0,221
2013-2014,2210,2210,0,221
2013-2014,2240,2240,0,224
2013-2014,2340,2340,1,234
2013-2014,2370,2370,4,237
2013-2014,2410,2410,0,241
2013-2014,2590,2590,0,259
2013-2014,2640,2640,3,264
2013-2014,2650,2650,1,265
2013-2014,2670,2670,0,267
2013-2014,2690,2690,0,269
2013-2014,1490,1490,0,149
2013-2014,5510,5510,8,551
2013-2014,5510,5510,3,551
2013-2014,5550,5550,0,555
2013-2014,5560,5560,0,556
2013-2014,5560,5560,0,556
2013-2014,5680,5680,0,568
2013-2014,6050,6050,1,605
2013-2014,6070,6070,0,607
2013-2014,6100,6100,0,610
2013-2014,6350,6350,0,635
2013-2014,6350,6350,2,635
2013-2014,6360,6360,31,636
2013-2014,6380,6380,0,638
2013-2014,6430,6430,0,643
2013-2014,6450,6450,1,645
2013-2014,6540,6540,1,654
2013-2014,8020,8020,8,802
2013-2014,4020,4020,0,402
2013-2014,4100,4100,12,410
2013-2014,5440,5440,0,544
2013-2014,8040,8040,0,804
2013-2014,8210,8210,1,821
2013-2014,8240,8240,0,824
2013-2014,8240,8240,1,824
2013-2014,8300,8300,32,830
2013-2014,8420,8420,0,842
2013-2014,7280,7280,2,728
2013-2014,2020,2020,0,202
2013-2014,2090,2090,0,209
2013-2014,2140,2140,0,214
2013-2014,2290,2290,1,229
2013-2014,2380,2380,0,238
2013-2014,2450,2450,2,245
2013-2014,2490,2490,0,249
2013-2014,2510,2510,0,251
2013-2014,2640,2640,12,264
2013-2014,2720,2720,0,272
2013-2014,7320,7320,1,732
2013-2014,7350,7350,0,735
2013-2014,7430,7430,2,743
2013-2014,8090,8090,11,809
2013-2014,8180,8180,0,818
2013-2014,8230,8230,0,823
2013-2014,8270,8270,0,827
2013-2014,8300,8300,0,830
2013-2014,8320,8320,2,832
2013-2014,8380,8380,0,838
2013-2014,8400,8400,0,840
2013-2014,8420,8420,1,842
2013-2014,8440,8440,1,844
2013-2014,7150,7150,0,715
2013-2014,5450,5450,0,545
2013-2014,5520,5520,1,552
2013-2014,5560,5560,0,556
2013-2014,6040,6040,0,604
2013-2014,6050,6050,0,605
2013-2014,6210,6210,0,621
2013-2014,6220,6220,0,622
2013-2014,6220,6220,0,622
2013-2014,6250,6250,0,625
2013-2014,6260,6260,0,626
2013-2014,6270,6270,0,627
2013-2014,6300,6300,0,630
2013-2014,7220,7220,28,722
2013-2014,7260,7260,0,726
2013-2014,7280,7280,0,728
2013-2014,7320,7320,0,732
2013-2014,7380,7380,1,738
2013-2014,7390,7390,1,739
2013-2014,7430,7430,0,743
2013-2014,8090,8090,0,809
2013-2014,8200,8200,18,820
2013-2014,8260,8260,0,826
2013-2014,8260,8260,0,826
2013-2014,8270,8270,0,827
2013-2014,8320,8320,0,832
2013-2014,8370,8370,0,837
2013-2014,8430,8430,0,843
2013-2014,4570,4570,0,457
2013-2014,5090,5090,0,509
2013-2014,5230,5230,2,523
2013-2014,5260,5260,0,526
2013-2014,5320,5320,1,532
2013-2014,5370,5370,0,537
2013-2014,5390,5390,1,539
2013-2014,5390,5390,2,539
2013-2014,5480,5480,0,548
2013-2014,1020,1020,0,102
2013-2014,1020,1020,0,102
2013-2014,1080,1080,0,108
2013-2014,1290,1290,2,129
2013-2014,1300,1300,1,130
2013-2014,1340,1340,1,134
2013-2014,1350,1350,0,135
2013-2014,1390,1390,0,139
2013-2014,1400,1400,0,140
2013-2014,1420,1420,1,142
2013-2014,1440,1440,30,144
2013-2014,2000,2000,0,200
2013-2014,5070,5070,5,507
2013-2014,5080,5080,1,508
2013-2014,5200,5200,0,520
2013-2014,5400,5400,0,540
2013-2014,5440,5440,0,544
2013-2014,5490,5490,1,549
2013-2014,5500,5500,0,550
2013-2014,6050,6050,0,605
2013-2014,6300,6300,0,630
2013-2014,5020,5020,21,502
2013-2014,1010,1010,0,101
2013-2014,1060,1060,0,106
2013-2014,1100,1100,0,110
2013-2014,1130,1130,7,113
2013-2014,1200,1200,0,120
2013-2014,1290,1290,0,129
2013-2014,1330,1330,0,133
2013-2014,1380,1380,2,138
2013-2014,1420,1420,2,142
2013-2014,1460,1460,4,146
2013-2014,2000,2000,0,200
2013-2014,5390,5390,0,539
2013-2014,5390,5390,0,539
2013-2014,5490,5490,3,549
2013-2014,5490,5490,0,549
2013-2014,5530,5530,0,553
2013-2014,5550,5550,3,555
2013-2014,5590,5590,0,559
2013-2014,6040,6040,0,604
2013-2014,6050,6050,0,605
2013-2014,6060,6060,0,606
2013-2014,6070,6070,0,607
2013-2014,6200,6200,1,620
2013-2014,6210,6210,3,621
2013-2014,6260,6260,3,626
2013-2014,6300,6300,0,630
2013-2014,6380,6380,0,638
2013-2014,2000,2000,0,200
2013-2014,2010,2010,0,201
2013-2014,2090,2090,0,209
2013-2014,2160,2160,0,216
2013-2014,2240,2240,0,224
2013-2014,2410,2410,0,241
2013-2014,2450,2450,0,245
2013-2014,2520,2520,1,252
2013-2014,2580,2580,0,258
2013-2014,2620,2620,2,262
2013-2014,2620,2620,1,262
2013-2014,2620,2620,0,262
2013-2014,2630,2630,0,263
2013-2014,7310,7310,0,731
2013-2014,7350,7350,0,735
2013-2014,7380,7380,0,738
2013-2014,8120,8120,0,812
2013-2014,8160,8160,0,816
2013-2014,8200,8200,3,820
2013-2014,8320,8320,0,832
2013-2014,8350,8350,1,835
2013-2014,8350,8350,0,835
2013-2014,8390,8390,5,839
2013-2014,8410,8410,0,841
2013-2014,8420,8420,0,842
2013-2014,8560,8560,0,856
2013-2014,8560,8560,0,856
2013-2014,7330,7330,0,733
2013-2014,7400,7400,1,740
2013-2014,7460,7460,0,746
2013-2014,7470,7470,1,747
2013-2014,7500,7500,4,750
2013-2014,7730,7730,0,773
2013-2014,8010,8010,2,801
2013-2014,8040,8040,0,804
2013-2014,8120,8120,3,812
2013-2014,8120,8120,0,812
2013-2014,8230,8230,0,823
2013-2014,8250,8250,3,825
2013-2014,8360,8360,0,836
2013-2014,8410,8410,0,841
2013-2014,8430,8430,5,843
2013-2014,7260,7260,1,726
2013-2014,7270,7270,1,727
2013-2014,1130,1130,0,113
2013-2014,1200,1200,0,120
2013-2014,1250,1250,0,125
2013-2014,1300,1300,9,130
2013-2014,1330,1330,0,133
2013-2014,1340,1340,0,134
2013-2014,1350,1350,0,135
2013-2014,1360,1360,2,136
2013-2014,1410,1410,0,141
2013-2014,1410,1410,0,141
2013-2014,2090,2090,0,209
2013-2014,2130,2130,0,213
2013-2014,6450,6450,0,645
2013-2014,7130,7130,0,713
2013-2014,7150,7150,5,715
2013-2014,7220,7220,5,722
2013-2014,7260,7260,1,726
2013-2014,7330,7330,0,733
2013-2014,7360,7360,3,736
2013-2014,7380,7380,1,738
2013-2014,7400,7400,0,740
2013-2014,7430,7430,0,743
2013-2014,7470,7470,0,747
2013-2014,7500,7500,1,750
2013-2014,7510,7510,5,751
2013-2014,8030,8030,3,803
2013-2014,8090,8090,3,809
2013-2014,8140,8140,3,814
2013-2014,6450,6450,0,645
2013-2014,2190,2190,0,219
2013-2014,2210,2210,0,221
2013-2014,2320,2320,0,232
2013-2014,2320,2320,1,232
2013-2014,2410,2410,0,241
2013-2014,2480,2480,0,248
2013-2014,2490,2490,0,249
2013-2014,2520,2520,0,252
2013-2014,2630,2630,0,263
2013-2014,2640,2640,11,264
2013-2014,6540,6540,1,654
2013-2014,7150,7150,1,715
2013-2014,7320,7320,1,732
2013-2014,7330,7330,0,733
2013-2014,7350,7350,0,735
2013-2014,7380,7380,0,738
2013-2014,7460,7460,0,746
2013-2014,7510,7510,1,751
2013-2014,8020,8020,0,802
2013-2014,8120,8120,0,812
2013-2014,8140,8140,1,814
2013-2014,8160,8160,0,816
2013-2014,8180,8180,1,818
2013-2014,8270,8270,1,827
2013-2014,2690,2690,0,269
2013-2014,8250,8250,0,825
2013-2014,8340,8340,0,834
2013-2014,8350,8350,0,835
2013-2014,8370,8370,2,837
2013-2014,8400,8400,0,840
2013-2014,4020,4020,5,402
2013-2014,4240,4240,0,424
2013-2014,4370,4370,0,437
2013-2014,4460,4460,8,446
2013-2014,4460,4460,0,446
2013-2014,2340,2340,0,234
2013-2014,2340,2340,0,234
2013-2014,2490,2490,0,249
2013-2014,2490,2490,0,249
2013-2014,2720,2720,6,272
2013-2014,8400,8400,0,840
2013-2014,1050,1050,0,105
2013-2014,1250,1250,0,125
2013-2014,1280,1280,0,128
2013-2014,1300,1300,0,130
2013-2014,1380,1380,0,138
2013-2014,1410,1410,3,141
2013-2014,1440,1440,5,144
2013-2014,4030,4030,0,403
2013-2014,4100,4100,9,410
2013-2014,4140,4140,9,414
2013-2014,4370,4370,1,437
2013-2014,4380,4380,0,438
2013-2014,4560,4560,0,456
2013-2014,5080,5080,0,508
2013-2014,4100,4100,3,410
2013-2014,4140,4140,3,414
2013-2014,4320,4320,0,432
2013-2014,5080,5080,0,508
2013-2014,5230,5230,3,523
2013-2014,5300,5300,0,530
2013-2014,5330,5330,3,533
2013-2014,5350,5350,0,535
2013-2014,5420,5420,29,542
2013-2014,5430,5430,0,543
2013-2014,5200,5200,0,520
2013-2014,5250,5250,0,525
2013-2014,5300,5300,1,530
2013-2014,5390,5390,4,539
2013-2014,5470,5470,0,547
2013-2014,5490,5490,0,549
2013-2014,5490,5490,0,549
2013-2014,5550,5550,0,555
2013-2014,6030,6030,0,603
2013-2014,6060,6060,5,606
2013-2014,6070,6070,0,607
2013-2014,4140,4140,3,414
2013-2014,4300,4300,0,430
2013-2014,4380,4380,0,438
2013-2014,4470,4470,0,447
2013-2014,4470,4470,0,447
2013-2014,4530,4530,0,453
2013-2014,1020,1020,2,102
2013-2014,1080,1080,0,108
2013-2014,1230,1230,0,123
2013-2014,1250,1250,3,125
2013-2014,1340,1340,8,134
2013-2014,1350,1350,0,135
2013-2014,1350,1350,0,135
2013-2014,1360,1360,0,136
2013-2014,1470,1470,0,147
2013-2014,4020,4020,0,402
2013-2014,4100,4100,2,410
2013-2014,4140,4140,6,414
2013-2014,4240,4240,0,424
2013-2014,4270,4270,0,427
2013-2014,4460,4460,8,446
2013-2014,4530,4530,1,453
2013-2014,5050,5050,0,505
2013-2014,5250,5250,18,525
2013-2014,2160,2160,0,216
2013-2014,2290,2290,0,229
2013-2014,2370,2370,32,237
2013-2014,2480,2480,1,248
2013-2014,6020,6020,0,602
2013-2014,6200,6200,0,620
2013-2014,6260,6260,1,626
2013-2014,6320,6320,0,632
2013-2014,6340,6340,1,634
2013-2014,6380,6380,0,638
2013-2014,6380,6380,0,638
2013-2014,6380,6380,1,638
2013-2014,6430,6430,0,643
2013-2014,6440,6440,0,644
2013-2014,6450,6450,0,645
2013-2014,7150,7150,0,715
2013-2014,7150,7150,3,715
2013-2014,7200,7200,0,720
2013-2014,7260,7260,0,726
2013-2014,7260,7260,1,726
2013-2014,7270,7270,7,727
2013-2014,5070,5070,11,507
2013-2014,5150,5150,1,515
2013-2014,5150,5150,0,515
2013-2014,5170,5170,4,517
2013-2014,5210,5210,0,521
2013-2014,5350,5350,0,535
2013-2014,5420,5420,0,542
2013-2014,5450,5450,0,545
2013-2014,5470,5470,0,547
2013-2014,5470,5470,1,547
2013-2014,5510,5510,0,551
2013-2014,5510,5510,0,551
2013-2014,5530,5530,0,553
2013-2014,5560,5560,0,556
2013-2014,5560,5560,3,556
2013-2014,6090,6090,5,609
2013-2014,6200,6200,0,620
2013-2014,1080,1080,0,108
2013-2014,1130,1130,6,113
2013-2014,1260,1260,0,126
2013-2014,1280,1280,0,128
2013-2014,1280,1280,0,128
2013-2014,1290,1290,0,129
2013-2014,2130,2130,0,213
2013-2014,6250,6250,0,625
2013-2014,6250,6250,1,625
2013-2014,6270,6270,0,627
2013-2014,6300,6300,0,630
2013-2014,6310,6310,0,631
2013-2014,6320,6320,0,632
2013-2014,6540,6540,0,654
2013-2014,7010,7010,0,701
2013-2014,7100,7100,0,710
2013-2014,7290,7290,0,729
2013-2014,7300,7300,0,730
2013-2014,7320,7320,1,732
2013-2014,7360,7360,0,736
2013-2014,7390,7390,0,739
2013-2014,7400,7400,4,740
2013-2014,7470,7470,0,747
2013-2014,7530,7530,1,753
2013-2014,1010,1010,1,101
2013-2014,1060,1060,0,106
2013-2014,1080,1080,0,108
2013-2014,1190,1190,5,119
2013-2014,1230,1230,13,123
2013-2014,1250,1250,2,125
2013-2014,1260,1260,0,126
2013-2014,1300,1300,0,130
2013-2014,1370,1370,0,137
2013-2014,1380,1380,5,138
2013-2014,1410,1410,15,141
2013-2014,1440,1440,1,144
2013-2014,1460,1460,0,146
2013-2014,4300,4300,1,430
2013-2014,4320,4320,1,432
2013-2014,4440,4440,0,444
2013-2014,4460,4460,0,446
2013-2014,4530,4530,0,453
2013-2014,5090,5090,0,509
2013-2014,5150,5150,0,515
2013-2014,5250,5250,1,525
2013-2014,5320,5320,0,532
2013-2014,5340,5340,2,534
2013-2014,5410,5410,0,541
2013-2014,5430,5430,1,543
2013-2014,5450,5450,0,545
2013-2014,1030,1030,26,103
2013-2014,1060,1060,0,106
2013-2014,1190,1190,4,119
2013-2014,1260,1260,0,126
2013-2014,1400,1400,0,140
2013-2014,1410,1410,3,141
2013-2014,4100,4100,3,410
2013-2014,4220,4220,0,422
2013-2014,5090,5090,4,509
2013-2014,5160,5160,1,516
2013-2014,5230,5230,0,523
2013-2014,5260,5260,1,526
2013-2014,5330,5330,1,533
2013-2014,5390,5390,1,539
2013-2014,5410,5410,0,541
2013-2014,5440,5440,1,544
2013-2014,2490,2490,1,249
2013-2014,2670,2670,0,267
2013-2014,2690,2690,0,269
2013-2014,2720,2720,0,272
2013-2014,6310,6310,0,631
2013-2014,6340,6340,0,634
2013-2014,6350,6350,0,635
2013-2014,7130,7130,0,713
2013-2014,7200,7200,0,720
2013-2014,7270,7270,6,727
2013-2014,7300,7300,0,730
2013-2014,7320,7320,0,732
2013-2014,7460,7460,0,746
2013-2014,2090,2090,0,209
2013-2014,2160,2160,7,216
2013-2014,2260,2260,2,226
2013-2014,2370,2370,0,237
2013-2014,2380,2380,0,238
2013-2014,2480,2480,0,248
2013-2014,2510,2510,0,251
2013-2014,2590,2590,6,259
2013-2014,2720,2720,0,272
2013-2014,8140,8140,9,814
2013-2014,8200,8200,0,820
2013-2014,8210,8210,0,821
2013-2014,8250,8250,0,825
2013-2014,8270,8270,1,827
2013-2014,8380,8380,0,838
2013-2014,8440,8440,2,844
2013-2014,8440,8440,4,844
2013-2014,5530,5530,0,553
2013-2014,5590,5590,3,559
2013-2014,5680,5680,1,568
2013-2014,6010,6010,2,601
2013-2014,6020,6020,0,602
2013-2014,6090,6090,5,609
2013-2014,6100,6100,3,610
2013-2014,6220,6220,1,622
2013-2014,6250,6250,0,625
2013-2014,6260,6260,2,626
2013-2014,6380,6380,2,638
2013-2014,6410,6410,0,641
2013-2014,6410,6410,0,641
2013-2014,7120,7120,2,712
2013-2014,7150,7150,0,715
2013-2014,7150,7150,1,715
2013-2014,7200,7200,0,720
2013-2014,5480,5480,0,548
2013-2014,2140,2140,0,214
2013-2014,2390,2390,0,239
2013-2014,2540,2540,0,254
2013-2014,2670,2670,3,267
2013-2014,2690,2690,0,269
2013-2014,1470,1470,0,147
2013-2014,5520,5520,5,552
2013-2014,5680,5680,0,568
2013-2014,6070,6070,0,607
2013-2014,6230,6230,2,623
2013-2014,6270,6270,1,627
2013-2014,6470,6470,1,647
2013-2014,7010,7010,0,701
2013-2014,7100,7100,11,710
2013-2014,7110,7110,20,711
2013-2014,7130,7130,0,713
2013-2014,8030,8030,2,803
2013-2014,8030,8030,5,803
2013-2014,4060,4060,0,406
2013-2014,4060,4060,3,406
2013-2014,4280,4280,2,428
2013-2014,8090,8090,0,809
2013-2014,8160,8160,0,816
2013-2014,8200,8200,0,820
2013-2014,8240,8240,4,824
2013-2014,8250,8250,0,825
2013-2014,8320,8320,0,832
2013-2014,8380,8380,2,838
2013-2014,7270,7270,1,727
2013-2014,2010,2010,0,201
2013-2014,2130,2130,0,213
2013-2014,2160,2160,5,216
2013-2014,2290,2290,0,229
2013-2014,2340,2340,0,234
2013-2014,2370,2370,14,237
2013-2014,2370,2370,8,237
2013-2014,2450,2450,0,245
2013-2014,2630,2630,0,263
2013-2014,2640,2640,0,264
2013-2014,2690,2690,3,269
2013-2014,7320,7320,0,732
2013-2014,7400,7400,0,740
2013-2014,7440,7440,0,744
2013-2014,7440,7440,0,744
2013-2014,7500,7500,0,750
2013-2014,7530,7530,0,753
2013-2014,8140,8140,3,814
2013-2014,8230,8230,0,823
2013-2014,8240,8240,0,824
2013-2014,8340,8340,5,834
2013-2014,8390,8390,0,839
2013-2014,8400,8400,0,840
2013-2014,8400,8400,0,840
2013-2014,8440,8440,2,844
2013-2014,7130,7130,3,713
2013-2014,7200,7200,0,720
2013-2014,5470,5470,1,547
2013-2014,5490,5490,0,549
2013-2014,5600,5600,1,560
2013-2014,6040,6040,0,604
2013-2014,6100,6100,0,610
2013-2014,6410,6410,1,641
2013-2014,6410,6410,0,641
2013-2014,6470,6470,0,647
2013-2014,7010,7010,0,701
2013-2014,7100,7100,4,710
2013-2014,7130,7130,0,713
2013-2014,7430,7430,1,743
2013-2014,8010,8010,35,801
2013-2014,8030,8030,9,803
2013-2014,8040,8040,1,804
2013-2014,8230,8230,0,823
2013-2014,8230,8230,0,823
2013-2014,8250,8250,0,825
2013-2014,8250,8250,2,825
2013-2014,8420,8420,0,842
2013-2014,8420,8420,0,842
2013-2014,8430,8430,1,843
2013-2014,5020,5020,26,502
2013-2014,5070,5070,0,507
2013-2014,5070,5070,0,507
2013-2014,5200,5200,0,520
2013-2014,5200,5200,4,520
2013-2014,5210,5210,0,521
2013-2014,5250,5250,0,525
2013-2014,5250,5250,0,525
2013-2014,5300,5300,0,530
2013-2014,5430,5430,0,543
2013-2014,5440,5440,2,544
2013-2014,5450,5450,0,545
2013-2014,5500,5500,0,550
2013-2014,5520,5520,1,552
2013-2014,5590,5590,8,559
2013-2014,1010,1010,6,101
2013-2014,1260,1260,0,126
2013-2014,1290,1290,0,129
2013-2014,1330,1330,1,133
2013-2014,1350,1350,0,135
2013-2014,1370,1370,2,137
2013-2014,1410,1410,0,141
2013-2014,1490,1490,32,149
2013-2014,2010,2010,3,201
2014-2015,4020,4020,0,402
2014-2015,4020,4020,20,402
2014-2015,4030,4030,0,403
2014-2015,4030,4030,1,403
2014-2015,4100,4100,1,410
2014-2015,4100,4100,14,410
2014-2015,4100,4100,1,410
2014-2015,4100,4100,2,410
2014-2015,4100,4100,0,410
2014-2015,4100,4100,5,410
2014-2015,4140,4140,9,414
2014-2015,4140,4140,0,414
2014-2015,4140,4140,11,414
2014-2015,4220,4220,0,422
2014-2015,4270,4270,0,427
2014-2015,4280,4280,2,428
2014-2015,4280,4280,0,428
2014-2015,4300,4300,0,430
2014-2015,4300,4300,4,430
2014-2015,4300,4300,1,430
2014-2015,4300,4300,5,430
2014-2015,4320,4320,0,432
2014-2015,4320,4320,0,432
2014-2015,4320,4320,0,432
2014-2015,4350,4350,10,435
2014-2015,4350,4350,1,435
2014-2015,4350,4350,0,435
2014-2015,4380,4380,1,438
2014-2015,4440,4440,1,444
2014-2015,4460,4460,1,446
2014-2015,4460,4460,0,446
2014-2015,4460,4460,3,446
2014-2015,4470,4470,0,447
2014-2015,4470,4470,0,447
2014-2015,4470,4470,1,447
2014-2015,4470,4470,1,447
2014-2015,4480,4480,1,448
2014-2015,4480,4480,0,448
2014-2015,4480,4480,0,448
2014-2015,4480,4480,0,448
2014-2015,4480,4480,0,448
2014-2015,4530,4530,0,453
2014-2015,4560,4560,2,456
2014-2015,4570,4570,1,457
2014-2015,5020,5020,82,502
2014-2015,5020,5020,1,502
2014-2015,5020,5020,15,502
2014-2015,5050,5050,0,505
2014-2015,5060,5060,2,506
2014-2015,5070,5070,0,507
2014-2015,5070,5070,0,507
2014-2015,5070,5070,0,507
2014-2015,5070,5070,0,507
2014-2015,5080,5080,0,508
2014-2015,5080,5080,2,508
2014-2015,5080,5080,0,508
2014-2015,5080,5080,0,508
2014-2015,5090,5090,0,509
2014-2015,5090,5090,1,509
2014-2015,5150,5150,0,515
2014-2015,5150,5150,0,515
2014-2015,5150,5150,3,515
2014-2015,5150,5150,1,515
2014-2015,5160,5160,1,516
2014-2015,5160,5160,4,516
2014-2015,5170,5170,0,517
2014-2015,5200,5200,0,520
2014-2015,5230,5230,0,523
2014-2015,5230,5230,0,523
2014-2015,5230,5230,1,523
2014-2015,5250,5250,1,525
2014-2015,5250,5250,2,525
2014-2015,5260,5260,0,526
2014-2015,5260,5260,2,526
2014-2015,5260,5260,1,526
2014-2015,5260,5260,0,526
2014-2015,5260,5260,6,526
2014-2015,5300,5300,0,530
2014-2015,5300,5300,0,530
2014-2015,5300,5300,0,530
2014-2015,5300,5300,0,530
2014-2015,5320,5320,0,532
2014-2015,5320,5320,0,532
2014-2015,5320,5320,0,532
2014-2015,5330,5330,1,533
2014-2015,5340,5340,0,534
2014-2015,5340,5340,0,534
2014-2015,5340,5340,2,534
2014-2015,5350,5350,0,535
2014-2015,5370,5370,4,537
2014-2015,5370,5370,0,537
2014-2015,5370,5370,0,537
2014-2015,5390,5390,1,539
2014-2015,5400,5400,0,540
2014-2015,5400,5400,0,540
2014-2015,5400,5400,0,540
2014-2015,5420,5420,2,542
2014-2015,5470,5470,0,547
2014-2015,5470,5470,1,547
2014-2015,5470,5470,2,547
2014-2015,5470,5470,0,547
2014-2015,5470,5470,0,547
2014-2015,5480,5480,2,548
2014-2015,5500,5500,1,550
2014-2015,5500,5500,0,550
2014-2015,5510,5510,0,551
2014-2015,5510,5510,2,551
2014-2015,1410,1410,1,141
2014-2015,1410,1410,2,141
2014-2015,1440,1440,1,144
2014-2015,1440,1440,0,144
2014-2015,1460,1460,0,146
2014-2015,1460,1460,0,146
2014-2015,1460,1460,0,146
2014-2015,1460,1460,0,146
2014-2015,1470,1470,0,147
2014-2015,1470,1470,0,147
2014-2015,1490,1490,1,149
2014-2015,2000,2000,1,200
2014-2015,2010,2010,2,201
2014-2015,2010,2010,7,201
2014-2015,2020,2020,0,202
2014-2015,2020,2020,0,202
2014-2015,2140,2140,0,214
2014-2015,2140,2140,0,214
2014-2015,2140,2140,0,214
2014-2015,2140,2140,2,214
2014-2015,2160,2160,3,216
2014-2015,2160,2160,0,216
2014-2015,2190,2190,0,219
2014-2015,2190,2190,0,219
2014-2015,2190,2190,1,219
2014-2015,2190,2190,0,219
2014-2015,2210,2210,0,221
2014-2015,2240,2240,0,224
2014-2015,2260,2260,0,226
2014-2015,2290,2290,2,229
2014-2015,2320,2320,0,232
2014-2015,2320,2320,1,232
2014-2015,2320,2320,3,232
2014-2015,2320,2320,0,232
2014-2015,2340,2340,0,234
2014-2015,2370,2370,0,237
2014-2015,2380,2380,1,238
2014-2015,2380,2380,0,238
2014-2015,2380,2380,0,238
2014-2015,2390,2390,13,239
2014-2015,2390,2390,0,239
2014-2015,2390,2390,0,239
2014-2015,2390,2390,3,239
2014-2015,2390,2390,0,239
2014-2015,2410,2410,1,241
2014-2015,2450,2450,2,245
2014-2015,2450,2450,18,245
2014-2015,2450,2450,0,245
2014-2015,2450,2450,0,245
2014-2015,2470,2470,0,247
2014-2015,2470,2470,0,247
2014-2015,2470,2470,0,247
2014-2015,2480,2480,2,248
2014-2015,2480,2480,1,248
2014-2015,2480,2480,0,248
2014-2015,2480,2480,5,248
2014-2015,2490,2490,1,249
2014-2015,2490,2490,0,249
2014-2015,2510,2510,0,251
2014-2015,2510,2510,0,251
2014-2015,2520,2520,0,252
2014-2015,2540,2540,1,254
2014-2015,2580,2580,0,258
2014-2015,2580,2580,0,258
2014-2015,2580,2580,0,258
2014-2015,2620,2620,1,262
2014-2015,2620,2620,0,262
2014-2015,2620,2620,0,262
2014-2015,2630,2630,1,263
2014-2015,2640,2640,3,264
2014-2015,2650,2650,2,265
2014-2015,5560,5560,0,556
2014-2015,5610,5610,0,561
2014-2015,5610,5610,0,561
2014-2015,5610,5610,5,561
2014-2015,5620,5620,1,562
2014-2015,5660,5660,5,566
2014-2015,5660,5660,0,566
2014-2015,5660,5660,1,566
2014-2015,5680,5680,1,568
2014-2015,6030,6030,0,603
2014-2015,6030,6030,2,603
2014-2015,6030,6030,1,603
2014-2015,6040,6040,1,604
2014-2015,6050,6050,0,605
2014-2015,6060,6060,25,606
2014-2015,6060,6060,0,606
2014-2015,6060,6060,11,606
2014-2015,6060,6060,8,606
2014-2015,6060,6060,2,606
2014-2015,6100,6100,0,610
2014-2015,6200,6200,0,620
2014-2015,6200,6200,0,620
2014-2015,6200,6200,1,620
2014-2015,6210,6210,9,621
2014-2015,6210,6210,1,621
2014-2015,6210,6210,1,621
2014-2015,6230,6230,0,623
2014-2015,6230,6230,0,623
2014-2015,6250,6250,0,625
2014-2015,6260,6260,0,626
2014-2015,6260,6260,0,626
2014-2015,6270,6270,2,627
2014-2015,6270,6270,0,627
2014-2015,6300,6300,0,630
2014-2015,6320,6320,0,632
2014-2015,6320,6320,0,632
2014-2015,6340,6340,0,634
2014-2015,6340,6340,0,634
2014-2015,6340,6340,0,634
2014-2015,6340,6340,3,634
2014-2015,6340,6340,0,634
2014-2015,6350,6350,0,635
2014-2015,6360,6360,13,636
2014-2015,6360,6360,0,636
2014-2015,6360,6360,7,636
2014-2015,6380,6380,0,638
2014-2015,6380,6380,0,638
2014-2015,6380,6380,2,638
2014-2015,6390,6390,0,639
2014-2015,6390,6390,0,639
2014-2015,6390,6390,0,639
2014-2015,6410,6410,0,641
2014-2015,6410,6410,0,641
2014-2015,6410,6410,0,641
2014-2015,6430,6430,2,643
2014-2015,6430,6430,0,643
2014-2015,6430,6430,0,643
2014-2015,6440,6440,0,644
2014-2015,6450,6450,1,645
2014-2015,6450,6450,0,645
2014-2015,6450,6450,1,645
2014-2015,6460,6460,0,646
2014-2015,6460,6460,0,646
2014-2015,6460,6460,0,646
2014-2015,6470,6470,2,647
2014-2015,6470,6470,0,647
2014-2015,6480,6480,0,648
2014-2015,6480,6480,0,648
2014-2015,6480,6480,0,648
2014-2015,6480,6480,0,648
2014-2015,6540,6540,0,654
2014-2015,7010,7010,0,701
2014-2015,7010,7010,2,701
2014-2015,7010,7010,0,701
2014-2015,7010,7010,5,701
2014-2015,7100,7100,1,710
2014-2015,7100,7100,1,710
2014-2015,7100,7100,5,710
2014-2015,7110,7110,0,711
2014-2015,7110,7110,0,711
2014-2015,7110,7110,0,711
2014-2015,7110,7110,2,711
2014-2015,7110,7110,0,711
2014-2015,7120,7120,34,712
2014-2015,7130,7130,0,713
2014-2015,7130,7130,0,713
2014-2015,7130,7130,0,713
2014-2015,7130,7130,1,713
2014-2015,7150,7150,1,715
2014-2015,7200,7200,0,720
2014-2015,7200,7200,0,720
2014-2015,7200,7200,1,720
2014-2015,7220,7220,0,722
2014-2015,7220,7220,0,722
2014-2015,7220,7220,0,722
2014-2015,7220,7220,0,722
2014-2015,7220,7220,2,722
2014-2015,7260,7260,0,726
2014-2015,7260,7260,0,726
2014-2015,7270,7270,0,727
2014-2015,7270,7270,0,727
2014-2015,7270,7270,0,727
2014-2015,7270,7270,0,727
2014-2015,7280,7280,1,728
2014-2015,7280,7280,2,728
2014-2015,7290,7290,2,729
2014-2015,5510,5510,2,551
2014-2015,5510,5510,0,551
2014-2015,5510,5510,0,551
2014-2015,5530,5530,0,553
2014-2015,5530,5530,6,553
2014-2015,5530,5530,0,553
2014-2015,5530,5530,0,553
2014-2015,5530,5530,0,553
2014-2015,5550,5550,0,555
2014-2015,5550,5550,0,555
2014-2015,5560,5560,0,556
2014-2015,5560,5560,0,556
2014-2015,5560,5560,0,556
2014-2015,5590,5590,33,559
2014-2015,5590,5590,2,559
2014-2015,5590,5590,0,559
2014-2015,5590,5590,1,559
2014-2015,5590,5590,4,559
2014-2015,5600,5600,1,560
2014-2015,5600,5600,0,560
2014-2015,5600,5600,3,560
2014-2015,5620,5620,0,562
2014-2015,5620,5620,0,562
2014-2015,5620,5620,0,562
2014-2015,5660,5660,0,566
2014-2015,5660,5660,0,566
2014-2015,5660,5660,0,566
2014-2015,5680,5680,0,568
2014-2015,5680,5680,0,568
2014-2015,5680,5680,2,568
2014-2015,6010,6010,1,601
2014-2015,6010,6010,5,601
2014-2015,6010,6010,0,601
2014-2015,6010,6010,1,601
2014-2015,6030,6030,8,603
2014-2015,6030,6030,2,603
2014-2015,6030,6030,0,603
2014-2015,6030,6030,1,603
2014-2015,6040,6040,3,604
2014-2015,6040,6040,0,604
2014-2015,6050,6050,5,605
2014-2015,6050,6050,0,605
2014-2015,6050,6050,0,605
2014-2015,6050,6050,1,605
2014-2015,6050,6050,0,605
2014-2015,6060,6060,0,606
2014-2015,6060,6060,3,606
2014-2015,6060,6060,1,606
2014-2015,6090,6090,0,609
2014-2015,6090,6090,4,609
2014-2015,6100,6100,0,610
2014-2015,6100,6100,1,610
2014-2015,6200,6200,0,620
2014-2015,6210,6210,0,621
2014-2015,6210,6210,0,621
2014-2015,6210,6210,3,621
2014-2015,6220,6220,0,622
2014-2015,6220,6220,0,622
2014-2015,6230,6230,0,623
2014-2015,6230,6230,1,623
2014-2015,6230,6230,0,623
2014-2015,6230,6230,0,623
2014-2015,6230,6230,0,623
2014-2015,6260,6260,0,626
2014-2015,6260,6260,1,626
2014-2015,6260,6260,0,626
2014-2015,6270,6270,0,627
2014-2015,6270,6270,0,627
2014-2015,6270,6270,0,627
2014-2015,6270,6270,0,627
2014-2015,6300,6300,4,630
2014-2015,6300,6300,0,630
2014-2015,6300,6300,0,630
2014-2015,6310,6310,0,631
2014-2015,6310,6310,0,631
2014-2015,6310,6310,0,631
2014-2015,6320,6320,2,632
2014-2015,6320,6320,0,632
2014-2015,6320,6320,0,632
2014-2015,6340,6340,0,634
2014-2015,6350,6350,0,635
2014-2015,6350,6350,0,635
2014-2015,6360,6360,3,636
2014-2015,6380,6380,0,638
2014-2015,6380,6380,0,638
2014-2015,6390,6390,0,639
2014-2015,6390,6390,1,639
2014-2015,6410,6410,0,641
2014-2015,6410,6410,0,641
2014-2015,6430,6430,0,643
2014-2015,6430,6430,1,643
2014-2015,6440,6440,0,644
2014-2015,6440,6440,0,644
2014-2015,6440,6440,0,644
2014-2015,6450,6450,0,645
2014-2015,6450,6450,0,645
2014-2015,6450,6450,0,645
2014-2015,6460,6460,0,646
2014-2015,6460,6460,0,646
2014-2015,6470,6470,0,647
2014-2015,6470,6470,2,647
2014-2015,6470,6470,0,647
2014-2015,6480,6480,0,648
2014-2015,6480,6480,0,648
2014-2015,6540,6540,0,654
2014-2015,6540,6540,0,654
2014-2015,2670,2670,3,267
2014-2015,2680,2680,0,268
2014-2015,2690,2690,0,269
2014-2015,2690,2690,0,269
2014-2015,2690,2690,0,269
2014-2015,7290,7290,5,729
2014-2015,7300,7300,0,730
2014-2015,7300,7300,0,730
2014-2015,7300,7300,2,730
2014-2015,7310,7310,0,731
2014-2015,7310,7310,1,731
2014-2015,7320,7320,0,732
2014-2015,7320,7320,0,732
2014-2015,7330,7330,0,733
2014-2015,7330,7330,0,733
2014-2015,7330,7330,0,733
2014-2015,7330,7330,0,733
2014-2015,7350,7350,0,735
2014-2015,7350,7350,1,735
2014-2015,7360,7360,0,736
2014-2015,7370,7370,6,737
2014-2015,7370,7370,0,737
2014-2015,7370,7370,0,737
2014-2015,7370,7370,1,737
2014-2015,7380,7380,0,738
2014-2015,7380,7380,0,738
2014-2015,7390,7390,0,739
2014-2015,7400,7400,0,740
2014-2015,7460,7460,0,746
2014-2015,7470,7470,0,747
2014-2015,7490,7490,0,749
2014-2015,7490,7490,0,749
2014-2015,7500,7500,0,750
2014-2015,7500,7500,2,750
2014-2015,7510,7510,0,751
2014-2015,7510,7510,0,751
2014-2015,7510,7510,3,751
2014-2015,7530,7530,0,753
2014-2015,7530,7530,0,753
2014-2015,7730,7730,15,773
2014-2015,7730,7730,0,773
2014-2015,7730,7730,0,773
2014-2015,8010,8010,1,801
2014-2015,8010,8010,2,801
2014-2015,8010,8010,1,801
2014-2015,8020,8020,1,802
2014-2015,8020,8020,0,802
2014-2015,8030,8030,22,803
2014-2015,8030,8030,1,803
2014-2015,8030,8030,13,803
2014-2015,8040,8040,0,804
2014-2015,8040,8040,1,804
2014-2015,8040,8040,0,804
2014-2015,8120,8120,21,812
2014-2015,8120,8120,1,812
2014-2015,8160,8160,5,816
2014-2015,8160,8160,1,816
2014-2015,8160,8160,0,816
2014-2015,8200,8200,0,820
2014-2015,8200,8200,12,820
2014-2015,8200,8200,0,820
2014-2015,8200,8200,0,820
2014-2015,8210,8210,0,821
2014-2015,8230,8230,0,823
2014-2015,8230,8230,3,823
2014-2015,8230,8230,0,823
2014-2015,8240,8240,4,824
2014-2015,8240,8240,0,824
2014-2015,8240,8240,0,824
2014-2015,8240,8240,0,824
2014-2015,8250,8250,0,825
2014-2015,8250,8250,0,825
2014-2015,8260,8260,0,826
2014-2015,8260,8260,0,826
2014-2015,8260,8260,0,826
2014-2015,8260,8260,0,826
2014-2015,8260,8260,0,826
2014-2015,8270,8270,0,827
2014-2015,8270,8270,3,827
2014-2015,8300,8300,0,830
2014-2015,8300,8300,2,830
2014-2015,8310,8310,0,831
2014-2015,8310,8310,0,831
2014-2015,8310,8310,0,831
2014-2015,8310,8310,2,831
2014-2015,8320,8320,2,832
2014-2015,8320,8320,0,832
2014-2015,8340,8340,0,834
2014-2015,8340,8340,0,834
2014-2015,8350,8350,5,835
2014-2015,8360,8360,0,836
2014-2015,8360,8360,0,836
2014-2015,8370,8370,0,837
2014-2015,8370,8370,1,837
2014-2015,8380,8380,2,838
2014-2015,8380,8380,0,838
2014-2015,8390,8390,0,839
2014-2015,8390,8390,21,839
2014-2015,8390,8390,0,839
2014-2015,8400,8400,0,840
2014-2015,8400,8400,0,840
2014-2015,8400,8400,0,840
2014-2015,8410,8410,0,841
2014-2015,8410,8410,0,841
2014-2015,8420,8420,0,842
2014-2015,8420,8420,0,842
2014-2015,8420,8420,0,842
2014-2015,8420,8420,0,842
2014-2015,8440,8440,0,844
2014-2015,8440,8440,0,844
2014-2015,8440,8440,11,844
2014-2015,6210,6210,1,621
2014-2015,6210,6210,0,621
2014-2015,6210,6210,0,621
2014-2015,6210,6210,0,621
2014-2015,6220,6220,0,622
2014-2015,6220,6220,0,622
2014-2015,6220,6220,0,622
2014-2015,6220,6220,0,622
2014-2015,6220,6220,1,622
2014-2015,6220,6220,0,622
2014-2015,6230,6230,0,623
2014-2015,6230,6230,0,623
2014-2015,6250,6250,4,625
2014-2015,6250,6250,15,625
2014-2015,6260,6260,1,626
2014-2015,6270,6270,0,627
2014-2015,6300,6300,0,630
2014-2015,6300,6300,1,630
2014-2015,6310,6310,0,631
2014-2015,6310,6310,0,631
2014-2015,6320,6320,0,632
2014-2015,6320,6320,1,632
2014-2015,6340,6340,14,634
2014-2015,6340,6340,0,634
2014-2015,6340,6340,0,634
2014-2015,6340,6340,2,634
2014-2015,6350,6350,0,635
2014-2015,6360,6360,18,636
2014-2015,6360,6360,4,636
2014-2015,6380,6380,0,638
2014-2015,6380,6380,0,638
2014-2015,6380,6380,0,638
2014-2015,6390,6390,6,639
2014-2015,6390,6390,0,639
2014-2015,6410,6410,0,641
2014-2015,6430,6430,0,643
2014-2015,6430,6430,0,643
2014-2015,6430,6430,0,643
2014-2015,6430,6430,3,643
2014-2015,6440,6440,0,644
2014-2015,6440,6440,0,644
2014-2015,6460,6460,4,646
2014-2015,6460,6460,0,646
2014-2015,6470,6470,0,647
2014-2015,6470,6470,3,647
2014-2015,6540,6540,0,654
2014-2015,6540,6540,6,654
2014-2015,6540,6540,0,654
2014-2015,6540,6540,0,654
2014-2015,7010,7010,19,701
2014-2015,7100,7100,32,710
2014-2015,7100,7100,0,710
2014-2015,7100,7100,5,710
2014-2015,7100,7100,0,710
2014-2015,7110,7110,2,711
2014-2015,7110,7110,0,711
2014-2015,7120,7120,8,712
2014-2015,7120,7120,8,712
2014-2015,7130,7130,8,713
2014-2015,7130,7130,1,713
2014-2015,7150,7150,0,715
2014-2015,7150,7150,0,715
2014-2015,7200,7200,0,720
2014-2015,7200,7200,0,720
2014-2015,7200,7200,0,720
2014-2015,7220,7220,1,722
2014-2015,7220,7220,7,722
2014-2015,7260,7260,0,726
2014-2015,7260,7260,2,726
2014-2015,7270,7270,1,727
2014-2015,7270,7270,0,727
2014-2015,7280,7280,15,728
2014-2015,7280,7280,0,728
2014-2015,7280,7280,17,728
2014-2015,7290,7290,2,729
2014-2015,7290,7290,0,729
2014-2015,7300,7300,0,730
2014-2015,7300,7300,4,730
2014-2015,7310,7310,0,731
2014-2015,7310,7310,1,731
2014-2015,7320,7320,0,732
2014-2015,7320,7320,0,732
2014-2015,7330,7330,0,733
2014-2015,7330,7330,1,733
2014-2015,7350,7350,0,735
2014-2015,7350,7350,0,735
2014-2015,7360,7360,0,736
2014-2015,7360,7360,0,736
2014-2015,7360,7360,1,736
2014-2015,7370,7370,0,737
2014-2015,7380,7380,0,738
2014-2015,7380,7380,0,738
2014-2015,7390,7390,6,739
2014-2015,7390,7390,0,739
2014-2015,7390,7390,0,739
2014-2015,7400,7400,0,740
2014-2015,7400,7400,0,740
2014-2015,7430,7430,0,743
2014-2015,7430,7430,0,743
2014-2015,7440,7440,0,744
2014-2015,7460,7460,0,746
2014-2015,7460,7460,1,746
2014-2015,7490,7490,1,749
2014-2015,7490,7490,4,749
2014-2015,7500,7500,1,750
2014-2015,7500,7500,3,750
2014-2015,7510,7510,0,751
2014-2015,7530,7530,0,753
2014-2015,7530,7530,0,753
2014-2015,7730,7730,4,773
2014-2015,7730,7730,3,773
2014-2015,8010,8010,0,801
2014-2015,8010,8010,5,801
2014-2015,8010,8010,11,801
2014-2015,4020,4020,1,402
2014-2015,4020,4020,21,402
2014-2015,4020,4020,0,402
2014-2015,4020,4020,5,402
2014-2015,4030,4030,1,403
2014-2015,4030,4030,0,403
2014-2015,4060,4060,5,406
2014-2015,4060,4060,2,406
2014-2015,4060,4060,0,406
2014-2015,4100,4100,16,410
2014-2015,4100,4100,0,410
2014-2015,4140,4140,0,414
2014-2015,4140,4140,3,414
2014-2015,6410,6410,1,641
2014-2015,6410,6410,0,641
2014-2015,6430,6430,0,643
2014-2015,6450,6450,0,645
2014-2015,6450,6450,0,645
2014-2015,6450,6450,0,645
2014-2015,6460,6460,0,646
2014-2015,6460,6460,0,646
2014-2015,6470,6470,0,647
2014-2015,6470,6470,0,647
2014-2015,6470,6470,11,647
2014-2015,6470,6470,1,647
2014-2015,6470,6470,0,647
2014-2015,6480,6480,0,648
2014-2015,6480,6480,0,648
2014-2015,6480,6480,0,648
2014-2015,6540,6540,0,654
2014-2015,7010,7010,3,701
2014-2015,7100,7100,0,710
2014-2015,7110,7110,4,711
2014-2015,7120,7120,2,712
2014-2015,7120,7120,0,712
2014-2015,7130,7130,0,713
2014-2015,7130,7130,0,713
2014-2015,7150,7150,0,715
2014-2015,7150,7150,1,715
2014-2015,7200,7200,0,720
2014-2015,7200,7200,0,720
2014-2015,7220,7220,0,722
2014-2015,7220,7220,26,722
2014-2015,7220,7220,0,722
2014-2015,7260,7260,7,726
2014-2015,7260,7260,1,726
2014-2015,7270,7270,10,727
2014-2015,7270,7270,0,727
2014-2015,7280,7280,0,728
2014-2015,7280,7280,2,728
2014-2015,7290,7290,1,729
2014-2015,7290,7290,0,729
2014-2015,7300,7300,6,730
2014-2015,7300,7300,0,730
2014-2015,7300,7300,0,730
2014-2015,7310,7310,1,731
2014-2015,7320,7320,2,732
2014-2015,7330,7330,0,733
2014-2015,7350,7350,0,735
2014-2015,7350,7350,1,735
2014-2015,7360,7360,0,736
2014-2015,7360,7360,0,736
2014-2015,7390,7390,0,739
2014-2015,7400,7400,13,740
2014-2015,7400,7400,0,740
2014-2015,7400,7400,3,740
2014-2015,7430,7430,0,743
2014-2015,7430,7430,0,743
2014-2015,7430,7430,1,743
2014-2015,7430,7430,0,743
2014-2015,7440,7440,0,744
2014-2015,7440,7440,0,744
2014-2015,7460,7460,0,746
2014-2015,7460,7460,0,746
2014-2015,7470,7470,0,747
2014-2015,7470,7470,0,747
2014-2015,7470,7470,0,747
2014-2015,7490,7490,0,749
2014-2015,7490,7490,0,749
2014-2015,7490,7490,0,749
2014-2015,1020,1020,18,102
2014-2015,1020,1020,2,102
2014-2015,1050,1050,0,105
2014-2015,1100,1100,35,110
2014-2015,1100,1100,0,110
2014-2015,1100,1100,1,110
2014-2015,1100,1100,3,110
2014-2015,1200,1200,0,120
2014-2015,1230,1230,3,123
2014-2015,1230,1230,2,123
2014-2015,1250,1250,0,125
2014-2015,1250,1250,0,125
2014-2015,1280,1280,0,128
2014-2015,1280,1280,0,128
2014-2015,1280,1280,0,128
2014-2015,1290,1290,0,129
2014-2015,1290,1290,10,129
2014-2015,1290,1290,0,129
2014-2015,1300,1300,0,130
2014-2015,1300,1300,0,130
2014-2015,1300,1300,5,130
2014-2015,1330,1330,5,133
2014-2015,1330,1330,1,133
2014-2015,1340,1340,0,134
2014-2015,1340,1340,0,134
2014-2015,1350,1350,0,135
2014-2015,1360,1360,0,136
2014-2015,1370,1370,5,137
2014-2015,1370,1370,6,137
2014-2015,1380,1380,0,138
2014-2015,1380,1380,0,138
2014-2015,1380,1380,0,138
2014-2015,1380,1380,1,138
2014-2015,1390,1390,0,139
2014-2015,1410,1410,0,141
2014-2015,1410,1410,7,141
2014-2015,1420,1420,0,142
2014-2015,1420,1420,0,142
2014-2015,1440,1440,1,144
2014-2015,1440,1440,0,144
2014-2015,1460,1460,0,146
2014-2015,1460,1460,0,146
2014-2015,1460,1460,0,146
2014-2015,1470,1470,0,147
2014-2015,1470,1470,0,147
2014-2015,1470,1470,2,147
2014-2015,1490,1490,13,149
2014-2015,1490,1490,4,149
2014-2015,1580,1580,1,158
2014-2015,1580,1580,1,158
2014-2015,1580,1580,0,158
2014-2015,1580,1580,1,158
2014-2015,8020,8020,0,802
2014-2015,8020,8020,0,802
2014-2015,8020,8020,3,802
2014-2015,8030,8030,0,803
2014-2015,8030,8030,0,803
2014-2015,8040,8040,0,804
2014-2015,8040,8040,0,804
2014-2015,8040,8040,0,804
2014-2015,8040,8040,3,804
2014-2015,8090,8090,1,809
2014-2015,8090,8090,0,809
2014-2015,8090,8090,0,809
2014-2015,8090,8090,1,809
2014-2015,8090,8090,0,809
2014-2015,8120,8120,8,812
2014-2015,8120,8120,2,812
2014-2015,8140,8140,0,814
2014-2015,8140,8140,4,814
2014-2015,8160,8160,0,816
2014-2015,8160,8160,0,816
2014-2015,8180,8180,2,818
2014-2015,8180,8180,1,818
2014-2015,8180,8180,1,818
2014-2015,8200,8200,0,820
2014-2015,8200,8200,1,820
2014-2015,8230,8230,0,823
2014-2015,8230,8230,0,823
2014-2015,8230,8230,0,823
2014-2015,8250,8250,0,825
2014-2015,8250,8250,0,825
2014-2015,8250,8250,0,825
2014-2015,8260,8260,0,826
2014-2015,8260,8260,0,826
2014-2015,8260,8260,0,826
2014-2015,8270,8270,0,827
2014-2015,8270,8270,0,827
2014-2015,8270,8270,0,827
2014-2015,8300,8300,1,830
2014-2015,8300,8300,0,830
2014-2015,8300,8300,4,830
2014-2015,8310,8310,0,831
2014-2015,8310,8310,0,831
2014-2015,8310,8310,0,831
2014-2015,8350,8350,4,835
2014-2015,8370,8370,3,837
2014-2015,8380,8380,0,838
2014-2015,8380,8380,0,838
2014-2015,8380,8380,0,838
2014-2015,8380,8380,0,838
2014-2015,8380,8380,0,838
2014-2015,8390,8390,1,839
2014-2015,8390,8390,1,839
2014-2015,8400,8400,0,840
2014-2015,8400,8400,0,840
2014-2015,8400,8400,0,840
2014-2015,8410,8410,0,841
2014-2015,8410,8410,1,841
2014-2015,8410,8410,0,841
2014-2015,8410,8410,0,841
2014-2015,8420,8420,0,842
2014-2015,8430,8430,1,843
2014-2015,8440,8440,0,844
2014-2015,8440,8440,0,844
2014-2015,8440,8440,0,844
2014-2015,8560,8560,0,856
2014-2015,8560,8560,0,856
2014-2015,8560,8560,0,856
2014-2015,7490,7490,0,749
2014-2015,7490,7490,0,749
2014-2015,7500,7500,14,750
2014-2015,7500,7500,2,750
2014-2015,7510,7510,0,751
2014-2015,7510,7510,0,751
2014-2015,7510,7510,0,751
2014-2015,7530,7530,1,753
2014-2015,7530,7530,0,753
2014-2015,7530,7530,0,753
2014-2015,7530,7530,0,753
2014-2015,7730,7730,1,773
2014-2015,7730,7730,3,773
2014-2015,8010,8010,0,801
2014-2015,8010,8010,16,801
2014-2015,8010,8010,7,801
2014-2015,8020,8020,5,802
2014-2015,8020,8020,0,802
2014-2015,8030,8030,2,803
2014-2015,8040,8040,0,804
2014-2015,8090,8090,0,809
2014-2015,8090,8090,0,809
2014-2015,8120,8120,0,812
2014-2015,8140,8140,7,814
2014-2015,8140,8140,2,814
2014-2015,8160,8160,1,816
2014-2015,8160,8160,0,816
2014-2015,8180,8180,1,818
2014-2015,8180,8180,0,818
2014-2015,8180,8180,0,818
2014-2015,8180,8180,1,818
2014-2015,8200,8200,5,820
2014-2015,8210,8210,0,821
2014-2015,8210,8210,1,821
2014-2015,8210,8210,0,821
2014-2015,8210,8210,1,821
2014-2015,8230,8230,0,823
2014-2015,8240,8240,1,824
2014-2015,8250,8250,1,825
2014-2015,8250,8250,2,825
2014-2015,6310,6310,0,631
2014-2015,6310,6310,0,631
2014-2015,6320,6320,7,632
2014-2015,6350,6350,1,635
2014-2015,6360,6360,1,636
2014-2015,6360,6360,0,636
2014-2015,6360,6360,2,636
2014-2015,6360,6360,1,636
2014-2015,6360,6360,0,636
2014-2015,6360,6360,3,636
2014-2015,6360,6360,0,636
2014-2015,6380,6380,1,638
2014-2015,6380,6380,0,638
2014-2015,6390,6390,0,639
2014-2015,6390,6390,0,639
2014-2015,2000,2000,3,200
2014-2015,2000,2000,6,200
2014-2015,2000,2000,14,200
2014-2015,2020,2020,0,202
2014-2015,2020,2020,7,202
2014-2015,2020,2020,0,202
2014-2015,2020,2020,3,202
2014-2015,2140,2140,0,214
2014-2015,2140,2140,1,214
2014-2015,2140,2140,0,214
2014-2015,2140,2140,0,214
2014-2015,2160,2160,6,216
2014-2015,2160,2160,2,216
2014-2015,2190,2190,0,219
2014-2015,2190,2190,1,219
2014-2015,2210,2210,0,221
2014-2015,2210,2210,0,221
2014-2015,2210,2210,0,221
2014-2015,2240,2240,5,224
2014-2015,2240,2240,0,224
2014-2015,2240,2240,0,224
2014-2015,2240,2240,0,224
2014-2015,2260,2260,0,226
2014-2015,2260,2260,5,226
2014-2015,2290,2290,0,229
2014-2015,2290,2290,1,229
2014-2015,2290,2290,1,229
2014-2015,2320,2320,1,232
2014-2015,2340,2340,0,234
2014-2015,2370,2370,0,237
2014-2015,2380,2380,0,238
2014-2015,2380,2380,0,238
2014-2015,2380,2380,0,238
2014-2015,2390,2390,0,239
2014-2015,2410,2410,0,241
2014-2015,2470,2470,0,247
2014-2015,2480,2480,0,248
2014-2015,2490,2490,0,249
2014-2015,2490,2490,0,249
2014-2015,2510,2510,0,251
2014-2015,2510,2510,6,251
2014-2015,2510,2510,0,251
2014-2015,2520,2520,0,252
2014-2015,2520,2520,0,252
2014-2015,2540,2540,0,254
2014-2015,2540,2540,0,254
2014-2015,2580,2580,0,258
2014-2015,2580,2580,0,258
2014-2015,2580,2580,0,258
2014-2015,2590,2590,3,259
2014-2015,2590,2590,0,259
2014-2015,2590,2590,0,259
2014-2015,2590,2590,0,259
2014-2015,2620,2620,0,262
2014-2015,2620,2620,2,262
2014-2015,2630,2630,0,263
2014-2015,2640,2640,0,264
2014-2015,2640,2640,0,264
2014-2015,2640,2640,3,264
2014-2015,2640,2640,0,264
2014-2015,2670,2670,0,267
2014-2015,2680,2680,0,268
2014-2015,2680,2680,0,268
2014-2015,2680,2680,0,268
2014-2015,2680,2680,0,268
2014-2015,2680,2680,0,268
2014-2015,2680,2680,0,268
2014-2015,2690,2690,1,269
2014-2015,2720,2720,0,272
2014-2015,1290,1290,2,129
2014-2015,1290,1290,1,129
2014-2015,1300,1300,3,130
2014-2015,1330,1330,0,133
2014-2015,1330,1330,0,133
2014-2015,1350,1350,0,135
2014-2015,1350,1350,0,135
2014-2015,1350,1350,0,135
2014-2015,1360,1360,0,136
2014-2015,1360,1360,0,136
2014-2015,1360,1360,0,136
2014-2015,1360,1360,0,136
2014-2015,1360,1360,2,136
2014-2015,1370,1370,0,137
2014-2015,1370,1370,0,137
2014-2015,1370,1370,4,137
2014-2015,1380,1380,0,138
2014-2015,1380,1380,0,138
2014-2015,1380,1380,0,138
2014-2015,1390,1390,0,139
2014-2015,1390,1390,0,139
2014-2015,1400,1400,0,140
2014-2015,1400,1400,0,140
2014-2015,1400,1400,0,140
2014-2015,1410,1410,0,141
2014-2015,1410,1410,0,141
2014-2015,1420,1420,0,142
2014-2015,1420,1420,0,142
2014-2015,1420,1420,0,142
2014-2015,1420,1420,1,142
2014-2015,1440,1440,3,144
2014-2015,1440,1440,0,144
2014-2015,1470,1470,3,147
2014-2015,1470,1470,0,147
2014-2015,1470,1470,0,147
2014-2015,1470,1470,2,147
2014-2015,1490,1490,0,149
2014-2015,1580,1580,0,158
2014-2015,1580,1580,0,158
2014-2015,1010,1010,2,101
2014-2015,1020,1020,1,102
2014-2015,1030,1030,0,103
2014-2015,1050,1050,0,105
2014-2015,1100,1100,0,110
2014-2015,1100,1100,1,110
2014-2015,1100,1100,5,110
2014-2015,1190,1190,1,119
2014-2015,1190,1190,2,119
2014-2015,1200,1200,0,120
2014-2015,1230,1230,0,123
2014-2015,1250,1250,3,125
2014-2015,1250,1250,0,125
2014-2015,1260,1260,6,126
2014-2015,1260,1260,0,126
2014-2015,1260,1260,1,126
2014-2015,1280,1280,0,128
2014-2015,1280,1280,0,128
2014-2015,1280,1280,0,128
2014-2015,1280,1280,0,128
2014-2015,1290,1290,0,129
2014-2015,1290,1290,0,129
2014-2015,1300,1300,0,130
2014-2015,1300,1300,0,130
2014-2015,1300,1300,0,130
2014-2015,1300,1300,0,130
2014-2015,1330,1330,1,133
2014-2015,1330,1330,0,133
2014-2015,1340,1340,5,134
2014-2015,1350,1350,0,135
2014-2015,1350,1350,0,135
2014-2015,1350,1350,9,135
2014-2015,1350,1350,0,135
2014-2015,1350,1350,0,135
2014-2015,1370,1370,0,137
2014-2015,1370,1370,0,137
2014-2015,1380,1380,0,138
2014-2015,1380,1380,10,138
2014-2015,1390,1390,0,139
2014-2015,1390,1390,0,139
2014-2015,1400,1400,0,140
2014-2015,1400,1400,0,140
2014-2015,1400,1400,0,140
2014-2015,1400,1400,0,140
2014-2015,1400,1400,0,140
2014-2015,1400,1400,0,140
2014-2015,1410,1410,0,141
2014-2015,1420,1420,0,142
2014-2015,1420,1420,0,142
2014-2015,1440,1440,0,144
2014-2015,1440,1440,0,144
2014-2015,1440,1440,0,144
2014-2015,8560,8560,0,856
2014-2015,8560,8560,0,856
2014-2015,8560,8560,0,856
2014-2015,8560,8560,0,856
2014-2015,2000,2000,0,200
2014-2015,2000,2000,2,200
2014-2015,2010,2010,0,201
2014-2015,2010,2010,6,201
2014-2015,2010,2010,7,201
2014-2015,2020,2020,1,202
2014-2015,2020,2020,0,202
2014-2015,2140,2140,0,214
2014-2015,2140,2140,0,214
2014-2015,2160,2160,0,216
2014-2015,2190,2190,0,219
2014-2015,2190,2190,0,219
2014-2015,2210,2210,6,221
2014-2015,2210,2210,1,221
2014-2015,2210,2210,5,221
2014-2015,2240,2240,0,224
2014-2015,2240,2240,4,224
2014-2015,2240,2240,0,224
2014-2015,2260,2260,0,226
2014-2015,2290,2290,0,229
2014-2015,2290,2290,1,229
2014-2015,2320,2320,0,232
2014-2015,2320,2320,0,232
2014-2015,2340,2340,0,234
2014-2015,2340,2340,0,234
2014-2015,2340,2340,0,234
2014-2015,2340,2340,0,234
2014-2015,2370,2370,0,237
2014-2015,2370,2370,0,237
2014-2015,2370,2370,2,237
2014-2015,2380,2380,0,238
2014-2015,2380,2380,0,238
2014-2015,2390,2390,0,239
2014-2015,2390,2390,0,239
2014-2015,2390,2390,1,239
2014-2015,2390,2390,3,239
2014-2015,2410,2410,0,241
2014-2015,2410,2410,1,241
2014-2015,2410,2410,0,241
2014-2015,2410,2410,1,241
2014-2015,2410,2410,0,241
2014-2015,2450,2450,1,245
2014-2015,2470,2470,0,247
2014-2015,2470,2470,0,247
2014-2015,2480,2480,0,248
2014-2015,2490,2490,0,249
2014-2015,2490,2490,0,249
2014-2015,2510,2510,0,251
2014-2015,2520,2520,0,252
2014-2015,2520,2520,0,252
2014-2015,2540,2540,0,254
2014-2015,2580,2580,0,258
2014-2015,2590,2590,0,259
2014-2015,2590,2590,0,259
2014-2015,2590,2590,1,259
2014-2015,2640,2640,10,264
2014-2015,2640,2640,0,264
2014-2015,2640,2640,0,264
2014-2015,2640,2640,1,264
2014-2015,2640,2640,0,264
2014-2015,5020,5020,40,502
2014-2015,5020,5020,8,502
2014-2015,5060,5060,3,506
2014-2015,5070,5070,0,507
2014-2015,5070,5070,0,507
2014-2015,5080,5080,0,508
2014-2015,5080,5080,0,508
2014-2015,5090,5090,1,509
2014-2015,5150,5150,4,515
2014-2015,5150,5150,0,515
2014-2015,5160,5160,19,516
2014-2015,5160,5160,12,516
2014-2015,5160,5160,0,516
2014-2015,5160,5160,11,516
2014-2015,5200,5200,0,520
2014-2015,5200,5200,0,520
2014-2015,5200,5200,0,520
2014-2015,5200,5200,0,520
2014-2015,5200,5200,0,520
2014-2015,5210,5210,0,521
2014-2015,5210,5210,1,521
2014-2015,5230,5230,6,523
2014-2015,5250,5250,0,525
2014-2015,5250,5250,7,525
2014-2015,5250,5250,0,525
2014-2015,5250,5250,1,525
2014-2015,5250,5250,2,525
2014-2015,5250,5250,0,525
2014-2015,5260,5260,0,526
2014-2015,5260,5260,31,526
2014-2015,5260,5260,0,526
2014-2015,5260,5260,0,526
2014-2015,5300,5300,0,530
2014-2015,5300,5300,0,530
2014-2015,5300,5300,1,530
2014-2015,5320,5320,1,532
2014-2015,5320,5320,0,532
2014-2015,5320,5320,0,532
2014-2015,5320,5320,0,532
2014-2015,5330,5330,0,533
2014-2015,5330,5330,0,533
2014-2015,5330,5330,0,533
2014-2015,5330,5330,2,533
2014-2015,5330,5330,2,533
2014-2015,5340,5340,1,534
2014-2015,5340,5340,0,534
2014-2015,5340,5340,0,534
2014-2015,5340,5340,0,534
2014-2015,5340,5340,0,534
2014-2015,5350,5350,0,535
2014-2015,5350,5350,0,535
2014-2015,5350,5350,0,535
2014-2015,5390,5390,0,539
2014-2015,5390,5390,1,539
2014-2015,5390,5390,0,539
2014-2015,5400,5400,0,540
2014-2015,5400,5400,0,540
2014-2015,5410,5410,0,541
2014-2015,5410,5410,0,541
2014-2015,5410,5410,0,541
2014-2015,5420,5420,4,542
2014-2015,5420,5420,2,542
2014-2015,5420,5420,0,542
2014-2015,5420,5420,0,542
2014-2015,5430,5430,0,543
2014-2015,5430,5430,5,543
2014-2015,5430,5430,2,543
2014-2015,5440,5440,0,544
2014-2015,5440,5440,0,544
2014-2015,5440,5440,0,544
2014-2015,5470,5470,1,547
2014-2015,5470,5470,0,547
2014-2015,5480,5480,0,548
2014-2015,5480,5480,2,548
2014-2015,5480,5480,0,548
2014-2015,5480,5480,0,548
2014-2015,5480,5480,1,548
2014-2015,5490,5490,0,549
2014-2015,5490,5490,13,549
2014-2015,5490,5490,1,549
2014-2015,5490,5490,0,549
2014-2015,5500,5500,1,550
2014-2015,5500,5500,0,550
2014-2015,5510,5510,0,551
2014-2015,5510,5510,0,551
2014-2015,5520,5520,0,552
2014-2015,5530,5530,1,553
2014-2015,5550,5550,0,555
2014-2015,5560,5560,0,556
2014-2015,5560,5560,1,556
2014-2015,5560,5560,0,556
2014-2015,5600,5600,7,560
2014-2015,5680,5680,0,568
2014-2015,5680,5680,0,568
2014-2015,5680,5680,0,568
2014-2015,5680,5680,1,568
2014-2015,4140,4140,6,414
2014-2015,6010,6010,2,601
2014-2015,8250,8250,0,825
2014-2015,8250,8250,1,825
2014-2015,8250,8250,5,825
2014-2015,8260,8260,0,826
2014-2015,8270,8270,1,827
2014-2015,8270,8270,5,827
2014-2015,8270,8270,0,827
2014-2015,8300,8300,0,830
2014-2015,8310,8310,0,831
2014-2015,8310,8310,0,831
2014-2015,8320,8320,0,832
2014-2015,8320,8320,0,832
2014-2015,8320,8320,0,832
2014-2015,8320,8320,0,832
2014-2015,8340,8340,0,834
2014-2015,8340,8340,1,834
2014-2015,8350,8350,10,835
2014-2015,8350,8350,0,835
2014-2015,5050,5050,0,505
2014-2015,5050,5050,0,505
2014-2015,5060,5060,0,506
2014-2015,5060,5060,2,506
2014-2015,5060,5060,0,506
2014-2015,5070,5070,1,507
2014-2015,5070,5070,0,507
2014-2015,5080,5080,0,508
2014-2015,5080,5080,0,508
2014-2015,5090,5090,0,509
2014-2015,5150,5150,0,515
2014-2015,5160,5160,0,516
2014-2015,5160,5160,1,516
2014-2015,5160,5160,5,516
2014-2015,5170,5170,0,517
2014-2015,5170,5170,0,517
2014-2015,5170,5170,0,517
2014-2015,5170,5170,0,517
2014-2015,5170,5170,1,517
2014-2015,5200,5200,0,520
2014-2015,5200,5200,0,520
2014-2015,5200,5200,0,520
2014-2015,5210,5210,2,521
2014-2015,5230,5230,1,523
2014-2015,5250,5250,0,525
2014-2015,5250,5250,0,525
2014-2015,5260,5260,4,526
2014-2015,5260,5260,1,526
2014-2015,5260,5260,1,526
2014-2015,5300,5300,1,530
2014-2015,4570,4570,0,457
2014-2015,4570,4570,0,457
2014-2015,5020,5020,0,502
2014-2015,5020,5020,0,502
2014-2015,5020,5020,10,502
2014-2015,5020,5020,11,502
2014-2015,5050,5050,0,505
2014-2015,5050,5050,0,505
2014-2015,5050,5050,1,505
2014-2015,5050,5050,0,505
2014-2015,5050,5050,0,505
2014-2015,5050,5050,1,505
2014-2015,5060,5060,0,506
2014-2015,5070,5070,2,507
2014-2015,5070,5070,1,507
2014-2015,5080,5080,0,508
2014-2015,5080,5080,1,508
2014-2015,5080,5080,0,508
2014-2015,5090,5090,1,509
2014-2015,5090,5090,5,509
2014-2015,5090,5090,0,509
2014-2015,5150,5150,0,515
2014-2015,5150,5150,0,515
2014-2015,5160,5160,0,516
2014-2015,5170,5170,0,517
2014-2015,5170,5170,4,517
2014-2015,5200,5200,0,520
2014-2015,5210,5210,3,521
2014-2015,5210,5210,0,521
2014-2015,5210,5210,0,521
2014-2015,5230,5230,0,523
2014-2015,5230,5230,0,523
2014-2015,5260,5260,1,526
2014-2015,5260,5260,1,526
2014-2015,5300,5300,0,530
2014-2015,5320,5320,0,532
2014-2015,5320,5320,0,532
2014-2015,5330,5330,0,533
2014-2015,5350,5350,1,535
2014-2015,5350,5350,0,535
2014-2015,5350,5350,0,535
2014-2015,5390,5390,0,539
2014-2015,5390,5390,0,539
2014-2015,5390,5390,0,539
2014-2015,5400,5400,0,540
2014-2015,5410,5410,0,541
2014-2015,5410,5410,0,541
2014-2015,5410,5410,0,541
2014-2015,5430,5430,0,543
2014-2015,5440,5440,1,544
2014-2015,5440,5440,0,544
2014-2015,5440,5440,0,544
2014-2015,5440,5440,0,544
2014-2015,5470,5470,0,547
2014-2015,5470,5470,1,547
2014-2015,5470,5470,2,547
2014-2015,5480,5480,0,548
2014-2015,5480,5480,0,548
2014-2015,5480,5480,1,548
2014-2015,5480,5480,0,548
2014-2015,5480,5480,1,548
2014-2015,5500,5500,3,550
2014-2015,5500,5500,0,550
2014-2015,5500,5500,0,550
2014-2015,5500,5500,0,550
2014-2015,5510,5510,0,551
2014-2015,5510,5510,0,551
2014-2015,5510,5510,3,551
2014-2015,5520,5520,0,552
2014-2015,5520,5520,0,552
2014-2015,5520,5520,1,552
2014-2015,5520,5520,0,552
2014-2015,5530,5530,0,553
2014-2015,5530,5530,0,553
2014-2015,5550,5550,0,555
2014-2015,5550,5550,0,555
2014-2015,5550,5550,0,555
2014-2015,5560,5560,0,556
2014-2015,5560,5560,1,556
2014-2015,5590,5590,1,559
2014-2015,5590,5590,0,559
2014-2015,5600,5600,11,560
2014-2015,5600,5600,7,560
2014-2015,5610,5610,3,561
2014-2015,5610,5610,0,561
2014-2015,5610,5610,0,561
2014-2015,5610,5610,1,561
2014-2015,5620,5620,2,562
2014-2015,5620,5620,0,562
2014-2015,5620,5620,0,562
2014-2015,5620,5620,2,562
2014-2015,5620,5620,1,562
2014-2015,5660,5660,0,566
2014-2015,5660,5660,0,566
2014-2015,5660,5660,2,566
2014-2015,6010,6010,2,601
2014-2015,6040,6040,3,604
2014-2015,6040,6040,0,604
2014-2015,6050,6050,1,605
2014-2015,6060,6060,47,606
2014-2015,6060,6060,10,606
2014-2015,6090,6090,0,609
2014-2015,6090,6090,0,609
2014-2015,1580,1580,1,158
2014-2015,1580,1580,0,158
2014-2015,1580,1580,0,158
2014-2015,2010,2010,1,201
2014-2015,2140,2140,0,214
2014-2015,2140,2140,0,214
2014-2015,2160,2160,1,216
2014-2015,2160,2160,4,216
2014-2015,2160,2160,0,216
2014-2015,2190,2190,1,219
2014-2015,2190,2190,0,219
2014-2015,2190,2190,0,219
2014-2015,2210,2210,0,221
2014-2015,2210,2210,2,221
2014-2015,2240,2240,1,224
2014-2015,2260,2260,0,226
2014-2015,2260,2260,0,226
2014-2015,2260,2260,0,226
2014-2015,2290,2290,0,229
2014-2015,2320,2320,44,232
2014-2015,2320,2320,0,232
2014-2015,2320,2320,0,232
2014-2015,2320,2320,0,232
2014-2015,2320,2320,1,232
2014-2015,2320,2320,0,232
2014-2015,2340,2340,0,234
2014-2015,2340,2340,0,234
2014-2015,2340,2340,0,234
2014-2015,2370,2370,14,237
2014-2015,2370,2370,4,237
2014-2015,2380,2380,0,238
2014-2015,2380,2380,0,238
2014-2015,2380,2380,2,238
2014-2015,2390,2390,5,239
2014-2015,2410,2410,0,241
2014-2015,2410,2410,0,241
2014-2015,2410,2410,0,241
2014-2015,2450,2450,0,245
2014-2015,2450,2450,0,245
2014-2015,2450,2450,3,245
2014-2015,2450,2450,2,245
2014-2015,2470,2470,0,247
2014-2015,2480,2480,0,248
2014-2015,2490,2490,0,249
2014-2015,2490,2490,0,249
2014-2015,2490,2490,1,249
2014-2015,2490,2490,0,249
2014-2015,2510,2510,1,251
2014-2015,2510,2510,0,251
2014-2015,2510,2510,1,251
2014-2015,2520,2520,0,252
2014-2015,2540,2540,0,254
2014-2015,2540,2540,0,254
2014-2015,2540,2540,0,254
2014-2015,2540,2540,0,254
2014-2015,2580,2580,0,258
2014-2015,2580,2580,0,258
2014-2015,2590,2590,0,259
2014-2015,2620,2620,2,262
2014-2015,2630,2630,0,263
2014-2015,2630,2630,0,263
2014-2015,2630,2630,0,263
2014-2015,2630,2630,0,263
2014-2015,2630,2630,0,263
2014-2015,2630,2630,1,263
2014-2015,2640,2640,4,264
2014-2015,2640,2640,0,264
2014-2015,2640,2640,0,264
2014-2015,2650,2650,0,265
2014-2015,2650,2650,0,265
2014-2015,2650,2650,0,265
2014-2015,2650,2650,0,265
2014-2015,2650,2650,0,265
2014-2015,2670,2670,0,267
2014-2015,2670,2670,0,267
2014-2015,2670,2670,1,267
2014-2015,2680,2680,0,268
2014-2015,2680,2680,0,268
2014-2015,2680,2680,0,268
2014-2015,2690,2690,0,269
2014-2015,2690,2690,0,269
2014-2015,2690,2690,0,269
2014-2015,2690,2690,0,269
2014-2015,4020,4020,2,402
2014-2015,4030,4030,0,403
2014-2015,4030,4030,0,403
2014-2015,4060,4060,3,406
2014-2015,4100,4100,0,410
2014-2015,4140,4140,0,414
2014-2015,4220,4220,2,422
2014-2015,4220,4220,2,422
2014-2015,4240,4240,1,424
2014-2015,4240,4240,0,424
2014-2015,4240,4240,0,424
2014-2015,4240,4240,0,424
2014-2015,4240,4240,0,424
2014-2015,4270,4270,0,427
2014-2015,4270,4270,3,427
2014-2015,4270,4270,0,427
2014-2015,4280,4280,0,428
2014-2015,4280,4280,0,428
2014-2015,4280,4280,0,428
2014-2015,4300,4300,0,430
2014-2015,4320,4320,0,432
2014-2015,4320,4320,1,432
2014-2015,4350,4350,0,435
2014-2015,4350,4350,0,435
2014-2015,4350,4350,2,435
2014-2015,4370,4370,1,437
2014-2015,4370,4370,0,437
2014-2015,4380,4380,0,438
2014-2015,4380,4380,0,438
2014-2015,4440,4440,18,444
2014-2015,4470,4470,6,447
2014-2015,4480,4480,1,448
2014-2015,4530,4530,7,453
2014-2015,4530,4530,0,453
2014-2015,4530,4530,2,453
2014-2015,4530,4530,0,453
2014-2015,4530,4530,0,453
2014-2015,4570,4570,0,457
2014-2015,5020,5020,0,502
2014-2015,5300,5300,0,530
2014-2015,5330,5330,0,533
2014-2015,5330,5330,10,533
2014-2015,5340,5340,6,534
2014-2015,5340,5340,0,534
2014-2015,5350,5350,0,535
2014-2015,5350,5350,0,535
2014-2015,5370,5370,0,537
2014-2015,5370,5370,0,537
2014-2015,5370,5370,0,537
2014-2015,5400,5400,2,540
2014-2015,5410,5410,0,541
2014-2015,5410,5410,0,541
2014-2015,5410,5410,0,541
2014-2015,5420,5420,0,542
2014-2015,5420,5420,24,542
2014-2015,5420,5420,0,542
2014-2015,5420,5420,3,542
2014-2015,5420,5420,3,542
2014-2015,5430,5430,0,543
2014-2015,5430,5430,0,543
2014-2015,5430,5430,2,543
2014-2015,5440,5440,9,544
2014-2015,5440,5440,1,544
2014-2015,5470,5470,4,547
2014-2015,5480,5480,1,548
2014-2015,5490,5490,0,549
2014-2015,5500,5500,0,550
2014-2015,5500,5500,1,550
2014-2015,5510,5510,2,551
2014-2015,5510,5510,5,551
2014-2015,5520,5520,5,552
2014-2015,5520,5520,0,552
2014-2015,5520,5520,1,552
2014-2015,5520,5520,0,552
2014-2015,5520,5520,3,552
2014-2015,5530,5530,0,553
2014-2015,5530,5530,0,553
2014-2015,5530,5530,0,553
2014-2015,5550,5550,0,555
2014-2015,5560,5560,0,556
2014-2015,5590,5590,0,559
2014-2015,5590,5590,1,559
2014-2015,5590,5590,5,559
2014-2015,5590,5590,4,559
2014-2015,5600,5600,6,560
2014-2015,5600,5600,0,560
2014-2015,5610,5610,0,561
2014-2015,5610,5610,0,561
2014-2015,5610,5610,0,561
2014-2015,5620,5620,0,562
2014-2015,5620,5620,1,562
2014-2015,5620,5620,0,562
2014-2015,5680,5680,1,568
2014-2015,5680,5680,1,568
2014-2015,5680,5680,1,568
2014-2015,6010,6010,0,601
2014-2015,6030,6030,0,603
2014-2015,6030,6030,2,603
2014-2015,6030,6030,1,603
2014-2015,6040,6040,0,604
2014-2015,6040,6040,0,604
2014-2015,6040,6040,0,604
2014-2015,6050,6050,0,605
2014-2015,6060,6060,0,606
2014-2015,6100,6100,0,610
2014-2015,6100,6100,0,610
2014-2015,6100,6100,1,610
2014-2015,6100,6100,0,610
2014-2015,6100,6100,2,610
2014-2015,6200,6200,0,620
2014-2015,6200,6200,0,620
2014-2015,6210,6210,0,621
2014-2015,6220,6220,0,622
2014-2015,6220,6220,1,622
2014-2015,6230,6230,0,623
2014-2015,6230,6230,0,623
2014-2015,6250,6250,1,625
2014-2015,6250,6250,1,625
2014-2015,6260,6260,5,626
2014-2015,6260,6260,6,626
2014-2015,6260,6260,0,626
2014-2015,6270,6270,0,627
2014-2015,6300,6300,0,630
2014-2015,6310,6310,0,631
2014-2015,6310,6310,0,631
2014-2015,6320,6320,0,632
2014-2015,6320,6320,1,632
2014-2015,6340,6340,0,634
2014-2015,6340,6340,1,634
2014-2015,8360,8360,0,836
2014-2015,8360,8360,0,836
2014-2015,8360,8360,0,836
2014-2015,8370,8370,0,837
2014-2015,8370,8370,0,837
2014-2015,8370,8370,0,837
2014-2015,8370,8370,0,837
2014-2015,8370,8370,0,837
2014-2015,8380,8380,0,838
2014-2015,8380,8380,0,838
2014-2015,8380,8380,0,838
2014-2015,8390,8390,1,839
2014-2015,8390,8390,0,839
2014-2015,8390,8390,0,839
2014-2015,8390,8390,2,839
2014-2015,8400,8400,5,840
2014-2015,6100,6100,13,610
2014-2015,6100,6100,2,610
2014-2015,6200,6200,4,620
2014-2015,6200,6200,0,620
2014-2015,6210,6210,0,621
2014-2015,6210,6210,0,621
2014-2015,6210,6210,15,621
2014-2015,6210,6210,0,621
2014-2015,6220,6220,2,622
2014-2015,6230,6230,0,623
2014-2015,6250,6250,0,625
2014-2015,6250,6250,0,625
2014-2015,6250,6250,0,625
2014-2015,6250,6250,0,625
2014-2015,6260,6260,0,626
2014-2015,6260,6260,0,626
2014-2015,6270,6270,0,627
2014-2015,6270,6270,0,627
2014-2015,6300,6300,0,630
2014-2015,6300,6300,0,630
2014-2015,6300,6300,1,630
2014-2015,6300,6300,0,630
2014-2015,6300,6300,0,630
2014-2015,6310,6310,0,631
2014-2015,6310,6310,0,631
2014-2015,8300,8300,25,830
2014-2015,8300,8300,0,830
2014-2015,8310,8310,3,831
2014-2015,8310,8310,0,831
2014-2015,8310,8310,0,831
2014-2015,8320,8320,2,832
2014-2015,8320,8320,2,832
2014-2015,8340,8340,1,834
2014-2015,8340,8340,0,834
2014-2015,8340,8340,9,834
2014-2015,8350,8350,0,835
2014-2015,8360,8360,0,836
2014-2015,8360,8360,0,836
2014-2015,8360,8360,0,836
2014-2015,8360,8360,0,836
2014-2015,8360,8360,0,836
2014-2015,8380,8380,0,838
2014-2015,8380,8380,1,838
2014-2015,8400,8400,0,840
2014-2015,8400,8400,0,840
2014-2015,8410,8410,0,841
2014-2015,8420,8420,0,842
2014-2015,8420,8420,0,842
2014-2015,8430,8430,0,843
2014-2015,8430,8430,1,843
2014-2015,8440,8440,0,844
2014-2015,8560,8560,0,856
2014-2015,4220,4220,0,422
2014-2015,4220,4220,0,422
2014-2015,4220,4220,1,422
2014-2015,4240,4240,0,424
2014-2015,4270,4270,0,427
2014-2015,4280,4280,1,428
2014-2015,4320,4320,0,432
2014-2015,4350,4350,0,435
2014-2015,4350,4350,10,435
2014-2015,4370,4370,0,437
2014-2015,4380,4380,0,438
2014-2015,4380,4380,0,438
2014-2015,4380,4380,0,438
2014-2015,4440,4440,0,444
2014-2015,4460,4460,3,446
2014-2015,4460,4460,0,446
2014-2015,4470,4470,0,447
2014-2015,4470,4470,0,447
2014-2015,4470,4470,0,447
2014-2015,4530,4530,1,453
2014-2015,4530,4530,0,453
2014-2015,4530,4530,0,453
2014-2015,4560,4560,0,456
2014-2015,4560,4560,0,456
2014-2015,4560,4560,0,456
2014-2015,4560,4560,2,456
2014-2015,4570,4570,3,457
2014-2015,4570,4570,0,457
2014-2015,5060,5060,1,506
2014-2015,5060,5060,1,506
2014-2015,5060,5060,0,506
2014-2015,5070,5070,0,507
2014-2015,5070,5070,7,507
2014-2015,5080,5080,1,508
2014-2015,5090,5090,0,509
2014-2015,5090,5090,0,509
2014-2015,5150,5150,0,515
2014-2015,5150,5150,0,515
2014-2015,5160,5160,4,516
2014-2015,5170,5170,0,517
2014-2015,5170,5170,3,517
2014-2015,5170,5170,0,517
2014-2015,5170,5170,3,517
2014-2015,5200,5200,2,520
2014-2015,5200,5200,0,520
2014-2015,5200,5200,0,520
2014-2015,5210,5210,4,521
2014-2015,5210,5210,2,521
2014-2015,5210,5210,0,521
2014-2015,5230,5230,0,523
2014-2015,5230,5230,0,523
2014-2015,5230,5230,1,523
2014-2015,5230,5230,3,523
2014-2015,5250,5250,0,525
2014-2015,5250,5250,0,525
2014-2015,5250,5250,1,525
2014-2015,5260,5260,0,526
2014-2015,5300,5300,0,530
2014-2015,5300,5300,0,530
2014-2015,5300,5300,0,530
2014-2015,5300,5300,0,530
2014-2015,5320,5320,5,532
2014-2015,5320,5320,1,532
2014-2015,5330,5330,0,533
2014-2015,5330,5330,0,533
2014-2015,5340,5340,0,534
2014-2015,5340,5340,0,534
2014-2015,5340,5340,0,534
2014-2015,5350,5350,0,535
2014-2015,5350,5350,2,535
2014-2015,5370,5370,1,537
2014-2015,5370,5370,0,537
2014-2015,5370,5370,0,537
2014-2015,5370,5370,0,537
2014-2015,5370,5370,0,537
2014-2015,5390,5390,0,539
2014-2015,5400,5400,0,540
2014-2015,5400,5400,0,540
2014-2015,5410,5410,0,541
2014-2015,5420,5420,4,542
2014-2015,5430,5430,1,543
2014-2015,5430,5430,2,543
2014-2015,5430,5430,0,543
2014-2015,5440,5440,0,544
2014-2015,5440,5440,0,544
2014-2015,5440,5440,0,544
2014-2015,5470,5470,0,547
2014-2015,5470,5470,15,547
2014-2015,5470,5470,0,547
2014-2015,5490,5490,0,549
2014-2015,5500,5500,0,550
2014-2015,5500,5500,0,550
2014-2015,5500,5500,0,550
2014-2015,5510,5510,0,551
2014-2015,5530,5530,0,553
2014-2015,5530,5530,0,553
2014-2015,5550,5550,0,555
2014-2015,5550,5550,1,555
2014-2015,5550,5550,0,555
2014-2015,5590,5590,0,559
2014-2015,5590,5590,0,559
2014-2015,5590,5590,1,559
2014-2015,5590,5590,0,559
2014-2015,5600,5600,0,560
2014-2015,5600,5600,0,560
2014-2015,5600,5600,0,560
2014-2015,5600,5600,1,560
2014-2015,5600,5600,0,560
2014-2015,5610,5610,6,561
2014-2015,5620,5620,0,562
2014-2015,5660,5660,2,566
2014-2015,5660,5660,0,566
2014-2015,5660,5660,0,566
2014-2015,5660,5660,3,566
2014-2015,5680,5680,8,568
2014-2015,5680,5680,0,568
2014-2015,6010,6010,0,601
2014-2015,6010,6010,1,601
2014-2015,6010,6010,1,601
2014-2015,6010,6010,6,601
2014-2015,6040,6040,2,604
2014-2015,6040,6040,0,604
2014-2015,6040,6040,0,604
2014-2015,6040,6040,0,604
2014-2015,6050,6050,1,605
2014-2015,6050,6050,0,605
2014-2015,6050,6050,0,605
2014-2015,6050,6050,0,605
2014-2015,6050,6050,0,605
2014-2015,6050,6050,1,605
2014-2015,6060,6060,0,606
2014-2015,6060,6060,15,606
2014-2015,6060,6060,14,606
2014-2015,6090,6090,1,609
2014-2015,6090,6090,2,609
2014-2015,6100,6100,12,610
2014-2015,6100,6100,1,610
2014-2015,6200,6200,0,620
2014-2015,6200,6200,0,620
2014-2015,6200,6200,1,620
2014-2015,6200,6200,4,620
2014-2015,8400,8400,0,840
2014-2015,8400,8400,0,840
2014-2015,8410,8410,5,841
2014-2015,8410,8410,0,841
2014-2015,8420,8420,1,842
2014-2015,8430,8430,0,843
2014-2015,8430,8430,0,843
2014-2015,8430,8430,0,843
2014-2015,8430,8430,0,843
2014-2015,8440,8440,0,844
2014-2015,8560,8560,0,856
2014-2015,8560,8560,0,856
2014-2015,8560,8560,0,856
2014-2015,8560,8560,1,856
2014-2015,1010,1010,1,101
2014-2015,1010,1010,0,101
2014-2015,1010,1010,16,101
2014-2015,1020,1020,2,102
2014-2015,1030,1030,0,103
2014-2015,1050,1050,0,105
2014-2015,1050,1050,0,105
2014-2015,1130,1130,0,113
2014-2015,1130,1130,4,113
2014-2015,1130,1130,0,113
2014-2015,1130,1130,5,113
2014-2015,1190,1190,0,119
2014-2015,1200,1200,0,120
2014-2015,1200,1200,3,120
2014-2015,1200,1200,1,120
2014-2015,1230,1230,0,123
2014-2015,1230,1230,0,123
2014-2015,1250,1250,0,125
2014-2015,1250,1250,0,125
2014-2015,1250,1250,0,125
2014-2015,1250,1250,0,125
2014-2015,1250,1250,0,125
2014-2015,1260,1260,1,126
2014-2015,1260,1260,1,126
2014-2015,1280,1280,2,128
2014-2015,1280,1280,0,128
2014-2015,1280,1280,0,128
2014-2015,1290,1290,0,129
2014-2015,1290,1290,2,129
2014-2015,1300,1300,0,130
2014-2015,1330,1330,12,133
2014-2015,1330,1330,2,133
2014-2015,1350,1350,2,135
2014-2015,1360,1360,0,136
2014-2015,1360,1360,0,136
2014-2015,1360,1360,2,136
2014-2015,1370,1370,1,137
2014-2015,1390,1390,0,139
2014-2015,1390,1390,0,139
2014-2015,1390,1390,0,139
2014-2015,1390,1390,0,139
2014-2015,1390,1390,0,139
2014-2015,1400,1400,0,140
2014-2015,1410,1410,1,141
2014-2015,1410,1410,1,141
2014-2015,1410,1410,0,141
2014-2015,1410,1410,2,141
2014-2015,1420,1420,0,142
2014-2015,1420,1420,0,142
2014-2015,1460,1460,4,146
2014-2015,1460,1460,0,146
2014-2015,1470,1470,0,147
2014-2015,1470,1470,0,147
2014-2015,1490,1490,0,149
2014-2015,1490,1490,1,149
2014-2015,1490,1490,0,149
2014-2015,1490,1490,1,149
2014-2015,1490,1490,2,149
2014-2015,1580,1580,0,158
2014-2015,1580,1580,0,158
2014-2015,1580,1580,0,158
2014-2015,8360,8360,0,836
2014-2015,8370,8370,1,837
2014-2015,8380,8380,1,838
2014-2015,8390,8390,0,839
2014-2015,8390,8390,0,839
2014-2015,8390,8390,4,839
2014-2015,8400,8400,0,840
2014-2015,8410,8410,0,841
2014-2015,8410,8410,0,841
2014-2015,8420,8420,2,842
2014-2015,8420,8420,0,842
2014-2015,8430,8430,0,843
2014-2015,8440,8440,0,844
2014-2015,1460,1460,0,146
2014-2015,1460,1460,0,146
2014-2015,1490,1490,1,149
2014-2015,1490,1490,3,149
2014-2015,2650,2650,0,265
2014-2015,2650,2650,2,265
2014-2015,2670,2670,0,267
2014-2015,2670,2670,1,267
2014-2015,2670,2670,0,267
2014-2015,2680,2680,0,268
2014-2015,2680,2680,0,268
2014-2015,2680,2680,1,268
2014-2015,2690,2690,0,269
2014-2015,2690,2690,0,269
2014-2015,2690,2690,0,269
2014-2015,2720,2720,4,272
2014-2015,2720,2720,0,272
2014-2015,2720,2720,0,272
2014-2015,2000,2000,0,200
2014-2015,2000,2000,0,200
2014-2015,2000,2000,3,200
2014-2015,2010,2010,2,201
2014-2015,2010,2010,1,201
2014-2015,2010,2010,4,201
2014-2015,2010,2010,0,201
2014-2015,2010,2010,14,201
2014-2015,2020,2020,0,202
2014-2015,2160,2160,0,216
2014-2015,2160,2160,0,216
2014-2015,2160,2160,4,216
2014-2015,2210,2210,0,221
2014-2015,2240,2240,0,224
2014-2015,2240,2240,16,224
2014-2015,2240,2240,0,224
2014-2015,2240,2240,0,224
2014-2015,2240,2240,2,224
2014-2015,2240,2240,1,224
2014-2015,2260,2260,0,226
2014-2015,2260,2260,1,226
2014-2015,2290,2290,0,229
2014-2015,2290,2290,1,229
2014-2015,2290,2290,3,229
2014-2015,2320,2320,0,232
2014-2015,2340,2340,0,234
2014-2015,2370,2370,0,237
2014-2015,2370,2370,1,237
2014-2015,2370,2370,0,237
2014-2015,2370,2370,0,237
2014-2015,2380,2380,0,238
2014-2015,2380,2380,0,238
2014-2015,2390,2390,2,239
2014-2015,2450,2450,0,245
2014-2015,2450,2450,1,245
2014-2015,2450,2450,0,245
2014-2015,2450,2450,0,245
2014-2015,7010,7010,0,701
2014-2015,7100,7100,0,710
2014-2015,7110,7110,0,711
2014-2015,7110,7110,6,711
2014-2015,7120,7120,1,712
2014-2015,7120,7120,34,712
2014-2015,7120,7120,1,712
2014-2015,7120,7120,0,712
2014-2015,7120,7120,9,712
2014-2015,7130,7130,0,713
2014-2015,7130,7130,3,713
2014-2015,7150,7150,2,715
2014-2015,7150,7150,11,715
2014-2015,7200,7200,0,720
2014-2015,7220,7220,2,722
2014-2015,7220,7220,2,722
2014-2015,7260,7260,1,726
2014-2015,7270,7270,0,727
2014-2015,7270,7270,1,727
2014-2015,7270,7270,0,727
2014-2015,7280,7280,0,728
2014-2015,7280,7280,1,728
2014-2015,7280,7280,4,728
2014-2015,7290,7290,0,729
2014-2015,7290,7290,1,729
2014-2015,7300,7300,3,730
2014-2015,7310,7310,0,731
2014-2015,7310,7310,0,731
2014-2015,7320,7320,1,732
2014-2015,7320,7320,0,732
2014-2015,7320,7320,0,732
2014-2015,7320,7320,0,732
2014-2015,7330,7330,0,733
2014-2015,7330,7330,0,733
2014-2015,7330,7330,2,733
2014-2015,7350,7350,2,735
2014-2015,7350,7350,0,735
2014-2015,7360,7360,0,736
2014-2015,7360,7360,0,736
2014-2015,7360,7360,0,736
2014-2015,7370,7370,5,737
2014-2015,7390,7390,13,739
2014-2015,7390,7390,0,739
2014-2015,7400,7400,1,740
2014-2015,7430,7430,1,743
2014-2015,7440,7440,0,744
2014-2015,7440,7440,1,744
2014-2015,7460,7460,0,746
2014-2015,7460,7460,2,746
2014-2015,7460,7460,0,746
2014-2015,7460,7460,0,746
2014-2015,7470,7470,0,747
2014-2015,7470,7470,0,747
2014-2015,7470,7470,1,747
2014-2015,7470,7470,0,747
2014-2015,7490,7490,0,749
2014-2015,7500,7500,8,750
2014-2015,7510,7510,3,751
2014-2015,7510,7510,0,751
2014-2015,7510,7510,0,751
2014-2015,7530,7530,0,753
2014-2015,7530,7530,0,753
2014-2015,7730,7730,1,773
2014-2015,7730,7730,2,773
2014-2015,8010,8010,26,801
2014-2015,8020,8020,0,802
2014-2015,8020,8020,5,802
2014-2015,8020,8020,10,802
2014-2015,8040,8040,3,804
2014-2015,8040,8040,0,804
2014-2015,8040,8040,1,804
2014-2015,8040,8040,1,804
2014-2015,8090,8090,5,809
2014-2015,8090,8090,0,809
2014-2015,8120,8120,0,812
2014-2015,8120,8120,0,812
2014-2015,8120,8120,1,812
2014-2015,8120,8120,2,812
2014-2015,8140,8140,0,814
2014-2015,8140,8140,6,814
2014-2015,8140,8140,1,814
2014-2015,8160,8160,0,816
2014-2015,8180,8180,2,818
2014-2015,8180,8180,0,818
2014-2015,8180,8180,0,818
2014-2015,8200,8200,0,820
2014-2015,8200,8200,0,820
2014-2015,8200,8200,1,820
2014-2015,8210,8210,0,821
2014-2015,8230,8230,0,823
2014-2015,8230,8230,0,823
2014-2015,8240,8240,0,824
2014-2015,8240,8240,0,824
2014-2015,8240,8240,1,824
2014-2015,8240,8240,1,824
2014-2015,8240,8240,1,824
2014-2015,8240,8240,3,824
2014-2015,8270,8270,0,827
2014-2015,8270,8270,1,827
2014-2015,8300,8300,1,830
2014-2015,8300,8300,0,830
2014-2015,8300,8300,2,830
2014-2015,8300,8300,4,830
2014-2015,8300,8300,4,830
2014-2015,8310,8310,0,831
2014-2015,8320,8320,2,832
2014-2015,8320,8320,0,832
2014-2015,8320,8320,1,832
2014-2015,8340,8340,0,834
2014-2015,8340,8340,21,834
2014-2015,8340,8340,4,834
2014-2015,8340,8340,0,834
2014-2015,8340,8340,0,834
2014-2015,4020,4020,10,402
2014-2015,4030,4030,0,403
2014-2015,4060,4060,1,406
2014-2015,4060,4060,0,406
2014-2015,4140,4140,0,414
2014-2015,4140,4140,0,414
2014-2015,4140,4140,0,414
2014-2015,4140,4140,2,414
2014-2015,4220,4220,3,422
2014-2015,4240,4240,0,424
2014-2015,4240,4240,0,424
2014-2015,4270,4270,2,427
2014-2015,4270,4270,0,427
2014-2015,4270,4270,0,427
2014-2015,4270,4270,2,427
2014-2015,4280,4280,0,428
2014-2015,4280,4280,0,428
2014-2015,4020,4020,23,402
2014-2015,4020,4020,0,402
2014-2015,4060,4060,0,406
2014-2015,4060,4060,0,406
2014-2015,4100,4100,1,410
2014-2015,4100,4100,4,410
2014-2015,4140,4140,1,414
2014-2015,4220,4220,0,422
2014-2015,4240,4240,2,424
2014-2015,4240,4240,0,424
2014-2015,4240,4240,2,424
2014-2015,4270,4270,0,427
2014-2015,4270,4270,3,427
2014-2015,4280,4280,0,428
2014-2015,4300,4300,9,430
2014-2015,4300,4300,1,430
2014-2015,4300,4300,2,430
2014-2015,4300,4300,0,430
2014-2015,4320,4320,2,432
2014-2015,4350,4350,0,435
2014-2015,4370,4370,0,437
2014-2015,4370,4370,0,437
2014-2015,4380,4380,0,438
2014-2015,4380,4380,0,438
2014-2015,4380,4380,0,438
2014-2015,4380,4380,0,438
2014-2015,4440,4440,0,444
2014-2015,4440,4440,2,444
2014-2015,4460,4460,0,446
2014-2015,4460,4460,1,446
2014-2015,4460,4460,0,446
2014-2015,4460,4460,0,446
2014-2015,4460,4460,0,446
2014-2015,4460,4460,0,446
2014-2015,4470,4470,36,447
2014-2015,4470,4470,1,447
2014-2015,4470,4470,2,447
2014-2015,4480,4480,0,448
2014-2015,4530,4530,0,453
2014-2015,4530,4530,0,453
2014-2015,4530,4530,3,453
2014-2015,4560,4560,0,456
2014-2015,6320,6320,0,632
2014-2015,6350,6350,15,635
2014-2015,6350,6350,0,635
2014-2015,6350,6350,0,635
2014-2015,6350,6350,0,635
2014-2015,6380,6380,0,638
2014-2015,6380,6380,0,638
2014-2015,6380,6380,0,638
2014-2015,6390,6390,0,639
2014-2015,6410,6410,3,641
2014-2015,6410,6410,0,641
2014-2015,6430,6430,0,643
2014-2015,6430,6430,0,643
2014-2015,6440,6440,0,644
2014-2015,6440,6440,0,644
2014-2015,6440,6440,0,644
2014-2015,6460,6460,1,646
2014-2015,6470,6470,0,647
2014-2015,7010,7010,20,701
2014-2015,7010,7010,4,701
2014-2015,7100,7100,10,710
2014-2015,7100,7100,1,710
2014-2015,7100,7100,0,710
2014-2015,7110,7110,19,711
2014-2015,7120,7120,0,712
2014-2015,7120,7120,9,712
2014-2015,7130,7130,0,713
2014-2015,7150,7150,0,715
2014-2015,7150,7150,2,715
2014-2015,7150,7150,0,715
2014-2015,7150,7150,0,715
2014-2015,7200,7200,0,720
2014-2015,7200,7200,0,720
2014-2015,7260,7260,0,726
2014-2015,7260,7260,0,726
2014-2015,7260,7260,0,726
2014-2015,7270,7270,2,727
2014-2015,7280,7280,0,728
2014-2015,7290,7290,0,729
2014-2015,7290,7290,0,729
2014-2015,7290,7290,3,729
2014-2015,7300,7300,0,730
2014-2015,7300,7300,0,730
2014-2015,7300,7300,12,730
2014-2015,7300,7300,0,730
2014-2015,7300,7300,3,730
2014-2015,7310,7310,1,731
2014-2015,7310,7310,5,731
2014-2015,7310,7310,0,731
2014-2015,7310,7310,0,731
2014-2015,8350,8350,0,835
2014-2015,8350,8350,3,835
2014-2015,8360,8360,0,836
2014-2015,8360,8360,0,836
2014-2015,8370,8370,1,837
2014-2015,8370,8370,0,837
2014-2015,8380,8380,0,838
2014-2015,8380,8380,1,838
2014-2015,8390,8390,0,839
2014-2015,8400,8400,0,840
2014-2015,8410,8410,0,841
2014-2015,8410,8410,0,841
2014-2015,8420,8420,0,842
2014-2015,8430,8430,0,843
2014-2015,8430,8430,0,843
2014-2015,8430,8430,1,843
2014-2015,8430,8430,0,843
2014-2015,8430,8430,0,843
2014-2015,8440,8440,0,844
2014-2015,8440,8440,0,844
2014-2015,8440,8440,0,844
2014-2015,8440,8440,0,844
2014-2015,8560,8560,0,856
2014-2015,8560,8560,0,856
2014-2015,4300,4300,2,430
2014-2015,4350,4350,0,435
2014-2015,4350,4350,5,435
2014-2015,4370,4370,1,437
2014-2015,4370,4370,0,437
2014-2015,4370,4370,0,437
2014-2015,4380,4380,1,438
2014-2015,4380,4380,0,438
2014-2015,4380,4380,0,438
2014-2015,4380,4380,0,438
2014-2015,4440,4440,0,444
2014-2015,4440,4440,4,444
2014-2015,4440,4440,0,444
2014-2015,4460,4460,3,446
2014-2015,4470,4470,0,447
2014-2015,4480,4480,0,448
2014-2015,4480,4480,0,448
2014-2015,4480,4480,0,448
2014-2015,4530,4530,2,453
2014-2015,4530,4530,1,453
2014-2015,4560,4560,3,456
2014-2015,4560,4560,1,456
2014-2015,6350,6350,4,635
2014-2015,6350,6350,1,635
2014-2015,6360,6360,2,636
2014-2015,6360,6360,11,636
2014-2015,6380,6380,7,638
2014-2015,6390,6390,0,639
2014-2015,6410,6410,0,641
2014-2015,6410,6410,0,641
2014-2015,6410,6410,0,641
2014-2015,6410,6410,0,641
2014-2015,6430,6430,0,643
2014-2015,6440,6440,0,644
2014-2015,6450,6450,5,645
2014-2015,6450,6450,0,645
2014-2015,6450,6450,0,645
2014-2015,6450,6450,0,645
2014-2015,6470,6470,0,647
2014-2015,6470,6470,0,647
2014-2015,6480,6480,0,648
2014-2015,6540,6540,0,654
2014-2015,6540,6540,0,654
2014-2015,6540,6540,0,654
2014-2015,7010,7010,13,701
2014-2015,7100,7100,0,710
2014-2015,7100,7100,0,710
2014-2015,7100,7100,4,710
2014-2015,7110,7110,41,711
2014-2015,7110,7110,3,711
2014-2015,7120,7120,0,712
2014-2015,7120,7120,6,712
2014-2015,7120,7120,10,712
2014-2015,7130,7130,0,713
2014-2015,7130,7130,0,713
2014-2015,7130,7130,8,713
2014-2015,7130,7130,4,713
2014-2015,7150,7150,0,715
2014-2015,7150,7150,1,715
2014-2015,7200,7200,0,720
2014-2015,7200,7200,0,720
2014-2015,7200,7200,0,720
2014-2015,7220,7220,0,722
2014-2015,7260,7260,0,726
2014-2015,7260,7260,0,726
2014-2015,7260,7260,0,726
2014-2015,7270,7270,1,727
2014-2015,7280,7280,0,728
2014-2015,7280,7280,0,728
2014-2015,7290,7290,2,729
2014-2015,7290,7290,0,729
2014-2015,7310,7310,0,731
2014-2015,7310,7310,0,731
2014-2015,7320,7320,0,732
2014-2015,7320,7320,0,732
2014-2015,7330,7330,0,733
2014-2015,7330,7330,9,733
2014-2015,7330,7330,0,733
2014-2015,7350,7350,0,735
2014-2015,7360,7360,0,736
2014-2015,7360,7360,9,736
2014-2015,7360,7360,0,736
2014-2015,7360,7360,0,736
2014-2015,7370,7370,0,737
2014-2015,7370,7370,0,737
2014-2015,7370,7370,1,737
2014-2015,7380,7380,0,738
2014-2015,7380,7380,0,738
2014-2015,7380,7380,1,738
2014-2015,7380,7380,0,738
2014-2015,7380,7380,0,738
2014-2015,7390,7390,0,739
2014-2015,7390,7390,1,739
2014-2015,7390,7390,3,739
2014-2015,7400,7400,0,740
2014-2015,7400,7400,2,740
2014-2015,7400,7400,0,740
2014-2015,7400,7400,4,740
2014-2015,7430,7430,5,743
2014-2015,7430,7430,0,743
2014-2015,7440,7440,0,744
2014-2015,7440,7440,0,744
2014-2015,7440,7440,1,744
2014-2015,7440,7440,0,744
2014-2015,7440,7440,0,744
2014-2015,7440,7440,1,744
2014-2015,7460,7460,0,746
2014-2015,7460,7460,0,746
2014-2015,7470,7470,0,747
2014-2015,7470,7470,0,747
2014-2015,7470,7470,1,747
2014-2015,7490,7490,2,749
2014-2015,7490,7490,7,749
2014-2015,7490,7490,0,749
2014-2015,7490,7490,0,749
2014-2015,7500,7500,0,750
2014-2015,7310,7310,0,731
2014-2015,7310,7310,0,731
2014-2015,7320,7320,0,732
2014-2015,7320,7320,0,732
2014-2015,7330,7330,1,733
2014-2015,7330,7330,0,733
2014-2015,7330,7330,1,733
2014-2015,7350,7350,0,735
2014-2015,7350,7350,0,735
2014-2015,7360,7360,0,736
2014-2015,7370,7370,0,737
2014-2015,7370,7370,1,737
2014-2015,7370,7370,1,737
2014-2015,7370,7370,0,737
2014-2015,7380,7380,0,738
2014-2015,7390,7390,0,739
2014-2015,7400,7400,0,740
2014-2015,7400,7400,3,740
2014-2015,7430,7430,1,743
2014-2015,7430,7430,0,743
2014-2015,7430,7430,0,743
2014-2015,7430,7430,0,743
2014-2015,7440,7440,0,744
2014-2015,7460,7460,1,746
2014-2015,7460,7460,0,746
2014-2015,7470,7470,2,747
2014-2015,7470,7470,0,747
2014-2015,7470,7470,0,747
2014-2015,7470,7470,0,747
2014-2015,7490,7490,0,749
2014-2015,7500,7500,0,750
2014-2015,7510,7510,0,751
2014-2015,7510,7510,0,751
2014-2015,7510,7510,0,751
2014-2015,7530,7530,1,753
2014-2015,7530,7530,0,753
2014-2015,7730,7730,0,773
2014-2015,7730,7730,0,773
2014-2015,8010,8010,30,801
2014-2015,8010,8010,0,801
2014-2015,8010,8010,1,801
2014-2015,8010,8010,22,801
2014-2015,8020,8020,27,802
2014-2015,8020,8020,22,802
2014-2015,8020,8020,6,802
2014-2015,8030,8030,2,803
2014-2015,8030,8030,5,803
2014-2015,8040,8040,0,804
2014-2015,8040,8040,0,804
2014-2015,8090,8090,2,809
2014-2015,8090,8090,0,809
2014-2015,8090,8090,9,809
2014-2015,8120,8120,0,812
2014-2015,8140,8140,0,814
2014-2015,8140,8140,11,814
2014-2015,8140,8140,0,814
2014-2015,8140,8140,0,814
2014-2015,8160,8160,1,816
2014-2015,8180,8180,0,818
2014-2015,8180,8180,0,818
2014-2015,8180,8180,0,818
2014-2015,8200,8200,0,820
2014-2015,8200,8200,0,820
2014-2015,8200,8200,2,820
2014-2015,8210,8210,11,821
2014-2015,8230,8230,0,823
2014-2015,8230,8230,1,823
2014-2015,8240,8240,0,824
2014-2015,8260,8260,2,826
2014-2015,8260,8260,0,826
2014-2015,8260,8260,0,826
2014-2015,8270,8270,0,827
2014-2015,8270,8270,0,827
2014-2015,1010,1010,25,101
2014-2015,1010,1010,0,101
2014-2015,1010,1010,0,101
2014-2015,1010,1010,4,101
2014-2015,1010,1010,1,101
2014-2015,1020,1020,0,102
2014-2015,1030,1030,9,103
2014-2015,1030,1030,2,103
2014-2015,1050,1050,0,105
2014-2015,1050,1050,0,105
2014-2015,1050,1050,0,105
2014-2015,1050,1050,0,105
2014-2015,1100,1100,3,110
2014-2015,1100,1100,1,110
2014-2015,1130,1130,4,113
2014-2015,1190,1190,1,119
2014-2015,1190,1190,2,119
2014-2015,1190,1190,0,119
2014-2015,1190,1190,0,119
2014-2015,1200,1200,1,120
2014-2015,1250,1250,0,125
2014-2015,1260,1260,1,126
2014-2015,1260,1260,3,126
2014-2015,1280,1280,0,128
2014-2015,1280,1280,0,128
2014-2015,1290,1290,6,129
2014-2015,1290,1290,0,129
2014-2015,1300,1300,16,130
2014-2015,1330,1330,0,133
2014-2015,1330,1330,0,133
2014-2015,1340,1340,0,134
2014-2015,1340,1340,1,134
2014-2015,1340,1340,0,134
2014-2015,1340,1340,5,134
2014-2015,1340,1340,2,134
2014-2015,1350,1350,1,135
2014-2015,1350,1350,0,135
2014-2015,7510,7510,3,751
2014-2015,7510,7510,0,751
2014-2015,7510,7510,0,751
2014-2015,7530,7530,0,753
2014-2015,7730,7730,0,773
2014-2015,8010,8010,3,801
2014-2015,8030,8030,1,803
2014-2015,8030,8030,23,803
2014-2015,8030,8030,0,803
2014-2015,8030,8030,3,803
2014-2015,8030,8030,7,803
2014-2015,8040,8040,0,804
2014-2015,8040,8040,0,804
2014-2015,8090,8090,2,809
2014-2015,8090,8090,0,809
2014-2015,8090,8090,2,809
2014-2015,8120,8120,4,812
2014-2015,8140,8140,0,814
2014-2015,8140,8140,0,814
2014-2015,8160,8160,0,816
2014-2015,8160,8160,0,816
2014-2015,8160,8160,0,816
2014-2015,8160,8160,0,816
2014-2015,8210,8210,0,821
2014-2015,8210,8210,0,821
2014-2015,8210,8210,0,821
2014-2015,8210,8210,1,821
2014-2015,8230,8230,0,823
2014-2015,8230,8230,0,823
2014-2015,8230,8230,0,823
2014-2015,8240,8240,10,824
2014-2015,8250,8250,1,825
2014-2015,8250,8250,1,825
2014-2015,8250,8250,2,825
2014-2015,8250,8250,1,825
2014-2015,1010,1010,24,101
2014-2015,1010,1010,12,101
2014-2015,1020,1020,1,102
2014-2015,1020,1020,0,102
2014-2015,1020,1020,14,102
2014-2015,1020,1020,2,102
2014-2015,1030,1030,0,103
2014-2015,1030,1030,0,103
2014-2015,1030,1030,11,103
2014-2015,1030,1030,1,103
2014-2015,1030,1030,0,103
2014-2015,1030,1030,1,103
2014-2015,1050,1050,1,105
2014-2015,1050,1050,0,105
2014-2015,1050,1050,3,105
2014-2015,1050,1050,0,105
2014-2015,1100,1100,19,110
2014-2015,1100,1100,0,110
2014-2015,1130,1130,15,113
2014-2015,1130,1130,0,113
2014-2015,1130,1130,5,113
2014-2015,1130,1130,7,113
2014-2015,1190,1190,3,119
2014-2015,1190,1190,0,119
2014-2015,1190,1190,2,119
2014-2015,1190,1190,0,119
2014-2015,1200,1200,1,120
2014-2015,1200,1200,1,120
2014-2015,1230,1230,10,123
2014-2015,1230,1230,1,123
2014-2015,1250,1250,1,125
2014-2015,1260,1260,0,126
2014-2015,1260,1260,12,126
2014-2015,1260,1260,0,126
2014-2015,1260,1260,1,126
2014-2015,1290,1290,0,129
2014-2015,1290,1290,0,129
2014-2015,1300,1300,1,130
2014-2015,1300,1300,1,130
2014-2015,1300,1300,1,130
2014-2015,1330,1330,0,133
2014-2015,1330,1330,0,133
2014-2015,1340,1340,1,134
2014-2015,1340,1340,4,134
2014-2015,1350,1350,0,135
2014-2015,1360,1360,0,136
2014-2015,1360,1360,0,136
2014-2015,1360,1360,1,136
2014-2015,1360,1360,0,136
2014-2015,1370,1370,0,137
2014-2015,1370,1370,1,137
2014-2015,1370,1370,2,137
2014-2015,1380,1380,0,138
2014-2015,1380,1380,0,138
2014-2015,1380,1380,0,138
2014-2015,1390,1390,0,139
2014-2015,1390,1390,0,139
2014-2015,1400,1400,0,140
2014-2015,2470,2470,1,247
2014-2015,2470,2470,0,247
2014-2015,2470,2470,0,247
2014-2015,2480,2480,0,248
2014-2015,2480,2480,0,248
2014-2015,2510,2510,0,251
2014-2015,2510,2510,0,251
2014-2015,2510,2510,0,251
2014-2015,2510,2510,0,251
2014-2015,2510,2510,2,251
2014-2015,2520,2520,4,252
2014-2015,2520,2520,0,252
2014-2015,2520,2520,0,252
2014-2015,2520,2520,0,252
2014-2015,2520,2520,0,252
2014-2015,2520,2520,0,252
2014-2015,2540,2540,0,254
2014-2015,2540,2540,0,254
2014-2015,2580,2580,0,258
2014-2015,2580,2580,0,258
2014-2015,2580,2580,0,258
2014-2015,2590,2590,2,259
2014-2015,2630,2630,0,263
2014-2015,2630,2630,0,263
2014-2015,2630,2630,0,263
2014-2015,2630,2630,0,263
2014-2015,2640,2640,1,264
2014-2015,1360,1360,3,136
2014-2015,1360,1360,2,136
2014-2015,1360,1360,0,136
2014-2015,1370,1370,17,137
2014-2015,1370,1370,17,137
2014-2015,1370,1370,0,137
2014-2015,1370,1370,5,137
2014-2015,1380,1380,5,138
2014-2015,1380,1380,0,138
2014-2015,1380,1380,3,138
2014-2015,1390,1390,0,139
2014-2015,1390,1390,0,139
2014-2015,1390,1390,0,139
2014-2015,1400,1400,0,140
2014-2015,1400,1400,1,140
2014-2015,1400,1400,1,140
2014-2015,1410,1410,0,141
2014-2015,1410,1410,25,141
2014-2015,1410,1410,0,141
2014-2015,1420,1420,0,142
2014-2015,1420,1420,3,142
2014-2015,1440,1440,1,144
2014-2015,1440,1440,0,144
2014-2015,1460,1460,1,146
2014-2015,1470,1470,27,147
2014-2015,1470,1470,0,147
2014-2015,1490,1490,15,149
2014-2015,1490,1490,0,149
2014-2015,1490,1490,2,149
2014-2015,1580,1580,1,158
2014-2015,2000,2000,0,200
2014-2015,2000,2000,29,200
2014-2015,2000,2000,0,200
2014-2015,2000,2000,4,200
2014-2015,2010,2010,16,201
2014-2015,2010,2010,4,201
2014-2015,2020,2020,2,202
2014-2015,2020,2020,0,202
2014-2015,2020,2020,1,202
2014-2015,2020,2020,0,202
2014-2015,2140,2140,0,214
2014-2015,2140,2140,0,214
2014-2015,2140,2140,0,214
2014-2015,2140,2140,0,214
2014-2015,2160,2160,0,216
2014-2015,2160,2160,3,216
2014-2015,2190,2190,0,219
2014-2015,2190,2190,0,219
2014-2015,2190,2190,0,219
2014-2015,2210,2210,4,221
2014-2015,2210,2210,0,221
2014-2015,2240,2240,0,224
2014-2015,2260,2260,0,226
2014-2015,2260,2260,0,226
2014-2015,2260,2260,0,226
2014-2015,2290,2290,3,229
2014-2015,2290,2290,4,229
2014-2015,2290,2290,1,229
2014-2015,2320,2320,0,232
2014-2015,2340,2340,0,234
2014-2015,2340,2340,0,234
2014-2015,2340,2340,0,234
2014-2015,2380,2380,0,238
2014-2015,2380,2380,0,238
2014-2015,2410,2410,0,241
2014-2015,2410,2410,0,241
2014-2015,2410,2410,1,241
2014-2015,2450,2450,0,245
2014-2015,2470,2470,0,247
2014-2015,2470,2470,0,247
2014-2015,2470,2470,0,247
2014-2015,2480,2480,1,248
2014-2015,2490,2490,0,249
2014-2015,2490,2490,0,249
2014-2015,2510,2510,0,251
2014-2015,2520,2520,0,252
2014-2015,2520,2520,0,252
2014-2015,2520,2520,0,252
2014-2015,2540,2540,0,254
2014-2015,2540,2540,5,254
2014-2015,2540,2540,0,254
2014-2015,2580,2580,0,258
2014-2015,2590,2590,0,259
2014-2015,2590,2590,0,259
2014-2015,1020,1020,0,102
2014-2015,1020,1020,0,102
2014-2015,1020,1020,0,102
2014-2015,1020,1020,2,102
2014-2015,1030,1030,3,103
2014-2015,1050,1050,0,105
2014-2015,1130,1130,0,113
2014-2015,1130,1130,2,113
2014-2015,1130,1130,0,113
2014-2015,1130,1130,2,113
2014-2015,1190,1190,0,119
2014-2015,1190,1190,0,119
2014-2015,1190,1190,0,119
2014-2015,1190,1190,1,119
2014-2015,1200,1200,12,120
2014-2015,1200,1200,0,120
2014-2015,1200,1200,0,120
2014-2015,1230,1230,0,123
2014-2015,1230,1230,0,123
2014-2015,1230,1230,0,123
2014-2015,1230,1230,3,123
2014-2015,1250,1250,0,125
2014-2015,1250,1250,0,125
2014-2015,1250,1250,0,125
2014-2015,1260,1260,0,126
2014-2015,1260,1260,3,126
2014-2015,1280,1280,0,128
2014-2015,1300,1300,0,130
2014-2015,1330,1330,0,133
2014-2015,1330,1330,1,133
2014-2015,1330,1330,0,133
2014-2015,1340,1340,24,134
2014-2015,1340,1340,0,134
2014-2015,1340,1340,0,134
2014-2015,1340,1340,0,134
2014-2015,1350,1350,1,135
2014-2015,1350,1350,0,135
2014-2015,1350,1350,2,135
2014-2015,1360,1360,2,136
2014-2015,1370,1370,1,137
2014-2015,1370,1370,0,137
2014-2015,1380,1380,2,138
2014-2015,1390,1390,0,139
2014-2015,1390,1390,0,139
2014-2015,1410,1410,0,141
2014-2015,1420,1420,0,142
2014-2015,1420,1420,0,142
2014-2015,1420,1420,4,142
2014-2015,1440,1440,0,144
2014-2015,1440,1440,1,144
2014-2015,1460,1460,1,146
2014-2015,1470,1470,0,147
2014-2015,1470,1470,3,147
2014-2015,1580,1580,0,158
2014-2015,1580,1580,4,158
2014-2015,1580,1580,0,158
2014-2015,2000,2000,12,200
2014-2015,2000,2000,1,200
2014-2015,2000,2000,7,200
2014-2015,2010,2010,0,201
2014-2015,2010,2010,0,201
2014-2015,2010,2010,0,201
2014-2015,2020,2020,0,202
2014-2015,2020,2020,0,202
2014-2015,2020,2020,0,202
2014-2015,2160,2160,9,216
2014-2015,2160,2160,0,216
2014-2015,2160,2160,0,216
2014-2015,2210,2210,2,221
2014-2015,2240,2240,0,224
2014-2015,2260,2260,2,226
2014-2015,2260,2260,3,226
2014-2015,2260,2260,0,226
2014-2015,2260,2260,1,226
2014-2015,2650,2650,0,265
2014-2015,2650,2650,0,265
2014-2015,2650,2650,1,265
2014-2015,2670,2670,0,267
2014-2015,2670,2670,0,267
2014-2015,2670,2670,0,267
2014-2015,2680,2680,0,268
2014-2015,2690,2690,0,269
2014-2015,2690,2690,0,269
2014-2015,4570,4570,0,457
2014-2015,4570,4570,1,457
2014-2015,2620,2620,1,262
2014-2015,2620,2620,1,262
2014-2015,2620,2620,4,262
2014-2015,2630,2630,0,263
2014-2015,2650,2650,1,265
2014-2015,2690,2690,0,269
2014-2015,2720,2720,1,272
2014-2015,2290,2290,0,229
2014-2015,2290,2290,0,229
2014-2015,2320,2320,3,232
2014-2015,2340,2340,0,234
2014-2015,2340,2340,0,234
2014-2015,2340,2340,0,234
2014-2015,2370,2370,0,237
2014-2015,2370,2370,0,237
2014-2015,2370,2370,0,237
2014-2015,2370,2370,2,237
2014-2015,2380,2380,0,238
2014-2015,2390,2390,2,239
2014-2015,2410,2410,1,241
2014-2015,2410,2410,0,241
2014-2015,2450,2450,0,245
2014-2015,2450,2450,2,245
2014-2015,2470,2470,0,247
2014-2015,2480,2480,0,248
2014-2015,2480,2480,0,248
2014-2015,2480,2480,0,248
2014-2015,2480,2480,0,248
2014-2015,2490,2490,0,249
2014-2015,2490,2490,1,249
2014-2015,2490,2490,0,249
2014-2015,2510,2510,0,251
2014-2015,2540,2540,0,254
2014-2015,2580,2580,0,258
2014-2015,2580,2580,0,258
2014-2015,2620,2620,0,262
2014-2015,2620,2620,0,262
2014-2015,2620,2620,0,262
2014-2015,2620,2620,0,262
2014-2015,2620,2620,0,262
2014-2015,2630,2630,0,263
2014-2015,2630,2630,0,263
2014-2015,2630,2630,1,263
2014-2015,2630,2630,0,263
2014-2015,2640,2640,1,264
2014-2015,2640,2640,0,264
2014-2015,2640,2640,0,264
2014-2015,2650,2650,0,265
2014-2015,2650,2650,0,265
2014-2015,2670,2670,1,267
2014-2015,2670,2670,1,267
2014-2015,2670,2670,0,267
2014-2015,2680,2680,0,268
2014-2015,2690,2690,0,269
2014-2015,2720,2720,0,272
2014-2015,2720,2720,0,272
2014-2015,5050,5050,0,505
2014-2015,5060,5060,0,506
2014-2015,5060,5060,3,506
2014-2015,5070,5070,0,507
2014-2015,5070,5070,0,507
2014-2015,5070,5070,1,507
2014-2015,5080,5080,0,508
2014-2015,5080,5080,0,508
2014-2015,5080,5080,2,508
2014-2015,5090,5090,0,509
2014-2015,5090,5090,1,509
2014-2015,5150,5150,6,515
2014-2015,5150,5150,0,515
2014-2015,5160,5160,0,516
2014-2015,5160,5160,29,516
2014-2015,5160,5160,5,516
2014-2015,5160,5160,4,516
2014-2015,5160,5160,0,516
2014-2015,5170,5170,1,517
2014-2015,5210,5210,0,521
2014-2015,5210,5210,1,521
2014-2015,5210,5210,0,521
2014-2015,5210,5210,0,521
2014-2015,5230,5230,0,523
2014-2015,5250,5250,0,525
2014-2015,5260,5260,2,526
2014-2015,5330,5330,0,533
2014-2015,5330,5330,0,533
2014-2015,5330,5330,1,533
2014-2015,5350,5350,2,535
2014-2015,5350,5350,1,535
2014-2015,5370,5370,0,537
2014-2015,5370,5370,1,537
2014-2015,5390,5390,0,539
2014-2015,5390,5390,0,539
2014-2015,5400,5400,0,540
2014-2015,5400,5400,0,540
2014-2015,5400,5400,0,540
2014-2015,5410,5410,0,541
2014-2015,5410,5410,0,541
2014-2015,5410,5410,0,541
2014-2015,5410,5410,1,541
2014-2015,5420,5420,0,542
2014-2015,5420,5420,0,542
2014-2015,5420,5420,0,542
2014-2015,5430,5430,2,543
2014-2015,5430,5430,0,543
2014-2015,5430,5430,1,543
2014-2015,5430,5430,0,543
2014-2015,5440,5440,1,544
2014-2015,5440,5440,0,544
2014-2015,5480,5480,1,548
2014-2015,5480,5480,0,548
2014-2015,5480,5480,0,548
2014-2015,5490,5490,0,549
2014-2015,5490,5490,0,549
2014-2015,5490,5490,0,549
2014-2015,5490,5490,4,549
2014-2015,5490,5490,0,549
2014-2015,5490,5490,2,549
2014-2015,5500,5500,0,550
2014-2015,5510,5510,0,551
2014-2015,5520,5520,16,552
2014-2015,5520,5520,2,552
2014-2015,5520,5520,4,552
2014-2015,5530,5530,0,553
2014-2015,5550,5550,1,555
2014-2015,5550,5550,0,555
2014-2015,5550,5550,0,555
2014-2015,5560,5560,0,556
2014-2015,5560,5560,0,556
2014-2015,5560,5560,0,556
2014-2015,5590,5590,5,559
2014-2015,5590,5590,0,559
2014-2015,5600,5600,2,560
2014-2015,5610,5610,1,561
2014-2015,5620,5620,2,562
2014-2015,5620,5620,0,562
2014-2015,5620,5620,0,562
2014-2015,5660,5660,0,566
2014-2015,5660,5660,0,566
2014-2015,5660,5660,0,566
2014-2015,5660,5660,1,566
2014-2015,5680,5680,7,568
2014-2015,6010,6010,0,601
2014-2015,6030,6030,10,603
2014-2015,6030,6030,0,603
2014-2015,6040,6040,3,604
2014-2015,6090,6090,0,609
2014-2015,6090,6090,0,609
2014-2015,6090,6090,0,609
2014-2015,6090,6090,2,609
2014-2015,6100,6100,0,610
2014-2015,6200,6200,0,620
2014-2015,6210,6210,0,621
2014-2015,6220,6220,0,622
2014-2015,6230,6230,0,623
2014-2015,6230,6230,0,623
2014-2015,6230,6230,0,623
2014-2015,6250,6250,0,625
2014-2015,6250,6250,2,625
2014-2015,6250,6250,1,625
2014-2015,6260,6260,0,626
2014-2015,6260,6260,1,626
2014-2015,6260,6260,0,626
2014-2015,6270,6270,1,627
2014-2015,6310,6310,9,631
2014-2015,4020,4020,1,402
2014-2015,4020,4020,3,402
2014-2015,4020,4020,7,402
2014-2015,4030,4030,0,403
2014-2015,4030,4030,1,403
2014-2015,4030,4030,0,403
2014-2015,6310,6310,1,631
2014-2015,8300,8300,1,830
2014-2015,8300,8300,0,830
2014-2015,8310,8310,1,831
2014-2015,8310,8310,2,831
2014-2015,8320,8320,0,832
2014-2015,8320,8320,0,832
2014-2015,8320,8320,1,832
2014-2015,8340,8340,3,834
2014-2015,8350,8350,2,835
2014-2015,8350,8350,3,835
2014-2015,8360,8360,0,836
2014-2015,8370,8370,5,837
2014-2015,8370,8370,0,837
2014-2015,8380,8380,0,838
2014-2015,8390,8390,1,839
2014-2015,8390,8390,0,839
2014-2015,8390,8390,0,839
2014-2015,8400,8400,1,840
2014-2015,8400,8400,1,840
2014-2015,8410,8410,24,841
2014-2015,8420,8420,0,842
2014-2015,8420,8420,0,842
2014-2015,8420,8420,0,842
2014-2015,8420,8420,0,842
2014-2015,8420,8420,0,842
2014-2015,8430,8430,0,843
2014-2015,8430,8430,0,843
2014-2015,8430,8430,0,843
2014-2015,8430,8430,0,843
2014-2015,8440,8440,0,844
2014-2015,8440,8440,0,844
2014-2015,8560,8560,0,856
2014-2015,8560,8560,0,856
2014-2015,4030,4030,0,403
2014-2015,4060,4060,0,406
2014-2015,4060,4060,0,406
2014-2015,4060,4060,2,406
2014-2015,4140,4140,13,414
2014-2015,4140,4140,4,414
2014-2015,4140,4140,1,414
2014-2015,4140,4140,6,414
2014-2015,4220,4220,6,422
2014-2015,4220,4220,0,422
2014-2015,4220,4220,27,422
2014-2015,4220,4220,0,422
2014-2015,4240,4240,10,424
2014-2015,4240,4240,3,424
2014-2015,4270,4270,3,427
2014-2015,4280,4280,0,428
2014-2015,4280,4280,1,428
2014-2015,4280,4280,0,428
2014-2015,4300,4300,0,430
2014-2015,4300,4300,19,430
2014-2015,4300,4300,0,430
2014-2015,4300,4300,3,430
2014-2015,4320,4320,0,432
2014-2015,4320,4320,7,432
2014-2015,4320,4320,1,432
2014-2015,4320,4320,0,432
2014-2015,4350,4350,0,435
2014-2015,4350,4350,22,435
2014-2015,4350,4350,0,435
2014-2015,4350,4350,6,435
2014-2015,4370,4370,0,437
2014-2015,4370,4370,1,437
2014-2015,4380,4380,1,438
2014-2015,4380,4380,1,438
2014-2015,4440,4440,0,444
2014-2015,4440,4440,5,444
2014-2015,4440,4440,0,444
2014-2015,4440,4440,4,444
2014-2015,4460,4460,0,446
2014-2015,4460,4460,1,446
2014-2015,4460,4460,1,446
2014-2015,4460,4460,0,446
2014-2015,4470,4470,2,447
2014-2015,4480,4480,0,448
2014-2015,4480,4480,1,448
2014-2015,4480,4480,0,448
2014-2015,4530,4530,0,453
2014-2015,4560,4560,0,456
2014-2015,4570,4570,0,457
2014-2015,4570,4570,0,457
2014-2015,4570,4570,0,457
2014-2015,5020,5020,1,502
2014-2015,5020,5020,0,502
2014-2015,5020,5020,1,502
2014-2015,5050,5050,2,505
2014-2015,5050,5050,0,505
2014-2015,5050,5050,0,505
2014-2015,5050,5050,0,505
2014-2015,5050,5050,0,505
2014-2015,5060,5060,0,506
2014-2015,5060,5060,0,506
2014-2015,5060,5060,2,506
2014-2015,5060,5060,3,506
2014-2015,5070,5070,0,507
2014-2015,5080,5080,3,508
2014-2015,5090,5090,0,509
2014-2015,5090,5090,0,509
2014-2015,5150,5150,0,515
2014-2015,5150,5150,0,515
2014-2015,5150,5150,1,515
2014-2015,5170,5170,8,517
2014-2015,5200,5200,1,520
2014-2015,5200,5200,0,520
2014-2015,5210,5210,0,521
2014-2015,5210,5210,0,521
2014-2015,5210,5210,0,521
2014-2015,5230,5230,0,523
2014-2015,5230,5230,1,523
2014-2015,5300,5300,0,530
2014-2015,5330,5330,0,533
2014-2015,5340,5340,0,534
2014-2015,5340,5340,2,534
2014-2015,5350,5350,1,535
2014-2015,5350,5350,2,535
2014-2015,5370,5370,0,537
2014-2015,5390,5390,1,539
2014-2015,5390,5390,0,539
2014-2015,5390,5390,0,539
2014-2015,5390,5390,4,539
2014-2015,5390,5390,2,539
2014-2015,5400,5400,0,540
2014-2015,5400,5400,10,540
2014-2015,5400,5400,0,540
2014-2015,5410,5410,0,541
2014-2015,5410,5410,0,541
2014-2015,5410,5410,0,541
2014-2015,5420,5420,0,542
2014-2015,5420,5420,3,542
2014-2015,5430,5430,0,543
2014-2015,5440,5440,1,544
2014-2015,5470,5470,2,547
2014-2015,5480,5480,0,548
2014-2015,5490,5490,5,549
2014-2015,5490,5490,0,549
2014-2015,5490,5490,0,549
2014-2015,5490,5490,0,549
2014-2015,5500,5500,0,550
2014-2015,5500,5500,0,550
2014-2015,5510,5510,1,551
2014-2015,5510,5510,0,551
2014-2015,5520,5520,0,552
2014-2015,5520,5520,3,552
2014-2015,5530,5530,0,553
2014-2015,5550,5550,1,555
2014-2015,5550,5550,3,555
2014-2015,5560,5560,0,556
2014-2015,5560,5560,0,556
2014-2015,4020,4020,0,402
2014-2015,4020,4020,1,402
2014-2015,4030,4030,0,403
2014-2015,4030,4030,0,403
2014-2015,4030,4030,2,403
2014-2015,4060,4060,6,406
2014-2015,4060,4060,2,406
2014-2015,4100,4100,0,410
2014-2015,4140,4140,1,414
2014-2015,4220,4220,0,422
2014-2015,4240,4240,1,424
2014-2015,4270,4270,3,427
2014-2015,4270,4270,0,427
2014-2015,4270,4270,11,427
2014-2015,4270,4270,0,427
2014-2015,4280,4280,2,428
2014-2015,4280,4280,2,428
2014-2015,4300,4300,1,430
2014-2015,4300,4300,0,430
2014-2015,4320,4320,6,432
2014-2015,4320,4320,0,432
2014-2015,4320,4320,0,432
2014-2015,4350,4350,0,435
2014-2015,4350,4350,0,435
2014-2015,4370,4370,0,437
2014-2015,4370,4370,0,437
2014-2015,4370,4370,0,437
2014-2015,4370,4370,0,437
2014-2015,4440,4440,9,444
2014-2015,4440,4440,0,444
2014-2015,4440,4440,1,444
2014-2015,4460,4460,0,446
2014-2015,4480,4480,1,448
2014-2015,4480,4480,0,448
2014-2015,4480,4480,0,448
2014-2015,4530,4530,0,453
2014-2015,4530,4530,0,453
2014-2015,4560,4560,2,456
2014-2015,4560,4560,0,456
2014-2015,4560,4560,1,456
2014-2015,4560,4560,0,456
2014-2015,4570,4570,0,457
2014-2015,4570,4570,0,457
2014-2015,5020,5020,1,502
2014-2015,6410,6410,0,641
2014-2015,6410,6410,0,641
2014-2015,6430,6430,0,643
2014-2015,6440,6440,1,644
2014-2015,6440,6440,0,644
2014-2015,6440,6440,1,644
2014-2015,6440,6440,0,644
2014-2015,6450,6450,0,645
2014-2015,6450,6450,1,645
2014-2015,6460,6460,1,646
2014-2015,6460,6460,0,646
2014-2015,6460,6460,1,646
2014-2015,6460,6460,0,646
2014-2015,6460,6460,1,646
2014-2015,6460,6460,1,646
2014-2015,6470,6470,0,647
2014-2015,6480,6480,0,648
2014-2015,6480,6480,3,648
2014-2015,6480,6480,0,648
2014-2015,6480,6480,0,648
2014-2015,6540,6540,0,654
2014-2015,7010,7010,1,701
2014-2015,7010,7010,0,701
2014-2015,7010,7010,3,701
2014-2015,7010,7010,6,701
2014-2015,7010,7010,5,701
2014-2015,7110,7110,0,711
2014-2015,7110,7110,8,711
2014-2015,7120,7120,1,712
2014-2015,7150,7150,0,715
2014-2015,7150,7150,0,715
2014-2015,7150,7150,0,715
2014-2015,7200,7200,0,720
2014-2015,7200,7200,0,720
2014-2015,7220,7220,4,722
2014-2015,7220,7220,2,722
2014-2015,7220,7220,1,722
2014-2015,7260,7260,0,726
2014-2015,7260,7260,0,726
2014-2015,7270,7270,0,727
2014-2015,7270,7270,0,727
2014-2015,7270,7270,0,727
2014-2015,7280,7280,0,728
2014-2015,7280,7280,0,728
2014-2015,7280,7280,2,728
2014-2015,7280,7280,3,728
2014-2015,7300,7300,0,730
2014-2015,7320,7320,0,732
2014-2015,7370,7370,0,737
2014-2015,7370,7370,4,737
2014-2015,7380,7380,12,738
2014-2015,7380,7380,0,738
2014-2015,7380,7380,0,738
2014-2015,7380,7380,1,738
2014-2015,7380,7380,0,738
2014-2015,7390,7390,0,739
2014-2015,7390,7390,0,739
2014-2015,7400,7400,0,740
2014-2015,7400,7400,0,740
2014-2015,7400,7400,3,740
2014-2015,7430,7430,0,743
2014-2015,7430,7430,0,743
2014-2015,7430,7430,0,743
2014-2015,7440,7440,0,744
2014-2015,7440,7440,0,744
2014-2015,7440,7440,1,744
2014-2015,7460,7460,2,746
2014-2015,7460,7460,0,746
2014-2015,7470,7470,0,747
2014-2015,7490,7490,0,749
2014-2015,7490,7490,0,749
2014-2015,7500,7500,0,750
2014-2015,7500,7500,0,750
2014-2015,7500,7500,0,750
2014-2015,7510,7510,0,751
2014-2015,7530,7530,0,753
2014-2015,7530,7530,0,753
2014-2015,7530,7530,0,753
2014-2015,7730,7730,0,773
2014-2015,7730,7730,2,773
2014-2015,8010,8010,2,801
2014-2015,8030,8030,6,803
2014-2015,8030,8030,1,803
2014-2015,8090,8090,3,809
2014-2015,8120,8120,0,812
2014-2015,8120,8120,0,812
2014-2015,8120,8120,23,812
2014-2015,8140,8140,0,814
2014-2015,8140,8140,5,814
2014-2015,8140,8140,1,814
2014-2015,8160,8160,0,816
2014-2015,8160,8160,0,816
2014-2015,8160,8160,1,816
2014-2015,8180,8180,0,818
2014-2015,8180,8180,1,818
2014-2015,8210,8210,0,821
2014-2015,8210,8210,0,821
2014-2015,8210,8210,0,821
2014-2015,8210,8210,0,821
2014-2015,8230,8230,0,823
2014-2015,8230,8230,0,823
2014-2015,8240,8240,0,824
2014-2015,8240,8240,0,824
2014-2015,8250,8250,0,825
2014-2015,8260,8260,0,826
2014-2015,8260,8260,0,826
2014-2015,8270,8270,1,827
2014-2015,8270,8270,0,827
2014-2015,8270,8270,0,827
2014-2015,8310,8310,0,831
2014-2015,8310,8310,0,831
2014-2015,8340,8340,0,834
2014-2015,8340,8340,1,834
2014-2015,8350,8350,1,835
2014-2015,8350,8350,0,835
2014-2015,8350,8350,1,835
2014-2015,8360,8360,0,836
2014-2015,8360,8360,0,836
2014-2015,1010,1010,1,101
2014-2015,1010,1010,4,101
2014-2015,1010,1010,0,101
2014-2015,1030,1030,0,103
2014-2015,1030,1030,4,103
2014-2015,1030,1030,2,103
2014-2015,1030,1030,0,103
2014-2015,1050,1050,0,105
2014-2015,1100,1100,0,110
2014-2015,1100,1100,4,110
2014-2015,1100,1100,1,110
2014-2015,1130,1130,0,113
2014-2015,1130,1130,8,113
2014-2015,1190,1190,0,119
2014-2015,1200,1200,0,120
2014-2015,1200,1200,3,120
2014-2015,1230,1230,0,123
2014-2015,1230,1230,6,123
2014-2015,1230,1230,1,123
2014-2015,1250,1250,0,125
2014-2015,1280,1280,0,128
2014-2015,1280,1280,0,128
2014-2015,1280,1280,1,128
2014-2015,1290,1290,0,129
2014-2015,1290,1290,0,129
2014-2015,2720,2720,0,272
2014-2015,2720,2720,0,272
2014-2015,2720,2720,0,272
2014-2015,2720,2720,0,272
2014-2015,2720,2720,0,272
2014-2015,2720,2720,0,272
2014-2015,1440,1440,1,144
2014-2015,2720,2720,0,272
2014-2015,4020,4020,0,402
2014-2015,4020,4020,0,402
2014-2015,4030,4030,0,403
2014-2015,4030,4030,0,403
2014-2015,4030,4030,0,403
2014-2015,4060,4060,1,406
2014-2015,4060,4060,3,406
2014-2015,4060,4060,0,406
2014-2015,4060,4060,5,406
2014-2015,4100,4100,1,410
2014-2015,4100,4100,3,410
2014-2015,4100,4100,0,410
2014-2015,4100,4100,1,410
2014-2015,4100,4100,0,410
2014-2015,4220,4220,0,422
2014-2015,4220,4220,0,422
2014-2015,4220,4220,0,422
2014-2015,4220,4220,0,422
2014-2015,4240,4240,0,424
2014-2015,4240,4240,0,424
2014-2015,4240,4240,0,424
2014-2015,4270,4270,0,427
2014-2015,4280,4280,0,428
2014-2015,4280,4280,0,428
2014-2015,4280,4280,0,428
2014-2015,4300,4300,0,430
2014-2015,4320,4320,1,432
2014-2015,4320,4320,1,432
2014-2015,4320,4320,1,432
2014-2015,4370,4370,0,437
2014-2015,4370,4370,0,437
2014-2015,4370,4370,1,437
2014-2015,4380,4380,0,438
2014-2015,4440,4440,0,444
2014-2015,4440,4440,1,444
2014-2015,4470,4470,3,447
2014-2015,4470,4470,0,447
2014-2015,4470,4470,0,447
2014-2015,4470,4470,1,447
2014-2015,4480,4480,0,448
2014-2015,4560,4560,0,456
2014-2015,4560,4560,0,456
2014-2015,4560,4560,0,456
2014-2015,4560,4560,0,456
2014-2015,4570,4570,3,457
2014-2015,4570,4570,0,457
2014-2015,4570,4570,2,457
2014-2015,4570,4570,1,457
2014-2015,5020,5020,31,502
2014-2015,5020,5020,3,502
2014-2015,5020,5020,3,502
2014-2015,5050,5050,0,505
2014-2015,5050,5050,2,505
2014-2015,5060,5060,2,506
2014-2015,5060,5060,3,506
2014-2015,5070,5070,2,507
2014-2015,5080,5080,0,508
2014-2015,5090,5090,0,509
2014-2015,5090,5090,0,509
2014-2015,5090,5090,0,509
2014-2015,5090,5090,0,509
2014-2015,5150,5150,0,515
2014-2015,5160,5160,0,516
2014-2015,5170,5170,2,517
2014-2015,5170,5170,1,517
2014-2015,6010,6010,0,601
2014-2015,6030,6030,0,603
2014-2015,6030,6030,0,603
2014-2015,6030,6030,6,603
2014-2015,6040,6040,0,604
2014-2015,6040,6040,0,604
2014-2015,6040,6040,0,604
2014-2015,6050,6050,2,605
2014-2015,6060,6060,1,606
2014-2015,6060,6060,0,606
2014-2015,6090,6090,4,609
2014-2015,6090,6090,1,609
2014-2015,6090,6090,0,609
2014-2015,6090,6090,0,609
2014-2015,6090,6090,2,609
2014-2015,6100,6100,0,610
2014-2015,6200,6200,0,620
2014-2015,6210,6210,0,621
2014-2015,6220,6220,0,622
2014-2015,6230,6230,1,623
2014-2015,6250,6250,0,625
2014-2015,6250,6250,0,625
2014-2015,6260,6260,0,626
2014-2015,6260,6260,1,626
2014-2015,6260,6260,1,626
2014-2015,6270,6270,0,627
2014-2015,6270,6270,6,627
2014-2015,6300,6300,0,630
2014-2015,6300,6300,0,630
2014-2015,6300,6300,0,630
2014-2015,6320,6320,0,632
2014-2015,6320,6320,0,632
2014-2015,6340,6340,4,634
2014-2015,6340,6340,0,634
2014-2015,6350,6350,0,635
2014-2015,6350,6350,2,635
2014-2015,6360,6360,0,636
2014-2015,6380,6380,0,638
2014-2015,6390,6390,3,639
2014-2015,6390,6390,0,639
2014-2015,6390,6390,2,639
2014-2015,6410,6410,0,641
2014-2015,6430,6430,0,643
2014-2015,6430,6430,0,643
2014-2015,6430,6430,0,643
2014-2015,6440,6440,1,644
2014-2015,6440,6440,6,644
2014-2015,6440,6440,2,644
2014-2015,6450,6450,0,645
2014-2015,6450,6450,0,645
2014-2015,6460,6460,0,646
2014-2015,6470,6470,0,647
2014-2015,6480,6480,1,648
2014-2015,6480,6480,0,648
2014-2015,6480,6480,0,648
2014-2015,6540,6540,0,654
2014-2015,6540,6540,0,654
2014-2015,6540,6540,0,654
2014-2015,6540,6540,0,654
2014-2015,6540,6540,0,654
2014-2015,7010,7010,1,701
2014-2015,7010,7010,0,701
2014-2015,7100,7100,0,710
2014-2015,7100,7100,8,710
2014-2015,7110,7110,1,711
2014-2015,7110,7110,5,711
2014-2015,7120,7120,3,712
2014-2015,7130,7130,10,713
2014-2015,7130,7130,0,713
2014-2015,7150,7150,0,715
2014-2015,7200,7200,7,720
2014-2015,7220,7220,0,722
2014-2015,7260,7260,0,726
2014-2015,7260,7260,0,726
2014-2015,7270,7270,5,727
2014-2015,7290,7290,0,729
2014-2015,7290,7290,19,729
2014-2015,7290,7290,1,729
2014-2015,7290,7290,1,729
2014-2015,7300,7300,0,730
2014-2015,7300,7300,0,730
2014-2015,7310,7310,0,731
2014-2015,7310,7310,0,731
2014-2015,7320,7320,0,732
2014-2015,7320,7320,0,732
2014-2015,7320,7320,0,732
2014-2015,7330,7330,0,733
2014-2015,7350,7350,2,735
2014-2015,7350,7350,0,735
2014-2015,7350,7350,0,735
2014-2015,7350,7350,0,735
2014-2015,7350,7350,0,735
2014-2015,7350,7350,1,735
2014-2015,7360,7360,1,736
2014-2015,7360,7360,1,736
2014-2015,7360,7360,0,736
2014-2015,7370,7370,0,737
2014-2015,7370,7370,1,737
2014-2015,7380,7380,0,738
2014-2015,7380,7380,1,738
2014-2015,7390,7390,0,739
2014-2015,7390,7390,0,739
2014-2015,7390,7390,1,739
2014-2015,7390,7390,2,739
2014-2015,7400,7400,1,740
2014-2015,7430,7430,0,743
2014-2015,7440,7440,0,744
2014-2015,7440,7440,0,744
2014-2015,7460,7460,0,746
2014-2015,7460,7460,0,746
2014-2015,7470,7470,2,747
2014-2015,7500,7500,0,750
2014-2015,7500,7500,1,750
2014-2015,7500,7500,0,750
2014-2015,7500,7500,1,750
2014-2015,7500,7500,0,750
2014-2015,7530,7530,0,753
2014-2015,7730,7730,22,773
2014-2015,7730,7730,1,773
2014-2015,7730,7730,1,773
2014-2015,8010,8010,4,801
2014-2015,8020,8020,0,802
2014-2015,8020,8020,0,802
2014-2015,8020,8020,0,802
2014-2015,8020,8020,2,802
2014-2015,8030,8030,0,803
2014-2015,8030,8030,1,803
2014-2015,8040,8040,0,804
2014-2015,1010,1010,1,101
2014-2015,1010,1010,10,101
2014-2015,1010,1010,6,101
2014-2015,1020,1020,10,102
2014-2015,1020,1020,1,102
2014-2015,1020,1020,0,102
2014-2015,1020,1020,0,102
2014-2015,1030,1030,0,103
2014-2015,1030,1030,7,103
2014-2015,1050,1050,0,105
2014-2015,1050,1050,0,105
2014-2015,1050,1050,0,105
2014-2015,1100,1100,3,110
2014-2015,1100,1100,0,110
2014-2015,1100,1100,8,110
2014-2015,1130,1130,12,113
2014-2015,1130,1130,0,113
2014-2015,1190,1190,0,119
2014-2015,1200,1200,0,120
2014-2015,1200,1200,0,120
2014-2015,1200,1200,24,120
2014-2015,1200,1200,0,120
2014-2015,1230,1230,30,123
2014-2015,1230,1230,2,123
2014-2015,1230,1230,0,123
2014-2015,1250,1250,0,125
2014-2015,1250,1250,0,125
2014-2015,1260,1260,1,126
2014-2015,1260,1260,0,126
2014-2015,1260,1260,0,126
2014-2015,1260,1260,0,126
2014-2015,1280,1280,0,128
2014-2015,1290,1290,0,129
2014-2015,1290,1290,0,129
2014-2015,1300,1300,6,130
2014-2015,1300,1300,0,130
2014-2015,1300,1300,3,130
2014-2015,1330,1330,17,133
2014-2015,1330,1330,0,133
2014-2015,5170,5170,0,517
2014-2015,5200,5200,0,520
2014-2015,5200,5200,0,520
2014-2015,5210,5210,0,521
2014-2015,5230,5230,9,523
2014-2015,5230,5230,0,523
2014-2015,5230,5230,0,523
2014-2015,5250,5250,6,525
2014-2015,5250,5250,0,525
2014-2015,5250,5250,0,525
2014-2015,5260,5260,1,526
2014-2015,5300,5300,2,530
2014-2015,5300,5300,0,530
2014-2015,5320,5320,0,532
2014-2015,5320,5320,12,532
2014-2015,5320,5320,1,532
2014-2015,5320,5320,0,532
2014-2015,5320,5320,2,532
2014-2015,5320,5320,2,532
2014-2015,5330,5330,0,533
2014-2015,5330,5330,0,533
2014-2015,5340,5340,1,534
2014-2015,5340,5340,0,534
2014-2015,5350,5350,0,535
2014-2015,5350,5350,0,535
2014-2015,5370,5370,1,537
2014-2015,5370,5370,0,537
2014-2015,5370,5370,0,537
2014-2015,5390,5390,0,539
2014-2015,5390,5390,0,539
2014-2015,5400,5400,1,540
2014-2015,5400,5400,1,540
2014-2015,5420,5420,0,542
2014-2015,5430,5430,0,543
2014-2015,5430,5430,0,543
2014-2015,5440,5440,3,544
2014-2015,5440,5440,1,544
2014-2015,5470,5470,0,547
2014-2015,5470,5470,0,547
2014-2015,5480,5480,0,548
2014-2015,5490,5490,0,549
2014-2015,5500,5500,3,550
2014-2015,5510,5510,0,551
2014-2015,5520,5520,0,552
2014-2015,5520,5520,0,552
2014-2015,5530,5530,0,553
2014-2015,5530,5530,0,553
2014-2015,5550,5550,1,555
2014-2015,5550,5550,0,555
2014-2015,5560,5560,0,556
2014-2015,5560,5560,0,556
2014-2015,5600,5600,0,560
2014-2015,5600,5600,0,560
2014-2015,5600,5600,1,560
2014-2015,5610,5610,0,561
2014-2015,5610,5610,1,561
2014-2015,5610,5610,0,561
2014-2015,5610,5610,0,561
2014-2015,5610,5610,0,561
2014-2015,5620,5620,0,562
2014-2015,5680,5680,6,568
2014-2015,5680,5680,1,568
2014-2015,5680,5680,0,568
2014-2015,6010,6010,0,601
2014-2015,6010,6010,7,601
2014-2015,6010,6010,0,601
2014-2015,6010,6010,6,601
2014-2015,6030,6030,5,603
2014-2015,6030,6030,1,603
2014-2015,6040,6040,0,604
2014-2015,6050,6050,0,605
2014-2015,6050,6050,0,605
2014-2015,6060,6060,4,606
2014-2015,6090,6090,8,609
2014-2015,6090,6090,0,609
2014-2015,6100,6100,0,610
2014-2015,6100,6100,6,610
2014-2015,6100,6100,0,610
2014-2015,6200,6200,2,620
2014-2015,6200,6200,0,620
2014-2015,6200,6200,0,620
2014-2015,6220,6220,0,622
2014-2015,6220,6220,5,622
2014-2015,6220,6220,0,622
2014-2015,6220,6220,1,622
2014-2015,6230,6230,1,623
2014-2015,6250,6250,0,625
2014-2015,6250,6250,0,625
2014-2015,6250,6250,0,625
2014-2015,6270,6270,0,627
2014-2015,6270,6270,0,627
2014-2015,6270,6270,3,627
2014-2015,6270,6270,0,627
2014-2015,6300,6300,0,630
2014-2015,6300,6300,0,630
2014-2015,6310,6310,0,631
2014-2015,6310,6310,0,631
2014-2015,6310,6310,0,631
2014-2015,6310,6310,0,631
2014-2015,6320,6320,0,632
2014-2015,6320,6320,0,632
2014-2015,6320,6320,0,632
2014-2015,6320,6320,0,632
2014-2015,6340,6340,0,634
2014-2015,6340,6340,0,634
2014-2015,6340,6340,0,634
2014-2015,6350,6350,0,635
2014-2015,6350,6350,0,635
2014-2015,6350,6350,1,635
2014-2015,6350,6350,1,635
2014-2015,6360,6360,1,636
2014-2015,6380,6380,0,638
2014-2015,6380,6380,0,638
2014-2015,6390,6390,0,639
2014-2015,6390,6390,0,639
2014-2015,6390,6390,0,639
2014-2015,8090,8090,10,809
2014-2015,8120,8120,12,812
2014-2015,8120,8120,2,812
2014-2015,8120,8120,4,812
2014-2015,8140,8140,0,814
2014-2015,8160,8160,0,816
2014-2015,8180,8180,0,818
2014-2015,8180,8180,2,818
2014-2015,8200,8200,1,820
2014-2015,8200,8200,3,820
2014-2015,8200,8200,0,820
2014-2015,8200,8200,1,820
2014-2015,8210,8210,0,821
2014-2015,8210,8210,0,821
2014-2015,8230,8230,0,823
2014-2015,8240,8240,0,824
2014-2015,8240,8240,0,824
2014-2015,8250,8250,0,825
2014-2015,8250,8250,0,825
2014-2015,8260,8260,0,826
2014-2015,8260,8260,0,826
2014-2015,8260,8260,0,826
2014-2015,8270,8270,0,827
2014-2015,8270,8270,3,827
2014-2015,8300,8300,1,830
2014-2015,8300,8300,4,830
2014-2015,8320,8320,2,832
2014-2015,8320,8320,8,832
2014-2015,8320,8320,0,832
2014-2015,8340,8340,0,834
2014-2015,8340,8340,1,834
2014-2015,8350,8350,0,835
2014-2015,8350,8350,1,835
2014-2015,8350,8350,0,835
2014-2015,8350,8350,0,835
2014-2015,8350,8350,2,835
2014-2015,8360,8360,0,836
2014-2015,8370,8370,0,837
2014-2015,8370,8370,1,837
2014-2015,8370,8370,1,837
2014-2015,8370,8370,0,837
2014-2015,8380,8380,0,838
2014-2015,8390,8390,2,839
2014-2015,8400,8400,0,840
2014-2015,8400,8400,0,840
2014-2015,8410,8410,0,841
2014-2015,8410,8410,0,841
2014-2015,8410,8410,1,841
2014-2015,8420,8420,3,842
2014-2015,8440,8440,0,844
2014-2015,8440,8440,0,844
2014-2015,8560,8560,0,856
2014-2015,1340,1340,0,134
2014-2015,1340,1340,0,134
2014-2015,1340,1340,5,134
2014-2015,1350,1350,0,135
2014-2015,1380,1380,0,138
2014-2015,1400,1400,0,140
2014-2015,1400,1400,0,140
2014-2015,1400,1400,2,140
2014-2015,1410,1410,14,141
2014-2015,1410,1410,1,141
2014-2015,1420,1420,0,142
2014-2015,1420,1420,8,142
2014-2015,1440,1440,7,144
2014-2015,1440,1440,0,144
2014-2015,1440,1440,1,144
2014-2015,1460,1460,0,146
2014-2015,1460,1460,0,146
2014-2015,1460,1460,0,146
2014-2015,1460,1460,0,146
2014-2015,1470,1470,0,147
2014-2015,1470,1470,0,147
2014-2015,1490,1490,18,149
2014-2015,1490,1490,1,149
2014-2015,1490,1490,0,149
2014-2015,1580,1580,0,158
2014-2015,2000,2000,2,200
2014-2015,2010,2010,2,201
2014-2015,2020,2020,0,202
2014-2015,2140,2140,1,214
2014-2015,2160,2160,2,216
2014-2015,2190,2190,1,219
2014-2015,2190,2190,0,219
2014-2015,2190,2190,0,219
2014-2015,2210,2210,0,221
2014-2015,2210,2210,2,221
2014-2015,2210,2210,4,221
2014-2015,2210,2210,0,221
2014-2015,2260,2260,0,226
2014-2015,2290,2290,0,229
2014-2015,2290,2290,0,229
2014-2015,2320,2320,0,232
2014-2015,2340,2340,0,234
2014-2015,2370,2370,19,237
2014-2015,2370,2370,2,237
2014-2015,2380,2380,0,238
2014-2015,2390,2390,28,239
2014-2015,2390,2390,0,239
2014-2015,2390,2390,1,239
2014-2015,2390,2390,1,239
2014-2015,2410,2410,0,241
2014-2015,2410,2410,0,241
2014-2015,2450,2450,1,245
2014-2015,2470,2470,0,247
2014-2015,2470,2470,0,247
2014-2015,2470,2470,1,247
2014-2015,2480,2480,5,248
2014-2015,2480,2480,0,248
2014-2015,2480,2480,0,248
2014-2015,2490,2490,0,249
2014-2015,2490,2490,1,249
2014-2015,2510,2510,0,251
2014-2015,2520,2520,0,252
2014-2015,2520,2520,0,252
2014-2015,2540,2540,0,254
2014-2015,2540,2540,0,254
2014-2015,2540,2540,0,254
2014-2015,2580,2580,0,258
2014-2015,2580,2580,0,258
2014-2015,2590,2590,0,259
2014-2015,2590,2590,0,259
2014-2015,2590,2590,0,259
2014-2015,2590,2590,0,259
2014-2015,2590,2590,1,259
2014-2015,2590,2590,0,259
2014-2015,2620,2620,0,262
2014-2015,2620,2620,2,262
2014-2015,2620,2620,0,262
2014-2015,2650,2650,0,265
2014-2015,2650,2650,0,265
2014-2015,2650,2650,0,265
2014-2015,2670,2670,1,267
2014-2015,2670,2670,0,267
2014-2015,2670,2670,0,267
2014-2015,2680,2680,0,268
2014-2015,2680,2680,0,268
2014-2015,2690,2690,0,269
2014-2015,2690,2690,0,269
2014-2015,2720,2720,0,272
2014-2015,2720,2720,0,272
2014-2015,2720,2720,0,272
2016-2017,1010,1010,18,101
2016-2017,1010,1010,21,101
2016-2017,1010,1010,2,101
2016-2017,1010,1010,1,101
2016-2017,1010,1010,2,101
2016-2017,1010,1010,2,101
2016-2017,1010,1010,1,101
2016-2017,1010,1010,2,101
2016-2017,1010,1010,6,101
2016-2017,1020,1020,9,102
2016-2017,1020,1020,1,102
2016-2017,1020,1020,11,102
2016-2017,1020,1020,3,102
2016-2017,1020,1020,1,102
2016-2017,1020,1020,1,102
2016-2017,1020,1020,1,102
2016-2017,1020,1020,1,102
2016-2017,1020,1020,3,102
2016-2017,1020,1020,7,102
2016-2017,1030,1030,9,103
2016-2017,1030,1030,10,103
2016-2017,1030,1030,1,103
2016-2017,1030,1030,1,103
2016-2017,1030,1030,1,103
2016-2017,1030,1030,1,103
2016-2017,1050,1050,1,105
2016-2017,1050,1050,1,105
2016-2017,1050,1050,1,105
2016-2017,1100,1100,22,110
2016-2017,1100,1100,1,110
2016-2017,1100,1100,24,110
2016-2017,1100,1100,15,110
2016-2017,1100,1100,1,110
2016-2017,1100,1100,2,110
2016-2017,1100,1100,2,110
2016-2017,1100,1100,8,110
2016-2017,1100,1100,1,110
2016-2017,1100,1100,10,110
2016-2017,1130,1130,9,113
2016-2017,1130,1130,6,113
2016-2017,1130,1130,2,113
2016-2017,1130,1130,1,113
2016-2017,1130,1130,1,113
2016-2017,1130,1130,2,113
2016-2017,1130,1130,2,113
2016-2017,1130,1130,1,113
2016-2017,1130,1130,1,113
2016-2017,1130,1130,6,113
2016-2017,1190,1190,5,119
2016-2017,1190,1190,1,119
2016-2017,1190,1190,9,119
2016-2017,1190,1190,1,119
2016-2017,1190,1190,1,119
2016-2017,1190,1190,4,119
2016-2017,1190,1190,2,119
2016-2017,1200,1200,12,120
2016-2017,1200,1200,24,120
2016-2017,1200,1200,2,120
2016-2017,1200,1200,2,120
2016-2017,1200,1200,2,120
2016-2017,1200,1200,1,120
2016-2017,1200,1200,1,120
2016-2017,1200,1200,9,120
2016-2017,1200,1200,1,120
2016-2017,1200,1200,3,120
2016-2017,1230,1230,4,123
2016-2017,1230,1230,1,123
2016-2017,1230,1230,21,123
2016-2017,1230,1230,1,123
2016-2017,1230,1230,1,123
2016-2017,1230,1230,3,123
2016-2017,1230,1230,1,123
2016-2017,1230,1230,11,123
2016-2017,1230,1230,1,123
2016-2017,1230,1230,2,123
2016-2017,1230,1230,3,123
2016-2017,1250,1250,1,125
2016-2017,1250,1250,6,125
2016-2017,1250,1250,1,125
2016-2017,1250,1250,2,125
2016-2017,1250,1250,1,125
2016-2017,1260,1260,9,126
2016-2017,1260,1260,13,126
2016-2017,1260,1260,3,126
2016-2017,1260,1260,2,126
2016-2017,1260,1260,1,126
2016-2017,1260,1260,2,126
2016-2017,1260,1260,7,126
2016-2017,1260,1260,1,126
2016-2017,1260,1260,1,126
2016-2017,1260,1260,2,126
2016-2017,1280,1280,1,128
2016-2017,1290,1290,15,129
2016-2017,1290,1290,5,129
2016-2017,1290,1290,1,129
2016-2017,1290,1290,1,129
2016-2017,1290,1290,1,129
2016-2017,1290,1290,3,129
2016-2017,1290,1290,7,129
2016-2017,1290,1290,2,129
2016-2017,1290,1290,4,129
2016-2017,1300,1300,12,130
2016-2017,1300,1300,21,130
2016-2017,1300,1300,1,130
2016-2017,1300,1300,1,130
2016-2017,1300,1300,3,130
2016-2017,1300,1300,1,130
2016-2017,1300,1300,7,130
2016-2017,1300,1300,3,130
2016-2017,1340,1340,2,134
2016-2017,1340,1340,34,134
2016-2017,1340,1340,1,134
2016-2017,1340,1340,1,134
2016-2017,1340,1340,2,134
2016-2017,1340,1340,2,134
2016-2017,1340,1340,1,134
2016-2017,1340,1340,3,134
2016-2017,1340,1340,2,134
2016-2017,1350,1350,8,135
2016-2017,1350,1350,4,135
2016-2017,1350,1350,2,135
2016-2017,1350,1350,1,135
2016-2017,1350,1350,2,135
2016-2017,1350,1350,1,135
2016-2017,1350,1350,4,135
2016-2017,1350,1350,1,135
2016-2017,1360,1360,5,136
2016-2017,1360,1360,6,136
2016-2017,1360,1360,1,136
2016-2017,1360,1360,1,136
2016-2017,1360,1360,1,136
2016-2017,1360,1360,1,136
2016-2017,1360,1360,2,136
2016-2017,1360,1360,1,136
2016-2017,1360,1360,3,136
2016-2017,1360,1360,1,136
2016-2017,1370,1370,6,137
2016-2017,1370,1370,1,137
2016-2017,1370,1370,24,137
2016-2017,1370,1370,2,137
2016-2017,1370,1370,1,137
2016-2017,1370,1370,1,137
2016-2017,1370,1370,1,137
2016-2017,1370,1370,9,137
2016-2017,1370,1370,2,137
2016-2017,1370,1370,6,137
2016-2017,1380,1380,1,138
2016-2017,1380,1380,5,138
2016-2017,1380,1380,2,138
2016-2017,1380,1380,1,138
2016-2017,1380,1380,2,138
2016-2017,1390,1390,1,139
2016-2017,1400,1400,2,140
2016-2017,1400,1400,1,140
2016-2017,1400,1400,1,140
2016-2017,1410,1410,2,141
2016-2017,1410,1410,19,141
2016-2017,1410,1410,1,141
2016-2017,1410,1410,1,141
2016-2017,1410,1410,2,141
2016-2017,1410,1410,1,141
2016-2017,1410,1410,1,141
2016-2017,1410,1410,7,141
2016-2017,1410,1410,1,141
2016-2017,1410,1410,2,141
2016-2017,1420,1420,6,142
2016-2017,1420,1420,15,142
2016-2017,1420,1420,1,142
2016-2017,1420,1420,1,142
2016-2017,1420,1420,1,142
2016-2017,1420,1420,2,142
2016-2017,1420,1420,1,142
2016-2017,1420,1420,6,142
2016-2017,1420,1420,1,142
2016-2017,1440,1440,5,144
2016-2017,1440,1440,11,144
2016-2017,1440,1440,2,144
2016-2017,1440,1440,1,144
2016-2017,1440,1440,2,144
2016-2017,1460,1460,6,146
2016-2017,1460,1460,1,146
2016-2017,1460,1460,13,146
2016-2017,1460,1460,2,146
2016-2017,1460,1460,1,146
2016-2017,1460,1460,2,146
2016-2017,1470,1470,10,147
2016-2017,1470,1470,1,147
2016-2017,1470,1470,18,147
2016-2017,1470,1470,1,147
2016-2017,1470,1470,1,147
2016-2017,1470,1470,1,147
2016-2017,1470,1470,1,147
2016-2017,1490,1490,3,149
2016-2017,1490,1490,10,149
2016-2017,1490,1490,1,149
2016-2017,1490,1490,1,149
2016-2017,1490,1490,1,149
2016-2017,1490,1490,1,149
2016-2017,1490,1490,2,149
2016-2017,1490,1490,1,149
2016-2017,1580,1580,3,158
2016-2017,1580,1580,4,158
2016-2017,1580,1580,1,158
2016-2017,1580,1580,1,158
2016-2017,1580,1580,1,158
2016-2017,1580,1580,1,158
2016-2017,1580,1580,1,158
2016-2017,1580,1580,1,158
2016-2017,2000,2000,5,200
2016-2017,2000,2000,12,200
2016-2017,2000,2000,8,200
2016-2017,2000,2000,2,200
2016-2017,2000,2000,4,200
2016-2017,2010,2010,25,201
2016-2017,2010,2010,1,201
2016-2017,2010,2010,34,201
2016-2017,2010,2010,6,201
2016-2017,2010,2010,3,201
2016-2017,2010,2010,2,201
2016-2017,2010,2010,1,201
2016-2017,2010,2010,1,201
2016-2017,2010,2010,2,201
2016-2017,2010,2010,4,201
2016-2017,2010,2010,10,201
2016-2017,2010,2010,4,201
2016-2017,2010,2010,7,201
2016-2017,2010,2010,13,201
2016-2017,2020,2020,1,202
2016-2017,2020,2020,1,202
2016-2017,2020,2020,1,202
2016-2017,2020,2020,1,202
2016-2017,2020,2020,1,202
2016-2017,2020,2020,3,202
2016-2017,2050,2050,1,205
2016-2017,2050,2050,4,205
2016-2017,2140,2140,1,214
2016-2017,2140,2140,2,214
2016-2017,2140,2140,4,214
2016-2017,2140,2140,1,214
2016-2017,2140,2140,2,214
2016-2017,2140,2140,1,214
2016-2017,2160,2160,7,216
2016-2017,2160,2160,1,216
2016-2017,2160,2160,9,216
2016-2017,2160,2160,5,216
2016-2017,2160,2160,2,216
2016-2017,2160,2160,5,216
2016-2017,2160,2160,4,216
2016-2017,2160,2160,1,216
2016-2017,2190,2190,1,219
2016-2017,2190,2190,7,219
2016-2017,2190,2190,1,219
2016-2017,2190,2190,1,219
2016-2017,2190,2190,2,219
2016-2017,2190,2190,1,219
2016-2017,2190,2190,1,219
2016-2017,2210,2210,6,221
2016-2017,2210,2210,1,221
2016-2017,2210,2210,8,221
2016-2017,2210,2210,2,221
2016-2017,2210,2210,1,221
2016-2017,2240,2240,2,224
2016-2017,2240,2240,9,224
2016-2017,2240,2240,1,224
2016-2017,2240,2240,1,224
2016-2017,2240,2240,2,224
2016-2017,2260,2260,4,226
2016-2017,2260,2260,1,226
2016-2017,2260,2260,13,226
2016-2017,2260,2260,2,226
2016-2017,2260,2260,2,226
2016-2017,2260,2260,2,226
2016-2017,2260,2260,2,226
2016-2017,2260,2260,2,226
2016-2017,2290,2290,1,229
2016-2017,2290,2290,3,229
2016-2017,2290,2290,1,229
2016-2017,2290,2290,1,229
2016-2017,2290,2290,1,229
2016-2017,2310,2310,1,231
2016-2017,2310,2310,1,231
2016-2017,2320,2320,1,232
2016-2017,2320,2320,57,232
2016-2017,2340,2340,1,234
2016-2017,2340,2340,1,234
2016-2017,2340,2340,1,234
2016-2017,2370,2370,5,237
2016-2017,2370,2370,20,237
2016-2017,2370,2370,1,237
2016-2017,2370,2370,1,237
2016-2017,2370,2370,2,237
2016-2017,2370,2370,6,237
2016-2017,2370,2370,3,237
2016-2017,2380,2380,3,238
2016-2017,2380,2380,1,238
2016-2017,2390,2390,1,239
2016-2017,2390,2390,6,239
2016-2017,2390,2390,1,239
2016-2017,2390,2390,3,239
2016-2017,2390,2390,1,239
2016-2017,2390,2390,2,239
2016-2017,2410,2410,1,241
2016-2017,2410,2410,1,241
2016-2017,2410,2410,1,241
2016-2017,2450,2450,3,245
2016-2017,2450,2450,5,245
2016-2017,2450,2450,1,245
2016-2017,2450,2450,3,245
2016-2017,2470,2470,1,247
2016-2017,2470,2470,1,247
2016-2017,2480,2480,10,248
2016-2017,2480,2480,1,248
2016-2017,2480,2480,1,248
2016-2017,2490,2490,2,249
2016-2017,2490,2490,6,249
2016-2017,2490,2490,1,249
2016-2017,2510,2510,11,251
2016-2017,2510,2510,3,251
2016-2017,2510,2510,1,251
2016-2017,2510,2510,1,251
2016-2017,2510,2510,1,251
2016-2017,2520,2520,1,252
2016-2017,2540,2540,2,254
2016-2017,2580,2580,1,258
2016-2017,2580,2580,3,258
2016-2017,2580,2580,1,258
2016-2017,2580,2580,2,258
2016-2017,2580,2580,1,258
2016-2017,2580,2580,1,258
2016-2017,2590,2590,1,259
2016-2017,2590,2590,2,259
2016-2017,2590,2590,1,259
2016-2017,2620,2620,2,262
2016-2017,2620,2620,1,262
2016-2017,2620,2620,1,262
2016-2017,2620,2620,1,262
2016-2017,2620,2620,1,262
2016-2017,2620,2620,1,262
2016-2017,2620,2620,1,262
2016-2017,2630,2630,6,263
2016-2017,2630,2630,17,263
2016-2017,2630,2630,2,263
2016-2017,2630,2630,2,263
2016-2017,2630,2630,6,263
2016-2017,2630,2630,1,263
2016-2017,2640,2640,7,264
2016-2017,2640,2640,1,264
2016-2017,2640,2640,26,264
2016-2017,2640,2640,3,264
2016-2017,2640,2640,3,264
2016-2017,2640,2640,1,264
2016-2017,2640,2640,2,264
2016-2017,2650,2650,5,265
2016-2017,2650,2650,1,265
2016-2017,2650,2650,1,265
2016-2017,2650,2650,2,265
2016-2017,2670,2670,2,267
2016-2017,2670,2670,7,267
2016-2017,2670,2670,1,267
2016-2017,2670,2670,2,267
2016-2017,2670,2670,1,267
2016-2017,2680,2680,1,268
2016-2017,2680,2680,1,268
2016-2017,2680,2680,1,268
2016-2017,2680,2680,1,268
2016-2017,2690,2690,1,269
2016-2017,2690,2690,1,269
2016-2017,2720,2720,1,272
2016-2017,2720,2720,3,272
2016-2017,2720,2720,2,272
2016-2017,2720,2720,1,272
2016-2017,3190,3190,2,319
2016-2017,3190,3190,4,319
2016-2017,3190,3190,1,319
2016-2017,3190,3190,1,319
2016-2017,3190,3190,1,319
2016-2017,3190,3190,3,319
2016-2017,3190,3190,3,319
2016-2017,3200,3200,2,320
2016-2017,3210,3210,1,321
2016-2017,3210,3210,4,321
2016-2017,3820,3820,2,382
2016-2017,3820,3820,1,382
2016-2017,3820,3820,4,382
2016-2017,3820,3820,1,382
2016-2017,3820,3820,1,382
2016-2017,3820,3820,1,382
2016-2017,4020,4020,16,402
2016-2017,4020,4020,6,402
2016-2017,4020,4020,6,402
2016-2017,4020,4020,4,402
2016-2017,4020,4020,1,402
2016-2017,4020,4020,1,402
2016-2017,4020,4020,1,402
2016-2017,4020,4020,1,402
2016-2017,4020,4020,2,402
2016-2017,4020,4020,1,402
2016-2017,4020,4020,11,402
2016-2017,4030,4030,1,403
2016-2017,4030,4030,1,403
2016-2017,4030,4030,2,403
2016-2017,4030,4030,1,403
2016-2017,4060,4060,11,406
2016-2017,4060,4060,13,406
2016-2017,4060,4060,2,406
2016-2017,4060,4060,1,406
2016-2017,4060,4060,2,406
2016-2017,4060,4060,2,406
2016-2017,4060,4060,3,406
2016-2017,4060,4060,5,406
2016-2017,4060,4060,1,406
2016-2017,4060,4060,6,406
2016-2017,4060,4060,2,406
2016-2017,4100,4100,3,410
2016-2017,4100,4100,3,410
2016-2017,4100,4100,1,410
2016-2017,4100,4100,1,410
2016-2017,4100,4100,1,410
2016-2017,4140,4140,6,414
2016-2017,4140,4140,10,414
2016-2017,4140,4140,1,414
2016-2017,4140,4140,1,414
2016-2017,4140,4140,1,414
2016-2017,4140,4140,1,414
2016-2017,4140,4140,1,414
2016-2017,4140,4140,1,414
2016-2017,4140,4140,3,414
2016-2017,4140,4140,1,414
2016-2017,4140,4140,6,414
2016-2017,4220,4220,4,422
2016-2017,4220,4220,12,422
2016-2017,4220,4220,2,422
2016-2017,4220,4220,1,422
2016-2017,4220,4220,1,422
2016-2017,4220,4220,1,422
2016-2017,4220,4220,3,422
2016-2017,4220,4220,6,422
2016-2017,4240,4240,8,424
2016-2017,4240,4240,39,424
2016-2017,4240,4240,1,424
2016-2017,4240,4240,2,424
2016-2017,4240,4240,2,424
2016-2017,4240,4240,1,424
2016-2017,4240,4240,2,424
2016-2017,4240,4240,4,424
2016-2017,4240,4240,4,424
2016-2017,4270,4270,1,427
2016-2017,4270,4270,13,427
2016-2017,4270,4270,3,427
2016-2017,4270,4270,1,427
2016-2017,4280,4280,3,428
2016-2017,4280,4280,23,428
2016-2017,4280,4280,1,428
2016-2017,4280,4280,1,428
2016-2017,4280,4280,1,428
2016-2017,4280,4280,2,428
2016-2017,4280,4280,1,428
2016-2017,4280,4280,1,428
2016-2017,4300,4300,4,430
2016-2017,4300,4300,1,430
2016-2017,4300,4300,32,430
2016-2017,4300,4300,1,430
2016-2017,4300,4300,3,430
2016-2017,4300,4300,6,430
2016-2017,4300,4300,4,430
2016-2017,4300,4300,3,430
2016-2017,4320,4320,6,432
2016-2017,4320,4320,19,432
2016-2017,4320,4320,1,432
2016-2017,4320,4320,3,432
2016-2017,4320,4320,2,432
2016-2017,4320,4320,1,432
2016-2017,4320,4320,2,432
2016-2017,4320,4320,1,432
2016-2017,4320,4320,3,432
2016-2017,4350,4350,7,435
2016-2017,4350,4350,1,435
2016-2017,4350,4350,42,435
2016-2017,4350,4350,1,435
2016-2017,4350,4350,2,435
2016-2017,4350,4350,1,435
2016-2017,4350,4350,1,435
2016-2017,4350,4350,14,435
2016-2017,4350,4350,2,435
2016-2017,4350,4350,6,435
2016-2017,4350,4350,1,435
2016-2017,4360,4360,10,436
2016-2017,4360,4360,20,436
2016-2017,4360,4360,1,436
2016-2017,4360,4360,3,436
2016-2017,4360,4360,4,436
2016-2017,4360,4360,4,436
2016-2017,4360,4360,1,436
2016-2017,4370,4370,2,437
2016-2017,4370,4370,1,437
2016-2017,4370,4370,1,437
2016-2017,4370,4370,1,437
2016-2017,4380,4380,1,438
2016-2017,4440,4440,5,444
2016-2017,4440,4440,15,444
2016-2017,4440,4440,3,444
2016-2017,4440,4440,3,444
2016-2017,4440,4440,2,444
2016-2017,4440,4440,6,444
2016-2017,4440,4440,6,444
2016-2017,4440,4440,4,444
2016-2017,4460,4460,8,446
2016-2017,4460,4460,18,446
2016-2017,4460,4460,3,446
2016-2017,4460,4460,1,446
2016-2017,4460,4460,1,446
2016-2017,4460,4460,3,446
2016-2017,4460,4460,5,446
2016-2017,4460,4460,2,446
2016-2017,4460,4460,4,446
2016-2017,4470,4470,1,447
2016-2017,4470,4470,12,447
2016-2017,4470,4470,1,447
2016-2017,4470,4470,1,447
2016-2017,4470,4470,1,447
2016-2017,4470,4470,3,447
2016-2017,4480,4480,1,448
2016-2017,4480,4480,2,448
2016-2017,4530,4530,4,453
2016-2017,4530,4530,1,453
2016-2017,4530,4530,1,453
2016-2017,4530,4530,1,453
2016-2017,4530,4530,6,453
2016-2017,4530,4530,3,453
2016-2017,4560,4560,3,456
2016-2017,4560,4560,5,456
2016-2017,4560,4560,1,456
2016-2017,4560,4560,1,456
2016-2017,4560,4560,1,456
2016-2017,4570,4570,6,457
2016-2017,4570,4570,19,457
2016-2017,4570,4570,2,457
2016-2017,4570,4570,2,457
2016-2017,4570,4570,17,457
2016-2017,4570,4570,1,457
2016-2017,5020,5020,46,502
2016-2017,5020,5020,49,502
2016-2017,5020,5020,10,502
2016-2017,5020,5020,1,502
2016-2017,5020,5020,3,502
2016-2017,5020,5020,1,502
2016-2017,5020,5020,3,502
2016-2017,5020,5020,1,502
2016-2017,5020,5020,11,502
2016-2017,5020,5020,11,502
2016-2017,5020,5020,12,502
2016-2017,5020,5020,12,502
2016-2017,5050,5050,3,505
2016-2017,5050,5050,4,505
2016-2017,5050,5050,1,505
2016-2017,5050,5050,1,505
2016-2017,5050,5050,1,505
2016-2017,5060,5060,8,506
2016-2017,5060,5060,16,506
2016-2017,5060,5060,6,506
2016-2017,5060,5060,3,506
2016-2017,5060,5060,2,506
2016-2017,5060,5060,2,506
2016-2017,5060,5060,1,506
2016-2017,5060,5060,2,506
2016-2017,5060,5060,1,506
2016-2017,5060,5060,19,506
2016-2017,5060,5060,3,506
2016-2017,5070,5070,1,507
2016-2017,5070,5070,9,507
2016-2017,5070,5070,3,507
2016-2017,5070,5070,2,507
2016-2017,5070,5070,1,507
2016-2017,5070,5070,1,507
2016-2017,5070,5070,4,507
2016-2017,5070,5070,2,507
2016-2017,5080,5080,1,508
2016-2017,5080,5080,4,508
2016-2017,5080,5080,1,508
2016-2017,5090,5090,2,509
2016-2017,5090,5090,3,509
2016-2017,5090,5090,2,509
2016-2017,5090,5090,1,509
2016-2017,5150,5150,1,515
2016-2017,5150,5150,5,515
2016-2017,5150,5150,1,515
2016-2017,5150,5150,1,515
2016-2017,5150,5150,2,515
2016-2017,5150,5150,3,515
2016-2017,5150,5150,1,515
2016-2017,5160,5160,18,516
2016-2017,5160,5160,11,516
2016-2017,5160,5160,4,516
2016-2017,5160,5160,1,516
2016-2017,5160,5160,2,516
2016-2017,5160,5160,3,516
2016-2017,5160,5160,1,516
2016-2017,5160,5160,1,516
2016-2017,5160,5160,6,516
2016-2017,5160,5160,7,516
2016-2017,5170,5170,3,517
2016-2017,5170,5170,5,517
2016-2017,5170,5170,2,517
2016-2017,5170,5170,1,517
2016-2017,5170,5170,4,517
2016-2017,5170,5170,3,517
2016-2017,5170,5170,3,517
2016-2017,5200,5200,1,520
2016-2017,5200,5200,1,520
2016-2017,5210,5210,4,521
2016-2017,5210,5210,3,521
2016-2017,5210,5210,1,521
2016-2017,5210,5210,1,521
2016-2017,5210,5210,2,521
2016-2017,5210,5210,4,521
2016-2017,5230,5230,2,523
2016-2017,5230,5230,1,523
2016-2017,5230,5230,7,523
2016-2017,5230,5230,2,523
2016-2017,5230,5230,1,523
2016-2017,5230,5230,2,523
2016-2017,5230,5230,4,523
2016-2017,5250,5250,1,525
2016-2017,5250,5250,1,525
2016-2017,5250,5250,18,525
2016-2017,5250,5250,1,525
2016-2017,5250,5250,4,525
2016-2017,5250,5250,1,525
2016-2017,5250,5250,4,525
2016-2017,5260,5260,2,526
2016-2017,5260,5260,30,526
2016-2017,5260,5260,2,526
2016-2017,5260,5260,1,526
2016-2017,5260,5260,2,526
2016-2017,5260,5260,1,526
2016-2017,5260,5260,4,526
2016-2017,5260,5260,1,526
2016-2017,5260,5260,1,526
2016-2017,5300,5300,7,530
2016-2017,5300,5300,1,530
2016-2017,5320,5320,3,532
2016-2017,5320,5320,4,532
2016-2017,5320,5320,1,532
2016-2017,5320,5320,1,532
2016-2017,5320,5320,4,532
2016-2017,5320,5320,1,532
2016-2017,5320,5320,2,532
2016-2017,5330,5330,1,533
2016-2017,5330,5330,1,533
2016-2017,5330,5330,6,533
2016-2017,5330,5330,2,533
2016-2017,5330,5330,1,533
2016-2017,5330,5330,1,533
2016-2017,5330,5330,2,533
2016-2017,5330,5330,7,533
2016-2017,5330,5330,1,533
2016-2017,5340,5340,4,534
2016-2017,5340,5340,9,534
2016-2017,5340,5340,1,534
2016-2017,5340,5340,1,534
2016-2017,5350,5350,3,535
2016-2017,5350,5350,13,535
2016-2017,5350,5350,1,535
2016-2017,5350,5350,1,535
2016-2017,5350,5350,6,535
2016-2017,5350,5350,1,535
2016-2017,5370,5370,1,537
2016-2017,5370,5370,7,537
2016-2017,5370,5370,1,537
2016-2017,5370,5370,2,537
2016-2017,5370,5370,1,537
2016-2017,5390,5390,3,539
2016-2017,5390,5390,1,539
2016-2017,5390,5390,1,539
2016-2017,5390,5390,3,539
2016-2017,5390,5390,1,539
2016-2017,5390,5390,3,539
2016-2017,5390,5390,2,539
2016-2017,5390,5390,1,539
2016-2017,5400,5400,1,540
2016-2017,5400,5400,13,540
2016-2017,5400,5400,1,540
2016-2017,5400,5400,1,540
2016-2017,5400,5400,1,540
2016-2017,5400,5400,3,540
2016-2017,5410,5410,4,541
2016-2017,5410,5410,1,541
2016-2017,5410,5410,1,541
2016-2017,5410,5410,2,541
2016-2017,5420,5420,10,542
2016-2017,5420,5420,1,542
2016-2017,5420,5420,1,542
2016-2017,5420,5420,1,542
2016-2017,5420,5420,1,542
2016-2017,5420,5420,2,542
2016-2017,5420,5420,2,542
2016-2017,5430,5430,1,543
2016-2017,5430,5430,10,543
2016-2017,5430,5430,1,543
2016-2017,5430,5430,2,543
2016-2017,5430,5430,3,543
2016-2017,5440,5440,12,544
2016-2017,5440,5440,2,544
2016-2017,5440,5440,6,544
2016-2017,5470,5470,1,547
2016-2017,5470,5470,3,547
2016-2017,5470,5470,1,547
2016-2017,5470,5470,1,547
2016-2017,5480,5480,1,548
2016-2017,5480,5480,1,548
2016-2017,5480,5480,9,548
2016-2017,5480,5480,1,548
2016-2017,5480,5480,1,548
2016-2017,5480,5480,3,548
2016-2017,5480,5480,1,548
2016-2017,5490,5490,1,549
2016-2017,5490,5490,3,549
2016-2017,5490,5490,1,549
2016-2017,5490,5490,2,549
2016-2017,5500,5500,3,550
2016-2017,5500,5500,1,550
2016-2017,5500,5500,1,550
2016-2017,5500,5500,2,550
2016-2017,5500,5500,1,550
2016-2017,5500,5500,1,550
2016-2017,5520,5520,7,552
2016-2017,5520,5520,12,552
2016-2017,5520,5520,1,552
2016-2017,5520,5520,2,552
2016-2017,5520,5520,2,552
2016-2017,5520,5520,1,552
2016-2017,5530,5530,1,553
2016-2017,5530,5530,18,553
2016-2017,5530,5530,1,553
2016-2017,5530,5530,3,553
2016-2017,5530,5530,2,553
2016-2017,5530,5530,13,553
2016-2017,5550,5550,7,555
2016-2017,5550,5550,1,555
2016-2017,5550,5550,2,555
2016-2017,5550,5550,1,555
2016-2017,5550,5550,3,555
2016-2017,5550,5550,1,555
2016-2017,5560,5560,1,556
2016-2017,5560,5560,3,556
2016-2017,5560,5560,1,556
2016-2017,5590,5590,4,559
2016-2017,5590,5590,16,559
2016-2017,5590,5590,1,559
2016-2017,5590,5590,1,559
2016-2017,5590,5590,1,559
2016-2017,5610,5610,8,561
2016-2017,5610,5610,10,561
2016-2017,5610,5610,3,561
2016-2017,5610,5610,3,561
2016-2017,5610,5610,1,561
2016-2017,5610,5610,2,561
2016-2017,5610,5610,1,561
2016-2017,5610,5610,4,561
2016-2017,5620,5620,9,562
2016-2017,5620,5620,8,562
2016-2017,5620,5620,1,562
2016-2017,5620,5620,1,562
2016-2017,5620,5620,1,562
2016-2017,5620,5620,1,562
2016-2017,5620,5620,5,562
2016-2017,5620,5620,4,562
2016-2017,5620,5620,4,562
2016-2017,5660,5660,1,566
2016-2017,5660,5660,1,566
2016-2017,5660,5660,2,566
2016-2017,5660,5660,2,566
2016-2017,5660,5660,2,566
2016-2017,5660,5660,1,566
2016-2017,5660,5660,3,566
2016-2017,5680,5680,3,568
2016-2017,5680,5680,1,568
2016-2017,5680,5680,3,568
2016-2017,5680,5680,1,568
2016-2017,5680,5680,6,568
2016-2017,5700,5700,7,570
2016-2017,5700,5700,9,570
2016-2017,5700,5700,3,570
2016-2017,5700,5700,7,570
2016-2017,5700,5700,3,570
2016-2017,5700,5700,4,570
2016-2017,6010,6010,1,601
2016-2017,6010,6010,7,601
2016-2017,6010,6010,2,601
2016-2017,6010,6010,1,601
2016-2017,6010,6010,1,601
2016-2017,6010,6010,1,601
2016-2017,6010,6010,5,601
2016-2017,6010,6010,3,601
2016-2017,6010,6010,1,601
2016-2017,6030,6030,12,603
2016-2017,6030,6030,1,603
2016-2017,6030,6030,9,603
2016-2017,6030,6030,17,603
2016-2017,6030,6030,3,603
2016-2017,6030,6030,1,603
2016-2017,6030,6030,2,603
2016-2017,6030,6030,2,603
2016-2017,6030,6030,1,603
2016-2017,6030,6030,4,603
2016-2017,6030,6030,5,603
2016-2017,6030,6030,6,603
2016-2017,6040,6040,2,604
2016-2017,6040,6040,1,604
2016-2017,6040,6040,1,604
2016-2017,6040,6040,2,604
2016-2017,6040,6040,2,604
2016-2017,6050,6050,2,605
2016-2017,6050,6050,4,605
2016-2017,6050,6050,2,605
2016-2017,6050,6050,2,605
2016-2017,6060,6060,16,606
2016-2017,6060,6060,2,606
2016-2017,6060,6060,31,606
2016-2017,6060,6060,13,606
2016-2017,6060,6060,4,606
2016-2017,6060,6060,1,606
2016-2017,6060,6060,2,606
2016-2017,6060,6060,1,606
2016-2017,6060,6060,1,606
2016-2017,6060,6060,1,606
2016-2017,6060,6060,4,606
2016-2017,6060,6060,6,606
2016-2017,6060,6060,6,606
2016-2017,6090,6090,11,609
2016-2017,6090,6090,11,609
2016-2017,6090,6090,3,609
2016-2017,6090,6090,2,609
2016-2017,6090,6090,1,609
2016-2017,6090,6090,5,609
2016-2017,6090,6090,2,609
2016-2017,6090,6090,2,609
2016-2017,6090,6090,4,609
2016-2017,6200,6200,1,620
2016-2017,6200,6200,7,620
2016-2017,6200,6200,1,620
2016-2017,6200,6200,1,620
2016-2017,6200,6200,1,620
2016-2017,6210,6210,3,621
2016-2017,6210,6210,2,621
2016-2017,6210,6210,1,621
2016-2017,6210,6210,2,621
2016-2017,6210,6210,1,621
2016-2017,6210,6210,2,621
2016-2017,6210,6210,2,621
2016-2017,6220,6220,4,622
2016-2017,6220,6220,1,622
2016-2017,6220,6220,1,622
2016-2017,6230,6230,1,623
2016-2017,6230,6230,1,623
2016-2017,6230,6230,1,623
2016-2017,6230,6230,1,623
2016-2017,6250,6250,1,625
2016-2017,6250,6250,5,625
2016-2017,6250,6250,2,625
2016-2017,6250,6250,1,625
2016-2017,6250,6250,3,625
2016-2017,6260,6260,5,626
2016-2017,6260,6260,12,626
2016-2017,6260,6260,1,626
2016-2017,6260,6260,1,626
2016-2017,6260,6260,2,626
2016-2017,6260,6260,1,626
2016-2017,6260,6260,5,626
2016-2017,6260,6260,3,626
2016-2017,6270,6270,1,627
2016-2017,6270,6270,1,627
2016-2017,6300,6300,3,630
2016-2017,6300,6300,1,630
2016-2017,6300,6300,1,630
2016-2017,6310,6310,7,631
2016-2017,6310,6310,14,631
2016-2017,6310,6310,1,631
2016-2017,6310,6310,1,631
2016-2017,6310,6310,3,631
2016-2017,6310,6310,2,631
2016-2017,6310,6310,2,631
2016-2017,6310,6310,3,631
2016-2017,6320,6320,9,632
2016-2017,6320,6320,1,632
2016-2017,6320,6320,1,632
2016-2017,6320,6320,2,632
2016-2017,6340,6340,2,634
2016-2017,6340,6340,14,634
2016-2017,6340,6340,1,634
2016-2017,6340,6340,2,634
2016-2017,6340,6340,4,634
2016-2017,6340,6340,1,634
2016-2017,6350,6350,1,635
2016-2017,6350,6350,9,635
2016-2017,6350,6350,1,635
2016-2017,6350,6350,2,635
2016-2017,6350,6350,1,635
2016-2017,6350,6350,1,635
2016-2017,6350,6350,1,635
2016-2017,6360,6360,22,636
2016-2017,6360,6360,2,636
2016-2017,6360,6360,1,636
2016-2017,6360,6360,49,636
2016-2017,6360,6360,3,636
2016-2017,6360,6360,1,636
2016-2017,6360,6360,2,636
2016-2017,6360,6360,1,636
2016-2017,6360,6360,5,636
2016-2017,6360,6360,8,636
2016-2017,6360,6360,4,636
2016-2017,6360,6360,6,636
2016-2017,6360,6360,6,636
2016-2017,6380,6380,2,638
2016-2017,6380,6380,1,638
2016-2017,6380,6380,1,638
2016-2017,6380,6380,1,638
2016-2017,6380,6380,4,638
2016-2017,6380,6380,1,638
2016-2017,6380,6380,1,638
2016-2017,6390,6390,17,639
2016-2017,6390,6390,26,639
2016-2017,6390,6390,1,639
2016-2017,6390,6390,2,639
2016-2017,6390,6390,2,639
2016-2017,6390,6390,4,639
2016-2017,6390,6390,3,639
2016-2017,6390,6390,3,639
2016-2017,6390,6390,15,639
2016-2017,6390,6390,7,639
2016-2017,6400,6400,3,640
2016-2017,6400,6400,1,640
2016-2017,6410,6410,1,641
2016-2017,6410,6410,1,641
2016-2017,6410,6410,1,641
2016-2017,6440,6440,2,644
2016-2017,6440,6440,10,644
2016-2017,6440,6440,1,644
2016-2017,6440,6440,2,644
2016-2017,6440,6440,2,644
2016-2017,6450,6450,1,645
2016-2017,6450,6450,8,645
2016-2017,6450,6450,1,645
2016-2017,6450,6450,1,645
2016-2017,6450,6450,1,645
2016-2017,6450,6450,1,645
2016-2017,6450,6450,1,645
2016-2017,6460,6460,4,646
2016-2017,6460,6460,6,646
2016-2017,6460,6460,1,646
2016-2017,6460,6460,1,646
2016-2017,6460,6460,2,646
2016-2017,6460,6460,1,646
2016-2017,6460,6460,1,646
2016-2017,6460,6460,3,646
2016-2017,6460,6460,3,646
2016-2017,6460,6460,1,646
2016-2017,6470,6470,6,647
2016-2017,6470,6470,2,647
2016-2017,6470,6470,1,647
2016-2017,6470,6470,1,647
2016-2017,6480,6480,2,648
2016-2017,6480,6480,4,648
2016-2017,6480,6480,1,648
2016-2017,6540,6540,2,654
2016-2017,6540,6540,3,654
2016-2017,6540,6540,1,654
2016-2017,7010,7010,11,701
2016-2017,7010,7010,28,701
2016-2017,7010,7010,9,701
2016-2017,7010,7010,2,701
2016-2017,7010,7010,2,701
2016-2017,7010,7010,8,701
2016-2017,7010,7010,2,701
2016-2017,7010,7010,7,701
2016-2017,7010,7010,12,701
2016-2017,7010,7010,1,701
2016-2017,7010,7010,2,701
2016-2017,7010,7010,6,701
2016-2017,7100,7100,12,710
2016-2017,7100,7100,37,710
2016-2017,7100,7100,1,710
2016-2017,7100,7100,1,710
2016-2017,7100,7100,1,710
2016-2017,7100,7100,1,710
2016-2017,7100,7100,1,710
2016-2017,7100,7100,6,710
2016-2017,7100,7100,4,710
2016-2017,7100,7100,8,710
2016-2017,7110,7110,45,711
2016-2017,7110,7110,1,711
2016-2017,7110,7110,94,711
2016-2017,7110,7110,2,711
2016-2017,7110,7110,2,711
2016-2017,7110,7110,4,711
2016-2017,7110,7110,4,711
2016-2017,7110,7110,3,711
2016-2017,7110,7110,10,711
2016-2017,7110,7110,12,711
2016-2017,7110,7110,12,711
2016-2017,7110,7110,11,711
2016-2017,7120,7120,30,712
2016-2017,7120,7120,1,712
2016-2017,7120,7120,18,712
2016-2017,7120,7120,8,712
2016-2017,7120,7120,3,712
2016-2017,7120,7120,2,712
2016-2017,7120,7120,3,712
2016-2017,7120,7120,3,712
2016-2017,7120,7120,3,712
2016-2017,7120,7120,8,712
2016-2017,7120,7120,1,712
2016-2017,7120,7120,2,712
2016-2017,7120,7120,6,712
2016-2017,7130,7130,9,713
2016-2017,7130,7130,1,713
2016-2017,7130,7130,19,713
2016-2017,7130,7130,1,713
2016-2017,7130,7130,2,713
2016-2017,7130,7130,1,713
2016-2017,7130,7130,2,713
2016-2017,7130,7130,1,713
2016-2017,7130,7130,1,713
2016-2017,7130,7130,2,713
2016-2017,7130,7130,2,713
2016-2017,7130,7130,9,713
2016-2017,7130,7130,3,713
2016-2017,7150,7150,5,715
2016-2017,7150,7150,6,715
2016-2017,7150,7150,1,715
2016-2017,7150,7150,1,715
2016-2017,7150,7150,1,715
2016-2017,7150,7150,1,715
2016-2017,7150,7150,5,715
2016-2017,7150,7150,1,715
2016-2017,7200,7200,4,720
2016-2017,7200,7200,2,720
2016-2017,7200,7200,1,720
2016-2017,7220,7220,5,722
2016-2017,7220,7220,14,722
2016-2017,7220,7220,1,722
2016-2017,7220,7220,1,722
2016-2017,7220,7220,1,722
2016-2017,7220,7220,1,722
2016-2017,7220,7220,3,722
2016-2017,7220,7220,1,722
2016-2017,7220,7220,2,722
2016-2017,7220,7220,1,722
2016-2017,7260,7260,2,726
2016-2017,7260,7260,27,726
2016-2017,7260,7260,3,726
2016-2017,7260,7260,1,726
2016-2017,7270,7270,5,727
2016-2017,7270,7270,28,727
2016-2017,7270,7270,1,727
2016-2017,7270,7270,1,727
2016-2017,7270,7270,2,727
2016-2017,7270,7270,2,727
2016-2017,7270,7270,1,727
2016-2017,7270,7270,6,727
2016-2017,7270,7270,3,727
2016-2017,7270,7270,1,727
2016-2017,7280,7280,13,728
2016-2017,7280,7280,23,728
2016-2017,7280,7280,1,728
2016-2017,7280,7280,2,728
2016-2017,7280,7280,3,728
2016-2017,7280,7280,6,728
2016-2017,7280,7280,1,728
2016-2017,7280,7280,1,728
2016-2017,7280,7280,4,728
2016-2017,7290,7290,4,729
2016-2017,7290,7290,20,729
2016-2017,7290,7290,1,729
2016-2017,7290,7290,1,729
2016-2017,7290,7290,5,729
2016-2017,7290,7290,2,729
2016-2017,7300,7300,1,730
2016-2017,7300,7300,2,730
2016-2017,7300,7300,2,730
2016-2017,7310,7310,6,731
2016-2017,7310,7310,10,731
2016-2017,7310,7310,1,731
2016-2017,7310,7310,1,731
2016-2017,7310,7310,1,731
2016-2017,7310,7310,2,731
2016-2017,7310,7310,4,731
2016-2017,7310,7310,1,731
2016-2017,7310,7310,1,731
2016-2017,7320,7320,1,732
2016-2017,7320,7320,1,732
2016-2017,7320,7320,28,732
2016-2017,7320,7320,1,732
2016-2017,7320,7320,1,732
2016-2017,7320,7320,1,732
2016-2017,7320,7320,2,732
2016-2017,7320,7320,3,732
2016-2017,7320,7320,5,732
2016-2017,7350,7350,2,735
2016-2017,7350,7350,1,735
2016-2017,7350,7350,2,735
2016-2017,7350,7350,3,735
2016-2017,7350,7350,2,735
2016-2017,7360,7360,4,736
2016-2017,7360,7360,30,736
2016-2017,7360,7360,1,736
2016-2017,7360,7360,1,736
2016-2017,7360,7360,1,736
2016-2017,7370,7370,13,737
2016-2017,7370,7370,16,737
2016-2017,7370,7370,3,737
2016-2017,7370,7370,6,737
2016-2017,7370,7370,2,737
2016-2017,7370,7370,2,737
2016-2017,7370,7370,1,737
2016-2017,7370,7370,2,737
2016-2017,7370,7370,6,737
2016-2017,7370,7370,2,737
2016-2017,7380,7380,2,738
2016-2017,7380,7380,1,738
2016-2017,7380,7380,8,738
2016-2017,7380,7380,1,738
2016-2017,7380,7380,3,738
2016-2017,7380,7380,5,738
2016-2017,7390,7390,4,739
2016-2017,7390,7390,2,739
2016-2017,7390,7390,4,739
2016-2017,7390,7390,1,739
2016-2017,7390,7390,1,739
2016-2017,7390,7390,1,739
2016-2017,7400,7400,5,740
2016-2017,7400,7400,12,740
2016-2017,7400,7400,1,740
2016-2017,7400,7400,1,740
2016-2017,7400,7400,2,740
2016-2017,7400,7400,1,740
2016-2017,7430,7430,5,743
2016-2017,7430,7430,1,743
2016-2017,7430,7430,1,743
2016-2017,7430,7430,2,743
2016-2017,7430,7430,3,743
2016-2017,7430,7430,1,743
2016-2017,7430,7430,1,743
2016-2017,7440,7440,6,744
2016-2017,7440,7440,10,744
2016-2017,7440,7440,1,744
2016-2017,7460,7460,4,746
2016-2017,7460,7460,1,746
2016-2017,7460,7460,8,746
2016-2017,7460,7460,1,746
2016-2017,7460,7460,1,746
2016-2017,7460,7460,1,746
2016-2017,7460,7460,2,746
2016-2017,7460,7460,1,746
2016-2017,7460,7460,2,746
2016-2017,7460,7460,2,746
2016-2017,7470,7470,1,747
2016-2017,7470,7470,2,747
2016-2017,7470,7470,1,747
2016-2017,7470,7470,1,747
2016-2017,7470,7470,1,747
2016-2017,7490,7490,28,749
2016-2017,7490,7490,1,749
2016-2017,7490,7490,1,749
2016-2017,7490,7490,2,749
2016-2017,7500,7500,12,750
2016-2017,7500,7500,1,750
2016-2017,7500,7500,14,750
2016-2017,7500,7500,1,750
2016-2017,7500,7500,3,750
2016-2017,7500,7500,1,750
2016-2017,7500,7500,1,750
2016-2017,7500,7500,1,750
2016-2017,7500,7500,6,750
2016-2017,7500,7500,2,750
2016-2017,7500,7500,4,750
2016-2017,7510,7510,5,751
2016-2017,7510,7510,10,751
2016-2017,7510,7510,1,751
2016-2017,7510,7510,1,751
2016-2017,7510,7510,1,751
2016-2017,7510,7510,3,751
2016-2017,7510,7510,1,751
2016-2017,7510,7510,2,751
2016-2017,7530,7530,1,753
2016-2017,7530,7530,1,753
2016-2017,7530,7530,3,753
2016-2017,7730,7730,18,773
2016-2017,7730,7730,2,773
2016-2017,7730,7730,38,773
2016-2017,7730,7730,3,773
2016-2017,7730,7730,1,773
2016-2017,7730,7730,1,773
2016-2017,7730,7730,1,773
2016-2017,7730,7730,2,773
2016-2017,7730,7730,6,773
2016-2017,7730,7730,2,773
2016-2017,7730,7730,5,773
2016-2017,7730,7730,6,773
2016-2017,8010,8010,31,801
2016-2017,8010,8010,1,801
2016-2017,8010,8010,57,801
2016-2017,8010,8010,3,801
2016-2017,8010,8010,3,801
2016-2017,8010,8010,2,801
2016-2017,8010,8010,6,801
2016-2017,8010,8010,2,801
2016-2017,8010,8010,2,801
2016-2017,8010,8010,5,801
2016-2017,8010,8010,6,801
2016-2017,8010,8010,11,801
2016-2017,8010,8010,5,801
2016-2017,8020,8020,31,802
2016-2017,8020,8020,21,802
2016-2017,8020,8020,8,802
2016-2017,8020,8020,1,802
2016-2017,8020,8020,2,802
2016-2017,8020,8020,4,802
2016-2017,8020,8020,2,802
2016-2017,8020,8020,3,802
2016-2017,8020,8020,4,802
2016-2017,8020,8020,3,802
2016-2017,8020,8020,3,802
2016-2017,8020,8020,10,802
2016-2017,8030,8030,13,803
2016-2017,8030,8030,2,803
2016-2017,8030,8030,2,803
2016-2017,8030,8030,3,803
2016-2017,8030,8030,28,803
2016-2017,8030,8030,7,803
2016-2017,8030,8030,3,803
2016-2017,8030,8030,6,803
2016-2017,8030,8030,7,803
2016-2017,8030,8030,6,803
2016-2017,8030,8030,1,803
2016-2017,8030,8030,10,803
2016-2017,8030,8030,18,803
2016-2017,8030,8030,2,803
2016-2017,8030,8030,10,803
2016-2017,8030,8030,7,803
2016-2017,8040,8040,3,804
2016-2017,8040,8040,1,804
2016-2017,8040,8040,2,804
2016-2017,8040,8040,1,804
2016-2017,8040,8040,1,804
2016-2017,8040,8040,3,804
2016-2017,8040,8040,1,804
2016-2017,8040,8040,3,804
2016-2017,8070,8070,1,807
2016-2017,8070,8070,1,807
2016-2017,8090,8090,4,809
2016-2017,8090,8090,14,809
2016-2017,8090,8090,1,809
2016-2017,8090,8090,2,809
2016-2017,8090,8090,3,809
2016-2017,8090,8090,2,809
2016-2017,8120,8120,25,812
2016-2017,8120,8120,33,812
2016-2017,8120,8120,2,812
2016-2017,8120,8120,2,812
2016-2017,8120,8120,3,812
2016-2017,8120,8120,1,812
2016-2017,8120,8120,6,812
2016-2017,8120,8120,5,812
2016-2017,8120,8120,1,812
2016-2017,8120,8120,12,812
2016-2017,8120,8120,6,812
2016-2017,8140,8140,18,814
2016-2017,8140,8140,28,814
2016-2017,8140,8140,1,814
2016-2017,8140,8140,4,814
2016-2017,8140,8140,1,814
2016-2017,8140,8140,2,814
2016-2017,8140,8140,9,814
2016-2017,8140,8140,1,814
2016-2017,8140,8140,5,814
2016-2017,8160,8160,8,816
2016-2017,8160,8160,2,816
2016-2017,8160,8160,3,816
2016-2017,8160,8160,2,816
2016-2017,8160,8160,1,816
2016-2017,8160,8160,3,816
2016-2017,8200,8200,7,820
2016-2017,8200,8200,6,820
2016-2017,8200,8200,1,820
2016-2017,8210,8210,3,821
2016-2017,8210,8210,1,821
2016-2017,8210,8210,1,821
2016-2017,8230,8230,3,823
2016-2017,8240,8240,5,824
2016-2017,8240,8240,1,824
2016-2017,8240,8240,9,824
2016-2017,8240,8240,3,824
2016-2017,8240,8240,2,824
2016-2017,8240,8240,4,824
2016-2017,8240,8240,3,824
2016-2017,8240,8240,1,824
2016-2017,8250,8250,1,825
2016-2017,8250,8250,7,825
2016-2017,8250,8250,1,825
2016-2017,8250,8250,1,825
2016-2017,8250,8250,1,825
2016-2017,8260,8260,3,826
2016-2017,8270,8270,2,827
2016-2017,8270,8270,1,827
2016-2017,8270,8270,1,827
2016-2017,8270,8270,1,827
2016-2017,8300,8300,2,830
2016-2017,8300,8300,75,830
2016-2017,8300,8300,2,830
2016-2017,8300,8300,1,830
2016-2017,8300,8300,5,830
2016-2017,8300,8300,3,830
2016-2017,8300,8300,1,830
2016-2017,8300,8300,2,830
2016-2017,8300,8300,6,830
2016-2017,8300,8300,7,830
2016-2017,8300,8300,6,830
2016-2017,8310,8310,5,831
2016-2017,8310,8310,1,831
2016-2017,8340,8340,1,834
2016-2017,8340,8340,1,834
2016-2017,8340,8340,21,834
2016-2017,8340,8340,1,834
2016-2017,8340,8340,1,834
2016-2017,8340,8340,1,834
2016-2017,8340,8340,12,834
2016-2017,8340,8340,4,834
2016-2017,8350,8350,3,835
2016-2017,8350,8350,1,835
2016-2017,8350,8350,27,835
2016-2017,8350,8350,1,835
2016-2017,8350,8350,1,835
2016-2017,8350,8350,1,835
2016-2017,8350,8350,1,835
2016-2017,8350,8350,1,835
2016-2017,8350,8350,1,835
2016-2017,8350,8350,1,835
2016-2017,8350,8350,1,835
2016-2017,8360,8360,1,836
2016-2017,8360,8360,1,836
2016-2017,8370,8370,1,837
2016-2017,8370,8370,1,837
2016-2017,8370,8370,1,837
2016-2017,8370,8370,1,837
2016-2017,8370,8370,1,837
2016-2017,8380,8380,1,838
2016-2017,8380,8380,6,838
2016-2017,8380,8380,3,838
2016-2017,8380,8380,1,838
2016-2017,8380,8380,2,838
2016-2017,8380,8380,3,838
2016-2017,8390,8390,1,839
2016-2017,8390,8390,27,839
2016-2017,8390,8390,1,839
2016-2017,8390,8390,1,839
2016-2017,8390,8390,2,839
2016-2017,8390,8390,1,839
2016-2017,8390,8390,4,839
2016-2017,8400,8400,1,840
2016-2017,8400,8400,8,840
2016-2017,8400,8400,1,840
2016-2017,8400,8400,2,840
2016-2017,8410,8410,1,841
2016-2017,8410,8410,31,841
2016-2017,8410,8410,2,841
2016-2017,8410,8410,1,841
2016-2017,8410,8410,2,841
2016-2017,8410,8410,1,841
2016-2017,8410,8410,2,841
2016-2017,8420,8420,21,842
2016-2017,8420,8420,2,842
2016-2017,8420,8420,1,842
2016-2017,8430,8430,1,843
2016-2017,8430,8430,1,843
2016-2017,8440,8440,3,844
2016-2017,8460,8460,2,846
2016-2017,8460,8460,4,846
2016-2017,8460,8460,2,846
2016-2017,8460,8460,1,846
2016-2017,8460,8460,5,846
2016-2017,8460,8460,1,846
2016-2017,8460,8460,3,846
2016-2017,8470,8470,1,847
2016-2017,8470,8470,1,847
2016-2017,8470,8470,1,847
2016-2017,8470,8470,1,847
2016-2017,8470,8470,1,847
2016-2017,8470,8470,1,847
2016-2017,8540,8540,1,854
2016-2017,8690,8690,2,869
2016-2017,8690,8690,7,869
2016-2017,8690,8690,4,869
2016-2017,8690,8690,1,869
2016-2017,8690,8690,1,869
2016-2017,8690,8690,1,869
2016-2017,8690,8690,2,869
2016-2017,8690,8690,2,869
2016-2017,8690,8690,2,869
2016-2017,8770,8770,3,877
2016-2017,8770,8770,2,877
2016-2017,8770,8770,3,877
2016-2017,8770,8770,1,877
2016-2017,8770,8770,1,877
2016-2017,8770,8770,2,877
2016-2017,8770,8770,1,877
2016-2017,8770,8770,1,877
2016-2017,8770,8770,3,877
2016-2017,8770,8770,5,877
2015-2016,5031,5031,0,31
2015-2016,5031,5031,0,31
2015-2016,5031,5031,0,31
2015-2016,5031,5031,0,31
2015-2016,5031,5031,0,31
2015-2016,5031,5031,0,31
2015-2016,5031,5031,0,31
2015-2016,5031,5031,0,31
2015-2016,5031,5031,0,31
2015-2016,5031,5031,0,31
2015-2016,5031,5031,0,31
2015-2016,5031,5031,0,31
2015-2016,5031,5031,0,31
2015-2016,5031,5031,0,31
2015-2016,5031,5031,0,31
2015-2016,5031,5031,0,31
2015-2016,5031,5031,0,31
2015-2016,1010,1010,0,101
2015-2016,1010,1010,1,101
2015-2016,1010,1010,0,101
2015-2016,1010,1010,0,101
2015-2016,1010,1010,4,101
2015-2016,1010,1010,1,101
2015-2016,1010,1010,0,101
2015-2016,1010,1010,2,101
2015-2016,1010,1010,17,101
2015-2016,1010,1010,0,101
2015-2016,1010,1010,15,101
2015-2016,1010,1010,7,101
2015-2016,1010,1010,4,101
2015-2016,1010,1010,6,101
2015-2016,1010,1010,1,101
2015-2016,1010,1010,11,101
2015-2016,1010,1010,0,101
2015-2016,1020,1020,1,102
2015-2016,1020,1020,5,102
2015-2016,1020,1020,2,102
2015-2016,1020,1020,14,102
2015-2016,1020,1020,0,102
2015-2016,1020,1020,0,102
2015-2016,1020,1020,0,102
2015-2016,1020,1020,6,102
2015-2016,1020,1020,7,102
2015-2016,1020,1020,0,102
2015-2016,1020,1020,0,102
2015-2016,1020,1020,7,102
2015-2016,1020,1020,0,102
2015-2016,1020,1020,0,102
2015-2016,1020,1020,1,102
2015-2016,1020,1020,2,102
2015-2016,1020,1020,0,102
2015-2016,1030,1030,0,103
2015-2016,1030,1030,12,103
2015-2016,1030,1030,0,103
2015-2016,1030,1030,2,103
2015-2016,1030,1030,0,103
2015-2016,1030,1030,0,103
2015-2016,1030,1030,1,103
2015-2016,1030,1030,0,103
2015-2016,1030,1030,0,103
2015-2016,1030,1030,0,103
2015-2016,1030,1030,1,103
2015-2016,1030,1030,6,103
2015-2016,1030,1030,2,103
2015-2016,1030,1030,2,103
2015-2016,1030,1030,4,103
2015-2016,1030,1030,0,103
2015-2016,1030,1030,0,103
2015-2016,1050,1050,0,105
2015-2016,1050,1050,0,105
2015-2016,1050,1050,0,105
2015-2016,1050,1050,0,105
2015-2016,1050,1050,0,105
2015-2016,1050,1050,1,105
2015-2016,1050,1050,0,105
2015-2016,1050,1050,0,105
2015-2016,1050,1050,4,105
2015-2016,1050,1050,0,105
2015-2016,1050,1050,0,105
2015-2016,1050,1050,0,105
2015-2016,1050,1050,0,105
2015-2016,1050,1050,0,105
2015-2016,1050,1050,1,105
2015-2016,1050,1050,0,105
2015-2016,1050,1050,0,105
2015-2016,1100,1100,2,110
2015-2016,1100,1100,0,110
2015-2016,1100,1100,0,110
2015-2016,1100,1100,0,110
2015-2016,1100,1100,0,110
2015-2016,1100,1100,4,110
2015-2016,1100,1100,4,110
2015-2016,1100,1100,0,110
2015-2016,1100,1100,2,110
2015-2016,1100,1100,0,110
2015-2016,1100,1100,0,110
2015-2016,1100,1100,13,110
2015-2016,1100,1100,5,110
2015-2016,1100,1100,2,110
2015-2016,1100,1100,31,110
2015-2016,1100,1100,0,110
2015-2016,1100,1100,1,110
2015-2016,1130,1130,1,113
2015-2016,1130,1130,2,113
2015-2016,1130,1130,0,113
2015-2016,1130,1130,1,113
2015-2016,1130,1130,2,113
2015-2016,1130,1130,0,113
2015-2016,1130,1130,5,113
2015-2016,1130,1130,17,113
2015-2016,1130,1130,5,113
2015-2016,1130,1130,0,113
2015-2016,1130,1130,1,113
2015-2016,1130,1130,0,113
2015-2016,1130,1130,1,113
2015-2016,1130,1130,0,113
2015-2016,1130,1130,0,113
2015-2016,1130,1130,17,113
2015-2016,1130,1130,0,113
2015-2016,1190,1190,0,119
2015-2016,1190,1190,0,119
2015-2016,1190,1190,0,119
2015-2016,1190,1190,0,119
2015-2016,1190,1190,3,119
2015-2016,1190,1190,0,119
2015-2016,1190,1190,0,119
2015-2016,1190,1190,0,119
2015-2016,1190,1190,0,119
2015-2016,1190,1190,0,119
2015-2016,1190,1190,0,119
2015-2016,1190,1190,0,119
2015-2016,1190,1190,9,119
2015-2016,1190,1190,0,119
2015-2016,1190,1190,1,119
2015-2016,1190,1190,0,119
2015-2016,1190,1190,0,119
2015-2016,1200,1200,0,120
2015-2016,1200,1200,0,120
2015-2016,1200,1200,0,120
2015-2016,1200,1200,3,120
2015-2016,1200,1200,0,120
2015-2016,1200,1200,0,120
2015-2016,1200,1200,15,120
2015-2016,1200,1200,0,120
2015-2016,1200,1200,0,120
2015-2016,1200,1200,21,120
2015-2016,1200,1200,1,120
2015-2016,1200,1200,6,120
2015-2016,1200,1200,2,120
2015-2016,1200,1200,7,120
2015-2016,1200,1200,0,120
2015-2016,1200,1200,2,120
2015-2016,1200,1200,0,120
2015-2016,1230,1230,0,123
2015-2016,1230,1230,0,123
2015-2016,1230,1230,0,123
2015-2016,1230,1230,0,123
2015-2016,1230,1230,0,123
2015-2016,1230,1230,7,123
2015-2016,1230,1230,1,123
2015-2016,1230,1230,2,123
2015-2016,1230,1230,4,123
2015-2016,1230,1230,0,123
2015-2016,1230,1230,1,123
2015-2016,1230,1230,1,123
2015-2016,1230,1230,0,123
2015-2016,1230,1230,0,123
2015-2016,1230,1230,3,123
2015-2016,1230,1230,0,123
2015-2016,1230,1230,15,123
2015-2016,1250,1250,0,125
2015-2016,1250,1250,0,125
2015-2016,1250,1250,0,125
2015-2016,1250,1250,0,125
2015-2016,1250,1250,0,125
2015-2016,1250,1250,0,125
2015-2016,1250,1250,1,125
2015-2016,1250,1250,5,125
2015-2016,1250,1250,0,125
2015-2016,1250,1250,0,125
2015-2016,1250,1250,4,125
2015-2016,1250,1250,0,125
2015-2016,1250,1250,0,125
2015-2016,1250,1250,0,125
2015-2016,1250,1250,0,125
2015-2016,1250,1250,0,125
2015-2016,1250,1250,0,125
2015-2016,1260,1260,0,126
2015-2016,1260,1260,0,126
2015-2016,1260,1260,4,126
2015-2016,1260,1260,1,126
2015-2016,1260,1260,0,126
2015-2016,1260,1260,1,126
2015-2016,1260,1260,1,126
2015-2016,1260,1260,0,126
2015-2016,1260,1260,1,126
2015-2016,1260,1260,0,126
2015-2016,1260,1260,0,126
2015-2016,1260,1260,0,126
2015-2016,1260,1260,0,126
2015-2016,1260,1260,1,126
2015-2016,1260,1260,4,126
2015-2016,1260,1260,0,126
2015-2016,1260,1260,0,126
2015-2016,1280,1280,0,128
2015-2016,1280,1280,0,128
2015-2016,1280,1280,0,128
2015-2016,1280,1280,0,128
2015-2016,1280,1280,0,128
2015-2016,1280,1280,0,128
2015-2016,1280,1280,0,128
2015-2016,1280,1280,0,128
2015-2016,1280,1280,0,128
2015-2016,1280,1280,0,128
2015-2016,1280,1280,0,128
2015-2016,1280,1280,1,128
2015-2016,1280,1280,0,128
2015-2016,1280,1280,0,128
2015-2016,1280,1280,0,128
2015-2016,1280,1280,0,128
2015-2016,1280,1280,0,128
2015-2016,1290,1290,7,129
2015-2016,1290,1290,0,129
2015-2016,1290,1290,12,129
2015-2016,1290,1290,0,129
2015-2016,1290,1290,0,129
2015-2016,1290,1290,1,129
2015-2016,1290,1290,0,129
2015-2016,1290,1290,0,129
2015-2016,1290,1290,1,129
2015-2016,1290,1290,0,129
2015-2016,1290,1290,0,129
2015-2016,1290,1290,0,129
2015-2016,1290,1290,3,129
2015-2016,1290,1290,1,129
2015-2016,1290,1290,1,129
2015-2016,1290,1290,0,129
2015-2016,1290,1290,1,129
2015-2016,1300,1300,0,130
2015-2016,1300,1300,3,130
2015-2016,1300,1300,0,130
2015-2016,1300,1300,0,130
2015-2016,1300,1300,1,130
2015-2016,1300,1300,0,130
2015-2016,1300,1300,0,130
2015-2016,1300,1300,0,130
2015-2016,1300,1300,0,130
2015-2016,1300,1300,1,130
2015-2016,1300,1300,9,130
2015-2016,1300,1300,0,130
2015-2016,1300,1300,3,130
2015-2016,1300,1300,0,130
2015-2016,1300,1300,0,130
2015-2016,1300,1300,2,130
2015-2016,1300,1300,0,130
2015-2016,1330,1330,0,133
2015-2016,1330,1330,0,133
2015-2016,1330,1330,0,133
2015-2016,1330,1330,0,133
2015-2016,1330,1330,0,133
2015-2016,1330,1330,0,133
2015-2016,1330,1330,0,133
2015-2016,1330,1330,0,133
2015-2016,1330,1330,0,133
2015-2016,1330,1330,0,133
2015-2016,1330,1330,0,133
2015-2016,1330,1330,0,133
2015-2016,1330,1330,0,133
2015-2016,1330,1330,0,133
2015-2016,1330,1330,0,133
2015-2016,1330,1330,0,133
2015-2016,1330,1330,0,133
2015-2016,1340,1340,7,134
2015-2016,1340,1340,0,134
2015-2016,1340,1340,0,134
2015-2016,1340,1340,6,134
2015-2016,1340,1340,1,134
2015-2016,1340,1340,1,134
2015-2016,1340,1340,0,134
2015-2016,1340,1340,0,134
2015-2016,1340,1340,0,134
2015-2016,1340,1340,1,134
2015-2016,1340,1340,0,134
2015-2016,1340,1340,35,134
2015-2016,1340,1340,2,134
2015-2016,1340,1340,0,134
2015-2016,1340,1340,5,134
2015-2016,1340,1340,0,134
2015-2016,1340,1340,0,134
2015-2016,1350,1350,0,135
2015-2016,1350,1350,1,135
2015-2016,1350,1350,2,135
2015-2016,1350,1350,0,135
2015-2016,1350,1350,0,135
2015-2016,1350,1350,0,135
2015-2016,1350,1350,0,135
2015-2016,1350,1350,1,135
2015-2016,1350,1350,12,135
2015-2016,1350,1350,1,135
2015-2016,1350,1350,2,135
2015-2016,1350,1350,1,135
2015-2016,1350,1350,0,135
2015-2016,1350,1350,0,135
2015-2016,1350,1350,0,135
2015-2016,1350,1350,0,135
2015-2016,1350,1350,1,135
2015-2016,1360,1360,0,136
2015-2016,1360,1360,4,136
2015-2016,1360,1360,0,136
2015-2016,1360,1360,1,136
2015-2016,1360,1360,3,136
2015-2016,1360,1360,0,136
2015-2016,1360,1360,6,136
2015-2016,1360,1360,1,136
2015-2016,1360,1360,6,136
2015-2016,1360,1360,0,136
2015-2016,1360,1360,0,136
2015-2016,1360,1360,0,136
2015-2016,1360,1360,0,136
2015-2016,1360,1360,0,136
2015-2016,1360,1360,1,136
2015-2016,1360,1360,0,136
2015-2016,1360,1360,0,136
2015-2016,1370,1370,0,137
2015-2016,1370,1370,5,137
2015-2016,1370,1370,1,137
2015-2016,1370,1370,17,137
2015-2016,1370,1370,17,137
2015-2016,1370,1370,9,137
2015-2016,1370,1370,1,137
2015-2016,1370,1370,1,137
2015-2016,1370,1370,2,137
2015-2016,1370,1370,2,137
2015-2016,1370,1370,0,137
2015-2016,1370,1370,0,137
2015-2016,1370,1370,0,137
2015-2016,1370,1370,3,137
2015-2016,1370,1370,1,137
2015-2016,1370,1370,1,137
2015-2016,1370,1370,0,137
2015-2016,1380,1380,0,138
2015-2016,1380,1380,0,138
2015-2016,1380,1380,0,138
2015-2016,1380,1380,0,138
2015-2016,1380,1380,1,138
2015-2016,1380,1380,0,138
2015-2016,1380,1380,0,138
2015-2016,1380,1380,0,138
2015-2016,1380,1380,0,138
2015-2016,1380,1380,0,138
2015-2016,1380,1380,0,138
2015-2016,1380,1380,0,138
2015-2016,1380,1380,7,138
2015-2016,1380,1380,2,138
2015-2016,1380,1380,0,138
2015-2016,1380,1380,0,138
2015-2016,1380,1380,0,138
2015-2016,1390,1390,0,139
2015-2016,1390,1390,0,139
2015-2016,1390,1390,0,139
2015-2016,1390,1390,0,139
2015-2016,1390,1390,0,139
2015-2016,1390,1390,0,139
2015-2016,1390,1390,0,139
2015-2016,1390,1390,0,139
2015-2016,1390,1390,0,139
2015-2016,1390,1390,0,139
2015-2016,1390,1390,0,139
2015-2016,1390,1390,0,139
2015-2016,1390,1390,0,139
2015-2016,1390,1390,2,139
2015-2016,1390,1390,0,139
2015-2016,1390,1390,0,139
2015-2016,1390,1390,0,139
2015-2016,1400,1400,0,140
2015-2016,1400,1400,0,140
2015-2016,1400,1400,0,140
2015-2016,1400,1400,0,140
2015-2016,1400,1400,0,140
2015-2016,1400,1400,0,140
2015-2016,1400,1400,0,140
2015-2016,1400,1400,0,140
2015-2016,1400,1400,0,140
2015-2016,1400,1400,1,140
2015-2016,1400,1400,0,140
2015-2016,1400,1400,0,140
2015-2016,1400,1400,0,140
2015-2016,1400,1400,0,140
2015-2016,1400,1400,0,140
2015-2016,1400,1400,2,140
2015-2016,1400,1400,0,140
2015-2016,1410,1410,0,141
2015-2016,1410,1410,0,141
2015-2016,1410,1410,0,141
2015-2016,1410,1410,0,141
2015-2016,1410,1410,3,141
2015-2016,1410,1410,12,141
2015-2016,1410,1410,1,141
2015-2016,1410,1410,1,141
2015-2016,1410,1410,0,141
2015-2016,1410,1410,0,141
2015-2016,1410,1410,0,141
2015-2016,1410,1410,8,141
2015-2016,1410,1410,2,141
2015-2016,1410,1410,0,141
2015-2016,1410,1410,0,141
2015-2016,1410,1410,0,141
2015-2016,1410,1410,1,141
2015-2016,1420,1420,0,142
2015-2016,1420,1420,0,142
2015-2016,1420,1420,0,142
2015-2016,1420,1420,1,142
2015-2016,1420,1420,2,142
2015-2016,1420,1420,0,142
2015-2016,1420,1420,0,142
2015-2016,1420,1420,0,142
2015-2016,1420,1420,0,142
2015-2016,1420,1420,0,142
2015-2016,1420,1420,6,142
2015-2016,1420,1420,1,142
2015-2016,1420,1420,2,142
2015-2016,1420,1420,1,142
2015-2016,1420,1420,0,142
2015-2016,1420,1420,0,142
2015-2016,1420,1420,3,142
2015-2016,1440,1440,0,144
2015-2016,1440,1440,0,144
2015-2016,1440,1440,0,144
2015-2016,1440,1440,2,144
2015-2016,1440,1440,0,144
2015-2016,1440,1440,6,144
2015-2016,1440,1440,10,144
2015-2016,1440,1440,0,144
2015-2016,1440,1440,15,144
2015-2016,1440,1440,0,144
2015-2016,1440,1440,0,144
2015-2016,1440,1440,2,144
2015-2016,1440,1440,1,144
2015-2016,1440,1440,0,144
2015-2016,1440,1440,2,144
2015-2016,1440,1440,0,144
2015-2016,1440,1440,0,144
2015-2016,1460,1460,1,146
2015-2016,1460,1460,1,146
2015-2016,1460,1460,1,146
2015-2016,1460,1460,9,146
2015-2016,1460,1460,0,146
2015-2016,1460,1460,0,146
2015-2016,1460,1460,1,146
2015-2016,1460,1460,4,146
2015-2016,1460,1460,1,146
2015-2016,1460,1460,4,146
2015-2016,1460,1460,3,146
2015-2016,1460,1460,0,146
2015-2016,1460,1460,0,146
2015-2016,1460,1460,0,146
2015-2016,1460,1460,0,146
2015-2016,1460,1460,0,146
2015-2016,1460,1460,0,146
2015-2016,1470,1470,0,147
2015-2016,1470,1470,0,147
2015-2016,1470,1470,4,147
2015-2016,1470,1470,1,147
2015-2016,1470,1470,0,147
2015-2016,1470,1470,1,147
2015-2016,1470,1470,1,147
2015-2016,1470,1470,2,147
2015-2016,1470,1470,31,147
2015-2016,1470,1470,0,147
2015-2016,1470,1470,0,147
2015-2016,1470,1470,3,147
2015-2016,1470,1470,1,147
2015-2016,1470,1470,0,147
2015-2016,1470,1470,2,147
2015-2016,1470,1470,0,147
2015-2016,1470,1470,0,147
2015-2016,1490,1490,0,149
2015-2016,1490,1490,2,149
2015-2016,1490,1490,2,149
2015-2016,1490,1490,0,149
2015-2016,1490,1490,2,149
2015-2016,1490,1490,1,149
2015-2016,1490,1490,2,149
2015-2016,1490,1490,2,149
2015-2016,1490,1490,0,149
2015-2016,1490,1490,0,149
2015-2016,1490,1490,14,149
2015-2016,1490,1490,6,149
2015-2016,1490,1490,0,149
2015-2016,1490,1490,0,149
2015-2016,1490,1490,0,149
2015-2016,1490,1490,0,149
2015-2016,1490,1490,1,149
2015-2016,1580,1580,1,158
2015-2016,1580,1580,1,158
2015-2016,1580,1580,0,158
2015-2016,1580,1580,1,158
2015-2016,1580,1580,0,158
2015-2016,1580,1580,0,158
2015-2016,1580,1580,0,158
2015-2016,1580,1580,0,158
2015-2016,1580,1580,0,158
2015-2016,1580,1580,1,158
2015-2016,1580,1580,5,158
2015-2016,1580,1580,0,158
2015-2016,1580,1580,0,158
2015-2016,1580,1580,0,158
2015-2016,1580,1580,0,158
2015-2016,1580,1580,0,158
2015-2016,1580,1580,3,158
2015-2016,2000,2000,0,200
2015-2016,2000,2000,1,200
2015-2016,2000,2000,8,200
2015-2016,2000,2000,2,200
2015-2016,2000,2000,7,200
2015-2016,2000,2000,1,200
2015-2016,2000,2000,7,200
2015-2016,2000,2000,0,200
2015-2016,2000,2000,0,200
2015-2016,2000,2000,4,200
2015-2016,2000,2000,9,200
2015-2016,2000,2000,0,200
2015-2016,2000,2000,0,200
2015-2016,2000,2000,1,200
2015-2016,2000,2000,1,200
2015-2016,2000,2000,0,200
2015-2016,2000,2000,0,200
2015-2016,2010,2010,1,201
2015-2016,2010,2010,0,201
2015-2016,2010,2010,6,201
2015-2016,2010,2010,0,201
2015-2016,2010,2010,2,201
2015-2016,2010,2010,2,201
2015-2016,2010,2010,4,201
2015-2016,2010,2010,30,201
2015-2016,2010,2010,10,201
2015-2016,2010,2010,14,201
2015-2016,2010,2010,3,201
2015-2016,2010,2010,0,201
2015-2016,2010,2010,1,201
2015-2016,2010,2010,15,201
2015-2016,2010,2010,1,201
2015-2016,2010,2010,2,201
2015-2016,2010,2010,5,201
2015-2016,2020,2020,0,202
2015-2016,2020,2020,3,202
2015-2016,2020,2020,0,202
2015-2016,2020,2020,0,202
2015-2016,2020,2020,0,202
2015-2016,2020,2020,0,202
2015-2016,2020,2020,1,202
2015-2016,2020,2020,9,202
2015-2016,2020,2020,0,202
2015-2016,2020,2020,0,202
2015-2016,2020,2020,1,202
2015-2016,2020,2020,0,202
2015-2016,2020,2020,0,202
2015-2016,2020,2020,0,202
2015-2016,2020,2020,0,202
2015-2016,2020,2020,0,202
2015-2016,2020,2020,0,202
2015-2016,2140,2140,0,214
2015-2016,2140,2140,0,214
2015-2016,2140,2140,0,214
2015-2016,2140,2140,1,214
2015-2016,2140,2140,0,214
2015-2016,2140,2140,3,214
2015-2016,2140,2140,0,214
2015-2016,2140,2140,0,214
2015-2016,2140,2140,0,214
2015-2016,2140,2140,1,214
2015-2016,2140,2140,0,214
2015-2016,2140,2140,0,214
2015-2016,2140,2140,1,214
2015-2016,2140,2140,0,214
2015-2016,2140,2140,5,214
2015-2016,2140,2140,0,214
2015-2016,2140,2140,0,214
2015-2016,2160,2160,7,216
2015-2016,2160,2160,0,216
2015-2016,2160,2160,0,216
2015-2016,2160,2160,3,216
2015-2016,2160,2160,1,216
2015-2016,2160,2160,0,216
2015-2016,2160,2160,1,216
2015-2016,2160,2160,4,216
2015-2016,2160,2160,0,216
2015-2016,2160,2160,0,216
2015-2016,2160,2160,0,216
2015-2016,2160,2160,3,216
2015-2016,2160,2160,0,216
2015-2016,2160,2160,1,216
2015-2016,2160,2160,16,216
2015-2016,2160,2160,0,216
2015-2016,2160,2160,2,216
2015-2016,2190,2190,0,219
2015-2016,2190,2190,0,219
2015-2016,2190,2190,1,219
2015-2016,2190,2190,0,219
2015-2016,2190,2190,2,219
2015-2016,2190,2190,0,219
2015-2016,2190,2190,0,219
2015-2016,2190,2190,0,219
2015-2016,2190,2190,0,219
2015-2016,2190,2190,0,219
2015-2016,2190,2190,1,219
2015-2016,2190,2190,2,219
2015-2016,2190,2190,0,219
2015-2016,2190,2190,4,219
2015-2016,2190,2190,0,219
2015-2016,2190,2190,0,219
2015-2016,2190,2190,0,219
2015-2016,2210,2210,0,221
2015-2016,2210,2210,0,221
2015-2016,2210,2210,0,221
2015-2016,2210,2210,0,221
2015-2016,2210,2210,0,221
2015-2016,2210,2210,0,221
2015-2016,2210,2210,0,221
2015-2016,2210,2210,0,221
2015-2016,2210,2210,0,221
2015-2016,2210,2210,0,221
2015-2016,2210,2210,0,221
2015-2016,2210,2210,0,221
2015-2016,2210,2210,0,221
2015-2016,2210,2210,3,221
2015-2016,2210,2210,0,221
2015-2016,2210,2210,0,221
2015-2016,2210,2210,5,221
2015-2016,2240,2240,0,224
2015-2016,2240,2240,1,224
2015-2016,2240,2240,1,224
2015-2016,2240,2240,0,224
2015-2016,2240,2240,4,224
2015-2016,2240,2240,7,224
2015-2016,2240,2240,0,224
2015-2016,2240,2240,9,224
2015-2016,2240,2240,0,224
2015-2016,2240,2240,0,224
2015-2016,2240,2240,0,224
2015-2016,2240,2240,0,224
2015-2016,2240,2240,0,224
2015-2016,2240,2240,0,224
2015-2016,2240,2240,0,224
2015-2016,2240,2240,2,224
2015-2016,2240,2240,0,224
2015-2016,2260,2260,0,226
2015-2016,2260,2260,0,226
2015-2016,2260,2260,0,226
2015-2016,2260,2260,1,226
2015-2016,2260,2260,0,226
2015-2016,2260,2260,0,226
2015-2016,2260,2260,0,226
2015-2016,2260,2260,0,226
2015-2016,2260,2260,1,226
2015-2016,2260,2260,5,226
2015-2016,2260,2260,0,226
2015-2016,2260,2260,1,226
2015-2016,2260,2260,4,226
2015-2016,2260,2260,1,226
2015-2016,2260,2260,1,226
2015-2016,2260,2260,3,226
2015-2016,2260,2260,0,226
2015-2016,2290,2290,0,229
2015-2016,2290,2290,0,229
2015-2016,2290,2290,2,229
2015-2016,2290,2290,0,229
2015-2016,2290,2290,0,229
2015-2016,2290,2290,4,229
2015-2016,2290,2290,0,229
2015-2016,2290,2290,0,229
2015-2016,2290,2290,0,229
2015-2016,2290,2290,0,229
2015-2016,2290,2290,0,229
2015-2016,2290,2290,0,229
2015-2016,2290,2290,0,229
2015-2016,2290,2290,10,229
2015-2016,2290,2290,0,229
2015-2016,2290,2290,0,229
2015-2016,2290,2290,1,229
2015-2016,2310,2310,0,231
2015-2016,2310,2310,0,231
2015-2016,2310,2310,0,231
2015-2016,2310,2310,0,231
2015-2016,2310,2310,0,231
2015-2016,2310,2310,1,231
2015-2016,2310,2310,0,231
2015-2016,2310,2310,0,231
2015-2016,2310,2310,0,231
2015-2016,2310,2310,0,231
2015-2016,2310,2310,0,231
2015-2016,2310,2310,0,231
2015-2016,2310,2310,0,231
2015-2016,2310,2310,0,231
2015-2016,2310,2310,0,231
2015-2016,2310,2310,0,231
2015-2016,2310,2310,0,231
2015-2016,2320,2320,0,232
2015-2016,2320,2320,0,232
2015-2016,2320,2320,1,232
2015-2016,2320,2320,0,232
2015-2016,2320,2320,1,232
2015-2016,2320,2320,1,232
2015-2016,2320,2320,0,232
2015-2016,2320,2320,0,232
2015-2016,2320,2320,0,232
2015-2016,2320,2320,0,232
2015-2016,2320,2320,0,232
2015-2016,2320,2320,1,232
2015-2016,2320,2320,0,232
2015-2016,2320,2320,0,232
2015-2016,2320,2320,27,232
2015-2016,2320,2320,0,232
2015-2016,2320,2320,0,232
2015-2016,2340,2340,0,234
2015-2016,2340,2340,0,234
2015-2016,2340,2340,0,234
2015-2016,2340,2340,0,234
2015-2016,2340,2340,0,234
2015-2016,2340,2340,0,234
2015-2016,2340,2340,0,234
2015-2016,2340,2340,0,234
2015-2016,2340,2340,0,234
2015-2016,2340,2340,0,234
2015-2016,2340,2340,0,234
2015-2016,2340,2340,0,234
2015-2016,2340,2340,0,234
2015-2016,2340,2340,0,234
2015-2016,2340,2340,0,234
2015-2016,2340,2340,0,234
2015-2016,2340,2340,0,234
2015-2016,2370,2370,0,237
2015-2016,2370,2370,0,237
2015-2016,2370,2370,2,237
2015-2016,2370,2370,2,237
2015-2016,2370,2370,0,237
2015-2016,2370,2370,1,237
2015-2016,2370,2370,2,237
2015-2016,2370,2370,1,237
2015-2016,2370,2370,1,237
2015-2016,2370,2370,0,237
2015-2016,2370,2370,0,237
2015-2016,2370,2370,0,237
2015-2016,2370,2370,18,237
2015-2016,2370,2370,1,237
2015-2016,2370,2370,6,237
2015-2016,2370,2370,0,237
2015-2016,2370,2370,0,237
2015-2016,2380,2380,0,238
2015-2016,2380,2380,0,238
2015-2016,2380,2380,0,238
2015-2016,2380,2380,0,238
2015-2016,2380,2380,0,238
2015-2016,2380,2380,1,238
2015-2016,2380,2380,0,238
2015-2016,2380,2380,2,238
2015-2016,2380,2380,0,238
2015-2016,2380,2380,0,238
2015-2016,2380,2380,0,238
2015-2016,2380,2380,1,238
2015-2016,2380,2380,1,238
2015-2016,2380,2380,0,238
2015-2016,2380,2380,0,238
2015-2016,2380,2380,0,238
2015-2016,2380,2380,1,238
2015-2016,2390,2390,0,239
2015-2016,2390,2390,0,239
2015-2016,2390,2390,0,239
2015-2016,2390,2390,3,239
2015-2016,2390,2390,0,239
2015-2016,2390,2390,0,239
2015-2016,2390,2390,0,239
2015-2016,2390,2390,0,239
2015-2016,2390,2390,0,239
2015-2016,2390,2390,0,239
2015-2016,2390,2390,1,239
2015-2016,2390,2390,0,239
2015-2016,2390,2390,1,239
2015-2016,2390,2390,0,239
2015-2016,2390,2390,5,239
2015-2016,2390,2390,0,239
2015-2016,2390,2390,1,239
2015-2016,2410,2410,0,241
2015-2016,2410,2410,0,241
2015-2016,2410,2410,2,241
2015-2016,2410,2410,1,241
2015-2016,2410,2410,0,241
2015-2016,2410,2410,0,241
2015-2016,2410,2410,0,241
2015-2016,2410,2410,0,241
2015-2016,2410,2410,0,241
2015-2016,2410,2410,0,241
2015-2016,2410,2410,3,241
2015-2016,2410,2410,0,241
2015-2016,2410,2410,1,241
2015-2016,2410,2410,2,241
2015-2016,2410,2410,0,241
2015-2016,2410,2410,0,241
2015-2016,2410,2410,0,241
2015-2016,2450,2450,1,245
2015-2016,2450,2450,0,245
2015-2016,2450,2450,0,245
2015-2016,2450,2450,0,245
2015-2016,2450,2450,0,245
2015-2016,2450,2450,0,245
2015-2016,2450,2450,0,245
2015-2016,2450,2450,0,245
2015-2016,2450,2450,0,245
2015-2016,2450,2450,0,245
2015-2016,2450,2450,12,245
2015-2016,2450,2450,0,245
2015-2016,2450,2450,1,245
2015-2016,2450,2450,1,245
2015-2016,2450,2450,0,245
2015-2016,2450,2450,0,245
2015-2016,2450,2450,3,245
2015-2016,2470,2470,1,247
2015-2016,2470,2470,0,247
2015-2016,2470,2470,0,247
2015-2016,2470,2470,0,247
2015-2016,2470,2470,0,247
2015-2016,2470,2470,0,247
2015-2016,2470,2470,0,247
2015-2016,2470,2470,1,247
2015-2016,2470,2470,2,247
2015-2016,2470,2470,0,247
2015-2016,2470,2470,0,247
2015-2016,2470,2470,0,247
2015-2016,2470,2470,0,247
2015-2016,2470,2470,0,247
2015-2016,2470,2470,1,247
2015-2016,2470,2470,1,247
2015-2016,2470,2470,0,247
2015-2016,2480,2480,0,248
2015-2016,2480,2480,0,248
2015-2016,2480,2480,0,248
2015-2016,2480,2480,1,248
2015-2016,2480,2480,3,248
2015-2016,2480,2480,0,248
2015-2016,2480,2480,0,248
2015-2016,2480,2480,9,248
2015-2016,2480,2480,2,248
2015-2016,2480,2480,0,248
2015-2016,2480,2480,0,248
2015-2016,2480,2480,0,248
2015-2016,2480,2480,0,248
2015-2016,2480,2480,3,248
2015-2016,2480,2480,1,248
2015-2016,2480,2480,1,248
2015-2016,2480,2480,0,248
2015-2016,2490,2490,0,249
2015-2016,2490,2490,0,249
2015-2016,2490,2490,0,249
2015-2016,2490,2490,0,249
2015-2016,2490,2490,1,249
2015-2016,2490,2490,0,249
2015-2016,2490,2490,0,249
2015-2016,2490,2490,0,249
2015-2016,2490,2490,0,249
2015-2016,2490,2490,0,249
2015-2016,2490,2490,0,249
2015-2016,2490,2490,0,249
2015-2016,2490,2490,0,249
2015-2016,2490,2490,0,249
2015-2016,2490,2490,0,249
2015-2016,2490,2490,0,249
2015-2016,2490,2490,3,249
2015-2016,2510,2510,0,251
2015-2016,2510,2510,1,251
2015-2016,2510,2510,0,251
2015-2016,2510,2510,6,251
2015-2016,2510,2510,2,251
2015-2016,2510,2510,0,251
2015-2016,2510,2510,0,251
2015-2016,2510,2510,0,251
2015-2016,2510,2510,0,251
2015-2016,2510,2510,0,251
2015-2016,2510,2510,1,251
2015-2016,2510,2510,0,251
2015-2016,2510,2510,0,251
2015-2016,2510,2510,0,251
2015-2016,2510,2510,0,251
2015-2016,2510,2510,0,251
2015-2016,2510,2510,0,251
2015-2016,2520,2520,0,252
2015-2016,2520,2520,0,252
2015-2016,2520,2520,0,252
2015-2016,2520,2520,0,252
2015-2016,2520,2520,2,252
2015-2016,2520,2520,0,252
2015-2016,2520,2520,0,252
2015-2016,2520,2520,0,252
2015-2016,2520,2520,0,252
2015-2016,2520,2520,0,252
2015-2016,2520,2520,0,252
2015-2016,2520,2520,0,252
2015-2016,2520,2520,0,252
2015-2016,2520,2520,0,252
2015-2016,2520,2520,0,252
2015-2016,2520,2520,0,252
2015-2016,2520,2520,1,252
2015-2016,2530,2530,0,253
2015-2016,2530,2530,0,253
2015-2016,2530,2530,0,253
2015-2016,2530,2530,1,253
2015-2016,2530,2530,0,253
2015-2016,2530,2530,0,253
2015-2016,2530,2530,0,253
2015-2016,2530,2530,0,253
2015-2016,2530,2530,0,253
2015-2016,2530,2530,0,253
2015-2016,2530,2530,0,253
2015-2016,2530,2530,0,253
2015-2016,2530,2530,0,253
2015-2016,2530,2530,0,253
2015-2016,2530,2530,0,253
2015-2016,2530,2530,0,253
2015-2016,2530,2530,0,253
2015-2016,2540,2540,0,254
2015-2016,2540,2540,1,254
2015-2016,2540,2540,1,254
2015-2016,2540,2540,5,254
2015-2016,2540,2540,0,254
2015-2016,2540,2540,0,254
2015-2016,2540,2540,0,254
2015-2016,2540,2540,0,254
2015-2016,2540,2540,0,254
2015-2016,2540,2540,0,254
2015-2016,2540,2540,0,254
2015-2016,2540,2540,0,254
2015-2016,2540,2540,0,254
2015-2016,2540,2540,0,254
2015-2016,2540,2540,0,254
2015-2016,2540,2540,0,254
2015-2016,2540,2540,0,254
2015-2016,2580,2580,0,258
2015-2016,2580,2580,0,258
2015-2016,2580,2580,0,258
2015-2016,2580,2580,0,258
2015-2016,2580,2580,0,258
2015-2016,2580,2580,0,258
2015-2016,2580,2580,0,258
2015-2016,2580,2580,0,258
2015-2016,2580,2580,1,258
2015-2016,2580,2580,1,258
2015-2016,2580,2580,1,258
2015-2016,2580,2580,1,258
2015-2016,2580,2580,0,258
2015-2016,2580,2580,0,258
2015-2016,2580,2580,0,258
2015-2016,2580,2580,0,258
2015-2016,2580,2580,0,258
2015-2016,2590,2590,1,259
2015-2016,2590,2590,0,259
2015-2016,2590,2590,1,259
2015-2016,2590,2590,0,259
2015-2016,2590,2590,0,259
2015-2016,2590,2590,0,259
2015-2016,2590,2590,0,259
2015-2016,2590,2590,0,259
2015-2016,2590,2590,0,259
2015-2016,2590,2590,0,259
2015-2016,2590,2590,1,259
2015-2016,2590,2590,0,259
2015-2016,2590,2590,0,259
2015-2016,2590,2590,0,259
2015-2016,2590,2590,4,259
2015-2016,2590,2590,1,259
2015-2016,2590,2590,1,259
2015-2016,2620,2620,0,262
2015-2016,2620,2620,0,262
2015-2016,2620,2620,0,262
2015-2016,2620,2620,0,262
2015-2016,2620,2620,0,262
2015-2016,2620,2620,2,262
2015-2016,2620,2620,0,262
2015-2016,2620,2620,0,262
2015-2016,2620,2620,0,262
2015-2016,2620,2620,1,262
2015-2016,2620,2620,0,262
2015-2016,2620,2620,3,262
2015-2016,2620,2620,0,262
2015-2016,2620,2620,0,262
2015-2016,2620,2620,0,262
2015-2016,2620,2620,1,262
2015-2016,2620,2620,0,262
2015-2016,2630,2630,1,263
2015-2016,2630,2630,0,263
2015-2016,2630,2630,0,263
2015-2016,2630,2630,0,263
2015-2016,2630,2630,0,263
2015-2016,2630,2630,0,263
2015-2016,2630,2630,1,263
2015-2016,2630,2630,1,263
2015-2016,2630,2630,4,263
2015-2016,2630,2630,0,263
2015-2016,2630,2630,0,263
2015-2016,2630,2630,0,263
2015-2016,2630,2630,0,263
2015-2016,2630,2630,0,263
2015-2016,2630,2630,0,263
2015-2016,2630,2630,0,263
2015-2016,2630,2630,1,263
2015-2016,2640,2640,1,264
2015-2016,2640,2640,3,264
2015-2016,2640,2640,5,264
2015-2016,2640,2640,0,264
2015-2016,2640,2640,0,264
2015-2016,2640,2640,0,264
2015-2016,2640,2640,0,264
2015-2016,2640,2640,0,264
2015-2016,2640,2640,0,264
2015-2016,2640,2640,0,264
2015-2016,2640,2640,4,264
2015-2016,2640,2640,1,264
2015-2016,2640,2640,5,264
2015-2016,2640,2640,29,264
2015-2016,2640,2640,2,264
2015-2016,2640,2640,11,264
2015-2016,2640,2640,0,264
2015-2016,2650,2650,2,265
2015-2016,2650,2650,0,265
2015-2016,2650,2650,4,265
2015-2016,2650,2650,0,265
2015-2016,2650,2650,0,265
2015-2016,2650,2650,0,265
2015-2016,2650,2650,5,265
2015-2016,2650,2650,0,265
2015-2016,2650,2650,1,265
2015-2016,2650,2650,0,265
2015-2016,2650,2650,0,265
2015-2016,2650,2650,1,265
2015-2016,2650,2650,0,265
2015-2016,2650,2650,0,265
2015-2016,2650,2650,0,265
2015-2016,2650,2650,0,265
2015-2016,2650,2650,0,265
2015-2016,2670,2670,0,267
2015-2016,2670,2670,0,267
2015-2016,2670,2670,0,267
2015-2016,2670,2670,0,267
2015-2016,2670,2670,0,267
2015-2016,2670,2670,5,267
2015-2016,2670,2670,1,267
2015-2016,2670,2670,0,267
2015-2016,2670,2670,0,267
2015-2016,2670,2670,0,267
2015-2016,2670,2670,2,267
2015-2016,2670,2670,0,267
2015-2016,2670,2670,0,267
2015-2016,2670,2670,0,267
2015-2016,2670,2670,0,267
2015-2016,2670,2670,0,267
2015-2016,2670,2670,2,267
2015-2016,2680,2680,0,268
2015-2016,2680,2680,0,268
2015-2016,2680,2680,0,268
2015-2016,2680,2680,0,268
2015-2016,2680,2680,0,268
2015-2016,2680,2680,0,268
2015-2016,2680,2680,0,268
2015-2016,2680,2680,0,268
2015-2016,2680,2680,1,268
2015-2016,2680,2680,2,268
2015-2016,2680,2680,0,268
2015-2016,2680,2680,0,268
2015-2016,2680,2680,0,268
2015-2016,2680,2680,0,268
2015-2016,2680,2680,0,268
2015-2016,2680,2680,0,268
2015-2016,2680,2680,1,268
2015-2016,2690,2690,0,269
2015-2016,2690,2690,0,269
2015-2016,2690,2690,0,269
2015-2016,2690,2690,0,269
2015-2016,2690,2690,0,269
2015-2016,2690,2690,0,269
2015-2016,2690,2690,0,269
2015-2016,2690,2690,0,269
2015-2016,2690,2690,0,269
2015-2016,2690,2690,0,269
2015-2016,2690,2690,1,269
2015-2016,2690,2690,3,269
2015-2016,2690,2690,0,269
2015-2016,2690,2690,0,269
2015-2016,2690,2690,0,269
2015-2016,2690,2690,0,269
2015-2016,2690,2690,1,269
2015-2016,2720,2720,0,272
2015-2016,2720,2720,0,272
2015-2016,2720,2720,2,272
2015-2016,2720,2720,0,272
2015-2016,2720,2720,0,272
2015-2016,2720,2720,1,272
2015-2016,2720,2720,3,272
2015-2016,2720,2720,0,272
2015-2016,2720,2720,0,272
2015-2016,2720,2720,0,272
2015-2016,2720,2720,0,272
2015-2016,2720,2720,0,272
2015-2016,2720,2720,0,272
2015-2016,2720,2720,0,272
2015-2016,2720,2720,0,272
2015-2016,2720,2720,0,272
2015-2016,2720,2720,0,272
2015-2016,3190,3190,0,319
2015-2016,3190,3190,0,319
2015-2016,3190,3190,6,319
2015-2016,3190,3190,2,319
2015-2016,3190,3190,1,319
2015-2016,3190,3190,0,319
2015-2016,3190,3190,0,319
2015-2016,3190,3190,0,319
2015-2016,3190,3190,1,319
2015-2016,3190,3190,0,319
2015-2016,3190,3190,1,319
2015-2016,3190,3190,0,319
2015-2016,3190,3190,0,319
2015-2016,3190,3190,0,319
2015-2016,3190,3190,0,319
2015-2016,3190,3190,0,319
2015-2016,3190,3190,0,319
2015-2016,3200,3200,0,320
2015-2016,3200,3200,0,320
2015-2016,3200,3200,0,320
2015-2016,3200,3200,0,320
2015-2016,3200,3200,0,320
2015-2016,3200,3200,0,320
2015-2016,3200,3200,0,320
2015-2016,3200,3200,0,320
2015-2016,3200,3200,0,320
2015-2016,3200,3200,0,320
2015-2016,3200,3200,0,320
2015-2016,3200,3200,0,320
2015-2016,3200,3200,0,320
2015-2016,3200,3200,0,320
2015-2016,3200,3200,0,320
2015-2016,3200,3200,0,320
2015-2016,3200,3200,0,320
2015-2016,3210,3210,0,321
2015-2016,3210,3210,0,321
2015-2016,3210,3210,0,321
2015-2016,3210,3210,0,321
2015-2016,3210,3210,0,321
2015-2016,3210,3210,0,321
2015-2016,3210,3210,0,321
2015-2016,3210,3210,0,321
2015-2016,3210,3210,0,321
2015-2016,3210,3210,0,321
2015-2016,3210,3210,0,321
2015-2016,3210,3210,0,321
2015-2016,3210,3210,0,321
2015-2016,3210,3210,0,321
2015-2016,3210,3210,0,321
2015-2016,3210,3210,0,321
2015-2016,3210,3210,0,321
2015-2016,3270,3270,0,327
2015-2016,3270,3270,0,327
2015-2016,3270,3270,0,327
2015-2016,3270,3270,0,327
2015-2016,3270,3270,0,327
2015-2016,3270,3270,0,327
2015-2016,3270,3270,0,327
2015-2016,3270,3270,0,327
2015-2016,3270,3270,0,327
2015-2016,3270,3270,0,327
2015-2016,3270,3270,0,327
2015-2016,3270,3270,0,327
2015-2016,3270,3270,0,327
2015-2016,3270,3270,0,327
2015-2016,3270,3270,0,327
2015-2016,3270,3270,0,327
2015-2016,3270,3270,0,327
2015-2016,3290,3290,0,329
2015-2016,3290,3290,0,329
2015-2016,3290,3290,0,329
2015-2016,3290,3290,0,329
2015-2016,3290,3290,0,329
2015-2016,3290,3290,0,329
2015-2016,3290,3290,0,329
2015-2016,3290,3290,0,329
2015-2016,3290,3290,0,329
2015-2016,3290,3290,0,329
2015-2016,3290,3290,0,329
2015-2016,3290,3290,0,329
2015-2016,3290,3290,0,329
2015-2016,3290,3290,0,329
2015-2016,3290,3290,0,329
2015-2016,3290,3290,0,329
2015-2016,3290,3290,1,329
2015-2016,3510,3510,0,351
2015-2016,3510,3510,0,351
2015-2016,3510,3510,0,351
2015-2016,3510,3510,0,351
2015-2016,3510,3510,0,351
2015-2016,3510,3510,0,351
2015-2016,3510,3510,0,351
2015-2016,3510,3510,0,351
2015-2016,3510,3510,0,351
2015-2016,3510,3510,0,351
2015-2016,3510,3510,0,351
2015-2016,3510,3510,0,351
2015-2016,3510,3510,0,351
2015-2016,3510,3510,0,351
2015-2016,3510,3510,0,351
2015-2016,3510,3510,0,351
2015-2016,3510,3510,0,351
2015-2016,3540,3540,0,354
2015-2016,3540,3540,0,354
2015-2016,3540,3540,0,354
2015-2016,3540,3540,0,354
2015-2016,3540,3540,0,354
2015-2016,3540,3540,0,354
2015-2016,3540,3540,0,354
2015-2016,3540,3540,0,354
2015-2016,3540,3540,0,354
2015-2016,3540,3540,0,354
2015-2016,3540,3540,0,354
2015-2016,3540,3540,0,354
2015-2016,3540,3540,0,354
2015-2016,3540,3540,0,354
2015-2016,3540,3540,0,354
2015-2016,3540,3540,0,354
2015-2016,3540,3540,0,354
2015-2016,3800,3800,0,380
2015-2016,3800,3800,0,380
2015-2016,3800,3800,0,380
2015-2016,3800,3800,0,380
2015-2016,3800,3800,0,380
2015-2016,3800,3800,0,380
2015-2016,3800,3800,0,380
2015-2016,3800,3800,0,380
2015-2016,3800,3800,0,380
2015-2016,3800,3800,0,380
2015-2016,3800,3800,0,380
2015-2016,3800,3800,0,380
2015-2016,3800,3800,0,380
2015-2016,3800,3800,0,380
2015-2016,3800,3800,0,380
2015-2016,3800,3800,1,380
2015-2016,3800,3800,0,380
2015-2016,3810,3810,0,381
2015-2016,3810,3810,0,381
2015-2016,3810,3810,0,381
2015-2016,3810,3810,0,381
2015-2016,3810,3810,0,381
2015-2016,3810,3810,0,381
2015-2016,3810,3810,0,381
2015-2016,3810,3810,0,381
2015-2016,3810,3810,0,381
2015-2016,3810,3810,0,381
2015-2016,3810,3810,0,381
2015-2016,3810,3810,0,381
2015-2016,3810,3810,0,381
2015-2016,3810,3810,0,381
2015-2016,3810,3810,0,381
2015-2016,3810,3810,0,381
2015-2016,3810,3810,0,381
2015-2016,3880,3880,0,388
2015-2016,3880,3880,0,388
2015-2016,3880,3880,0,388
2015-2016,3880,3880,0,388
2015-2016,3880,3880,0,388
2015-2016,3880,3880,0,388
2015-2016,3880,3880,0,388
2015-2016,3880,3880,0,388
2015-2016,3880,3880,0,388
2015-2016,3880,3880,0,388
2015-2016,3880,3880,0,388
2015-2016,3880,3880,0,388
2015-2016,3880,3880,0,388
2015-2016,3880,3880,0,388
2015-2016,3880,3880,0,388
2015-2016,3880,3880,0,388
2015-2016,3880,3880,0,388
2015-2016,4020,4020,1,402
2015-2016,4020,4020,5,402
2015-2016,4020,4020,0,402
2015-2016,4020,4020,1,402
2015-2016,4020,4020,8,402
2015-2016,4020,4020,3,402
2015-2016,4020,4020,0,402
2015-2016,4020,4020,11,402
2015-2016,4020,4020,14,402
2015-2016,4020,4020,0,402
2015-2016,4020,4020,1,402
2015-2016,4020,4020,0,402
2015-2016,4020,4020,0,402
2015-2016,4020,4020,0,402
2015-2016,4020,4020,0,402
2015-2016,4020,4020,9,402
2015-2016,4020,4020,0,402
2015-2016,4030,4030,0,403
2015-2016,4030,4030,0,403
2015-2016,4030,4030,0,403
2015-2016,4030,4030,1,403
2015-2016,4030,4030,1,403
2015-2016,4030,4030,0,403
2015-2016,4030,4030,0,403
2015-2016,4030,4030,0,403
2015-2016,4030,4030,0,403
2015-2016,4030,4030,0,403
2015-2016,4030,4030,0,403
2015-2016,4030,4030,0,403
2015-2016,4030,4030,4,403
2015-2016,4030,4030,1,403
2015-2016,4030,4030,1,403
2015-2016,4030,4030,1,403
2015-2016,4030,4030,2,403
2015-2016,4060,4060,41,406
2015-2016,4060,4060,5,406
2015-2016,4060,4060,5,406
2015-2016,4060,4060,7,406
2015-2016,4060,4060,0,406
2015-2016,4060,4060,0,406
2015-2016,4060,4060,12,406
2015-2016,4060,4060,1,406
2015-2016,4060,4060,12,406
2015-2016,4060,4060,5,406
2015-2016,4060,4060,0,406
2015-2016,4060,4060,1,406
2015-2016,4060,4060,1,406
2015-2016,4060,4060,6,406
2015-2016,4060,4060,1,406
2015-2016,4060,4060,1,406
2015-2016,4060,4060,2,406
2015-2016,4100,4100,0,410
2015-2016,4100,4100,0,410
2015-2016,4100,4100,1,410
2015-2016,4100,4100,5,410
2015-2016,4100,4100,4,410
2015-2016,4100,4100,1,410
2015-2016,4100,4100,7,410
2015-2016,4100,4100,9,410
2015-2016,4100,4100,2,410
2015-2016,4100,4100,0,410
2015-2016,4100,4100,0,410
2015-2016,4100,4100,2,410
2015-2016,4100,4100,0,410
2015-2016,4100,4100,2,410
2015-2016,4100,4100,0,410
2015-2016,4100,4100,0,410
2015-2016,4100,4100,2,410
2015-2016,4140,4140,2,414
2015-2016,4140,4140,0,414
2015-2016,4140,4140,0,414
2015-2016,4140,4140,0,414
2015-2016,4140,4140,0,414
2015-2016,4140,4140,0,414
2015-2016,4140,4140,5,414
2015-2016,4140,4140,0,414
2015-2016,4140,4140,0,414
2015-2016,4140,4140,0,414
2015-2016,4140,4140,5,414
2015-2016,4140,4140,2,414
2015-2016,4140,4140,12,414
2015-2016,4140,4140,7,414
2015-2016,4140,4140,0,414
2015-2016,4140,4140,8,414
2015-2016,4140,4140,0,414
2015-2016,4220,4220,0,422
2015-2016,4220,4220,1,422
2015-2016,4220,4220,14,422
2015-2016,4220,4220,9,422
2015-2016,4220,4220,0,422
2015-2016,4220,4220,4,422
2015-2016,4220,4220,1,422
2015-2016,4220,4220,0,422
2015-2016,4220,4220,0,422
2015-2016,4220,4220,2,422
2015-2016,4220,4220,3,422
2015-2016,4220,4220,2,422
2015-2016,4220,4220,0,422
2015-2016,4220,4220,0,422
2015-2016,4220,4220,0,422
2015-2016,4220,4220,1,422
2015-2016,4220,4220,6,422
2015-2016,4240,4240,1,424
2015-2016,4240,4240,0,424
2015-2016,4240,4240,0,424
2015-2016,4240,4240,4,424
2015-2016,4240,4240,5,424
2015-2016,4240,4240,0,424
2015-2016,4240,4240,0,424
2015-2016,4240,4240,5,424
2015-2016,4240,4240,6,424
2015-2016,4240,4240,0,424
2015-2016,4240,4240,0,424
2015-2016,4240,4240,0,424
2015-2016,4240,4240,23,424
2015-2016,4240,4240,0,424
2015-2016,4240,4240,2,424
2015-2016,4240,4240,1,424
2015-2016,4240,4240,1,424
2015-2016,4270,4270,0,427
2015-2016,4270,4270,0,427
2015-2016,4270,4270,0,427
2015-2016,4270,4270,0,427
2015-2016,4270,4270,1,427
2015-2016,4270,4270,0,427
2015-2016,4270,4270,5,427
2015-2016,4270,4270,0,427
2015-2016,4270,4270,0,427
2015-2016,4270,4270,0,427
2015-2016,4270,4270,1,427
2015-2016,4270,4270,0,427
2015-2016,4270,4270,5,427
2015-2016,4270,4270,0,427
2015-2016,4270,4270,0,427
2015-2016,4270,4270,0,427
2015-2016,4270,4270,0,427
2015-2016,4280,4280,0,428
2015-2016,4280,4280,0,428
2015-2016,4280,4280,0,428
2015-2016,4280,4280,3,428
2015-2016,4280,4280,0,428
2015-2016,4280,4280,2,428
2015-2016,4280,4280,0,428
2015-2016,4280,4280,0,428
2015-2016,4280,4280,0,428
2015-2016,4280,4280,0,428
2015-2016,4280,4280,5,428
2015-2016,4280,4280,0,428
2015-2016,4280,4280,0,428
2015-2016,4280,4280,0,428
2015-2016,4280,4280,9,428
2015-2016,4280,4280,0,428
2015-2016,4280,4280,0,428
2015-2016,4300,4300,0,430
2015-2016,4300,4300,1,430
2015-2016,4300,4300,5,430
2015-2016,4300,4300,0,430
2015-2016,4300,4300,1,430
2015-2016,4300,4300,1,430
2015-2016,4300,4300,1,430
2015-2016,4300,4300,1,430
2015-2016,4300,4300,1,430
2015-2016,4300,4300,1,430
2015-2016,4300,4300,2,430
2015-2016,4300,4300,0,430
2015-2016,4300,4300,23,430
2015-2016,4300,4300,3,430
2015-2016,4300,4300,0,430
2015-2016,4300,4300,0,430
2015-2016,4300,4300,0,430
2015-2016,4320,4320,0,432
2015-2016,4320,4320,1,432
2015-2016,4320,4320,2,432
2015-2016,4320,4320,32,432
2015-2016,4320,4320,0,432
2015-2016,4320,4320,3,432
2015-2016,4320,4320,1,432
2015-2016,4320,4320,0,432
2015-2016,4320,4320,0,432
2015-2016,4320,4320,0,432
2015-2016,4320,4320,0,432
2015-2016,4320,4320,0,432
2015-2016,4320,4320,0,432
2015-2016,4320,4320,3,432
2015-2016,4320,4320,1,432
2015-2016,4320,4320,0,432
2015-2016,4320,4320,12,432
2015-2016,4350,4350,0,435
2015-2016,4350,4350,7,435
2015-2016,4350,4350,2,435
2015-2016,4350,4350,0,435
2015-2016,4350,4350,0,435
2015-2016,4350,4350,0,435
2015-2016,4350,4350,0,435
2015-2016,4350,4350,0,435
2015-2016,4350,4350,3,435
2015-2016,4350,4350,0,435
2015-2016,4350,4350,0,435
2015-2016,4350,4350,0,435
2015-2016,4350,4350,18,435
2015-2016,4350,4350,0,435
2015-2016,4350,4350,0,435
2015-2016,4350,4350,3,435
2015-2016,4350,4350,0,435
2015-2016,4370,4370,0,437
2015-2016,4370,4370,0,437
2015-2016,4370,4370,0,437
2015-2016,4370,4370,0,437
2015-2016,4370,4370,3,437
2015-2016,4370,4370,1,437
2015-2016,4370,4370,0,437
2015-2016,4370,4370,0,437
2015-2016,4370,4370,1,437
2015-2016,4370,4370,0,437
2015-2016,4370,4370,0,437
2015-2016,4370,4370,0,437
2015-2016,4370,4370,1,437
2015-2016,4370,4370,0,437
2015-2016,4370,4370,0,437
2015-2016,4370,4370,0,437
2015-2016,4370,4370,0,437
2015-2016,4380,4380,0,438
2015-2016,4380,4380,0,438
2015-2016,4380,4380,0,438
2015-2016,4380,4380,0,438
2015-2016,4380,4380,1,438
2015-2016,4380,4380,0,438
2015-2016,4380,4380,0,438
2015-2016,4380,4380,0,438
2015-2016,4380,4380,0,438
2015-2016,4380,4380,0,438
2015-2016,4380,4380,0,438
2015-2016,4380,4380,0,438
2015-2016,4380,4380,0,438
2015-2016,4380,4380,1,438
2015-2016,4380,4380,2,438
2015-2016,4380,4380,0,438
2015-2016,4380,4380,0,438
2015-2016,4440,4440,1,444
2015-2016,4440,4440,0,444
2015-2016,4440,4440,10,444
2015-2016,4440,4440,20,444
2015-2016,4440,4440,4,444
2015-2016,4440,4440,1,444
2015-2016,4440,4440,3,444
2015-2016,4440,4440,2,444
2015-2016,4440,4440,0,444
2015-2016,4440,4440,0,444
2015-2016,4440,4440,1,444
2015-2016,4440,4440,1,444
2015-2016,4440,4440,6,444
2015-2016,4440,4440,0,444
2015-2016,4440,4440,0,444
2015-2016,4440,4440,2,444
2015-2016,4440,4440,0,444
2015-2016,4460,4460,0,446
2015-2016,4460,4460,0,446
2015-2016,4460,4460,1,446
2015-2016,4460,4460,0,446
2015-2016,4460,4460,0,446
2015-2016,4460,4460,0,446
2015-2016,4460,4460,1,446
2015-2016,4460,4460,0,446
2015-2016,4460,4460,0,446
2015-2016,4460,4460,3,446
2015-2016,4460,4460,2,446
2015-2016,4460,4460,0,446
2015-2016,4460,4460,0,446
2015-2016,4460,4460,0,446
2015-2016,4460,4460,5,446
2015-2016,4460,4460,1,446
2015-2016,4460,4460,0,446
2015-2016,4470,4470,1,447
2015-2016,4470,4470,0,447
2015-2016,4470,4470,0,447
2015-2016,4470,4470,2,447
2015-2016,4470,4470,0,447
2015-2016,4470,4470,2,447
2015-2016,4470,4470,0,447
2015-2016,4470,4470,0,447
2015-2016,4470,4470,8,447
2015-2016,4470,4470,0,447
2015-2016,4470,4470,0,447
2015-2016,4470,4470,0,447
2015-2016,4470,4470,1,447
2015-2016,4470,4470,17,447
2015-2016,4470,4470,0,447
2015-2016,4470,4470,1,447
2015-2016,4470,4470,0,447
2015-2016,4480,4480,0,448
2015-2016,4480,4480,0,448
2015-2016,4480,4480,0,448
2015-2016,4480,4480,0,448
2015-2016,4480,4480,0,448
2015-2016,4480,4480,0,448
2015-2016,4480,4480,0,448
2015-2016,4480,4480,0,448
2015-2016,4480,4480,0,448
2015-2016,4480,4480,0,448
2015-2016,4480,4480,0,448
2015-2016,4480,4480,0,448
2015-2016,4480,4480,0,448
2015-2016,4480,4480,0,448
2015-2016,4480,4480,0,448
2015-2016,4480,4480,0,448
2015-2016,4480,4480,0,448
2015-2016,4530,4530,0,453
2015-2016,4530,4530,2,453
2015-2016,4530,4530,1,453
2015-2016,4530,4530,0,453
2015-2016,4530,4530,0,453
2015-2016,4530,4530,0,453
2015-2016,4530,4530,8,453
2015-2016,4530,4530,0,453
2015-2016,4530,4530,5,453
2015-2016,4530,4530,0,453
2015-2016,4530,4530,0,453
2015-2016,4530,4530,0,453
2015-2016,4530,4530,0,453
2015-2016,4530,4530,7,453
2015-2016,4530,4530,0,453
2015-2016,4530,4530,0,453
2015-2016,4530,4530,0,453
2015-2016,4560,4560,2,456
2015-2016,4560,4560,0,456
2015-2016,4560,4560,0,456
2015-2016,4560,4560,0,456
2015-2016,4560,4560,0,456
2015-2016,4560,4560,0,456
2015-2016,4560,4560,0,456
2015-2016,4560,4560,0,456
2015-2016,4560,4560,1,456
2015-2016,4560,4560,0,456
2015-2016,4560,4560,0,456
2015-2016,4560,4560,0,456
2015-2016,4560,4560,1,456
2015-2016,4560,4560,1,456
2015-2016,4560,4560,0,456
2015-2016,4560,4560,0,456
2015-2016,4560,4560,1,456
2015-2016,4570,4570,0,457
2015-2016,4570,4570,0,457
2015-2016,4570,4570,0,457
2015-2016,4570,4570,0,457
2015-2016,4570,4570,0,457
2015-2016,4570,4570,0,457
2015-2016,4570,4570,0,457
2015-2016,4570,4570,0,457
2015-2016,4570,4570,3,457
2015-2016,4570,4570,0,457
2015-2016,4570,4570,1,457
2015-2016,4570,4570,0,457
2015-2016,4570,4570,2,457
2015-2016,4570,4570,1,457
2015-2016,4570,4570,1,457
2015-2016,4570,4570,1,457
2015-2016,4570,4570,0,457
2015-2016,5020,5020,60,502
2015-2016,5020,5020,2,502
2015-2016,5020,5020,8,502
2015-2016,5020,5020,2,502
2015-2016,5020,5020,3,502
2015-2016,5020,5020,0,502
2015-2016,5020,5020,2,502
2015-2016,5020,5020,38,502
2015-2016,5020,5020,6,502
2015-2016,5020,5020,2,502
2015-2016,5020,5020,15,502
2015-2016,5020,5020,0,502
2015-2016,5020,5020,0,502
2015-2016,5020,5020,18,502
2015-2016,5020,5020,9,502
2015-2016,5020,5020,0,502
2015-2016,5020,5020,0,502
2015-2016,5050,5050,0,505
2015-2016,5050,5050,0,505
2015-2016,5050,5050,0,505
2015-2016,5050,5050,3,505
2015-2016,5050,5050,0,505
2015-2016,5050,5050,1,505
2015-2016,5050,5050,0,505
2015-2016,5050,5050,0,505
2015-2016,5050,5050,0,505
2015-2016,5050,5050,0,505
2015-2016,5050,5050,0,505
2015-2016,5050,5050,0,505
2015-2016,5050,5050,0,505
2015-2016,5050,5050,3,505
2015-2016,5050,5050,1,505
2015-2016,5050,5050,0,505
2015-2016,5050,5050,0,505
2015-2016,5060,5060,1,506
2015-2016,5060,5060,1,506
2015-2016,5060,5060,8,506
2015-2016,5060,5060,1,506
2015-2016,5060,5060,0,506
2015-2016,5060,5060,0,506
2015-2016,5060,5060,1,506
2015-2016,5060,5060,0,506
2015-2016,5060,5060,0,506
2015-2016,5060,5060,3,506
2015-2016,5060,5060,1,506
2015-2016,5060,5060,2,506
2015-2016,5060,5060,6,506
2015-2016,5060,5060,3,506
2015-2016,5060,5060,2,506
2015-2016,5060,5060,2,506
2015-2016,5060,5060,0,506
2015-2016,5070,5070,0,507
2015-2016,5070,5070,0,507
2015-2016,5070,5070,7,507
2015-2016,5070,5070,0,507
2015-2016,5070,5070,0,507
2015-2016,5070,5070,1,507
2015-2016,5070,5070,0,507
2015-2016,5070,5070,2,507
2015-2016,5070,5070,0,507
2015-2016,5070,5070,0,507
2015-2016,5070,5070,0,507
2015-2016,5070,5070,0,507
2015-2016,5070,5070,1,507
2015-2016,5070,5070,0,507
2015-2016,5070,5070,0,507
2015-2016,5070,5070,0,507
2015-2016,5070,5070,0,507
2015-2016,5080,5080,0,508
2015-2016,5080,5080,0,508
2015-2016,5080,5080,0,508
2015-2016,5080,5080,0,508
2015-2016,5080,5080,0,508
2015-2016,5080,5080,0,508
2015-2016,5080,5080,2,508
2015-2016,5080,5080,0,508
2015-2016,5080,5080,0,508
2015-2016,5080,5080,0,508
2015-2016,5080,5080,0,508
2015-2016,5080,5080,0,508
2015-2016,5080,5080,1,508
2015-2016,5080,5080,0,508
2015-2016,5080,5080,0,508
2015-2016,5080,5080,1,508
2015-2016,5080,5080,0,508
2015-2016,5090,5090,0,509
2015-2016,5090,5090,0,509
2015-2016,5090,5090,0,509
2015-2016,5090,5090,0,509
2015-2016,5090,5090,1,509
2015-2016,5090,5090,0,509
2015-2016,5090,5090,0,509
2015-2016,5090,5090,0,509
2015-2016,5090,5090,2,509
2015-2016,5090,5090,0,509
2015-2016,5090,5090,0,509
2015-2016,5090,5090,0,509
2015-2016,5090,5090,2,509
2015-2016,5090,5090,0,509
2015-2016,5090,5090,0,509
2015-2016,5090,5090,0,509
2015-2016,5090,5090,0,509
2015-2016,5150,5150,0,515
2015-2016,5150,5150,3,515
2015-2016,5150,5150,0,515
2015-2016,5150,5150,0,515
2015-2016,5150,5150,0,515
2015-2016,5150,5150,0,515
2015-2016,5150,5150,0,515
2015-2016,5150,5150,0,515
2015-2016,5150,5150,0,515
2015-2016,5150,5150,3,515
2015-2016,5150,5150,0,515
2015-2016,5150,5150,0,515
2015-2016,5150,5150,3,515
2015-2016,5150,5150,0,515
2015-2016,5150,5150,0,515
2015-2016,5150,5150,0,515
2015-2016,5150,5150,1,515
2015-2016,5160,5160,0,516
2015-2016,5160,5160,0,516
2015-2016,5160,5160,0,516
2015-2016,5160,5160,7,516
2015-2016,5160,5160,2,516
2015-2016,5160,5160,0,516
2015-2016,5160,5160,0,516
2015-2016,5160,5160,4,516
2015-2016,5160,5160,0,516
2015-2016,5160,5160,21,516
2015-2016,5160,5160,8,516
2015-2016,5160,5160,2,516
2015-2016,5160,5160,0,516
2015-2016,5160,5160,1,516
2015-2016,5160,5160,2,516
2015-2016,5160,5160,6,516
2015-2016,5160,5160,29,516
2015-2016,5170,5170,3,517
2015-2016,5170,5170,3,517
2015-2016,5170,5170,0,517
2015-2016,5170,5170,0,517
2015-2016,5170,5170,0,517
2015-2016,5170,5170,0,517
2015-2016,5170,5170,8,517
2015-2016,5170,5170,0,517
2015-2016,5170,5170,2,517
2015-2016,5170,5170,0,517
2015-2016,5170,5170,7,517
2015-2016,5170,5170,0,517
2015-2016,5170,5170,0,517
2015-2016,5170,5170,1,517
2015-2016,5170,5170,1,517
2015-2016,5170,5170,1,517
2015-2016,5170,5170,2,517
2015-2016,5200,5200,0,520
2015-2016,5200,5200,0,520
2015-2016,5200,5200,0,520
2015-2016,5200,5200,0,520
2015-2016,5200,5200,0,520
2015-2016,5200,5200,0,520
2015-2016,5200,5200,0,520
2015-2016,5200,5200,0,520
2015-2016,5200,5200,1,520
2015-2016,5200,5200,0,520
2015-2016,5200,5200,0,520
2015-2016,5200,5200,0,520
2015-2016,5200,5200,0,520
2015-2016,5200,5200,0,520
2015-2016,5200,5200,1,520
2015-2016,5200,5200,1,520
2015-2016,5200,5200,0,520
2015-2016,5210,5210,1,521
2015-2016,5210,5210,7,521
2015-2016,5210,5210,0,521
2015-2016,5210,5210,0,521
2015-2016,5210,5210,0,521
2015-2016,5210,5210,0,521
2015-2016,5210,5210,0,521
2015-2016,5210,5210,0,521
2015-2016,5210,5210,0,521
2015-2016,5210,5210,0,521
2015-2016,5210,5210,0,521
2015-2016,5210,5210,0,521
2015-2016,5210,5210,0,521
2015-2016,5210,5210,0,521
2015-2016,5210,5210,0,521
2015-2016,5210,5210,0,521
2015-2016,5210,5210,2,521
2015-2016,5230,5230,20,523
2015-2016,5230,5230,3,523
2015-2016,5230,5230,0,523
2015-2016,5230,5230,0,523
2015-2016,5230,5230,0,523
2015-2016,5230,5230,1,523
2015-2016,5230,5230,1,523
2015-2016,5230,5230,7,523
2015-2016,5230,5230,0,523
2015-2016,5230,5230,9,523
2015-2016,5230,5230,9,523
2015-2016,5230,5230,0,523
2015-2016,5230,5230,1,523
2015-2016,5230,5230,0,523
2015-2016,5230,5230,0,523
2015-2016,5230,5230,1,523
2015-2016,5230,5230,1,523
2015-2016,5250,5250,0,525
2015-2016,5250,5250,0,525
2015-2016,5250,5250,0,525
2015-2016,5250,5250,1,525
2015-2016,5250,5250,0,525
2015-2016,5250,5250,0,525
2015-2016,5250,5250,0,525
2015-2016,5250,5250,0,525
2015-2016,5250,5250,0,525
2015-2016,5250,5250,0,525
2015-2016,5250,5250,0,525
2015-2016,5250,5250,7,525
2015-2016,5250,5250,0,525
2015-2016,5250,5250,0,525
2015-2016,5250,5250,0,525
2015-2016,5250,5250,2,525
2015-2016,5250,5250,1,525
2015-2016,5260,5260,3,526
2015-2016,5260,5260,0,526
2015-2016,5260,5260,37,526
2015-2016,5260,5260,0,526
2015-2016,5260,5260,0,526
2015-2016,5260,5260,0,526
2015-2016,5260,5260,2,526
2015-2016,5260,5260,0,526
2015-2016,5260,5260,0,526
2015-2016,5260,5260,0,526
2015-2016,5260,5260,0,526
2015-2016,5260,5260,1,526
2015-2016,5260,5260,2,526
2015-2016,5260,5260,0,526
2015-2016,5260,5260,0,526
2015-2016,5260,5260,0,526
2015-2016,5260,5260,1,526
2015-2016,5300,5300,0,530
2015-2016,5300,5300,0,530
2015-2016,5300,5300,0,530
2015-2016,5300,5300,1,530
2015-2016,5300,5300,7,530
2015-2016,5300,5300,0,530
2015-2016,5300,5300,0,530
2015-2016,5300,5300,0,530
2015-2016,5300,5300,0,530
2015-2016,5300,5300,0,530
2015-2016,5300,5300,0,530
2015-2016,5300,5300,1,530
2015-2016,5300,5300,0,530
2015-2016,5300,5300,0,530
2015-2016,5300,5300,0,530
2015-2016,5300,5300,0,530
2015-2016,5300,5300,0,530
2015-2016,5320,5320,0,532
2015-2016,5320,5320,2,532
2015-2016,5320,5320,0,532
2015-2016,5320,5320,0,532
2015-2016,5320,5320,4,532
2015-2016,5320,5320,0,532
2015-2016,5320,5320,0,532
2015-2016,5320,5320,2,532
2015-2016,5320,5320,0,532
2015-2016,5320,5320,0,532
2015-2016,5320,5320,1,532
2015-2016,5320,5320,0,532
2015-2016,5320,5320,0,532
2015-2016,5320,5320,12,532
2015-2016,5320,5320,1,532
2015-2016,5320,5320,1,532
2015-2016,5320,5320,4,532
2015-2016,5330,5330,0,533
2015-2016,5330,5330,3,533
2015-2016,5330,5330,0,533
2015-2016,5330,5330,0,533
2015-2016,5330,5330,0,533
2015-2016,5330,5330,0,533
2015-2016,5330,5330,0,533
2015-2016,5330,5330,0,533
2015-2016,5330,5330,1,533
2015-2016,5330,5330,0,533
2015-2016,5330,5330,3,533
2015-2016,5330,5330,1,533
2015-2016,5330,5330,2,533
2015-2016,5330,5330,0,533
2015-2016,5330,5330,0,533
2015-2016,5330,5330,0,533
2015-2016,5330,5330,0,533
2015-2016,5340,5340,2,534
2015-2016,5340,5340,0,534
2015-2016,5340,5340,3,534
2015-2016,5340,5340,0,534
2015-2016,5340,5340,6,534
2015-2016,5340,5340,0,534
2015-2016,5340,5340,0,534
2015-2016,5340,5340,1,534
2015-2016,5340,5340,2,534
2015-2016,5340,5340,0,534
2015-2016,5340,5340,0,534
2015-2016,5340,5340,0,534
2015-2016,5340,5340,0,534
2015-2016,5340,5340,1,534
2015-2016,5340,5340,8,534
2015-2016,5340,5340,1,534
2015-2016,5340,5340,0,534
2015-2016,5350,5350,0,535
2015-2016,5350,5350,0,535
2015-2016,5350,5350,0,535
2015-2016,5350,5350,4,535
2015-2016,5350,5350,0,535
2015-2016,5350,5350,0,535
2015-2016,5350,5350,0,535
2015-2016,5350,5350,0,535
2015-2016,5350,5350,2,535
2015-2016,5350,5350,0,535
2015-2016,5350,5350,0,535
2015-2016,5350,5350,0,535
2015-2016,5350,5350,0,535
2015-2016,5350,5350,1,535
2015-2016,5350,5350,0,535
2015-2016,5350,5350,1,535
2015-2016,5350,5350,0,535
2015-2016,5370,5370,0,537
2015-2016,5370,5370,0,537
2015-2016,5370,5370,0,537
2015-2016,5370,5370,0,537
2015-2016,5370,5370,0,537
2015-2016,5370,5370,0,537
2015-2016,5370,5370,2,537
2015-2016,5370,5370,0,537
2015-2016,5370,5370,0,537
2015-2016,5370,5370,0,537
2015-2016,5370,5370,1,537
2015-2016,5370,5370,0,537
2015-2016,5370,5370,1,537
2015-2016,5370,5370,0,537
2015-2016,5370,5370,0,537
2015-2016,5370,5370,3,537
2015-2016,5370,5370,0,537
2015-2016,5390,5390,0,539
2015-2016,5390,5390,0,539
2015-2016,5390,5390,0,539
2015-2016,5390,5390,0,539
2015-2016,5390,5390,3,539
2015-2016,5390,5390,3,539
2015-2016,5390,5390,0,539
2015-2016,5390,5390,0,539
2015-2016,5390,5390,0,539
2015-2016,5390,5390,1,539
2015-2016,5390,5390,0,539
2015-2016,5390,5390,0,539
2015-2016,5390,5390,0,539
2015-2016,5390,5390,0,539
2015-2016,5390,5390,3,539
2015-2016,5390,5390,2,539
2015-2016,5390,5390,1,539
2015-2016,5400,5400,0,540
2015-2016,5400,5400,0,540
2015-2016,5400,5400,0,540
2015-2016,5400,5400,3,540
2015-2016,5400,5400,1,540
2015-2016,5400,5400,0,540
2015-2016,5400,5400,0,540
2015-2016,5400,5400,0,540
2015-2016,5400,5400,0,540
2015-2016,5400,5400,0,540
2015-2016,5400,5400,2,540
2015-2016,5400,5400,6,540
2015-2016,5400,5400,1,540
2015-2016,5400,5400,2,540
2015-2016,5400,5400,0,540
2015-2016,5400,5400,0,540
2015-2016,5400,5400,0,540
2015-2016,5410,5410,0,541
2015-2016,5410,5410,0,541
2015-2016,5410,5410,0,541
2015-2016,5410,5410,0,541
2015-2016,5410,5410,0,541
2015-2016,5410,5410,1,541
2015-2016,5410,5410,0,541
2015-2016,5410,5410,0,541
2015-2016,5410,5410,0,541
2015-2016,5410,5410,0,541
2015-2016,5410,5410,0,541
2015-2016,5410,5410,0,541
2015-2016,5410,5410,3,541
2015-2016,5410,5410,0,541
2015-2016,5410,5410,0,541
2015-2016,5410,5410,0,541
2015-2016,5410,5410,0,541
2015-2016,5420,5420,1,542
2015-2016,5420,5420,4,542
2015-2016,5420,5420,0,542
2015-2016,5420,5420,0,542
2015-2016,5420,5420,1,542
2015-2016,5420,5420,19,542
2015-2016,5420,5420,0,542
2015-2016,5420,5420,1,542
2015-2016,5420,5420,8,542
2015-2016,5420,5420,0,542
2015-2016,5420,5420,0,542
2015-2016,5420,5420,0,542
2015-2016,5420,5420,0,542
2015-2016,5420,5420,0,542
2015-2016,5420,5420,0,542
2015-2016,5420,5420,0,542
2015-2016,5420,5420,0,542
2015-2016,5430,5430,5,543
2015-2016,5430,5430,0,543
2015-2016,5430,5430,11,543
2015-2016,5430,5430,2,543
2015-2016,5430,5430,0,543
2015-2016,5430,5430,0,543
2015-2016,5430,5430,0,543
2015-2016,5430,5430,0,543
2015-2016,5430,5430,0,543
2015-2016,5430,5430,1,543
2015-2016,5430,5430,1,543
2015-2016,5430,5430,0,543
2015-2016,5430,5430,0,543
2015-2016,5430,5430,0,543
2015-2016,5430,5430,2,543
2015-2016,5430,5430,1,543
2015-2016,5430,5430,0,543
