country_code,station,datetime,obs_type,obs_value,TMAX_F,month
SZ,26,680854,1,-22,-8,2
SZ,26,680853,1,-19,-2,2
USC,29,681021,1,-18,0,7
SZ,26,680900,1,-18,0,3
SZ,26,680864,1,-17,1,2
SZ,26,680901,1,-15,4,3
SZ,26,680894,1,-15,5,3
SZ,26,680895,1,-15,5,3
SZ,26,680863,1,-14,6,2
SZ,26,680899,1,-14,6,3
CA,17,680829,1,-14,7,1
EZE,21,680849,1,-14,7,2
SZ,26,680831,1,-14,7,1
SZ,26,680865,1,-14,8,2
CA,14,680830,1,-13,8,1
GME,23,680857,1,-13,8,2
SZ,26,680830,1,-13,9,1
SZ,26,680896,1,-13,9,3
SZ,26,680897,1,-13,9,3
GM,22,680857,1,-12,10,2
CA,14,680839,1,-12,10,1
CA,14,680838,1,-12,10,1
CA,17,680819,1,-12,10,1
SZ,26,680829,1,-12,10,1
SZ,26,680880,1,-12,10,3
SZ,26,681159,1,-12,10,12
SZ,26,680881,1,-12,11,3
GME,23,680856,1,-12,11,2
CA,17,680855,1,-12,11,2
SZ,26,680852,1,-12,11,2
EZE,21,680850,1,-12,11,2
SZ,26,681161,1,-12,11,12
SZ,26,680828,1,-11,12,1
CA,14,681161,1,-11,12,12
SZ,26,680827,1,-11,13,1
GME,23,680848,1,-11,13,2
SZ,26,680815,1,-11,13,1
CA,14,680829,1,-11,13,1
CA,17,680838,1,-11,13,1
CA,14,680856,1,-11,13,2
GM,22,680848,1,-10,14,2
SZ,26,680849,1,-10,14,2
SZ,26,680874,1,-10,14,3
CA,14,680831,1,-10,14,1
SZ,26,680898,1,-10,14,3
GM,22,680849,1,-10,14,2
SZ,26,680877,1,-10,14,3
SZ,26,680866,1,-10,14,2
SZ,26,680832,1,-10,15,1
GME,23,680849,1,-10,15,2
GM,22,680850,1,-10,15,2
EZE,21,680857,1,-10,15,2
CA,17,680837,1,-9,15,1
CA,17,680830,1,-9,15,1
CA,14,680837,1,-9,15,1
CA,14,681169,1,-9,15,12
CA,17,680854,1,-9,15,2
CA,17,680839,1,-9,15,1
CA,14,681168,1,-9,15,12
CA,14,681162,1,-9,15,12
SZ,26,680902,1,-9,15,3
SZ,26,680850,1,-9,15,2
GM,22,680856,1,-9,15,2
SZ,26,680855,1,-9,16,2
SZ,26,680885,1,-9,16,3
SZ,26,680842,1,-9,16,1
CA,17,680856,1,-9,16,2
CA,17,680831,1,-9,16,1
CA,17,680828,1,-9,16,1
SZ,26,680879,1,-9,16,3
EZE,21,680851,1,-9,16,2
EZE,21,680856,1,-9,16,2
EZE,21,680848,1,-9,16,2
SZ,26,680819,1,-9,16,1
SZ,26,680843,1,-8,17,1
SZ,26,680856,1,-8,17,2
SZ,26,681160,1,-8,17,12
CA,14,680851,1,-8,17,2
SZ,26,680861,1,-8,17,2
SZ,26,680813,1,-8,17,1
CA,14,680823,1,-8,17,1
SZ,26,680887,1,-8,17,3
SZ,26,680882,1,-8,17,3
SZ,26,680858,1,-8,17,2
GME,23,680854,1,-8,17,2
SZ,26,680868,1,-8,17,2
SZ,26,680814,1,-8,18,1
SZ,26,680878,1,-8,18,3
GME,23,680855,1,-8,18,2
SZ,26,681126,1,-8,18,11
SZ,26,680886,1,-8,18,3
GM,22,680855,1,-8,18,2
SZ,26,680845,1,-8,18,2
SZ,26,680816,1,-8,18,1
CA,17,681168,1,-8,18,12
CA,14,681160,1,-8,18,12
GME,23,680847,1,-8,18,2
CA,14,680852,1,-8,18,2
CA,14,680854,1,-8,18,2
CA,17,680883,1,-8,18,3
EZE,21,680854,1,-8,18,2
GM,22,680854,1,-8,18,2
SZ,26,681176,1,-8,18,12
SZ,26,681162,1,-8,18,12
GME,23,680853,1,-7,19,2
EZE,21,680859,1,-7,19,2
SZ,26,680848,1,-7,19,2
AU,6,680848,1,-7,19,2
EZE,21,680891,1,-7,19,3
SZ,26,680903,1,-7,19,4
AU,6,680854,1,-7,19,2
SZ,26,680847,1,-7,19,2
CA,14,680836,1,-7,19,1
CA,14,680850,1,-7,19,2
CA,14,680832,1,-7,19,1
SZ,26,680875,1,-7,19,3
CA,17,680827,1,-7,19,1
SZ,26,680890,1,-7,19,3
SZ,26,681158,1,-7,19,12
SZ,26,680824,1,-7,19,1
SZ,26,680841,1,-7,20,1
AU,6,680856,1,-7,20,2
EZE,21,680815,1,-7,20,1
SZ,26,680825,1,-7,20,1
CA,17,681161,1,-7,20,12
CA,14,681167,1,-7,20,12
EZE,21,680855,1,-7,20,2
SZ,26,680857,1,-7,20,2
CA,14,680819,1,-7,20,1
SZ,26,681177,1,-7,20,12
SZ,26,680888,1,-7,20,3
AU,6,680849,1,-7,20,2
GME,23,680850,1,-7,20,2
SZ,26,680840,1,-6,20,1
GME,23,680892,1,-6,20,3
GME,23,680814,1,-6,20,1
GM,22,680814,1,-6,21,1
GM,22,680853,1,-6,21,2
EZE,21,680853,1,-6,21,2
SZ,26,680860,1,-6,21,2
GME,23,680891,1,-6,21,3
CA,17,680881,1,-6,21,3
CA,14,680840,1,-6,21,1
CA,17,680849,1,-6,21,2
CA,17,680850,1,-6,21,2
CA,17,681167,1,-6,21,12
CA,17,681160,1,-6,21,12
CA,17,680852,1,-6,21,2
CA,17,680851,1,-6,21,2
SZ,26,680891,1,-6,21,3
AU,6,680858,1,-6,21,2
SZ,26,680823,1,-6,21,1
AU,6,680855,1,-6,21,2
GM,22,680858,1,-6,21,2
SZ,26,680869,1,-6,21,2
SZ,26,680873,1,-6,21,3
AU,6,680891,1,-6,21,3
SZ,26,681144,1,-6,21,11
GM,22,680891,1,-6,21,3
SZ,26,680872,1,-6,21,3
GME,23,680858,1,-6,22,2
SZ,26,681152,1,-6,22,12
CA,17,681162,1,-6,22,12
CA,17,681166,1,-6,22,12
CA,14,680842,1,-6,22,1
AU,6,680853,1,-6,22,2
AU,6,680850,1,-6,22,2
GM,22,680847,1,-6,22,2
AU,6,680851,1,-6,22,2
AU,6,681175,1,-6,22,12
SZ,26,680883,1,-5,22,3
SZ,26,680884,1,-5,22,3
SZ,26,680905,1,-5,22,4
SZ,26,680851,1,-5,22,2
SZ,26,681153,1,-5,23,12
CA,14,680815,1,-5,23,1
CA,14,681159,1,-5,23,12
SZ,26,681145,1,-5,23,11
SZ,26,680844,1,-5,23,2
EZE,21,680858,1,-5,23,2
BE,7,680854,1,-5,23,2
CA,14,680816,1,-5,23,1
AU,6,680859,1,-5,23,2
CA,17,680823,1,-5,23,1
SZ,26,680870,1,-5,23,2
CA,17,680841,1,-5,23,1
CA,17,680836,1,-5,23,1
CA,17,680813,1,-5,23,1
SZ,26,680893,1,-5,23,3
BE,7,680855,1,-5,23,2
EZE,21,680813,1,-5,23,1
SZ,26,680889,1,-5,23,3
EZE,21,680860,1,-5,23,2
AU,6,680852,1,-5,23,2
EZE,21,680814,1,-5,23,1
SZ,26,680876,1,-5,24,3
BE,7,680856,1,-5,24,2
SZ,26,681155,1,-5,24,12
EZE,21,680892,1,-5,24,3
SZ,26,680892,1,-5,24,3
SZ,26,680835,1,-5,24,1
SZ,26,681125,1,-5,24,11
BE,7,680857,1,-4,24,2
SZ,26,680862,1,-4,24,2
AU,6,681174,1,-4,24,12
GME,23,680893,1,-4,24,3
CA,14,680882,1,-4,24,3
CA,14,681166,1,-4,24,12
GME,23,680815,1,-4,24,1
CA,14,680853,1,-4,24,2
CA,17,680857,1,-4,24,2
EZE,21,681176,1,-4,24,12
CA,17,680840,1,-4,24,1
AU,6,681176,1,-4,24,12
SZ,26,680846,1,-4,24,2
SZ,26,681120,1,-4,24,11
SZ,26,681175,1,-4,24,12
SZ,26,680822,1,-4,25,1
SZ,26,680833,1,-4,25,1
EZE,21,680852,1,-4,25,2
CA,14,680833,1,-4,25,1
CA,14,680814,1,-4,25,1
CA,14,680858,1,-4,25,2
USC,29,681161,1,-4,25,12
SZ,26,681146,1,-4,25,11
CA,17,680848,1,-4,25,2
CA,14,680884,1,-4,25,3
CA,14,680824,1,-4,25,1
EZE,21,680847,1,-4,26,2
GME,23,680859,1,-4,26,2
GM,22,680813,1,-4,26,1
GME,23,680846,1,-4,26,2
SZ,26,681163,1,-4,26,12
SZ,26,680826,1,-4,26,1
SZ,26,680859,1,-4,26,2
SZ,26,680904,1,-3,26,4
USC,29,681169,1,-3,26,12
CA,17,680816,1,-3,26,1
CA,17,680832,1,-3,26,1
AU,6,680815,1,-3,26,1
CA,14,680857,1,-3,26,2
CA,17,680858,1,-3,26,2
CA,17,680822,1,-3,26,1
SZ,26,681137,1,-3,26,11
SZ,26,681166,1,-3,26,12
SZ,26,681151,1,-3,26,12
SZ,26,681157,1,-3,26,12
GM,22,681171,1,-3,26,12
AU,6,681159,1,-3,26,12
SZ,26,681123,1,-3,26,11
SZ,26,681149,1,-3,27,12
SZ,26,681148,1,-3,27,12
GME,23,680813,1,-3,27,1
SZ,26,681165,1,-3,27,12
AU,6,681173,1,-3,27,12
AU,6,680890,1,-3,27,3
SZ,26,681174,1,-3,27,12
SZ,26,681164,1,-3,27,12
EZE,21,681174,1,-3,27,12
AU,6,680892,1,-3,27,3
EZE,21,680837,1,-3,27,1
SZ,26,681117,1,-3,27,11
CA,17,680871,1,-3,27,2
CA,17,680815,1,-3,27,1
CA,17,680842,1,-3,27,1
SZ,26,681147,1,-3,27,12
GM,22,680893,1,-3,27,3
AU,6,680813,1,-3,27,1
USC,29,681162,1,-3,27,12
SZ,26,681140,1,-3,27,11
GME,23,680866,1,-3,27,2
CA,14,680845,1,-3,27,2
SZ,26,680906,1,-3,27,4
CA,14,680822,1,-3,27,1
GM,22,680900,1,-3,27,3
SZ,26,680818,1,-3,27,1
EZE,21,680866,1,-3,27,2
GME,23,680837,1,-2,28,1
SZ,26,681143,1,-2,28,11
SZ,26,681124,1,-2,28,11
BE,7,680853,1,-2,28,2
GME,23,680865,1,-2,28,2
GM,22,680892,1,-2,28,3
SZ,26,681113,1,-2,28,10
EZE,21,680900,1,-2,28,3
AU,6,680857,1,-2,28,2
GME,23,680890,1,-2,28,3
CA,17,680853,1,-2,28,2
USC,29,681168,1,-2,28,12
CA,17,681175,1,-2,28,12
SZ,26,681116,1,-2,28,10
CA,14,680872,1,-2,28,3
CA,17,680820,1,-2,28,1
CA,17,681159,1,-2,28,12
CA,14,680861,1,-2,28,2
CA,14,680871,1,-2,28,2
CA,14,681154,1,-2,28,12
CA,14,680881,1,-2,28,3
CA,17,680882,1,-2,28,3
CA,17,680833,1,-2,28,1
CA,17,680870,1,-2,28,2
AU,6,680832,1,-2,28,1
AU,6,681160,1,-2,28,12
SZ,26,681105,1,-2,28,10
GME,23,680900,1,-2,28,3
AU,6,680866,1,-2,28,2
SZ,26,681154,1,-2,28,12
SZ,26,680839,1,-2,28,1
GM,22,680864,1,-2,28,2
GM,22,680865,1,-2,28,2
SZ,26,680817,1,-2,28,1
EZE,21,681175,1,-2,28,12
EZE,21,681169,1,-2,28,12
GM,22,681170,1,-2,28,12
EZE,21,680893,1,-2,28,3
SZ,26,681173,1,-2,28,12
GME,23,680894,1,-2,28,3
AU,6,680814,1,-2,28,1
AU,6,680865,1,-2,29,2
SZ,26,681130,1,-2,29,11
SZ,26,680834,1,-2,29,1
GM,22,680815,1,-2,29,1
SZ,26,681167,1,-2,29,12
EZE,21,680868,1,-2,29,2
GM,22,680837,1,-2,29,1
CA,17,680884,1,-2,29,3
CA,17,681176,1,-2,29,12
CA,14,681176,1,-2,29,12
CA,17,680876,1,-2,29,3
CA,17,681163,1,-2,29,12
CA,17,680826,1,-2,29,1
CA,17,680845,1,-2,29,2
CA,17,680859,1,-2,29,2
UK,28,680855,1,-2,29,2
CA,14,680821,1,-2,29,1
CA,17,680814,1,-2,29,1
CA,14,680867,1,-2,29,2
EZE,21,680834,1,-2,29,1
GME,23,680834,1,-2,29,1
SZ,26,681142,1,-2,29,11
BE,7,680813,1,-2,29,1
AU,6,681177,1,-2,29,12
GM,22,680846,1,-2,29,2
GM,22,680859,1,-1,29,2
EZE,21,681173,1,-1,29,12
GME,23,680851,1,-1,29,2
SZ,26,681141,1,-1,29,11
GME,23,680852,1,-1,29,2
EZE,21,680865,1,-1,30,2
GME,23,680842,1,-1,30,1
GME,23,680896,1,-1,30,3
GME,23,680836,1,-1,30,1
EZE,21,680846,1,-1,30,2
GME,23,680899,1,-1,30,3
SZ,26,681112,1,-1,30,10
SZ,26,681150,1,-1,30,12
SZ,26,681118,1,-1,30,11
EZE,21,680867,1,-1,30,2
CA,14,680849,1,-1,30,2
CA,14,680844,1,-1,30,2
CA,17,680872,1,-1,30,3
SZ,26,681172,1,-1,30,12
CA,14,680843,1,-1,30,1
CA,14,681164,1,-1,30,12
UK,28,680853,1,-1,30,2
CA,17,680879,1,-1,30,3
CA,17,680824,1,-1,30,1
GME,23,680864,1,-1,30,2
SZ,26,681104,1,-1,30,10
SZ,26,681134,1,-1,30,11
EZE,21,680890,1,-1,30,3
SZ,26,680821,1,-1,30,1
AU,6,680846,1,-1,30,2
GM,22,680834,1,-1,30,1
GME,23,681174,1,-1,31,12
AU,6,680894,1,-1,31,3
EZE,21,681160,1,-1,31,12
AU,6,680900,1,-1,31,3
GM,22,680866,1,-1,31,2
GM,22,680899,1,-1,31,3
BE,7,680852,1,-1,31,2
SZ,26,681115,1,-1,31,10
SZ,26,681121,1,-1,31,11
SZ,26,681114,1,-1,31,10
CA,14,680896,1,-1,31,3
CA,14,681155,1,-1,31,12
CA,14,681144,1,-1,31,11
CA,17,680867,1,-1,31,2
EIE,20,680838,1,-1,31,1
SZ,26,681099,1,-1,31,10
GME,23,681173,1,-1,31,12
EZE,21,680844,1,-1,31,2
SZ,26,681129,1,-1,31,11
CA,14,680826,1,-1,31,1
CA,14,680825,1,-1,31,1
CA,14,680828,1,-1,31,1
CA,14,680863,1,-1,31,2
CA,17,680863,1,-1,31,2
AU,6,680824,1,-1,31,1
CA,17,680862,1,-1,31,2
CA,17,680875,1,-1,31,3
UK,28,680856,1,-1,31,2
SZ,26,680867,1,-1,31,2
CA,14,681175,1,-1,31,12
CA,14,680875,1,-1,31,3
CA,14,680859,1,-1,31,2
SZ,26,681122,1,-1,31,11
USC,29,681163,1,-1,31,12
ITE,25,680833,1,0,31,1
AU,6,680843,1,0,31,1
EZE,21,680864,1,0,31,2
EZE,21,680894,1,0,31,3
AU,6,680833,1,0,31,1
GM,22,680836,1,0,31,1
AU,6,681155,1,0,31,12
AU,6,680845,1,0,31,2
SZ,26,681127,1,0,31,11
BE,7,680836,1,0,31,1
GME,23,681171,1,0,31,12
AU,6,680893,1,0,31,3
GM,22,680894,1,0,31,3
GME,23,680845,1,0,31,2
GME,23,680835,1,0,31,1
AU,6,680825,1,0,31,1
BE,7,681159,1,0,31,12
EZE,21,681159,1,0,31,12
SZ,26,681100,1,0,31,10
GM,22,680890,1,0,31,3
SZ,26,680836,1,0,31,1
BE,7,680891,1,0,31,3
EZE,21,680833,1,0,31,1
BE,7,680814,1,0,32,1
ITE,25,680832,1,0,32,1
ITE,25,680830,1,0,32,1
SZ,26,681136,1,0,32,11
EZE,21,680836,1,0,32,1
UK,28,680839,1,0,32,1
GME,23,681159,1,0,32,12
ITE,24,680855,1,0,32,2
BE,7,681169,1,0,32,12
BE,7,680833,1,0,32,1
SZ,26,681103,1,0,32,10
BE,7,680834,1,0,32,1
SZ,26,681094,1,0,32,10
USC,29,681154,1,0,32,12
CA,17,681127,1,0,32,11
GME,23,680816,1,0,32,1
GM,22,681159,1,0,32,12
CA,14,680895,1,0,32,3
CA,14,681112,1,0,32,10
EIE,20,680835,1,0,32,1
SZ,26,680916,1,0,32,4
CA,14,680860,1,0,32,2
EIE,20,680836,1,0,32,1
EIE,20,680832,1,0,32,1
ITE,24,680832,1,0,32,1
EIE,20,680834,1,0,32,1
CA,17,681154,1,0,32,12
EIE,20,680833,1,0,32,1
CA,14,681126,1,0,32,11
CA,14,680864,1,0,32,2
GME,23,680889,1,0,32,3
GM,22,681173,1,0,32,12
CA,14,681174,1,0,32,12
EIE,20,680837,1,0,32,1
GM,22,680852,1,0,32,2
CA,17,680864,1,0,32,2
SZ,26,681156,1,0,32,12
SZ,26,681107,1,0,32,10
EZE,21,680838,1,0,32,1
EZE,21,680845,1,0,32,2
UK,28,680857,1,0,32,2
EZE,21,681168,1,0,32,12
GME,23,680884,1,0,32,3
UK,27,680833,1,0,32,1
EZE,21,681172,1,0,32,12
EZE,21,680842,1,0,32,1
SZ,26,681098,1,0,32,10
ITE,25,680831,1,0,32,1
EZE,21,681155,1,0,33,12
AU,6,680847,1,0,33,2
ITE,25,680836,1,0,33,1
AU,6,680860,1,0,33,2
EZE,21,680816,1,0,33,1
GME,23,680883,1,0,33,3
GME,23,680895,1,0,33,3
GME,23,680830,1,0,33,1
GME,23,681158,1,0,33,12
UK,28,680854,1,0,33,2
UK,27,680837,1,0,33,1
GM,22,680901,1,0,33,3
SZ,26,681171,1,0,33,12
GME,23,681170,1,0,33,12
AU,6,680837,1,0,33,1
AU,6,681166,1,0,33,12
AU,6,680834,1,0,33,1
AU,6,680872,1,0,33,3
EZE,21,681170,1,0,33,12
CA,14,681123,1,1,33,11
CA,17,681126,1,1,33,11
GME,23,680888,1,1,33,3
CA,14,681152,1,1,33,12
EZE,21,680824,1,1,33,1
CA,17,680860,1,1,33,2
CA,14,681153,1,1,33,12
EIE,20,680839,1,1,33,1
SZ,26,681108,1,1,33,10
EZE,21,681177,1,1,33,12
CA,14,681145,1,1,33,11
UK,28,680837,1,1,33,1
CA,14,680818,1,1,33,1
CA,14,680835,1,1,33,1
CA,14,680817,1,1,33,1
CA,17,680843,1,1,33,1
CA,14,680868,1,1,33,2
EZE,21,680841,1,1,33,1
EZE,21,680895,1,1,33,3
BE,7,681155,1,1,33,12
BE,7,680815,1,1,33,1
ITE,25,680815,1,1,33,1
AU,6,680838,1,1,33,1
GM,22,680816,1,1,33,1
GM,22,680830,1,1,33,1
GM,22,681150,1,1,33,12
AU,6,681156,1,1,33,12
BE,7,680858,1,1,33,2
GME,23,681160,1,1,33,12
EZE,21,681156,1,1,33,12
GM,22,681158,1,1,33,12
UK,27,680834,1,1,33,1
GME,23,680831,1,1,33,1
UK,27,680835,1,1,34,1
GM,22,681169,1,1,34,12
BE,7,681158,1,1,34,12
EZE,21,680899,1,1,34,3
GME,23,680901,1,1,34,3
BE,7,680835,1,1,34,1
UK,28,680813,1,1,34,1
SZ,26,681132,1,1,34,11
SZ,26,680917,1,1,34,4
SZ,26,681106,1,1,34,10
AU,6,680895,1,1,34,3
GM,22,681172,1,1,34,12
SZ,26,680943,1,1,34,5
AU,6,680836,1,1,34,1
ITE,24,680831,1,1,34,1
CA,17,680821,1,1,34,1
CA,14,681127,1,1,34,11
CA,14,681113,1,1,34,10
CA,17,681112,1,1,34,10
CA,17,681123,1,1,34,11
CA,14,680910,1,1,34,4
GM,22,680896,1,1,34,3
CA,14,680846,1,1,34,2
GM,22,680833,1,1,34,1
ITE,24,680833,1,1,34,1
ITE,25,680834,1,1,34,1
EZE,21,680830,1,1,34,1
USC,29,681164,1,1,34,12
GME,23,680841,1,1,34,1
CA,17,681144,1,1,34,11
UK,27,680832,1,1,34,1
CA,14,681151,1,1,34,12
SZ,26,681090,1,1,34,10
SZ,26,680950,1,1,34,5
EZE,21,680829,1,1,34,1
EZE,21,680843,1,1,34,1
SZ,26,681168,1,1,34,12
UK,28,680838,1,1,34,1
ITE,25,680813,1,1,34,1
SZ,26,681131,1,1,34,11
ITE,25,680855,1,1,34,2
GME,23,681156,1,1,34,12
AU,6,681165,1,1,34,12
ITE,24,680893,1,1,34,3
UK,28,680836,1,1,34,1
GME,23,681161,1,1,34,12
EZE,21,681161,1,1,34,12
UK,27,680839,1,1,34,1
SZ,26,681119,1,1,34,11
AU,6,681161,1,1,34,12
UK,27,680838,1,1,34,1
SZ,26,680820,1,1,34,1
EZE,21,681171,1,1,34,12
GME,23,681168,1,1,34,12
EZE,21,680825,1,1,34,1
GME,23,680833,1,1,35,1
BE,7,680830,1,1,35,1
BE,7,680892,1,1,35,3
GME,23,680863,1,1,35,2
GM,22,680831,1,1,35,1
ITE,24,680853,1,2,35,2
EZE,21,680888,1,2,35,3
AU,6,680842,1,2,35,1
ITE,24,680854,1,2,35,2
EZE,21,681132,1,2,35,11
GM,22,681168,1,2,35,12
GM,22,680842,1,2,35,1
GM,22,680851,1,2,35,2
GME,23,680861,1,2,35,2
EZE,21,680831,1,2,35,1
AU,6,681162,1,2,35,12
AU,6,680844,1,2,35,2
UK,28,680834,1,2,35,1
UK,28,680832,1,2,35,1
USC,29,681176,1,2,35,12
CA,17,681151,1,2,35,12
CA,14,681122,1,2,35,11
UK,28,680858,1,2,35,2
CA,14,681147,1,2,35,12
SZ,26,681101,1,2,35,10
CA,17,680861,1,2,35,2
CA,17,680846,1,2,35,2
CA,17,681174,1,2,35,12
ITE,25,680829,1,2,35,1
SZ,26,680951,1,2,35,5
EZE,21,680883,1,2,35,3
CA,17,680825,1,2,35,1
CA,17,681121,1,2,35,11
CA,14,680877,1,2,35,3
BE,7,680831,1,2,35,1
ITE,25,680844,1,2,35,2
SZ,26,681138,1,2,35,11
CA,14,680885,1,2,35,3
CA,14,681173,1,2,35,12
ITE,25,680893,1,2,35,3
EZE,21,681162,1,2,35,12
CA,17,680844,1,2,35,2
UK,28,680833,1,2,35,1
EZE,21,680835,1,2,35,1
EZE,21,680896,1,2,35,3
SZ,26,680837,1,2,35,1
GM,22,680883,1,2,35,3
GME,23,681169,1,2,35,12
ITE,24,680852,1,2,35,2
SZ,26,680956,1,2,35,5
GME,23,680838,1,2,35,1
GM,22,680887,1,2,35,3
UK,28,680852,1,2,35,2
EZE,21,680877,1,2,35,3
AU,6,680868,1,2,35,2
SZ,26,681170,1,2,35,12
GM,22,681155,1,2,35,12
AU,6,680829,1,2,35,1
GM,22,680888,1,2,35,3
BE,7,680847,1,2,35,2
AU,6,681171,1,2,36,12
GM,22,681161,1,2,36,12
ITE,25,681161,1,2,36,12
ITE,24,680813,1,2,36,1
AU,6,680841,1,2,36,1
AU,6,681158,1,2,36,12
SZ,26,680907,1,2,36,4
GM,22,680863,1,2,36,2
ITE,25,680860,1,2,36,2
AU,6,680899,1,2,36,3
GM,22,681156,1,2,36,12
GME,23,681172,1,2,36,12
GME,23,680902,1,2,36,3
SZ,26,681133,1,2,36,11
AU,6,680830,1,2,36,1
ITE,25,680891,1,2,36,3
AU,6,680867,1,2,36,2
GME,23,680867,1,2,36,2
GM,22,680884,1,2,36,3
SZ,26,680953,1,2,36,5
ITE,24,680834,1,2,36,1
UK,28,680862,1,2,36,2
UK,27,680856,1,2,36,2
GM,22,680895,1,2,36,3
AU,6,681154,1,2,36,12
AU,6,681172,1,2,36,12
CA,14,681165,1,2,36,12
SZ,26,680921,1,2,36,4
CA,17,680877,1,2,36,3
USC,29,681155,1,2,36,12
SZ,26,680910,1,2,36,4
CA,17,680866,1,2,36,2
SZ,26,680954,1,2,36,5
CA,17,681169,1,2,36,12
SZ,26,680942,1,2,36,5
CA,14,681172,1,2,36,12
EZE,21,680861,1,2,36,2
USC,29,681177,1,2,36,12
SZ,26,681135,1,2,36,11
EZE,21,680832,1,2,36,1
EZE,21,680819,1,2,36,1
CA,17,680835,1,2,36,1
SZ,26,681028,1,2,36,8
CA,17,681113,1,2,36,10
UK,28,680840,1,2,36,1
CA,14,681140,1,2,36,11
CA,17,681155,1,2,36,12
EIE,20,680813,1,2,36,1
CA,17,680818,1,2,36,1
GME,23,680829,1,2,36,1
ITE,25,681176,1,2,36,12
GM,22,681174,1,2,36,12
GM,22,680885,1,2,36,3
GME,23,680832,1,2,36,1
GME,23,680874,1,2,36,3
EZE,21,680884,1,2,36,3
GME,23,680819,1,2,36,1
UK,28,680835,1,2,36,1
GM,22,680835,1,2,36,1
GME,23,680897,1,2,36,3
GME,23,681162,1,2,36,12
UK,28,680831,1,2,36,1
UK,28,680828,1,2,36,1
BE,7,680832,1,2,36,1
BE,7,680863,1,2,36,2
EZE,21,681166,1,2,36,12
EZE,21,681149,1,2,36,12
GME,23,680885,1,2,36,3
EZE,21,680871,1,2,36,2
ITE,25,680856,1,2,36,2
ITE,25,680892,1,2,36,3
ITE,25,680898,1,2,36,3
SZ,26,681029,1,2,36,8
GME,23,680879,1,2,36,3
EZE,21,681158,1,2,36,12
GM,22,680841,1,2,36,1
SZ,26,681110,1,2,36,10
ITE,24,680848,1,2,36,2
GME,23,681155,1,2,36,12
ITE,25,680859,1,2,36,2
ITE,24,680857,1,2,36,2
UK,27,680857,1,2,36,2
GM,22,680861,1,2,36,2
SZ,26,681096,1,2,36,10
ITE,24,680892,1,2,36,3
GME,23,680878,1,2,36,3
EZE,21,680887,1,2,36,3
GM,22,681151,1,2,36,12
EZE,21,681130,1,2,36,11
SZ,26,681128,1,2,36,11
EZE,21,680889,1,2,36,3
EZE,21,680885,1,2,36,3
AU,6,681168,1,2,36,12
ITE,25,681160,1,3,37,12
UK,27,680858,1,3,37,2
AU,6,680839,1,3,37,1
GM,22,680832,1,3,37,1
UK,28,680847,1,3,37,2
ITE,25,681159,1,3,37,12
EZE,21,680839,1,3,37,1
UK,28,680890,1,3,37,3
BE,7,681170,1,3,37,12
SZ,26,681082,1,3,37,9
UK,28,680830,1,3,37,1
GME,23,680887,1,3,37,3
CA,17,681147,1,3,37,12
AU,6,680888,1,3,37,3
CA,14,681171,1,3,37,12
EZE,21,681133,1,3,37,11
GME,23,681149,1,3,37,12
EIE,20,680840,1,3,37,1
SZ,26,680920,1,3,37,4
GME,23,680876,1,3,37,3
CA,14,681139,1,3,37,11
GME,23,681167,1,3,37,12
CA,17,680868,1,3,37,2
AU,6,680877,1,3,37,3
EZE,21,681131,1,3,37,11
CA,17,680834,1,3,37,1
CA,17,680911,1,3,37,4
AU,6,681136,1,3,37,11
CA,17,681153,1,3,37,12
CA,17,680873,1,3,37,3
BE,7,681173,1,3,37,12
CA,14,680873,1,3,37,3
CA,17,680895,1,3,37,3
CA,14,680880,1,3,37,3
AU,6,680901,1,3,37,3
AU,6,680816,1,3,37,1
AU,6,681167,1,3,37,12
CA,14,680847,1,3,37,2
AU,6,680864,1,3,37,2
EIE,20,680831,1,3,37,1
CA,17,681138,1,3,37,11
GME,23,681176,1,3,37,12
AU,6,681137,1,3,37,11
CA,17,680896,1,3,37,3
CA,17,680817,1,3,37,1
ITE,24,680815,1,3,37,1
SZ,26,681095,1,3,37,10
ITE,24,680836,1,3,37,1
GME,23,680860,1,3,37,2
ITE,24,680814,1,3,37,1
GME,23,680818,1,3,37,1
BE,7,680900,1,3,37,3
EZE,21,680876,1,3,37,3
BE,7,680829,1,3,37,1
ITE,24,680856,1,3,37,2
EZE,21,681167,1,3,37,12
EZE,21,680875,1,3,37,3
GM,22,680829,1,3,37,1
UK,28,680851,1,3,37,2
UK,27,680813,1,3,37,1
GME,23,680843,1,3,37,1
GM,22,680845,1,3,37,2
SZ,26,681005,1,3,37,7
AU,6,681164,1,3,37,12
AU,6,681157,1,3,37,12
ITE,25,680847,1,3,37,2
SZ,26,680957,1,3,37,5
ITE,25,680817,1,3,37,1
SZ,26,681111,1,3,37,10
ITE,24,681160,1,3,38,12
AU,6,681130,1,3,38,11
GM,22,680838,1,3,38,1
ITE,24,681159,1,3,38,12
GM,22,681160,1,3,38,12
GM,22,681149,1,3,38,12
BE,7,680851,1,3,38,2
SZ,26,680995,1,3,38,7
GM,22,681167,1,3,38,12
ITE,24,680847,1,3,38,2
GME,23,680903,1,3,38,4
BE,7,680859,1,3,38,2
SZ,26,680924,1,3,38,4
UK,27,680831,1,3,38,1
ITE,25,680814,1,3,38,1
CA,17,681164,1,3,38,12
CA,17,680910,1,3,38,4
CA,14,680874,1,3,38,3
CA,17,681152,1,3,38,12
ITE,25,680848,1,3,38,2
USC,29,681170,1,3,38,12
GM,22,681175,1,3,38,12
GME,23,681151,1,3,38,12
BE,7,680883,1,3,38,3
CA,14,680894,1,3,38,3
USC,29,681152,1,3,38,12
CA,17,680880,1,3,38,3
CA,17,680893,1,3,38,3
ITE,25,680818,1,3,38,1
GME,23,680871,1,3,38,2
USC,29,681160,1,3,38,12
EZE,21,680879,1,3,38,3
CA,17,681170,1,3,38,12
UK,28,680859,1,3,38,2
USC,29,681172,1,3,38,12
CA,14,681148,1,3,38,12
USC,29,681145,1,3,38,11
CA,17,681177,1,3,38,12
UK,28,680889,1,3,38,3
BE,7,680886,1,3,38,3
GM,22,680828,1,3,38,1
SZ,26,681091,1,3,38,10
SZ,26,680915,1,3,38,4
UK,28,680891,1,3,38,3
BE,7,680864,1,3,38,2
GM,22,680878,1,3,38,3
GME,23,680869,1,3,38,2
GME,23,680868,1,3,38,2
AU,6,681169,1,3,38,12
ITE,25,680878,1,3,38,3
EZE,21,681136,1,3,38,11
BE,7,680898,1,3,38,3
SZ,26,680871,1,3,38,2
GM,22,681148,1,3,38,12
BE,7,680899,1,3,38,3
GM,22,681154,1,3,38,12
UK,27,680860,1,3,38,2
EZE,21,680903,1,3,38,4
BE,7,680885,1,3,38,3
SZ,26,681109,1,3,38,10
GME,23,680820,1,3,38,1
BE,7,680893,1,3,38,3
ITE,25,680857,1,3,38,2
BE,7,681171,1,3,38,12
UK,28,680841,1,3,38,1
BE,7,680841,1,3,38,1
BE,7,680840,1,3,38,1
BE,7,680860,1,4,38,2
UK,27,680859,1,4,38,2
SZ,26,681097,1,4,38,10
AU,6,680828,1,4,38,1
BE,7,680819,1,4,38,1
UK,28,680846,1,4,38,2
GM,22,680869,1,4,38,2
GME,23,681166,1,4,38,12
GME,23,680817,1,4,38,1
EZE,21,680870,1,4,38,2
GME,23,680870,1,4,38,2
EZE,21,680820,1,4,38,1
SZ,26,681087,1,4,38,10
SZ,26,680923,1,4,38,4
BE,7,680884,1,4,38,3
GM,22,680881,1,4,38,3
ITE,24,680842,1,4,38,1
AU,6,681163,1,4,38,12
ITE,25,680826,1,4,38,1
GM,22,681176,1,4,38,12
UK,27,680840,1,4,38,1
GM,22,681152,1,4,38,12
GM,22,680875,1,4,38,3
GME,23,680875,1,4,38,3
SZ,26,680944,1,4,38,5
GM,22,680820,1,4,38,1
ITE,25,681158,1,4,38,12
UK,27,680836,1,4,38,1
SZ,26,680947,1,4,38,5
GM,22,680897,1,4,38,3
ITE,25,680854,1,4,38,2
UK,27,680814,1,4,38,1
ITE,25,681177,1,4,38,12
AU,6,680871,1,4,38,2
ITE,25,680842,1,4,38,1
ITE,25,680816,1,4,38,1
SZ,26,680994,1,4,39,7
EZE,21,680902,1,4,39,3
EZE,21,681157,1,4,39,12
EZE,21,681154,1,4,39,12
BE,7,681166,1,4,39,12
EZE,21,680882,1,4,39,3
SZ,26,681093,1,4,39,10
AU,6,680873,1,4,39,3
GME,23,681153,1,4,39,12
EZE,21,680881,1,4,39,3
AU,6,680870,1,4,39,2
GME,23,680881,1,4,39,3
UK,28,680850,1,4,39,2
ITE,25,680825,1,4,39,1
EZE,21,681137,1,4,39,11
EZE,21,681153,1,4,39,12
AU,6,681170,1,4,39,12
GME,23,681177,1,4,39,12
GM,22,681166,1,4,39,12
GME,23,681154,1,4,39,12
ITE,25,681162,1,4,39,12
AU,6,681131,1,4,39,11
EZE,21,680880,1,4,39,3
GME,23,681175,1,4,39,12
GME,23,680828,1,4,39,1
BE,7,680889,1,4,39,3
ITE,25,680838,1,4,39,1
GME,23,680844,1,4,39,2
AU,6,680876,1,4,39,3
EZE,21,680863,1,4,39,2
SZ,26,680952,1,4,39,5
GM,22,680902,1,4,39,3
GM,22,681129,1,4,39,11
GM,22,680819,1,4,39,1
GM,22,681162,1,4,39,12
EZE,21,680828,1,4,39,1
CA,17,681140,1,4,39,11
ITE,25,681174,1,4,39,12
CA,14,681146,1,4,39,11
USC,29,681171,1,4,39,12
EZE,21,681165,1,4,39,12
CA,14,681137,1,4,39,11
CA,17,681173,1,4,39,12
CA,17,680897,1,4,39,3
BE,7,680816,1,4,39,1
CA,17,680885,1,4,39,3
SZ,26,680909,1,4,39,4
BE,7,681168,1,4,39,12
CA,14,680870,1,4,39,2
GM,22,680879,1,4,39,3
BE,7,681167,1,4,39,12
ITE,25,680846,1,4,39,2
CA,14,681141,1,4,39,11
BE,7,680901,1,4,39,3
EZE,21,681129,1,4,39,11
SZ,26,681102,1,4,39,10
SZ,26,680938,1,4,39,5
ITE,24,680829,1,4,39,1
SZ,26,681169,1,4,39,12
UK,28,680829,1,4,39,1
GM,22,680889,1,4,39,3
SZ,26,681086,1,4,39,10
SZ,26,680948,1,4,39,5
GM,22,680876,1,4,39,3
ITE,25,681172,1,4,39,12
BE,7,680818,1,4,39,1
EZE,21,680901,1,4,39,3
ITE,25,681167,1,4,39,12
BE,7,680865,1,4,39,2
GM,22,681153,1,4,39,12
GM,22,680843,1,4,39,1
ITE,24,681161,1,4,39,12
BE,7,680848,1,4,39,2
SZ,26,680933,1,4,39,5
AU,6,680884,1,4,39,3
UK,27,680825,1,4,39,1
UK,28,680899,1,4,39,3
GM,22,680867,1,4,39,2
BE,7,680890,1,4,39,3
GM,22,680870,1,4,39,2
UK,27,680830,1,4,39,1
BE,7,680894,1,4,39,3
BE,7,680880,1,4,39,3
EZE,21,680817,1,4,39,1
BE,7,680887,1,4,39,3
ITE,25,681173,1,4,39,12
SZ,26,680911,1,4,39,4
ITE,25,681136,1,4,40,11
BE,7,680837,1,4,40,1
SZ,26,680838,1,4,40,1
ITE,25,680824,1,4,40,1
ITE,25,681169,1,4,40,12
SZ,26,680941,1,4,40,5
ITE,25,680839,1,4,40,1
AU,6,680835,1,4,40,1
SZ,26,681054,1,4,40,8
GME,23,681130,1,4,40,11
ITE,25,680851,1,4,40,2
AU,6,680881,1,4,40,3
GME,23,681150,1,4,40,12
AU,6,680861,1,4,40,2
AU,6,680823,1,4,40,1
GME,23,680821,1,4,40,1
BE,7,681160,1,4,40,12
AU,6,680840,1,4,40,1
ITE,25,680895,1,4,40,3
UK,28,680863,1,4,40,2
GME,23,680882,1,4,40,3
ITE,24,680891,1,4,40,3
UK,28,681160,1,4,40,12
CA,17,680847,1,4,40,2
CA,17,681156,1,4,40,12
USC,29,681156,1,4,40,12
AU,6,681133,1,4,40,11
USC,29,681167,1,4,40,12
CA,14,681111,1,4,40,10
SZ,26,681031,1,4,40,8
BE,7,680828,1,4,40,1
ITE,25,680900,1,4,40,3
USC,29,681144,1,4,40,11
CA,14,681138,1,4,40,11
UK,27,681177,1,4,40,12
UK,28,680885,1,4,40,3
UK,28,680884,1,4,40,3
ITE,24,681163,1,4,40,12
EZE,21,680904,1,4,40,4
USC,29,681175,1,4,40,12
ITE,25,681166,1,4,40,12
UK,28,680842,1,4,40,1
AU,6,680863,1,4,40,2
GME,23,680824,1,4,40,1
ITE,24,681158,1,4,40,12
BE,7,681172,1,4,40,12
CA,17,681145,1,4,40,11
CA,17,681172,1,4,40,12
CA,17,681171,1,4,40,12
CA,17,680874,1,4,40,3
EZE,21,680897,1,4,40,3
ITE,24,680849,1,4,40,2
ITE,25,681165,1,4,40,12
GM,22,680898,1,4,40,3
AU,6,680879,1,4,40,3
SZ,26,681032,1,4,40,8
SZ,26,680908,1,4,40,4
ITE,25,680843,1,4,40,1
GM,22,681165,1,4,40,12
AU,6,681129,1,4,40,11
AU,6,680896,1,4,40,3
ITE,24,680851,1,4,40,2
AU,6,680875,1,4,40,3
AU,6,680883,1,4,40,3
GM,22,681177,1,4,40,12
ITE,24,680858,1,5,40,2
ITE,25,680837,1,5,40,1
GM,22,680874,1,5,40,3
AU,6,680889,1,5,40,3
AU,6,680887,1,5,40,3
ITE,25,680821,1,5,40,1
GME,23,681157,1,5,40,12
AU,6,681138,1,5,40,11
ITE,25,681157,1,5,40,12
GM,22,680903,1,5,40,4
UK,27,680862,1,5,40,2
BE,7,680895,1,5,40,3
AU,6,680880,1,5,40,3
BE,7,681156,1,5,40,12
UK,27,680853,1,5,40,2
BE,7,680849,1,5,40,2
SZ,26,681139,1,5,40,11
SZ,26,680914,1,5,40,4
SZ,26,680993,1,5,40,6
BE,7,680881,1,5,41,3
ITE,24,680846,1,5,41,2
GME,23,680880,1,5,41,3
BE,7,681161,1,5,41,12
SZ,26,680945,1,5,41,5
ITE,24,680860,1,5,41,2
ITE,25,680823,1,5,41,1
GME,23,681129,1,5,41,11
GME,23,680827,1,5,41,1
ITE,24,681157,1,5,41,12
ITE,24,681172,1,5,41,12
GME,23,680898,1,5,41,3
ITE,25,680897,1,5,41,3
EZE,21,680869,1,5,41,2
UK,28,680897,1,5,41,3
ITE,24,681168,1,5,41,12
ITE,24,680830,1,5,41,1
ITE,24,681162,1,5,41,12
UK,28,680861,1,5,41,2
GME,23,680822,1,5,41,1
SZ,26,680919,1,5,41,4
BE,7,680879,1,5,41,3
GM,22,680880,1,5,41,3
BE,7,680862,1,5,41,2
GM,22,680868,1,5,41,2
UK,28,680882,1,5,41,3
UK,28,680896,1,5,41,3
GM,22,680827,1,5,41,1
UK,28,680888,1,5,41,3
EZE,21,680874,1,5,41,3
EZE,21,680821,1,5,41,1
CA,14,681125,1,5,41,11
ITE,24,680816,1,5,41,1
CA,14,680865,1,5,41,2
GM,22,681130,1,5,41,11
EZE,21,680840,1,5,41,1
CA,17,680912,1,5,41,4
CA,17,681114,1,5,41,10
ITE,24,680843,1,5,41,1
CA,14,681143,1,5,41,11
ITE,24,681177,1,5,41,12
CA,14,681134,1,5,41,11
AU,6,680878,1,5,41,3
EZE,21,680827,1,5,41,1
ITE,25,681168,1,5,41,12
UK,28,681157,1,5,41,12
ITE,25,680896,1,5,41,3
ITE,24,680900,1,5,41,3
EZE,21,681148,1,5,41,12
SZ,26,681043,1,5,41,8
ITE,24,680865,1,5,41,2
GME,23,680873,1,5,41,3
CA,14,680866,1,5,41,2
CA,17,681122,1,5,41,11
BE,7,680820,1,5,41,1
GM,22,680844,1,5,41,2
GM,22,680824,1,5,41,1
UK,28,680878,1,5,41,3
BE,7,680882,1,5,41,3
UK,27,680863,1,5,41,2
UK,28,680827,1,5,41,1
GM,22,680817,1,5,41,1
GM,22,680871,1,5,41,2
UK,28,681158,1,5,41,12
BE,7,680896,1,5,41,3
SZ,26,680937,1,5,41,5
ITE,25,681163,1,5,41,12
SZ,26,680975,1,5,41,6
ITE,25,681132,1,5,41,11
ITE,25,681164,1,5,41,12
UK,28,680887,1,5,41,3
BE,7,680827,1,5,41,1
SZ,26,681041,1,5,41,8
ITE,25,681156,1,5,41,12
GME,23,680862,1,5,42,2
BE,7,681165,1,5,42,12
EZE,21,680822,1,5,42,1
GME,23,681132,1,5,42,11
UK,27,680852,1,5,42,2
ITE,24,681173,1,5,42,12
BE,7,680888,1,5,42,3
UK,27,680892,1,5,42,3
UK,27,680861,1,5,42,2
ITE,24,680850,1,5,42,2
GM,22,681157,1,5,42,12
BE,7,680897,1,5,42,3
AU,6,680885,1,5,42,3
ITE,25,680894,1,5,42,3
GM,22,680821,1,5,42,1
SZ,26,680936,1,5,42,5
ITE,24,680828,1,5,42,1
AU,6,681132,1,5,42,11
GME,23,680904,1,5,42,4
GME,23,680905,1,5,42,4
ITE,24,680840,1,5,42,1
AU,6,680882,1,5,42,3
AU,6,681148,1,5,42,12
ITE,24,681164,1,5,42,12
EZE,21,681147,1,5,42,12
GME,23,681165,1,5,42,12
ITE,25,680877,1,5,42,3
ITE,25,680828,1,5,42,1
BE,7,680861,1,5,42,2
EZE,21,681164,1,6,42,12
SZ,26,680976,1,6,42,6
GME,23,681164,1,6,42,12
AU,6,680903,1,6,42,4
UK,28,680880,1,6,42,3
UK,28,680879,1,6,42,3
UK,28,680893,1,6,42,3
EZE,21,680862,1,6,42,2
UK,28,680895,1,6,42,3
UK,28,680826,1,6,42,1
UK,27,680855,1,6,42,2
AU,6,680862,1,6,42,2
CA,17,681148,1,6,42,12
CA,14,681124,1,6,42,11
CA,14,681120,1,6,42,11
CA,17,680889,1,6,42,3
GM,22,680822,1,6,42,1
USC,29,681165,1,6,42,12
CA,14,680912,1,6,42,4
ITE,25,681137,1,6,42,11
CA,14,680878,1,6,42,3
CA,14,681109,1,6,42,10
SZ,26,681088,1,6,42,10
UK,27,680848,1,6,42,2
CA,17,680865,1,6,42,2
EZE,21,681151,1,6,42,12
ITE,24,680826,1,6,42,1
CA,17,681139,1,6,42,11
USC,29,681153,1,6,42,12
CA,14,681106,1,6,42,10
CA,17,681143,1,6,42,11
ITE,25,680845,1,6,42,2
AU,6,681139,1,6,42,11
CA,14,681157,1,6,42,12
ITE,24,680825,1,6,42,1
UK,27,680890,1,6,42,3
BE,7,680842,1,6,42,1
ITE,24,680824,1,6,42,1
EIE,20,680841,1,6,42,1
EZE,21,680878,1,6,42,3
CA,14,681116,1,6,42,10
ITE,25,680899,1,6,42,3
GM,22,680882,1,6,42,3
ITE,24,680844,1,6,42,2
SZ,26,681018,1,6,42,7
CA,17,680869,1,6,42,2
UK,27,680841,1,6,42,1
BE,7,680850,1,6,42,2
BE,7,681157,1,6,42,12
ITE,25,681171,1,6,42,12
BE,7,680869,1,6,42,2
ITE,24,680866,1,6,42,2
SZ,26,680922,1,6,42,4
UK,28,680860,1,6,42,2
SZ,26,681027,1,6,42,8
GM,22,680818,1,6,42,1
ITE,25,681175,1,6,42,12
ITE,25,680879,1,6,42,3
UK,28,680817,1,6,42,1
UK,28,680892,1,6,42,3
UK,27,680849,1,6,42,2
ITE,25,680822,1,6,42,1
UK,27,680891,1,6,42,3
AU,6,680902,1,6,42,3
ITE,25,680840,1,6,42,1
GME,23,681148,1,6,42,12
EZE,21,681163,1,6,42,12
UK,27,680850,1,6,42,2
UK,27,680851,1,6,42,2
AU,6,680897,1,6,42,3
EZE,21,680886,1,6,42,3
GME,23,680886,1,6,42,3
ITE,25,680852,1,6,42,2
ITE,25,681170,1,6,42,12
ITE,25,680858,1,6,43,2
AU,6,680817,1,6,43,1
ITE,24,680818,1,6,43,1
ITE,24,680859,1,6,43,2
GM,22,681164,1,6,43,12
GM,22,681163,1,6,43,12
GME,23,681133,1,6,43,11
BE,7,680822,1,6,43,1
UK,27,680879,1,6,43,3
UK,28,680881,1,6,43,3
SZ,26,680918,1,6,43,4
GME,23,680840,1,6,43,1
SZ,26,681055,1,6,43,8
ITE,24,680872,1,6,43,3
GM,22,680862,1,6,43,2
AU,6,680874,1,6,43,3
ITE,24,680901,1,6,43,3
GM,22,680860,1,6,43,2
GM,22,680904,1,6,43,4
BE,7,680876,1,6,43,3
ITE,24,680817,1,6,43,1
GM,22,680823,1,6,43,1
EZE,21,681138,1,6,43,11
ITE,24,680837,1,6,43,1
BE,7,680878,1,6,43,3
BE,7,681162,1,6,43,12
ITE,24,680895,1,6,43,3
SZ,26,680968,1,6,43,6
GME,23,681152,1,6,43,12
ITE,25,680835,1,6,43,1
GME,23,681163,1,6,43,12
CA,14,681136,1,6,43,11
UK,27,680854,1,6,43,2
SZ,26,681038,1,6,43,8
UK,28,680877,1,6,43,3
UK,28,680818,1,6,43,1
CA,17,680891,1,6,43,3
GM,22,681132,1,6,43,11
CA,14,681115,1,6,43,10
CA,14,680879,1,6,43,3
CA,17,680878,1,6,43,3
USC,29,681166,1,6,43,12
CA,17,681111,1,6,43,10
ITE,24,680896,1,6,43,3
GM,22,681147,1,6,43,12
EZE,21,680823,1,6,43,1
UK,28,681177,1,6,43,12
CA,14,680913,1,6,43,4
CA,17,681165,1,6,43,12
UK,28,680886,1,6,43,3
ITE,25,680849,1,6,43,2
EZE,21,680905,1,6,43,4
EZE,21,680872,1,6,43,3
UK,28,681163,1,6,43,12
CA,14,680922,1,6,43,4
CA,17,681136,1,6,43,11
CA,17,681134,1,6,43,11
GM,22,681126,1,6,43,11
EIE,20,680828,1,6,43,1
GM,22,680873,1,6,43,3
CA,17,680922,1,6,43,4
UK,28,680894,1,6,43,3
BE,7,680866,1,6,43,2
SZ,26,680967,1,6,43,6
UK,27,680828,1,6,43,1
EZE,21,680818,1,6,43,1
SZ,26,680932,1,6,43,4
EZE,21,681152,1,6,43,12
ITE,25,681135,1,6,43,11
ITE,25,681133,1,6,43,11
UK,28,680876,1,6,43,3
EZE,21,680873,1,6,43,3
SZ,26,680955,1,6,43,5
BE,7,681154,1,6,43,12
UK,28,681161,1,6,43,12
GM,22,681133,1,6,43,11
GME,23,680877,1,6,43,3
GM,22,680877,1,6,43,3
ITE,24,680894,1,6,43,3
ITE,24,681167,1,6,43,12
ITE,25,680866,1,6,43,2
AU,6,681134,1,6,43,11
UK,27,680827,1,6,43,1
SZ,26,681089,1,6,43,10
UK,27,680847,1,6,43,2
GM,22,680886,1,6,43,3
ITE,24,680899,1,6,43,3
AU,6,680821,1,6,43,1
GME,23,681126,1,6,43,11
SZ,26,680934,1,6,43,5
BE,7,680821,1,6,43,1
ITE,24,681165,1,6,43,12
ITE,24,680864,1,6,43,2
EZE,21,681142,1,6,43,11
BE,7,680826,1,6,43,1
BE,7,680874,1,6,43,3
SZ,26,680988,1,6,43,6
SZ,26,681083,1,6,43,9
GME,23,681131,1,6,44,11
GME,23,681147,1,6,44,12
SZ,26,681019,1,6,44,7
UK,27,680826,1,6,44,1
SZ,26,680966,1,6,44,6
GME,23,680823,1,6,44,1
UK,28,681167,1,6,44,12
SZ,26,681056,1,6,44,9
UK,27,680885,1,6,44,3
SZ,26,681092,1,6,44,10
BE,7,680867,1,6,44,2
AU,6,681140,1,6,44,11
AU,6,680820,1,6,44,1
EZE,21,681150,1,6,44,12
ITE,24,680880,1,6,44,3
AU,6,680819,1,6,44,1
BE,7,680870,1,7,44,2
GME,23,680872,1,7,44,3
UK,27,680829,1,7,44,1
ITE,25,680850,1,7,44,2
AU,6,680869,1,7,44,2
ITE,25,681155,1,7,44,12
ITE,24,681155,1,7,44,12
SZ,26,681034,1,7,44,8
BE,7,681176,1,7,44,12
GME,23,681125,1,7,44,11
GM,22,681125,1,7,44,11
UK,27,680818,1,7,44,1
ITE,25,680901,1,7,44,3
USC,29,681174,1,7,44,12
CA,17,680890,1,7,44,3
UK,28,680898,1,7,44,3
USC,29,681147,1,7,44,12
SZ,26,680913,1,7,44,4
UK,28,681172,1,7,44,12
ITE,25,680820,1,7,44,1
UK,27,681120,1,7,44,11
ITE,25,680861,1,7,44,2
CA,17,680888,1,7,44,3
USC,29,681157,1,7,44,12
CA,17,681137,1,7,44,11
ITE,25,680853,1,7,44,2
EZE,21,681126,1,7,44,11
EIE,20,680842,1,7,44,1
ITE,25,680864,1,7,44,2
CA,17,680894,1,7,44,3
CA,17,681141,1,7,44,11
UK,28,680883,1,7,44,3
CA,17,681149,1,7,44,12
EIE,20,680859,1,7,44,2
CA,17,681142,1,7,44,11
EIE,20,680815,1,7,44,1
SZ,26,681035,1,7,44,8
BE,7,681163,1,7,44,12
BE,7,681174,1,7,44,12
SZ,26,680946,1,7,44,5
ITE,25,680902,1,7,44,3
BE,7,681164,1,7,44,12
ITE,24,680902,1,7,44,3
ITE,25,681154,1,7,44,12
GM,22,681121,1,7,44,11
BE,7,680902,1,7,44,3
UK,28,681168,1,7,44,12
GME,23,681121,1,7,44,11
BE,7,680817,1,7,44,1
AU,6,680827,1,7,44,1
ITE,24,681166,1,7,44,12
GM,22,681120,1,7,44,11
UK,27,680842,1,7,44,1
SZ,26,680935,1,7,44,5
ITE,24,681174,1,7,44,12
UK,27,680843,1,7,44,1
SZ,26,681030,1,7,44,8
SZ,26,680965,1,7,44,6
SZ,26,680981,1,7,44,6
UK,27,680819,1,7,44,1
ITE,24,680823,1,7,44,1
ITE,24,680838,1,7,44,1
GM,22,680826,1,7,44,1
GME,23,680825,1,7,45,1
UK,27,680893,1,7,45,3
BE,7,680868,1,7,45,2
UK,27,680889,1,7,45,3
SZ,26,680958,1,7,45,5
BE,7,680846,1,7,45,2
UK,27,680895,1,7,45,3
ITE,25,680841,1,7,45,1
GM,22,680840,1,7,45,1
AU,6,681153,1,7,45,12
BE,7,681146,1,7,45,11
UK,27,680880,1,7,45,3
AU,6,680826,1,7,45,1
UK,28,680864,1,7,45,2
SZ,26,680980,1,7,45,6
ITE,25,680872,1,7,45,3
ITE,25,681138,1,7,45,11
UK,28,680845,1,7,45,2
ITE,24,681170,1,7,45,12
SZ,26,680979,1,7,45,6
BE,7,681177,1,7,45,12
AU,6,681152,1,7,45,12
ITE,24,680877,1,7,45,3
EZE,21,680826,1,7,45,1
BE,7,681129,1,7,45,11
ITE,25,680865,1,7,45,2
UK,27,680898,1,7,45,3
ITE,25,680868,1,7,45,2
ITE,24,680839,1,7,45,1
ITE,24,680819,1,7,45,1
UK,27,681141,1,7,45,11
EIE,20,680814,1,7,45,1
CA,14,681119,1,7,45,11
BE,7,680877,1,7,45,3
UK,28,681169,1,7,45,12
CA,14,680931,1,7,45,4
CA,17,681109,1,7,45,10
UK,28,681162,1,7,45,12
SZ,26,681003,1,7,45,7
CA,17,681157,1,7,45,12
CA,17,680899,1,7,45,3
CA,14,680889,1,7,45,3
UK,27,681123,1,7,45,11
USC,29,681139,1,7,45,11
SZ,26,681085,1,7,45,9
UK,27,681163,1,7,45,12
EIE,20,680829,1,7,45,1
CA,14,681110,1,7,45,10
CA,17,680918,1,7,45,4
EIE,20,680825,1,7,45,1
CA,14,681105,1,7,45,10
CA,17,680925,1,7,45,4
CA,17,681124,1,7,45,11
UK,27,681140,1,7,45,11
USC,29,681146,1,7,45,11
CA,17,680919,1,7,45,4
SZ,26,681042,1,7,45,8
SZ,26,681017,1,7,45,7
EIE,20,680860,1,7,45,2
AU,6,680831,1,7,45,1
GME,23,681119,1,7,45,11
AU,6,681151,1,7,45,12
EZE,21,681123,1,7,45,11
UK,28,681147,1,7,45,12
ITE,24,681169,1,7,45,12
UK,28,680875,1,7,45,3
UK,27,680882,1,7,45,3
BE,7,680823,1,7,45,1
AU,6,681149,1,7,45,12
ITE,24,681176,1,7,45,12
GM,22,681131,1,7,45,11
BE,7,681175,1,7,45,12
AU,6,680904,1,7,45,4
SZ,26,680928,1,7,45,4
UK,28,681159,1,7,45,12
BE,7,681147,1,7,45,12
BE,7,681152,1,7,45,12
UK,27,680823,1,7,45,1
BE,7,681122,1,7,45,11
UK,27,680815,1,7,45,1
UK,27,680864,1,7,45,2
AU,6,681150,1,7,45,12
GME,23,680906,1,8,46,4
AU,6,681141,1,8,46,11
GM,22,680872,1,8,46,3
GM,22,681122,1,8,46,11
EZE,21,681127,1,8,46,11
ITE,24,681134,1,8,46,11
ITE,24,680887,1,8,46,3
EZE,21,680898,1,8,46,3
ITE,24,681133,1,8,46,11
ITE,24,680841,1,8,46,1
ITE,24,681156,1,8,46,12
UK,28,681153,1,8,46,12
UK,27,680888,1,8,46,3
EZE,21,681141,1,8,46,11
UK,28,680843,1,8,46,1
SZ,26,681084,1,8,46,9
UK,27,680897,1,8,46,3
UK,27,680874,1,8,46,3
BE,7,680844,1,8,46,2
UK,27,680894,1,8,46,3
UK,27,680846,1,8,46,2
SZ,26,680974,1,8,46,6
EZE,21,681146,1,8,46,11
GME,23,681128,1,8,46,11
UK,27,680884,1,8,46,3
UK,28,680814,1,8,46,1
GM,22,681119,1,8,46,11
GME,23,680826,1,8,46,1
UK,28,680825,1,8,46,1
UK,28,681128,1,8,46,11
UK,28,681103,1,8,46,10
BE,7,680875,1,8,46,3
UK,28,680874,1,8,46,3
SZ,26,680912,1,8,46,4
ITE,25,681139,1,8,46,11
BE,7,680824,1,8,46,1
BE,7,680872,1,8,46,3
CA,14,680943,1,8,46,5
UK,27,681148,1,8,46,12
UK,27,681121,1,8,46,11
UK,27,681144,1,8,46,11
EIE,20,680862,1,8,46,2
CA,17,681125,1,8,46,11
CA,14,681101,1,8,46,10
UK,28,681164,1,8,46,12
EIE,20,680827,1,8,46,1
UK,27,680877,1,8,46,3
ITE,24,680886,1,8,46,3
ITE,24,680835,1,8,46,1
UK,28,681121,1,8,46,11
EIE,20,680823,1,8,46,1
ITE,24,680822,1,8,46,1
EIE,20,680816,1,8,46,1
CA,17,681146,1,8,46,11
CA,17,680913,1,8,46,4
CA,14,681117,1,8,46,11
UK,27,680878,1,8,46,3
BE,7,680845,1,8,46,2
UK,27,680876,1,8,46,3
BE,7,680843,1,8,46,1
UK,28,681146,1,8,46,11
GME,23,681120,1,8,46,11
UK,27,681142,1,8,46,11
CA,17,681135,1,8,46,11
GM,22,681124,1,8,46,11
USC,29,681143,1,8,46,11
CA,14,681089,1,8,46,10
EIE,20,680890,1,8,46,3
UK,27,681160,1,8,46,12
CA,14,680898,1,8,46,3
EIE,20,680818,1,8,46,1
SZ,26,680969,1,8,46,6
BE,7,681148,1,8,46,12
ITE,24,680820,1,8,46,1
ITE,24,681130,1,8,46,11
ITE,24,681171,1,8,46,12
ITE,24,680821,1,8,46,1
GME,23,681136,1,8,46,11
GM,22,680825,1,8,46,1
BE,7,680873,1,8,46,3
AU,6,680886,1,8,46,3
ITE,24,680890,1,8,46,3
BE,7,681151,1,8,46,12
ITE,24,680845,1,8,46,2
AU,6,681127,1,8,46,11
GM,22,681146,1,8,46,11
ITE,25,681131,1,8,46,11
ITE,24,680827,1,8,46,1
BE,7,681153,1,8,46,12
ITE,24,680867,1,8,46,2
GM,22,681136,1,8,46,11
UK,27,680886,1,8,46,3
AU,6,681126,1,8,46,11
GME,23,681095,1,8,46,10
GME,23,681146,1,8,46,11
ITE,25,681134,1,8,46,11
GME,23,681124,1,8,46,11
UK,27,680824,1,8,46,1
GM,22,681114,1,8,46,10
SZ,26,680926,1,8,46,4
SZ,26,680925,1,8,46,4
GM,22,680905,1,8,46,4
EZE,21,681140,1,8,47,11
GM,22,681127,1,8,47,11
GME,23,681135,1,8,47,11
ITE,24,680898,1,8,47,3
BE,7,680871,1,8,47,2
SZ,26,681015,1,8,47,7
BE,7,681125,1,8,47,11
SZ,26,681080,1,8,47,9
UK,27,680875,1,8,47,3
UK,28,681148,1,8,47,12
SZ,26,680989,1,8,47,6
SZ,26,680977,1,8,47,6
BE,7,680903,1,8,47,4
CA,17,681115,1,8,47,10
EIE,20,680856,1,8,47,2
EIE,20,680843,1,8,47,1
CA,17,681108,1,8,47,10
BE,7,681126,1,8,47,11
UK,27,681172,1,8,47,12
UK,27,681164,1,8,47,12
ASN,4,681005,1,8,47,7
ITE,25,680903,1,8,47,4
UK,27,681175,1,8,47,12
USC,29,681137,1,8,47,11
EIE,20,680821,1,8,47,1
UK,28,680900,1,8,47,3
CA,17,681110,1,8,47,10
EIE,20,680863,1,8,47,2
EIE,20,681177,1,8,47,12
UK,27,681173,1,8,47,12
EZE,21,681122,1,8,47,11
EZE,21,681134,1,8,47,11
UK,28,680824,1,8,47,1
UK,27,681174,1,8,47,12
CA,17,680936,1,8,47,5
UK,28,681142,1,8,47,11
GME,23,681122,1,8,47,11
GME,23,680932,1,8,47,4
UK,28,681156,1,8,47,12
CA,17,680943,1,8,47,5
UK,28,681116,1,8,47,10
BE,7,680839,1,8,47,1
EIE,20,680817,1,8,47,1
UK,27,681147,1,8,47,12
UK,28,680873,1,8,47,3
ASN,4,681015,1,8,47,7
ITE,24,680897,1,8,47,3
UK,27,681161,1,8,47,12
UK,28,681112,1,8,47,10
SZ,26,680940,1,8,47,5
EIE,20,680889,1,8,47,3
UK,27,681171,1,8,47,12
EIE,20,680891,1,8,47,3
USC,29,681148,1,8,47,12
EZE,21,680906,1,8,47,4
EIE,20,680824,1,8,47,1
UK,27,680896,1,8,47,3
UK,28,680848,1,8,47,2
UK,28,680867,1,8,47,2
UK,27,681139,1,8,47,11
UK,27,680870,1,8,47,2
CA,17,680933,1,8,47,5
EIE,20,680826,1,8,47,1
GME,23,680907,1,8,47,4
ITE,24,680903,1,8,47,4
ITE,24,681175,1,8,47,12
UK,28,681106,1,8,47,10
UK,28,681155,1,8,47,12
AU,6,681142,1,8,47,11
SZ,26,680970,1,8,47,6
AU,6,680822,1,8,47,1
AU,6,681147,1,8,47,12
ITE,25,680827,1,8,47,1
UK,28,681126,1,8,47,11
ITE,25,680863,1,8,47,2
ITE,25,680867,1,8,47,2
GME,23,681127,1,8,47,11
ITE,24,681137,1,8,47,11
ITE,25,680882,1,8,47,3
GME,23,680839,1,8,47,1
ITE,24,681138,1,8,47,11
EZE,21,681144,1,8,47,11
ITE,24,681136,1,8,47,11
GME,23,681123,1,8,47,11
ITE,25,680862,1,8,47,2
EZE,21,681135,1,8,47,11
ITE,24,681132,1,8,47,11
ITE,24,680889,1,8,47,3
AU,6,681128,1,8,47,11
UK,28,681115,1,9,47,10
SZ,26,680987,1,9,47,6
UK,28,680822,1,9,47,1
SZ,26,681039,1,9,47,8
GM,22,681123,1,9,47,11
GME,23,681138,1,9,47,11
UK,27,680873,1,9,47,3
ITE,25,680876,1,9,47,3
SZ,26,681063,1,9,47,9
UK,28,681144,1,9,47,11
GM,22,681128,1,9,47,11
UK,28,681122,1,9,47,11
GME,23,681137,1,9,47,11
BE,7,680838,1,9,47,1
UK,27,680845,1,9,47,2
ITE,24,681131,1,9,47,11
BE,7,681113,1,9,48,10
BE,7,680825,1,9,48,1
EZE,21,681128,1,9,48,11
UK,27,680899,1,9,48,3
EZE,21,681143,1,9,48,11
UK,27,680881,1,9,48,3
EZE,21,681114,1,9,48,10
SZ,26,681057,1,9,48,9
UK,28,680866,1,9,48,2
ITE,25,680819,1,9,48,1
UK,28,681143,1,9,48,11
SZ,26,680978,1,9,48,6
UK,28,680868,1,9,48,2
AU,6,681144,1,9,48,11
UK,28,680819,1,9,48,1
GME,23,681114,1,9,48,10
UK,28,680823,1,9,48,1
UK,28,681125,1,9,48,11
UK,28,680869,1,9,48,2
UK,27,680844,1,9,48,2
SZ,26,680949,1,9,48,5
SZ,26,680990,1,9,48,6
UK,28,681120,1,9,48,11
AU,6,681135,1,9,48,11
UK,27,680817,1,9,48,1
GM,22,681135,1,9,48,11
GM,22,681137,1,9,48,11
BE,7,681123,1,9,48,11
CA,17,680903,1,9,48,4
CA,17,680921,1,9,48,4
UK,27,681159,1,9,48,12
USC,29,681151,1,9,48,12
EIE,20,680897,1,9,48,3
EIE,20,680849,1,9,48,2
UK,27,681162,1,9,48,12
UK,28,681154,1,9,48,12
EIE,20,680861,1,9,48,2
CA,17,680886,1,9,48,3
UK,27,681150,1,9,48,12
CA,17,680909,1,9,48,4
CA,17,680915,1,9,48,4
CA,17,680898,1,9,48,3
UK,27,681157,1,9,48,12
UK,27,680887,1,9,48,3
EIE,20,680884,1,9,48,3
UK,27,681145,1,9,48,11
EIE,20,680851,1,9,48,2
EZE,21,681121,1,9,48,11
EIE,20,680855,1,9,48,2
EIE,20,681176,1,9,48,12
GME,23,681145,1,9,48,11
EIE,20,681140,1,9,48,11
CA,14,680930,1,9,48,4
UK,27,681112,1,9,48,10
UK,27,681156,1,9,48,12
CA,14,680915,1,9,48,4
UK,27,681130,1,9,48,11
USC,29,681136,1,9,48,11
ASN,4,681003,1,9,48,7
EIE,20,680822,1,9,48,1
CA,17,681128,1,9,48,11
EIE,20,680857,1,9,48,2
SZ,26,680986,1,9,48,6
ITE,24,680861,1,9,48,2
UK,27,681158,1,9,48,12
EIE,20,680820,1,9,48,1
EIE,20,680892,1,9,48,3
USC,29,681142,1,9,48,11
CA,17,681120,1,9,48,11
EIE,20,681136,1,9,48,11
UK,27,681149,1,9,48,12
UK,27,681143,1,9,48,11
UK,27,681146,1,9,48,11
EIE,20,680830,1,9,48,1
CA,14,681118,1,9,48,11
CA,17,681106,1,9,48,10
ITE,24,680868,1,9,48,2
SZ,26,680931,1,9,48,4
EZE,21,681118,1,9,48,11
SZ,26,680982,1,9,48,6
ITE,25,681130,1,9,48,11
ITE,25,681147,1,9,48,12
SZ,26,681006,1,9,48,7
GM,22,681145,1,9,48,11
ITE,24,681147,1,9,48,12
GM,22,681095,1,9,48,10
BE,7,681130,1,9,48,11
ASN,4,681006,1,9,48,7
ITE,24,680879,1,9,48,3
ITE,24,680876,1,9,48,3
UK,27,680820,1,9,48,1
UK,27,680816,1,9,48,1
ITE,24,680878,1,9,48,3
ITE,24,680874,1,9,48,3
UK,28,680815,1,9,49,1
BE,7,681124,1,9,49,11
SZ,26,681040,1,9,49,8
UK,27,680883,1,9,49,3
SZ,26,680971,1,9,49,6
BE,7,681119,1,9,49,11
SZ,26,680930,1,9,49,4
ASN,4,681014,1,9,49,7
GM,22,680907,1,9,49,4
UK,27,680868,1,9,49,2
ITE,24,680881,1,9,49,3
CA,14,681098,1,9,49,10
CA,17,681089,1,9,49,10
EIE,20,681144,1,9,49,11
CA,17,681098,1,9,49,10
EIE,20,680896,1,9,49,3
ASN,4,681004,1,9,49,7
EIE,20,680898,1,9,49,3
EIE,20,681143,1,9,49,11
EIE,20,680888,1,9,49,3
CA,14,681090,1,9,49,10
UK,28,680872,1,9,49,3
CA,14,681102,1,9,49,10
EIE,20,680850,1,9,49,2
ITE,24,681142,1,9,49,11
UK,28,681119,1,9,49,11
CA,14,680933,1,9,49,5
ITE,25,680890,1,9,49,3
EIE,20,681166,1,9,49,12
EIE,20,681161,1,9,49,12
EIE,20,680866,1,9,49,2
CA,17,681105,1,9,49,10
SZ,26,681025,1,9,49,8
EIE,20,680894,1,9,49,3
CA,14,681108,1,9,49,10
AU,6,681146,1,9,49,11
SZ,26,680927,1,9,49,4
EIE,20,681164,1,9,49,12
UK,28,680871,1,9,49,2
CA,14,681104,1,9,49,10
EIE,20,681175,1,9,49,12
CA,14,680886,1,9,49,3
UK,28,681145,1,9,49,11
EIE,20,680875,1,9,49,3
UK,27,681117,1,9,49,11
UK,27,681154,1,9,49,12
EIE,20,681146,1,9,49,11
UK,27,681124,1,9,49,11
EIE,20,681139,1,9,49,11
CA,17,680887,1,9,49,3
EIE,20,681113,1,9,49,10
CA,14,681088,1,9,49,10
AU,6,681123,1,9,49,11
EIE,20,680852,1,9,49,2
EIE,20,681137,1,9,49,11
UK,27,681125,1,9,49,11
CA,17,680924,1,9,49,4
UK,28,680844,1,9,49,2
ITE,24,680885,1,9,49,3
UK,28,681123,1,10,49,11
UK,27,680865,1,10,49,2
BE,7,681145,1,10,49,11
EZE,21,681124,1,10,49,11
BE,7,681118,1,10,49,11
BE,7,681131,1,10,49,11
AU,6,681122,1,10,49,11
BE,7,681120,1,10,49,11
UK,28,681170,1,10,49,12
EZE,21,681117,1,10,49,11
GM,22,681144,1,10,49,11
ITE,24,680862,1,10,49,2
UK,28,680816,1,10,49,1
ITE,25,681153,1,10,49,12
AU,6,681114,1,10,49,10
BE,7,681135,1,10,49,11
UK,28,680941,1,10,49,5
ITE,24,680883,1,10,49,3
GM,22,680906,1,10,49,4
ITE,25,681148,1,10,49,12
UK,28,681173,1,10,49,12
UK,28,681118,1,10,49,11
ITE,25,680869,1,10,49,2
UK,27,680867,1,10,49,2
BE,7,681121,1,10,49,11
ITE,25,681141,1,10,50,11
SZ,26,681079,1,10,50,9
UK,28,680820,1,10,50,1
ITE,24,680869,1,10,50,2
ITE,25,681142,1,10,50,11
GME,23,680931,1,10,50,4
SZ,26,681078,1,10,50,9
ITE,24,681153,1,10,50,12
AU,6,680905,1,10,50,4
ITE,24,680863,1,10,50,2
ASN,4,680968,1,10,50,6
BE,7,681127,1,10,50,11
GM,22,680839,1,10,50,1
EZE,21,681125,1,10,50,11
UK,28,681130,1,10,50,11
UK,28,681127,1,10,50,11
UK,28,680849,1,10,50,2
ASN,4,680991,1,10,50,6
EZE,21,681145,1,10,50,11
UK,27,680872,1,10,50,3
EIE,20,681160,1,10,50,12
EZE,21,681119,1,10,50,11
EIE,20,681167,1,10,50,12
EIE,20,681147,1,10,50,12
UK,27,681176,1,10,50,12
EIE,20,681135,1,10,50,11
UK,28,681141,1,10,50,11
UK,28,681174,1,10,50,12
UK,27,681116,1,10,50,10
ITE,24,681135,1,10,50,11
UK,27,680920,1,10,50,4
ITE,25,681113,1,10,50,10
EIE,20,681142,1,10,50,11
EIE,20,681134,1,10,50,11
ITE,24,681113,1,10,50,10
CA,17,680932,1,10,50,4
ITE,24,681146,1,10,50,11
SZ,26,681076,1,10,50,9
USC,29,681116,1,10,50,10
UK,27,680943,1,10,50,5
EIE,20,680883,1,10,50,3
GME,23,681144,1,10,50,11
EIE,20,681174,1,10,50,12
ASN,4,680955,1,10,50,5
UK,27,681137,1,10,50,11
CA,17,680904,1,10,50,4
EIE,20,681162,1,10,50,12
GME,23,681134,1,10,50,11
USC,29,681128,1,10,50,11
SZ,26,680929,1,10,50,4
USC,29,681127,1,10,50,11
EIE,20,681149,1,10,50,12
EIE,20,680864,1,10,50,2
EIE,20,680844,1,10,50,2
CA,17,681116,1,10,50,10
EIE,20,680847,1,10,50,2
SZ,26,681026,1,10,50,8
EIE,20,680899,1,10,50,3
EIE,20,681145,1,10,50,11
USC,29,681138,1,10,50,11
BE,7,681143,1,10,50,11
EIE,20,681112,1,10,50,10
ITE,25,681140,1,10,50,11
EIE,20,680819,1,10,50,1
EIE,20,680877,1,10,50,3
EIE,20,681141,1,10,50,11
EIE,20,681171,1,10,50,12
UK,27,681122,1,10,50,11
EIE,20,680853,1,10,50,2
ASN,4,680992,1,10,50,6
EIE,20,681148,1,10,50,12
UK,27,681104,1,10,50,10
CA,17,681117,1,10,50,11
ITE,25,680885,1,10,50,3
UK,27,681118,1,10,50,11
UK,28,681105,1,10,50,10
GM,22,681143,1,10,50,11
ITE,24,680875,1,10,50,3
UK,28,680870,1,10,50,2
EIE,20,681165,1,10,50,12
EIE,20,681130,1,10,50,11
EIE,20,680885,1,10,50,3
UK,28,681149,1,10,50,12
EIE,20,681151,1,10,50,12
CA,17,681119,1,10,50,11
USC,29,681124,1,10,50,11
UK,27,681128,1,10,50,11
CA,17,681101,1,10,50,10
CA,17,681100,1,10,50,10
EIE,20,681138,1,10,50,11
UK,27,681155,1,10,50,12
ASN,5,680967,1,10,50,6
EIE,20,680858,1,10,50,2
EIE,20,680893,1,10,50,3
EIE,20,680887,1,10,50,3
EIE,20,680867,1,10,50,2
BE,7,681128,1,10,50,11
UK,28,681114,1,10,50,10
SZ,26,681044,1,10,50,8
BE,7,681149,1,10,50,12
SZ,26,681004,1,10,50,7
UK,28,681124,1,10,50,11
UK,28,680942,1,10,50,5
UK,27,680871,1,10,50,2
ITE,25,680880,1,10,50,3
ITE,25,680870,1,10,50,2
ITE,25,681146,1,10,50,11
ITE,25,681145,1,10,50,11
UK,27,680866,1,10,50,2
AU,6,681121,1,10,51,11
GME,23,681143,1,10,51,11
SZ,26,681046,1,10,51,8
GME,23,681113,1,10,51,10
ITE,24,681140,1,10,51,11
GM,22,680908,1,10,51,4
UK,27,680821,1,10,51,1
ITE,24,681141,1,10,51,11
ITE,24,681150,1,10,51,12
AU,6,680818,1,10,51,1
SZ,26,680985,1,10,51,6
ITE,25,681150,1,10,51,12
ITE,24,681128,1,10,51,11
BE,7,681117,1,10,51,11
BE,7,681132,1,10,51,11
GM,22,681138,1,10,51,11
SZ,26,680983,1,10,51,6
BE,7,680904,1,10,51,4
ITE,25,681129,1,10,51,11
EZE,21,681120,1,10,51,11
UK,28,680821,1,10,51,1
UK,28,681104,1,10,51,10
UK,27,680822,1,10,51,1
BE,7,681134,1,10,51,11
ITE,24,680884,1,10,51,3
EIE,20,680854,1,11,51,2
EIE,20,681133,1,11,51,11
EIE,20,681150,1,11,51,12
EIE,20,680895,1,11,51,3
UK,27,681106,1,11,51,10
ITE,24,680882,1,11,51,3
UK,27,681115,1,11,51,10
ASN,3,680992,1,11,51,6
UK,28,681117,1,11,51,11
ITE,25,680871,1,11,51,2
CA,14,681158,1,11,51,12
UK,28,681102,1,11,51,10
UK,27,681102,1,11,51,10
EIE,20,680865,1,11,51,2
UK,27,681119,1,11,51,11
CA,14,680888,1,11,51,3
BE,7,681150,1,11,51,12
AU,6,681117,1,11,51,11
UK,28,681150,1,11,51,12
CA,14,680887,1,11,51,3
ASN,3,680991,1,11,51,6
EIE,20,681163,1,11,51,12
EIE,20,681173,1,11,51,12
GME,23,681118,1,11,51,11
UK,27,681103,1,11,51,10
UK,28,681171,1,11,51,12
GME,23,680908,1,11,51,4
EIE,20,680886,1,11,51,3
CA,14,680899,1,11,51,3
UK,27,681133,1,11,51,11
EIE,20,681157,1,11,51,12
UK,27,681136,1,11,51,11
EIE,20,680848,1,11,51,2
EIE,20,680878,1,11,51,3
SZ,26,681081,1,11,51,9
GME,23,681142,1,11,51,11
CA,17,681097,1,11,51,10
EIE,20,681152,1,11,51,12
EIE,20,681159,1,11,51,12
EIE,20,681132,1,11,51,11
UK,27,681127,1,11,51,11
ITE,24,681149,1,11,51,12
UK,27,681126,1,11,51,11
UK,27,681105,1,11,51,10
UK,27,681107,1,11,51,10
UK,27,681114,1,11,51,10
CA,17,680892,1,11,51,3
EIE,20,680870,1,11,51,2
UK,27,681129,1,11,51,11
CA,17,680930,1,11,51,4
CA,17,680905,1,11,51,4
ITE,24,680870,1,11,51,2
ITE,24,681154,1,11,51,12
UK,27,681153,1,11,51,12
EIE,20,681114,1,11,51,10
UK,28,681166,1,11,51,12
EIE,20,680845,1,11,51,2
EIE,20,681153,1,11,51,12
SZ,26,681077,1,11,51,9
CA,14,680934,1,11,51,5
CA,14,680919,1,11,51,4
ITE,25,681151,1,11,51,12
BE,7,681142,1,11,51,11
EZE,21,681108,1,11,51,10
UK,27,680900,1,11,51,3
SZ,26,680939,1,11,51,5
ITE,25,680886,1,11,51,3
SZ,26,681021,1,11,51,7
SZ,26,681064,1,11,51,9
UK,28,680865,1,11,51,2
SZ,26,681014,1,11,51,7
GME,23,681111,1,11,51,10
ITE,25,681144,1,11,51,11
SZ,26,681045,1,11,52,8
GM,22,680932,1,11,52,4
GM,22,681111,1,11,52,10
ASN,4,681018,1,11,52,7
ITE,24,681151,1,11,52,12
SZ,26,681067,1,11,52,9
ITE,24,680904,1,11,52,4
EZE,21,681111,1,11,52,10
BE,7,681144,1,11,52,11
AU,6,681124,1,11,52,11
BE,7,681133,1,11,52,11
ITE,25,680875,1,11,52,3
ITE,24,681139,1,11,52,11
AGE,1,681161,1,11,52,12
UK,28,681129,1,11,52,11
AGE,1,681173,1,11,52,12
SZ,26,681022,1,11,52,7
AGE,1,681175,1,11,52,12
AU,6,681091,1,11,52,10
AGE,1,681174,1,11,52,12
EIE,20,680868,1,11,52,2
ASN,5,681018,1,11,52,7
UK,27,680941,1,11,52,5
EIE,20,681169,1,11,52,12
ASN,5,680968,1,11,52,6
EZE,21,681100,1,11,52,10
USC,29,681135,1,11,52,11
EIE,20,681172,1,11,52,12
EIE,20,681155,1,11,52,12
CA,17,680931,1,11,52,4
EIE,20,680905,1,11,52,4
EIE,20,680876,1,11,52,3
CA,14,680905,1,11,52,4
ASN,4,681026,1,11,52,8
CA,14,680903,1,11,52,4
EIE,20,681129,1,11,52,11
CA,14,681129,1,11,52,11
CA,17,680926,1,11,52,4
ASN,4,681062,1,11,52,9
EIE,20,681111,1,11,52,10
UK,27,681111,1,11,52,10
UK,27,681135,1,11,52,11
EIE,20,681125,1,11,52,11
UK,27,680919,1,11,52,4
AU,6,681125,1,11,52,11
UK,28,680920,1,11,52,4
EIE,20,681115,1,11,52,10
EIE,20,681120,1,11,52,11
CA,14,680909,1,11,52,4
ASN,4,680962,1,11,52,5
EIE,20,681122,1,11,52,11
AU,6,681143,1,11,52,11
EIE,20,681168,1,11,52,12
UK,28,681175,1,11,52,12
UK,28,681165,1,11,52,12
CA,17,681158,1,11,52,12
EIE,20,681158,1,11,52,12
EZE,21,681095,1,11,52,10
ASN,3,680993,1,11,52,6
CA,14,680893,1,11,52,3
CA,17,681118,1,11,52,11
GM,22,681118,1,11,52,11
ASN,4,680996,1,11,52,7
UK,27,681138,1,11,52,11
EIE,20,680900,1,11,52,3
UK,27,680936,1,11,52,5
SZ,26,681060,1,11,52,9
ITE,25,681149,1,11,52,12
UK,28,681176,1,11,52,12
EZE,21,680981,1,11,52,6
ITE,25,681112,1,11,52,10
EZE,21,680931,1,11,52,4
BE,7,680905,1,11,52,4
AU,6,681145,1,11,52,11
SZ,26,681069,1,11,52,9
SZ,26,681033,1,11,52,8
UK,27,680869,1,11,52,2
SZ,26,680997,1,11,52,7
ITE,24,681129,1,11,52,11
SZ,26,681016,1,11,52,7
SZ,26,681061,1,11,52,9
UK,28,680901,1,11,52,3
AU,6,681090,1,11,52,10
ITE,24,681152,1,11,52,12
SZ,26,680973,1,11,53,6
ITE,25,680889,1,11,53,3
ITE,25,681116,1,11,53,10
AU,6,681100,1,11,53,10
GME,23,680933,1,11,53,5
AU,6,681116,1,11,53,10
ITE,25,681117,1,11,53,11
SZ,26,681075,1,11,53,9
SZ,26,681068,1,11,53,9
SZ,26,680972,1,11,53,6
GME,23,681100,1,11,53,10
ITE,25,680887,1,11,53,3
ITE,25,681128,1,12,53,11
ITE,25,680881,1,12,53,3
ITE,24,681126,1,12,53,11
ITE,24,681148,1,12,53,12
SZ,26,681020,1,12,53,7
ASN,4,680969,1,12,53,6
AGE,1,681165,1,12,53,12
AGE,1,680865,1,12,53,2
AGE,1,681168,1,12,53,12
SZ,26,681049,1,12,53,8
AGE,1,680879,1,12,53,3
AGE,1,680818,1,12,53,1
EZE,21,680932,1,12,53,4
ITE,25,681124,1,12,53,11
GM,22,681109,1,12,53,10
ITE,24,681090,1,12,53,10
ITE,24,681127,1,12,53,11
SZ,26,680991,1,12,53,6
EZE,21,680975,1,12,53,6
ITE,24,680871,1,12,53,2
UK,28,681107,1,12,53,10
UK,28,681152,1,12,53,12
CA,17,680900,1,12,53,3
EIE,20,680873,1,12,53,3
EIE,20,681121,1,12,53,11
EIE,20,680906,1,12,53,4
EIE,20,681156,1,12,53,12
UK,27,681168,1,12,53,12
EZE,21,681099,1,12,53,10
EZE,21,680908,1,12,53,4
EIE,20,680901,1,12,53,3
EIE,20,680904,1,12,53,4
UK,27,680904,1,12,53,4
ASN,4,680971,1,12,53,6
UK,28,680902,1,12,53,3
EIE,20,680846,1,12,53,2
ASN,4,680964,1,12,53,6
ASN,5,681046,1,12,53,8
CA,17,681107,1,12,53,10
UK,27,680931,1,12,53,4
ASN,4,681025,1,12,53,8
EIE,20,680871,1,12,53,2
EIE,20,681131,1,12,53,11
UK,27,681167,1,12,53,12
EIE,20,680881,1,12,53,3
ASN,4,681002,1,12,53,7
ASN,5,681002,1,12,53,7
ASN,5,681079,1,12,53,9
CA,17,680938,1,12,53,5
ITE,25,681143,1,12,53,11
UK,28,681133,1,12,53,11
CA,17,680934,1,12,53,5
CA,17,680946,1,12,53,5
CA,17,681102,1,12,53,10
UK,28,681135,1,12,53,11
BE,7,681137,1,12,53,11
EIE,20,681118,1,12,53,11
UK,28,681098,1,12,53,10
ASN,4,681041,1,12,53,8
UK,27,680915,1,12,53,4
EIE,20,681126,1,12,53,11
EIE,20,681116,1,12,53,10
UK,27,681109,1,12,53,10
CA,14,681103,1,12,53,10
CA,17,680944,1,12,53,5
BE,7,681136,1,12,53,11
SZ,26,680984,1,12,53,6
USC,29,681159,1,12,53,12
EIE,20,681154,1,12,53,12
CA,17,681090,1,12,53,10
ASN,4,680956,1,12,53,5
UK,28,681151,1,12,53,12
SZ,26,680960,1,12,53,5
ITE,25,680883,1,12,53,3
AU,6,680933,1,12,53,5
EZE,21,680933,1,12,53,5
SZ,26,680992,1,12,53,6
GME,23,681109,1,12,53,10
ITE,25,680904,1,12,53,4
SZ,26,681037,1,12,53,8
SZ,26,681073,1,12,53,9
ITE,25,680888,1,12,53,3
EZE,21,681139,1,12,53,11
GM,22,681134,1,12,53,11
EZE,21,681115,1,12,53,10
GM,22,681100,1,12,53,10
SZ,26,681066,1,12,53,9
SZ,26,681065,1,12,53,9
AGE,1,680817,1,12,54,1
AGE,1,681172,1,12,54,12
GME,23,681110,1,12,54,10
AGE,1,681164,1,12,54,12
AGE,1,681167,1,12,54,12
ASN,4,681013,1,12,54,7
AGE,1,680854,1,12,54,2
AGE,1,681162,1,12,54,12
AGE,1,680821,1,12,54,1
SZ,26,681072,1,12,54,9
ITE,25,681152,1,12,54,12
AU,6,681118,1,12,54,11
SZ,26,681047,1,12,54,8
GM,22,681113,1,12,54,10
ASN,4,681024,1,12,54,7
ITE,24,680888,1,12,54,3
ASN,4,680993,1,12,54,6
AU,6,680908,1,12,54,4
EIE,20,681124,1,12,54,11
CA,14,681150,1,12,54,12
UK,27,680903,1,12,54,4
UK,27,680902,1,12,54,3
UK,27,680960,1,12,54,5
UK,28,681140,1,12,54,11
EIE,20,680902,1,12,54,3
EIE,20,681110,1,12,54,10
ASN,4,681027,1,12,54,8
UK,27,681113,1,12,54,10
UK,27,681165,1,12,54,12
UK,27,680901,1,12,54,3
USC,29,681149,1,12,54,12
CA,17,680927,1,12,54,4
ASN,5,681026,1,12,54,8
CA,14,680900,1,12,54,3
UK,27,680930,1,12,54,4
UK,28,681137,1,12,54,11
UK,28,680903,1,12,54,4
ASN,5,681062,1,12,54,9
ASN,5,681012,1,12,54,7
ASN,5,680991,1,12,54,6
EIE,20,680907,1,12,54,4
EZE,21,680909,1,12,54,4
ITE,25,681118,1,12,54,11
EIE,20,681127,1,12,54,11
CA,14,680906,1,12,54,4
EIE,20,680872,1,12,54,3
UK,27,680905,1,12,54,4
UK,28,681136,1,12,54,11
UK,28,681139,1,12,54,11
CA,14,680914,1,12,54,4
CA,17,681150,1,12,54,12
EIE,20,681117,1,12,54,11
CA,14,680956,1,12,54,5
ASN,4,680960,1,12,54,5
USC,29,681114,1,12,54,10
EIE,20,680920,1,12,54,4
ASN,5,681051,1,12,54,8
ITE,25,680884,1,12,54,3
UK,27,681169,1,12,54,12
CA,14,680938,1,12,54,5
CA,14,681131,1,12,54,11
UK,27,680940,1,12,54,5
UK,27,680942,1,12,54,5
EIE,20,680882,1,12,54,3
USC,29,681122,1,12,54,11
USC,29,681123,1,12,54,11
EIE,20,680869,1,12,54,2
UK,27,681131,1,12,54,11
CA,14,680945,1,12,54,5
CA,17,680950,1,12,54,5
CA,14,680944,1,12,54,5
CA,17,681088,1,12,54,10
ASN,4,681007,1,12,54,7
EIE,20,680879,1,12,54,3
ASN,5,681023,1,12,54,7
ASN,3,680950,1,12,54,5
ASN,4,681016,1,12,54,7
EZE,21,681094,1,12,54,10
AU,6,681099,1,12,54,10
GME,23,681099,1,12,54,10
ASN,4,680967,1,12,54,6
SZ,26,680964,1,12,54,6
ITE,25,680905,1,12,54,4
SZ,26,681048,1,12,54,8
EZE,21,680907,1,12,54,4
GM,22,681105,1,12,54,10
GM,22,681110,1,12,54,10
UK,28,680930,1,12,54,4
AU,6,681112,1,12,54,10
ITE,24,681118,1,12,54,11
ITE,25,681119,1,12,54,11
GM,22,680913,1,12,54,4
AGE,1,680856,1,12,54,2
AGE,1,680887,1,12,54,3
GM,22,681099,1,12,54,10
AGE,1,680881,1,12,54,3
SZ,26,681050,1,12,54,8
EZE,21,681110,1,12,54,10
AGE,1,681166,1,12,54,12
AGE,1,681169,1,12,54,12
AU,6,680898,1,12,54,3
AGE,1,680822,1,12,54,1
BE,7,681116,1,13,55,10
ASN,4,680970,1,13,55,6
GME,23,680930,1,13,55,4
ITE,25,681103,1,13,55,10
ITE,25,680874,1,13,55,3
BE,7,681110,1,13,55,10
GM,22,680931,1,13,55,4
UK,28,681138,1,13,55,11
BE,7,681138,1,13,55,11
AU,6,681111,1,13,55,10
ASN,4,680972,1,13,55,6
UK,28,681131,1,13,55,11
ASN,4,681067,1,13,55,9
ASN,4,681038,1,13,55,8
ASN,4,680973,1,13,55,6
SZ,26,680959,1,13,55,5
ASN,4,681063,1,13,55,9
EZE,21,680913,1,13,55,4
BE,7,680931,1,13,55,4
ASN,4,681009,1,13,55,7
ASN,4,680963,1,13,55,5
ASN,2,680987,1,13,55,6
ASN,2,681004,1,13,55,7
ASN,4,681008,1,13,55,7
ASN,5,681027,1,13,55,8
ASN,5,681067,1,13,55,9
ASN,5,681001,1,13,55,7
CA,17,681132,1,13,55,11
ASN,5,680947,1,13,55,5
EIE,20,680874,1,13,55,3
ASN,5,681022,1,13,55,7
ASN,5,680992,1,13,55,6
CA,17,680902,1,13,55,3
UK,27,681134,1,13,55,11
ASN,5,680945,1,13,55,5
UK,27,681132,1,13,55,11
CA,17,681104,1,13,55,10
ASN,5,681025,1,13,55,8
AU,6,681120,1,13,55,11
ASN,5,680969,1,13,55,6
EIE,20,681119,1,13,55,11
SZ,26,681036,1,13,55,8
EZE,21,681112,1,13,55,10
UK,27,681110,1,13,55,10
ASN,5,681024,1,13,55,7
ASN,5,681017,1,13,55,7
ASN,4,681028,1,13,55,8
ASN,5,680993,1,13,55,6
ASN,3,680969,1,13,55,6
EIE,20,680903,1,13,55,4
USC,29,681121,1,13,55,11
CA,14,680901,1,13,55,3
EIE,20,680880,1,13,55,3
EIE,20,681170,1,13,55,12
ASN,5,681006,1,13,55,7
CA,17,681087,1,13,55,10
ASN,5,680988,1,13,55,6
CA,14,681099,1,13,55,10
BE,7,681105,1,13,55,10
CA,17,681093,1,13,55,10
ASN,5,680963,1,13,55,5
ASN,5,681068,1,13,55,9
CA,17,681099,1,13,55,10
CA,17,681130,1,13,55,11
USC,29,681140,1,13,55,11
UK,27,681151,1,13,55,12
UK,28,681111,1,13,55,10
GME,23,681139,1,13,55,11
CA,14,680926,1,13,55,4
UK,27,681166,1,13,55,12
EIE,20,681128,1,13,55,11
ASN,5,680989,1,13,55,6
ASN,3,680963,1,13,55,5
UK,27,681152,1,13,55,12
ASN,3,680990,1,13,55,6
ASN,5,680946,1,13,55,5
ASN,2,681005,1,13,55,7
ASN,4,680948,1,13,55,5
SZ,26,680962,1,13,55,5
ASN,4,680946,1,13,55,5
ASN,4,681083,1,13,55,9
UK,28,680916,1,13,55,4
ASN,4,680977,1,13,55,6
UK,28,681134,1,13,55,11
AU,6,681108,1,13,55,10
GME,23,680918,1,13,55,4
BE,7,681109,1,13,55,10
EZE,21,681109,1,13,55,10
ASN,4,680988,1,13,55,6
ASN,4,680974,1,13,55,6
ASN,2,681009,1,13,55,7
EZE,21,681091,1,13,55,10
GME,23,681105,1,13,55,10
AGE,1,680867,1,13,55,2
AGE,1,680823,1,13,55,1
AGE,1,680819,1,13,55,1
BE,7,681108,1,13,55,10
AGE,1,680866,1,13,55,2
ASN,2,681087,1,13,55,10
SZ,26,680996,1,13,55,7
EZE,21,681106,1,13,55,10
AGE,1,680836,1,13,55,1
AGE,1,680864,1,13,55,2
ASN,4,680947,1,13,55,5
AGE,1,680837,1,13,55,1
AGE,1,680815,1,13,55,1
UK,28,681109,1,13,55,10
ASN,4,680976,1,13,56,6
ASN,4,681086,1,13,56,10
SZ,26,681062,1,13,56,9
GME,23,680976,1,13,56,6
ASN,4,680995,1,13,56,7
BE,7,681111,1,13,56,10
GME,23,680929,1,13,56,4
ASN,2,681020,1,13,56,7
GME,23,681141,1,13,56,11
ASN,4,681019,1,13,56,7
BE,7,681112,1,13,56,10
EZE,21,681113,1,13,56,10
ASN,2,681014,1,13,56,7
BE,7,681140,1,13,56,11
BE,7,680906,1,13,56,4
EZE,21,681102,1,13,56,10
ASN,2,681024,1,13,56,7
ASN,2,681027,1,13,56,8
BE,7,681107,1,13,56,10
BE,7,681139,1,13,56,11
SZ,26,681071,1,13,56,9
SZ,26,681059,1,13,56,9
ASN,2,681015,1,13,56,7
UK,27,680946,1,13,56,5
ASN,5,681085,1,13,56,9
USC,29,681150,1,13,56,12
UK,27,680945,1,13,56,5
SZ,26,681024,1,13,56,7
CA,17,680914,1,13,56,4
ASN,5,681003,1,13,56,7
ASN,5,680990,1,13,56,6
USC,29,681100,1,13,56,10
ITE,25,681122,1,13,56,11
ASN,5,681020,1,13,56,7
USC,29,681107,1,13,56,10
ASN,4,680945,1,13,56,5
CA,14,681130,1,13,56,11
USC,29,681158,1,13,56,12
EIE,20,680908,1,13,56,4
ASN,5,681000,1,13,56,7
UK,27,681108,1,13,56,10
UK,27,681170,1,13,56,12
UK,27,680947,1,13,56,5
ASN,4,681039,1,13,56,8
UK,27,680916,1,13,56,4
ASN,5,681008,1,13,56,7
CA,17,680907,1,13,56,4
UK,28,680931,1,13,56,4
ASN,3,680937,1,13,56,5
ASN,2,680977,1,13,56,6
BE,7,681106,1,13,56,10
ASN,4,680954,1,13,56,5
ASN,5,681063,1,13,56,9
ASN,4,681059,1,13,56,9
CA,14,680902,1,13,56,3
ASN,3,680968,1,13,56,6
EIE,20,681108,1,13,56,10
USC,29,681126,1,13,56,11
CA,14,680929,1,13,56,4
ASN,5,681013,1,13,56,7
ASN,5,681083,1,13,56,9
EIE,20,680943,1,13,56,5
CA,17,680901,1,13,56,3
ASN,3,680962,1,13,56,5
GME,23,680909,1,13,56,4
ASN,5,680995,1,13,56,7
EIE,20,681123,1,13,56,11
ASN,5,681005,1,13,56,7
CA,17,680935,1,13,56,5
AU,6,681095,1,13,56,10
ASN,5,681047,1,13,56,8
ASN,5,681009,1,13,56,7
ASN,5,680994,1,13,56,7
ASN,5,681004,1,13,56,7
ASN,5,680962,1,13,56,5
USC,29,681120,1,13,56,11
GME,23,681106,1,13,56,10
UK,28,680915,1,13,56,4
ITE,24,681119,1,13,56,11
UK,28,680906,1,13,56,4
ITE,25,681120,1,13,56,11
ITE,24,680873,1,13,56,3
ASN,2,680979,1,13,56,6
GM,22,681117,1,13,56,11
UK,28,681132,1,13,56,11
GME,23,681115,1,13,56,10
SZ,26,681074,1,13,56,9
BE,7,681114,1,13,56,10
SZ,26,681012,1,13,56,7
SZ,26,680998,1,13,56,7
GME,23,681101,1,13,56,10
GME,23,681091,1,13,56,10
ITE,25,681094,1,13,56,10
GM,22,681106,1,13,56,10
AGE,1,680871,1,14,56,2
SZ,26,680961,1,14,56,5
GME,23,681117,1,14,56,11
AGE,1,680832,1,14,56,1
EZE,21,681101,1,14,56,10
GME,23,681112,1,14,56,10
ITE,25,681123,1,14,56,11
AU,6,680906,1,14,56,4
ASN,2,681007,1,14,56,7
AGE,1,680908,1,14,56,4
AGE,1,680833,1,14,56,1
AU,6,680909,1,14,56,4
ITE,25,681121,1,14,56,11
AGE,1,680824,1,14,56,1
ITE,24,680905,1,14,56,4
GM,22,680933,1,14,56,5
AU,6,681115,1,14,56,10
AU,6,681105,1,14,56,10
EZE,21,681105,1,14,56,10
AGE,1,680857,1,14,56,2
ASN,4,680989,1,14,56,6
GME,23,681094,1,14,56,10
SZ,26,680963,1,14,56,5
ASN,2,681016,1,14,56,7
SZ,26,681013,1,14,56,7
BE,7,681141,1,14,56,11
ASN,4,681060,1,14,56,9
GM,22,681139,1,14,56,11
GM,22,680975,1,14,56,6
UK,28,681097,1,14,56,10
ITE,24,681125,1,14,56,11
ITE,25,681107,1,14,57,10
ASN,4,680961,1,14,57,5
ASN,4,680951,1,14,57,5
ASN,4,680950,1,14,57,5
ASN,2,681030,1,14,57,8
ASN,4,681040,1,14,57,8
SZ,26,681011,1,14,57,7
BE,7,680907,1,14,57,4
ASN,4,680949,1,14,57,5
GME,23,680913,1,14,57,4
EZE,21,681107,1,14,57,10
AU,6,681101,1,14,57,10
ASN,2,681029,1,14,57,8
EZE,21,681090,1,14,57,10
UK,28,681099,1,14,57,10
ASN,4,680994,1,14,57,7
ASN,4,680975,1,14,57,6
AU,6,681094,1,14,57,10
UK,28,681100,1,14,57,10
ASN,5,681102,1,14,57,10
ASN,4,681096,1,14,57,10
UK,27,681100,1,14,57,10
GME,23,681107,1,14,57,10
CA,17,680929,1,14,57,4
EIE,20,681109,1,14,57,10
CA,14,681133,1,14,57,11
UK,27,680908,1,14,57,4
ASN,3,680965,1,14,57,6
ASN,4,681072,1,14,57,9
ASN,5,680965,1,14,57,6
UK,27,681101,1,14,57,10
CA,14,680892,1,14,57,3
SZ,26,681053,1,14,57,8
ASN,5,681041,1,14,57,8
ASN,5,681084,1,14,57,9
EIE,20,680909,1,14,57,4
CA,14,681091,1,14,57,10
ASN,5,680964,1,14,57,6
CA,14,680935,1,14,57,5
ASN,4,681012,1,14,57,7
CA,17,681129,1,14,57,11
ASN,5,681040,1,14,57,8
ASN,5,681100,1,14,57,10
ASN,5,681059,1,14,57,9
ASN,4,681022,1,14,57,7
ASN,4,681017,1,14,57,7
CA,17,680923,1,14,57,4
UK,27,681097,1,14,57,10
ASN,2,680998,1,14,57,7
UK,27,681098,1,14,57,10
UK,27,681096,1,14,57,10
ASN,5,681007,1,14,57,7
CA,14,680891,1,14,57,3
ASN,5,681039,1,14,57,8
ASN,5,681038,1,14,57,8
ASN,5,681014,1,14,57,7
ASN,4,681097,1,14,57,10
CA,17,680906,1,14,57,4
ASN,4,680953,1,14,57,5
CA,17,680939,1,14,57,5
EIE,20,681107,1,14,57,10
CA,14,680942,1,14,57,5
ASN,2,680986,1,14,57,6
UK,27,680921,1,14,57,4
CA,14,680955,1,14,57,5
UK,27,681099,1,14,57,10
ASN,5,680998,1,14,57,7
ASN,5,680966,1,14,57,6
CA,17,680917,1,14,57,4
UK,28,680905,1,14,57,4
ASN,3,680971,1,14,57,6
ASN,2,680978,1,14,57,6
ASN,5,681016,1,14,57,7
ASN,5,681086,1,14,57,10
ASN,4,681048,1,14,57,8
UK,27,680937,1,14,57,5
ITE,25,681125,1,14,57,11
AGE,1,681159,1,14,57,12
AGE,1,680888,1,14,57,3
AGE,1,680858,1,14,57,2
GM,22,681094,1,14,57,10
BE,7,681101,1,14,57,10
BE,7,681115,1,14,57,10
GM,22,681090,1,14,57,10
AGE,1,680842,1,14,57,1
AGE,1,680870,1,14,57,2
AGE,1,680909,1,14,57,4
GM,22,681107,1,14,57,10
AGE,1,680910,1,14,57,4
GME,23,681116,1,14,57,10
AGE,1,680816,1,14,57,1
AGE,1,680859,1,14,57,2
AU,6,680907,1,14,57,4
AGE,1,680840,1,14,57,1
ASN,2,680999,1,14,57,7
GM,22,681116,1,14,57,10
AGE,1,680899,1,14,57,3
BE,7,681104,1,14,57,10
AGE,1,680831,1,14,57,1
BE,7,680932,1,14,57,4
AU,6,680910,1,14,57,4
EZE,21,680910,1,14,57,4
ASN,4,681104,1,14,57,10
ASN,2,681039,1,14,57,8
SZ,26,681002,1,14,57,7
EZE,21,681103,1,14,57,10
GME,23,680917,1,14,57,4
UK,28,680943,1,14,57,5
EZE,21,681092,1,14,57,10
GM,22,681115,1,14,57,10
GM,22,681108,1,14,57,10
ASN,4,681011,1,14,57,7
ASN,4,680965,1,14,57,6
ITE,24,681121,1,14,57,11
UK,28,680992,1,14,57,6
ASN,4,681100,1,14,57,10
ASN,4,680979,1,14,58,6
ITE,25,680873,1,14,58,3
ASN,2,680989,1,14,58,6
EZE,21,681116,1,14,58,10
ASN,2,681019,1,14,58,7
SZ,26,681023,1,14,58,7
GME,23,681057,1,14,58,9
GM,22,681101,1,14,58,10
ASN,4,681001,1,14,58,7
SZ,26,681058,1,14,58,9
SZ,26,681070,1,14,58,9
EZE,21,680911,1,14,58,4
ASN,4,681020,1,14,58,7
ASN,4,681068,1,14,58,9
ASN,2,680964,1,14,58,6
GM,22,680909,1,14,58,4
ITE,25,681127,1,14,58,11
ASN,4,681087,1,14,58,10
ITE,25,681114,1,14,58,10
ASN,4,681029,1,14,58,8
ASN,5,681069,1,14,58,9
ASN,4,681069,1,14,58,9
EIE,20,680921,1,14,58,4
ASN,5,681053,1,14,58,8
EIE,20,681106,1,14,58,10
ASN,4,681034,1,14,58,8
ASN,4,680999,1,14,58,7
USC,29,681106,1,14,58,10
CA,14,680917,1,14,58,4
EIE,20,681105,1,14,58,10
UK,27,680911,1,14,58,4
CA,17,680956,1,14,58,5
ASN,5,681015,1,14,58,7
GME,23,681108,1,14,58,10
AU,6,680975,1,14,58,6
GM,22,681091,1,14,58,10
ASN,5,681095,1,14,58,10
BE,7,680913,1,14,58,4
ASN,2,681042,1,14,58,8
EIE,20,680944,1,14,58,5
ASN,5,681096,1,14,58,10
UK,27,681095,1,14,58,10
ASN,4,680952,1,14,58,5
ASN,5,681080,1,14,58,9
CA,17,680945,1,14,58,5
ASN,4,680990,1,14,58,6
UK,28,681108,1,14,58,10
ASN,3,680972,1,14,58,6
ASN,4,681046,1,14,58,8
GME,23,680914,1,14,58,4
ASN,5,680996,1,14,58,7
ITE,24,681124,1,14,58,11
ASN,5,680941,1,14,58,5
ASN,5,680948,1,14,58,5
EIE,20,680948,1,14,58,5
ASN,5,681028,1,14,58,8
CA,17,680916,1,14,58,4
ASN,5,681087,1,14,58,10
GM,22,680976,1,14,58,6
UK,27,680948,1,14,58,5
ASN,5,680970,1,14,58,6
ASN,3,680970,1,14,58,6
ASN,5,680949,1,14,58,5
ASN,2,681025,1,14,58,8
GME,23,681087,1,14,58,10
UK,27,680913,1,14,58,4
ASN,5,681037,1,14,58,8
UK,27,680944,1,14,58,5
CA,17,680942,1,14,58,5
CA,17,680941,1,14,58,5
EIE,20,680950,1,14,58,5
ASN,4,680998,1,14,58,7
ASN,5,681052,1,14,58,8
ASN,4,681163,1,14,58,12
ASN,5,680961,1,14,58,5
AGE,1,680863,1,14,58,2
ITE,25,681115,1,14,58,10
GM,22,681112,1,14,58,10
AGE,1,680861,1,14,58,2
AGE,1,681158,1,14,58,12
AGE,1,680907,1,14,58,4
AGE,1,680912,1,14,58,4
AGE,1,680902,1,14,58,3
BE,7,681102,1,14,58,10
AGE,1,681157,1,14,58,12
ASN,2,681006,1,14,58,7
AGE,1,680894,1,14,58,3
ASN,4,681021,1,14,58,7
AGE,1,680875,1,14,58,3
AGE,1,680835,1,14,58,1
ASN,4,680966,1,14,58,6
AGE,1,680896,1,14,58,3
AGE,1,680895,1,14,58,3
ITE,24,681122,1,15,58,11
GME,23,680975,1,15,58,6
ITE,24,681091,1,15,58,10
ITE,25,680932,1,15,58,4
GM,22,681141,1,15,58,11
GM,22,681029,1,15,58,8
BE,7,681099,1,15,58,10
UK,28,681023,1,15,58,7
UK,28,680904,1,15,58,4
UK,28,681110,1,15,58,10
ASN,2,681008,1,15,58,7
UK,28,681096,1,15,58,10
ASN,2,680995,1,15,58,7
ASN,2,681001,1,15,58,7
BE,7,681100,1,15,59,10
UK,28,680932,1,15,59,4
AU,6,681113,1,15,59,10
ASN,2,680955,1,15,59,5
ASN,2,680996,1,15,59,7
ASN,4,681065,1,15,59,9
GME,23,680910,1,15,59,4
ASN,2,681017,1,15,59,7
ITE,24,681145,1,15,59,11
ASN,2,681013,1,15,59,7
ITE,24,681115,1,15,59,10
SZ,26,681000,1,15,59,7
ASN,4,680978,1,15,59,6
EZE,21,681098,1,15,59,10
GME,23,681092,1,15,59,10
GM,22,681057,1,15,59,9
ASN,2,681031,1,15,59,8
GME,23,680968,1,15,59,6
ASN,2,681021,1,15,59,7
AGE,1,680825,1,15,59,1
ASN,5,681113,1,15,59,10
GME,23,681140,1,15,59,11
ASN,3,680951,1,15,59,5
ASN,5,681093,1,15,59,10
GM,22,680917,1,15,59,4
ASN,5,680951,1,15,59,5
ITE,24,680906,1,15,59,4
ASN,5,681030,1,15,59,8
GM,22,680968,1,15,59,6
AGE,1,680893,1,15,59,3
ASN,4,681010,1,15,59,7
ASN,2,681032,1,15,59,8
CA,14,680921,1,15,59,4
AGE,1,680886,1,15,59,3
ASN,2,681010,1,15,59,7
AU,6,681092,1,15,59,10
CA,17,680955,1,15,59,5
GME,23,681090,1,15,59,10
CA,14,680920,1,15,59,4
ASN,2,680994,1,15,59,7
ITE,24,681114,1,15,59,10
UK,27,680957,1,15,59,5
AGE,1,680874,1,15,59,3
UK,27,680918,1,15,59,4
ASN,5,680999,1,15,59,7
ASN,5,681074,1,15,59,9
ASN,5,680971,1,15,59,6
UK,27,680906,1,15,59,4
ASN,3,680973,1,15,59,6
ASN,5,680973,1,15,59,6
EIE,20,681101,1,15,59,10
ASN,5,681163,1,15,59,12
UK,27,680909,1,15,59,4
AU,6,681102,1,15,59,10
AGE,1,680843,1,15,59,1
AGE,1,680868,1,15,59,2
EIE,20,680942,1,15,59,5
ASN,5,681070,1,15,59,9
EIE,20,681104,1,15,59,10
ITE,24,681144,1,15,59,11
CA,17,681081,1,15,59,9
UK,27,681025,1,15,59,8
ASN,5,680930,1,15,59,4
ASN,4,681084,1,15,59,9
ASN,5,681103,1,15,59,10
AGE,1,680850,1,15,59,2
ASN,5,680972,1,15,59,6
AGE,1,680878,1,15,59,3
AGE,1,680889,1,15,59,3
UK,27,680907,1,15,59,4
ASN,4,681079,1,15,59,9
UK,27,681092,1,15,59,10
ASN,5,680935,1,15,59,5
ASN,4,681023,1,15,59,7
ASN,4,681000,1,15,59,7
AGE,1,681153,1,15,59,12
ASN,5,681105,1,15,59,10
ASN,5,680997,1,15,59,7
ITE,24,681123,1,15,59,11
ASN,4,680997,1,15,59,7
ASN,5,681057,1,15,59,9
CA,14,680916,1,15,59,4
EIE,20,680945,1,15,59,5
CA,17,681103,1,15,59,10
GME,23,680981,1,15,59,6
EZE,21,680990,1,15,59,6
GM,22,680981,1,15,59,6
SZ,26,681007,1,15,59,7
UK,28,681026,1,15,59,8
AU,6,681089,1,15,59,10
ASN,2,680992,1,15,59,6
EZE,21,681057,1,15,59,9
ASN,2,680971,1,15,59,6
UK,28,680991,1,15,59,6
ASN,2,681023,1,15,59,7
ASN,2,681000,1,15,59,7
UK,28,680907,1,15,59,4
ASN,2,680976,1,15,59,6
ASN,2,681040,1,15,59,8
GME,23,680996,1,15,60,7
ASN,4,681047,1,15,60,8
ASN,4,681051,1,15,60,8
UK,28,680964,1,15,60,6
GME,23,681055,1,15,60,8
EZE,21,680929,1,15,60,4
GME,23,681096,1,15,60,10
EZE,21,680914,1,15,60,4
GME,23,681089,1,15,60,10
EZE,21,681030,1,15,60,8
UK,28,681113,1,15,60,10
ITE,24,681094,1,15,60,10
UK,28,680947,1,15,60,5
AGE,1,681155,1,16,60,12
ITE,24,681117,1,16,60,11
GME,23,680988,1,16,60,6
AU,6,681106,1,16,60,10
EZE,21,680991,1,16,60,6
GME,23,680978,1,16,60,6
ITE,25,681126,1,16,60,11
AGE,1,680849,1,16,60,2
BE,7,680909,1,16,60,4
ASN,4,681102,1,16,60,10
GME,23,680974,1,16,60,6
AGE,1,680860,1,16,60,2
AU,6,680981,1,16,60,6
AU,6,681103,1,16,60,10
ASN,4,681053,1,16,60,8
AGE,1,680898,1,16,60,3
AGE,1,681154,1,16,60,12
CA,17,680951,1,16,60,5
USC,29,681131,1,16,60,11
ASN,4,680888,1,16,60,3
CA,17,681091,1,16,60,10
ASN,5,681054,1,16,60,8
ASN,5,681011,1,16,60,7
ASN,5,681019,1,16,60,7
ASN,5,681050,1,16,60,8
ASN,5,680821,1,16,60,1
ASN,5,680847,1,16,60,2
GME,23,680990,1,16,60,6
ASN,5,680942,1,16,60,5
USC,29,681118,1,16,60,11
EIE,20,680941,1,16,60,5
CA,14,680941,1,16,60,5
ASN,5,680888,1,16,60,3
ASN,5,681133,1,16,60,11
CA,14,681006,1,16,60,7
ASN,3,680966,1,16,60,6
ASN,5,681066,1,16,60,9
ASN,5,680952,1,16,60,5
ASN,5,680846,1,16,60,2
CA,14,681132,1,16,60,11
ASN,5,680950,1,16,60,5
ASN,4,681103,1,16,60,10
EIE,20,680949,1,16,60,5
EIE,20,681099,1,16,60,10
ASN,3,680949,1,16,60,5
ASN,5,681134,1,16,60,11
ASN,5,680889,1,16,60,3
EIE,20,681097,1,16,60,10
EIE,20,680947,1,16,60,5
CA,17,680908,1,16,60,4
USC,29,681119,1,16,60,11
UK,27,680950,1,16,60,5
ASN,2,680950,1,16,60,5
UK,28,681101,1,16,60,10
ASN,2,680990,1,16,60,6
CA,14,681047,1,16,60,8
UK,27,680935,1,16,60,5
ASN,5,681106,1,16,60,10
UK,27,680934,1,16,60,5
ASN,5,680934,1,16,60,5
UK,27,681024,1,16,60,7
EIE,20,680910,1,16,60,4
ASN,5,681107,1,16,60,10
ASN,5,680936,1,16,60,5
USC,29,681141,1,16,60,11
UK,27,680914,1,16,60,4
CA,17,680928,1,16,60,4
ASN,5,681109,1,16,60,10
ASN,5,680850,1,16,60,2
USC,29,681129,1,16,60,11
USC,29,681115,1,16,60,10
ASN,5,681073,1,16,60,9
ASN,5,681072,1,16,60,9
ASN,5,681076,1,16,60,9
ASN,4,680937,1,16,60,5
UK,27,680932,1,16,60,4
ASN,5,681055,1,16,60,8
ASN,4,680938,1,16,60,5
ASN,5,680911,1,16,60,4
UK,27,680910,1,16,60,4
ASN,2,680997,1,16,60,7
EIE,20,681103,1,16,60,10
ASN,5,680938,1,16,60,5
CA,14,680940,1,16,60,5
USC,29,681130,1,16,60,11
ASN,4,681037,1,16,60,8
ASN,2,680963,1,16,60,5
ASN,2,680961,1,16,60,5
ASN,2,681063,1,16,60,9
SZ,26,681008,1,16,60,7
UK,28,680938,1,16,60,5
GM,22,680957,1,16,60,5
EZE,21,680995,1,16,60,7
ASN,2,681034,1,16,60,8
GM,22,680990,1,16,60,6
GME,23,680995,1,16,60,7
ASN,2,680951,1,16,60,5
ITE,25,680906,1,16,60,4
ASN,2,681036,1,16,60,8
BE,7,681097,1,16,60,10
ASN,2,681026,1,16,60,8
ASN,2,680970,1,16,60,6
GM,22,681087,1,16,60,10
UK,28,680946,1,16,60,5
UK,28,680944,1,16,60,5
AU,6,680934,1,16,60,5
BE,7,680908,1,16,60,4
BE,7,681103,1,16,61,10
ASN,4,681164,1,16,61,12
GME,23,680991,1,16,61,6
AU,6,680924,1,16,61,4
ASN,4,681064,1,16,61,9
AU,6,680913,1,16,61,4
GM,22,680929,1,16,61,4
GM,22,681030,1,16,61,8
ITE,24,681120,1,16,61,11
ASN,2,681003,1,16,61,7
AGE,1,680880,1,16,61,3
AGE,1,680830,1,16,61,1
ITE,24,681095,1,16,61,10
GME,23,681043,1,16,61,8
AGE,1,681133,1,16,61,11
AGE,1,681136,1,16,61,11
GM,22,681140,1,16,61,11
AGE,1,680829,1,16,61,1
AGE,1,680851,1,16,61,2
GME,23,681102,1,16,61,10
EZE,21,681093,1,16,61,10
AGE,1,681176,1,16,61,12
ITE,24,681116,1,16,61,10
AGE,1,680828,1,16,61,1
AGE,1,681152,1,16,61,12
GM,22,681088,1,16,61,10
AGE,1,680882,1,16,61,3
GM,22,681092,1,16,61,10
AGE,1,680853,1,16,61,2
GME,23,681093,1,16,61,10
GME,23,681030,1,16,61,8
CA,17,681131,1,16,61,11
ASN,2,681011,1,16,61,7
ASN,4,681035,1,16,61,8
ASN,5,681132,1,16,61,11
UK,27,681023,1,16,61,7
ASN,5,681058,1,16,61,9
CA,14,681007,1,16,61,7
ASN,5,681152,1,16,61,12
ASN,5,681139,1,16,61,11
ASN,5,681088,1,16,61,10
GM,22,681097,1,16,61,10
ASN,5,681097,1,16,61,10
ASN,5,680937,1,16,61,5
ASN,2,680981,1,16,61,6
EIE,20,680951,1,16,61,5
ASN,3,680976,1,16,61,6
UK,27,680929,1,16,61,4
EIE,20,680946,1,16,61,5
ASN,4,680924,1,16,61,4
EIE,20,681100,1,16,61,10
UK,27,680961,1,16,61,5
CA,14,681087,1,16,61,10
EIE,20,681098,1,16,61,10
ASN,3,680975,1,16,61,6
ASN,2,680948,1,16,61,5
CA,14,680936,1,16,61,5
GME,23,681098,1,16,61,10
UK,27,680922,1,16,61,4
ASN,2,680949,1,16,61,5
ASN,5,681118,1,16,61,11
ASN,4,681095,1,16,61,10
UK,28,680921,1,16,61,4
ASN,5,681098,1,16,61,10
ASN,5,680915,1,16,61,4
ASN,2,680965,1,16,61,6
GM,22,681102,1,16,61,10
CA,17,680940,1,16,61,5
UK,27,680939,1,16,61,5
ASN,5,680925,1,16,61,4
UK,27,680962,1,16,61,5
ASN,5,681165,1,16,61,12
ASN,5,681092,1,16,61,10
ASN,4,680934,1,16,61,5
EIE,20,680919,1,16,61,4
ASN,5,681162,1,16,61,12
UK,27,681091,1,16,61,10
ASN,4,681052,1,16,61,8
ASN,4,681042,1,16,61,8
UK,28,680908,1,16,61,4
EZE,21,680971,1,16,61,6
ASN,4,680987,1,16,61,6
EZE,21,680918,1,16,61,4
EZE,21,681097,1,16,61,10
ASN,2,680991,1,16,61,6
ASN,2,680967,1,16,61,6
ASN,2,681028,1,16,61,8
SZ,26,681001,1,16,61,7
GM,22,680910,1,16,61,4
AU,6,681109,1,16,61,10
GM,22,680978,1,16,61,6
EZE,21,680989,1,16,61,6
EZE,21,680976,1,16,61,6
UK,28,680945,1,16,61,5
AU,6,681119,1,16,61,11
GME,23,681104,1,16,61,10
ASN,2,681002,1,16,61,7
ASN,4,680936,1,16,61,5
ASN,2,681043,1,16,61,8
UK,28,680933,1,16,61,5
ITE,24,680910,1,16,61,4
AU,6,680914,1,16,61,4
GME,23,680911,1,16,62,4
ITE,25,681091,1,16,62,10
GM,22,680991,1,16,62,6
UK,28,681025,1,16,62,8
GME,23,680949,1,16,62,5
BE,7,681098,1,16,62,10
GME,23,680919,1,16,62,4
ASN,4,681033,1,16,62,8
AGE,1,680826,1,16,62,1
AGE,1,681130,1,16,62,11
EZE,21,680974,1,16,62,6
AU,6,681098,1,16,62,10
AGE,1,680877,1,16,62,3
ITE,25,681099,1,16,62,10
AGE,1,680906,1,16,62,4
AGE,1,680873,1,16,62,3
AU,6,680990,1,16,62,6
AGE,1,680891,1,16,62,3
ITE,25,681111,1,16,62,10
AGE,1,680903,1,16,62,4
AGE,1,680892,1,16,62,3
ASN,4,680930,1,16,62,4
AGE,1,680884,1,16,62,3
ASN,2,681044,1,16,62,8
AU,6,681093,1,16,62,10
GME,23,680957,1,16,62,5
AGE,1,680900,1,16,62,3
ASN,2,680968,1,16,62,6
ASN,2,680962,1,17,62,5
GME,23,680928,1,17,62,4
GME,23,680989,1,17,62,6
EZE,21,680977,1,17,62,6
EZE,21,680968,1,17,62,6
ASN,2,680952,1,17,62,5
GM,22,681098,1,17,62,10
GME,23,680971,1,17,62,6
GM,22,681142,1,17,62,11
GME,23,681029,1,17,62,8
BE,7,680974,1,17,62,6
ASN,2,681033,1,17,62,8
USC,29,681109,1,17,62,10
ASN,5,680954,1,17,62,5
ASN,4,681031,1,17,62,8
ASN,5,681131,1,17,62,11
USC,29,681110,1,17,62,10
UK,27,680963,1,17,62,5
UK,27,680964,1,17,62,6
ITE,25,681092,1,17,62,10
ASN,4,681030,1,17,62,8
ASN,4,681114,1,17,62,10
ASN,3,680933,1,17,62,5
ASN,4,680933,1,17,62,5
EIE,20,680933,1,17,62,5
ASN,5,680974,1,17,62,6
ASN,2,680956,1,17,62,5
ASN,4,681107,1,17,62,10
EIE,20,680922,1,17,62,4
ASN,4,681054,1,17,62,8
ASN,5,681029,1,17,62,8
ASN,4,680932,1,17,62,4
ASN,5,680975,1,17,62,6
CA,17,681096,1,17,62,10
ASN,5,681164,1,17,62,12
ASN,5,680924,1,17,62,4
ASN,5,681148,1,17,62,12
UK,27,681093,1,17,62,10
ASN,5,681021,1,17,62,7
USC,29,681173,1,17,62,12
ASN,5,680982,1,17,62,6
ASN,5,681033,1,17,62,8
ASN,4,680914,1,17,62,4
CA,14,680950,1,17,62,5
SZ,26,680999,1,17,62,7
UK,27,680949,1,17,62,5
UK,27,681051,1,17,62,8
CA,17,681047,1,17,62,8
CA,17,681073,1,17,62,9
ASN,3,680936,1,17,62,5
EIE,20,681051,1,17,62,8
ASN,5,681061,1,17,62,9
EIE,20,680911,1,17,62,4
EIE,20,681038,1,17,62,8
ASN,4,681119,1,17,62,11
ASN,5,681035,1,17,62,8
ASN,5,681129,1,17,62,11
EIE,20,680937,1,17,62,5
ASN,5,681122,1,17,62,11
CA,17,680990,1,17,62,6
EIE,20,681102,1,17,62,10
ASN,5,680902,1,17,62,3
UK,27,680938,1,17,62,5
ASN,5,680939,1,17,62,5
CA,17,680947,1,17,62,5
UK,27,681075,1,17,62,9
BE,7,681091,1,17,62,10
ASN,5,680914,1,17,62,4
ASN,3,680952,1,17,62,5
ASN,5,681032,1,17,62,8
UK,27,681040,1,17,62,8
UK,27,681001,1,17,62,7
GME,23,680977,1,17,62,6
ASN,4,681108,1,17,62,10
AGE,1,681132,1,17,62,11
UK,28,680949,1,17,62,5
EZE,21,681096,1,17,62,10
GME,23,681044,1,17,62,8
ITE,25,681098,1,17,62,10
ASN,2,680993,1,17,62,6
GME,23,681097,1,17,62,10
ASN,2,681018,1,17,62,7
ASN,2,681069,1,17,62,9
GME,23,680948,1,17,62,5
GM,22,680930,1,17,62,4
ASN,4,680935,1,17,62,5
GM,22,680988,1,17,62,6
ITE,24,681112,1,17,62,10
ITE,24,680945,1,17,62,5
ITE,24,681143,1,17,62,11
SZ,26,681009,1,17,62,7
UK,28,680934,1,17,62,5
ASN,2,681035,1,17,62,8
AU,6,680932,1,17,62,4
ASN,4,681085,1,17,62,9
UK,28,681024,1,17,62,7
GM,22,680974,1,17,62,6
ASN,4,680982,1,17,63,6
ASN,2,681068,1,17,63,9
ITE,25,680907,1,17,63,4
AGE,1,681139,1,17,63,11
AGE,1,681160,1,17,63,12
UK,28,681075,1,17,63,9
AGE,1,680852,1,17,63,2
GME,23,681088,1,17,63,10
GM,22,681104,1,17,63,10
AU,6,680931,1,17,63,4
AGE,1,681131,1,17,63,11
AGE,1,680901,1,17,63,3
AGE,1,681148,1,17,63,12
AGE,1,680885,1,17,63,3
EZE,21,681029,1,17,63,8
UK,28,681076,1,17,63,9
ITE,25,681100,1,17,63,10
UK,28,681095,1,17,63,10
ASN,4,681043,1,17,63,8
AU,6,680976,1,17,63,6
ASN,2,681041,1,17,63,8
BE,7,680943,1,17,63,5
ASN,2,681049,1,17,63,8
BE,7,680994,1,17,63,7
UK,28,680973,1,17,63,6
ITE,25,681102,1,17,63,10
BE,7,680977,1,17,63,6
ASN,2,680957,1,17,63,5
EZE,21,681028,1,17,63,8
ASN,2,680958,1,17,63,5
AU,6,680958,1,17,63,5
ITE,24,681100,1,17,63,10
EZE,21,680930,1,17,63,4
ASN,5,680953,1,17,63,5
EIE,20,680935,1,17,63,5
EIE,20,681096,1,17,63,10
EZE,21,681104,1,17,63,10
UK,27,681014,1,17,63,7
ASN,3,680948,1,17,63,5
ASN,5,680932,1,17,63,4
EZE,21,680949,1,17,63,5
ASN,4,681133,1,17,63,11
ASN,4,680942,1,17,63,5
CA,14,681046,1,17,63,8
CA,17,681133,1,17,63,11
ITE,25,681109,1,17,63,10
CA,14,681097,1,17,63,10
ITE,25,680952,1,17,63,5
ASN,3,680944,1,17,63,5
USC,29,681104,1,17,63,10
ASN,2,681098,1,17,63,10
EIE,20,681093,1,17,63,10
EIE,20,681054,1,17,63,8
ASN,5,680955,1,17,63,5
ASN,3,680934,1,17,63,5
EIE,20,681050,1,17,63,8
UK,28,680948,1,17,63,5
ASN,5,681169,1,17,63,12
UK,27,681094,1,17,63,10
EIE,20,681037,1,17,63,8
ASN,4,681090,1,17,63,10
ASN,5,681130,1,17,63,11
CA,14,680907,1,17,63,4
UK,27,680912,1,17,63,4
EZE,21,681067,1,17,63,9
ASN,5,681082,1,17,63,9
ASN,2,680980,1,17,63,6
UK,27,680917,1,17,63,4
UK,27,681077,1,17,63,9
EIE,20,680912,1,17,63,4
USC,29,681111,1,17,63,10
UK,27,681085,1,17,63,9
ASN,2,681060,1,17,63,9
ASN,4,681162,1,17,63,12
EIE,20,681043,1,17,63,8
ASN,3,680977,1,17,63,6
CA,17,680976,1,17,63,6
CA,17,680920,1,17,63,4
UK,27,680973,1,17,63,6
ASN,5,681115,1,17,63,10
ASN,5,680912,1,17,63,4
ASN,4,680980,1,17,63,6
CA,17,681082,1,17,63,9
UK,27,681090,1,17,63,10
ASN,5,681071,1,17,63,9
BE,7,681004,1,17,63,7
ASN,2,681119,1,17,63,11
UK,28,680925,1,17,63,4
UK,28,681091,1,17,63,10
GME,23,681070,1,17,63,9
AU,6,681107,1,17,63,10
ITE,24,681102,1,17,63,10
ASN,4,681098,1,17,63,10
GME,23,681056,1,17,63,9
GM,22,680911,1,17,63,4
ASN,4,681105,1,17,63,10
GME,23,681103,1,17,63,10
ASN,4,681073,1,17,63,9
BE,7,681090,1,17,63,10
ASN,2,680966,1,17,63,6
SZ,26,681010,1,17,63,7
ITE,24,681092,1,17,63,10
GM,22,680914,1,17,63,4
ASN,2,680972,1,17,63,6
UK,28,680935,1,17,63,5
GM,22,681089,1,17,63,10
ASN,2,680938,1,17,63,5
GME,23,680969,1,17,63,6
BE,7,680980,1,17,63,6
AU,6,680989,1,17,63,6
GME,23,681048,1,17,63,8
EZE,21,680951,1,17,63,5
UK,28,681083,1,18,64,9
GM,22,681055,1,18,64,8
BE,7,681095,1,18,64,10
UK,28,681084,1,18,64,9
ITE,25,681108,1,18,64,10
EZE,21,680919,1,18,64,4
GM,22,680984,1,18,64,6
AGE,1,680914,1,18,64,4
GM,22,680948,1,18,64,5
EZE,21,680934,1,18,64,5
EZE,21,681055,1,18,64,8
AGE,1,681145,1,18,64,11
UK,28,681077,1,18,64,9
GM,22,680918,1,18,64,4
GM,22,680977,1,18,64,6
ITE,25,681106,1,18,64,10
ITE,25,681104,1,18,64,10
ASN,4,681074,1,18,64,9
GME,23,680951,1,18,64,5
AU,6,681077,1,18,64,9
GME,23,680984,1,18,64,6
EZE,21,680978,1,18,64,6
EZE,21,680988,1,18,64,6
ITE,25,681095,1,18,64,10
ITE,25,681110,1,18,64,10
GME,23,681049,1,18,64,8
EZE,21,680924,1,18,64,4
ASN,4,680911,1,18,64,4
ASN,4,680895,1,18,64,3
BE,7,680944,1,18,64,5
ASN,4,680902,1,18,64,3
EZE,21,680912,1,18,64,4
ITE,25,681093,1,18,64,10
ASN,2,680982,1,18,64,6
ASN,4,681140,1,18,64,11
ASN,4,680904,1,18,64,4
EZE,21,681043,1,18,64,8
ASN,4,681032,1,18,64,8
ASN,4,681058,1,18,64,9
ASN,2,681038,1,18,64,8
EIE,20,681095,1,18,64,10
UK,27,681026,1,18,64,8
UK,27,681082,1,18,64,9
ASN,2,680936,1,18,64,5
EIE,20,681045,1,18,64,8
ASN,5,680860,1,18,64,2
EIE,20,680961,1,18,64,5
ASN,5,681099,1,18,64,10
EIE,20,681049,1,18,64,8
ASN,5,681166,1,18,64,12
UK,27,681010,1,18,64,7
ASN,5,681064,1,18,64,9
EZE,21,681089,1,18,64,10
EIE,20,681053,1,18,64,8
EIE,20,681073,1,18,64,9
EIE,20,681024,1,18,64,7
ASN,5,681010,1,18,64,7
CA,14,681008,1,18,64,7
ASN,5,681119,1,18,64,11
ASN,5,680987,1,18,64,6
EIE,20,681047,1,18,64,8
USC,29,681125,1,18,64,11
CA,17,681009,1,18,64,7
USC,29,681099,1,18,64,10
EIE,20,681064,1,18,64,9
CA,14,680908,1,18,64,4
ASN,5,680922,1,18,64,4
EIE,20,681092,1,18,64,10
CA,17,681035,1,18,64,8
EIE,20,681039,1,18,64,8
ASN,5,681101,1,18,64,10
ASN,2,680939,1,18,64,5
UK,27,680965,1,18,64,6
UK,27,681035,1,18,64,8
UK,27,681053,1,18,64,8
ASN,2,680937,1,18,64,5
UK,27,680959,1,18,64,5
EIE,20,680934,1,18,64,5
GME,23,680923,1,18,64,4
BE,7,681027,1,18,64,8
EIE,20,681042,1,18,64,8
ASN,5,681036,1,18,64,8
ASN,5,680923,1,18,64,4
ASN,3,680978,1,18,64,6
CA,14,680990,1,18,64,6
ASN,5,681044,1,18,64,8
ASN,2,680954,1,18,64,5
USC,29,681112,1,18,64,10
AU,6,681067,1,18,64,9
CA,17,680954,1,18,64,5
ASN,2,680973,1,18,64,6
ASN,2,680934,1,18,64,5
UK,27,681078,1,18,64,9
CA,14,681081,1,18,64,9
ASN,5,681112,1,18,64,10
ASN,5,680903,1,18,64,4
ITE,25,681101,1,18,64,10
EIE,20,681036,1,18,64,8
ASN,5,681094,1,18,64,10
UK,27,680951,1,18,64,5
ASN,5,681167,1,18,64,12
UK,27,681083,1,18,64,9
ASN,5,681108,1,18,64,10
EZE,21,681056,1,18,64,9
EZE,21,680958,1,18,64,5
EIE,20,680938,1,18,64,5
UK,27,681086,1,18,64,10
EIE,20,680952,1,18,64,5
AGE,1,681147,1,18,64,12
UK,28,681094,1,18,64,10
CA,17,680957,1,18,64,5
ASN,5,681149,1,18,64,12
UK,27,680933,1,18,64,5
ASN,2,681064,1,18,64,9
BE,7,680993,1,18,64,6
GME,23,680945,1,18,64,5
ITE,24,681106,1,18,64,10
GME,23,681068,1,18,64,9
ITE,25,681090,1,18,64,10
ASN,4,681141,1,18,64,11
ASN,2,680925,1,18,64,4
UK,28,681027,1,18,64,8
GM,22,681093,1,18,64,10
BE,7,681028,1,18,64,8
GM,22,681056,1,18,64,9
BE,7,681096,1,18,64,10
AU,6,681081,1,18,64,9
ASN,2,681047,1,18,64,8
ITE,24,681083,1,18,64,9
SZ,26,681051,1,18,64,8
BE,7,680910,1,18,64,4
ITE,25,681105,1,18,64,10
AU,6,681071,1,18,64,9
GME,23,681074,1,18,64,9
GM,22,680951,1,18,64,5
AGE,1,681151,1,18,64,12
AGE,1,681144,1,18,64,11
AGE,1,681110,1,18,64,10
BE,7,680948,1,18,64,5
AU,6,680911,1,18,64,4
ITE,24,681089,1,18,64,10
AGE,1,680949,1,18,64,5
UK,28,681052,1,18,64,8
AGE,1,680847,1,18,64,2
GME,23,681086,1,18,64,10
AU,6,681029,1,18,64,8
EZE,21,681068,1,18,64,9
AGE,1,680913,1,18,64,4
BE,7,680975,1,18,64,6
AU,6,680982,1,18,64,6
ITE,25,680953,1,18,64,5
GME,23,680924,1,18,64,4
AGE,1,680846,1,18,64,2
ASN,4,681109,1,18,65,10
ASN,4,681113,1,18,65,10
ASN,4,681128,1,18,65,11
ITE,24,680951,1,18,65,5
GM,22,681005,1,18,65,7
AU,6,680977,1,18,65,6
ITE,24,681093,1,18,65,10
AU,6,681096,1,18,65,10
GM,22,681096,1,18,65,10
GM,22,680989,1,18,65,6
AU,6,680991,1,18,65,6
ITE,24,681101,1,18,65,10
GM,22,680995,1,18,65,7
GM,22,681086,1,18,65,10
UK,28,680939,1,18,65,5
BE,7,680982,1,18,65,6
EZE,21,681088,1,18,65,10
ASN,4,681080,1,18,65,9
ASN,4,680981,1,18,65,6
BE,7,680933,1,18,65,5
ASN,2,681097,1,18,65,10
AGE,1,681134,1,18,65,11
EZE,21,680982,1,18,65,6
ASN,4,680943,1,18,65,5
ASN,5,680943,1,18,65,5
ASN,3,680943,1,18,65,5
CA,17,680978,1,18,65,6
UK,27,680927,1,18,65,4
ASN,5,681060,1,18,65,9
ASN,5,681104,1,18,65,10
ASN,2,680960,1,18,65,5
CA,14,680928,1,18,65,4
EIE,20,680959,1,18,65,5
ASN,3,680979,1,18,65,6
ASN,5,680979,1,18,65,6
ASN,5,681043,1,18,65,8
BE,7,680979,1,18,65,6
EIE,20,681094,1,18,65,10
UK,27,681076,1,18,65,9
ASN,5,680886,1,18,65,3
UK,27,680958,1,18,65,5
ASN,4,680821,1,18,65,1
USC,29,681132,1,18,65,11
ASN,4,681076,1,18,65,9
ASN,4,681149,1,18,65,12
GME,23,681046,1,18,65,8
ASN,5,680894,1,18,65,3
UK,28,680937,1,18,65,5
UK,27,680928,1,18,65,4
ASN,5,681031,1,18,65,8
EIE,20,681055,1,18,65,8
UK,27,681002,1,18,65,7
GM,22,680969,1,18,65,6
CA,17,681086,1,18,65,10
EIE,20,681028,1,18,65,8
UK,27,680923,1,18,65,4
CA,17,681085,1,18,65,9
AU,6,681057,1,18,65,9
ASN,3,680938,1,18,65,5
UK,27,681088,1,18,65,10
UK,27,681084,1,18,65,9
UK,27,680924,1,18,65,4
USC,29,681089,1,18,65,10
ASN,5,680931,1,18,65,4
GME,23,681005,1,18,65,7
ASN,5,681090,1,18,65,10
EZE,21,681005,1,18,65,7
ASN,5,680826,1,18,65,1
GME,23,680925,1,18,65,4
UK,27,681055,1,18,65,8
CA,14,680973,1,18,65,6
ASN,5,681136,1,18,65,11
CA,17,680965,1,18,65,6
ASN,5,680976,1,18,65,6
UK,27,681003,1,18,65,7
ASN,5,681170,1,18,65,12
UK,27,681036,1,18,65,8
UK,27,681046,1,18,65,8
ASN,5,680981,1,18,65,6
BE,7,681025,1,18,65,8
GME,23,681071,1,18,65,9
EIE,20,681052,1,18,65,8
EIE,20,681071,1,18,65,9
ASN,2,680911,1,18,65,4
AGE,1,681119,1,18,65,11
EIE,20,681023,1,18,65,7
ASN,5,680820,1,18,65,1
CA,14,681035,1,18,65,8
EIE,20,681063,1,18,65,9
ASN,5,680861,1,18,65,2
ASN,2,681022,1,18,65,7
ITE,24,680907,1,18,65,4
GME,23,681067,1,18,65,9
UK,27,681022,1,18,65,7
GM,22,681067,1,18,65,9
UK,28,681035,1,18,65,8
ASN,5,681156,1,18,65,12
UK,27,681047,1,18,65,8
GM,22,681103,1,18,65,10
ASN,5,680859,1,18,65,2
EIE,20,681066,1,18,65,9
ASN,4,681066,1,18,65,9
ASN,5,680940,1,18,65,5
ASN,4,681061,1,18,65,9
CA,14,681074,1,18,65,9
ASN,3,680942,1,18,65,5
CA,17,681074,1,18,65,9
EIE,20,681044,1,18,65,8
GME,23,681075,1,18,65,9
ASN,5,680957,1,18,65,5
ASN,4,680957,1,18,65,5
ASN,5,680933,1,18,65,5
EIE,20,681048,1,18,65,8
ASN,5,681168,1,18,65,12
UK,28,681046,1,18,65,8
CA,14,680958,1,18,65,5
ASN,4,680958,1,18,65,5
EIE,20,681040,1,18,65,8
EIE,20,680913,1,18,65,4
ASN,5,680913,1,18,65,4
UK,27,681039,1,18,65,8
ASN,5,681049,1,18,65,8
GME,23,680912,1,18,65,4
UK,27,681033,1,18,65,8
CA,14,681048,1,18,65,8
CA,17,680958,1,18,65,5
EIE,20,680940,1,18,65,5
ASN,4,681049,1,18,65,8
CA,14,681012,1,18,65,7
GME,23,680992,1,18,65,6
GM,22,680971,1,18,65,6
EZE,21,681077,1,18,65,9
BE,7,681078,1,18,65,9
AU,6,680920,1,18,65,4
AU,6,680919,1,18,65,4
ITE,24,680911,1,18,65,4
GM,22,680996,1,18,65,7
AU,6,681072,1,18,65,9
ASN,2,681104,1,18,65,10
ASN,4,681055,1,18,65,8
UK,28,681092,1,18,65,10
EZE,21,680928,1,18,65,4
ASN,2,680959,1,18,65,5
AU,6,680951,1,18,65,5
ASN,2,680953,1,18,65,5
ITE,24,681107,1,18,65,10
AGE,1,681122,1,18,65,11
AGE,1,680928,1,18,65,4
AGE,1,680929,1,18,65,4
EZE,21,680917,1,18,65,4
BE,7,680914,1,18,65,4
AGE,1,680845,1,18,65,2
AGE,1,680844,1,18,65,2
ITE,25,681097,1,18,65,10
ITE,24,680909,1,18,65,4
ITE,24,681099,1,18,65,10
EZE,21,681047,1,18,65,8
AGE,1,680905,1,18,65,4
AGE,1,680937,1,18,65,5
AGE,1,681138,1,18,65,11
UK,28,681090,1,18,65,10
GME,23,680921,1,18,65,4
EZE,21,680923,1,18,65,4
BE,7,681088,1,18,65,10
AGE,1,680872,1,18,65,3
GME,23,680972,1,18,65,6
ASN,2,680931,1,19,65,4
UK,28,680961,1,19,65,5
UK,28,680980,1,19,65,6
ASN,2,681012,1,19,65,7
GM,22,681068,1,19,65,9
GM,22,680919,1,19,65,4
UK,28,680914,1,19,65,4
ASN,4,680983,1,19,66,6
BE,7,681029,1,19,66,8
EZE,21,681071,1,19,66,9
ASN,4,680889,1,19,66,3
EZE,21,681044,1,19,66,8
BE,7,680990,1,19,66,6
ASN,2,681140,1,19,66,11
UK,28,681040,1,19,66,8
ASN,2,680941,1,19,66,5
EZE,21,681081,1,19,66,9
ASN,4,680915,1,19,66,4
ASN,2,680975,1,19,66,6
EZE,21,680948,1,19,66,5
ASN,4,681148,1,19,66,12
BE,7,680987,1,19,66,6
ASN,2,680947,1,19,66,5
EZE,21,680969,1,19,66,6
ASN,2,680946,1,19,66,5
EZE,21,680996,1,19,66,7
GME,23,680944,1,19,66,5
ASN,2,681037,1,19,66,8
ASN,2,680983,1,19,66,6
AU,6,681076,1,19,66,9
ASN,4,680885,1,19,66,3
GME,23,680964,1,19,66,6
GME,23,681079,1,19,66,9
ASN,2,680827,1,19,66,1
ITE,24,681109,1,19,66,10
AU,6,681110,1,19,66,10
EZE,21,681080,1,19,66,9
GME,23,681054,1,19,66,8
AU,6,680978,1,19,66,6
UK,27,681027,1,19,66,8
EIE,20,680936,1,19,66,5
UK,27,681087,1,19,66,10
ASN,5,681146,1,19,66,11
ASN,2,681052,1,19,66,8
CA,17,681063,1,19,66,9
UK,27,680988,1,19,66,6
EIE,20,681091,1,19,66,10
UK,27,680987,1,19,66,6
UK,27,680986,1,19,66,6
ASN,2,681070,1,19,66,9
EIE,20,681070,1,19,66,9
USC,29,681103,1,19,66,10
UK,27,681030,1,19,66,8
ASN,5,681114,1,19,66,10
ASN,5,680926,1,19,66,4
GM,22,681070,1,19,66,9
ASN,5,680895,1,19,66,3
EIE,20,681027,1,19,66,8
EIE,20,681065,1,19,66,9
UK,27,681028,1,19,66,8
EIE,20,680939,1,19,66,5
CA,17,681008,1,19,66,7
UK,27,681021,1,19,66,7
ASN,5,681048,1,19,66,8
ASN,5,680893,1,19,66,3
CA,14,681022,1,19,66,7
ASN,5,680944,1,19,66,5
EIE,20,681022,1,19,66,7
UK,27,680991,1,19,66,6
ASN,2,681067,1,19,66,9
BE,7,681084,1,19,66,9
ASN,2,681101,1,19,66,10
EZE,21,680920,1,19,66,4
ASN,5,681081,1,19,66,9
ASN,5,680904,1,19,66,4
EIE,20,681067,1,19,66,9
EIE,20,681085,1,19,66,9
ASN,5,680852,1,19,66,2
UK,27,681038,1,19,66,8
CA,14,680957,1,19,66,5
ASN,2,680969,1,19,66,6
EIE,20,680958,1,19,66,5
EIE,20,681087,1,19,66,10
ASN,5,681161,1,19,66,12
ASN,4,681175,1,19,66,12
EIE,20,681029,1,19,66,8
GM,22,681042,1,19,66,8
EIE,20,681002,1,19,66,7
GME,23,680922,1,19,66,4
CA,17,681046,1,19,66,8
AU,6,680918,1,19,66,4
UK,28,681005,1,19,66,7
EIE,20,680915,1,19,66,4
UK,27,681089,1,19,66,10
EIE,20,681041,1,19,66,8
UK,27,680966,1,19,66,6
UK,27,680956,1,19,66,5
EIE,20,681046,1,19,66,8
UK,27,681074,1,19,66,9
BE,7,681053,1,19,66,8
EIE,20,681062,1,19,66,9
ASN,4,680825,1,19,66,1
ASN,5,681128,1,19,66,11
ASN,5,680863,1,19,66,2
ASN,4,681106,1,19,66,10
UK,27,681052,1,19,66,8
GME,23,680934,1,19,66,5
GME,23,681073,1,19,66,9
EIE,20,681005,1,19,66,7
CA,14,680924,1,19,66,4
EIE,20,680953,1,19,66,5
ASN,5,680876,1,19,66,3
EIE,20,681074,1,19,66,9
EZE,21,681027,1,19,66,8
ASN,5,680875,1,19,66,3
ASN,3,680983,1,19,66,6
EIE,20,681031,1,19,66,8
ASN,5,680887,1,19,66,3
ASN,5,681142,1,19,66,11
ASN,4,681057,1,19,66,9
AGE,1,681120,1,19,66,11
GM,22,681054,1,19,66,8
AGE,1,681150,1,19,66,12
AGE,1,680838,1,19,66,1
ASN,4,680862,1,19,66,2
GM,22,680944,1,19,66,5
UK,28,680912,1,19,66,4
AGE,1,680945,1,19,66,5
AU,6,680923,1,19,66,4
AGE,1,680930,1,19,66,4
UK,28,681003,1,19,66,7
AGE,1,680839,1,19,66,1
BE,7,680989,1,19,66,6
AGE,1,680917,1,19,66,4
AGE,1,680948,1,19,66,5
GM,22,681028,1,19,66,8
AGE,1,680927,1,19,66,4
UK,28,680913,1,19,66,4
GME,23,680950,1,19,66,5
AU,6,680925,1,19,66,4
UK,28,680993,1,19,66,6
AU,6,680929,1,19,66,4
EZE,21,680925,1,19,66,4
GM,22,681033,1,19,66,8
AU,6,681030,1,19,66,8
ASN,4,681171,1,19,66,12
ASN,2,681088,1,19,66,10
GM,22,680964,1,19,66,6
ASN,2,681074,1,19,66,9
UK,28,680926,1,19,66,4
UK,28,680974,1,19,66,6
UK,28,680950,1,19,66,5
GME,23,681059,1,19,66,9
ASN,2,680935,1,19,66,5
AU,6,680949,1,19,66,5
GM,22,680912,1,19,66,4
UK,28,681039,1,19,66,8
UK,28,680963,1,19,66,5
ASN,2,681072,1,19,66,9
UK,28,681031,1,19,66,8
UK,28,680922,1,19,66,4
UK,28,681053,1,19,66,8
EZE,21,681084,1,19,66,9
AU,6,681068,1,19,66,9
UK,28,680919,1,19,66,4
ASN,2,680943,1,19,66,5
ASN,4,680867,1,19,66,2
BE,7,680978,1,19,67,6
EZE,21,681042,1,19,67,8
ASN,4,680896,1,19,67,3
ASN,4,680814,1,19,67,1
EZE,21,680992,1,19,67,6
EZE,21,680965,1,19,67,6
ASN,4,680824,1,19,67,1
ASN,4,680851,1,19,67,2
UK,28,681004,1,19,67,7
BE,7,680911,1,19,67,4
BE,7,681092,1,19,67,10
GME,23,681042,1,19,67,8
ASN,2,680984,1,19,67,6
BE,7,681041,1,19,67,8
BE,7,681042,1,19,67,8
GME,23,680979,1,19,67,6
ASN,4,680944,1,19,67,5
ITE,25,681096,1,19,67,10
GME,23,681033,1,19,67,8
GM,22,680979,1,19,67,6
ASN,4,680941,1,19,67,5
EZE,21,680980,1,19,67,6
UK,28,680909,1,19,67,4
CA,17,681048,1,19,67,8
CA,14,681096,1,19,67,10
ASN,4,681152,1,19,67,12
ASN,4,681136,1,19,67,11
CA,17,681023,1,19,67,7
ASN,5,680873,1,19,67,3
CA,17,681006,1,19,67,7
EIE,20,681025,1,19,67,8
ASN,5,681143,1,19,67,11
CA,17,680977,1,19,67,6
UK,28,680978,1,19,67,6
UK,27,680977,1,19,67,6
BE,7,680930,1,19,67,4
ASN,3,680955,1,19,67,5
EZE,21,680979,1,19,67,6
GME,23,681006,1,19,67,7
ASN,5,681141,1,19,67,11
EIE,20,681004,1,19,67,7
ASN,2,680826,1,19,67,1
CA,17,681094,1,19,67,10
ASN,4,680826,1,19,67,1
ASN,5,680916,1,19,67,4
EIE,20,681030,1,19,67,8
CA,17,681007,1,19,67,7
EIE,20,681077,1,19,67,9
UK,27,680925,1,19,67,4
ASN,5,680958,1,19,67,5
ASN,5,681077,1,19,67,9
UK,27,681079,1,19,67,9
ASN,5,681078,1,19,67,9
ASN,3,680980,1,19,67,6
UK,27,681004,1,19,67,7
ASN,3,680957,1,19,67,5
CA,14,681092,1,19,67,10
ASN,5,681135,1,19,67,11
CA,17,680960,1,19,67,5
EIE,20,680960,1,19,67,5
EIE,20,681059,1,19,67,9
ASN,3,680964,1,19,67,6
ASN,3,680956,1,19,67,5
ASN,5,680980,1,19,67,6
EZE,21,681079,1,19,67,9
EIE,20,681033,1,19,67,8
ITE,24,681108,1,19,67,10
ASN,4,681153,1,19,67,12
ASN,4,680923,1,19,67,4
EIE,20,680918,1,19,67,4
ASN,2,680974,1,19,67,6
BE,7,680927,1,19,67,4
UK,27,680992,1,19,67,6
EIE,20,681068,1,19,67,9
CA,14,680927,1,19,67,4
EIE,20,681084,1,19,67,9
ASN,4,681134,1,19,67,11
ASN,4,680882,1,19,67,3
ASN,4,680986,1,19,67,6
ASN,3,680940,1,19,67,5
UK,27,681034,1,19,67,8
CA,14,681085,1,19,67,9
ASN,5,680882,1,19,67,3
CA,14,680991,1,19,67,6
GME,23,680939,1,19,67,5
EIE,20,680914,1,19,67,4
EIE,20,681035,1,19,67,8
ASN,5,680824,1,19,67,1
EZE,21,680939,1,19,67,5
USC,29,681113,1,19,67,10
UK,27,681037,1,19,67,8
EIE,20,681086,1,19,67,10
ASN,4,681121,1,19,67,11
ASN,5,681157,1,19,67,12
EIE,20,680923,1,19,67,4
UK,27,681012,1,19,67,7
ASN,4,680917,1,19,67,4
ASN,3,680954,1,19,67,5
AU,6,681043,1,19,67,8
ASN,5,680983,1,19,67,6
ASN,5,680890,1,19,67,3
EIE,20,681009,1,19,67,7
ASN,4,681122,1,19,67,11
UK,27,681042,1,19,67,8
UK,27,680926,1,19,67,4
ASN,4,680841,1,19,67,1
EIE,20,681061,1,19,67,9
ITE,24,681111,1,19,67,10
ASN,3,680947,1,19,67,5
ITE,24,681098,1,19,67,10
EZE,21,680950,1,19,67,5
EIE,20,681089,1,19,67,10
EIE,20,681072,1,19,67,9
ASN,4,680985,1,19,67,6
USC,29,681088,1,19,67,10
GM,22,681071,1,19,67,9
UK,27,680975,1,19,67,6
EIE,20,681011,1,19,67,7
ASN,4,681082,1,19,67,9
GME,23,681032,1,19,67,8
UK,27,681011,1,19,67,7
UK,27,681032,1,19,67,8
UK,27,681019,1,19,67,7
CA,17,680937,1,19,67,5
GME,23,680915,1,20,67,4
GME,23,680920,1,20,67,4
ASN,4,681092,1,20,67,10
ASN,4,681118,1,20,67,11
ITE,25,680911,1,20,67,4
GM,22,681079,1,20,67,9
AU,6,680971,1,20,67,6
AU,6,681006,1,20,67,7
AGE,1,681129,1,20,67,11
GME,23,681028,1,20,67,8
AGE,1,680915,1,20,67,4
AGE,1,680958,1,20,67,5
AGE,1,680944,1,20,67,5
GME,23,680916,1,20,67,4
BE,7,680916,1,20,67,4
ASN,4,680931,1,20,67,4
EZE,21,681075,1,20,67,9
AGE,1,680950,1,20,67,5
AU,6,680921,1,20,67,4
UK,28,681010,1,20,67,7
GM,22,681043,1,20,67,8
ASN,4,681155,1,20,67,12
ITE,25,680947,1,20,67,5
ITE,24,681088,1,20,67,10
EZE,21,681087,1,20,67,10
BE,7,680976,1,20,67,6
ITE,24,681105,1,20,67,10
EZE,21,680983,1,20,67,6
ITE,24,680952,1,20,67,5
GM,22,680923,1,20,67,4
UK,28,680940,1,20,67,5
ITE,24,680924,1,20,67,4
GM,22,681049,1,20,67,8
UK,28,680918,1,20,67,4
AU,6,680974,1,20,67,6
GM,22,681075,1,20,67,9
UK,28,681002,1,20,67,7
UK,28,680911,1,20,67,4
EZE,21,681076,1,20,67,9
ASN,2,680889,1,20,67,3
ITE,24,681110,1,20,67,10
GME,23,681084,1,20,67,9
EZE,21,681070,1,20,67,9
ITE,25,680910,1,20,67,4
EZE,21,681006,1,20,67,7
UK,28,681082,1,20,67,9
UK,28,681033,1,20,67,8
ASN,4,681117,1,20,67,11
EZE,21,681078,1,20,67,9
ITE,25,680908,1,20,67,4
UK,28,681048,1,20,67,8
EZE,21,681073,1,20,67,9
AGE,1,680952,1,20,67,5
BE,7,681055,1,20,67,8
UK,28,680988,1,20,67,6
ASN,2,681061,1,20,67,9
EZE,21,680984,1,20,67,6
UK,28,681034,1,20,67,8
ITE,24,681103,1,20,68,10
BE,7,680988,1,20,68,6
GME,23,681085,1,20,68,9
BE,7,681066,1,20,68,9
ASN,4,680913,1,20,68,4
EZE,21,680944,1,20,68,5
ASN,2,680945,1,20,68,5
BE,7,680915,1,20,68,4
GM,22,680950,1,20,68,5
BE,7,681054,1,20,68,8
GM,22,681046,1,20,68,8
BE,7,681005,1,20,68,7
EZE,21,680926,1,20,68,4
ASN,2,681048,1,20,68,8
AU,6,680912,1,20,68,4
EZE,21,680985,1,20,68,6
GME,23,681080,1,20,68,9
ASN,4,681176,1,20,68,12
GM,22,681080,1,20,68,9
UK,28,681089,1,20,68,10
GME,23,680967,1,20,68,6
ITE,25,680917,1,20,68,4
UK,28,680917,1,20,68,4
GME,23,681031,1,20,68,8
ASN,2,680933,1,20,68,5
ASN,2,681084,1,20,68,9
BE,7,680981,1,20,68,6
GME,23,680926,1,20,68,4
EZE,21,680921,1,20,68,4
GME,23,680973,1,20,68,6
ASN,4,680853,1,20,68,2
UK,28,681078,1,20,68,9
ASN,4,681157,1,20,68,12
UK,28,680955,1,20,68,5
BE,7,680962,1,20,68,5
ASN,4,680871,1,20,68,2
GM,22,680928,1,20,68,4
EZE,21,681033,1,20,68,8
EZE,21,681026,1,20,68,8
UK,28,681093,1,20,68,10
GM,22,681041,1,20,68,8
GM,22,680949,1,20,68,5
ASN,4,681165,1,20,68,12
EIE,20,681069,1,20,68,9
BE,7,681093,1,20,68,10
EIE,20,680916,1,20,68,4
ASN,5,680956,1,20,68,5
EIE,20,681060,1,20,68,9
AGE,1,681143,1,20,68,11
EIE,20,681006,1,20,68,7
EIE,20,681079,1,20,68,9
CA,14,681075,1,20,68,9
EIE,20,681076,1,20,68,9
EIE,20,680962,1,20,68,5
CA,14,680937,1,20,68,5
ASN,5,680978,1,20,68,6
USC,29,681134,1,20,68,11
EIE,20,681056,1,20,68,9
AGE,1,680954,1,20,68,5
EIE,20,681007,1,20,68,7
ASN,4,680912,1,20,68,4
CA,17,680964,1,20,68,6
EIE,20,680964,1,20,68,6
EIE,20,681021,1,20,68,7
AU,6,681080,1,20,68,9
EIE,20,681001,1,20,68,7
AGE,1,680956,1,20,68,5
EIE,20,681003,1,20,68,7
BE,7,681079,1,20,68,9
UK,27,680978,1,20,68,6
EIE,20,681057,1,20,68,9
BE,7,681003,1,20,68,7
AGE,1,680955,1,20,68,5
ASN,5,681045,1,20,68,8
ASN,5,681124,1,20,68,11
CA,14,680959,1,20,68,5
ASN,5,680832,1,20,68,1
AGE,1,680926,1,20,68,4
ASN,5,680829,1,20,68,1
AGE,1,680941,1,20,68,5
UK,27,681043,1,20,68,8
AU,6,680922,1,20,68,4
EIE,20,680932,1,20,68,4
EIE,20,681034,1,20,68,8
ASN,4,681078,1,20,68,9
AGE,1,680943,1,20,68,5
AU,6,681078,1,20,68,9
ASN,5,681034,1,20,68,8
EIE,20,681078,1,20,68,9
GM,22,680934,1,20,68,5
EIE,20,681026,1,20,68,8
EIE,20,680957,1,20,68,5
ASN,5,680867,1,20,68,2
ITE,25,680909,1,20,68,4
ASN,5,680919,1,20,68,4
EIE,20,681075,1,20,68,9
BE,7,681026,1,20,68,8
ASN,5,680910,1,20,68,4
UK,27,681048,1,20,68,8
ASN,4,681070,1,20,68,9
ASN,3,680935,1,20,68,5
ASN,5,681121,1,20,68,11
ASN,5,681120,1,20,68,11
ITE,24,681082,1,20,68,9
AGE,1,680947,1,20,68,5
ASN,5,680927,1,20,68,4
ASN,5,680835,1,20,68,1
EIE,20,680992,1,20,68,6
EIE,20,681083,1,20,68,9
AGE,1,681109,1,20,68,10
ASN,4,681036,1,20,68,8
EIE,20,681012,1,20,68,7
GM,22,680915,1,20,68,4
EIE,20,681014,1,20,68,7
AGE,1,681123,1,20,68,11
AGE,1,681146,1,20,68,11
BE,7,680947,1,20,68,5
AGE,1,681118,1,20,68,11
USC,29,681117,1,20,68,11
ASN,4,681169,1,20,68,12
CA,17,681036,1,20,68,8
AGE,1,680924,1,20,68,4
GM,22,681085,1,20,68,9
ASN,5,680897,1,20,68,3
EIE,20,681032,1,20,68,8
ASN,5,680823,1,20,68,1
AU,6,681082,1,20,68,9
ASN,5,681065,1,20,68,9
ASN,5,681125,1,20,68,11
CA,17,680991,1,20,68,6
EIE,20,681010,1,20,68,7
UK,27,681000,1,20,68,7
BE,7,680966,1,20,68,6
ASN,5,681160,1,20,68,12
GM,22,681074,1,20,68,9
UK,28,681054,1,20,68,8
ASN,5,680977,1,20,68,6
UK,27,681054,1,20,68,8
EIE,20,681090,1,20,68,10
ASN,5,680883,1,20,68,3
UK,27,681020,1,20,68,7
ASN,5,680854,1,20,68,2
ASN,2,680822,1,20,68,1
ASN,5,681171,1,20,68,12
ASN,5,681042,1,20,68,8
EIE,20,681088,1,20,68,10
AGE,1,680935,1,20,68,5
USC,29,681090,1,20,68,10
CA,14,680923,1,20,68,4
USC,29,681105,1,20,68,10
BE,7,680956,1,20,68,5
EZE,21,681059,1,20,68,9
GM,22,680992,1,20,68,6
ASN,2,681075,1,20,68,9
GM,22,680970,1,20,68,6
GM,22,681045,1,20,68,8
EZE,21,681032,1,20,68,8
GM,22,680925,1,20,68,4
EZE,21,681083,1,20,68,9
ASN,4,680984,1,20,68,6
ASN,2,680985,1,20,68,6
BE,7,680928,1,20,68,4
ASN,2,680926,1,20,68,4
AU,6,681031,1,20,68,8
ASN,2,680923,1,20,68,4
EZE,21,681031,1,20,68,8
BE,7,681086,1,20,68,10
ASN,2,680905,1,20,68,4
EZE,21,681085,1,20,68,9
ASN,4,680959,1,20,68,5
EZE,21,680915,1,20,68,4
UK,28,681037,1,20,68,8
BE,7,681094,1,20,68,10
AGE,1,681124,1,20,68,11
UK,28,680959,1,20,68,5
UK,28,680965,1,20,68,6
ASN,2,681105,1,20,68,10
UK,28,680962,1,20,68,5
GM,22,680967,1,20,69,6
BE,7,680945,1,20,69,5
UK,28,681041,1,20,69,8
ASN,2,681073,1,20,69,9
AU,6,680969,1,20,69,6
GME,23,681050,1,20,69,8
GM,22,680994,1,20,69,7
ASN,4,680869,1,20,69,2
BE,7,681087,1,20,69,10
BE,7,680949,1,20,69,5
BE,7,680938,1,20,69,5
GME,23,680994,1,20,69,7
GM,22,680980,1,20,69,6
ASN,4,680827,1,20,69,1
GM,22,681032,1,20,69,8
AGE,1,680962,1,20,69,5
ASN,4,680903,1,20,69,4
GME,23,680963,1,20,69,5
BE,7,681056,1,20,69,9
GM,22,681038,1,20,69,8
AGE,1,681137,1,20,69,11
AU,6,681079,1,20,69,9
GME,23,680965,1,20,69,6
ASN,4,681044,1,20,69,8
GME,23,680980,1,20,69,6
AU,6,681055,1,20,69,8
ASN,4,680939,1,20,69,5
ASN,2,680942,1,20,69,5
GME,23,680927,1,20,69,4
SZ,26,681052,1,20,69,8
GM,22,681084,1,20,69,9
AU,6,681074,1,20,69,9
ITE,24,680968,1,20,69,6
UK,28,681088,1,20,69,10
BE,7,681089,1,20,69,10
AGE,1,680923,1,20,69,4
ASN,4,681139,1,20,69,11
GM,22,680939,1,20,69,5
ASN,2,681129,1,20,69,11
AGE,1,680920,1,20,69,4
AGE,1,680921,1,20,69,4
AGE,1,680936,1,20,69,5
GME,23,681003,1,20,69,7
GME,23,680970,1,20,69,6
AGE,1,680916,1,20,69,4
BE,7,681047,1,20,69,8
ASN,4,680868,1,20,69,2
GM,22,681027,1,20,69,8
GME,23,681045,1,20,69,8
ASN,4,680818,1,20,69,1
ASN,4,681088,1,20,69,10
AU,6,681087,1,20,69,10
ITE,24,681096,1,20,69,10
AU,6,681097,1,20,69,10
ASN,4,680890,1,20,69,3
ASN,4,680815,1,20,69,1
ITE,24,680917,1,20,69,4
AGE,1,680951,1,20,69,5
BE,7,681085,1,20,69,9
GM,22,680924,1,20,69,4
UK,28,681085,1,20,69,9
GME,23,681041,1,20,69,8
BE,7,680950,1,20,69,5
CA,17,680973,1,21,69,6
UK,27,681080,1,21,69,9
UK,27,680974,1,21,69,6
UK,27,681066,1,21,69,9
ASN,5,680822,1,21,69,1
EZE,21,680970,1,21,69,6
CA,14,681082,1,21,69,9
AU,6,681088,1,21,69,10
EIE,20,680991,1,21,69,6
CA,14,680977,1,21,69,6
AU,6,680972,1,21,69,6
EZE,21,681086,1,21,69,10
CA,17,681083,1,21,69,9
ASN,5,680985,1,21,69,6
UK,27,681067,1,21,69,9
UK,27,681071,1,21,69,9
EZE,21,680945,1,21,69,5
ASN,5,680986,1,21,69,6
ASN,5,680984,1,21,69,6
CA,14,680951,1,21,69,5
UK,27,680952,1,21,69,5
CA,17,680953,1,21,69,5
ASN,3,680982,1,21,69,6
CA,17,681076,1,21,69,9
CA,14,681095,1,21,69,10
EZE,21,680922,1,21,69,4
ASN,5,680862,1,21,69,2
ASN,3,680958,1,21,69,5
ASN,2,680932,1,21,69,4
CA,14,681094,1,21,69,10
CA,17,680959,1,21,69,5
CA,14,680985,1,21,69,6
BE,7,680963,1,21,69,5
ASN,5,680885,1,21,69,3
CA,14,681080,1,21,69,9
ASN,3,680961,1,21,69,5
ITE,24,681104,1,21,69,10
ASN,5,680843,1,21,69,1
UK,27,681006,1,21,69,7
ASN,2,681145,1,21,69,11
UK,27,681013,1,21,69,7
ASN,5,680836,1,21,69,1
ASN,4,680844,1,21,69,2
UK,27,681063,1,21,69,9
ASN,2,680915,1,21,69,4
CA,17,681052,1,21,69,8
ASN,5,680844,1,21,69,2
EIE,20,681008,1,21,69,7
UK,27,681008,1,21,69,7
GM,22,681044,1,21,69,8
CA,17,681024,1,21,69,7
UK,27,681009,1,21,69,7
UK,27,681029,1,21,69,8
CA,14,681063,1,21,69,9
CA,14,681010,1,21,69,7
BE,7,681030,1,21,69,8
ASN,5,680851,1,21,69,2
EIE,20,680917,1,21,69,4
CA,17,681012,1,21,69,7
ASN,5,681140,1,21,69,11
ASN,5,680828,1,21,69,1
EZE,21,681054,1,21,69,8
UK,27,681041,1,21,69,8
UK,27,681031,1,21,69,8
CA,14,681052,1,21,69,8
UK,28,681022,1,21,69,7
ASN,5,680853,1,21,69,2
ASN,5,680920,1,21,69,4
UK,27,681005,1,21,69,7
EIE,20,681015,1,21,69,7
UK,27,681058,1,21,69,9
ASN,5,680834,1,21,69,1
ASN,5,681147,1,21,69,12
EIE,20,681058,1,21,69,9
EZE,21,681082,1,21,69,9
EZE,21,681074,1,21,69,9
ITE,25,680924,1,21,69,4
ASN,2,681114,1,21,69,10
ASN,2,681106,1,21,69,10
EZE,21,680972,1,21,69,6
UK,28,681011,1,21,69,7
BE,7,680912,1,21,69,4
ITE,25,680945,1,21,69,5
ASN,4,680874,1,21,69,3
UK,28,681036,1,21,69,8
ITE,25,680951,1,21,69,5
BE,7,681048,1,21,69,8
EZE,21,681041,1,21,69,8
ASN,4,680920,1,21,69,4
AU,6,680935,1,21,69,5
ITE,25,681089,1,21,69,10
BE,7,680995,1,21,69,7
ASN,4,680876,1,21,69,3
ASN,4,680863,1,21,69,2
ASN,2,681144,1,21,69,11
BE,7,680951,1,21,69,5
GME,23,681077,1,21,69,9
AGE,1,680934,1,21,69,5
GM,22,681003,1,21,69,7
GM,22,681006,1,21,69,7
ASN,2,681103,1,21,69,10
UK,28,681038,1,21,69,8
GM,22,680922,1,21,69,4
UK,28,680986,1,21,69,6
BE,7,681039,1,21,69,8
BE,7,680942,1,21,69,5
UK,28,681079,1,21,69,9
BE,7,681045,1,21,69,8
UK,28,680958,1,21,69,5
GME,23,680982,1,21,70,6
AU,6,680995,1,21,70,7
ASN,4,680872,1,21,70,3
EZE,21,680935,1,21,70,5
ITE,24,680908,1,21,70,4
EZE,21,681046,1,21,70,8
ASN,4,681142,1,21,70,11
GME,23,681076,1,21,70,9
ITE,25,681083,1,21,70,9
BE,7,681032,1,21,70,8
ASN,2,681083,1,21,70,9
BE,7,681040,1,21,70,8
ASN,2,681054,1,21,70,8
ASN,4,680891,1,21,70,3
BE,7,680917,1,21,70,4
ITE,25,680912,1,21,70,4
ITE,24,680932,1,21,70,4
BE,7,681077,1,21,70,9
BE,7,681082,1,21,70,9
BE,7,681043,1,21,70,8
ASN,4,681050,1,21,70,8
GM,22,681047,1,21,70,8
GM,22,680958,1,21,70,5
GM,22,680916,1,21,70,4
GM,22,681031,1,21,70,8
EZE,21,681050,1,21,70,8
ASN,4,680830,1,21,70,1
ASN,4,680878,1,21,70,3
GM,22,680943,1,21,70,5
ASN,4,680843,1,21,70,1
AGE,1,681127,1,21,70,11
GM,22,681069,1,21,70,9
GME,23,680940,1,21,70,5
AGE,1,681105,1,21,70,10
EIE,20,681013,1,21,70,7
USC,29,681074,1,21,70,9
ASN,5,680865,1,21,70,2
USC,29,681101,1,21,70,10
GME,23,680943,1,21,70,5
CA,17,681064,1,21,70,9
UK,27,680980,1,21,70,6
ASN,3,680989,1,21,70,6
EIE,20,680931,1,21,70,4
CA,14,681064,1,21,70,9
ASN,2,680944,1,21,70,5
CA,17,680972,1,21,70,6
ASN,4,681112,1,21,70,10
CA,14,681076,1,21,70,9
AU,6,681083,1,21,70,9
ASN,5,681123,1,21,70,11
CA,17,681075,1,21,70,9
ASN,5,680917,1,21,70,4
GME,23,680958,1,21,70,5
UK,27,681068,1,21,70,9
ASN,5,680901,1,21,70,3
CA,17,681053,1,21,70,8
ASN,5,680891,1,21,70,3
ASN,4,680846,1,21,70,2
ASN,4,681138,1,21,70,11
UK,27,680972,1,21,70,6
EIE,20,680965,1,21,70,6
ASN,5,680896,1,21,70,3
ASN,5,680840,1,21,70,1
ASN,5,680833,1,21,70,1
CA,17,681014,1,21,70,7
GM,22,681048,1,21,70,8
ASN,5,680848,1,21,70,2
ASN,4,680940,1,21,70,5
CA,17,680968,1,21,70,6
ASN,5,680872,1,21,70,3
UK,28,680929,1,21,70,4
EIE,20,680963,1,21,70,5
EIE,20,681020,1,21,70,7
ASN,5,680929,1,21,70,4
USC,29,681102,1,21,70,10
CA,17,681092,1,21,70,10
ASN,5,680871,1,21,70,2
CA,17,681079,1,21,70,9
ASN,2,680844,1,21,70,2
ASN,5,680819,1,21,70,1
ASN,5,680869,1,21,70,2
UK,27,681044,1,21,70,8
ASN,5,681056,1,21,70,9
EIE,20,681018,1,21,70,7
EIE,20,681082,1,21,70,9
ASN,5,680817,1,21,70,1
USC,29,681108,1,21,70,10
ASN,5,680868,1,21,70,2
ASN,5,680879,1,21,70,3
EIE,20,680954,1,21,70,5
ASN,5,680837,1,21,70,1
UK,27,681072,1,21,70,9
CA,17,681041,1,21,70,8
ASN,5,680864,1,21,70,2
UK,27,680985,1,21,70,6
EIE,20,680924,1,21,70,4
ASN,5,680827,1,21,70,1
ASN,5,680825,1,21,70,1
ASN,5,680842,1,21,70,1
CA,17,681078,1,21,70,9
USC,29,681097,1,21,70,10
ITE,25,680934,1,21,70,5
ASN,5,680877,1,21,70,3
ASN,5,680845,1,21,70,2
USC,29,681133,1,21,70,11
GM,22,681073,1,21,70,9
UK,28,680924,1,21,70,4
ASN,5,680918,1,21,70,4
ASN,5,680814,1,21,70,1
EIE,20,681080,1,21,70,9
BE,7,680946,1,21,70,5
ASN,4,680925,1,21,70,4
ASN,4,680850,1,21,70,2
USC,29,681087,1,21,70,10
EIE,20,681000,1,21,70,7
ASN,5,680905,1,21,70,4
GME,23,681069,1,21,70,9
GM,22,680966,1,21,70,6
ASN,5,680818,1,21,70,1
ASN,5,681150,1,21,70,12
ASN,4,680879,1,21,70,3
BE,7,680967,1,21,70,6
UK,28,681020,1,21,70,7
ASN,2,680927,1,21,70,4
ASN,2,681062,1,21,70,9
ASN,4,680928,1,21,70,4
ASN,2,681099,1,21,70,10
ASN,2,680863,1,21,70,2
UK,28,681000,1,21,70,7
BE,7,681080,1,21,70,9
UK,28,680910,1,21,70,4
UK,28,680981,1,21,70,6
ASN,2,681141,1,21,70,11
ASN,4,681156,1,21,70,12
ASN,2,681055,1,21,70,8
ASN,2,681115,1,21,70,10
ASN,4,680894,1,21,70,3
BE,7,681049,1,21,70,8
UK,28,681029,1,21,70,8
GME,23,681078,1,21,70,9
GM,22,681078,1,21,70,9
AU,6,680970,1,21,70,6
AU,6,680979,1,21,70,6
UK,28,681012,1,21,70,7
GME,23,681081,1,21,70,9
UK,28,681049,1,21,70,8
UK,28,680969,1,21,70,6
ASN,2,681110,1,21,70,10
AU,6,681084,1,21,70,9
ASN,4,681174,1,21,70,12
ASN,2,681071,1,21,70,9
GME,23,681004,1,21,70,7
BE,7,681074,1,21,70,9
UK,28,681028,1,21,70,8
ASN,4,681045,1,21,70,8
UK,28,680999,1,21,70,7
BE,7,681073,1,21,70,9
BE,7,680934,1,21,70,5
ITE,24,681097,1,21,70,10
ASN,4,680831,1,21,70,1
AU,6,680950,1,21,70,5
ASN,4,680819,1,21,70,1
ASN,4,680817,1,21,70,1
UK,28,680956,1,21,70,5
GM,22,680945,1,21,70,5
ITE,25,680916,1,21,70,4
BE,7,681068,1,21,70,9
UK,28,681047,1,21,70,8
GM,22,680963,1,21,70,5
BE,7,681067,1,21,70,9
AU,6,681104,1,21,70,10
GM,22,681059,1,21,70,9
BE,7,680957,1,21,70,5
UK,28,681063,1,21,71,9
AU,6,680915,1,21,71,4
ASN,2,680902,1,21,71,3
GME,23,681083,1,21,71,9
GM,22,680973,1,21,71,6
GM,22,680921,1,21,71,4
EZE,21,680973,1,21,71,6
AU,6,681044,1,21,71,8
AU,6,681075,1,21,71,9
UK,28,681045,1,21,71,8
UK,28,680979,1,21,71,6
GME,23,680966,1,21,71,6
GM,22,680926,1,21,71,4
GME,23,681047,1,21,71,8
ASN,2,680929,1,22,71,4
BE,7,681031,1,22,71,8
GM,22,680982,1,22,71,6
ASN,2,680824,1,22,71,1
AGE,1,680933,1,22,71,5
AGE,1,681101,1,22,71,10
ITE,25,681082,1,22,71,9
ASN,2,680825,1,22,71,1
EZE,21,680986,1,22,71,6
AGE,1,681140,1,22,71,11
GME,23,680985,1,22,71,6
AGE,1,681115,1,22,71,10
AGE,1,681106,1,22,71,10
AGE,1,680922,1,22,71,4
AU,6,681073,1,22,71,9
ITE,24,681087,1,22,71,10
EZE,21,680964,1,22,71,6
AGE,1,680984,1,22,71,6
AU,6,681050,1,22,71,8
AGE,1,680940,1,22,71,5
GME,23,680983,1,22,71,6
ASN,4,680842,1,22,71,1
AGE,1,680973,1,22,71,6
ITE,24,680934,1,22,71,5
AGE,1,681111,1,22,71,10
EZE,21,680943,1,22,71,5
GM,22,681058,1,22,71,9
BE,7,681021,1,22,71,7
EZE,21,681069,1,22,71,9
GM,22,680920,1,22,71,4
AU,6,681070,1,22,71,9
ASN,2,680904,1,22,71,4
EZE,21,680957,1,22,71,5
ASN,2,681120,1,22,71,11
UK,28,680927,1,22,71,4
ITE,25,680956,1,22,71,5
UK,28,681042,1,22,71,8
ASN,2,681053,1,22,71,8
AU,6,681041,1,22,71,8
UK,28,681087,1,22,71,10
CA,14,680954,1,22,71,5
ASN,3,680959,1,22,71,5
ASN,5,680928,1,22,71,4
CA,17,681095,1,22,71,10
ASN,3,680941,1,22,71,5
ASN,2,680940,1,22,71,5
UK,27,680968,1,22,71,6
CA,17,681015,1,22,71,7
USC,29,681048,1,22,71,8
EIE,20,680955,1,22,71,5
ASN,2,680883,1,22,71,3
ASN,5,680841,1,22,71,1
CA,14,680972,1,22,71,6
EIE,20,680966,1,22,71,6
CA,14,681040,1,22,71,8
ASN,3,680945,1,22,71,5
ASN,4,680877,1,22,71,3
UK,27,680971,1,22,71,6
UK,27,681017,1,22,71,7
UK,28,681086,1,22,71,10
CA,17,680961,1,22,71,5
EIE,20,680968,1,22,71,6
CA,17,680952,1,22,71,5
CA,14,680947,1,22,71,5
UK,27,681045,1,22,71,8
UK,27,681049,1,22,71,8
UK,27,681050,1,22,71,8
UK,27,680953,1,22,71,5
ASN,2,681157,1,22,71,12
ASN,4,681130,1,22,71,11
BE,7,681057,1,22,71,9
CA,17,680986,1,22,71,6
ASN,4,681131,1,22,71,11
ASN,3,680987,1,22,71,6
UK,27,680990,1,22,71,6
UK,27,681059,1,22,71,9
CA,14,681005,1,22,71,7
UK,27,681073,1,22,71,9
UK,27,681081,1,22,71,9
UK,27,681064,1,22,71,9
EIE,20,680999,1,22,71,7
UK,27,681062,1,22,71,9
UK,27,681056,1,22,71,9
AGE,1,681116,1,22,71,10
CA,17,680985,1,22,71,6
UK,27,680996,1,22,71,7
CA,17,680995,1,22,71,7
CA,17,681077,1,22,71,9
UK,27,681065,1,22,71,9
ASN,5,681155,1,22,71,12
ASN,4,680852,1,22,71,2
CA,17,681080,1,22,71,9
EIE,20,680925,1,22,71,4
EIE,20,681081,1,22,71,9
AU,6,680944,1,22,71,5
ASN,4,680893,1,22,71,3
AGE,1,680931,1,22,71,4
UK,28,681009,1,22,71,7
ITE,24,680925,1,22,71,4
UK,28,681051,1,22,71,8
BE,7,681046,1,22,71,8
AU,6,680980,1,22,71,6
BE,7,680991,1,22,71,6
GME,23,681058,1,22,71,9
GM,22,680927,1,22,71,4
GM,22,680972,1,22,71,6
GME,23,680997,1,22,71,7
AU,6,680926,1,22,71,4
ITE,25,680925,1,22,71,4
AU,6,681085,1,22,71,9
ASN,2,681163,1,22,71,12
UK,28,680960,1,22,71,5
UK,28,680951,1,22,71,5
UK,28,680923,1,22,71,4
UK,28,681043,1,22,71,8
ASN,4,680926,1,22,71,4
UK,28,680966,1,22,71,6
GME,23,681072,1,22,71,9
ASN,4,680854,1,22,71,2
BE,7,681050,1,22,71,8
UK,28,681030,1,22,71,8
ASN,4,680847,1,22,71,2
ASN,2,681081,1,22,71,9
ITE,24,680916,1,22,71,4
GME,23,681027,1,22,71,8
ASN,4,680834,1,22,71,1
ITE,24,681084,1,22,71,9
ITE,24,680922,1,22,71,4
GME,23,680993,1,22,71,6
UK,28,681044,1,22,71,8
ITE,24,681085,1,22,71,9
AU,6,680983,1,22,71,6
ASN,2,680823,1,22,71,1
UK,28,681073,1,22,71,9
UK,28,681064,1,22,71,9
ASN,2,680873,1,22,72,3
UK,28,681015,1,22,72,7
AGE,1,681099,1,22,72,10
UK,28,680936,1,22,72,5
AGE,1,681125,1,22,72,11
AGE,1,680966,1,22,72,6
GM,22,680983,1,22,72,6
AGE,1,680972,1,22,72,6
AGE,1,680964,1,22,72,6
AGE,1,680983,1,22,72,6
BE,7,680965,1,22,72,6
EZE,21,681058,1,22,72,9
AGE,1,680959,1,22,72,5
GM,22,681004,1,22,72,7
EZE,21,680967,1,22,72,6
GME,23,680935,1,22,72,5
AGE,1,680971,1,22,72,6
AGE,1,681126,1,22,72,11
AGE,1,681113,1,22,72,10
ASN,2,681173,1,22,72,12
AU,6,680930,1,22,72,4
AGE,1,681097,1,22,72,10
AU,6,681056,1,22,72,9
AGE,1,680970,1,22,72,6
AGE,1,680969,1,22,72,6
AU,6,680986,1,22,72,6
GME,23,680959,1,22,72,5
GM,22,681081,1,22,72,9
ASN,4,680836,1,22,72,1
ASN,4,681093,1,22,72,10
GM,22,681082,1,22,72,9
EZE,21,681049,1,22,72,8
ASN,2,680930,1,22,72,4
ASN,4,681129,1,22,72,11
UK,28,681071,1,22,72,9
UK,28,680998,1,22,72,7
EIE,20,680930,1,22,72,4
ASN,5,680839,1,22,72,1
ASN,2,681108,1,22,72,10
UK,27,680954,1,22,72,5
BE,7,681023,1,22,72,7
USC,29,681047,1,22,72,8
ASN,4,680864,1,22,72,2
CA,14,680961,1,22,72,5
ASN,2,680912,1,22,72,4
ASN,5,681154,1,22,72,12
CA,14,680984,1,22,72,6
ASN,4,680823,1,22,72,1
ASN,2,680906,1,22,72,4
CA,17,681003,1,22,72,7
CA,14,681045,1,22,72,8
UK,27,680955,1,22,72,5
CA,17,680962,1,22,72,5
ASN,2,680852,1,22,72,2
UK,27,681061,1,22,72,9
ASN,5,680866,1,22,72,2
EIE,20,680956,1,22,72,5
ASN,2,680828,1,22,72,1
UK,27,680998,1,22,72,7
EIE,20,680926,1,22,72,4
ASN,2,680878,1,22,72,3
EZE,21,680997,1,22,72,7
ASN,5,680878,1,22,72,3
UK,27,681007,1,22,72,7
UK,27,680976,1,22,72,6
ASN,4,681081,1,22,72,9
ASN,5,681089,1,22,72,10
ASN,5,681158,1,22,72,12
ASN,5,680813,1,22,72,1
UK,27,680989,1,22,72,6
BE,7,680971,1,22,72,6
CA,17,681054,1,22,72,8
EIE,20,681016,1,22,72,7
BE,7,681083,1,22,72,9
CA,17,680994,1,22,72,7
CA,17,681051,1,22,72,8
ASN,3,680986,1,22,72,6
UK,27,681018,1,22,72,7
CA,14,681001,1,22,72,7
ASN,5,681144,1,22,72,11
EZE,21,680966,1,22,72,6
ASN,4,680918,1,22,72,4
USC,29,681098,1,22,72,10
EIE,20,680967,1,22,72,6
ASN,5,680849,1,22,72,2
UK,27,680967,1,22,72,6
ASN,5,681091,1,22,72,10
USC,29,681078,1,22,72,9
UK,27,681070,1,22,72,9
CA,14,680952,1,22,72,5
ITE,24,680920,1,22,72,4
GME,23,681038,1,22,72,8
ASN,4,680829,1,22,72,1
BE,7,680939,1,22,72,5
GME,23,680952,1,22,72,5
ASN,2,681154,1,22,72,12
AU,6,681086,1,22,72,10
AU,6,681039,1,22,72,8
ASN,2,680877,1,22,72,3
GME,23,681082,1,22,72,9
AU,6,680968,1,22,72,6
UK,28,681021,1,22,72,7
ASN,2,681152,1,22,72,12
AU,6,680916,1,22,72,4
GME,23,681022,1,22,72,7
ITE,25,681088,1,22,72,10
ASN,2,680854,1,22,72,2
ASN,4,680887,1,22,72,3
ASN,4,681071,1,22,72,9
ITE,24,680953,1,22,72,5
GM,22,681039,1,22,72,8
ASN,2,680880,1,22,72,3
ITE,24,681081,1,22,72,9
ASN,4,680860,1,22,72,2
ASN,2,681158,1,22,72,12
ITE,24,680919,1,22,72,4
BE,7,680918,1,22,72,4
ASN,2,681121,1,22,72,11
GM,22,680985,1,22,72,6
ASN,2,680879,1,22,72,3
GM,22,680935,1,22,72,5
UK,28,680972,1,22,72,6
ITE,24,680912,1,22,72,4
ASN,2,681050,1,22,72,8
ASN,2,681093,1,22,72,10
BE,7,681017,1,22,72,7
ITE,25,680914,1,22,72,4
ASN,2,681122,1,22,72,11
UK,28,680975,1,22,72,6
UK,28,681055,1,22,72,8
ASN,2,681079,1,22,72,9
GM,22,681050,1,22,72,8
AGE,1,680980,1,22,72,6
AGE,1,680963,1,22,72,5
ASN,2,681150,1,22,72,12
UK,28,681072,1,22,72,9
AGE,1,680942,1,22,72,5
AGE,1,680965,1,22,72,6
AGE,1,680961,1,22,72,5
UK,28,681059,1,22,72,9
AU,6,680996,1,22,72,7
ITE,24,680944,1,22,72,5
GM,22,680997,1,22,72,7
ITE,24,681031,1,22,72,8
UK,28,681080,1,22,72,9
ITE,24,680950,1,22,72,5
GME,23,681034,1,22,72,8
GM,22,681066,1,22,72,9
AU,6,680992,1,22,72,6
ASN,2,681107,1,23,73,10
UK,28,681013,1,23,73,7
BE,7,681022,1,23,73,7
GME,23,680986,1,23,73,6
ASN,2,681131,1,23,73,11
ASN,2,680916,1,23,73,4
EZE,21,681038,1,23,73,8
BE,7,680941,1,23,73,5
AU,6,681042,1,23,73,8
ITE,25,680933,1,23,73,5
ITE,25,681085,1,23,73,9
BE,7,681033,1,23,73,8
ASN,4,680886,1,23,73,3
BE,7,680964,1,23,73,6
BE,7,680968,1,23,73,6
BE,7,680929,1,23,73,4
EZE,21,681003,1,23,73,7
EZE,21,681072,1,23,73,9
BE,7,681076,1,23,73,9
BE,7,680921,1,23,73,4
ASN,4,681161,1,23,73,12
UK,28,681001,1,23,73,7
BE,7,681075,1,23,73,9
ASN,2,681133,1,23,73,11
ASN,4,680838,1,23,73,1
EIE,20,680996,1,23,73,7
UK,27,680993,1,23,73,6
CA,14,681036,1,23,73,8
ASN,5,680892,1,23,73,3
GM,22,680993,1,23,73,6
EIE,20,681017,1,23,73,7
CA,14,681053,1,23,73,8
ASN,2,680842,1,23,73,1
EIE,20,680993,1,23,73,6
ASN,2,681045,1,23,73,8
CA,17,680948,1,23,73,5
BE,7,681038,1,23,73,8
CA,14,681083,1,23,73,9
UK,27,680969,1,23,73,6
ASN,2,680921,1,23,73,4
EZE,21,681039,1,23,73,8
EIE,20,680927,1,23,73,4
ASN,2,681113,1,23,73,10
CA,17,681010,1,23,73,7
AU,6,680988,1,23,73,6
ASN,2,680896,1,23,73,3
BE,7,681081,1,23,73,9
ASN,5,680900,1,23,73,3
ASN,5,680881,1,23,73,3
ASN,5,681177,1,23,73,12
BE,7,680970,1,23,73,6
EIE,20,680988,1,23,73,6
ASN,2,681172,1,23,73,12
EIE,20,680969,1,23,73,6
ASN,5,681110,1,23,73,10
ASN,2,681116,1,23,73,10
CA,17,680998,1,23,73,7
GM,22,681076,1,23,73,9
CA,14,681003,1,23,73,7
GME,23,681024,1,23,73,7
UK,27,680999,1,23,73,7
CA,14,681077,1,23,73,9
GM,22,680959,1,23,73,5
ASN,2,680924,1,23,73,4
ASN,5,681172,1,23,73,12
USC,29,681073,1,23,73,9
BE,7,681058,1,23,73,9
AU,6,681058,1,23,73,9
GM,22,681022,1,23,73,7
ASN,2,681078,1,23,73,9
ASN,2,681153,1,23,73,12
CA,14,680962,1,23,73,5
EIE,20,681019,1,23,73,7
CA,17,681002,1,23,73,7
CA,17,681084,1,23,73,9
CA,17,681005,1,23,73,7
UK,27,681060,1,23,73,9
ASN,5,680874,1,23,73,3
CA,17,680966,1,23,73,6
BE,7,680935,1,23,73,5
UK,28,681006,1,23,73,7
ITE,25,681086,1,23,73,10
BE,7,681044,1,23,73,8
GM,22,681083,1,23,73,9
BE,7,681070,1,23,73,9
GM,22,681077,1,23,73,9
BE,7,680983,1,23,73,6
ITE,24,681086,1,23,73,10
ASN,2,680845,1,23,73,2
AGE,1,681084,1,23,73,9
GME,23,681026,1,23,73,8
ITE,24,680933,1,23,73,5
UK,28,681060,1,23,73,9
BE,7,680936,1,23,73,5
AGE,1,681104,1,23,73,10
GME,23,681053,1,23,73,8
AGE,1,681096,1,23,73,10
BE,7,680920,1,23,73,4
EZE,21,681045,1,23,73,8
GME,23,681066,1,23,73,9
AGE,1,681103,1,23,73,10
AU,6,681028,1,23,73,8
AGE,1,681141,1,23,73,11
AGE,1,680975,1,23,73,6
BE,7,680922,1,23,73,4
UK,28,680987,1,23,73,6
AU,6,681005,1,23,73,7
AGE,1,681112,1,23,73,10
ITE,25,680915,1,23,73,4
GM,22,681040,1,23,73,8
BE,7,681069,1,23,73,9
GM,22,681021,1,23,73,7
EZE,21,681004,1,23,73,7
AGE,1,680979,1,23,73,6
AGE,1,681102,1,23,73,10
AGE,1,680978,1,23,73,6
UK,28,681050,1,23,73,8
ITE,25,680938,1,23,74,5
UK,28,681032,1,23,74,8
BE,7,680924,1,23,74,4
ITE,25,680944,1,23,74,5
ASN,2,681134,1,23,74,11
ASN,2,681077,1,23,74,9
GME,23,680942,1,23,74,5
AU,6,680927,1,23,74,4
ITE,25,681084,1,23,74,9
BE,7,681018,1,23,74,7
ASN,2,681096,1,23,74,10
ASN,2,680855,1,23,74,2
ASN,2,680815,1,23,74,1
ASN,4,680840,1,23,74,1
AGE,1,680985,1,23,74,6
ASN,2,680864,1,23,74,2
ASN,2,680851,1,23,74,2
ASN,4,681115,1,23,74,10
EIE,20,680929,1,23,74,4
EZE,21,680916,1,23,74,4
EZE,21,680927,1,23,74,4
EIE,20,680928,1,23,74,4
ASN,2,680882,1,23,74,3
ASN,5,680906,1,23,74,4
ASN,2,680892,1,23,74,3
ASN,4,680892,1,23,74,3
CA,17,681037,1,23,74,8
ASN,2,681080,1,23,74,9
CA,17,681071,1,23,74,9
ASN,5,681137,1,23,74,11
CA,17,681040,1,23,74,8
GM,22,680986,1,23,74,6
ASN,5,681151,1,23,74,12
ASN,5,681159,1,23,74,12
CA,14,680971,1,23,74,6
CA,17,680984,1,23,74,6
ASN,2,681142,1,23,74,11
UK,27,681057,1,23,74,9
CA,17,680949,1,23,74,5
ASN,4,681094,1,23,74,10
ASN,4,681166,1,23,74,12
USC,29,681092,1,23,74,10
EIE,20,680997,1,23,74,7
ITE,25,681087,1,23,74,10
ASN,5,681175,1,23,74,12
UK,27,680997,1,23,74,7
USC,29,681075,1,23,74,9
AU,6,681059,1,23,74,9
CA,17,680969,1,23,74,6
ASN,4,681124,1,23,74,11
CA,17,681042,1,23,74,8
CA,14,681049,1,23,74,8
UK,27,680995,1,23,74,7
ASN,4,681177,1,23,74,12
UK,27,681016,1,23,74,7
BE,7,681016,1,23,74,7
ASN,4,680828,1,23,74,1
UK,27,681015,1,23,74,7
BE,7,681015,1,23,74,7
EZE,21,680994,1,23,74,7
CA,14,681014,1,23,74,7
ASN,2,680856,1,23,74,2
CA,14,681084,1,23,74,9
EIE,20,680995,1,23,74,7
ASN,5,680880,1,23,74,3
ASN,5,681153,1,23,74,12
AGE,1,681043,1,23,74,8
EZE,21,681048,1,23,74,8
ASN,4,680880,1,23,74,3
GM,22,681026,1,23,74,8
ASN,2,681151,1,23,74,12
UK,28,680954,1,23,74,5
ITE,24,680940,1,23,74,5
ITE,24,680913,1,23,74,4
AU,6,681047,1,23,74,8
ITE,24,680915,1,23,74,4
ASN,2,681109,1,23,74,10
ITE,24,680948,1,23,74,5
UK,28,680953,1,23,74,5
BE,7,680958,1,23,74,5
BE,7,680926,1,23,74,4
ASN,2,681126,1,23,74,11
ITE,24,680939,1,23,74,5
BE,7,680952,1,23,74,5
BE,7,681037,1,23,74,8
ASN,2,681123,1,24,74,11
AGE,1,680977,1,24,74,6
AGE,1,680976,1,24,74,6
ASN,4,680837,1,24,74,1
UK,28,680967,1,24,74,6
BE,7,680923,1,24,74,4
AGE,1,681090,1,24,74,10
AGE,1,680986,1,24,74,6
ITE,24,680923,1,24,74,4
GM,22,680940,1,24,74,5
ITE,25,681055,1,24,74,8
GME,23,680946,1,24,74,5
ITE,25,680946,1,24,74,5
AGE,1,681098,1,24,74,10
ITE,24,680979,1,24,74,6
GM,22,681025,1,24,74,8
AGE,1,680987,1,24,74,6
AGE,1,680938,1,24,74,5
AGE,1,681092,1,24,74,10
AGE,1,681091,1,24,74,10
ITE,24,680980,1,24,74,6
AU,6,681060,1,24,74,9
UK,28,680928,1,24,74,4
EZE,21,681060,1,24,74,9
GM,22,681024,1,24,74,7
GME,23,681051,1,24,74,8
BE,7,681065,1,24,74,9
GM,22,681034,1,24,74,8
EZE,21,681034,1,24,74,8
BE,7,680960,1,24,74,5
UK,28,681065,1,24,74,9
EZE,21,681040,1,24,74,8
UK,28,680957,1,24,74,5
UK,28,680977,1,24,74,6
EZE,21,680946,1,24,74,5
ASN,2,681111,1,24,75,10
BE,7,681024,1,24,75,7
ASN,2,680910,1,24,75,4
BE,7,680969,1,24,75,6
ASN,4,681147,1,24,75,12
BE,7,681064,1,24,75,9
BE,7,680937,1,24,75,5
ASN,4,681056,1,24,75,9
ASN,4,681099,1,24,75,10
UK,28,680976,1,24,75,6
ASN,2,681125,1,24,75,11
GM,22,681072,1,24,75,9
AU,6,680957,1,24,75,5
GME,23,681040,1,24,75,8
UK,28,681066,1,24,75,9
EZE,21,680963,1,24,75,5
ASN,2,681051,1,24,75,8
AU,6,680985,1,24,75,6
AU,6,681033,1,24,75,8
BE,7,680985,1,24,75,6
UK,28,680968,1,24,75,6
GME,23,681039,1,24,75,8
EZE,21,680940,1,24,75,5
ITE,24,680918,1,24,75,4
BE,7,680996,1,24,75,7
AGE,1,681108,1,24,75,10
ITE,25,680931,1,24,75,4
ASN,5,681126,1,24,75,11
EZE,21,681051,1,24,75,8
CA,17,680989,1,24,75,6
ASN,2,680862,1,24,75,2
CA,17,681022,1,24,75,7
EIE,20,680990,1,24,75,6
AU,6,681051,1,24,75,8
CA,17,681025,1,24,75,8
ASN,5,681176,1,24,75,12
ASN,2,680860,1,24,75,2
BE,7,681002,1,24,75,7
UK,27,681069,1,24,75,9
ASN,5,681145,1,24,75,11
CA,14,680994,1,24,75,7
CA,17,680996,1,24,75,7
UK,27,680994,1,24,75,7
UK,28,681057,1,24,75,9
ASN,5,681111,1,24,75,10
CA,14,681017,1,24,75,7
ASN,5,680909,1,24,75,4
CA,14,681034,1,24,75,8
ASN,5,680838,1,24,75,1
CA,17,681028,1,24,75,8
ASN,2,681124,1,24,75,11
EIE,20,680973,1,24,75,6
UK,27,680979,1,24,75,6
CA,17,681017,1,24,75,7
CA,14,681028,1,24,75,8
ASN,5,680870,1,24,75,2
EIE,20,680971,1,24,75,6
CA,17,680971,1,24,75,6
EIE,20,680986,1,24,75,6
CA,17,681031,1,24,75,8
ASN,4,680813,1,24,75,1
CA,14,681070,1,24,75,9
ASN,2,680837,1,24,75,1
ASN,3,680985,1,24,75,6
ASN,4,680929,1,24,75,4
ASN,2,680891,1,24,75,3
CA,14,681041,1,24,75,8
CA,14,680976,1,24,75,6
CA,14,681073,1,24,75,9
ASN,3,680984,1,24,75,6
ASN,5,680907,1,24,75,4
CA,14,681032,1,24,75,8
AU,6,680964,1,24,75,6
AU,6,680959,1,24,75,5
AGE,1,681095,1,24,75,10
ITE,25,681081,1,24,75,9
UK,28,680994,1,24,75,7
ITE,24,680967,1,24,75,6
ITE,24,681079,1,24,75,9
AU,6,680917,1,24,75,4
AU,6,681069,1,24,75,9
BE,7,681035,1,24,75,8
ITE,24,680938,1,24,75,5
BE,7,680925,1,24,75,4
ITE,24,681080,1,24,75,9
ASN,2,680853,1,24,75,2
ASN,2,680835,1,24,75,1
GM,22,680938,1,24,75,5
AU,6,680984,1,24,75,6
ASN,2,681170,1,24,75,12
UK,28,680989,1,24,75,6
AU,6,681048,1,24,75,8
ASN,4,680861,1,24,75,2
ASN,2,680818,1,24,75,1
ASN,2,680836,1,24,75,1
ITE,24,680956,1,24,75,5
AU,6,680945,1,24,75,5
BE,7,681006,1,24,76,7
ITE,25,680913,1,24,76,4
BE,7,681036,1,24,76,8
BE,7,681000,1,24,76,7
EZE,21,680938,1,24,76,5
UK,28,680995,1,24,76,7
UK,28,681074,1,24,76,9
ASN,2,680890,1,24,76,3
ASN,2,680830,1,24,76,1
ASN,2,680816,1,24,76,1
UK,28,681067,1,24,76,9
BE,7,681071,1,24,76,9
AU,6,681032,1,24,76,8
ASN,4,681075,1,24,76,9
ASN,2,680918,1,24,76,4
ASN,4,680822,1,24,76,1
AU,6,680939,1,24,76,5
AGE,1,681083,1,24,76,9
UK,28,681061,1,24,76,9
AU,6,680997,1,24,76,7
BE,7,681059,1,24,76,9
ASN,4,681132,1,24,76,11
ITE,24,680921,1,24,76,4
EZE,21,680959,1,24,76,5
ITE,25,680930,1,24,76,4
GME,23,680961,1,24,76,5
ASN,2,681159,1,24,76,12
ASN,2,681046,1,24,76,8
UK,28,681056,1,24,76,9
ASN,4,680919,1,24,76,4
CA,17,681045,1,24,76,8
CA,14,681018,1,24,76,7
ASN,2,680832,1,24,76,1
CA,17,681032,1,24,76,8
BE,7,681019,1,24,76,7
CA,14,681042,1,24,76,8
CA,14,681031,1,24,76,8
CA,17,681049,1,24,76,8
ASN,5,680898,1,24,76,3
CA,17,681013,1,24,76,7
CA,14,680986,1,24,76,6
CA,14,681071,1,24,76,9
GM,22,680946,1,24,76,5
UK,27,680982,1,24,76,6
ASN,5,681075,1,24,76,9
CA,17,680979,1,24,76,6
CA,14,681078,1,24,76,9
AU,6,680936,1,24,76,5
EIE,20,680974,1,24,76,6
USC,29,681082,1,24,76,9
ASN,2,681086,1,24,76,10
ITE,25,680935,1,24,76,5
EIE,20,680970,1,24,76,6
ITE,25,680968,1,24,76,6
USC,29,681093,1,24,76,10
ASN,4,681167,1,24,76,12
ITE,24,680943,1,24,76,5
USC,29,681096,1,24,76,10
BE,7,680954,1,24,76,5
EIE,20,680987,1,24,76,6
ITE,24,681068,1,24,76,9
CA,14,680983,1,24,76,6
ASN,5,680921,1,24,76,4
CA,14,681011,1,24,76,7
ITE,24,681055,1,24,76,8
AU,6,681007,1,24,76,7
CA,17,681004,1,24,76,7
CA,14,681004,1,24,76,7
ASN,2,681155,1,24,76,12
ASN,2,681156,1,24,76,12
BE,7,680940,1,24,76,5
ASN,5,680855,1,24,76,2
ASN,2,680919,1,24,76,4
ITE,24,680937,1,24,76,5
ASN,2,680920,1,24,76,4
USC,29,681064,1,24,76,9
CA,17,680993,1,24,76,6
EIE,20,680994,1,24,76,7
CA,17,681065,1,24,76,9
BE,7,681072,1,24,76,9
ASN,2,680898,1,24,76,3
GM,22,680965,1,24,76,6
ITE,24,680914,1,24,76,4
AU,6,680966,1,24,76,6
AGE,1,681088,1,24,76,10
AU,6,681045,1,24,76,8
AGE,1,681087,1,24,76,10
EZE,21,680936,1,24,76,5
ASN,4,681135,1,24,76,11
ASN,2,680897,1,24,76,3
ASN,4,681101,1,24,76,10
EZE,21,680941,1,25,76,5
ITE,24,680935,1,25,76,5
AU,6,680943,1,25,76,5
ITE,24,681078,1,25,76,9
ASN,2,680893,1,25,76,3
ASN,2,681171,1,25,76,12
AU,6,680928,1,25,76,4
ITE,25,680918,1,25,76,4
UK,28,680997,1,25,76,7
ASN,4,681146,1,25,76,11
ITE,24,680955,1,25,76,5
EZE,21,680987,1,25,76,6
ASN,2,681164,1,25,76,12
ASN,2,681162,1,25,76,12
ASN,2,681127,1,25,76,11
ASN,2,681143,1,25,76,11
ASN,2,680813,1,25,76,1
BE,7,680919,1,25,76,4
ASN,2,680838,1,25,76,1
UK,28,681081,1,25,76,9
ITE,25,680948,1,25,76,5
EZE,21,681022,1,25,76,7
EZE,21,681016,1,25,76,7
ITE,24,680976,1,25,77,6
AU,6,680965,1,25,77,6
AU,6,680994,1,25,77,7
ASN,4,680866,1,25,77,2
ASN,2,680922,1,25,77,4
ASN,2,680861,1,25,77,2
AU,6,681016,1,25,77,7
GM,22,681051,1,25,77,8
ITE,24,680931,1,25,77,4
GM,22,680936,1,25,77,5
BE,7,680992,1,25,77,6
GME,23,680938,1,25,77,5
ITE,24,680947,1,25,77,5
GME,23,681060,1,25,77,9
ITE,25,680967,1,25,77,6
ASN,4,680922,1,25,77,4
EZE,21,681007,1,25,77,7
ASN,2,680865,1,25,77,2
UK,28,681007,1,25,77,7
ITE,24,680930,1,25,77,4
UK,28,681068,1,25,77,9
ASN,4,680873,1,25,77,3
CA,17,680974,1,25,77,6
BE,7,680973,1,25,77,6
EIE,20,680976,1,25,77,6
AU,6,680973,1,25,77,6
AU,6,680967,1,25,77,6
EIE,20,680972,1,25,77,6
BE,7,680972,1,25,77,6
UK,27,680970,1,25,77,6
CA,14,681050,1,25,77,8
GM,22,680961,1,25,77,5
AGE,1,681067,1,25,77,9
CA,17,681067,1,25,77,9
ASN,2,681065,1,25,77,9
UK,27,680981,1,25,77,6
CA,14,680996,1,25,77,7
BE,7,680984,1,25,77,6
AU,6,681049,1,25,77,8
CA,17,681044,1,25,77,8
ASN,2,681137,1,25,77,11
CA,17,681038,1,25,77,8
CA,14,681033,1,25,77,8
CA,14,681024,1,25,77,7
CA,14,681056,1,25,77,9
AGE,1,681057,1,25,77,9
CA,14,681019,1,25,77,7
AGE,1,681059,1,25,77,9
CA,14,681015,1,25,77,7
CA,14,681013,1,25,77,7
GM,22,681060,1,25,77,9
AGE,1,681061,1,25,77,9
USC,29,681005,1,25,77,7
CA,17,681061,1,25,77,9
BE,7,681001,1,25,77,7
GME,23,680999,1,25,77,7
CA,17,680999,1,25,77,7
AGE,1,680999,1,25,77,7
CA,14,680997,1,25,77,7
AGE,1,680997,1,25,77,7
ITE,24,680942,1,25,77,5
CA,14,680993,1,25,77,6
AGE,1,680989,1,25,77,6
AGE,1,680982,1,25,77,6
AGE,1,681070,1,25,77,9
EIE,20,680998,1,25,77,7
ASN,4,681089,1,25,77,10
AGE,1,681076,1,25,77,9
ASN,2,681100,1,25,77,10
EZE,21,680937,1,25,77,5
ASN,2,680857,1,25,77,2
ASN,2,681089,1,25,77,10
AGE,1,681082,1,25,77,9
AGE,1,681077,1,25,77,9
ITE,24,680926,1,25,77,4
AGE,1,681085,1,25,77,9
ASN,2,680847,1,25,77,2
AGE,1,681089,1,25,77,10
ASN,2,680881,1,25,77,3
ASN,2,680907,1,25,77,4
ASN,4,681150,1,25,77,12
UK,28,681014,1,25,77,7
ASN,2,681066,1,25,77,9
UK,28,681058,1,25,77,9
AU,6,681034,1,25,77,8
GM,22,680942,1,25,77,5
GM,22,681023,1,25,77,7
ASN,4,681158,1,25,77,12
ITE,25,680939,1,25,77,5
ASN,2,681130,1,25,77,11
UK,28,680982,1,25,77,6
UK,28,680990,1,25,77,6
UK,28,680970,1,25,77,6
ITE,25,680943,1,25,77,5
EZE,21,681025,1,25,77,8
ASN,2,680899,1,25,77,3
ASN,2,681176,1,25,77,12
BE,7,681013,1,25,77,7
ASN,2,680872,1,25,77,3
ITE,25,681080,1,25,77,9
UK,28,680971,1,25,78,6
ITE,25,680920,1,25,78,4
BE,7,680953,1,25,78,5
BE,7,681061,1,25,78,9
BE,7,680961,1,25,78,5
GME,23,681007,1,25,78,7
GME,23,680936,1,25,78,5
GME,23,680947,1,25,78,5
AU,6,681026,1,25,78,8
AU,6,681027,1,25,78,8
ASN,2,680848,1,25,78,2
UK,28,681070,1,25,78,9
ASN,2,680858,1,25,78,2
BE,7,681020,1,25,78,7
ASN,2,680900,1,25,78,3
ITE,25,680976,1,25,78,6
AU,6,680941,1,25,78,5
EZE,21,680952,1,25,78,5
ITE,24,680929,1,25,78,4
GME,23,680941,1,25,78,5
BE,7,680959,1,25,78,5
ITE,25,680937,1,25,78,5
ITE,25,680926,1,25,78,4
ITE,25,680921,1,25,78,4
ITE,25,680942,1,25,78,5
GM,22,680952,1,26,78,5
ASN,4,680884,1,26,78,3
ASN,4,681170,1,26,78,12
AU,6,681004,1,26,78,7
AU,6,680948,1,26,78,5
ASN,2,681174,1,26,78,12
BE,7,681014,1,26,78,7
AGE,1,681020,1,26,78,7
BE,7,681011,1,26,78,7
AGE,1,681060,1,26,78,9
AGE,1,681068,1,26,78,9
AGE,1,681073,1,26,78,9
ASN,4,680927,1,26,78,4
AU,6,680952,1,26,78,5
AGE,1,680998,1,26,78,7
AGE,1,681069,1,26,78,9
AGE,1,681081,1,26,78,9
GM,22,680947,1,26,78,5
AGE,1,681075,1,26,78,9
AGE,1,681078,1,26,78,9
AGE,1,681071,1,26,78,9
ASN,2,680839,1,26,78,1
GME,23,680998,1,26,78,7
AU,6,680987,1,26,78,6
CA,17,681056,1,26,78,9
ASN,5,680815,1,26,78,1
USC,29,681091,1,26,78,10
AU,6,681046,1,26,78,8
CA,17,681016,1,26,78,7
USC,29,681094,1,26,78,10
CA,17,681033,1,26,78,8
CA,17,681070,1,26,78,9
CA,17,681030,1,26,78,8
CA,14,681020,1,26,78,7
CA,14,681021,1,26,78,7
ASN,5,680856,1,26,78,2
GME,23,681025,1,26,78,8
ASN,2,681146,1,26,78,11
ITE,24,681056,1,26,78,9
ASN,4,681172,1,26,78,12
USC,29,681065,1,26,78,9
CA,14,680978,1,26,78,6
EIE,20,680975,1,26,78,6
CA,14,680975,1,26,78,6
CA,17,680983,1,26,78,6
EIE,20,680989,1,26,78,6
ITE,25,680922,1,26,78,4
USC,29,681079,1,26,78,9
ASN,2,680886,1,26,78,3
ASN,5,680884,1,26,78,3
ASN,2,680869,1,26,78,2
ASN,2,681082,1,26,78,9
USC,29,681083,1,26,78,9
CA,17,681001,1,26,78,7
USC,29,681081,1,26,78,9
ITE,24,680959,1,26,78,5
CA,14,681061,1,26,78,9
EZE,21,681066,1,26,78,9
AU,6,680960,1,26,78,5
CA,14,680963,1,26,78,5
ITE,24,680957,1,26,78,5
ITE,25,680919,1,26,78,4
ITE,25,680949,1,26,78,5
UK,28,681008,1,26,78,7
AGE,1,681031,1,26,78,8
AGE,1,681040,1,26,78,8
ASN,2,680849,1,26,78,2
UK,28,681019,1,26,78,7
ASN,2,681085,1,26,78,9
ASN,2,680840,1,26,78,1
GM,22,681015,1,26,78,7
ASN,2,681149,1,26,78,12
ITE,25,681046,1,26,78,8
GME,23,681021,1,26,78,7
GME,23,680987,1,26,78,6
AU,6,680940,1,26,78,5
ITE,25,681018,1,26,78,7
AU,6,680946,1,26,78,5
UK,28,680952,1,26,78,5
ASN,2,680908,1,26,78,4
ASN,2,681118,1,26,78,11
ITE,25,681068,1,26,78,9
EZE,21,681063,1,26,78,9
GME,23,681016,1,26,79,7
ASN,2,681147,1,26,79,12
GM,22,680956,1,26,79,5
GME,23,681015,1,26,79,7
ITE,24,680928,1,26,79,4
ITE,25,681079,1,26,79,9
BE,7,681034,1,26,79,8
GM,22,681063,1,26,79,9
ASN,2,680819,1,26,79,1
AU,6,681061,1,26,79,9
ASN,2,680831,1,26,79,1
GM,22,681019,1,26,79,7
EZE,21,680942,1,26,79,5
AGE,1,681035,1,26,79,8
AGE,1,681021,1,26,79,7
AGE,1,681018,1,26,79,7
AGE,1,681056,1,26,79,9
AGE,1,681032,1,26,79,8
ITE,24,680936,1,26,79,5
AGE,1,680996,1,26,79,7
AGE,1,681041,1,26,79,8
AGE,1,680994,1,26,79,7
GM,22,680941,1,26,79,5
AGE,1,681000,1,26,79,7
AGE,1,681054,1,26,79,8
ITE,25,680923,1,26,79,4
ITE,24,680986,1,26,79,6
ITE,24,680981,1,26,79,6
AGE,1,681019,1,26,79,7
ITE,24,680958,1,26,79,5
GM,22,681016,1,26,79,7
AGE,1,681074,1,26,79,9
AGE,1,681029,1,26,79,8
ITE,24,680946,1,26,79,5
EZE,21,681061,1,26,79,9
CA,17,681066,1,26,79,9
EZE,21,680961,1,26,79,5
CA,14,680948,1,26,79,5
EZE,21,681062,1,26,79,9
ITE,25,680957,1,26,79,5
ITE,25,680950,1,26,79,5
BE,7,680997,1,26,79,7
UK,27,680984,1,26,79,6
AU,6,680953,1,26,79,5
ASN,2,680928,1,26,79,4
ITE,24,680927,1,26,79,4
ASN,4,681168,1,26,79,12
CA,14,680998,1,26,79,7
CA,14,680965,1,26,79,6
ASN,2,680884,1,26,79,3
ASN,2,680868,1,26,79,2
ASN,2,681102,1,26,79,10
CA,17,680963,1,26,79,5
USC,29,680978,1,26,79,6
ASN,2,680887,1,26,79,3
CA,17,680992,1,26,79,6
USC,29,681049,1,26,79,8
ITE,25,681028,1,26,79,8
ASN,4,680835,1,26,79,1
ITE,25,681078,1,26,79,9
ASN,2,680901,1,26,79,3
GME,23,681063,1,26,79,9
CA,17,680970,1,26,79,6
ASN,4,681159,1,26,79,12
UK,28,681018,1,26,79,7
UK,27,680983,1,26,79,6
ASN,4,681077,1,26,79,9
CA,17,681043,1,26,79,8
CA,14,681043,1,26,79,8
UK,28,681062,1,26,79,9
CA,14,681029,1,26,79,8
ASN,2,681076,1,26,79,9
EZE,21,681024,1,26,79,7
BE,7,681012,1,26,79,7
BE,7,681060,1,26,79,9
UK,28,681017,1,26,79,7
ITE,25,680993,1,26,79,6
ITE,25,680979,1,26,79,6
GM,22,680987,1,26,79,6
GME,23,681023,1,26,79,7
AGE,1,681034,1,26,79,8
ITE,25,681035,1,26,79,8
ITE,25,680980,1,26,79,6
ITE,25,680954,1,26,79,5
BE,7,680986,1,26,79,6
ITE,25,680929,1,26,79,4
GM,22,681036,1,26,79,8
ASN,2,681135,1,26,79,11
ASN,4,680905,1,26,79,4
ITE,25,680936,1,26,79,5
AU,6,680937,1,26,79,5
ASN,4,680832,1,26,79,1
ITE,24,681069,1,26,79,9
ASN,4,680916,1,26,79,4
UK,28,681016,1,26,79,7
AU,6,681062,1,26,79,9
ITE,24,681018,1,26,79,7
ASN,2,680894,1,26,79,3
ITE,24,681019,1,26,79,7
ASN,2,680821,1,26,80,1
ASN,2,680914,1,26,80,4
ASN,2,681177,1,26,80,12
EZE,21,680953,1,26,80,5
ASN,2,680903,1,26,80,4
GM,22,681064,1,26,80,9
ASN,2,681091,1,26,80,10
ASN,2,680875,1,26,80,3
GM,22,681065,1,26,80,9
ASN,4,680859,1,26,80,2
ITE,24,681032,1,26,80,8
AGE,1,681042,1,26,80,8
AGE,1,681028,1,26,80,8
AU,6,681054,1,26,80,8
AGE,1,681003,1,26,80,7
EZE,21,681035,1,26,80,8
ASN,4,681160,1,26,80,12
AGE,1,681036,1,26,80,8
AGE,1,680991,1,26,80,6
ASN,2,680843,1,27,80,1
BE,7,681051,1,27,80,8
BE,7,681063,1,27,80,9
ASN,4,680848,1,27,80,2
UK,28,680996,1,27,80,7
AU,6,680938,1,27,80,5
BE,7,680955,1,27,80,5
EZE,21,680998,1,27,80,7
ITE,25,681069,1,27,80,9
GM,22,680960,1,27,80,5
ASN,4,680883,1,27,80,3
GM,22,680998,1,27,80,7
GM,22,681062,1,27,80,9
ITE,25,680928,1,27,80,4
USC,29,681004,1,27,80,7
CA,17,680987,1,27,80,6
USC,29,681007,1,27,80,7
CA,17,681057,1,27,80,9
AGE,1,681017,1,27,80,7
ASN,4,681143,1,27,80,11
CA,14,681062,1,27,80,9
ASN,2,681059,1,27,80,9
CA,14,680992,1,27,80,6
USC,29,681010,1,27,80,7
CA,14,681066,1,27,80,9
EIE,20,680985,1,27,80,6
CA,14,681039,1,27,80,8
ITE,25,680955,1,27,80,5
USC,29,681041,1,27,80,8
CA,14,680964,1,27,80,6
CA,14,681067,1,27,80,9
ASN,5,680899,1,27,80,3
USC,29,681084,1,27,80,9
EIE,20,680979,1,27,80,6
ASN,2,680909,1,27,80,4
ITE,25,681029,1,27,80,8
ASN,5,680816,1,27,80,1
CA,17,680981,1,27,80,6
CA,17,681029,1,27,80,8
CA,14,681038,1,27,80,8
ASN,2,680866,1,27,80,2
CA,17,681050,1,27,80,8
EZE,21,680993,1,27,80,6
ITE,24,681077,1,27,80,9
BE,7,681007,1,27,80,7
GME,23,681062,1,27,80,9
GME,23,681020,1,27,80,7
ITE,25,680941,1,27,80,5
GM,22,681017,1,27,80,7
GM,22,680953,1,27,80,5
ASN,2,680820,1,27,80,1
ITE,24,680941,1,27,80,5
GM,22,681053,1,27,80,8
GME,23,681002,1,27,80,7
ASN,2,680885,1,27,80,3
UK,28,681069,1,27,80,9
GM,22,680955,1,27,80,5
ITE,25,681056,1,27,80,9
ITE,24,681028,1,27,80,8
ITE,24,680994,1,27,80,7
AGE,1,681007,1,27,81,7
AGE,1,681014,1,27,81,7
GM,22,680937,1,27,81,5
AGE,1,681080,1,27,81,9
AGE,1,680990,1,27,81,6
AGE,1,681038,1,27,81,8
AGE,1,681050,1,27,81,8
GM,22,681061,1,27,81,9
AGE,1,681063,1,27,81,9
AGE,1,681001,1,27,81,7
GME,23,681065,1,27,81,9
GM,22,681018,1,27,81,7
ITE,25,680975,1,27,81,6
ITE,25,680982,1,27,81,6
GME,23,680960,1,27,81,5
GM,22,681035,1,27,81,8
GM,22,681020,1,27,81,7
ITE,25,680994,1,27,81,7
ITE,24,680969,1,27,81,6
GME,23,680953,1,27,81,5
CA,17,681068,1,27,81,9
CA,14,680949,1,27,81,5
CA,17,680982,1,27,81,6
ASN,2,680814,1,27,81,1
ASN,5,681117,1,27,81,11
CA,14,681000,1,27,81,7
CA,17,681062,1,27,81,9
USC,29,680989,1,27,81,6
EIE,20,680977,1,27,81,6
ITE,25,680992,1,27,81,6
EZE,21,681064,1,27,81,9
USC,29,681076,1,27,81,9
ASN,2,680841,1,27,81,1
CA,14,681060,1,27,81,9
CA,17,680997,1,27,81,7
CA,17,681018,1,27,81,7
CA,17,681026,1,27,81,8
CA,17,681034,1,27,81,8
ITE,25,681038,1,27,81,8
AGE,1,681022,1,27,81,7
BE,7,680998,1,27,81,7
ASN,2,681132,1,27,81,11
EZE,21,681023,1,27,81,7
GM,22,681007,1,27,81,7
AU,6,681063,1,27,81,9
ITE,25,681075,1,27,81,9
ITE,25,681072,1,27,81,9
ITE,25,681040,1,27,81,8
ITE,25,680927,1,27,81,4
GME,23,680937,1,27,81,5
ITE,25,681039,1,27,81,8
ITE,25,681042,1,27,81,8
GME,23,681061,1,27,81,9
ASN,2,680833,1,27,81,1
ITE,25,680940,1,28,82,5
ITE,24,680949,1,28,82,5
ITE,25,680958,1,28,82,5
AGE,1,681053,1,28,82,8
BE,7,681062,1,28,82,9
ITE,24,681074,1,28,82,9
GME,23,681035,1,28,82,8
ASN,2,681056,1,28,82,9
ITE,24,681029,1,28,82,8
ITE,24,680977,1,28,82,6
ITE,25,680974,1,28,82,6
AU,6,681052,1,28,82,8
ITE,25,681077,1,28,82,9
ITE,24,680991,1,28,82,6
EZE,21,680960,1,28,82,5
GM,22,680999,1,28,82,7
ASN,2,680870,1,28,82,2
AU,6,681040,1,28,82,8
ITE,25,680986,1,28,82,6
ITE,25,681030,1,28,82,8
ITE,25,681076,1,28,82,9
ITE,25,681044,1,28,82,8
ASN,4,680901,1,28,82,3
USC,29,680979,1,28,82,6
CA,14,680979,1,28,82,6
USC,29,681042,1,28,82,8
ITE,24,680978,1,28,82,6
USC,29,681008,1,28,82,7
USC,29,680977,1,28,82,6
USC,29,681072,1,28,82,9
USC,29,681034,1,28,82,8
ITE,25,680989,1,28,82,6
CA,14,681057,1,28,82,9
USC,29,681063,1,28,82,9
CA,14,681025,1,28,82,8
ITE,25,681006,1,28,82,7
CA,17,681020,1,28,82,7
AU,6,680963,1,28,82,5
ITE,25,681070,1,28,82,9
USC,29,681003,1,28,82,7
CA,14,681069,1,28,82,9
GME,23,681064,1,28,82,9
EZE,21,681065,1,28,82,9
CA,17,681000,1,28,82,7
ITE,24,680988,1,28,82,6
GM,22,680954,1,28,82,5
ASN,2,680913,1,28,82,4
CA,17,681072,1,28,82,9
USC,29,680975,1,28,82,6
EZE,21,680947,1,28,82,5
USC,29,681080,1,28,82,9
USC,29,681052,1,28,82,8
BE,7,681052,1,28,82,8
CA,17,681019,1,28,82,7
ASN,2,680888,1,28,82,3
EZE,21,681015,1,28,82,7
ASN,5,680858,1,28,82,2
CA,17,681011,1,28,82,7
USC,29,681085,1,28,82,9
USC,29,681086,1,28,82,10
AU,6,681022,1,28,82,7
EZE,21,681002,1,28,82,7
ASN,4,681091,1,28,82,10
ITE,24,681075,1,28,82,9
ITE,25,681047,1,28,82,8
ITE,25,680969,1,28,82,6
AGE,1,681006,1,28,82,7
EZE,21,680954,1,28,82,5
AGE,1,681062,1,28,82,9
AGE,1,680993,1,28,82,6
AGE,1,681066,1,28,82,9
AGE,1,681094,1,28,82,10
AU,6,680998,1,28,82,7
ASN,2,681139,1,28,82,11
AU,6,680954,1,28,82,5
ASN,2,681175,1,28,82,12
AU,6,680942,1,28,82,5
ITE,25,681071,1,28,82,9
AGE,1,681064,1,28,82,9
UK,28,680984,1,28,82,6
AGE,1,681055,1,28,82,8
UK,28,680985,1,28,82,6
ITE,25,680977,1,28,82,6
ITE,24,681045,1,28,83,8
ITE,25,680995,1,28,83,7
GM,22,681002,1,28,83,7
ITE,25,681005,1,28,83,7
ITE,25,681074,1,28,83,9
ASN,4,680820,1,28,83,1
ITE,24,680972,1,28,83,6
ITE,24,680982,1,28,83,6
ITE,24,681076,1,28,83,9
ITE,25,681036,1,28,83,8
ITE,25,681032,1,28,83,8
ASN,2,681057,1,28,83,9
USC,29,681095,1,28,83,10
GME,23,681036,1,28,83,8
CA,17,680980,1,28,83,6
EIE,20,680984,1,28,83,6
ASN,5,681127,1,28,83,11
EIE,20,680978,1,28,83,6
CA,17,680975,1,28,83,6
CA,14,681027,1,28,83,8
CA,17,681021,1,28,83,7
CA,14,680966,1,28,83,6
CA,14,680969,1,28,83,6
CA,17,681058,1,28,83,9
ASN,4,681120,1,28,83,11
ASN,2,681128,1,28,83,11
AU,6,681064,1,28,83,9
ITE,25,680972,1,28,83,6
CA,14,680970,1,28,83,6
ITE,25,681019,1,28,83,7
GME,23,681017,1,28,83,7
ITE,25,681073,1,28,83,9
ASN,5,681138,1,28,83,11
ITE,25,680981,1,28,83,6
ASN,2,680876,1,28,83,3
ITE,25,681034,1,28,83,8
ITE,24,681072,1,28,83,9
ITE,24,680954,1,28,83,5
ITE,24,680975,1,28,83,6
GME,23,680955,1,28,83,5
ITE,25,681031,1,28,83,8
ITE,25,681017,1,28,83,7
GM,22,680962,1,28,83,5
GME,23,681052,1,28,83,8
GM,22,681052,1,28,83,8
ITE,24,680974,1,28,83,6
AU,6,681035,1,28,83,8
ASN,2,681165,1,28,83,12
ITE,24,681044,1,28,83,8
ITE,25,681027,1,28,83,8
ITE,24,681071,1,28,83,9
ITE,24,681039,1,28,83,8
AU,6,680947,1,28,83,5
ASN,2,681169,1,28,83,12
ITE,25,681062,1,29,83,9
GM,22,681008,1,29,83,7
ITE,25,680978,1,29,83,6
BE,7,681010,1,29,83,7
ITE,25,680987,1,29,83,6
EZE,21,680999,1,29,83,7
ITE,25,681045,1,29,84,8
UK,28,680983,1,29,84,6
ITE,25,680959,1,29,84,5
AU,6,681066,1,29,84,9
ITE,25,681041,1,29,84,8
ITE,24,680995,1,29,84,7
ASN,4,680839,1,29,84,1
AU,6,681008,1,29,84,7
AGE,1,681027,1,29,84,8
GME,23,680956,1,29,84,5
GME,23,681019,1,29,84,7
USC,29,681012,1,29,84,7
USC,29,681011,1,29,84,7
USC,29,681053,1,29,84,8
AU,6,680993,1,29,84,6
USC,29,681025,1,29,84,8
CA,14,681054,1,29,84,8
ASN,2,681090,1,29,84,10
ASN,5,680857,1,29,84,2
ITE,25,680970,1,29,84,6
USC,29,680990,1,29,84,6
USC,29,681046,1,29,84,8
USC,29,681032,1,29,84,8
USC,29,681057,1,29,84,9
EZE,21,681008,1,29,84,7
CA,14,680968,1,29,84,6
USC,29,681038,1,29,84,8
USC,29,681036,1,29,84,8
EZE,21,681036,1,29,84,8
ITE,25,681049,1,29,84,8
CA,14,681059,1,29,84,9
ASN,5,681116,1,29,84,10
EIE,20,680981,1,29,84,6
ITE,24,681057,1,29,84,9
AGE,1,681013,1,29,84,7
AGE,1,681026,1,29,84,8
GM,22,681037,1,29,84,8
AGE,1,681052,1,29,84,8
AGE,1,681015,1,29,84,7
ITE,24,681073,1,29,84,9
AGE,1,681010,1,29,84,7
AGE,1,681004,1,29,84,7
AU,6,681038,1,29,84,8
EZE,21,680955,1,29,84,5
ITE,24,681070,1,29,84,9
AGE,1,681045,1,29,84,8
ITE,24,680992,1,29,84,6
EZE,21,681017,1,29,84,7
ITE,24,681035,1,29,84,8
ASN,2,681058,1,29,84,9
AU,6,681065,1,29,84,9
GME,23,681018,1,29,84,7
ASN,2,681168,1,29,84,12
GME,23,681001,1,29,84,7
AU,6,680961,1,29,84,5
AU,6,681017,1,29,84,7
ITE,24,680970,1,29,84,6
ASN,2,681095,1,29,85,10
GME,23,681037,1,29,85,8
AU,6,681019,1,29,85,7
GME,23,680962,1,29,85,5
EZE,21,681019,1,29,85,7
GME,23,680954,1,29,85,5
ASN,4,680910,1,29,85,4
USC,29,681017,1,29,85,7
EIE,20,680980,1,29,85,6
CA,17,681059,1,29,85,9
CA,17,680988,1,29,85,6
ASN,4,681123,1,29,85,11
USC,29,680973,1,29,85,6
USC,29,680999,1,29,85,7
CA,14,681068,1,29,85,9
USC,29,681071,1,29,85,9
USC,29,681006,1,29,85,7
ITE,24,681005,1,29,85,7
ASN,4,681110,1,29,85,10
ITE,24,681022,1,29,85,7
AU,6,681024,1,29,85,7
USC,29,681050,1,29,85,8
ITE,24,680993,1,29,85,6
AU,6,681036,1,30,85,8
GM,22,681011,1,30,85,7
EZE,21,681018,1,30,85,7
AU,6,681003,1,30,85,7
AGE,1,681033,1,30,85,8
AGE,1,681047,1,30,85,8
AGE,1,681024,1,30,85,7
ITE,25,681064,1,30,85,9
ITE,25,681058,1,30,85,9
EZE,21,681020,1,30,85,7
ITE,25,681059,1,30,85,9
AU,6,680955,1,30,85,5
ITE,24,681060,1,30,85,9
EZE,21,680962,1,30,85,5
EZE,21,681021,1,30,85,7
ITE,25,681037,1,30,85,8
ASN,2,680834,1,30,85,1
ITE,24,681046,1,30,86,8
EZE,21,681052,1,30,86,8
ITE,24,681043,1,30,86,8
ASN,2,680917,1,30,86,4
ITE,25,681033,1,30,86,8
ITE,24,681040,1,30,86,8
ITE,24,681030,1,30,86,8
GME,23,681008,1,30,86,7
ITE,24,680985,1,30,86,6
GME,23,681011,1,30,86,7
ITE,24,681020,1,30,86,7
ITE,24,681062,1,30,86,9
ITE,24,680989,1,30,86,6
ITE,25,681063,1,30,86,9
ITE,25,681043,1,30,86,8
ASN,4,681125,1,30,86,11
BE,7,680999,1,30,86,7
ASN,4,680921,1,30,86,4
CA,17,681060,1,30,86,9
USC,29,681066,1,30,86,9
CA,14,680987,1,30,86,6
ASN,4,681111,1,30,86,10
ITE,24,681042,1,30,86,8
ITE,24,681036,1,30,86,8
ASN,4,680865,1,30,86,2
USC,29,680991,1,30,86,6
USC,29,681043,1,30,86,8
USC,29,681077,1,30,86,9
ITE,24,680996,1,30,86,7
AGE,1,681005,1,30,86,7
AU,6,680999,1,30,86,7
CA,14,680989,1,30,86,6
AGE,1,681048,1,30,86,8
CA,14,680980,1,30,86,6
EIE,20,680983,1,30,86,6
ITE,24,681038,1,30,86,8
USC,29,681058,1,30,86,9
USC,29,680983,1,30,86,6
CA,17,681039,1,30,86,8
ITE,24,681006,1,30,86,7
EIE,20,680982,1,30,86,6
ASN,4,681126,1,30,86,11
ASN,2,680874,1,30,86,3
ITE,25,681015,1,30,86,7
ASN,2,680867,1,30,86,2
EZE,21,680956,1,30,86,5
ASN,2,680895,1,30,86,3
AU,6,681009,1,30,87,7
GME,23,681010,1,30,87,7
ITE,25,680971,1,30,87,6
ITE,25,680996,1,30,87,7
ASN,4,680897,1,30,87,3
ITE,24,681041,1,30,87,8
EZE,21,681037,1,30,87,8
ASN,4,680898,1,30,87,3
ITE,24,681063,1,30,87,9
ITE,24,681027,1,30,87,8
ITE,24,681049,1,30,87,8
ITE,25,680973,1,30,87,6
ITE,25,681060,1,30,87,9
ASN,4,680881,1,30,87,3
ITE,24,681015,1,30,87,7
ITE,25,681007,1,30,87,7
ITE,25,680991,1,30,87,6
AU,6,681020,1,30,87,7
AU,6,680962,1,31,87,5
USC,29,680996,1,31,87,7
USC,29,680994,1,31,87,7
ITE,25,681024,1,31,87,7
USC,29,681068,1,31,87,9
USC,29,681060,1,31,87,9
ASN,2,681148,1,31,87,12
USC,29,681055,1,31,87,8
CA,14,680999,1,31,87,7
ITE,24,680987,1,31,87,6
USC,29,681054,1,31,87,8
CA,14,681026,1,31,87,8
USC,29,681067,1,31,87,9
USC,29,680976,1,31,87,6
ITE,24,681051,1,31,87,8
CA,14,680982,1,31,87,6
ITE,25,681061,1,31,87,9
ITE,25,681004,1,31,87,7
ITE,25,681057,1,31,87,9
ITE,25,680966,1,31,87,6
GME,23,681012,1,31,87,7
ITE,24,681061,1,31,88,9
ITE,24,681064,1,31,88,9
ITE,25,680960,1,31,88,5
AU,6,681053,1,31,88,8
BE,7,681009,1,31,88,7
GM,22,681001,1,31,88,7
ITE,24,680966,1,31,88,6
ITE,24,681021,1,31,88,7
ITE,24,681065,1,31,88,9
AGE,1,680992,1,31,88,6
AGE,1,681008,1,31,88,7
AU,6,681021,1,31,88,7
AU,6,681018,1,31,88,7
ITE,25,680983,1,31,88,6
AU,6,681023,1,31,88,7
AGE,1,681012,1,31,88,7
USC,29,680986,1,31,88,6
CA,17,681055,1,31,88,8
USC,29,681035,1,31,88,8
ASN,4,680906,1,31,88,4
CA,14,681055,1,31,88,8
USC,29,681031,1,31,88,8
ASN,5,681174,1,31,88,12
USC,29,680987,1,31,88,6
USC,29,681033,1,31,88,8
USC,29,681015,1,31,88,7
CA,17,681027,1,31,88,8
USC,29,681024,1,31,88,7
ASN,4,681151,1,31,88,12
USC,29,681069,1,31,88,9
ITE,25,681048,1,31,88,8
ASN,2,680871,1,31,88,2
USC,29,680984,1,31,88,6
AU,6,681002,1,31,88,7
USC,29,681039,1,31,88,8
EZE,21,681009,1,31,88,7
ASN,4,680845,1,31,88,2
ITE,25,681054,1,31,88,8
ASN,4,680900,1,31,88,3
EZE,21,681010,1,31,88,7
ASN,2,681094,1,31,88,10
ITE,25,680984,1,31,88,6
ITE,25,681026,1,31,88,8
ITE,25,680985,1,31,88,6
ITE,24,680973,1,31,88,6
ITE,24,681023,1,31,88,7
ITE,24,681033,1,31,88,8
ITE,25,680988,1,31,88,6
ITE,25,680964,1,31,88,6
AU,6,680956,1,31,88,5
ITE,25,680962,1,31,88,5
ITE,25,680961,1,31,88,5
ITE,24,681054,1,31,88,8
ITE,24,680960,1,31,88,5
ITE,24,680997,1,31,88,7
GME,23,681009,1,31,89,7
ITE,24,681059,1,32,89,9
ITE,24,681024,1,32,89,7
ITE,24,681066,1,32,89,9
AU,6,681010,1,32,89,7
BE,7,681008,1,32,89,7
ITE,25,681021,1,32,89,7
GM,22,681009,1,32,89,7
ITE,24,680983,1,32,89,6
AU,6,681025,1,32,89,8
AU,6,681037,1,32,89,8
ITE,25,680997,1,32,89,7
GM,22,681012,1,32,89,7
ITE,25,681050,1,32,89,8
ITE,25,681022,1,32,89,7
USC,29,681059,1,32,89,9
USC,29,680997,1,32,89,7
ASN,2,681166,1,32,89,12
ASN,4,680833,1,32,89,1
ASN,4,680857,1,32,89,2
USC,29,681019,1,32,89,7
USC,29,680980,1,32,89,6
USC,29,680992,1,32,89,6
USC,29,680982,1,32,89,6
ITE,25,680963,1,32,89,5
USC,29,680985,1,32,89,6
AGE,1,681049,1,32,89,8
ITE,25,681020,1,32,89,7
ITE,25,681066,1,32,89,9
ITE,25,680990,1,32,89,6
GM,22,681010,1,32,89,7
ITE,25,681016,1,32,89,7
ITE,25,681051,1,32,89,8
ASN,2,681161,1,32,89,12
AGE,1,681046,1,32,90,8
AU,6,681015,1,32,90,7
GM,22,681000,1,32,90,7
AGE,1,681025,1,32,90,8
ITE,24,680984,1,32,90,6
EZE,21,681053,1,32,90,8
ITE,24,680971,1,32,90,6
ITE,24,681034,1,32,90,8
ITE,24,681048,1,32,90,8
ITE,24,681025,1,32,90,8
ITE,25,681052,1,32,90,8
USC,29,681020,1,32,90,7
USC,29,681026,1,32,90,8
USC,29,681029,1,32,90,8
CA,17,680967,1,32,90,6
USC,29,681062,1,32,90,9
ITE,25,681025,1,32,90,8
USC,29,681040,1,32,90,8
ITE,25,680965,1,32,90,6
USC,29,680998,1,32,90,7
ASN,5,680908,1,32,90,4
USC,29,681070,1,32,90,9
USC,29,681056,1,32,90,9
ASN,2,681092,1,32,90,10
ITE,24,681067,1,32,90,9
GM,22,681014,1,32,90,7
GME,23,681013,1,32,90,7
ITE,24,681017,1,32,90,7
ASN,2,680859,1,32,90,2
ITE,25,680998,1,32,90,7
GME,23,681000,1,32,90,7
ITE,24,681007,1,32,90,7
ITE,24,681050,1,32,90,8
ITE,25,681023,1,33,91,7
ITE,25,681065,1,33,91,9
ITE,25,681067,1,33,91,9
EZE,21,681011,1,33,91,7
ASN,4,680907,1,33,91,4
ASN,4,681116,1,33,91,10
ITE,25,681014,1,33,91,7
ITE,24,681037,1,33,91,8
CA,17,681069,1,33,91,9
AU,6,681013,1,33,91,7
GM,22,681013,1,33,91,7
AGE,1,681011,1,33,92,7
ITE,25,681008,1,33,92,7
ITE,24,680962,1,33,92,5
ITE,24,680990,1,33,92,6
ITE,25,681003,1,33,92,7
EZE,21,681000,1,33,92,7
ITE,24,680965,1,33,92,6
EZE,21,681001,1,33,92,7
ITE,25,681053,1,33,92,8
ITE,24,680961,1,33,92,5
USC,29,681061,1,33,92,9
USC,29,681013,1,33,92,7
ASN,4,680856,1,33,92,2
ASN,4,680849,1,33,92,2
USC,29,681014,1,33,92,7
ASN,2,680829,1,33,92,1
USC,29,681001,1,33,92,7
USC,29,681018,1,33,92,7
USC,29,681045,1,33,92,8
EZE,21,681014,1,33,92,7
ITE,24,681026,1,33,92,8
AU,6,681014,1,34,92,7
ITE,24,681004,1,34,92,7
ITE,24,681052,1,34,92,8
AU,6,681000,1,34,92,7
ITE,24,681047,1,34,92,8
ITE,24,681008,1,34,92,7
EZE,21,681012,1,34,93,7
ITE,24,680964,1,34,93,6
ITE,25,680999,1,34,93,7
ITE,24,680998,1,34,93,7
ITE,24,681011,1,34,93,7
ITE,24,681016,1,34,93,7
ASN,4,681137,1,34,93,11
ASN,2,680817,1,34,93,1
USC,29,681027,1,34,93,8
ASN,4,681154,1,34,93,12
ASN,4,680909,1,34,93,4
ITE,24,681058,1,34,93,9
GME,23,681014,1,34,93,7
ITE,25,681002,1,34,93,7
AU,6,681011,1,34,93,7
ITE,25,681009,1,34,93,7
ITE,24,681053,1,34,94,8
ASN,4,680858,1,34,94,2
ASN,4,680908,1,34,94,4
USC,29,680971,1,34,94,6
AU,6,681012,1,34,94,7
ASN,4,681144,1,34,94,11
ASN,2,681138,1,34,94,11
ASN,5,681173,1,34,94,12
ASN,4,680899,1,34,94,3
ASN,4,680855,1,34,94,2
ITE,25,681001,1,34,94,7
AU,6,681001,1,35,94,7
ITE,24,681000,1,35,94,7
ITE,24,680963,1,35,94,5
ASN,2,681136,1,35,94,11
ITE,25,681010,1,35,94,7
ITE,24,681003,1,35,95,7
ITE,24,681010,1,35,95,7
ITE,24,681001,1,35,95,7
ITE,25,681011,1,35,95,7
ITE,24,680999,1,35,95,7
ASN,4,680816,1,35,95,1
ITE,25,681012,1,35,95,7
USC,29,681022,1,35,95,7
ASN,2,681112,1,35,95,10
USC,29,680972,1,35,95,6
USC,29,680993,1,35,95,6
ITE,25,681000,1,35,95,7
EZE,21,681013,1,35,95,7
ITE,24,681014,1,35,96,7
ASN,4,681145,1,36,96,11
USC,29,680981,1,36,96,6
USC,29,681028,1,36,96,8
USC,29,681000,1,36,96,7
ASN,4,680875,1,36,96,3
ITE,25,681013,1,36,97,7
ASN,2,681160,1,36,97,12
ASN,2,680846,1,36,97,2
ASN,2,681117,1,36,97,11
ITE,24,681013,1,37,98,7
ASN,2,680850,1,37,98,2
ASN,4,681127,1,37,99,11
ITE,24,681012,1,38,100,7
ITE,24,681002,1,38,100,7
ITE,24,681009,1,38,100,7
ASN,4,681173,1,39,102,12
ASN,2,681167,1,39,102,12
ASN,4,680870,1,40,103,2
SZ,26,680503,1,-34,-29,2
SZ,26,680485,1,-17,1,2
CA,17,680494,1,-17,2,2
SZ,26,680449,1,-16,2,1
CA,17,680448,1,-16,3,1
SZ,26,680487,1,-16,3,2
EZE,21,680460,1,-15,5,1
SZ,26,680486,1,-15,5,2
SZ,26,680496,1,-15,6,2
SZ,26,680482,1,-14,6,2
SZ,26,680497,1,-14,6,2
EZE,21,680462,1,-14,6,1
CA,17,680495,1,-14,7,2
EZE,21,680459,1,-14,7,1
SZ,26,680484,1,-14,7,2
SZ,26,680495,1,-13,8,2
GM,22,680451,1,-12,10,1
EZE,21,680463,1,-12,10,1
EZE,21,680465,1,-12,10,1
GM,22,680450,1,-12,10,1
SZ,26,680804,1,-12,11,12
CA,17,680803,1,-12,11,12
SZ,26,680464,1,-12,11,1
SZ,26,680488,1,-12,11,2
GME,23,680450,1,-12,11,1
SZ,26,680536,1,-11,12,3
EZE,21,680807,1,-11,12,12
SZ,26,680451,1,-11,12,1
EZE,21,680805,1,-11,12,12
SZ,26,680448,1,-11,13,1
GME,23,680462,1,-11,13,1
CA,17,680449,1,-11,13,1
EZE,21,680451,1,-10,13,1
SZ,26,680450,1,-10,13,1
GME,23,680460,1,-10,13,1
EZE,21,680453,1,-10,13,1
AU,6,680463,1,-10,13,1
SZ,26,680807,1,-10,13,12
GM,22,680452,1,-10,13,1
GM,22,680808,1,-10,14,12
CA,17,680454,1,-10,14,1
SZ,26,680783,1,-10,14,12
GM,22,680461,1,-10,14,1
SZ,26,680778,1,-10,14,11
EZE,21,680448,1,-10,14,1
EZE,21,680461,1,-10,15,1
SZ,26,680803,1,-10,15,12
SZ,26,680454,1,-10,15,1
GME,23,680451,1,-10,15,1
GM,22,680457,1,-10,15,1
GM,22,680460,1,-9,15,1
CA,17,680455,1,-9,15,1
SZ,26,680455,1,-9,15,1
GME,23,680456,1,-9,15,1
CA,17,680793,1,-9,15,12
GME,23,680804,1,-9,15,12
AU,6,680805,1,-9,15,12
GME,23,680458,1,-9,15,1
SZ,26,680806,1,-9,15,12
SZ,26,680475,1,-9,15,1
EZE,21,680450,1,-9,15,1
EZE,21,680447,1,-9,15,1
EZE,21,680452,1,-9,16,1
EZE,21,680449,1,-9,16,1
AU,6,680462,1,-9,16,1
EZE,21,680804,1,-9,16,12
SZ,26,680802,1,-9,16,12
SZ,26,680805,1,-9,16,12
SZ,26,680483,1,-9,16,2
CA,17,680452,1,-9,16,1
CA,17,680487,1,-9,16,2
CA,17,680450,1,-9,16,1
GM,22,680807,1,-9,16,12
EZE,21,680806,1,-9,16,12
SZ,26,680776,1,-9,16,11
AU,6,680806,1,-9,16,12
EZE,21,680457,1,-9,16,1
GM,22,680462,1,-9,17,1
AU,6,680459,1,-9,17,1
GM,22,680459,1,-9,17,1
AU,6,680460,1,-8,17,1
SZ,26,680453,1,-8,17,1
AU,6,680455,1,-8,17,1
GME,23,680463,1,-8,17,1
AU,6,680464,1,-8,17,1
EZE,21,680458,1,-8,17,1
AU,6,680465,1,-8,17,1
GM,22,680804,1,-8,17,12
EZE,21,680454,1,-8,17,1
CA,17,680789,1,-8,17,12
GM,22,680458,1,-8,17,1
GM,22,680453,1,-8,17,1
CA,17,680453,1,-8,17,1
GME,23,680457,1,-8,17,1
SZ,26,680476,1,-8,17,1
AU,6,680458,1,-8,17,1
SZ,26,680447,1,-8,17,1
SZ,26,680499,1,-8,17,2
GME,23,680447,1,-8,17,1
SZ,26,680535,1,-8,18,3
GME,23,680464,1,-8,18,1
SZ,26,680537,1,-8,18,3
EZE,21,680456,1,-8,18,1
SZ,26,680798,1,-8,18,12
GME,23,680797,1,-8,18,12
GME,23,680459,1,-8,18,1
CA,17,680528,1,-8,18,3
SZ,26,680784,1,-8,18,12
GME,23,680808,1,-8,18,12
SZ,26,680757,1,-8,18,11
SZ,26,680461,1,-8,18,1
GME,23,680452,1,-8,18,1
SZ,26,680452,1,-8,18,1
AU,6,680804,1,-8,18,12
AU,6,680449,1,-8,18,1
SZ,26,680498,1,-8,18,2
GME,23,680807,1,-8,18,12
ITE,25,680459,1,-8,18,1
SZ,26,680790,1,-8,18,12
SZ,26,680465,1,-7,19,1
GM,22,680805,1,-7,19,12
EZE,21,680811,1,-7,19,12
SZ,26,680456,1,-7,19,1
GM,22,680806,1,-7,19,12
CA,17,680456,1,-7,19,1
CA,17,680486,1,-7,19,2
CA,17,680526,1,-7,19,3
CA,17,680527,1,-7,19,3
GME,23,680448,1,-7,19,1
GME,23,680449,1,-7,19,1
SZ,26,680545,1,-7,19,4
SZ,26,680539,1,-7,19,4
AU,6,680448,1,-7,19,1
GM,22,680797,1,-7,20,12
EZE,21,680464,1,-7,20,1
GM,22,680447,1,-7,20,1
EZE,21,680812,1,-7,20,12
CA,17,680451,1,-7,20,1
GM,22,680449,1,-7,20,1
ITE,25,680460,1,-7,20,1
GME,23,680806,1,-7,20,12
GME,23,680805,1,-7,20,12
GM,22,680455,1,-7,20,1
AU,6,680456,1,-7,20,1
AU,6,680451,1,-6,20,1
EZE,21,680455,1,-6,20,1
AU,6,680450,1,-6,20,1
GME,23,680453,1,-6,20,1
GM,22,680456,1,-6,20,1
EZE,21,680797,1,-6,20,12
SZ,26,680775,1,-6,20,11
GME,23,680455,1,-6,21,1
SZ,26,680517,1,-6,21,3
GM,22,680448,1,-6,21,1
BE,7,680804,1,-6,21,12
GM,22,680463,1,-6,21,1
SZ,26,680763,1,-6,21,11
ITE,24,680463,1,-6,21,1
SZ,26,680463,1,-6,21,1
SZ,26,680812,1,-6,21,12
SZ,26,680534,1,-6,21,3
SZ,26,680799,1,-6,21,12
CA,17,680804,1,-6,21,12
BE,7,680450,1,-6,21,1
EZE,21,680808,1,-6,21,12
EZE,21,680466,1,-6,21,1
CA,17,680812,1,-6,21,12
SZ,26,680758,1,-6,21,11
SZ,26,680505,1,-6,21,2
SZ,26,680540,1,-6,22,4
SZ,26,680772,1,-6,22,11
SZ,26,680791,1,-6,22,12
SZ,26,680508,1,-6,22,3
SZ,26,680781,1,-6,22,11
SZ,26,680457,1,-6,22,1
EZE,21,680488,1,-6,22,2
CA,17,680493,1,-6,22,2
CA,17,680525,1,-6,22,3
SZ,26,680479,1,-6,22,2
SZ,26,680795,1,-6,22,12
SZ,26,680478,1,-6,22,2
CA,17,680457,1,-6,22,1
CA,17,680496,1,-6,22,2
GME,23,680461,1,-6,22,1
BE,7,680797,1,-6,22,12
AU,6,680467,1,-6,22,1
GME,23,680488,1,-5,22,2
SZ,26,680792,1,-5,22,12
SZ,26,680462,1,-5,22,1
GM,22,680464,1,-5,22,1
SZ,26,680762,1,-5,22,11
SZ,26,680460,1,-5,22,1
SZ,26,680800,1,-5,23,12
SZ,26,680543,1,-5,23,4
SZ,26,680801,1,-5,23,12
BE,7,680805,1,-5,23,12
SZ,26,680789,1,-5,23,12
BE,7,680806,1,-5,23,12
SZ,26,680525,1,-5,23,3
SZ,26,680777,1,-5,23,11
BE,7,680807,1,-5,23,12
SZ,26,680504,1,-5,23,2
SZ,26,680797,1,-5,23,12
SZ,26,680546,1,-5,23,4
ITE,24,680464,1,-5,23,1
SZ,26,680480,1,-5,23,2
ITE,24,680460,1,-5,23,1
AU,6,680807,1,-5,23,12
AU,6,680447,1,-5,23,1
EZE,21,680798,1,-5,23,12
AU,6,680461,1,-5,23,1
ITE,25,680463,1,-5,23,1
SZ,26,680764,1,-5,23,11
SZ,26,680735,1,-5,23,10
SZ,26,680796,1,-5,23,12
ITE,25,680464,1,-5,23,1
SZ,26,680533,1,-5,23,3
SZ,26,680481,1,-5,23,2
GME,23,680465,1,-5,23,1
AU,6,680453,1,-5,23,1
EZE,21,680489,1,-5,23,2
SZ,26,680507,1,-5,23,3
SZ,26,680502,1,-5,24,2
GME,23,680796,1,-5,24,12
GME,23,680798,1,-4,24,12
SZ,26,680794,1,-4,24,12
AU,6,680454,1,-4,24,1
AU,6,680457,1,-4,24,1
SZ,26,680494,1,-4,24,2
GM,22,680488,1,-4,24,2
SZ,26,680793,1,-4,24,12
AU,6,680452,1,-4,24,1
ITE,24,680459,1,-4,24,1
GM,22,680798,1,-4,24,12
GME,23,680454,1,-4,24,1
SZ,26,680780,1,-4,24,11
AU,6,680466,1,-4,24,1
SZ,26,680765,1,-4,24,11
EZE,21,680799,1,-4,24,12
SZ,26,680500,1,-4,24,2
SZ,26,680531,1,-4,24,3
SZ,26,680808,1,-4,24,12
SZ,26,680544,1,-4,24,4
SZ,26,680766,1,-4,25,11
SZ,26,680811,1,-4,25,12
SZ,26,680527,1,-4,25,3
SZ,26,680514,1,-4,25,3
SZ,26,680501,1,-4,25,2
GME,23,680803,1,-4,25,12
AU,6,680808,1,-4,25,12
UK,28,680451,1,-4,25,1
GME,23,680497,1,-4,25,2
SZ,26,680519,1,-4,25,3
SZ,26,680788,1,-4,25,12
AU,6,680788,1,-4,25,12
GME,23,680795,1,-4,25,12
AU,6,680786,1,-4,25,12
SZ,26,680458,1,-4,25,1
SZ,26,680787,1,-4,25,12
SZ,26,680774,1,-4,25,11
SZ,26,680511,1,-4,25,3
SZ,26,680773,1,-4,26,11
SZ,26,680761,1,-4,26,11
BE,7,680449,1,-4,26,1
GME,23,680485,1,-4,26,2
GME,23,680799,1,-4,26,12
SZ,26,680779,1,-4,26,11
GM,22,680796,1,-4,26,12
GME,23,680800,1,-4,26,12
GM,22,680454,1,-4,26,1
AU,6,680468,1,-3,26,1
EZE,21,680496,1,-3,26,2
GME,23,680496,1,-3,26,2
GM,22,680812,1,-3,26,12
SZ,26,680782,1,-3,26,12
SZ,26,680785,1,-3,26,12
GM,22,680811,1,-3,26,12
SZ,26,680466,1,-3,26,1
CA,17,680810,1,-3,26,12
CA,17,680796,1,-3,26,12
EZE,21,680787,1,-3,26,12
AU,6,680488,1,-3,26,2
BE,7,680451,1,-3,26,1
ITE,25,680462,1,-3,26,1
ITE,24,680461,1,-3,26,1
SZ,26,680470,1,-3,27,1
AU,6,680477,1,-3,27,1
SZ,26,680471,1,-3,27,1
EZE,21,680486,1,-3,27,2
GME,23,680812,1,-3,27,12
EZE,21,680487,1,-3,27,2
EZE,21,680809,1,-3,27,12
SZ,26,680477,1,-3,27,1
SZ,26,680734,1,-3,27,10
GME,23,680489,1,-3,27,2
SZ,26,680515,1,-3,27,3
GM,22,680465,1,-3,27,1
GM,22,680800,1,-3,27,12
ITE,25,680458,1,-3,27,1
GM,22,680795,1,-3,27,12
SZ,26,680547,1,-3,27,4
AU,6,680812,1,-3,27,12
ITE,24,680449,1,-3,27,1
CA,17,680521,1,-3,27,3
SZ,26,680506,1,-3,27,2
CA,17,680466,1,-3,27,1
SZ,26,680526,1,-3,27,3
CA,17,680801,1,-3,27,12
CA,17,680790,1,-3,27,12
GM,22,680496,1,-3,27,2
BE,7,680453,1,-3,27,1
SZ,26,680468,1,-3,27,1
SZ,26,680567,1,-3,27,4
SZ,26,680474,1,-3,27,1
EZE,21,680497,1,-2,28,2
AU,6,680797,1,-2,28,12
ITE,24,680462,1,-2,28,1
BE,7,680448,1,-2,28,1
ITE,24,680458,1,-2,28,1
ITE,25,680465,1,-2,28,1
BE,7,680447,1,-2,28,1
GME,23,680487,1,-2,28,2
GM,22,680497,1,-2,28,2
GME,23,680486,1,-2,28,2
EZE,21,680785,1,-2,28,12
GM,22,680485,1,-2,28,2
SZ,26,680566,1,-2,28,4
CA,17,680802,1,-2,28,12
CA,17,680506,1,-2,28,2
BE,7,680452,1,-2,28,1
SZ,26,680516,1,-2,28,3
CA,17,680507,1,-2,28,3
EZE,21,680803,1,-2,28,12
EZE,21,680789,1,-2,28,12
GM,22,680803,1,-2,28,12
ITE,25,680466,1,-2,28,1
AU,6,680478,1,-2,28,2
SZ,26,680626,1,-2,28,6
BE,7,680811,1,-2,28,12
GM,22,680486,1,-2,28,2
AU,6,680803,1,-2,28,12
UK,28,680452,1,-2,28,1
SZ,26,680518,1,-2,28,3
SZ,26,680459,1,-2,29,1
ITE,25,680461,1,-2,29,1
SZ,26,680532,1,-2,29,3
AU,6,680809,1,-2,29,12
EZE,21,680788,1,-2,29,12
SZ,26,680530,1,-2,29,3
EZE,21,680478,1,-2,29,2
ITE,24,680451,1,-2,29,1
EZE,21,680467,1,-2,29,1
GME,23,680484,1,-2,29,2
SZ,26,680726,1,-2,29,10
GM,22,680799,1,-2,29,12
SZ,26,680739,1,-2,29,10
SZ,26,680472,1,-2,29,1
AU,6,680789,1,-2,29,12
UK,28,680449,1,-2,29,1
GME,23,680802,1,-2,29,12
ITE,24,680488,1,-2,29,2
CA,17,680794,1,-2,29,12
BE,7,680484,1,-2,29,2
SZ,26,680767,1,-2,29,11
SZ,26,680770,1,-2,29,11
CA,17,680465,1,-2,29,1
EZE,21,680800,1,-2,29,12
CA,17,680485,1,-2,29,2
SZ,26,680608,1,-2,29,6
UK,28,680450,1,-2,29,1
BE,7,680812,1,-2,29,12
BE,7,680496,1,-2,29,2
AU,6,680497,1,-2,29,2
EZE,21,680786,1,-2,29,12
SZ,26,680684,1,-2,29,8
GME,23,680811,1,-2,29,12
GME,23,680476,1,-2,29,1
GM,22,680498,1,-2,29,2
GM,22,680794,1,-2,29,12
GM,22,680489,1,-2,29,2
ITE,24,680465,1,-2,29,1
SZ,26,680760,1,-2,29,11
AU,6,680496,1,-2,29,2
AU,6,680479,1,-2,29,2
ITE,24,680457,1,-2,29,1
GME,23,680758,1,-2,29,11
SZ,26,680473,1,-1,29,1
AU,6,680486,1,-1,29,2
SZ,26,680745,1,-1,29,10
SZ,26,680548,1,-1,29,4
SZ,26,680724,1,-1,29,10
SZ,26,680510,1,-1,29,3
SZ,26,680512,1,-1,29,3
AU,6,680793,1,-1,30,12
SZ,26,680733,1,-1,30,10
SZ,26,680467,1,-1,30,1
ITE,24,680452,1,-1,30,1
SZ,26,680554,1,-1,30,4
ITE,25,680486,1,-1,30,2
AU,6,680785,1,-1,30,12
GM,22,680483,1,-1,30,2
ITE,25,680451,1,-1,30,1
BE,7,680796,1,-1,30,12
EZE,21,680793,1,-1,30,12
ITE,25,680452,1,-1,30,1
SZ,26,680571,1,-1,30,5
SZ,26,680710,1,-1,30,9
SZ,26,680469,1,-1,30,1
SZ,26,680753,1,-1,30,11
SZ,26,680748,1,-1,30,10
BE,7,680460,1,-1,30,1
CA,17,680795,1,-1,30,12
CA,17,680503,1,-1,30,2
CA,17,680811,1,-1,30,12
GME,23,680793,1,-1,30,12
ITE,25,680487,1,-1,30,2
CA,17,680508,1,-1,30,3
GM,22,680487,1,-1,30,2
EZE,21,680476,1,-1,30,1
SZ,26,680747,1,-1,30,10
EZE,21,680801,1,-1,30,12
ITE,24,680487,1,-1,30,2
AU,6,680792,1,-1,30,12
AU,6,680476,1,-1,30,1
SZ,26,680759,1,-1,30,11
BE,7,680497,1,-1,30,2
EZE,21,680796,1,-1,30,12
AU,6,680811,1,-1,30,12
SZ,26,680727,1,-1,30,10
SZ,26,680810,1,-1,30,12
GM,22,680476,1,-1,30,1
SZ,26,680555,1,-1,30,4
GME,23,680794,1,-1,30,12
AU,6,680480,1,-1,30,2
SZ,26,680703,1,-1,30,9
ITE,24,680466,1,-1,30,1
ITE,25,680450,1,-1,30,1
AU,6,680794,1,-1,30,12
AU,6,680489,1,-1,30,2
SZ,26,680670,1,-1,31,8
SZ,26,680732,1,-1,31,10
GME,23,680801,1,-1,31,12
AU,6,680487,1,-1,31,2
EZE,21,680802,1,-1,31,12
AU,6,680791,1,-1,31,12
SZ,26,680744,1,-1,31,10
SZ,26,680730,1,-1,31,10
SZ,26,680809,1,-1,31,12
AU,6,680787,1,-1,31,12
UK,28,680496,1,-1,31,2
SZ,26,680725,1,-1,31,10
ITE,25,680449,1,-1,31,1
GME,23,680544,1,-1,31,4
CA,17,680483,1,-1,31,2
BE,7,680485,1,-1,31,2
CA,17,680774,1,-1,31,11
ITE,24,680485,1,-1,31,2
CA,17,680773,1,-1,31,11
GM,22,680793,1,-1,31,12
BE,7,680798,1,0,31,12
SZ,26,680742,1,0,31,10
EZE,21,680759,1,0,31,11
GME,23,680498,1,0,31,2
AU,6,680545,1,0,31,4
AU,6,680795,1,0,31,12
AU,6,680802,1,0,31,12
GME,23,680477,1,0,31,1
GM,22,680802,1,0,31,12
SZ,26,680489,1,0,31,2
GM,22,680762,1,0,31,11
ITE,25,680467,1,0,31,1
GME,23,680809,1,0,31,12
AU,6,680796,1,0,31,12
GM,22,680782,1,0,31,12
ITE,24,680453,1,0,31,1
ITE,24,680467,1,0,31,1
ITE,25,680457,1,0,31,1
GME,23,680789,1,0,31,12
GM,22,680789,1,0,31,12
BE,7,680461,1,0,31,1
SZ,26,680542,1,0,31,4
EZE,21,680477,1,0,31,1
SZ,26,680524,1,0,31,3
ITE,25,680448,1,0,31,1
GME,23,680478,1,0,31,2
SZ,26,680686,1,0,31,8
SZ,26,680771,1,0,31,11
EZE,21,680794,1,0,31,12
EZE,21,680544,1,0,31,4
GME,23,680785,1,0,31,12
EZE,21,680479,1,0,31,2
BE,7,680462,1,0,31,1
AU,6,680801,1,0,31,12
GME,23,680784,1,0,31,12
BE,7,680803,1,0,32,12
SZ,26,680522,1,0,32,3
BE,7,680808,1,0,32,12
SZ,26,680731,1,0,32,10
SZ,26,680568,1,0,32,5
ITE,25,680453,1,0,32,1
AU,6,680799,1,0,32,12
SZ,26,680743,1,0,32,10
UK,28,680483,1,0,32,2
UK,28,680797,1,0,32,12
SZ,26,680594,1,0,32,5
UK,28,680448,1,0,32,1
CA,17,680462,1,0,32,1
CA,17,680766,1,0,32,11
CA,17,680791,1,0,32,12
CA,17,680476,1,0,32,1
ITE,24,680450,1,0,32,1
AU,6,680790,1,0,32,12
ITE,24,680497,1,0,32,2
CA,17,680467,1,0,32,1
CA,17,680805,1,0,32,12
EIE,20,680800,1,0,32,12
SZ,26,680750,1,0,32,10
CA,17,680497,1,0,32,2
GME,23,680483,1,0,32,2
CA,17,680492,1,0,32,2
ITE,25,680497,1,0,32,2
GM,22,680801,1,0,32,12
EZE,21,680758,1,0,32,11
UK,28,680804,1,0,32,12
UK,27,680806,1,0,32,12
BE,7,680487,1,0,32,2
ITE,24,680477,1,0,32,1
SZ,26,680740,1,0,32,10
SZ,26,680754,1,0,32,11
UK,27,680452,1,0,32,1
UK,28,680453,1,0,32,1
EZE,21,680792,1,0,32,12
SZ,26,680529,1,0,32,3
EZE,21,680483,1,0,33,2
GME,23,680762,1,0,33,11
AU,6,680758,1,0,33,11
SZ,26,680559,1,0,33,4
GM,22,680783,1,0,33,12
UK,27,680453,1,0,33,1
AU,6,680469,1,0,33,1
GME,23,680759,1,0,33,11
EZE,21,680810,1,0,33,12
UK,28,680497,1,0,33,2
UK,28,680495,1,0,33,2
SZ,26,680570,1,0,33,5
SZ,26,680558,1,0,33,4
GME,23,680495,1,0,33,2
GM,22,680544,1,0,33,4
UK,28,680805,1,0,33,12
GM,22,680478,1,0,33,2
UK,28,680803,1,0,33,12
GME,23,680783,1,0,33,12
GM,22,680784,1,0,33,12
BE,7,680498,1,0,33,2
EZE,21,680784,1,0,33,12
UK,28,680447,1,0,33,1
ITE,25,680455,1,0,33,1
UK,28,680806,1,0,33,12
AU,6,680485,1,1,33,2
CA,17,680491,1,1,33,2
AU,6,680481,1,1,33,2
CA,17,680529,1,1,33,3
SZ,26,680685,1,1,33,8
CA,17,680792,1,1,33,12
ITE,24,680456,1,1,33,1
CA,17,680522,1,1,33,3
CA,17,680764,1,1,33,11
GM,22,680809,1,1,33,12
AU,6,680810,1,1,33,12
AU,6,680800,1,1,33,12
GM,22,680785,1,1,33,12
SZ,26,680768,1,1,33,11
BE,7,680495,1,1,33,2
ITE,25,680478,1,1,33,2
SZ,26,680741,1,1,33,10
ITE,25,680456,1,1,33,1
BE,7,680500,1,1,33,2
BE,7,680483,1,1,33,2
SZ,26,680702,1,1,33,9
EZE,21,680795,1,1,33,12
GM,22,680495,1,1,33,2
EZE,21,680495,1,1,33,2
GME,23,680466,1,1,33,1
AU,6,680543,1,1,33,4
AU,6,680546,1,1,33,4
GME,23,680502,1,1,33,2
AU,6,680798,1,1,33,12
SZ,26,680513,1,1,33,3
GM,22,680484,1,1,33,2
GM,22,680759,1,1,33,11
EZE,21,680790,1,1,33,12
GM,22,680758,1,1,33,11
GME,23,680479,1,1,33,2
ITE,24,680448,1,1,33,1
EZE,21,680484,1,1,34,2
EZE,21,680783,1,1,34,12
GM,22,680810,1,1,34,12
ITE,24,680468,1,1,34,1
EZE,21,680772,1,1,34,11
EZE,21,680791,1,1,34,12
ITE,24,680486,1,1,34,2
UK,28,680796,1,1,34,12
BE,7,680499,1,1,34,2
ITE,24,680447,1,1,34,1
ITE,25,680454,1,1,34,1
ITE,25,680488,1,1,34,2
BE,7,680475,1,1,34,1
SZ,26,680538,1,1,34,4
BE,7,680488,1,1,34,2
BE,7,680758,1,1,34,11
SZ,26,680755,1,1,34,11
CA,17,680458,1,1,34,1
CA,17,680447,1,1,34,1
CA,17,680484,1,1,34,2
CA,17,680775,1,1,34,11
EIE,20,680451,1,1,34,1
GME,23,680782,1,1,34,12
ITE,24,680479,1,1,34,2
UK,27,680454,1,1,34,1
GME,23,680810,1,1,34,12
UK,28,680807,1,1,34,12
CA,17,680799,1,1,34,12
GME,23,680792,1,1,34,12
ITE,25,680477,1,1,34,1
SZ,26,680579,1,1,34,5
SZ,26,680749,1,1,34,10
ITE,25,680482,1,1,34,2
BE,7,680762,1,1,34,11
ITE,24,680454,1,1,34,1
SZ,26,680493,1,1,34,2
ITE,24,680455,1,1,34,1
EZE,21,680545,1,1,34,4
AU,6,680544,1,1,34,4
ITE,24,680478,1,1,34,2
GME,23,680482,1,1,34,2
BE,7,680486,1,1,34,2
UK,28,680484,1,1,35,2
ITE,25,680483,1,1,35,2
AU,6,680483,1,1,35,2
AU,6,680784,1,2,35,12
ITE,25,680812,1,2,35,12
ITE,24,680483,1,2,35,2
SZ,26,680746,1,2,35,10
EZE,21,680482,1,2,35,2
BE,7,680799,1,2,35,12
BE,7,680482,1,2,35,2
GME,23,680787,1,2,35,12
GME,23,680786,1,2,35,12
ITE,24,680806,1,2,35,12
BE,7,680477,1,2,35,1
GM,22,680482,1,2,35,2
ITE,24,680807,1,2,35,12
GME,23,680501,1,2,35,2
UK,28,680812,1,2,35,12
GM,22,680477,1,2,35,1
BE,7,680476,1,2,35,1
CA,17,680765,1,2,35,11
CA,17,680461,1,2,35,1
CA,17,680464,1,2,35,1
EZE,21,680760,1,2,35,11
EIE,20,680805,1,2,35,12
EZE,21,680543,1,2,35,4
CA,17,680468,1,2,35,1
ITE,25,680447,1,2,35,1
CA,17,680797,1,2,35,12
CA,17,680524,1,2,35,3
UK,28,680811,1,2,35,12
EIE,20,680454,1,2,35,1
CA,17,680480,1,2,35,2
BE,7,680478,1,2,35,2
EIE,20,680452,1,2,35,1
CA,17,680489,1,2,35,2
GM,22,680466,1,2,35,1
SZ,26,680786,1,2,35,12
SZ,26,680591,1,2,35,5
AU,6,680759,1,2,35,11
SZ,26,680709,1,2,35,9
BE,7,680809,1,2,35,12
GME,23,680763,1,2,35,11
BE,7,680454,1,2,35,1
GM,22,680502,1,2,35,2
BE,7,680459,1,2,35,1
EZE,21,680761,1,2,35,11
ITE,25,680475,1,2,35,1
EZE,21,680480,1,2,35,2
GM,22,680760,1,2,35,11
BE,7,680800,1,2,35,12
SZ,26,680520,1,2,35,3
GME,23,680790,1,2,35,12
EZE,21,680485,1,2,35,2
GM,22,680763,1,2,35,11
SZ,26,680752,1,2,35,11
SZ,26,680553,1,2,35,4
GME,23,680499,1,2,36,2
ITE,24,680808,1,2,36,12
ITE,25,680498,1,2,36,2
SZ,26,680751,1,2,36,10
SZ,26,680549,1,2,36,4
GM,22,680790,1,2,36,12
SZ,26,680769,1,2,36,11
GME,23,680507,1,2,36,3
ITE,25,680485,1,2,36,2
SZ,26,680738,1,2,36,10
AU,6,680495,1,2,36,2
ITE,25,680468,1,2,36,1
UK,28,680482,1,2,36,2
ITE,25,680496,1,2,36,2
SZ,26,680627,1,2,36,6
BE,7,680795,1,2,36,12
ITE,25,680786,1,2,36,12
BE,7,680501,1,2,36,2
GME,23,680467,1,2,36,1
UK,28,680485,1,2,36,2
GM,22,680761,1,2,36,11
GME,23,680503,1,2,36,2
UK,28,680498,1,2,36,2
UK,27,680498,1,2,36,2
UK,28,680798,1,2,36,12
ITE,25,680788,1,2,36,12
EIE,20,680806,1,2,36,12
CA,17,680767,1,2,36,11
CA,17,680482,1,2,36,2
SZ,26,680598,1,2,36,5
SZ,26,680572,1,2,36,5
CA,17,680488,1,2,36,2
SZ,26,680600,1,2,36,6
ITE,25,680469,1,2,36,1
CA,17,680481,1,2,36,2
CA,17,680809,1,2,36,12
CA,17,680502,1,2,36,2
BE,7,680757,1,2,36,11
CA,17,680459,1,2,36,1
UK,28,680802,1,2,36,12
BE,7,680458,1,2,36,1
CA,17,680460,1,2,36,1
SZ,26,680729,1,2,36,10
BE,7,680810,1,2,36,12
SZ,26,680736,1,2,36,10
CA,17,680509,1,2,36,3
ITE,25,680470,1,2,36,1
EZE,21,680762,1,2,36,11
GM,22,680499,1,2,36,2
ITE,24,680788,1,2,36,12
GME,23,680543,1,2,36,4
UK,28,680514,1,2,36,3
EZE,21,680782,1,2,36,12
AU,6,680762,1,2,36,11
BE,7,680761,1,2,36,11
GM,22,680786,1,2,36,12
UK,27,680451,1,2,36,1
GM,22,680792,1,2,36,12
UK,28,680459,1,2,36,1
SZ,26,680595,1,2,36,5
SZ,26,680723,1,2,36,10
ITE,24,680469,1,2,36,1
AU,6,680783,1,2,36,12
GM,22,680506,1,2,36,2
GM,22,680776,1,2,36,11
GM,22,680503,1,2,36,2
UK,28,680795,1,2,36,12
AU,6,680760,1,2,36,11
GM,22,680788,1,2,36,12
BE,7,680463,1,2,36,1
ITE,24,680489,1,2,36,2
SZ,26,680550,1,2,36,4
GME,23,680772,1,2,36,11
GM,22,680507,1,2,36,3
GME,23,680788,1,2,36,12
GM,22,680467,1,3,37,1
SZ,26,680560,1,3,37,4
SZ,26,680541,1,3,37,4
UK,28,680481,1,3,37,2
GM,22,680787,1,3,37,12
GM,22,680500,1,3,37,2
SZ,26,680523,1,3,37,3
ITE,25,680484,1,3,37,2
SZ,26,680599,1,3,37,6
SZ,26,680694,1,3,37,9
UK,28,680499,1,3,37,2
EZE,21,680780,1,3,37,11
UK,28,680475,1,3,37,1
ITE,25,680479,1,3,37,2
GME,23,680761,1,3,37,11
SZ,26,680687,1,3,37,8
CA,17,680477,1,3,37,1
EZE,21,680501,1,3,37,2
CA,17,680504,1,3,37,2
CA,17,680512,1,3,37,3
ITE,25,680787,1,3,37,12
CA,17,680756,1,3,37,11
SZ,26,680756,1,3,37,11
CA,17,680511,1,3,37,3
EZE,21,680774,1,3,37,11
BE,7,680784,1,3,37,12
SZ,26,680556,1,3,37,4
CA,17,680498,1,3,37,2
CA,17,680523,1,3,37,3
CA,17,680785,1,3,37,12
GME,23,680523,1,3,37,3
SZ,26,680509,1,3,37,3
CA,17,680807,1,3,37,12
GME,23,680775,1,3,37,11
ITE,24,680484,1,3,37,2
SZ,26,680613,1,3,37,6
UK,28,680458,1,3,37,1
GME,23,680760,1,3,37,11
UK,27,680800,1,3,37,12
UK,27,680805,1,3,37,12
BE,7,680760,1,3,37,11
AU,6,680524,1,3,37,3
BE,7,680782,1,3,37,12
ITE,25,680490,1,3,37,2
GME,23,680545,1,3,37,4
EZE,21,680481,1,3,37,2
EZE,21,680773,1,3,37,11
SZ,26,680528,1,3,37,3
ITE,24,680786,1,3,37,12
ITE,24,680482,1,3,37,2
SZ,26,680557,1,3,37,4
BE,7,680783,1,3,38,12
AU,6,680482,1,3,38,2
UK,27,680504,1,3,38,2
GME,23,680780,1,3,38,11
GM,22,680791,1,3,38,12
UK,27,680484,1,3,38,2
UK,27,680485,1,3,38,2
GME,23,680753,1,3,38,11
SZ,26,680569,1,3,38,5
ITE,24,680787,1,3,38,12
SZ,26,680581,1,3,38,5
GM,22,680545,1,3,38,4
ITE,24,680794,1,3,38,12
ITE,24,680476,1,3,38,1
SZ,26,680576,1,3,38,5
UK,27,680497,1,3,38,2
BE,7,680502,1,3,38,2
UK,27,680807,1,3,38,12
ITE,25,680807,1,3,38,12
SZ,26,680612,1,3,38,6
UK,28,680501,1,3,38,2
UK,28,680502,1,3,38,2
EIE,20,680455,1,3,38,1
CA,17,680472,1,3,38,1
CA,17,680519,1,3,38,3
BE,7,680759,1,3,38,11
CA,17,680518,1,3,38,3
GME,23,680472,1,3,38,1
GME,23,680791,1,3,38,12
CA,17,680798,1,3,38,12
CA,17,680547,1,3,38,4
CA,17,680520,1,3,38,3
GME,23,680480,1,3,38,2
CA,17,680516,1,3,38,3
GME,23,680481,1,3,38,2
CA,17,680788,1,3,38,12
ITE,24,680812,1,3,38,12
CA,17,680479,1,3,38,2
GM,22,680772,1,3,38,11
UK,28,680500,1,3,38,2
CA,17,680800,1,3,38,12
GME,23,680475,1,3,38,1
CA,17,680475,1,3,38,1
CA,17,680463,1,3,38,1
BE,7,680464,1,3,38,1
EIE,20,680453,1,3,38,1
CA,17,680806,1,3,38,12
SZ,26,680614,1,3,38,6
CA,17,680536,1,3,38,3
SZ,26,680632,1,3,38,7
ITE,25,680806,1,3,38,12
GME,23,680754,1,3,38,11
EZE,21,680502,1,3,38,2
EZE,21,680498,1,3,38,2
GME,23,680757,1,3,38,11
GM,22,680757,1,3,38,11
AU,6,680761,1,3,38,11
UK,28,680474,1,3,38,1
GME,23,680750,1,3,38,10
ITE,25,680794,1,3,38,12
EZE,21,680523,1,3,38,3
ITE,24,680475,1,4,38,1
GME,23,680508,1,4,38,3
EZE,21,680764,1,4,38,11
BE,7,680455,1,4,38,1
ITE,25,680494,1,4,38,2
ITE,25,680491,1,4,38,2
GM,22,680480,1,4,38,2
SZ,26,680606,1,4,38,6
UK,27,680496,1,4,38,2
GME,23,680473,1,4,38,1
GM,22,680475,1,4,38,1
GME,23,680781,1,4,38,11
SZ,26,680711,1,4,38,9
SZ,26,680551,1,4,38,4
UK,27,680514,1,4,39,3
UK,27,680486,1,4,39,2
EZE,21,680508,1,4,39,3
BE,7,680457,1,4,39,1
EZE,21,680542,1,4,39,4
ITE,25,680473,1,4,39,1
SZ,26,680611,1,4,39,6
SZ,26,680609,1,4,39,6
UK,28,680486,1,4,39,2
GM,22,680780,1,4,39,11
EZE,21,680763,1,4,39,11
GM,22,680479,1,4,39,2
UK,27,680499,1,4,39,2
BE,7,680503,1,4,39,2
GM,22,680775,1,4,39,11
ITE,24,680491,1,4,39,2
ITE,24,680471,1,4,39,1
ITE,24,680490,1,4,39,2
SZ,26,680521,1,4,39,3
AU,6,680751,1,4,39,10
GME,23,680500,1,4,39,2
BE,7,680801,1,4,39,12
GM,22,680754,1,4,39,11
ITE,24,680789,1,4,39,12
CA,17,680786,1,4,39,12
CA,17,680515,1,4,39,3
BE,7,680802,1,4,39,12
CA,17,680776,1,4,39,11
ITE,25,680476,1,4,39,1
CA,17,680490,1,4,39,2
CA,17,680537,1,4,39,3
SZ,26,680695,1,4,39,9
UK,28,680494,1,4,39,2
CA,17,680763,1,4,39,11
GM,22,680543,1,4,39,4
ITE,24,680470,1,4,39,1
EZE,21,680753,1,4,39,11
GM,22,680753,1,4,39,11
GM,22,680501,1,4,39,2
EZE,21,680475,1,4,39,1
ITE,24,680804,1,4,39,12
SZ,26,680713,1,4,39,9
UK,27,680799,1,4,39,12
UK,27,680812,1,4,39,12
ITE,24,680496,1,4,39,2
SZ,26,680492,1,4,39,2
ITE,24,680805,1,4,39,12
GME,23,680471,1,4,39,1
SZ,26,680564,1,4,39,4
UK,27,680449,1,4,39,1
GM,22,680472,1,4,39,1
UK,27,680790,1,4,39,12
BE,7,680479,1,4,39,2
SZ,26,680589,1,4,39,5
ITE,25,680499,1,4,39,2
ITE,25,680489,1,4,39,2
GM,22,680750,1,4,39,10
UK,27,680803,1,4,40,12
BE,7,680753,1,4,40,11
UK,27,680501,1,4,40,2
ITE,25,680789,1,4,40,12
SZ,26,680721,1,4,40,10
UK,27,680500,1,4,40,2
SZ,26,680722,1,4,40,10
SZ,26,680580,1,4,40,5
BE,7,680456,1,4,40,1
SZ,26,680706,1,4,40,9
UK,27,680502,1,4,40,2
ITE,25,680804,1,4,40,12
ITE,25,680805,1,4,40,12
UK,27,680448,1,4,40,1
ITE,25,680792,1,4,40,12
UK,27,680450,1,4,40,1
AU,6,680548,1,4,40,4
UK,28,680513,1,4,40,3
EZE,21,680754,1,4,40,11
EZE,21,680781,1,4,40,11
AU,6,680763,1,4,40,11
GME,23,680505,1,4,40,2
ITE,25,680471,1,4,40,1
UK,28,680794,1,4,40,12
AU,6,680498,1,4,40,2
GM,22,680781,1,4,40,11
GM,22,680481,1,4,40,2
UK,28,680461,1,4,40,1
GM,22,680523,1,4,40,3
ITE,24,680499,1,4,40,2
CA,17,680533,1,4,40,3
CA,17,680549,1,4,40,4
CA,17,680538,1,4,40,4
BE,7,680481,1,4,40,2
EZE,21,680775,1,4,40,11
ITE,24,680494,1,4,40,2
ITE,24,680473,1,4,40,1
EZE,21,680757,1,4,40,11
AU,6,680754,1,4,40,11
UK,28,680761,1,4,40,11
EZE,21,680524,1,4,40,3
UK,28,680454,1,4,40,1
CA,17,680770,1,4,40,11
CA,17,680471,1,4,40,1
UK,28,680460,1,4,40,1
ITE,24,680795,1,4,40,12
EIE,20,680803,1,4,40,12
UK,27,680801,1,4,40,12
AU,6,680764,1,4,40,11
GME,23,680542,1,4,40,4
GME,23,680539,1,4,40,4
SZ,26,680615,1,4,40,6
AU,6,680484,1,4,40,2
ITE,24,680793,1,5,40,12
SZ,26,680707,1,5,40,9
EZE,21,680472,1,5,40,1
AU,6,680773,1,5,40,11
GME,23,680506,1,5,40,2
AU,6,680523,1,5,40,3
UK,27,680802,1,5,40,12
ITE,24,680474,1,5,40,1
GME,23,680546,1,5,40,4
UK,27,680482,1,5,40,2
UK,27,680798,1,5,40,12
SZ,26,680565,1,5,40,4
AU,6,680782,1,5,40,12
SZ,26,680629,1,5,40,7
SZ,26,680628,1,5,40,6
UK,27,680505,1,5,40,2
BE,7,680471,1,5,40,1
SZ,26,680728,1,5,41,10
AU,6,680505,1,5,41,2
AU,6,680508,1,5,41,3
UK,27,680775,1,5,41,11
SZ,26,680590,1,5,41,5
GME,23,680525,1,5,41,3
UK,27,680513,1,5,41,3
SZ,26,680562,1,5,41,4
AU,6,680772,1,5,41,11
EZE,21,680751,1,5,41,10
SZ,26,680552,1,5,41,4
ITE,25,680791,1,5,41,12
UK,27,680515,1,5,41,3
UK,28,680774,1,5,41,11
UK,27,680483,1,5,41,2
UK,28,680801,1,5,41,12
BE,7,680465,1,5,41,1
GME,23,680504,1,5,41,2
EZE,21,680468,1,5,41,1
UK,28,680480,1,5,41,2
CA,17,680534,1,5,41,3
CA,17,680768,1,5,41,11
CA,17,680753,1,5,41,11
ITE,24,680803,1,5,41,12
GME,23,680522,1,5,41,3
ITE,24,680811,1,5,41,12
ITE,24,680758,1,5,41,11
AU,6,680492,1,5,41,2
EZE,21,680473,1,5,41,1
CA,17,680505,1,5,41,2
CA,17,680532,1,5,41,3
ITE,25,680758,1,5,41,11
ITE,24,680500,1,5,41,2
CA,17,680542,1,5,41,4
GME,23,680524,1,5,41,3
SZ,26,680696,1,5,41,9
ITE,24,680480,1,5,41,2
BE,7,680494,1,5,41,2
GME,23,680776,1,5,41,11
EIE,20,680456,1,5,41,1
ITE,24,680762,1,5,41,11
SZ,26,680593,1,5,41,5
EIE,20,680501,1,5,41,2
ITE,25,680795,1,5,41,12
GM,22,680779,1,5,41,11
GM,22,680471,1,5,41,1
BE,7,680794,1,5,41,12
GM,22,680771,1,5,41,11
GME,23,680773,1,5,41,11
UK,27,680796,1,5,41,12
UK,27,680804,1,5,41,12
AU,6,680756,1,5,41,11
SZ,26,680671,1,5,41,8
SZ,26,680577,1,5,41,5
ITE,25,680492,1,5,41,2
EZE,21,680750,1,5,41,10
GME,23,680764,1,5,41,11
GME,23,680779,1,5,41,11
UK,27,680808,1,5,41,12
SZ,26,680592,1,5,41,5
BE,7,680480,1,5,41,2
UK,27,680503,1,5,41,2
SZ,26,680647,1,5,41,7
UK,27,680481,1,5,41,2
SZ,26,680596,1,5,41,5
ITE,24,680472,1,5,42,1
GME,23,680571,1,5,42,5
UK,27,680480,1,5,42,2
UK,27,680487,1,5,42,2
GME,23,680468,1,5,42,1
SZ,26,680607,1,5,42,6
AU,6,680775,1,5,42,11
GME,23,680751,1,5,42,10
EZE,21,680777,1,5,42,11
GME,23,680756,1,5,42,11
SZ,26,680491,1,5,42,2
AU,6,680547,1,5,42,4
GM,22,680524,1,5,42,3
ITE,24,680481,1,5,42,2
UK,28,680541,1,5,42,4
UK,28,680457,1,5,42,1
AU,6,680757,1,5,42,11
SZ,26,680708,1,5,42,9
SZ,26,680715,1,5,42,9
SZ,26,680683,1,5,42,8
GM,22,680542,1,5,42,4
AU,6,680780,1,5,42,11
GME,23,680752,1,5,42,11
UK,28,680810,1,6,42,12
EZE,21,680546,1,6,42,4
UK,28,680808,1,6,42,12
EZE,21,680525,1,6,42,3
EZE,21,680490,1,6,42,2
UK,28,680757,1,6,42,11
AU,6,680525,1,6,42,3
GM,22,680769,1,6,42,11
AU,6,680472,1,6,42,1
UK,28,680462,1,6,42,1
EZE,21,680507,1,6,42,3
AU,6,680752,1,6,42,11
CA,17,680499,1,6,42,2
CA,17,680501,1,6,42,2
GM,22,680751,1,6,42,10
CA,17,680762,1,6,42,11
EZE,21,680778,1,6,42,11
EIE,20,680505,1,6,42,2
AU,6,680506,1,6,42,2
CA,17,680752,1,6,42,11
EZE,21,680752,1,6,42,11
EIE,20,680502,1,6,42,2
ITE,24,680785,1,6,42,12
ITE,25,680790,1,6,42,12
CA,17,680531,1,6,42,3
CA,17,680469,1,6,42,1
GME,23,680771,1,6,42,11
UK,28,680531,1,6,42,3
EIE,20,680807,1,6,42,12
AU,6,680475,1,6,42,1
CA,17,680517,1,6,42,3
GME,23,680490,1,6,42,2
CA,17,680514,1,6,42,3
GM,22,680752,1,6,42,11
SZ,26,680673,1,6,42,8
CA,17,680513,1,6,42,3
ITE,25,680793,1,6,42,12
EZE,21,680723,1,6,42,10
CA,17,680535,1,6,42,3
EIE,20,680799,1,6,42,12
ITE,25,680802,1,6,42,12
SZ,26,680714,1,6,42,9
GME,23,680778,1,6,42,11
BE,7,680472,1,6,42,1
ITE,25,680775,1,6,42,11
BE,7,680781,1,6,42,11
ITE,25,680801,1,6,42,12
UK,28,680503,1,6,42,2
ITE,25,680811,1,6,42,12
UK,27,680797,1,6,42,12
ITE,25,680500,1,6,42,2
EZE,21,680526,1,6,42,3
AU,6,680507,1,6,42,3
ITE,25,680472,1,6,42,1
EZE,21,680503,1,6,42,2
UK,28,680455,1,6,42,1
ITE,25,680774,1,6,42,11
GM,22,680508,1,6,42,3
ITE,25,680777,1,6,42,11
ITE,25,680495,1,6,42,2
UK,27,680455,1,6,42,1
ITE,25,680803,1,6,42,12
GM,22,680764,1,6,42,11
AU,6,680753,1,6,42,11
SZ,26,680625,1,6,42,6
AU,6,680767,1,6,43,11
AU,6,680504,1,6,43,2
UK,27,680532,1,6,43,3
AU,6,680502,1,6,43,2
GM,22,680473,1,6,43,1
ITE,24,680759,1,6,43,11
ITE,25,680493,1,6,43,2
UK,27,680447,1,6,43,1
GME,23,680755,1,6,43,11
BE,7,680776,1,6,43,11
UK,27,680495,1,6,43,2
UK,27,680774,1,6,43,11
ITE,25,680780,1,6,43,11
AU,6,680500,1,6,43,2
ITE,25,680503,1,6,43,2
AU,6,680778,1,6,43,11
SZ,26,680720,1,6,43,9
SZ,26,680617,1,6,43,6
ITE,24,680791,1,6,43,12
GM,22,680468,1,6,43,1
EZE,21,680725,1,6,43,10
EIE,20,680801,1,6,43,12
CA,17,680772,1,6,43,11
CA,17,680769,1,6,43,11
BE,7,680785,1,6,43,12
GM,22,680756,1,6,43,11
CA,17,680808,1,6,43,12
CA,17,680771,1,6,43,11
EZE,21,680779,1,6,43,11
GME,23,680777,1,6,43,11
EZE,21,680571,1,6,43,5
CA,17,680783,1,6,43,12
EIE,20,680798,1,6,43,12
EIE,20,680467,1,6,43,1
BE,7,680789,1,6,43,12
GM,22,680768,1,6,43,11
CA,17,680787,1,6,43,12
CA,17,680777,1,6,43,11
CA,17,680478,1,6,43,2
CA,17,680473,1,6,43,1
CA,17,680751,1,6,43,10
CA,17,680539,1,6,43,4
EZE,21,680506,1,6,43,2
EIE,20,680804,1,6,43,12
UK,28,680476,1,6,43,1
BE,7,680752,1,6,43,11
BE,7,680790,1,6,43,12
EZE,21,680765,1,6,43,11
ITE,25,680808,1,6,43,12
EZE,21,680471,1,6,43,1
ITE,25,680474,1,6,43,1
ITE,25,680762,1,6,43,11
SZ,26,680582,1,6,43,5
BE,7,680777,1,6,43,11
BE,7,680754,1,6,43,11
ITE,24,680809,1,6,43,12
ITE,24,680802,1,6,43,12
UK,28,680493,1,6,43,2
GME,23,680509,1,6,43,3
GME,23,680725,1,6,43,10
UK,28,680809,1,6,43,12
ITE,24,680544,1,6,43,4
GM,22,680778,1,6,43,11
SZ,26,680490,1,6,44,2
GM,22,680534,1,6,44,3
SZ,26,680693,1,6,44,9
UK,27,680494,1,6,44,2
UK,27,680761,1,6,44,11
UK,27,680506,1,6,44,2
UK,27,680479,1,6,44,2
UK,27,680466,1,6,44,1
ITE,25,680785,1,6,44,12
SZ,26,680636,1,6,44,7
GME,23,680724,1,6,44,10
GME,23,680768,1,6,44,11
UK,27,680507,1,6,44,3
AU,6,680781,1,6,44,11
UK,27,680488,1,6,44,2
AU,6,680509,1,6,44,3
GME,23,680491,1,6,44,2
ITE,24,680790,1,6,44,12
UK,28,680799,1,6,44,12
SZ,26,680561,1,6,44,4
GME,23,680769,1,6,44,11
EZE,21,680504,1,6,44,2
ITE,24,680778,1,6,44,11
SZ,26,680717,1,6,44,9
EZE,21,680769,1,6,44,11
ITE,24,680784,1,6,44,12
UK,27,680760,1,6,44,11
GM,22,680546,1,6,44,4
SZ,26,680704,1,6,44,9
BE,7,680763,1,6,44,11
ITE,25,680480,1,6,44,2
EZE,21,680499,1,6,44,2
UK,27,680464,1,6,44,1
UK,28,680760,1,7,44,11
GME,23,680470,1,7,44,1
GME,23,680534,1,7,44,3
BE,7,680466,1,7,44,1
AU,6,680471,1,7,44,1
EZE,21,680469,1,7,44,1
GME,23,680573,1,7,44,5
BE,7,680535,1,7,44,3
GME,23,680572,1,7,44,5
GME,23,680474,1,7,44,1
ITE,24,680792,1,7,44,12
SZ,26,680622,1,7,44,6
SZ,26,680618,1,7,44,6
GM,22,680539,1,7,44,4
SZ,26,680688,1,7,44,8
BE,7,680470,1,7,44,1
GM,22,680777,1,7,44,11
ITE,24,680502,1,7,44,2
UK,28,680527,1,7,44,3
ITE,24,680505,1,7,44,2
EZE,21,680505,1,7,44,2
GME,23,680774,1,7,44,11
UK,28,680487,1,7,44,2
EIE,20,680499,1,7,44,2
EIE,20,680457,1,7,44,1
EIE,20,680503,1,7,44,2
CA,17,680578,1,7,44,5
EIE,20,680449,1,7,44,1
CA,17,680530,1,7,44,3
UK,27,680789,1,7,44,12
EIE,20,680468,1,7,44,1
CA,17,680550,1,7,44,4
EZE,21,680529,1,7,44,3
CA,17,680470,1,7,44,1
SZ,26,680635,1,7,44,7
ITE,25,680784,1,7,44,12
CA,17,680546,1,7,44,4
BE,7,680473,1,7,44,1
ITE,25,680776,1,7,44,11
CA,17,680474,1,7,44,1
SZ,26,680605,1,7,44,6
EIE,20,680466,1,7,44,1
CA,17,680564,1,7,44,4
CA,17,680754,1,7,44,11
EIE,20,680464,1,7,44,1
CA,17,680755,1,7,44,11
UK,27,680459,1,7,44,1
UK,28,680463,1,7,44,1
BE,7,680533,1,7,44,3
ITE,24,680503,1,7,44,2
UK,27,680493,1,7,44,2
AU,6,680750,1,7,44,10
BE,7,680786,1,7,44,12
EZE,21,680771,1,7,44,11
SZ,26,680737,1,7,44,10
GME,23,680535,1,7,44,3
UK,27,680533,1,7,44,3
GM,22,680571,1,7,44,5
EZE,21,680534,1,7,44,3
GM,22,680773,1,7,44,11
GME,23,680519,1,7,44,3
SZ,26,680718,1,7,44,9
UK,27,680512,1,7,44,3
AU,6,680494,1,7,44,2
ITE,24,680506,1,7,44,2
UK,27,680460,1,7,44,1
UK,27,680777,1,7,44,11
ITE,24,680796,1,7,44,12
GM,22,680525,1,7,45,3
AU,6,680774,1,7,45,11
AU,6,680490,1,7,45,2
GME,23,680526,1,7,45,3
BE,7,680474,1,7,45,1
AU,6,680542,1,7,45,4
GM,22,680723,1,7,45,10
ITE,25,680783,1,7,45,12
AU,6,680571,1,7,45,5
GME,23,680541,1,7,45,4
SZ,26,680719,1,7,45,9
SZ,26,680597,1,7,45,5
GME,23,680530,1,7,45,3
GME,23,680559,1,7,45,4
EZE,21,680568,1,7,45,5
SZ,26,680616,1,7,45,6
ITE,25,680501,1,7,45,2
GME,23,680570,1,7,45,5
ITE,24,680810,1,7,45,12
EZE,21,680509,1,7,45,3
AU,6,680779,1,7,45,11
GM,22,680755,1,7,45,11
GME,23,680569,1,7,45,5
AU,6,680776,1,7,45,11
GM,22,680505,1,7,45,2
ITE,25,680759,1,7,45,11
GM,22,680724,1,7,45,10
SZ,26,680705,1,7,45,9
ITE,24,680763,1,7,45,11
GME,23,680540,1,7,45,4
EZE,21,680776,1,7,45,11
UK,28,680469,1,7,45,1
CA,17,680744,1,7,45,10
EIE,20,680459,1,7,45,1
EZE,21,680735,1,7,45,10
EIE,20,680802,1,7,45,12
CA,17,680551,1,7,45,4
CA,17,680540,1,7,45,4
CA,17,680556,1,7,45,4
CA,17,680728,1,7,45,10
EIE,20,680811,1,7,45,12
BE,7,680491,1,7,45,2
EIE,20,680812,1,7,45,12
CA,17,680778,1,7,45,11
CA,17,680500,1,7,45,2
EIE,20,680465,1,7,45,1
SZ,26,680583,1,7,45,5
EIE,20,680797,1,7,45,12
UK,27,680517,1,7,45,3
EIE,20,680500,1,7,45,2
EZE,21,680474,1,7,45,1
UK,28,680775,1,7,45,11
EIE,20,680796,1,7,45,12
EIE,20,680498,1,7,45,2
EIE,20,680808,1,7,45,12
EIE,20,680504,1,7,45,2
CA,17,680782,1,7,45,12
UK,28,680456,1,7,45,1
GME,23,680494,1,7,45,2
UK,27,680516,1,7,45,3
ITE,24,680774,1,7,45,11
ITE,25,680799,1,7,45,12
UK,27,680741,1,7,45,10
GME,23,680735,1,7,45,10
EZE,21,680500,1,7,45,2
GME,23,680765,1,7,45,11
ITE,25,680504,1,7,45,2
ITE,24,680783,1,7,45,12
UK,27,680811,1,7,45,12
ITE,25,680797,1,7,45,12
UK,28,680800,1,7,45,12
SZ,26,680601,1,7,45,6
GME,23,680492,1,7,45,2
UK,27,680810,1,7,45,12
UK,27,680456,1,7,45,1
GME,23,680550,1,7,45,4
GM,22,680528,1,7,45,3
GME,23,680551,1,7,45,4
GME,23,680723,1,7,45,10
ITE,24,680800,1,8,46,12
GM,22,680527,1,8,46,3
GME,23,680591,1,8,46,5
ITE,24,680495,1,8,46,2
AU,6,680473,1,8,46,1
ITE,24,680492,1,8,46,2
GME,23,680537,1,8,46,3
ITE,25,680502,1,8,46,2
EZE,21,680550,1,8,46,4
AU,6,680725,1,8,46,10
ITE,24,680775,1,8,46,11
EZE,21,680766,1,8,46,11
BE,7,680772,1,8,46,11
GM,22,680529,1,8,46,3
BE,7,680780,1,8,46,11
ITE,25,680544,1,8,46,4
BE,7,680778,1,8,46,11
EZE,21,680547,1,8,46,4
UK,28,680526,1,8,46,3
EZE,21,680724,1,8,46,10
GM,22,680492,1,8,46,2
UK,27,680470,1,8,46,1
ITE,24,680799,1,8,46,12
SZ,26,680692,1,8,46,9
ITE,24,680772,1,8,46,11
BE,7,680787,1,8,46,12
SZ,26,680634,1,8,46,7
UK,27,680522,1,8,46,3
ITE,24,680801,1,8,46,12
ITE,25,680481,1,8,46,2
BE,7,680767,1,8,46,11
UK,28,680773,1,8,46,11
EZE,21,680470,1,8,46,1
UK,27,680776,1,8,46,11
EZE,21,680539,1,8,46,4
SZ,26,680573,1,8,46,5
UK,28,680762,1,8,46,11
BE,7,680771,1,8,46,11
UK,27,680762,1,8,46,11
UK,27,680508,1,8,46,3
UK,28,680765,1,8,46,11
UK,28,680776,1,8,46,11
BE,7,680543,1,8,46,4
UK,28,680789,1,8,46,12
EZE,21,680540,1,8,46,4
EIE,20,680777,1,8,46,11
EIE,20,680462,1,8,46,1
BE,7,680522,1,8,46,3
EIE,20,680810,1,8,46,12
EIE,20,680450,1,8,46,1
EIE,20,680497,1,8,46,2
UK,28,680507,1,8,46,3
SZ,26,680712,1,8,46,9
EIE,20,680448,1,8,46,1
UK,28,680793,1,8,46,12
EZE,21,680755,1,8,46,11
BE,7,680791,1,8,46,12
GME,23,680548,1,8,46,4
ITE,24,680545,1,8,46,4
EZE,21,680767,1,8,46,11
GM,22,680774,1,8,46,11
EIE,20,680460,1,8,46,1
GME,23,680529,1,8,46,3
CA,17,680544,1,8,46,4
EZE,21,680541,1,8,46,4
CA,17,680541,1,8,46,4
ITE,24,680501,1,8,46,2
ITE,25,680505,1,8,46,2
EIE,20,680485,1,8,46,2
GM,22,680474,1,8,46,1
AU,6,680755,1,8,46,11
ITE,24,680761,1,8,46,11
ITE,25,680512,1,8,46,3
SZ,26,680642,1,8,46,7
GM,22,680519,1,8,46,3
UK,28,680788,1,8,46,12
BE,7,680544,1,8,46,4
UK,28,680758,1,8,46,11
GM,22,680770,1,8,46,11
SZ,26,680578,1,8,46,5
UK,27,680809,1,8,46,12
BE,7,680518,1,8,46,3
BE,7,680545,1,8,46,4
ITE,24,680510,1,8,46,3
BE,7,680774,1,8,46,11
AU,6,680553,1,8,46,4
SZ,26,680672,1,8,46,8
SZ,26,680633,1,8,46,7
UK,28,680781,1,8,46,11
UK,27,680528,1,8,46,3
UK,27,680471,1,8,46,1
ITE,25,680510,1,8,46,3
UK,27,680457,1,8,46,1
UK,28,680542,1,8,46,4
UK,27,680465,1,8,46,1
GM,22,680735,1,8,46,10
GM,22,680470,1,8,46,1
EZE,21,680522,1,8,46,3
SZ,26,680716,1,8,46,9
AU,6,680510,1,8,46,3
ITE,25,680798,1,8,46,12
ITE,24,680767,1,8,46,11
AU,6,680536,1,8,46,3
BE,7,680775,1,8,46,11
SZ,26,680682,1,8,46,8
AU,6,680771,1,8,47,11
UK,27,680538,1,8,47,4
GME,23,680536,1,8,47,3
ITE,24,680493,1,8,47,2
EZE,21,680722,1,8,47,10
ITE,24,680534,1,8,47,3
AU,6,680723,1,8,47,10
UK,27,680529,1,8,47,3
ITE,24,680757,1,8,47,11
BE,7,680534,1,8,47,3
UK,28,680790,1,8,47,12
UK,27,680458,1,8,47,1
ITE,24,680504,1,8,47,2
GM,22,680504,1,8,47,2
UK,27,680767,1,8,47,11
UK,27,680509,1,8,47,3
UK,27,680758,1,8,47,11
UK,27,680518,1,8,47,3
BE,7,680755,1,8,47,11
GM,22,680518,1,8,47,3
SZ,26,680701,1,8,47,9
UK,27,680763,1,8,47,11
BE,7,680489,1,8,47,2
UK,28,680752,1,8,47,11
SZ,26,680563,1,8,47,4
UK,28,680521,1,8,47,3
EZE,21,680736,1,8,47,10
BE,7,680751,1,8,47,10
BE,7,680750,1,8,47,10
BE,7,680536,1,8,47,3
EZE,21,680494,1,8,47,2
ITE,25,680782,1,8,47,12
UK,28,680532,1,8,47,3
UK,28,680759,1,8,47,11
BE,7,680788,1,8,47,12
GME,23,680518,1,8,47,3
BE,7,680756,1,8,47,11
UK,28,680533,1,8,47,3
AU,6,680770,1,8,47,11
ITE,24,680536,1,8,47,3
GME,23,680510,1,8,47,3
AU,6,680540,1,8,47,4
EZE,21,680553,1,8,47,4
GME,23,680511,1,8,47,3
UK,28,680756,1,8,47,11
EIE,20,680480,1,8,47,2
AU,6,680777,1,8,47,11
AU,6,680724,1,8,47,10
EIE,20,680471,1,8,47,1
EIE,20,680512,1,8,47,3
GME,23,680493,1,8,47,2
GME,23,680512,1,8,47,3
EIE,20,680461,1,8,47,1
CA,17,680761,1,8,47,11
EZE,21,680726,1,8,47,10
GM,22,680494,1,8,47,2
EZE,21,680770,1,8,47,11
GME,23,680568,1,8,47,5
UK,27,680782,1,8,47,12
GME,23,680528,1,8,47,3
GME,23,680469,1,8,47,1
GM,22,680548,1,8,47,4
CA,17,680548,1,8,47,4
EIE,20,680458,1,8,47,1
EIE,20,680483,1,8,47,2
UK,28,680751,1,8,47,10
GME,23,680767,1,8,47,11
GME,23,680527,1,8,47,3
EIE,20,680778,1,8,47,11
GME,23,680592,1,8,47,5
EZE,21,680570,1,8,47,5
EIE,20,680809,1,8,47,12
AU,6,680552,1,8,47,4
ITE,25,680509,1,8,47,3
GME,23,680736,1,8,47,10
GME,23,680722,1,8,47,10
UK,27,680795,1,8,47,12
AU,6,680769,1,8,47,11
ITE,25,680511,1,8,47,3
ITE,24,680797,1,8,47,12
ITE,25,680765,1,8,47,11
GM,22,680540,1,8,47,4
ITE,24,680498,1,8,47,2
ITE,25,680810,1,8,47,12
GM,22,680722,1,8,47,10
UK,28,680534,1,8,47,3
GM,22,680550,1,8,47,4
ITE,24,680798,1,8,47,12
EZE,21,680756,1,8,47,11
ITE,25,680796,1,8,47,12
UK,27,680757,1,8,47,11
GME,23,680766,1,8,47,11
GME,23,680770,1,8,47,11
UK,27,680461,1,8,47,1
ITE,25,680506,1,8,47,2
BE,7,680773,1,8,47,11
ITE,25,680760,1,8,47,11
BE,7,680766,1,8,47,11
UK,27,680462,1,8,47,1
UK,27,680469,1,8,47,1
UK,27,680463,1,8,47,1
SZ,26,680586,1,8,47,5
EZE,21,680491,1,9,47,2
GM,22,680765,1,9,47,11
SZ,26,680679,1,9,47,8
EZE,21,680527,1,9,47,3
EZE,21,680518,1,9,47,3
GM,22,680490,1,9,47,2
BE,7,680792,1,9,47,12
GM,22,680535,1,9,47,3
EZE,21,680572,1,9,47,5
GME,23,680516,1,9,47,3
ITE,25,680772,1,9,47,11
UK,27,680759,1,9,47,11
AU,6,680534,1,9,47,3
GM,22,680576,1,9,47,5
UK,27,680534,1,9,47,3
GM,22,680767,1,9,47,11
UK,27,680474,1,9,47,1
UK,27,680793,1,9,48,12
SZ,26,680623,1,9,48,6
SZ,26,680587,1,9,48,5
UK,28,680470,1,9,48,1
UK,27,680770,1,9,48,11
EZE,21,680535,1,9,48,3
UK,27,680766,1,9,48,11
SZ,26,680697,1,9,48,9
BE,7,680770,1,9,48,11
EZE,21,680576,1,9,48,5
BE,7,680467,1,9,48,1
ITE,25,680763,1,9,48,11
SZ,26,680651,1,9,48,7
GME,23,680552,1,9,48,4
SZ,26,680678,1,9,48,8
GME,23,680531,1,9,48,3
ITE,25,680513,1,9,48,3
UK,28,680473,1,9,48,1
GM,22,680736,1,9,48,10
GM,22,680469,1,9,48,1
GM,22,680491,1,9,48,2
AU,6,680503,1,9,48,2
UK,28,680506,1,9,48,2
AU,6,680539,1,9,48,4
UK,28,680792,1,9,48,12
ITE,24,680760,1,9,48,11
UK,27,680510,1,9,48,3
UK,28,680464,1,9,48,1
UK,28,680471,1,9,48,1
UK,28,680754,1,9,48,11
GME,23,680726,1,9,48,10
ITE,25,680781,1,9,48,11
GM,22,680572,1,9,48,5
SZ,26,680650,1,9,48,7
UK,28,680515,1,9,48,3
ITE,24,680508,1,9,48,3
ITE,24,680781,1,9,48,11
UK,28,680528,1,9,48,3
EIE,20,680473,1,9,48,1
CA,17,680737,1,9,48,10
UK,28,680779,1,9,48,11
EIE,20,680533,1,9,48,3
EZE,21,680492,1,9,48,2
UK,27,680791,1,9,48,12
CA,17,680733,1,9,48,10
EIE,20,680532,1,9,48,3
EIE,20,680514,1,9,48,3
CA,17,680574,1,9,48,5
GME,23,680517,1,9,48,3
EZE,21,680552,1,9,48,4
EIE,20,680782,1,9,48,12
CA,17,680736,1,9,48,10
ITE,25,680809,1,9,48,12
EIE,20,680496,1,9,48,2
BE,7,680542,1,9,48,4
EIE,20,680765,1,9,48,11
EZE,21,680493,1,9,48,2
ITE,24,680530,1,9,48,3
GM,22,680522,1,9,48,3
EIE,20,680776,1,9,48,11
EIE,20,680754,1,9,48,11
GME,23,680553,1,9,48,4
EIE,20,680779,1,9,48,11
EZE,21,680530,1,9,48,3
EIE,20,680479,1,9,48,2
CA,17,680729,1,9,48,10
CA,17,680757,1,9,48,11
CA,17,680570,1,9,48,5
EIE,20,680538,1,9,48,4
UK,28,680766,1,9,48,11
CA,17,680738,1,9,48,10
EIE,20,680486,1,9,48,2
EIE,20,680506,1,9,48,2
CA,17,680543,1,9,48,4
EIE,20,680488,1,9,48,2
EZE,21,680519,1,9,48,3
EIE,20,680775,1,9,48,11
EIE,20,680463,1,9,48,1
GM,22,680509,1,9,48,3
AU,6,680537,1,9,48,3
EZE,21,680537,1,9,48,3
BE,7,680779,1,9,48,11
GME,23,680576,1,9,48,5
EZE,21,680549,1,9,48,4
AU,6,680765,1,9,48,11
SZ,26,680620,1,9,48,6
EZE,21,680573,1,9,48,5
AU,6,680535,1,9,48,3
AGE,1,680450,1,9,48,1
UK,27,680773,1,9,48,11
BE,7,680793,1,9,48,12
ITE,24,680511,1,9,48,3
AU,6,680736,1,9,48,10
GM,22,680766,1,9,48,11
SZ,26,680602,1,9,48,6
AU,6,680735,1,9,48,10
UK,28,680504,1,9,48,2
GM,22,680725,1,9,48,10
UK,28,680505,1,9,49,2
SZ,26,680603,1,9,49,6
UK,28,680522,1,9,49,3
EZE,21,680749,1,9,49,10
UK,27,680744,1,9,49,10
SZ,26,680588,1,9,49,5
SZ,26,680674,1,9,49,8
BE,7,680506,1,9,49,2
BE,7,680516,1,9,49,3
SZ,26,680648,1,9,49,7
ITE,24,680782,1,9,49,12
UK,27,680511,1,9,49,3
BE,7,680517,1,9,49,3
GME,23,680728,1,9,49,10
UK,28,680479,1,9,49,2
UK,28,680492,1,9,49,2
UK,28,680782,1,9,49,12
UK,28,680517,1,9,49,3
UK,27,680527,1,9,49,3
BE,7,680493,1,9,49,2
BE,7,680523,1,9,49,3
BE,7,680492,1,9,49,2
GME,23,680547,1,9,49,4
UK,28,680523,1,9,49,3
GME,23,680554,1,9,49,4
CA,17,680567,1,9,49,4
UK,28,680468,1,9,49,1
EIE,20,680492,1,9,49,2
CA,17,680720,1,9,49,9
EIE,20,680781,1,9,49,11
UK,28,680755,1,9,49,11
EIE,20,680769,1,9,49,11
EIE,20,680542,1,9,49,4
EIE,20,680770,1,9,49,11
UK,28,680753,1,9,49,11
GM,22,680526,1,9,49,3
EIE,20,680670,1,9,49,8
EIE,20,680772,1,9,49,11
EIE,20,680474,1,9,49,1
EIE,20,680764,1,9,49,11
ITE,25,680508,1,9,49,3
CA,17,680732,1,9,49,10
EIE,20,680478,1,9,49,2
EIE,20,680472,1,9,49,1
AU,6,680766,1,9,49,11
EIE,20,680511,1,9,49,3
EIE,20,680522,1,9,49,3
UK,27,680753,1,9,49,11
CA,17,680553,1,9,49,4
EIE,20,680447,1,9,49,1
CA,17,680555,1,9,49,4
EIE,20,680487,1,9,49,2
EIE,20,680795,1,9,49,12
EIE,20,680791,1,9,49,12
EIE,20,680484,1,9,49,2
EIE,20,680469,1,9,49,1
EIE,20,680773,1,9,49,11
CA,17,680561,1,9,49,4
UK,27,680780,1,9,49,11
UK,28,680780,1,9,49,11
EIE,20,680537,1,9,49,3
UK,27,680794,1,9,49,12
EIE,20,680517,1,9,49,3
SZ,26,680654,1,9,49,7
UK,28,680465,1,9,49,1
EIE,20,680481,1,9,49,2
EIE,20,680470,1,9,49,1
EZE,21,680559,1,9,49,4
GM,22,680530,1,9,49,3
CA,17,680565,1,9,49,4
EIE,20,680534,1,9,49,3
ITE,24,680780,1,9,49,11
EZE,21,680567,1,10,49,4
AU,6,680530,1,10,49,3
GM,22,680537,1,10,49,3
AGE,1,680451,1,10,49,1
AU,6,680527,1,10,49,3
EZE,21,680551,1,10,49,4
EZE,21,680727,1,10,49,10
AU,6,680551,1,10,49,4
EZE,21,680569,1,10,49,5
GME,23,680727,1,10,49,10
BE,7,680724,1,10,49,10
EZE,21,680510,1,10,49,3
AU,6,680549,1,10,49,4
EZE,21,680554,1,10,49,4
UK,28,680552,1,10,49,4
UK,27,680467,1,10,49,1
BE,7,680521,1,10,49,3
ITE,25,680773,1,10,49,11
UK,27,680781,1,10,49,11
GM,22,680551,1,10,49,4
SZ,26,680624,1,10,49,6
UK,27,680787,1,10,49,12
UK,27,680475,1,10,49,1
GME,23,680575,1,10,49,5
ITE,24,680524,1,10,49,3
UK,27,680476,1,10,49,1
AU,6,680474,1,10,49,1
ITE,24,680559,1,10,49,4
ITE,25,680800,1,10,49,12
UK,28,680477,1,10,49,1
BE,7,680504,1,10,49,2
BE,7,680546,1,10,49,4
UK,27,680536,1,10,49,3
BE,7,680539,1,10,49,4
UK,27,680739,1,10,49,10
UK,28,680787,1,10,49,12
UK,27,680740,1,10,49,10
UK,27,680537,1,10,49,3
UK,27,680751,1,10,49,10
UK,27,680525,1,10,50,3
SZ,26,680689,1,10,50,8
UK,28,680537,1,10,50,3
ITE,25,680545,1,10,50,4
AU,6,680768,1,10,50,11
SZ,26,680575,1,10,50,5
ITE,24,680523,1,10,50,3
BE,7,680529,1,10,50,3
AU,6,680541,1,10,50,4
AU,6,680572,1,10,50,5
EZE,21,680517,1,10,50,3
GME,23,680520,1,10,50,3
AU,6,680726,1,10,50,10
GM,22,680517,1,10,50,3
GM,22,680727,1,10,50,10
BE,7,680469,1,10,50,1
UK,27,680783,1,10,50,12
GM,22,680726,1,10,50,10
BE,7,680490,1,10,50,2
UK,28,680763,1,10,50,11
GM,22,680541,1,10,50,4
GME,23,680749,1,10,50,10
EZE,21,680528,1,10,50,3
EZE,21,680768,1,10,50,11
GM,22,680554,1,10,50,4
UK,28,680508,1,10,50,3
UK,28,680512,1,10,50,3
SZ,26,680619,1,10,50,6
UK,28,680749,1,10,50,10
GM,22,680553,1,10,50,4
EZE,21,680591,1,10,50,5
UK,27,680752,1,10,50,11
GM,22,680729,1,10,50,10
UK,27,680743,1,10,50,10
UK,28,680750,1,10,50,10
SZ,26,680698,1,10,50,9
UK,28,680516,1,10,50,3
GM,22,680570,1,10,50,5
UK,28,680535,1,10,50,3
EIE,20,680513,1,10,50,3
ASN,4,680631,1,10,50,7
CA,17,680545,1,10,50,4
AGE,1,680483,1,10,50,2
AU,6,680576,1,10,50,5
EIE,20,680753,1,10,50,11
GME,23,680729,1,10,50,10
CA,17,680557,1,10,50,4
EIE,20,680477,1,10,50,1
EIE,20,680790,1,10,50,12
CA,17,680750,1,10,50,10
EIE,20,680539,1,10,50,4
EIE,20,680518,1,10,50,3
GM,22,680516,1,10,50,3
EIE,20,680743,1,10,50,10
EIE,20,680767,1,10,50,11
UK,27,680535,1,10,50,3
EIE,20,680536,1,10,50,3
EIE,20,680491,1,10,50,2
EIE,20,680755,1,10,50,11
ASN,5,680623,1,10,50,6
GME,23,680595,1,10,50,5
CA,17,680747,1,10,50,10
EZE,21,680531,1,10,50,3
EIE,20,680531,1,10,50,3
EIE,20,680475,1,10,50,1
EIE,20,680763,1,10,50,11
EIE,20,680515,1,10,50,3
EIE,20,680761,1,10,50,11
EIE,20,680752,1,10,50,11
EIE,20,680783,1,10,50,12
AU,6,680470,1,10,50,1
EIE,20,680540,1,10,50,4
ITE,25,680761,1,10,50,11
EIE,20,680794,1,10,50,12
EIE,20,680489,1,10,50,2
EIE,20,680493,1,10,50,2
CA,17,680741,1,10,50,10
ITE,25,680554,1,10,50,4
UK,27,680745,1,10,50,10
CA,17,680554,1,10,50,4
GME,23,680549,1,10,50,4
AGE,1,680497,1,10,50,2
BE,7,680764,1,10,50,11
EIE,20,680520,1,10,50,3
EIE,20,680780,1,10,50,11
CA,17,680746,1,10,50,10
UK,28,680510,1,10,50,3
EIE,20,680746,1,10,50,10
CA,17,680784,1,10,50,12
UK,27,680521,1,10,50,3
CA,17,680552,1,10,50,4
CA,17,680510,1,10,50,3
EIE,20,680792,1,10,50,12
EIE,20,680766,1,10,50,11
CA,17,680749,1,10,50,10
EIE,20,680482,1,10,50,2
GME,23,680732,1,10,50,10
EIE,20,680508,1,10,50,3
EIE,20,680507,1,10,50,3
CA,17,680740,1,10,50,10
GM,22,680547,1,10,50,4
SZ,26,680639,1,10,50,7
ITE,24,680554,1,10,50,4
GM,22,680568,1,10,50,5
UK,28,680791,1,10,50,12
ITE,24,680764,1,10,50,11
BE,7,680537,1,10,50,3
ASN,4,680646,1,10,50,7
ASN,4,680630,1,10,50,7
UK,27,680765,1,10,50,11
GME,23,680734,1,10,50,10
UK,27,680788,1,10,50,12
ITE,25,680767,1,10,50,11
GM,22,680593,1,10,50,5
GM,22,680533,1,10,50,3
GME,23,680558,1,10,50,4
BE,7,680723,1,10,50,10
SZ,26,680585,1,10,50,5
SZ,26,680669,1,10,50,8
UK,27,680769,1,10,50,11
UK,27,680491,1,10,50,2
UK,27,680468,1,10,50,1
ITE,25,680779,1,10,50,11
UK,27,680531,1,10,50,3
UK,27,680754,1,10,50,11
ITE,25,680769,1,10,50,11
UK,27,680489,1,10,50,2
ITE,25,680534,1,10,50,3
BE,7,680519,1,10,50,3
ASN,4,680623,1,10,50,6
UK,27,680492,1,10,51,2
BE,7,680468,1,10,51,1
UK,27,680472,1,10,51,1
GME,23,680538,1,10,51,4
GME,23,680567,1,10,51,4
GME,23,680555,1,10,51,4
ITE,24,680525,1,10,51,3
BE,7,680508,1,10,51,3
GM,22,680493,1,10,51,2
UK,28,680529,1,10,51,3
GM,22,680734,1,10,51,10
ITE,24,680756,1,10,51,11
BE,7,680765,1,10,51,11
UK,27,680524,1,10,51,3
ITE,24,680779,1,10,51,11
UK,28,680783,1,10,51,12
EZE,21,680558,1,10,51,4
AU,6,680558,1,10,51,4
EZE,21,680729,1,10,51,10
GM,22,680552,1,10,51,4
UK,28,680764,1,10,51,11
UK,28,680772,1,10,51,11
AU,6,680491,1,10,51,2
UK,28,680490,1,10,51,2
AU,6,680568,1,10,51,5
UK,27,680473,1,10,51,1
BE,7,680524,1,10,51,3
GM,22,680538,1,10,51,4
ITE,25,680530,1,10,51,3
UK,28,680478,1,10,51,2
SZ,26,680574,1,10,51,5
SZ,26,680630,1,10,51,7
EZE,21,680734,1,10,51,10
EZE,21,680520,1,10,51,3
GME,23,680532,1,10,51,3
ASN,4,680645,1,10,51,7
EZE,21,680538,1,10,51,4
UK,28,680466,1,10,51,1
UK,28,680786,1,10,51,12
BE,7,680507,1,10,51,3
AU,6,680550,1,10,51,4
AGE,1,680479,1,10,51,2
UK,28,680472,1,10,51,1
ITE,25,680766,1,10,51,11
BE,7,680541,1,10,51,4
AU,6,680517,1,10,51,3
ITE,25,680524,1,10,51,3
ASN,4,680668,1,10,51,8
ITE,25,680523,1,10,51,3
AU,6,680499,1,11,51,2
EIE,20,680495,1,11,51,2
EIE,20,680490,1,11,51,2
SZ,26,680677,1,11,51,8
GME,23,680533,1,11,51,3
GM,22,680559,1,11,51,4
CA,17,680745,1,11,51,10
EIE,20,680784,1,11,51,12
BE,7,680570,1,11,51,5
EIE,20,680771,1,11,51,11
GM,22,680520,1,11,51,3
GM,22,680555,1,11,51,4
EIE,20,680519,1,11,51,3
EIE,20,680742,1,11,51,10
GM,22,680567,1,11,51,4
CA,17,680560,1,11,51,4
CA,17,680562,1,11,51,4
EIE,20,680516,1,11,51,3
EIE,20,680744,1,11,51,10
GME,23,680513,1,11,51,3
UK,27,680755,1,11,51,11
GME,23,680593,1,11,51,5
EIE,20,680509,1,11,51,3
EIE,20,680788,1,11,51,12
EIE,20,680793,1,11,51,12
EIE,20,680535,1,11,51,3
CA,17,680779,1,11,51,11
GM,22,680536,1,11,51,3
EIE,20,680476,1,11,51,1
EIE,20,680774,1,11,51,11
ITE,24,680754,1,11,51,11
EIE,20,680768,1,11,51,11
BE,7,680505,1,11,51,2
UK,27,680539,1,11,51,4
CA,17,680566,1,11,51,4
EIE,20,680541,1,11,51,4
CA,17,680739,1,11,51,10
UK,27,680772,1,11,51,11
ITE,25,680525,1,11,51,3
ITE,25,680753,1,11,51,11
ASN,4,680677,1,11,51,8
EZE,21,680731,1,11,51,10
UK,27,680477,1,11,51,1
ITE,25,680771,1,11,51,11
EZE,21,680730,1,11,51,10
UK,28,680564,1,11,51,4
EZE,21,680536,1,11,51,3
EZE,21,680728,1,11,51,10
SZ,26,680610,1,11,51,6
UK,27,680792,1,11,51,12
EZE,21,680511,1,11,51,3
GM,22,680569,1,11,51,5
AU,6,680727,1,11,51,10
UK,28,680518,1,11,51,3
UK,27,680478,1,11,51,2
GM,22,680558,1,11,51,4
GME,23,680731,1,11,51,10
ITE,24,680512,1,11,51,3
GM,22,680549,1,11,51,4
ITE,25,680507,1,11,51,3
UK,27,680742,1,11,51,10
UK,28,680597,1,11,51,5
AU,6,680722,1,11,51,10
ITE,24,680533,1,11,51,3
BE,7,680749,1,11,51,10
SZ,26,680680,1,11,51,8
GME,23,680720,1,11,51,9
BE,7,680538,1,11,51,4
ITE,25,680764,1,11,51,11
AU,6,680538,1,11,51,4
BE,7,680565,1,11,51,4
SZ,26,680637,1,11,51,7
ITE,25,680536,1,11,51,3
GM,22,680595,1,11,52,5
BE,7,680520,1,11,52,3
AU,6,680573,1,11,52,5
SZ,26,680690,1,11,52,8
SZ,26,680604,1,11,52,6
UK,28,680543,1,11,52,4
ITE,24,680773,1,11,52,11
GME,23,680566,1,11,52,4
ASN,2,680619,1,11,52,6
SZ,26,680641,1,11,52,7
UK,28,680538,1,11,52,4
ITE,24,680507,1,11,52,3
AU,6,680749,1,11,52,10
BE,7,680540,1,11,52,4
GM,22,680731,1,11,52,10
GM,22,680732,1,11,52,10
ITE,24,680547,1,11,52,4
SZ,26,680638,1,11,52,7
AGE,1,680478,1,11,52,2
ITE,24,680527,1,11,52,3
ITE,24,680768,1,11,52,11
GM,22,680573,1,11,52,5
GM,22,680749,1,11,52,10
EZE,21,680593,1,11,52,5
BE,7,680735,1,11,52,10
ITE,25,680535,1,11,52,3
AU,6,680526,1,11,52,3
SZ,26,680631,1,11,52,7
ITE,25,680757,1,11,52,11
AGE,1,680485,1,11,52,2
GME,23,680730,1,11,52,10
SZ,26,680643,1,11,52,7
UK,28,680511,1,11,52,3
GM,22,680511,1,11,52,3
GM,22,680728,1,11,52,10
EZE,21,680516,1,11,52,3
EIE,20,680751,1,11,52,10
EIE,20,680529,1,11,52,3
EIE,20,680762,1,11,52,11
EIE,20,680786,1,11,52,12
EIE,20,680747,1,11,52,10
GME,23,680721,1,11,52,10
SZ,26,680646,1,11,52,7
CA,17,680721,1,11,52,10
GM,22,680592,1,11,52,5
ASN,4,680658,1,11,52,7
EIE,20,680494,1,11,52,2
CA,17,680734,1,11,52,10
UK,28,680768,1,11,52,11
ASN,4,680632,1,11,52,7
EIE,20,680745,1,11,52,10
GME,23,680733,1,11,52,10
EIE,20,680758,1,11,52,11
EIE,20,680510,1,11,52,3
EIE,20,680741,1,11,52,10
EIE,20,680521,1,11,52,3
GM,22,680746,1,11,52,10
CA,17,680748,1,11,52,10
GME,23,680521,1,11,52,3
ASN,4,680608,1,11,52,6
UK,28,680771,1,11,52,11
CA,17,680731,1,11,52,10
BE,7,680528,1,11,52,3
BE,7,680514,1,11,52,3
SZ,26,680691,1,11,52,9
EZE,21,680512,1,11,52,3
UK,27,680778,1,11,52,11
BE,7,680722,1,11,52,10
UK,28,680723,1,11,52,10
ASN,4,680640,1,11,52,7
UK,27,680779,1,11,52,11
EZE,21,680594,1,11,52,5
ITE,24,680777,1,11,52,11
ITE,24,680769,1,11,52,11
UK,27,680771,1,11,52,11
UK,27,680490,1,11,52,2
UK,27,680764,1,11,52,11
BE,7,680509,1,11,52,3
UK,28,680536,1,11,52,3
ITE,24,680535,1,11,52,3
UK,28,680784,1,11,52,12
AU,6,680734,1,11,52,10
ASN,4,680681,1,11,52,8
SZ,26,680584,1,11,52,5
ITE,24,680509,1,11,52,3
GM,22,680510,1,11,52,3
GME,23,680556,1,11,52,4
UK,27,680731,1,11,52,10
EZE,21,680732,1,11,52,10
UK,27,680526,1,11,52,3
BE,7,680530,1,11,52,3
EZE,21,680555,1,11,52,4
UK,27,680748,1,11,52,10
ITE,25,680514,1,11,53,3
UK,27,680542,1,11,53,4
BE,7,680515,1,11,53,3
UK,27,680519,1,11,53,3
SZ,26,680681,1,11,53,8
UK,27,680543,1,11,53,4
ITE,25,680768,1,11,53,11
ITE,24,680753,1,11,53,11
AGE,1,680452,1,12,53,1
ASN,4,680644,1,12,53,7
AGE,1,680480,1,12,53,2
ITE,24,680770,1,12,53,11
BE,7,680725,1,12,53,10
AU,6,680519,1,12,53,3
SZ,26,680676,1,12,53,8
AGE,1,680481,1,12,53,2
AGE,1,680471,1,12,53,1
ASN,4,680609,1,12,53,6
BE,7,680768,1,12,53,11
UK,28,680769,1,12,53,11
SZ,26,680675,1,12,53,8
EZE,21,680737,1,12,53,10
UK,28,680770,1,12,53,11
BE,7,680567,1,12,53,4
UK,27,680756,1,12,53,11
UK,28,680785,1,12,53,12
ASN,4,680622,1,12,53,6
UK,28,680520,1,12,53,3
UK,27,680530,1,12,53,3
UK,27,680576,1,12,53,5
GME,23,680514,1,12,53,3
EZE,21,680720,1,12,53,9
EZE,21,680597,1,12,53,5
GM,22,680721,1,12,53,10
AU,6,680528,1,12,53,3
EIE,20,680789,1,12,53,12
ASN,4,680666,1,12,53,8
BE,7,680769,1,12,53,11
BE,7,680566,1,12,53,4
EIE,20,680785,1,12,53,12
EZE,21,680721,1,12,53,10
ASN,4,680618,1,12,53,6
ASN,4,680643,1,12,53,7
EIE,20,680756,1,12,53,11
EIE,20,680530,1,12,53,3
EIE,20,680787,1,12,53,12
UK,28,680488,1,12,53,2
ASN,2,680608,1,12,53,6
ASN,5,680677,1,12,53,8
UK,27,680750,1,12,53,10
EIE,20,680748,1,12,53,10
AGE,1,680507,1,12,53,3
CA,17,680743,1,12,53,10
EZE,21,680577,1,12,53,5
CA,17,680577,1,12,53,5
CA,17,680781,1,12,53,11
ITE,25,680526,1,12,53,3
EIE,20,680759,1,12,53,11
EIE,20,680523,1,12,53,3
CA,17,680569,1,12,53,5
UK,27,680738,1,12,53,10
ASN,4,680725,1,12,53,10
EIE,20,680760,1,12,53,11
ITE,24,680771,1,12,53,11
SZ,26,680658,1,12,53,7
AU,6,680501,1,12,53,2
ITE,25,680754,1,12,53,11
BE,7,680550,1,12,53,4
GME,23,680577,1,12,53,5
EZE,21,680566,1,12,53,4
AU,6,680730,1,12,53,10
ITE,25,680744,1,12,53,10
GM,22,680733,1,12,53,10
GM,22,680737,1,12,53,10
GME,23,680594,1,12,53,5
GME,23,680597,1,12,53,5
GM,22,680597,1,12,53,5
ITE,24,680727,1,12,53,10
UK,28,680722,1,12,53,10
EZE,21,680595,1,12,53,5
AU,6,680531,1,12,53,3
UK,27,680732,1,12,53,10
BE,7,680532,1,12,54,3
UK,27,680552,1,12,54,4
AU,6,680729,1,12,54,10
GME,23,680737,1,12,54,10
UK,27,680523,1,12,54,3
UK,27,680520,1,12,54,3
AU,6,680511,1,12,54,3
AGE,1,680787,1,12,54,12
AGE,1,680486,1,12,54,2
AGE,1,680495,1,12,54,2
AU,6,680732,1,12,54,10
GM,22,680730,1,12,54,10
AGE,1,680811,1,12,54,12
ITE,25,680778,1,12,54,11
AGE,1,680465,1,12,54,1
UK,28,680729,1,12,54,10
ITE,24,680521,1,12,54,3
UK,28,680467,1,12,54,1
ASN,2,680691,1,12,54,9
ASN,4,680604,1,12,54,6
ASN,4,680647,1,12,54,7
AU,6,680728,1,12,54,10
SZ,26,680662,1,12,54,8
GME,23,680564,1,12,54,4
EZE,21,680556,1,12,54,4
GM,22,680512,1,12,54,3
ITE,25,680533,1,12,54,3
UK,27,680768,1,12,54,11
CA,17,680568,1,12,54,5
UK,27,680784,1,12,54,12
EIE,20,680757,1,12,54,11
CA,17,680735,1,12,54,10
CA,17,680758,1,12,54,11
EIE,20,680734,1,12,54,10
ASN,5,680659,1,12,54,7
UK,28,680777,1,12,54,11
CA,17,680742,1,12,54,10
UK,28,680767,1,12,54,11
ASN,4,680690,1,12,54,8
ASN,5,680632,1,12,54,7
UK,27,680786,1,12,54,12
ASN,5,680646,1,12,54,7
UK,28,680748,1,12,54,10
AGE,1,680499,1,12,54,2
EIE,20,680750,1,12,54,10
CA,17,680608,1,12,54,6
EIE,20,680749,1,12,54,10
EIE,20,680544,1,12,54,4
BE,7,680733,1,12,54,10
EIE,20,680528,1,12,54,3
EZE,21,680548,1,12,54,4
BE,7,680728,1,12,54,10
BE,7,680571,1,12,54,5
ITE,24,680725,1,12,54,10
GM,22,680591,1,12,54,5
ASN,4,680654,1,12,54,7
AU,6,680529,1,12,54,3
EZE,21,680733,1,12,54,10
UK,27,680747,1,12,54,10
UK,27,680730,1,12,54,10
GME,23,680574,1,12,54,5
GM,22,680577,1,12,54,5
SZ,26,680649,1,12,54,7
AU,6,680554,1,12,54,4
UK,28,680728,1,12,54,10
BE,7,680727,1,12,54,10
BE,7,680729,1,12,54,10
ITE,25,680756,1,12,54,11
UK,27,680554,1,12,54,4
GM,22,680566,1,12,54,4
GM,22,680594,1,12,54,5
UK,27,680746,1,12,54,10
SZ,26,680621,1,12,54,6
EZE,21,680557,1,12,54,4
BE,7,680547,1,12,54,4
UK,28,680519,1,12,54,3
UK,27,680548,1,12,54,4
ITE,25,680770,1,12,54,11
BE,7,680734,1,12,54,10
GME,23,680590,1,12,54,5
AGE,1,680453,1,12,54,1
BE,7,680527,1,12,54,3
EZE,21,680703,1,12,54,9
AGE,1,680468,1,12,54,1
AU,6,680731,1,12,54,10
AGE,1,680482,1,12,54,2
ITE,24,680726,1,12,54,10
ITE,25,680740,1,12,54,10
ASN,4,680678,1,12,54,8
AGE,1,680467,1,12,54,1
GME,23,680684,1,12,54,8
AU,6,680493,1,12,54,2
ITE,24,680776,1,12,54,11
AGE,1,680809,1,12,54,12
ASN,4,680692,1,12,54,9
SZ,26,680655,1,12,54,7
ASN,2,680643,1,12,54,7
AGE,1,680472,1,12,54,1
AGE,1,680476,1,12,54,1
AGE,1,680466,1,12,54,1
AGE,1,680810,1,12,54,12
ITE,24,680526,1,13,55,3
UK,28,680491,1,13,55,2
AU,6,680748,1,13,55,10
ASN,4,680629,1,13,55,7
UK,27,680549,1,13,55,4
UK,28,680734,1,13,55,10
ASN,2,680630,1,13,55,7
UK,28,680544,1,13,55,4
UK,28,680732,1,13,55,10
ITE,25,680532,1,13,55,3
ASN,4,680655,1,13,55,7
AGE,1,680801,1,13,55,12
BE,7,680726,1,13,55,10
ITE,25,680528,1,13,55,3
UK,28,680778,1,13,55,11
BE,7,680512,1,13,55,3
UK,27,680596,1,13,55,5
UK,28,680730,1,13,55,10
ASN,2,680677,1,13,55,8
UK,28,680739,1,13,55,10
BE,7,680511,1,13,55,3
BE,7,680513,1,13,55,3
UK,28,680530,1,13,55,3
BE,7,680531,1,13,55,3
CA,17,680580,1,13,55,5
EZE,21,680744,1,13,55,10
CA,17,680579,1,13,55,5
ASN,4,680691,1,13,55,9
AU,6,680555,1,13,55,4
ASN,5,680681,1,13,55,8
AU,6,680518,1,13,55,3
ASN,5,680605,1,13,55,6
SZ,26,680699,1,13,55,9
SZ,26,680657,1,13,55,7
AU,6,680737,1,13,55,10
CA,17,680715,1,13,55,9
BE,7,680568,1,13,55,5
GM,22,680531,1,13,55,3
UK,27,680733,1,13,55,10
ASN,5,680663,1,13,55,8
EIE,20,680738,1,13,55,10
ITE,24,680755,1,13,55,11
EIE,20,680733,1,13,55,10
EIE,20,680740,1,13,55,10
BE,7,680525,1,13,55,3
ASN,5,680565,1,13,55,4
EIE,20,680524,1,13,55,3
CA,17,680559,1,13,55,4
ITE,24,680546,1,13,55,4
CA,17,680759,1,13,55,11
UK,27,680785,1,13,55,12
ASN,5,680625,1,13,55,6
ASN,5,680610,1,13,55,6
ASN,4,680657,1,13,55,7
UK,27,680735,1,13,55,10
EZE,21,680748,1,13,55,10
SZ,26,680666,1,13,55,8
ASN,4,680683,1,13,55,8
GM,22,680575,1,13,55,5
UK,27,680723,1,13,55,10
ASN,4,680679,1,13,55,8
ASN,4,680660,1,13,55,8
ASN,4,680726,1,13,55,10
AU,6,680673,1,13,55,8
UK,27,680749,1,13,55,10
UK,27,680722,1,13,55,10
UK,27,680727,1,13,55,10
UK,27,680563,1,13,55,4
AGE,1,680803,1,13,55,12
AGE,1,680461,1,13,55,1
ITE,24,680724,1,13,55,10
AGE,1,680796,1,13,55,12
AGE,1,680808,1,13,55,12
AGE,1,680469,1,13,55,1
UK,28,680574,1,13,55,5
AGE,1,680786,1,13,55,12
ITE,25,680515,1,13,55,3
UK,27,680729,1,13,55,10
GM,22,680513,1,13,55,3
BE,7,680554,1,13,55,4
AGE,1,680464,1,13,55,1
UK,27,680725,1,13,55,10
BE,7,680510,1,13,55,3
AGE,1,680788,1,13,55,12
ITE,24,680531,1,13,55,3
UK,28,680575,1,13,55,5
AU,6,680532,1,13,55,3
AGE,1,680804,1,13,55,12
AGE,1,680784,1,13,55,12
ASN,4,680624,1,13,56,6
ASN,2,680622,1,13,56,6
ASN,2,680640,1,13,56,7
ASN,2,680629,1,13,56,7
EZE,21,680575,1,13,56,5
UK,27,680553,1,13,56,4
AU,6,680733,1,13,56,10
AU,6,680512,1,13,56,3
SZ,26,680667,1,13,56,8
BE,7,680730,1,13,56,10
EZE,21,680741,1,13,56,10
BE,7,680593,1,13,56,5
GME,23,680741,1,13,56,10
UK,28,680592,1,13,56,5
UK,28,680562,1,13,56,4
AU,6,680703,1,13,56,9
ASN,4,680748,1,13,56,10
BE,7,680569,1,13,56,5
ITE,24,680519,1,13,56,3
ITE,24,680520,1,13,56,3
GME,23,680719,1,13,56,9
AU,6,680718,1,13,56,9
ITE,25,680521,1,13,56,3
UK,28,680563,1,13,56,4
SZ,26,680645,1,13,56,7
UK,28,680743,1,13,56,10
ITE,25,680527,1,13,56,3
ASN,4,680747,1,13,56,10
ASN,2,680628,1,13,56,6
UK,28,680744,1,13,56,10
UK,28,680548,1,13,56,4
ASN,4,680561,1,13,56,4
BE,7,680731,1,13,56,10
ASN,5,680732,1,13,56,10
BE,7,680590,1,13,56,5
ASN,5,680647,1,13,56,7
EIE,20,680732,1,13,56,10
ITE,25,680749,1,13,56,10
ASN,5,680690,1,13,56,8
ASN,5,680726,1,13,56,10
UK,28,680742,1,13,56,10
GM,22,680564,1,13,56,4
ASN,5,680719,1,13,56,9
ASN,5,680720,1,13,56,9
ASN,5,680705,1,13,56,9
ASN,5,680747,1,13,56,10
AU,6,680577,1,13,56,5
CA,17,680722,1,13,56,10
ASN,5,680692,1,13,56,9
ASN,5,680645,1,13,56,7
ASN,5,680725,1,13,56,10
CA,17,680558,1,13,56,4
ASN,5,680688,1,13,56,8
ASN,2,680631,1,13,56,7
ASN,5,680685,1,13,56,8
AU,6,680557,1,13,56,4
ASN,4,680648,1,13,56,7
CA,17,680716,1,13,56,9
ASN,5,680740,1,13,56,10
ASN,5,680658,1,13,56,7
ASN,4,680610,1,13,56,6
EIE,20,680735,1,13,56,10
ASN,5,680656,1,13,56,7
UK,28,680595,1,13,56,5
ASN,5,680606,1,13,56,6
ASN,5,680624,1,13,56,6
ASN,4,680636,1,13,56,7
EIE,20,680737,1,13,56,10
ASN,5,680592,1,13,56,5
EIE,20,680525,1,13,56,3
EIE,20,680739,1,13,56,10
ASN,5,680607,1,13,56,6
ASN,5,680648,1,13,56,7
ASN,5,680670,1,13,56,8
ASN,5,680626,1,13,56,6
AU,6,680522,1,13,56,3
GM,22,680532,1,13,56,3
UK,27,680736,1,13,56,10
GM,22,680741,1,13,56,10
ITE,25,680739,1,13,56,10
ITE,25,680522,1,13,56,3
ITE,24,680766,1,13,56,11
GME,23,680515,1,13,56,3
UK,28,680489,1,13,56,2
EZE,21,680718,1,13,56,9
ASN,2,680647,1,13,56,7
BE,7,680549,1,13,56,4
EZE,21,680716,1,13,56,9
AGE,1,680520,1,14,56,3
UK,27,680564,1,14,56,4
AGE,1,680457,1,14,56,1
GM,22,680521,1,14,56,3
ITE,24,680522,1,14,56,3
GME,23,680635,1,14,56,7
AGE,1,680758,1,14,56,11
AGE,1,680459,1,14,56,1
GM,22,680720,1,14,56,9
ASN,2,680627,1,14,56,6
EZE,21,680574,1,14,56,5
AGE,1,680783,1,14,56,12
EZE,21,680746,1,14,56,10
AGE,1,680487,1,14,56,2
BE,7,680736,1,14,56,10
AGE,1,680473,1,14,56,1
AGE,1,680805,1,14,56,12
UK,27,680737,1,14,56,10
AU,6,680556,1,14,56,4
AGE,1,680789,1,14,56,12
AGE,1,680474,1,14,56,1
AGE,1,680462,1,14,56,1
AGE,1,680475,1,14,56,1
BE,7,680682,1,14,56,8
ITE,25,680726,1,14,56,10
AGE,1,680802,1,14,56,12
GM,22,680590,1,14,56,5
AU,6,680591,1,14,56,5
BE,7,680732,1,14,56,10
ITE,25,680748,1,14,56,10
UK,27,680726,1,14,56,10
UK,27,680541,1,14,56,4
GME,23,680718,1,14,56,9
UK,28,680740,1,14,56,10
UK,28,680549,1,14,56,4
UK,28,680570,1,14,56,5
BE,7,680563,1,14,56,4
BE,7,680747,1,14,56,10
UK,28,680545,1,14,57,4
UK,28,680735,1,14,57,10
ASN,4,680621,1,14,57,6
ASN,4,680627,1,14,57,6
UK,27,680728,1,14,57,10
ASN,4,680562,1,14,57,4
BE,7,680737,1,14,57,10
UK,28,680560,1,14,57,4
ASN,4,680619,1,14,57,6
ASN,4,680625,1,14,57,6
ASN,4,680620,1,14,57,6
ASN,4,680626,1,14,57,6
ASN,4,680665,1,14,57,8
ASN,4,680615,1,14,57,6
ASN,4,680587,1,14,57,5
ASN,4,680653,1,14,57,7
SZ,26,680661,1,14,57,8
UK,28,680509,1,14,57,3
ASN,4,680595,1,14,57,5
ASN,4,680682,1,14,57,8
ASN,2,680692,1,14,57,9
ASN,4,680673,1,14,57,8
UK,27,680597,1,14,57,5
UK,27,680598,1,14,57,5
UK,28,680747,1,14,57,10
ASN,2,680678,1,14,57,8
ITE,24,680553,1,14,57,4
ITE,25,680755,1,14,57,11
ITE,24,680528,1,14,57,3
GME,23,680692,1,14,57,9
GME,23,680671,1,14,57,8
ASN,2,680625,1,14,57,6
EZE,21,680521,1,14,57,3
ASN,4,680617,1,14,57,6
CA,17,680575,1,14,57,5
ASN,5,680650,1,14,57,7
CA,17,680712,1,14,57,9
ASN,5,680665,1,14,57,8
EIE,20,680736,1,14,57,10
ASN,5,680666,1,14,57,8
ASN,4,680628,1,14,57,6
ASN,5,680678,1,14,57,8
ASN,5,680653,1,14,57,7
ITE,25,680519,1,14,57,3
ASN,2,680621,1,14,57,6
ASN,5,680564,1,14,57,4
ITE,25,680540,1,14,57,4
EIE,20,680729,1,14,57,10
ASN,5,680667,1,14,57,8
EZE,21,680592,1,14,57,5
CA,17,680730,1,14,57,10
ASN,4,680669,1,14,57,8
ASN,5,680674,1,14,57,8
UK,27,680544,1,14,57,4
ASN,5,680628,1,14,57,6
ASN,5,680643,1,14,57,7
ASN,5,680603,1,14,57,6
ASN,2,680684,1,14,57,8
EZE,21,680745,1,14,57,10
ASN,5,680721,1,14,57,10
AU,6,680721,1,14,57,10
BE,7,680576,1,14,57,5
ASN,5,680561,1,14,57,4
ASN,5,680651,1,14,57,7
ASN,4,680606,1,14,57,6
ASN,5,680600,1,14,57,6
ASN,5,680691,1,14,57,9
ASN,5,680635,1,14,57,7
ASN,5,680641,1,14,57,7
EIE,20,680731,1,14,57,10
EIE,20,680526,1,14,57,3
ASN,4,680663,1,14,57,8
ASN,4,680664,1,14,57,8
UK,27,680710,1,14,57,9
ASN,5,680689,1,14,57,8
ASN,5,680742,1,14,57,10
ASN,5,680662,1,14,57,8
AGE,1,680448,1,14,57,1
AGE,1,680460,1,14,57,1
SZ,26,680659,1,14,57,7
UK,27,680734,1,14,57,10
EZE,21,680533,1,14,57,3
ITE,25,680518,1,14,57,3
SZ,26,680664,1,14,57,8
ITE,24,680532,1,14,57,3
EZE,21,680717,1,14,57,9
UK,28,680553,1,14,57,4
ITE,24,680572,1,14,57,5
ITE,25,680724,1,14,57,10
UK,27,680555,1,14,57,4
GME,23,680557,1,14,57,4
AGE,1,680759,1,14,57,11
AGE,1,680800,1,14,57,12
UK,27,680551,1,14,57,4
ITE,25,680725,1,14,57,10
ITE,25,680723,1,14,57,10
UK,27,680550,1,14,57,4
EZE,21,680743,1,14,57,10
ASN,2,680620,1,14,57,6
GME,23,680596,1,14,57,5
ASN,4,680600,1,14,57,6
UK,27,680556,1,14,57,4
UK,28,680731,1,14,57,10
ASN,4,680656,1,14,57,7
UK,27,680724,1,14,57,10
GME,23,680746,1,14,57,10
UK,27,680568,1,14,57,5
GM,22,680514,1,14,57,3
GME,23,680716,1,14,57,9
GM,22,680719,1,14,57,9
UK,28,680733,1,14,57,10
ITE,25,680559,1,14,57,4
UK,27,680567,1,14,57,4
BE,7,680526,1,14,57,3
SZ,26,680653,1,14,57,7
UK,27,680599,1,14,58,6
UK,28,680724,1,14,58,10
UK,28,680736,1,14,58,10
ASN,5,680604,1,14,58,6
UK,28,680539,1,14,58,4
UK,28,680566,1,14,58,4
UK,27,680566,1,14,58,4
ITE,25,680517,1,14,58,3
ITE,25,680741,1,14,58,10
UK,28,680746,1,14,58,10
ASN,4,680574,1,14,58,5
AU,6,680567,1,14,58,4
GME,23,680742,1,14,58,10
ASN,4,680659,1,14,58,7
GM,22,680671,1,14,58,8
UK,28,680745,1,14,58,10
ITE,24,680513,1,14,58,3
UK,27,680578,1,14,58,5
ASN,4,680689,1,14,58,8
UK,27,680590,1,14,58,5
GM,22,680748,1,14,58,10
BE,7,680743,1,14,58,10
ASN,2,680679,1,14,58,8
BE,7,680591,1,14,58,5
ITE,24,680537,1,14,58,3
SZ,26,680644,1,14,58,7
ITE,25,680594,1,14,58,5
ITE,24,680765,1,14,58,11
ITE,24,680543,1,14,58,4
EZE,21,680673,1,14,58,8
ASN,4,680670,1,14,58,8
ASN,4,680633,1,14,58,7
ASN,4,680749,1,14,58,10
ASN,5,680633,1,14,58,7
ASN,5,680754,1,14,58,11
ASN,5,680627,1,14,58,6
ASN,5,680777,1,14,58,11
ASN,5,680637,1,14,58,7
ASN,5,680683,1,14,58,8
ASN,4,680582,1,14,58,5
ASN,5,680682,1,14,58,8
ASN,2,680682,1,14,58,8
ASN,5,680680,1,14,58,8
ASN,4,680680,1,14,58,8
ASN,5,680585,1,14,58,5
ASN,5,680673,1,14,58,8
ASN,5,680671,1,14,58,8
ASN,5,680612,1,14,58,6
UK,27,680592,1,14,58,5
ASN,5,680593,1,14,58,5
ASN,5,680668,1,14,58,8
ASN,5,680611,1,14,58,6
ASN,5,680664,1,14,58,8
ASN,5,680657,1,14,58,7
ASN,5,680654,1,14,58,7
ASN,5,680609,1,14,58,6
ASN,4,680777,1,14,58,11
ASN,5,680684,1,14,58,8
UK,28,680741,1,14,58,10
GM,22,680684,1,14,58,8
EIE,20,680576,1,14,58,5
ITE,25,680537,1,14,58,3
ASN,5,680622,1,14,58,6
EIE,20,680730,1,14,58,10
EIE,20,680552,1,14,58,4
EIE,20,680728,1,14,58,10
EIE,20,680727,1,14,58,10
ASN,5,680727,1,14,58,10
AU,6,680559,1,14,58,4
ASN,5,680686,1,14,58,8
ITE,24,680723,1,14,58,10
ASN,5,680619,1,14,58,6
ASN,5,680608,1,14,58,6
UK,27,680562,1,14,58,4
ASN,5,680642,1,14,58,7
ASN,5,680566,1,14,58,4
UK,27,680708,1,14,58,9
ASN,5,680702,1,14,58,9
ASN,5,680701,1,14,58,9
CA,17,680723,1,14,58,10
UK,27,680540,1,14,58,4
GM,22,680629,1,14,58,7
AGE,1,680782,1,14,58,12
ASN,4,680603,1,14,58,6
ASN,4,680611,1,14,58,6
AGE,1,680521,1,14,58,3
AGE,1,680797,1,14,58,12
AU,6,680533,1,14,58,3
ITE,25,680547,1,14,58,4
AGE,1,680795,1,14,58,12
AGE,1,680493,1,14,58,2
AGE,1,680492,1,14,58,2
AGE,1,680488,1,14,58,2
GME,23,680560,1,14,58,4
AU,6,680520,1,14,58,3
AGE,1,680455,1,14,58,1
AGE,1,680812,1,14,58,12
AGE,1,680458,1,14,58,1
ASN,2,680656,1,15,58,7
GME,23,680748,1,15,58,10
UK,27,680600,1,15,58,6
UK,27,680612,1,15,58,6
ASN,2,680683,1,15,58,8
ASN,2,680720,1,15,58,9
GM,22,680692,1,15,58,9
ASN,2,680607,1,15,58,6
EZE,21,680710,1,15,58,9
EZE,21,680513,1,15,58,3
ITE,24,680732,1,15,58,10
ASN,2,680626,1,15,58,6
ITE,24,680752,1,15,58,11
AU,6,680570,1,15,58,5
UK,27,680557,1,15,58,4
BE,7,680748,1,15,58,10
ITE,25,680727,1,15,58,10
UK,28,680571,1,15,58,5
UK,27,680613,1,15,58,6
ITE,25,680745,1,15,58,10
ASN,2,680721,1,15,58,10
UK,27,680720,1,15,58,9
ASN,4,680612,1,15,58,6
ITE,25,680743,1,15,58,10
UK,28,680719,1,15,58,9
ASN,4,680706,1,15,58,9
BE,7,680575,1,15,58,5
ASN,2,680690,1,15,59,8
UK,27,680713,1,15,59,9
GME,23,680600,1,15,59,6
UK,27,680593,1,15,59,5
UK,27,680570,1,15,59,5
ASN,2,680618,1,15,59,6
ITE,24,680731,1,15,59,10
UK,27,680601,1,15,59,6
UK,27,680569,1,15,59,5
UK,27,680577,1,15,59,5
GME,23,680601,1,15,59,6
ITE,24,680540,1,15,59,4
BE,7,680721,1,15,59,10
UK,27,680594,1,15,59,5
AU,6,680738,1,15,59,10
ITE,25,680737,1,15,59,10
ASN,4,680705,1,15,59,9
BE,7,680741,1,15,59,10
GME,23,680685,1,15,59,8
SZ,26,680700,1,15,59,9
GM,22,680685,1,15,59,8
UK,28,680561,1,15,59,4
GM,22,680556,1,15,59,4
SZ,26,680668,1,15,59,8
ASN,4,680736,1,15,59,10
ASN,4,680596,1,15,59,5
EZE,21,680532,1,15,59,3
GM,22,680515,1,15,59,3
ASN,4,680613,1,15,59,6
GM,22,680635,1,15,59,7
ASN,4,680684,1,15,59,8
ASN,2,680639,1,15,59,7
UK,28,680525,1,15,59,3
ASN,4,680599,1,15,59,6
ASN,2,680648,1,15,59,7
BE,7,680636,1,15,59,7
GME,23,680686,1,15,59,8
ITE,25,680742,1,15,59,10
UK,27,680709,1,15,59,9
BE,7,680564,1,15,59,4
ASN,4,680598,1,15,59,5
BE,7,680548,1,15,59,4
ASN,4,680688,1,15,59,8
UK,28,680727,1,15,59,10
EZE,21,680687,1,15,59,8
BE,7,680551,1,15,59,4
UK,28,680721,1,15,59,10
ITE,25,680520,1,15,59,3
UK,27,680572,1,15,59,5
BE,7,680746,1,15,59,10
ASN,4,680649,1,15,59,7
AU,6,680714,1,15,59,9
ASN,5,680560,1,15,59,4
ASN,5,680741,1,15,59,10
ASN,5,680638,1,15,59,7
CA,17,680563,1,15,59,4
ASN,5,680706,1,15,59,9
ASN,4,680607,1,15,59,6
CA,17,680595,1,15,59,5
ASN,2,680693,1,15,59,9
ASN,4,680693,1,15,59,9
ASN,5,680562,1,15,59,4
ASN,2,680644,1,15,59,7
ASN,5,680778,1,15,59,11
GM,22,680716,1,15,59,9
ASN,5,680644,1,15,59,7
EIE,20,680556,1,15,59,4
ASN,4,680727,1,15,59,10
ITE,24,680538,1,15,59,4
ASN,5,680717,1,15,59,9
CA,17,680709,1,15,59,9
SZ,26,680652,1,15,59,7
ASN,4,680737,1,15,59,10
ITE,24,680728,1,15,59,10
ASN,5,680733,1,15,59,10
AGE,1,680798,1,15,59,12
GME,23,680717,1,15,59,9
ASN,5,680672,1,15,59,8
ASN,5,680652,1,15,59,7
ASN,5,680655,1,15,59,7
GME,23,680738,1,15,59,10
CA,17,680609,1,15,59,6
EIE,20,680543,1,15,59,4
ITE,24,680529,1,15,59,3
ITE,24,680730,1,15,59,10
EIE,20,680575,1,15,59,5
GM,22,680738,1,15,59,10
ASN,5,680746,1,15,59,10
GME,23,680634,1,15,59,7
ASN,5,680661,1,15,59,8
AGE,1,680508,1,15,59,3
GME,23,680747,1,15,59,10
ASN,5,680704,1,15,59,9
ASN,2,680748,1,15,59,10
ASN,2,680632,1,15,59,7
CA,17,680596,1,15,59,5
ASN,2,680596,1,15,59,5
ASN,5,680751,1,15,59,10
ASN,5,680597,1,15,59,5
ASN,5,680676,1,15,59,8
ASN,5,680634,1,15,59,7
ASN,5,680696,1,15,59,9
ASN,5,680675,1,15,59,8
AGE,1,680454,1,15,59,1
AGE,1,680518,1,15,59,3
ASN,4,680637,1,15,59,7
GM,22,680702,1,15,59,9
UK,28,680600,1,15,59,6
ASN,2,680655,1,15,59,7
UK,28,680546,1,15,59,4
GM,22,680557,1,15,59,4
ASN,4,680554,1,15,59,4
GME,23,680589,1,15,59,5
ASN,4,680601,1,15,59,6
ASN,2,680645,1,15,59,7
ITE,24,680555,1,15,59,4
SZ,26,680665,1,15,59,8
SZ,26,680663,1,15,59,8
GM,22,680745,1,15,59,10
UK,27,680561,1,15,59,4
GM,22,680717,1,15,59,9
ASN,4,680575,1,15,59,5
ASN,4,680750,1,15,59,10
GM,22,680743,1,15,59,10
UK,27,680624,1,15,59,6
EZE,21,680589,1,15,59,5
ASN,2,680638,1,15,59,7
UK,28,680576,1,15,59,5
ASN,2,680660,1,15,59,8
ITE,25,680538,1,15,59,4
ASN,2,680659,1,15,59,7
BE,7,680740,1,15,60,10
UK,27,680694,1,15,60,9
ASN,2,680649,1,15,60,7
GME,23,680615,1,15,60,6
BE,7,680742,1,15,60,10
UK,28,680550,1,15,60,4
BE,7,680594,1,15,60,5
ITE,25,680731,1,15,60,10
ASN,2,680637,1,15,60,7
ITE,25,680546,1,15,60,4
ASN,4,680686,1,15,60,8
UK,27,680621,1,15,60,6
BE,7,680625,1,15,60,6
UK,27,680700,1,15,60,9
AU,6,680674,1,15,60,8
BE,7,680720,1,15,60,9
AU,6,680720,1,15,60,9
UK,28,680700,1,15,60,9
UK,27,680682,1,15,60,8
ITE,25,680531,1,15,60,3
EZE,21,680715,1,15,60,9
EZE,21,680671,1,15,60,8
AU,6,680717,1,15,60,9
UK,27,680679,1,15,60,8
UK,27,680573,1,15,60,5
BE,7,680745,1,15,60,10
AU,6,680628,1,15,60,6
ASN,2,680722,1,15,60,10
GME,23,680628,1,15,60,6
UK,27,680579,1,15,60,5
UK,28,680720,1,15,60,9
UK,27,680575,1,15,60,5
GME,23,680715,1,15,60,9
GM,22,680715,1,15,60,9
BE,7,680561,1,15,60,4
UK,28,680725,1,15,60,10
ITE,24,680518,1,15,60,3
BE,7,680572,1,15,60,5
GM,22,680703,1,15,60,9
ASN,2,680658,1,15,60,7
UK,28,680737,1,15,60,10
AU,6,680569,1,15,60,5
BE,7,680577,1,15,60,5
AU,6,680594,1,15,60,5
BE,7,680683,1,15,60,8
EZE,21,680742,1,15,60,10
UK,27,680707,1,15,60,9
GM,22,680634,1,15,60,7
AGE,1,680794,1,16,60,12
AGE,1,680760,1,16,60,11
ASN,2,680599,1,16,60,6
ASN,4,680671,1,16,60,8
ITE,25,680736,1,16,60,10
AGE,1,680517,1,16,60,3
ASN,4,680698,1,16,60,9
GME,23,680687,1,16,60,8
GM,22,680574,1,16,60,5
ASN,4,680576,1,16,60,5
AU,6,680580,1,16,60,5
AU,6,680716,1,16,60,9
UK,27,680565,1,16,60,4
GME,23,680743,1,16,60,10
AGE,1,680489,1,16,60,2
AGE,1,680490,1,16,60,2
AGE,1,680790,1,16,60,12
AGE,1,680780,1,16,60,11
AGE,1,680781,1,16,60,11
UK,27,680571,1,16,60,5
ITE,25,680529,1,16,60,3
ITE,24,680736,1,16,60,10
AGE,1,680504,1,16,60,2
ITE,24,680541,1,16,60,4
EZE,21,680636,1,16,60,7
EZE,21,680634,1,16,60,7
UK,27,680595,1,16,60,5
AGE,1,680774,1,16,60,11
AGE,1,680776,1,16,60,11
ASN,4,680583,1,16,60,5
ASN,4,680584,1,16,60,5
AGE,1,680506,1,16,60,2
GM,22,680742,1,16,60,10
UK,28,680589,1,16,60,5
ASN,5,680750,1,16,60,10
UK,28,680630,1,16,60,7
ASN,5,680722,1,16,60,10
CA,17,680718,1,16,60,9
ASN,5,680583,1,16,60,5
UK,27,680721,1,16,60,10
CA,17,680725,1,16,60,10
ASN,5,680755,1,16,60,11
ASN,5,680693,1,16,60,9
CA,17,680719,1,16,60,9
ASN,5,680759,1,16,60,11
ASN,5,680724,1,16,60,10
CA,17,680760,1,16,60,11
EIE,20,680527,1,16,60,3
ASN,2,680624,1,16,60,6
ASN,5,680774,1,16,60,11
ASN,2,680650,1,16,60,7
EIE,20,680707,1,16,60,9
ASN,5,680636,1,16,60,7
ASN,5,680707,1,16,60,9
ASN,5,680779,1,16,60,11
CA,17,680610,1,16,60,6
ASN,5,680631,1,16,60,7
EIE,20,680570,1,16,60,5
ASN,2,680670,1,16,60,8
ASN,5,680577,1,16,60,5
ASN,5,680723,1,16,60,10
EIE,20,680710,1,16,60,9
ASN,5,680621,1,16,60,6
GM,22,680747,1,16,60,10
EIE,20,680577,1,16,60,5
GME,23,680677,1,16,60,8
ASN,4,680616,1,16,60,6
ASN,5,680736,1,16,60,10
ASN,4,680585,1,16,60,5
ASN,4,680605,1,16,60,6
EIE,20,680550,1,16,60,4
UK,27,680702,1,16,60,9
EIE,20,680713,1,16,60,9
ASN,5,680713,1,16,60,9
ASN,5,680617,1,16,60,6
GME,23,680745,1,16,60,10
ASN,5,680594,1,16,60,5
ASN,5,680679,1,16,60,8
ASN,5,680584,1,16,60,5
ASN,5,680758,1,16,60,11
EIE,20,680545,1,16,60,4
ITE,24,680514,1,16,60,3
ASN,5,680553,1,16,60,4
ITE,25,680738,1,16,60,10
ASN,2,680600,1,16,60,6
BE,7,680744,1,16,60,10
EIE,20,680557,1,16,60,4
ASN,5,680595,1,16,60,5
EIE,20,680726,1,16,60,10
CA,17,680780,1,16,60,11
ASN,5,680784,1,16,60,12
ASN,5,680749,1,16,60,10
ASN,5,680614,1,16,60,6
CA,17,680703,1,16,60,9
ITE,24,680748,1,16,60,10
EIE,20,680573,1,16,60,5
CA,17,680727,1,16,60,10
ASN,2,680604,1,16,60,6
ASN,2,680694,1,16,60,9
ASN,5,680601,1,16,60,6
ASN,5,680748,1,16,60,10
ASN,5,680669,1,16,60,8
ASN,5,680615,1,16,60,6
ITE,24,680737,1,16,60,10
ASN,5,680620,1,16,60,6
ASN,4,680672,1,16,60,8
ITE,24,680573,1,16,60,5
ASN,4,680652,1,16,60,7
UK,27,680630,1,16,60,7
SZ,26,680640,1,16,60,7
ASN,4,680735,1,16,60,10
ASN,2,680671,1,16,60,8
ITE,25,680516,1,16,60,3
ASN,2,680613,1,16,60,6
ASN,2,680623,1,16,60,6
ASN,2,680641,1,16,60,7
GM,22,680718,1,16,60,9
BE,7,680685,1,16,60,8
UK,27,680631,1,16,60,7
ASN,2,680616,1,16,60,6
EZE,21,680719,1,16,60,9
AU,6,680704,1,16,60,9
EZE,21,680709,1,16,60,9
GME,23,680670,1,16,60,8
GME,23,680702,1,16,60,9
UK,28,680554,1,16,60,4
GME,23,680626,1,16,60,6
GME,23,680744,1,16,60,10
UK,28,680573,1,16,60,5
AU,6,680743,1,16,60,10
EZE,21,680738,1,16,60,10
EZE,21,680740,1,16,60,10
UK,27,680628,1,16,60,6
GME,23,680617,1,16,60,6
ASN,2,680636,1,16,60,7
GM,22,680589,1,16,60,5
ASN,4,680696,1,16,60,9
UK,27,680609,1,16,60,6
AU,6,680636,1,16,60,7
GME,23,680630,1,16,60,7
ITE,25,680750,1,16,60,10
EZE,21,680635,1,16,61,7
ASN,4,680579,1,16,61,5
ITE,24,680566,1,16,61,4
AU,6,680744,1,16,61,10
UK,27,680706,1,16,61,9
ASN,2,680681,1,16,61,8
UK,27,680704,1,16,61,9
GME,23,680713,1,16,61,9
ITE,24,680735,1,16,61,10
ASN,4,680634,1,16,61,7
ASN,2,680657,1,16,61,7
ITE,25,680555,1,16,61,4
EZE,21,680686,1,16,61,8
GME,23,680561,1,16,61,4
GM,22,680686,1,16,61,8
EZE,21,680561,1,16,61,4
UK,27,680574,1,16,61,5
UK,27,680701,1,16,61,9
ITE,24,680750,1,16,61,10
UK,28,680590,1,16,61,5
AGE,1,680538,1,16,61,4
ITE,24,680745,1,16,61,10
AGE,1,680761,1,16,61,11
GM,22,680710,1,16,61,9
ITE,25,680732,1,16,61,10
GME,23,680629,1,16,61,7
ASN,4,680563,1,16,61,4
UK,28,680524,1,16,61,3
AGE,1,680524,1,16,61,3
UK,27,680705,1,16,61,9
ITE,24,680517,1,16,61,3
AGE,1,680773,1,16,61,11
AU,6,680566,1,16,61,4
ITE,24,680552,1,16,61,4
ITE,24,680729,1,16,61,10
ASN,4,680635,1,16,61,7
BE,7,680596,1,16,61,5
ITE,24,680551,1,16,61,4
ITE,25,680573,1,16,61,5
ASN,2,680786,1,16,61,12
CA,17,680597,1,16,61,5
ASN,4,680702,1,16,61,9
ASN,5,680640,1,16,61,7
EIE,20,680708,1,16,61,9
ASN,2,680664,1,16,61,8
ASN,4,680586,1,16,61,5
ASN,4,680639,1,16,61,7
ASN,4,680577,1,16,61,5
UK,27,680680,1,16,61,8
CA,17,680695,1,16,61,9
GM,22,680677,1,16,61,8
UK,27,680681,1,16,61,8
EIE,20,680706,1,16,61,9
ASN,4,680661,1,16,61,8
EIE,20,680704,1,16,61,9
ASN,5,680694,1,16,61,9
ASN,4,680674,1,16,61,8
GM,22,680601,1,16,61,6
GME,23,680703,1,16,61,9
ASN,4,680597,1,16,61,5
CA,17,680698,1,16,61,9
ASN,2,680665,1,16,61,8
ASN,4,680572,1,16,61,5
ASN,5,680697,1,16,61,9
ASN,4,680755,1,16,61,11
AU,6,680581,1,16,61,5
GM,22,680670,1,16,61,8
UK,28,680726,1,16,61,10
ASN,4,680675,1,16,61,8
ASN,5,680718,1,16,61,9
ASN,5,680554,1,16,61,4
EIE,20,680553,1,16,61,4
ASN,2,680609,1,16,61,6
ASN,5,680616,1,16,61,6
ASN,4,680593,1,16,61,5
ASN,2,680617,1,16,61,6
ASN,5,680579,1,16,61,5
EIE,20,680712,1,16,61,9
CA,17,680581,1,16,61,5
EIE,20,680578,1,16,61,5
ASN,4,680724,1,16,61,10
EIE,20,680725,1,16,61,10
ASN,4,680650,1,16,61,7
ASN,4,680779,1,16,61,11
EIE,20,680581,1,16,61,5
ITE,25,680541,1,16,61,4
ASN,2,680612,1,16,61,6
UK,27,680558,1,16,61,4
AGE,1,680496,1,16,61,2
SZ,26,680656,1,16,61,7
ASN,2,680777,1,16,61,11
ASN,2,680750,1,16,61,10
ASN,4,680651,1,16,61,7
UK,28,680596,1,16,61,5
EZE,21,680677,1,16,61,8
ASN,2,680563,1,16,61,4
UK,28,680681,1,16,61,8
ASN,4,680667,1,16,61,8
EZE,21,680560,1,16,61,4
ITE,25,680746,1,16,61,10
EZE,21,680630,1,16,61,7
ASN,4,680588,1,16,61,5
UK,27,680619,1,16,61,6
EZE,21,680629,1,16,61,7
AU,6,680710,1,16,61,9
UK,27,680626,1,16,61,6
GM,22,680744,1,16,61,10
ITE,24,680744,1,16,61,10
BE,7,680635,1,16,61,7
UK,27,680627,1,16,61,6
UK,27,680610,1,16,61,6
UK,28,680577,1,16,61,5
UK,27,680602,1,16,61,6
ASN,4,680697,1,16,61,9
UK,27,680547,1,16,61,4
EZE,21,680672,1,16,61,8
ASN,4,680602,1,16,61,6
UK,27,680616,1,16,61,6
UK,27,680559,1,16,61,4
ASN,2,680633,1,16,61,7
EZE,21,680590,1,16,61,5
BE,7,680595,1,16,62,5
UK,27,680622,1,16,62,6
EZE,21,680684,1,16,62,8
ASN,2,680605,1,16,62,6
BE,7,680684,1,16,62,8
SZ,26,680660,1,16,62,8
ASN,2,680597,1,16,62,5
GM,22,680681,1,16,62,8
AU,6,680627,1,16,62,6
AU,6,680671,1,16,62,8
UK,27,680718,1,16,62,9
GM,22,680672,1,16,62,8
AU,6,680521,1,16,62,3
GME,23,680602,1,16,62,6
ASN,4,680778,1,16,62,11
AGE,1,680503,1,16,62,2
EZE,21,680685,1,16,62,8
GM,22,680626,1,16,62,6
AU,6,680687,1,16,62,8
GM,22,680630,1,16,62,7
BE,7,680702,1,16,62,9
AGE,1,680763,1,16,62,11
BE,7,680559,1,16,62,4
ITE,24,680539,1,16,62,4
AU,6,680626,1,16,62,6
AU,6,680739,1,16,62,10
AGE,1,680527,1,16,62,3
ASN,4,680578,1,16,62,5
AGE,1,680762,1,16,62,11
AGE,1,680522,1,16,62,3
UK,27,680636,1,16,62,7
ASN,4,680581,1,16,62,5
ITE,24,680548,1,16,62,4
EZE,21,680704,1,16,62,9
EZE,21,680515,1,16,62,3
AGE,1,680779,1,16,62,11
AGE,1,680509,1,16,62,3
ASN,4,680717,1,16,62,9
AGE,1,680514,1,16,62,3
AU,6,680711,1,17,62,9
ITE,25,680539,1,17,62,4
UK,28,680682,1,17,62,8
UK,28,680683,1,17,62,8
BE,7,680738,1,17,62,10
GME,23,680587,1,17,62,5
UK,27,680620,1,17,62,6
ITE,25,680751,1,17,62,10
ITE,25,680580,1,17,62,5
UK,28,680598,1,17,62,5
ITE,25,680728,1,17,62,10
ASN,2,680583,1,17,62,5
UK,27,680712,1,17,62,9
ITE,25,680572,1,17,62,5
ASN,2,680635,1,17,62,7
BE,7,680719,1,17,62,9
ASN,4,680795,1,17,62,12
GME,23,680647,1,17,62,7
ITE,25,680730,1,17,62,10
ASN,2,680567,1,17,62,4
EIE,20,680580,1,17,62,5
ASN,2,680666,1,17,62,8
ASN,4,680685,1,17,62,8
ASN,5,680801,1,17,62,12
CA,17,680590,1,17,62,5
ASN,5,680576,1,17,62,5
ASN,5,680581,1,17,62,5
ASN,2,680580,1,17,62,5
EIE,20,680694,1,17,62,9
ASN,5,680761,1,17,62,11
ASN,5,680580,1,17,62,5
UK,27,680690,1,17,62,8
UK,27,680676,1,17,62,8
UK,27,680686,1,17,62,8
ASN,5,680629,1,17,62,7
EIE,20,680721,1,17,62,10
EIE,20,680705,1,17,62,9
ASN,5,680602,1,17,62,6
ASN,5,680728,1,17,62,10
BE,7,680555,1,17,62,4
CA,17,680707,1,17,62,9
EIE,20,680558,1,17,62,4
ASN,5,680708,1,17,62,9
EIE,20,680723,1,17,62,10
EIE,20,680569,1,17,62,5
ASN,4,680723,1,17,62,10
ITE,25,680729,1,17,62,10
ASN,2,680611,1,17,62,6
UK,28,680709,1,17,62,9
ASN,5,680710,1,17,62,9
ASN,5,680563,1,17,62,4
ASN,4,680565,1,17,62,4
ASN,2,680566,1,17,62,4
ASN,5,680715,1,17,62,9
EIE,20,680711,1,17,62,9
EIE,20,680714,1,17,62,9
ASN,5,680714,1,17,62,9
ASN,5,680756,1,17,62,11
EIE,20,680709,1,17,62,9
EIE,20,680551,1,17,62,4
EIE,20,680554,1,17,62,4
EIE,20,680546,1,17,62,4
ASN,5,680808,1,17,62,12
BE,7,680634,1,17,62,7
ASN,4,680732,1,17,62,10
ASN,4,680743,1,17,62,10
ASN,4,680638,1,17,62,7
ASN,5,680785,1,17,62,12
ASN,5,680639,1,17,62,7
ASN,4,680485,1,17,62,2
ASN,5,680599,1,17,62,6
ASN,2,680663,1,17,62,8
ASN,5,680575,1,17,62,5
EIE,20,680697,1,17,62,9
EIE,20,680572,1,17,62,5
ASN,5,680598,1,17,62,5
UK,27,680703,1,17,62,9
CA,17,680704,1,17,62,9
UK,28,680540,1,17,62,4
ASN,5,680630,1,17,62,7
GM,22,680676,1,17,62,8
UK,27,680629,1,17,62,7
EZE,21,680564,1,17,62,4
ASN,4,680592,1,17,62,5
ASN,2,680598,1,17,62,5
ITE,24,680558,1,17,62,4
ITE,25,680581,1,17,62,5
ASN,2,680614,1,17,62,6
EZE,21,680581,1,17,62,5
UK,27,680545,1,17,62,4
ASN,2,680654,1,17,62,7
UK,27,680633,1,17,62,7
ITE,25,680579,1,17,62,5
GME,23,680696,1,17,62,9
ITE,25,680600,1,17,62,6
UK,28,680708,1,17,62,9
UK,27,680603,1,17,62,6
UK,28,680706,1,17,62,9
EZE,21,680705,1,17,62,9
UK,28,680701,1,17,62,9
ASN,2,680667,1,17,62,8
EZE,21,680596,1,17,62,5
AU,6,680574,1,17,62,5
ASN,4,680784,1,17,62,12
BE,7,680600,1,17,62,6
ASN,2,680686,1,17,62,8
ITE,24,680571,1,17,62,5
AU,6,680705,1,17,62,9
ASN,2,680615,1,17,62,6
EZE,21,680625,1,17,62,6
BE,7,680558,1,17,62,4
ASN,2,680585,1,17,62,5
ASN,2,680749,1,17,62,10
UK,27,680611,1,17,62,6
GM,22,680636,1,17,62,7
UK,28,680567,1,17,62,4
ASN,2,680675,1,17,62,8
UK,27,680711,1,17,62,9
GME,23,680710,1,17,62,9
BE,7,680592,1,17,62,5
ASN,4,680568,1,17,62,5
AGE,1,680563,1,17,63,4
ASN,2,680586,1,17,63,5
GME,23,680712,1,17,63,9
ASN,2,680668,1,17,63,8
AGE,1,680546,1,17,63,4
AGE,1,680791,1,17,63,12
AGE,1,680777,1,17,63,11
AGE,1,680513,1,17,63,3
GM,22,680596,1,17,63,5
AGE,1,680539,1,17,63,4
AGE,1,680537,1,17,63,3
AGE,1,680535,1,17,63,3
GME,23,680578,1,17,63,5
ITE,25,680577,1,17,63,5
AGE,1,680515,1,17,63,3
AGE,1,680525,1,17,63,3
AGE,1,680516,1,17,63,3
AU,6,680516,1,17,63,3
AGE,1,680523,1,17,63,3
UK,27,680588,1,17,63,5
ASN,4,680553,1,17,63,4
BE,7,680553,1,17,63,4
EZE,21,680626,1,17,63,6
ITE,25,680752,1,17,63,11
ASN,2,680610,1,17,63,6
BE,7,680710,1,17,63,9
EZE,21,680587,1,17,63,5
UK,28,680565,1,17,63,4
GME,23,680708,1,17,63,9
UK,27,680591,1,17,63,5
BE,7,680599,1,17,63,6
AGE,1,680793,1,17,63,12
UK,27,680695,1,17,63,9
ITE,25,680556,1,17,63,4
AGE,1,680494,1,17,63,2
AGE,1,680502,1,17,63,2
ASN,4,680728,1,17,63,10
GME,23,680676,1,17,63,8
UK,28,680713,1,17,63,9
AU,6,680745,1,17,63,10
ASN,2,680579,1,17,63,5
ASN,4,680676,1,17,63,8
BE,7,680628,1,17,63,6
BE,7,680626,1,17,63,6
ASN,2,680674,1,17,63,8
GME,23,680711,1,17,63,9
EZE,21,680747,1,17,63,10
UK,27,680623,1,17,63,6
ASN,4,680662,1,17,63,8
EZE,21,680637,1,17,63,7
BE,7,680709,1,17,63,9
ITE,24,680580,1,17,63,5
UK,28,680707,1,17,63,9
UK,28,680684,1,17,63,8
GM,22,680687,1,17,63,8
AU,6,680706,1,17,63,9
GME,23,680681,1,17,63,8
UK,27,680668,1,17,63,8
UK,28,680547,1,17,63,4
GME,23,680704,1,17,63,9
BE,7,680623,1,17,63,6
BE,7,680701,1,17,63,9
ASN,4,680594,1,17,63,5
CA,17,680711,1,17,63,9
ASN,5,680709,1,17,63,9
ASN,5,680574,1,17,63,5
EIE,20,680722,1,17,63,10
EIE,20,680696,1,17,63,9
ASN,5,680587,1,17,63,5
CA,17,680724,1,17,63,10
EIE,20,680700,1,17,63,9
ASN,2,680685,1,17,63,8
ASN,2,680587,1,17,63,5
ASN,4,680525,1,17,63,3
EIE,20,680579,1,17,63,5
ASN,4,680566,1,17,63,4
EZE,21,680711,1,17,63,9
EIE,20,680715,1,17,63,9
ITE,25,680733,1,17,63,10
ASN,4,680699,1,17,63,9
CA,17,680571,1,17,63,5
EIE,20,680574,1,17,63,5
CA,17,680705,1,17,63,9
EIE,20,680691,1,17,63,9
CA,17,680604,1,17,63,6
UK,27,680669,1,17,63,8
ASN,2,680646,1,17,63,7
ASN,2,680669,1,17,63,8
ASN,2,680590,1,17,63,5
ASN,5,680588,1,17,63,5
CA,17,680600,1,17,63,6
BE,7,680624,1,17,63,6
CA,17,680599,1,17,63,6
GME,23,680672,1,17,63,8
BE,7,680669,1,17,63,8
UK,27,680617,1,17,63,6
ASN,2,680564,1,17,63,4
BE,7,680589,1,17,63,5
ASN,2,680785,1,17,63,12
ASN,2,680728,1,17,63,10
UK,27,680684,1,17,63,8
ITE,24,680739,1,17,63,10
ASN,4,680544,1,17,63,4
UK,28,680679,1,17,63,8
ASN,4,680792,1,17,63,12
ASN,4,680765,1,17,63,11
ASN,4,680745,1,17,63,10
GME,23,680694,1,17,63,9
ASN,4,680758,1,17,63,11
ASN,2,680672,1,17,63,8
GME,23,680673,1,17,63,8
ASN,4,680641,1,17,63,7
AU,6,680513,1,17,63,3
GME,23,680637,1,17,63,7
UK,28,680718,1,17,63,9
GM,22,680673,1,17,63,8
UK,27,680635,1,17,63,7
GME,23,680622,1,17,63,6
UK,27,680654,1,17,63,7
ASN,2,680584,1,17,63,5
UK,28,680703,1,17,63,9
EZE,21,680615,1,17,63,6
GM,22,680614,1,17,63,6
BE,7,680716,1,17,63,9
ASN,4,680768,1,18,64,11
ITE,24,680516,1,18,64,3
UK,28,680712,1,18,64,9
AGE,1,680500,1,18,64,2
ASN,2,680634,1,18,64,7
ITE,24,680556,1,18,64,4
ITE,24,680738,1,18,64,10
AGE,1,680543,1,18,64,4
AGE,1,680542,1,18,64,4
GM,22,680696,1,18,64,9
GM,22,680618,1,18,64,6
AGE,1,680530,1,18,64,3
GME,23,680636,1,18,64,7
AU,6,680587,1,18,64,5
UK,27,680691,1,18,64,9
ITE,24,680560,1,18,64,4
ITE,24,680751,1,18,64,10
ASN,4,680526,1,18,64,3
AU,6,680742,1,18,64,10
UK,28,680705,1,18,64,9
UK,27,680581,1,18,64,5
ASN,4,680614,1,18,64,6
ASN,2,680680,1,18,64,8
ITE,25,680747,1,18,64,10
ASN,4,680560,1,18,64,4
GM,22,680713,1,18,64,9
UK,28,680555,1,18,64,4
UK,28,680558,1,18,64,4
ITE,25,680735,1,18,64,10
EZE,21,680670,1,18,64,8
BE,7,680552,1,18,64,4
ASN,2,680706,1,18,64,9
ASN,2,680769,1,18,64,11
GM,22,680708,1,18,64,9
BE,7,680686,1,18,64,8
GME,23,680714,1,18,64,9
BE,7,680717,1,18,64,9
AU,6,680719,1,18,64,9
ASN,2,680651,1,18,64,7
GM,22,680561,1,18,64,4
ASN,4,680642,1,18,64,7
ASN,4,680740,1,18,64,10
ASN,2,680756,1,18,64,11
ASN,2,680652,1,18,64,7
UK,27,680678,1,18,64,8
ASN,4,680785,1,18,64,12
ASN,4,680567,1,18,64,4
ASN,4,680580,1,18,64,5
UK,28,680569,1,18,64,5
UK,27,680660,1,18,64,8
BE,7,680708,1,18,64,9
UK,27,680667,1,18,64,8
EZE,21,680713,1,18,64,9
UK,28,680593,1,18,64,5
ASN,4,680744,1,18,64,10
ASN,4,680564,1,18,64,4
EZE,21,680624,1,18,64,6
ASN,4,680701,1,18,64,9
UK,28,680591,1,18,64,5
ASN,5,680762,1,18,64,11
AU,6,680593,1,18,64,5
AU,6,680740,1,18,64,10
UK,28,680624,1,18,64,6
GME,23,680614,1,18,64,6
ASN,2,680592,1,18,64,5
ASN,5,680787,1,18,64,12
ASN,2,680589,1,18,64,5
ASN,5,680807,1,18,64,12
EZE,21,680688,1,18,64,8
ASN,5,680569,1,18,64,5
ASN,5,680716,1,18,64,9
GME,23,680565,1,18,64,4
UK,27,680604,1,18,64,6
ASN,5,680796,1,18,64,12
ASN,5,680557,1,18,64,4
EIE,20,680555,1,18,64,4
GME,23,680739,1,18,64,10
ASN,5,680792,1,18,64,12
EIE,20,680698,1,18,64,9
AU,6,680629,1,18,64,7
ASN,5,680545,1,18,64,4
GM,22,680617,1,18,64,6
EIE,20,680547,1,18,64,4
ASN,5,680573,1,18,64,5
UK,28,680599,1,18,64,6
ASN,5,680735,1,18,64,10
EIE,20,680563,1,18,64,4
CA,17,680572,1,18,64,5
CA,17,680702,1,18,64,9
EIE,20,680720,1,18,64,9
GM,22,680695,1,18,64,9
ASN,2,680661,1,18,64,8
ASN,2,680737,1,18,64,10
ASN,5,680731,1,18,64,10
EIE,20,680703,1,18,64,9
ASN,2,680738,1,18,64,10
ASN,5,680730,1,18,64,10
BE,7,680622,1,18,64,6
CA,17,680601,1,18,64,6
EIE,20,680692,1,18,64,9
ASN,5,680769,1,18,64,11
ASN,5,680729,1,18,64,10
CA,17,680611,1,18,64,6
ASN,5,680578,1,18,64,5
ASN,5,680744,1,18,64,10
ASN,5,680800,1,18,64,12
ASN,5,680568,1,18,64,5
EIE,20,680689,1,18,64,8
AU,6,680560,1,18,64,4
ITE,25,680582,1,18,64,5
EIE,20,680724,1,18,64,10
ASN,5,680745,1,18,64,10
ASN,5,680613,1,18,64,6
ASN,5,680795,1,18,64,12
AU,6,680683,1,18,64,8
GM,22,680560,1,18,64,4
ASN,5,680567,1,18,64,4
ASN,2,680591,1,18,64,5
ASN,5,680786,1,18,64,12
ITE,24,680733,1,18,64,10
UK,28,680680,1,18,64,8
UK,27,680589,1,18,64,5
GM,22,680688,1,18,64,8
ASN,4,680756,1,18,64,11
UK,28,680572,1,18,64,5
AU,6,680592,1,18,64,5
ASN,2,680606,1,18,64,6
ASN,2,680695,1,18,64,9
ASN,2,680699,1,18,64,9
BE,7,680574,1,18,64,5
GM,22,680632,1,18,64,7
BE,7,680700,1,18,64,9
UK,28,680568,1,18,64,5
GM,22,680694,1,18,64,9
UK,27,680652,1,18,64,7
ITE,24,680749,1,18,64,10
ASN,2,680700,1,18,64,9
UK,28,680594,1,18,64,5
ASN,4,680528,1,18,64,3
BE,7,680670,1,18,64,8
BE,7,680588,1,18,64,5
ASN,2,680554,1,18,64,4
UK,27,680608,1,18,64,6
ASN,2,680780,1,18,64,11
AGE,1,680528,1,18,64,3
EZE,21,680565,1,18,64,4
UK,28,680710,1,18,64,9
BE,7,680739,1,18,64,10
ITE,25,680549,1,18,64,4
AGE,1,680529,1,18,64,3
UK,28,680714,1,18,64,9
AU,6,680672,1,18,64,8
AGE,1,680501,1,18,64,2
UK,28,680702,1,18,64,9
GME,23,680682,1,18,64,8
ITE,25,680553,1,18,64,4
UK,28,680689,1,18,64,8
BE,7,680712,1,18,64,9
AU,6,680688,1,18,64,8
AGE,1,680565,1,18,64,4
AGE,1,680770,1,18,64,11
UK,28,680587,1,18,64,5
ASN,2,680676,1,18,64,8
GME,23,680740,1,18,64,10
ITE,24,680718,1,18,64,9
AGE,1,680756,1,18,64,11
ITE,24,680515,1,18,64,3
ITE,25,680560,1,18,64,4
AGE,1,680755,1,18,64,11
EZE,21,680696,1,18,64,9
AGE,1,680549,1,18,64,4
GME,23,680683,1,18,64,8
GME,23,680625,1,18,65,6
UK,27,680677,1,18,65,8
AU,6,680746,1,18,65,10
UK,28,680621,1,18,65,6
GM,22,680712,1,18,65,9
ITE,24,680711,1,18,65,9
EZE,21,680514,1,18,65,3
ITE,24,680734,1,18,65,10
ITE,24,680578,1,18,65,5
AU,6,680561,1,18,65,4
ITE,24,680542,1,18,65,4
UK,27,680698,1,18,65,9
ASN,2,680582,1,18,65,5
UK,28,680559,1,18,65,4
ITE,24,680557,1,18,65,4
UK,27,680546,1,18,65,4
UK,27,680653,1,18,65,7
ASN,2,680577,1,18,65,5
AU,6,680686,1,18,65,8
UK,27,680692,1,18,65,9
UK,28,680699,1,18,65,9
BE,7,680711,1,18,65,9
ASN,2,680576,1,18,65,5
UK,28,680551,1,18,65,4
EZE,21,680578,1,18,65,5
UK,27,680685,1,18,65,8
ITE,25,680543,1,18,65,4
UK,28,680704,1,18,65,9
UK,28,680738,1,18,65,10
UK,27,680715,1,18,65,9
EZE,21,680739,1,18,65,10
AGE,1,680775,1,18,65,11
UK,27,680665,1,18,65,8
UK,27,680716,1,18,65,9
UK,27,680693,1,18,65,9
ASN,2,680581,1,18,65,5
ASN,2,680568,1,18,65,5
UK,27,680661,1,18,65,8
EZE,21,680616,1,18,65,6
BE,7,680714,1,18,65,9
UK,27,680689,1,18,65,8
EZE,21,680714,1,18,65,9
ASN,5,680783,1,18,65,12
CA,17,680696,1,18,65,9
BE,7,680560,1,18,65,4
EIE,20,680702,1,18,65,9
EIE,20,680699,1,18,65,9
EIE,20,680548,1,18,65,4
EIE,20,680695,1,18,65,9
ASN,5,680734,1,18,65,10
ASN,4,680694,1,18,65,9
ASN,2,680561,1,18,65,4
ASN,5,680544,1,18,65,4
EIE,20,680719,1,18,65,9
ASN,4,680720,1,18,65,9
EZE,21,680648,1,18,65,7
ASN,5,680752,1,18,65,11
GME,23,680693,1,18,65,9
EIE,20,680610,1,18,65,6
EIE,20,680693,1,18,65,9
BE,7,680695,1,18,65,9
BE,7,680627,1,18,65,6
ASN,5,680711,1,18,65,9
ITE,24,680594,1,18,65,5
EIE,20,680690,1,18,65,8
ASN,5,680555,1,18,65,4
ASN,4,680527,1,18,65,3
CA,17,680706,1,18,65,9
GME,23,680624,1,18,65,6
EIE,20,680582,1,18,65,5
GM,22,680711,1,18,65,9
ASN,4,680712,1,18,65,9
UK,28,680667,1,18,65,8
ASN,2,680751,1,18,65,10
EIE,20,680688,1,18,65,8
EIE,20,680571,1,18,65,5
ASN,5,680558,1,18,65,4
ASN,4,680556,1,18,65,4
CA,17,680605,1,18,65,6
ASN,2,680562,1,18,65,4
UK,28,680668,1,18,65,8
EIE,20,680716,1,18,65,9
GME,23,680688,1,18,65,8
ASN,2,680603,1,18,65,6
ASN,4,680687,1,18,65,8
ASN,2,680653,1,18,65,7
AU,6,680565,1,18,65,4
UK,28,680628,1,18,65,6
ASN,5,680764,1,18,65,11
ASN,5,680763,1,18,65,11
GME,23,680633,1,18,65,7
ASN,5,680776,1,18,65,11
EZE,21,680674,1,18,65,8
ASN,4,680780,1,18,65,11
UK,27,680664,1,18,65,8
GME,23,680662,1,18,65,8
BE,7,680715,1,18,65,9
AU,6,680684,1,18,65,8
UK,27,680606,1,18,65,6
AU,6,680514,1,18,65,3
GM,22,680565,1,18,65,4
GM,22,680637,1,18,65,7
GME,23,680709,1,18,65,9
GM,22,680622,1,18,65,6
GM,22,680709,1,18,65,9
EZE,21,680618,1,18,65,6
ASN,2,680698,1,18,65,9
AU,6,680630,1,18,65,7
ASN,2,680689,1,18,65,8
GM,22,680693,1,18,65,9
ASN,4,680738,1,18,65,10
BE,7,680694,1,18,65,9
UK,28,680612,1,18,65,6
BE,7,680713,1,18,65,9
BE,7,680703,1,18,65,9
BE,7,680578,1,18,65,5
ASN,4,680733,1,18,65,10
ASN,2,680593,1,18,65,5
GM,22,680683,1,18,65,8
GM,22,680647,1,18,65,7
BE,7,680633,1,18,65,7
UK,28,680678,1,18,65,8
GME,23,680648,1,18,65,7
GM,22,680600,1,18,65,6
AGE,1,680566,1,18,65,4
ASN,4,680590,1,18,65,5
AGE,1,680564,1,18,65,4
UK,28,680715,1,18,65,9
AU,6,680678,1,18,65,8
GME,23,680646,1,18,65,7
ASN,4,680776,1,18,65,11
AGE,1,680748,1,18,65,10
AGE,1,680550,1,18,65,4
BE,7,680613,1,18,65,6
EZE,21,680601,1,18,65,6
GM,22,680704,1,18,65,9
EZE,21,680633,1,18,65,7
UK,28,680601,1,18,65,6
GM,22,680739,1,18,65,10
AGE,1,680749,1,18,65,10
UK,28,680578,1,18,65,5
AGE,1,680531,1,18,65,3
AGE,1,680532,1,18,65,3
GME,23,680579,1,18,65,5
EZE,21,680706,1,18,65,9
AGE,1,680536,1,18,65,3
ITE,24,680549,1,18,65,4
AGE,1,680556,1,18,65,4
AU,6,680715,1,18,65,9
ASN,4,680589,1,18,65,5
UK,27,680699,1,19,65,9
BE,7,680707,1,19,65,9
GM,22,680714,1,19,65,9
GME,23,680605,1,19,65,6
EZE,21,680614,1,19,65,6
BE,7,680718,1,19,65,9
ITE,24,680721,1,19,65,10
GM,22,680615,1,19,65,6
UK,27,680714,1,19,65,9
BE,7,680573,1,19,65,5
GME,23,680616,1,19,65,6
ITE,24,680569,1,19,65,5
ASN,2,680723,1,19,65,10
UK,28,680711,1,19,65,9
UK,27,680719,1,19,65,9
GM,22,680578,1,19,65,5
UK,28,680694,1,19,65,9
BE,7,680693,1,19,65,9
GME,23,680638,1,19,65,7
GM,22,680625,1,19,65,6
UK,27,680580,1,19,65,5
UK,27,680625,1,19,65,6
GME,23,680618,1,19,65,6
ASN,4,680524,1,19,66,3
UK,27,680651,1,19,66,7
UK,27,680560,1,19,66,4
ASN,4,680721,1,19,66,10
UK,27,680632,1,19,66,7
ASN,2,680569,1,19,66,5
EZE,21,680647,1,19,66,7
ASN,4,680713,1,19,66,9
UK,28,680620,1,19,66,6
ITE,25,680551,1,19,66,4
UK,27,680666,1,19,66,8
UK,27,680655,1,19,66,7
ASN,4,680775,1,19,66,11
ASN,4,680502,1,19,66,2
ITE,25,680574,1,19,66,5
BE,7,680632,1,19,66,7
ASN,4,680452,1,19,66,1
GM,22,680662,1,19,66,8
ITE,24,680741,1,19,66,10
GME,23,680695,1,19,66,9
AU,6,680595,1,19,66,5
ITE,25,680575,1,19,66,5
EZE,21,680627,1,19,66,6
AU,6,680614,1,19,66,6
GM,22,680628,1,19,66,6
GM,22,680587,1,19,66,5
UK,27,680663,1,19,66,8
GME,23,680701,1,19,66,9
GM,22,680680,1,19,66,8
AU,6,680677,1,19,66,8
ASN,2,680673,1,19,66,8
ASN,4,680509,1,19,66,3
AU,6,680685,1,19,66,8
ITE,25,680721,1,19,66,10
GME,23,680691,1,19,66,9
AU,6,680578,1,19,66,5
ASN,4,680808,1,19,66,12
GM,22,680705,1,19,66,9
ASN,5,680773,1,19,66,11
ASN,4,680486,1,19,66,2
CA,17,680689,1,19,66,8
EIE,20,680687,1,19,66,8
EIE,20,680559,1,19,66,4
ASN,2,680526,1,19,66,3
UK,27,680637,1,19,66,7
ASN,2,680602,1,19,66,6
ASN,5,680788,1,19,66,12
CA,17,680690,1,19,66,8
ASN,2,680705,1,19,66,9
UK,28,680631,1,19,66,7
ASN,2,680747,1,19,66,10
CA,17,680714,1,19,66,9
EIE,20,680680,1,19,66,8
EIE,20,680583,1,19,66,5
EIE,20,680666,1,19,66,8
ITE,24,680746,1,19,66,10
ITE,25,680734,1,19,66,10
ASN,5,680586,1,19,66,5
UK,27,680618,1,19,66,6
ITE,25,680558,1,19,66,4
EIE,20,680701,1,19,66,9
UK,28,680627,1,19,66,6
EZE,21,680702,1,19,66,9
UK,27,680650,1,19,66,7
UK,28,680633,1,19,66,7
ASN,4,680806,1,19,66,12
ASN,2,680796,1,19,66,12
EIE,20,680597,1,19,66,5
ASN,5,680712,1,19,66,9
ASN,4,680472,1,19,66,1
ASN,4,680796,1,19,66,12
ASN,4,680719,1,19,66,9
ASN,5,680753,1,19,66,11
ASN,5,680767,1,19,66,11
ASN,2,680778,1,19,66,11
EIE,20,680590,1,19,66,5
UK,28,680716,1,19,66,9
CA,17,680582,1,19,66,5
EIE,20,680717,1,19,66,9
EIE,20,680609,1,19,66,6
UK,28,680675,1,19,66,8
AGE,1,680753,1,19,66,11
GM,22,680697,1,19,66,9
GME,23,680705,1,19,66,9
UK,27,680697,1,19,66,9
GME,23,680581,1,19,66,5
AGE,1,680545,1,19,66,4
AGE,1,680734,1,19,66,10
UK,27,680670,1,19,66,8
AGE,1,680555,1,19,66,4
AU,6,680670,1,19,66,8
BE,7,680677,1,19,66,8
UK,28,680669,1,19,66,8
AGE,1,680751,1,19,66,10
GM,22,680579,1,19,66,5
AGE,1,680746,1,19,66,10
ASN,2,680487,1,19,66,2
ASN,4,680487,1,19,66,2
AGE,1,680767,1,19,66,11
UK,28,680636,1,19,66,7
UK,27,680687,1,19,66,8
AGE,1,680548,1,19,66,4
UK,27,680696,1,19,66,9
AGE,1,680569,1,19,66,5
ITE,24,680567,1,19,66,4
AU,6,680637,1,19,66,7
BE,7,680671,1,19,66,8
GME,23,680627,1,19,66,6
ASN,2,680642,1,19,66,7
ITE,24,680742,1,19,66,10
ASN,2,680556,1,19,66,4
BE,7,680556,1,19,66,4
GM,22,680623,1,19,66,6
ITE,25,680566,1,19,66,4
UK,27,680605,1,19,66,6
ASN,2,680570,1,19,66,5
UK,27,680717,1,19,66,9
ITE,24,680722,1,19,66,10
UK,28,680676,1,19,66,8
GME,23,680562,1,19,66,4
UK,28,680691,1,19,66,9
ITE,25,680718,1,19,66,9
ASN,2,680565,1,19,66,4
UK,28,680695,1,19,66,9
GM,22,680616,1,19,66,6
UK,27,680615,1,19,66,6
UK,27,680587,1,19,66,5
UK,27,680638,1,19,66,7
GME,23,680698,1,19,66,9
ASN,2,680697,1,19,67,9
ASN,2,680525,1,19,67,3
BE,7,680679,1,19,67,8
BE,7,680629,1,19,67,7
BE,7,680631,1,19,67,7
ASN,2,680571,1,19,67,5
ASN,4,680501,1,19,67,2
ITE,24,680717,1,19,67,9
ITE,24,680550,1,19,67,4
GM,22,680633,1,19,67,7
ASN,2,680707,1,19,67,9
GM,22,680624,1,19,67,6
BE,7,680676,1,19,67,8
ASN,4,680573,1,19,67,5
ASN,4,680458,1,19,67,1
ASN,4,680700,1,19,67,9
UK,27,680683,1,19,67,8
AU,6,680515,1,19,67,3
UK,28,680616,1,19,67,6
ASN,2,680735,1,19,67,10
GME,23,680643,1,19,67,7
ASN,4,680510,1,19,67,3
ASN,4,680714,1,19,67,9
ASN,4,680521,1,19,67,3
GME,23,680603,1,19,67,6
ASN,2,680757,1,19,67,11
ASN,2,680781,1,19,67,11
ASN,4,680522,1,19,67,3
AU,6,680708,1,19,67,9
ASN,2,680489,1,19,67,2
ASN,2,680729,1,19,67,10
ASN,4,680555,1,19,67,4
GME,23,680644,1,19,67,7
CA,17,680586,1,19,67,5
ASN,5,680589,1,19,67,5
CA,17,680589,1,19,67,5
ASN,5,680590,1,19,67,5
EIE,20,680560,1,19,67,4
ASN,2,680745,1,19,67,10
AU,6,680680,1,19,67,8
EIE,20,680681,1,19,67,8
CA,17,680679,1,19,67,8
EIE,20,680611,1,19,67,6
ASN,2,680725,1,19,67,10
ASN,4,680718,1,19,67,9
CA,17,680606,1,19,67,6
UK,27,680607,1,19,67,6
CA,17,680585,1,19,67,5
ASN,5,680810,1,19,67,12
EIE,20,680630,1,19,67,7
GM,22,680649,1,19,67,7
EIE,20,680562,1,19,67,4
UK,27,680649,1,19,67,7
EIE,20,680679,1,19,67,8
ASN,5,680546,1,19,67,4
EIE,20,680669,1,19,67,8
CA,17,680701,1,19,67,9
ASN,2,680727,1,19,67,10
EIE,20,680549,1,19,67,4
UK,27,680656,1,19,67,7
ASN,5,680775,1,19,67,11
EZE,21,680707,1,19,67,9
ASN,5,680539,1,19,67,4
CA,17,680576,1,19,67,5
EIE,20,680604,1,19,67,6
ASN,4,680531,1,19,67,3
CA,17,680593,1,19,67,5
UK,27,680643,1,19,67,7
EIE,20,680622,1,19,67,6
GM,22,680691,1,19,67,9
ASN,2,680578,1,19,67,5
EIE,20,680667,1,19,67,8
CA,17,680692,1,19,67,9
EIE,20,680659,1,19,67,7
UK,27,680614,1,19,67,6
ASN,2,680701,1,19,67,9
ASN,5,680556,1,19,67,4
GME,23,680663,1,19,67,8
ITE,25,680557,1,19,67,4
GM,22,680655,1,19,67,7
CA,17,680700,1,19,67,9
EIE,20,680599,1,19,67,6
ASN,2,680710,1,19,67,9
EIE,20,680662,1,19,67,8
CA,17,680726,1,19,67,10
EIE,20,680568,1,19,67,5
ASN,4,680591,1,19,67,5
ITE,24,680581,1,20,67,5
AGE,1,680772,1,20,67,11
AGE,1,680551,1,20,67,4
GME,23,680706,1,20,67,9
AGE,1,680735,1,20,67,10
BE,7,680562,1,20,67,4
UK,28,680602,1,20,67,6
AU,6,680741,1,20,67,10
AGE,1,680769,1,20,67,11
GME,23,680655,1,20,67,7
BE,7,680601,1,20,67,6
AGE,1,680570,1,20,67,5
ITE,25,680542,1,20,67,4
GM,22,680648,1,20,67,7
UK,28,680717,1,20,67,9
ITE,24,680574,1,20,67,5
GM,22,680669,1,20,67,8
ITE,25,680548,1,20,67,4
UK,28,680625,1,20,67,6
ASN,4,680746,1,20,67,10
UK,28,680608,1,20,67,6
ITE,25,680722,1,20,67,10
UK,28,680611,1,20,67,6
AU,6,680601,1,20,67,6
ITE,24,680719,1,20,67,9
UK,27,680659,1,20,67,7
BE,7,680616,1,20,67,6
EZE,21,680676,1,20,67,8
AU,6,680702,1,20,67,9
GM,22,680641,1,20,67,7
GME,23,680641,1,20,67,7
ASN,4,680459,1,20,67,1
ASN,4,680754,1,20,67,11
BE,7,680581,1,20,67,5
UK,27,680634,1,20,67,7
AU,6,680635,1,20,67,7
UK,27,680646,1,20,67,7
GM,22,680678,1,20,67,8
UK,28,680685,1,20,67,8
UK,28,680635,1,20,67,7
UK,28,680622,1,20,67,6
ASN,2,680527,1,20,67,3
UK,28,680579,1,20,67,5
ITE,25,680599,1,20,67,6
ITE,25,680550,1,20,67,4
UK,28,680690,1,20,67,8
UK,28,680693,1,20,67,9
ITE,25,680552,1,20,67,4
UK,28,680692,1,20,67,9
ASN,4,680704,1,20,67,9
ASN,2,680555,1,20,67,4
UK,28,680660,1,20,68,8
GME,23,680678,1,20,68,8
AU,6,680596,1,20,68,5
ASN,2,680709,1,20,68,9
ASN,2,680711,1,20,68,9
ASN,2,680601,1,20,68,6
UK,28,680557,1,20,68,4
ASN,2,680588,1,20,68,5
GME,23,680632,1,20,68,7
UK,27,680662,1,20,68,8
BE,7,680602,1,20,68,6
GME,23,680654,1,20,68,7
ITE,24,680579,1,20,68,5
ASN,4,680488,1,20,68,2
ITE,25,680569,1,20,68,5
UK,27,680641,1,20,68,7
GME,23,680584,1,20,68,5
GM,22,680603,1,20,68,6
ASN,2,680739,1,20,68,10
EZE,21,680683,1,20,68,8
EZE,21,680698,1,20,68,9
GM,22,680706,1,20,68,9
EZE,21,680693,1,20,68,9
ASN,4,680547,1,20,68,4
EIE,20,680618,1,20,68,6
ASN,5,680547,1,20,68,4
GM,22,680627,1,20,68,6
AGE,1,680733,1,20,68,10
ASN,5,680794,1,20,68,12
AGE,1,680558,1,20,68,4
EIE,20,680617,1,20,68,6
AGE,1,680742,1,20,68,10
ASN,5,680559,1,20,68,4
ASN,4,680787,1,20,68,12
GME,23,680620,1,20,68,6
GME,23,680649,1,20,68,7
AU,6,680562,1,20,68,4
EIE,20,680614,1,20,68,6
EIE,20,680620,1,20,68,6
ASN,2,680488,1,20,68,2
ASN,5,680806,1,20,68,12
GM,22,680638,1,20,68,7
EIE,20,680561,1,20,68,4
GM,22,680562,1,20,68,4
EIE,20,680612,1,20,68,6
ASN,4,680793,1,20,68,12
BE,7,680614,1,20,68,6
AGE,1,680557,1,20,68,4
ASN,4,680807,1,20,68,12
ASN,5,680809,1,20,68,12
AGE,1,680754,1,20,68,11
GME,23,680697,1,20,68,9
EIE,20,680676,1,20,68,8
GME,23,680661,1,20,68,8
AGE,1,680573,1,20,68,5
AGE,1,680574,1,20,68,5
CA,17,680687,1,20,68,8
EIE,20,680663,1,20,68,8
AGE,1,680766,1,20,68,11
CA,17,680697,1,20,68,9
CA,17,680688,1,20,68,8
ASN,5,680572,1,20,68,5
EIE,20,680668,1,20,68,8
BE,7,680696,1,20,68,9
AGE,1,680567,1,20,68,4
EIE,20,680608,1,20,68,6
BE,7,680608,1,20,68,6
BE,7,680579,1,20,68,5
ASN,5,680802,1,20,68,12
EIE,20,680596,1,20,68,5
EIE,20,680665,1,20,68,8
ASN,5,680596,1,20,68,5
EIE,20,680598,1,20,68,5
EIE,20,680686,1,20,68,8
EIE,20,680600,1,20,68,6
AGE,1,680768,1,20,68,11
ASN,5,680765,1,20,68,11
AGE,1,680585,1,20,68,5
EIE,20,680678,1,20,68,8
EIE,20,680603,1,20,68,6
CA,17,680603,1,20,68,6
AGE,1,680571,1,20,68,5
EIE,20,680564,1,20,68,4
EIE,20,680658,1,20,68,7
CA,17,680583,1,20,68,5
EIE,20,680589,1,20,68,5
BE,7,680704,1,20,68,9
EIE,20,680591,1,20,68,5
EIE,20,680718,1,20,68,9
EIE,20,680682,1,20,68,8
EIE,20,680653,1,20,68,7
EIE,20,680684,1,20,68,8
GM,22,680581,1,20,68,5
EZE,21,680662,1,20,68,8
UK,28,680618,1,20,68,6
BE,7,680617,1,20,68,6
ASN,2,680726,1,20,68,10
EZE,21,680712,1,20,68,9
UK,27,680645,1,20,68,7
UK,28,680619,1,20,68,6
ITE,24,680694,1,20,68,9
ASN,2,680553,1,20,68,4
ASN,4,680774,1,20,68,11
UK,28,680613,1,20,68,6
GME,23,680689,1,20,68,8
ASN,4,680523,1,20,68,3
ASN,4,680500,1,20,68,2
EZE,21,680580,1,20,68,5
ASN,4,680801,1,20,68,12
ASN,4,680503,1,20,68,2
UK,28,680649,1,20,68,7
ASN,4,680557,1,20,68,4
UK,28,680686,1,20,68,8
UK,28,680677,1,20,68,8
BE,7,680606,1,20,68,6
ASN,2,680662,1,20,68,8
BE,7,680661,1,20,68,8
ITE,25,680710,1,20,68,9
ASN,2,680594,1,20,68,5
ASN,2,680557,1,20,68,4
ASN,2,680572,1,20,68,5
BE,7,680687,1,20,68,8
GME,23,680580,1,20,69,5
AU,6,680675,1,20,69,8
AU,6,680615,1,20,69,6
ITE,24,680747,1,20,69,10
UK,27,680657,1,20,69,7
UK,28,680614,1,20,69,6
ASN,4,680811,1,20,69,12
ITE,25,680567,1,20,69,4
GME,23,680669,1,20,69,8
ASN,4,680529,1,20,69,3
ASN,2,680766,1,20,69,11
ASN,2,680595,1,20,69,5
AU,6,680648,1,20,69,7
GME,23,680675,1,20,69,8
ITE,24,680577,1,20,69,5
ASN,4,680695,1,20,69,9
ASN,2,680528,1,20,69,3
UK,28,680623,1,20,69,6
ASN,2,680770,1,20,69,11
ITE,24,680740,1,20,69,10
ASN,4,680722,1,20,69,10
BE,7,680597,1,20,69,5
AU,6,680689,1,20,69,8
ASN,2,680760,1,20,69,11
AU,6,680698,1,20,69,9
GME,23,680623,1,20,69,6
ASN,2,680807,1,20,69,12
ASN,2,680501,1,20,69,2
ITE,24,680600,1,20,69,6
EZE,21,680708,1,20,69,9
BE,7,680604,1,20,69,6
GM,22,680620,1,20,69,6
GME,23,680680,1,20,69,8
EZE,21,680689,1,20,69,8
ITE,25,680719,1,20,69,9
ITE,24,680568,1,20,69,5
ASN,2,680715,1,20,69,9
ITE,25,680717,1,20,69,9
EZE,21,680562,1,20,69,4
ITE,24,680743,1,20,69,10
ASN,4,680456,1,20,69,1
GM,22,680605,1,20,69,6
AGE,1,680732,1,20,69,10
ASN,4,680729,1,20,69,10
GME,23,680599,1,20,69,6
ASN,4,680475,1,20,69,1
AGE,1,680740,1,20,69,10
ASN,4,680802,1,20,69,12
AGE,1,680559,1,20,69,4
ASN,4,680707,1,20,69,9
BE,7,680678,1,20,69,8
BE,7,680681,1,20,69,8
ASN,4,680734,1,20,69,10
ASN,4,680473,1,20,69,1
BE,7,680653,1,20,69,7
GM,22,680663,1,20,69,8
UK,27,680640,1,20,69,7
ASN,4,680751,1,20,69,10
AGE,1,680737,1,20,69,10
AGE,1,680611,1,20,69,6
BE,7,680582,1,20,69,5
EZE,21,680623,1,21,69,6
EIE,20,680685,1,21,69,8
EIE,20,680629,1,21,69,7
EIE,20,680565,1,21,69,4
EIE,20,680616,1,21,69,6
EIE,20,680661,1,21,69,8
EIE,20,680619,1,21,69,6
CA,17,680717,1,21,69,9
ASN,5,680551,1,21,69,4
EIE,20,680652,1,21,69,7
EIE,20,680605,1,21,69,6
UK,28,680588,1,21,69,5
EZE,21,680641,1,21,69,7
ASN,2,680696,1,21,69,9
EZE,21,680694,1,21,69,9
AU,6,680575,1,21,69,5
EIE,20,680595,1,21,69,5
BE,7,680697,1,21,69,9
EIE,20,680587,1,21,69,5
BE,7,680692,1,21,69,9
BE,7,680691,1,21,69,9
ITE,24,680607,1,21,69,6
ASN,4,680545,1,21,69,4
ASN,2,680779,1,21,69,11
CA,17,680649,1,21,69,7
EIE,20,680623,1,21,69,6
GME,23,680642,1,21,69,7
EIE,20,680654,1,21,69,7
EIE,20,680660,1,21,69,8
UK,27,680642,1,21,69,7
CA,17,680592,1,21,69,5
CA,17,680587,1,21,69,5
EZE,21,680617,1,21,69,6
ASN,2,680702,1,21,69,9
EIE,20,680626,1,21,69,6
UK,28,680632,1,21,69,7
EIE,20,680602,1,21,69,6
BE,7,680603,1,21,69,6
EIE,20,680613,1,21,69,6
ASN,2,680767,1,21,69,11
UK,28,680615,1,21,69,6
CA,17,680626,1,21,69,6
EIE,20,680683,1,21,69,8
ITE,24,680591,1,21,69,5
ASN,4,680786,1,21,69,12
BE,7,680680,1,21,69,8
BE,7,680675,1,21,69,8
EIE,20,680584,1,21,69,5
ASN,2,680708,1,21,69,9
CA,17,680681,1,21,69,8
UK,28,680626,1,21,69,6
ASN,4,680489,1,21,69,2
UK,28,680609,1,21,69,6
AGE,1,680765,1,21,69,11
ASN,4,680511,1,21,69,3
ASN,2,680734,1,21,69,10
ASN,2,680718,1,21,69,9
ITE,25,680685,1,21,69,8
BE,7,680557,1,21,69,4
UK,28,680606,1,21,69,6
EZE,21,680638,1,21,69,7
ASN,2,680741,1,21,69,10
ASN,2,680458,1,21,69,1
ASN,2,680743,1,21,69,10
AU,6,680618,1,21,69,6
GM,22,680740,1,21,69,10
AU,6,680650,1,21,69,7
GM,22,680674,1,21,69,8
ITE,24,680561,1,21,69,4
GME,23,680604,1,21,69,6
GM,22,680682,1,21,69,8
AU,6,680579,1,21,70,5
EZE,21,680655,1,21,70,7
ASN,4,680703,1,21,70,9
EZE,21,680697,1,21,70,9
GM,22,680661,1,21,70,8
ITE,24,680713,1,21,70,9
BE,7,680672,1,21,70,8
UK,27,680582,1,21,70,5
EZE,21,680678,1,21,70,8
UK,28,680696,1,21,70,9
ASN,2,680731,1,21,70,10
ITE,24,680710,1,21,70,9
AU,6,680696,1,21,70,9
ITE,24,680595,1,21,70,5
GME,23,680598,1,21,70,5
AGE,1,680739,1,21,70,10
AU,6,680709,1,21,70,9
AU,6,680651,1,21,70,7
EZE,21,680631,1,21,70,7
ITE,24,680576,1,21,70,5
UK,27,680639,1,21,70,7
UK,27,680647,1,21,70,7
AGE,1,680552,1,21,70,4
ITE,24,680685,1,21,70,8
UK,27,680675,1,21,70,8
GME,23,680582,1,21,70,5
AGE,1,680580,1,21,70,5
ITE,25,680592,1,21,70,5
GM,22,680584,1,21,70,5
GM,22,680608,1,21,70,6
AU,6,680582,1,21,70,5
GM,22,680580,1,21,70,5
EZE,21,680649,1,21,70,7
UK,27,680658,1,21,70,7
AGE,1,680747,1,21,70,10
ASN,4,680759,1,21,70,11
ASN,2,680506,1,21,70,2
EZE,21,680584,1,21,70,5
ASN,5,680793,1,21,70,12
ASN,4,680497,1,21,70,2
ASN,5,680799,1,21,70,12
CA,17,680686,1,21,70,8
GME,23,680619,1,21,70,6
ASN,5,680591,1,21,70,5
ASN,2,680765,1,21,70,11
ASN,5,680768,1,21,70,11
EIE,20,680677,1,21,70,8
EIE,20,680621,1,21,70,6
EIE,20,680592,1,21,70,5
ASN,2,680505,1,21,70,2
CA,17,680627,1,21,70,6
EIE,20,680651,1,21,70,7
EIE,20,680588,1,21,70,5
EIE,20,680566,1,21,70,4
ASN,5,680739,1,21,70,10
ASN,2,680491,1,21,70,2
EIE,20,680594,1,21,70,5
CA,17,680680,1,21,70,8
ASN,5,680790,1,21,70,12
EZE,21,680695,1,21,70,9
ASN,4,680809,1,21,70,12
ASN,5,680552,1,21,70,4
ASN,4,680480,1,21,70,2
EZE,21,680642,1,21,70,7
EIE,20,680657,1,21,70,7
ASN,5,680541,1,21,70,4
ASN,4,680810,1,21,70,12
ASN,5,680772,1,21,70,11
CA,17,680708,1,21,70,9
EIE,20,680601,1,21,70,6
ITE,25,680571,1,21,70,5
EIE,20,680606,1,21,70,6
EIE,20,680627,1,21,70,6
CA,17,680710,1,21,70,9
ASN,2,680730,1,21,70,10
CA,17,680713,1,21,70,9
EIE,20,680664,1,21,70,8
ASN,4,680469,1,21,70,1
ASN,2,680793,1,21,70,12
ASN,5,680811,1,21,70,12
CA,17,680602,1,21,70,6
EIE,20,680615,1,21,70,6
ASN,5,680571,1,21,70,5
ASN,4,680731,1,21,70,10
EIE,20,680655,1,21,70,7
ITE,24,680596,1,21,70,5
ASN,2,680736,1,21,70,10
UK,28,680629,1,21,70,7
UK,28,680634,1,21,70,7
ASN,4,680772,1,21,70,11
BE,7,680673,1,21,70,8
UK,28,680670,1,21,70,8
ASN,4,680569,1,21,70,5
ASN,2,680490,1,21,70,2
UK,28,680607,1,21,70,6
BE,7,680637,1,21,70,7
GM,22,680698,1,21,70,9
EZE,21,680619,1,21,70,6
AU,6,680631,1,21,70,7
AU,6,680707,1,21,70,9
GM,22,680654,1,21,70,7
UK,27,680688,1,21,70,8
ASN,2,680522,1,21,70,3
ITE,24,680599,1,21,70,6
ASN,4,680463,1,21,70,1
GM,22,680642,1,21,70,7
ASN,2,680688,1,21,70,8
AU,6,680625,1,21,70,6
ASN,4,680709,1,21,70,9
GM,22,680707,1,21,70,9
ITE,24,680712,1,21,70,9
AU,6,680694,1,21,70,9
UK,28,680610,1,21,70,6
ITE,25,680576,1,21,70,5
ASN,4,680571,1,21,70,5
UK,28,680556,1,21,70,4
ASN,4,680570,1,21,70,5
ITE,24,680582,1,21,70,5
ASN,2,680504,1,21,70,2
UK,27,680671,1,21,70,8
ASN,4,680482,1,21,70,2
UK,28,680697,1,21,70,9
AU,6,680619,1,21,70,6
ASN,4,680769,1,21,70,11
UK,28,680659,1,21,71,7
GM,22,680651,1,21,71,7
ASN,4,680447,1,21,71,1
ASN,2,680558,1,21,71,4
GME,23,680585,1,21,71,5
ASN,2,680771,1,21,71,11
AGE,1,680731,1,22,71,10
BE,7,680652,1,22,71,7
ASN,4,680794,1,22,71,12
GME,23,680563,1,22,71,4
EZE,21,680680,1,22,71,8
GME,23,680586,1,22,71,5
GM,22,680644,1,22,71,7
AU,6,680634,1,22,71,7
AGE,1,680730,1,22,71,10
AGE,1,680741,1,22,71,10
AGE,1,680553,1,22,71,4
BE,7,680621,1,22,71,6
GM,22,680563,1,22,71,4
ITE,25,680561,1,22,71,4
BE,7,680688,1,22,71,8
EZE,21,680579,1,22,71,5
AGE,1,680544,1,22,71,4
AGE,1,680581,1,22,71,5
EZE,21,680632,1,22,71,7
AU,6,680590,1,22,71,5
ASN,2,680775,1,22,71,11
AU,6,680633,1,22,71,7
EZE,21,680582,1,22,71,5
GME,23,680658,1,22,71,7
ASN,2,680776,1,22,71,11
ASN,2,680752,1,22,71,11
GME,23,680588,1,22,71,5
BE,7,680698,1,22,71,9
ITE,25,680598,1,22,71,5
GME,23,680666,1,22,71,8
ASN,2,680717,1,22,71,9
ASN,2,680798,1,22,71,12
ASN,2,680545,1,22,71,4
ASN,2,680510,1,22,71,3
EIE,20,680607,1,22,71,6
EZE,21,680598,1,22,71,5
ASN,2,680560,1,22,71,4
CA,17,680693,1,22,71,9
CA,17,680612,1,22,71,6
CA,17,680691,1,22,71,9
ASN,4,680805,1,22,71,12
CA,17,680694,1,22,71,9
ASN,4,680512,1,22,71,3
CA,17,680607,1,22,71,6
ASN,4,680481,1,22,71,2
ASN,4,680496,1,22,71,2
BE,7,680620,1,22,71,6
ITE,25,680613,1,22,71,6
ASN,2,680533,1,22,71,3
EIE,20,680593,1,22,71,5
CA,17,680677,1,22,71,8
UK,27,680583,1,22,71,5
ASN,2,680795,1,22,71,12
ASN,5,680548,1,22,71,4
CA,17,680625,1,22,71,6
CA,17,680573,1,22,71,5
ASN,2,680687,1,22,71,8
EZE,21,680669,1,22,71,8
ASN,2,680573,1,22,71,5
EIE,20,680636,1,22,71,7
EIE,20,680567,1,22,71,4
ASN,4,680474,1,22,71,1
ITE,25,680703,1,22,71,9
CA,17,680635,1,22,71,7
ASN,2,680552,1,22,71,4
ASN,4,680479,1,22,71,2
BE,7,680612,1,22,71,6
UK,27,680672,1,22,71,8
GM,22,680701,1,22,71,9
ASN,2,680532,1,22,71,3
ITE,25,680608,1,22,71,6
BE,7,680615,1,22,71,6
UK,28,680605,1,22,71,6
BE,7,680668,1,22,71,8
ASN,2,680787,1,22,71,12
ASN,4,680715,1,22,71,9
ASN,4,680764,1,22,71,11
ASN,2,680712,1,22,71,9
GME,23,680674,1,22,71,8
ASN,2,680492,1,22,71,2
UK,28,680673,1,22,71,8
UK,27,680648,1,22,71,7
GM,22,680689,1,22,71,8
ASN,2,680575,1,22,71,5
GME,23,680651,1,22,71,7
AU,6,680597,1,22,71,5
EZE,21,680586,1,22,71,5
ASN,4,680451,1,22,71,1
GME,23,680631,1,22,71,7
GME,23,680645,1,22,71,7
UK,28,680639,1,22,71,7
EZE,21,680644,1,22,71,7
ASN,4,680716,1,22,71,9
ASN,2,680744,1,22,71,10
ASN,2,680574,1,22,71,5
AU,6,680713,1,22,71,9
BE,7,680705,1,22,71,9
ASN,2,680811,1,22,71,12
AGE,1,680612,1,22,72,6
ASN,2,680511,1,22,72,3
AGE,1,680576,1,22,72,5
GME,23,680640,1,22,72,7
BE,7,680580,1,22,72,5
AU,6,680693,1,22,72,9
BE,7,680598,1,22,72,5
GM,22,680675,1,22,72,8
BE,7,680587,1,22,72,5
AGE,1,680586,1,22,72,5
ASN,2,680797,1,22,72,12
ASN,4,680490,1,22,72,2
ASN,4,680741,1,22,72,10
ASN,2,680789,1,22,72,12
ASN,4,680546,1,22,72,4
ASN,4,680450,1,22,72,1
ASN,4,680533,1,22,72,3
AU,6,680649,1,22,72,7
ITE,24,680687,1,22,72,8
BE,7,680630,1,22,72,7
AU,6,680747,1,22,72,10
ASN,4,680504,1,22,72,2
ASN,2,680512,1,22,72,3
GM,22,680613,1,22,72,6
AU,6,680647,1,22,72,7
ASN,2,680802,1,22,72,12
EZE,21,680603,1,22,72,6
ITE,24,680626,1,22,72,6
AU,6,680712,1,22,72,9
EZE,21,680661,1,22,72,8
ITE,24,680703,1,22,72,9
ASN,2,680453,1,22,72,1
EIE,20,680628,1,22,72,6
ASN,4,680461,1,22,72,1
ASN,4,680476,1,22,72,1
EZE,21,680585,1,22,72,5
CA,17,680678,1,22,72,8
ASN,2,680806,1,22,72,12
ASN,2,680549,1,22,72,4
ASN,5,680782,1,22,72,12
ASN,5,680540,1,22,72,4
ASN,2,680559,1,22,72,4
ASN,2,680534,1,22,72,3
ITE,25,680595,1,22,72,5
EIE,20,680649,1,22,72,7
EIE,20,680635,1,22,72,7
CA,17,680591,1,22,72,5
EIE,20,680625,1,22,72,6
EIE,20,680637,1,22,72,7
ASN,2,680719,1,22,72,9
ASN,4,680499,1,22,72,2
EIE,20,680632,1,22,72,7
ASN,2,680507,1,22,72,3
EIE,20,680631,1,22,72,7
UK,28,680661,1,22,72,8
ASN,2,680812,1,22,72,12
UK,28,680617,1,22,72,6
AU,6,680616,1,22,72,6
ITE,25,680704,1,22,72,9
GME,23,680609,1,22,72,6
UK,28,680603,1,22,72,6
UK,27,680584,1,22,72,5
ASN,4,680766,1,22,72,11
GM,22,680619,1,22,72,6
GME,23,680608,1,22,72,6
UK,28,680652,1,22,72,7
AU,6,680638,1,22,72,7
ITE,24,680592,1,22,72,5
AU,6,680585,1,22,72,5
BE,7,680609,1,22,72,6
ASN,2,680746,1,22,72,10
ITE,25,680562,1,22,72,4
GM,22,680631,1,22,72,7
UK,27,680674,1,22,72,8
GM,22,680586,1,22,72,5
ASN,2,680788,1,22,72,12
ITE,25,680702,1,22,72,9
AGE,1,680719,1,22,72,9
ITE,24,680716,1,22,72,9
AGE,1,680541,1,22,72,4
BE,7,680706,1,22,72,9
GME,23,680707,1,22,72,9
ITE,24,680720,1,22,72,9
AGE,1,680717,1,22,72,9
AGE,1,680584,1,22,72,5
BE,7,680643,1,22,72,7
BE,7,680654,1,22,72,7
ITE,25,680687,1,23,73,8
ITE,24,680693,1,23,73,9
UK,28,680640,1,23,73,7
BE,7,680607,1,23,73,6
GME,23,680699,1,23,73,9
GM,22,680604,1,23,73,6
BE,7,680641,1,23,73,7
UK,28,680698,1,23,73,9
BE,7,680583,1,23,73,5
ASN,2,680513,1,23,73,3
ASN,2,680502,1,23,73,2
ASN,2,680804,1,23,73,12
ASN,4,680460,1,23,73,1
BE,7,680646,1,23,73,7
ASN,4,680708,1,23,73,9
ASN,4,680773,1,23,73,11
ASN,4,680797,1,23,73,12
ASN,4,680559,1,23,73,4
EZE,21,680654,1,23,73,7
ASN,2,680801,1,23,73,12
CA,17,680632,1,23,73,7
GM,22,680646,1,23,73,7
GM,22,680598,1,23,73,5
GM,22,680699,1,23,73,9
CA,17,680699,1,23,73,9
GME,23,680612,1,23,73,6
EIE,20,680624,1,23,73,6
BE,7,680605,1,23,73,6
UK,28,680687,1,23,73,8
ITE,24,680686,1,23,73,8
ASN,4,680535,1,23,73,3
CA,17,680682,1,23,73,8
GME,23,680583,1,23,73,5
ASN,2,680476,1,23,73,1
GM,22,680610,1,23,73,6
GM,22,680582,1,23,73,5
GME,23,680613,1,23,73,6
EZE,21,680651,1,23,73,7
CA,17,680653,1,23,73,7
ASN,4,680506,1,23,73,2
AU,6,680662,1,23,73,8
ASN,4,680558,1,23,73,4
ASN,2,680516,1,23,73,3
EIE,20,680650,1,23,73,7
EIE,20,680656,1,23,73,7
ASN,2,680535,1,23,73,3
GME,23,680656,1,23,73,7
ASN,2,680523,1,23,73,3
ASN,2,680791,1,23,73,12
BE,7,680619,1,23,73,6
ITE,24,680589,1,23,73,5
UK,28,680655,1,23,73,7
ITE,24,680565,1,23,73,4
GM,22,680656,1,23,73,7
GM,22,680606,1,23,73,6
ASN,2,680536,1,23,73,3
ASN,2,680732,1,23,73,10
ITE,25,680720,1,23,73,9
EZE,21,680605,1,23,73,6
AGE,1,680727,1,23,73,10
EZE,21,680600,1,23,73,6
ASN,4,680498,1,23,73,2
BE,7,680674,1,23,73,8
AGE,1,680579,1,23,73,5
BE,7,680647,1,23,73,7
ASN,2,680481,1,23,73,2
GM,22,680643,1,23,73,7
AGE,1,680588,1,23,73,5
AGE,1,680720,1,23,73,9
AU,6,680695,1,23,73,9
EZE,21,680628,1,23,73,6
ASN,2,680762,1,23,73,11
EZE,21,680588,1,23,73,5
AU,6,680589,1,23,73,5
ASN,4,680803,1,23,73,12
ITE,24,680705,1,23,73,9
AGE,1,680592,1,23,73,5
AGE,1,680712,1,23,73,9
BE,7,680618,1,23,73,6
AGE,1,680738,1,23,73,10
GM,22,680602,1,23,73,6
GM,22,680664,1,23,73,8
GM,22,680658,1,23,74,7
ASN,2,680742,1,23,74,10
ASN,2,680740,1,23,74,10
UK,27,680644,1,23,74,7
BE,7,680644,1,23,74,7
AU,6,680632,1,23,74,7
GM,22,680585,1,23,74,5
UK,28,680604,1,23,74,6
ASN,4,680483,1,23,74,2
ITE,24,680695,1,23,74,9
ITE,25,680563,1,23,74,4
ASN,2,680803,1,23,74,12
GM,22,680666,1,23,74,8
ASN,4,680467,1,23,74,1
BE,7,680638,1,23,74,7
EZE,21,680663,1,23,74,8
AGE,1,680713,1,23,74,9
EZE,21,680563,1,23,74,4
ASN,2,680713,1,23,74,9
UK,28,680653,1,23,74,7
ASN,2,680703,1,23,74,9
EZE,21,680656,1,23,74,7
AU,6,680655,1,23,74,7
GM,22,680690,1,23,74,8
ITE,24,680562,1,23,74,4
ASN,4,680505,1,23,74,2
CA,17,680638,1,23,74,7
ASN,4,680532,1,23,74,3
AU,6,680588,1,23,74,5
ASN,5,680542,1,23,74,4
UK,28,680638,1,23,74,7
ASN,2,680529,1,23,74,3
ASN,2,680768,1,23,74,11
ASN,5,680766,1,23,74,11
AU,6,680609,1,23,74,6
GM,22,680609,1,23,74,6
ASN,4,680800,1,23,74,12
EIE,20,680671,1,23,74,8
ITE,24,680570,1,23,74,5
GME,23,680606,1,23,74,6
ASN,5,680550,1,23,74,4
EIE,20,680673,1,23,74,8
CA,17,680584,1,23,74,5
EIE,20,680648,1,23,74,7
CA,17,680613,1,23,74,6
ASN,4,680491,1,23,74,2
ASN,4,680742,1,23,74,10
AU,6,680676,1,23,74,8
CA,17,680685,1,23,74,8
GM,22,680583,1,23,74,5
ITE,24,680583,1,23,74,5
EIE,20,680586,1,23,74,5
EIE,20,680633,1,23,74,7
ASN,2,680454,1,23,74,1
CA,17,680594,1,23,74,5
ITE,25,680626,1,23,74,6
BE,7,680699,1,23,74,9
EZE,21,680620,1,23,74,6
ITE,24,680704,1,23,74,9
CA,17,680631,1,23,74,7
AU,6,680623,1,23,74,6
BE,7,680662,1,23,74,8
ASN,2,680459,1,23,74,1
ASN,2,680724,1,23,74,10
GME,23,680679,1,23,74,8
ITE,24,680715,1,23,74,9
UK,28,680580,1,23,74,5
EZE,21,680622,1,23,74,6
UK,27,680673,1,23,74,8
BE,7,680650,1,23,74,7
AU,6,680697,1,23,74,9
ASN,4,680812,1,23,74,12
ASN,2,680537,1,23,74,3
EZE,21,680652,1,23,74,7
AU,6,680564,1,23,74,4
ASN,4,680448,1,23,74,1
ITE,24,680593,1,23,74,5
UK,28,680656,1,23,74,7
GME,23,680690,1,23,74,8
ITE,24,680714,1,23,74,9
ITE,24,680563,1,23,74,4
UK,28,680637,1,23,74,7
ASN,2,680714,1,23,74,9
ITE,24,680608,1,23,74,6
AGE,1,680745,1,24,74,10
ITE,25,680678,1,24,74,8
EZE,21,680699,1,24,74,9
ITE,25,680708,1,24,74,9
AU,6,680563,1,24,74,4
ITE,25,680711,1,24,74,9
AGE,1,680578,1,24,74,5
EZE,21,680606,1,24,74,6
AGE,1,680710,1,24,74,9
AGE,1,680711,1,24,74,9
ASN,4,680484,1,24,74,2
AGE,1,680714,1,24,74,9
AGE,1,680591,1,24,74,5
AGE,1,680577,1,24,74,5
BE,7,680586,1,24,74,5
AU,6,680624,1,24,74,6
AGE,1,680718,1,24,74,9
UK,28,680650,1,24,74,7
GM,22,680599,1,24,74,6
ASN,4,680470,1,24,74,1
ASN,2,680808,1,24,74,12
ITE,25,680705,1,24,74,9
ASN,2,680514,1,24,74,3
EZE,21,680666,1,24,74,8
UK,28,680582,1,24,74,5
ITE,25,680596,1,24,74,5
AU,6,680663,1,24,74,8
GM,22,680652,1,24,74,7
GM,22,680679,1,24,74,8
ITE,25,680688,1,24,75,8
ASN,2,680782,1,24,75,12
ASN,2,680460,1,24,75,1
ASN,4,680767,1,24,75,11
ITE,25,680593,1,24,75,5
ITE,24,680598,1,24,75,5
ITE,25,680706,1,24,75,9
ASN,2,680515,1,24,75,3
ASN,2,680733,1,24,75,10
GME,23,680652,1,24,75,7
BE,7,680689,1,24,75,8
ITE,24,680590,1,24,75,5
EZE,21,680681,1,24,75,8
ASN,2,680482,1,24,75,2
ITE,24,680612,1,24,75,6
ASN,2,680805,1,24,75,12
AU,6,680690,1,24,75,8
ASN,2,680508,1,24,75,3
EZE,21,680599,1,24,75,6
GM,22,680668,1,24,75,8
EIE,20,680634,1,24,75,7
ASN,2,680452,1,24,75,1
CA,17,680661,1,24,75,8
ASN,2,680540,1,24,75,4
ASN,2,680538,1,24,75,4
ASN,4,680534,1,24,75,3
EIE,20,680638,1,24,75,7
ASN,2,680539,1,24,75,4
ASN,4,680552,1,24,75,4
CA,17,680629,1,24,75,7
EZE,21,680607,1,24,75,6
EZE,21,680692,1,24,75,9
ASN,2,680548,1,24,75,4
ASN,4,680711,1,24,75,9
ASN,2,680530,1,24,75,3
ASN,5,680538,1,24,75,4
ASN,4,680799,1,24,75,12
BE,7,680657,1,24,75,7
ASN,5,680798,1,24,75,12
ASN,4,680457,1,24,75,1
EZE,21,680675,1,24,75,8
EIE,20,680647,1,24,75,7
ASN,4,680760,1,24,75,11
EIE,20,680645,1,24,75,7
ASN,4,680783,1,24,75,12
EZE,21,680643,1,24,75,7
ASN,5,680812,1,24,75,12
ASN,2,680493,1,24,75,2
CA,17,680598,1,24,75,5
CA,17,680650,1,24,75,7
ASN,2,680759,1,24,75,11
GM,22,680621,1,24,75,6
AGE,1,680511,1,24,75,3
GME,23,680664,1,24,75,8
AGE,1,680613,1,24,75,6
AGE,1,680618,1,24,75,6
ITE,25,680709,1,24,75,9
AGE,1,680726,1,24,75,10
AGE,1,680614,1,24,75,6
ASN,4,680515,1,24,75,3
UK,28,680657,1,24,75,7
ITE,25,680627,1,24,75,6
ASN,2,680541,1,24,75,4
GME,23,680667,1,24,75,8
BE,7,680645,1,24,75,7
AU,6,680679,1,24,75,8
GM,22,680650,1,24,75,7
AGE,1,680704,1,24,75,9
GM,22,680667,1,24,75,8
GME,23,680668,1,24,75,8
ITE,25,680712,1,24,75,9
GME,23,680700,1,24,75,9
AGE,1,680688,1,24,75,8
AGE,1,680616,1,24,75,6
ASN,2,680810,1,24,75,12
ASN,2,680531,1,24,75,3
UK,28,680581,1,24,75,5
EZE,21,680646,1,24,75,7
AU,6,680607,1,24,75,6
ASN,2,680457,1,24,75,1
AU,6,680617,1,24,75,6
BE,7,680642,1,24,75,7
BE,7,680651,1,24,75,7
GME,23,680621,1,24,75,6
ITE,25,680564,1,24,76,4
BE,7,680663,1,24,76,8
BE,7,680611,1,24,76,6
BE,7,680610,1,24,76,6
EZE,21,680690,1,24,76,8
ITE,25,680686,1,24,76,8
EZE,21,680658,1,24,76,7
ITE,25,680628,1,24,76,6
UK,28,680674,1,24,76,8
ASN,4,680513,1,24,76,3
ITE,25,680583,1,24,76,5
ASN,4,680453,1,24,76,1
ASN,2,680486,1,24,76,2
ITE,25,680568,1,24,76,5
ITE,24,680688,1,24,76,8
GME,23,680610,1,24,76,6
ASN,2,680784,1,24,76,12
ITE,25,680565,1,24,76,4
UK,28,680643,1,24,76,7
ASN,4,680788,1,24,76,12
ASN,5,680570,1,24,76,5
EIE,20,680646,1,24,76,7
ITE,25,680578,1,24,76,5
UK,27,680586,1,24,76,5
CA,17,680616,1,24,76,6
ITE,24,680627,1,24,76,6
ASN,5,680791,1,24,76,12
ASN,2,680547,1,24,76,4
GM,22,680588,1,24,76,5
EIE,20,680585,1,24,76,5
UK,28,680645,1,24,76,7
CA,17,680641,1,24,76,7
ASN,2,680447,1,24,76,1
CA,17,680662,1,24,76,8
ASN,2,680503,1,24,76,2
EIE,20,680672,1,24,76,8
CA,17,680663,1,24,76,8
ASN,4,680763,1,24,76,11
EIE,20,680674,1,24,76,8
ITE,24,680689,1,24,76,8
GM,22,680612,1,24,76,6
UK,28,680654,1,24,76,7
AGE,1,680602,1,24,76,6
AGE,1,680615,1,24,76,6
AGE,1,680604,1,24,76,6
AU,6,680602,1,24,76,6
ASN,4,680518,1,24,76,3
AGE,1,680619,1,24,76,6
BE,7,680665,1,24,76,8
EZE,21,680604,1,24,76,6
UK,28,680651,1,24,76,7
AGE,1,680716,1,24,76,9
AGE,1,680606,1,24,76,6
GM,22,680645,1,24,76,7
AGE,1,680724,1,24,76,10
ITE,24,680584,1,24,76,5
UK,28,680641,1,24,76,7
BE,7,680640,1,24,76,7
ASN,4,680762,1,24,76,11
BE,7,680660,1,25,76,8
UK,28,680665,1,25,76,8
AU,6,680656,1,25,76,7
ITE,24,680585,1,25,76,5
UK,28,680648,1,25,76,7
BE,7,680667,1,25,76,8
ITE,24,680706,1,25,76,9
ASN,2,680449,1,25,76,1
BE,7,680658,1,25,76,7
ITE,25,680713,1,25,76,9
ITE,25,680694,1,25,76,9
EZE,21,680602,1,25,76,6
ASN,2,680495,1,25,76,2
ASN,2,680794,1,25,76,12
BE,7,680655,1,25,76,7
ASN,2,680551,1,25,76,4
ITE,25,680716,1,25,76,9
ITE,24,680597,1,25,77,5
AU,6,680584,1,25,77,5
ASN,2,680704,1,25,77,9
ITE,24,680613,1,25,77,6
GM,22,680607,1,25,77,6
ASN,2,680550,1,25,77,4
ASN,2,680524,1,25,77,3
EZE,21,680679,1,25,77,8
ITE,24,680709,1,25,77,9
EZE,21,680609,1,25,77,6
EZE,21,680583,1,25,77,5
CA,17,680684,1,25,77,8
AGE,1,680607,1,25,77,6
UK,28,680658,1,25,77,7
AGE,1,680593,1,25,77,5
AU,6,680692,1,25,77,9
CA,17,680633,1,25,77,7
AGE,1,680605,1,25,77,6
ITE,24,680673,1,25,77,8
AGE,1,680689,1,25,77,8
AU,6,680583,1,25,77,5
ITE,24,680672,1,25,77,8
AGE,1,680628,1,25,77,6
AGE,1,680744,1,25,77,10
AGE,1,680608,1,25,77,6
ASN,4,680466,1,25,77,1
EZE,21,680639,1,25,77,7
AGE,1,680627,1,25,77,6
AGE,1,680590,1,25,77,5
AGE,1,680625,1,25,77,6
AGE,1,680562,1,25,77,4
AGE,1,680626,1,25,77,6
EZE,21,680667,1,25,77,8
BE,7,680666,1,25,77,8
GME,23,680607,1,25,77,6
UK,27,680585,1,25,77,5
ASN,4,680739,1,25,77,10
UK,28,680666,1,25,77,8
GME,23,680650,1,25,77,7
GM,22,680700,1,25,77,9
AU,6,680598,1,25,77,5
ASN,4,680791,1,25,77,12
ASN,2,680546,1,25,77,4
ASN,4,680462,1,25,77,1
ITE,24,680564,1,25,77,4
BE,7,680690,1,25,77,8
ASN,2,680494,1,25,77,2
EZE,21,680682,1,25,77,8
AU,6,680699,1,25,78,9
ASN,2,680467,1,25,78,1
ASN,4,680757,1,25,78,11
ITE,25,680707,1,25,78,9
UK,28,680583,1,25,78,5
BE,7,680656,1,25,78,7
ASN,4,680550,1,25,78,4
ITE,24,680642,1,25,78,7
AU,6,680642,1,25,78,7
ITE,24,680707,1,25,78,9
BE,7,680584,1,25,78,5
ASN,2,680517,1,25,78,3
AU,6,680606,1,25,78,6
ITE,25,680612,1,25,78,6
ITE,25,680570,1,25,78,5
EZE,21,680613,1,25,78,6
ASN,2,680519,1,25,78,3
ASN,2,680464,1,26,78,1
AGE,1,680721,1,26,78,10
ASN,2,680473,1,26,78,1
AGE,1,680686,1,26,78,8
AGE,1,680725,1,26,78,10
EZE,21,680610,1,26,78,6
AGE,1,680623,1,26,78,6
AGE,1,680595,1,26,78,5
GM,22,680640,1,26,78,7
AGE,1,680699,1,26,78,9
ITE,24,680631,1,26,78,7
AU,6,680641,1,26,78,7
GM,22,680639,1,26,78,7
ITE,25,680715,1,26,78,9
GME,23,680657,1,26,78,7
BE,7,680648,1,26,78,7
GM,22,680659,1,26,78,7
ASN,2,680772,1,26,78,11
ASN,4,680516,1,26,78,3
ASN,2,680773,1,26,78,11
GME,23,680659,1,26,78,7
ASN,4,680492,1,26,78,2
CA,17,680683,1,26,78,8
UK,28,680586,1,26,78,5
CA,17,680640,1,26,78,7
ASN,5,680805,1,26,78,12
ASN,2,680497,1,26,78,2
ASN,5,680543,1,26,78,4
ASN,2,680518,1,26,78,3
BE,7,680649,1,26,78,7
ASN,2,680790,1,26,78,12
ITE,25,680589,1,26,78,5
AU,6,680652,1,26,78,7
ASN,2,680455,1,26,78,1
CA,17,680630,1,26,78,7
CA,17,680652,1,26,78,7
UK,28,680664,1,26,78,8
AGE,1,680705,1,26,78,9
ASN,2,680468,1,26,78,1
ASN,2,680474,1,26,78,1
ASN,2,680498,1,26,78,2
UK,28,680671,1,26,78,8
UK,28,680662,1,26,78,8
ITE,25,680693,1,26,78,9
ASN,2,680499,1,26,78,2
GME,23,680639,1,26,78,7
AU,6,680604,1,26,78,6
ITE,25,680714,1,26,78,9
UK,28,680688,1,26,78,8
ITE,25,680689,1,26,78,8
AU,6,680621,1,26,78,6
ASN,2,680509,1,26,78,3
GM,22,680653,1,26,79,7
ASN,2,680755,1,26,79,11
ITE,24,680632,1,26,79,7
BE,7,680585,1,26,79,5
GM,22,680657,1,26,79,7
AGE,1,680587,1,26,79,5
EZE,21,680657,1,26,79,7
AGE,1,680672,1,26,79,8
EZE,21,680621,1,26,79,6
ITE,25,680591,1,26,79,5
ITE,24,680575,1,26,79,5
ITE,25,680679,1,26,79,8
AGE,1,680629,1,26,79,7
AGE,1,680510,1,26,79,3
AU,6,680643,1,26,79,7
AGE,1,680709,1,26,79,9
EZE,21,680691,1,26,79,9
AU,6,680586,1,26,79,5
ITE,25,680673,1,26,79,8
ITE,24,680609,1,26,79,6
AGE,1,680698,1,26,79,9
AGE,1,680630,1,26,79,7
AGE,1,680609,1,26,79,6
ASN,4,680507,1,26,79,3
CA,17,680636,1,26,79,7
ITE,24,680615,1,26,79,6
EZE,21,680645,1,26,79,7
ASN,4,680710,1,26,79,9
ASN,4,680548,1,26,79,4
ASN,2,680799,1,26,79,12
EZE,21,680700,1,26,79,9
CA,17,680588,1,26,79,5
CA,17,680654,1,26,79,7
ASN,4,680540,1,26,79,4
ASN,2,680544,1,26,79,4
CA,17,680619,1,26,79,6
ASN,4,680730,1,26,79,10
ASN,4,680478,1,26,79,2
CA,17,680615,1,26,79,6
CA,17,680676,1,26,79,8
EIE,20,680644,1,26,79,7
CA,17,680664,1,26,79,8
ASN,4,680468,1,26,79,1
ITE,25,680611,1,26,79,6
UK,28,680672,1,26,79,8
UK,28,680642,1,26,79,7
AU,6,680610,1,26,79,6
ITE,25,680670,1,26,79,8
ITE,24,680623,1,26,79,6
GME,23,680653,1,26,79,7
ITE,24,680678,1,26,79,8
ITE,25,680696,1,26,79,9
AU,6,680620,1,26,79,6
AU,6,680653,1,26,79,7
AU,6,680691,1,26,79,9
ASN,2,680483,1,26,79,2
ITE,25,680695,1,26,80,9
ITE,24,680614,1,26,80,6
ITE,24,680588,1,26,80,5
AU,6,680608,1,26,80,6
EZE,21,680608,1,26,80,6
ITE,25,680684,1,26,80,8
GME,23,680665,1,26,80,8
AGE,1,680692,1,26,80,9
AGE,1,680640,1,26,80,7
BE,7,680659,1,26,80,7
EZE,21,680659,1,26,80,7
AGE,1,680685,1,26,80,8
AGE,1,680697,1,26,80,9
AGE,1,680695,1,26,80,9
ITE,24,680586,1,26,80,5
AGE,1,680728,1,26,80,10
AU,6,680644,1,26,80,7
AU,6,680622,1,26,80,6
AGE,1,680622,1,26,80,6
AGE,1,680723,1,26,80,10
AGE,1,680594,1,26,80,5
AGE,1,680706,1,26,80,9
AGE,1,680691,1,26,80,9
ASN,4,680761,1,26,80,11
AGE,1,680690,1,26,80,8
ITE,24,680638,1,26,80,7
ASN,2,680448,1,27,80,1
ASN,2,680477,1,27,80,1
ITE,25,680588,1,27,80,5
ITE,24,680671,1,27,80,8
EZE,21,680612,1,27,80,6
EZE,21,680701,1,27,80,9
EZE,21,680650,1,27,80,7
EZE,21,680664,1,27,80,8
CA,17,680665,1,27,80,8
EIE,20,680639,1,27,80,7
CA,17,680618,1,27,80,6
ASN,2,680478,1,27,80,2
ASN,2,680753,1,27,80,11
ASN,4,680752,1,27,80,11
ASN,2,680471,1,27,80,1
BE,7,680639,1,27,80,7
CA,17,680671,1,27,80,8
ASN,2,680484,1,27,80,2
ASN,4,680551,1,27,80,4
ITE,25,680692,1,27,80,9
CA,17,680674,1,27,80,8
ASN,4,680514,1,27,80,3
CA,17,680657,1,27,80,7
BE,7,680664,1,27,80,8
ITE,24,680702,1,27,80,9
ITE,24,680708,1,27,80,9
AU,6,680658,1,27,80,7
ASN,2,680763,1,27,80,11
ITE,24,680690,1,27,80,8
ASN,2,680465,1,27,80,1
ITE,24,680696,1,27,80,9
EZE,21,680668,1,27,80,8
ITE,25,680584,1,27,80,5
ASN,2,680461,1,27,80,1
UK,28,680584,1,27,80,5
AU,6,680646,1,27,80,7
ITE,25,680614,1,27,80,6
ITE,25,680597,1,27,80,5
AGE,1,680601,1,27,81,6
AGE,1,680634,1,27,81,7
AGE,1,680700,1,27,81,9
AGE,1,680668,1,27,81,8
AGE,1,680664,1,27,81,8
ITE,24,680602,1,27,81,6
AGE,1,680663,1,27,81,8
ITE,24,680587,1,27,81,5
AGE,1,680693,1,27,81,9
AGE,1,680653,1,27,81,7
AGE,1,680641,1,27,81,7
AGE,1,680597,1,27,81,5
AGE,1,680650,1,27,81,7
AGE,1,680667,1,27,81,8
AGE,1,680696,1,27,81,9
AU,6,680599,1,27,81,6
GM,22,680611,1,27,81,6
ASN,2,680520,1,27,81,3
ITE,25,680590,1,27,81,5
AU,6,680639,1,27,81,7
ITE,24,680624,1,27,81,6
EZE,21,680640,1,27,81,7
ITE,24,680630,1,27,81,7
EIE,20,680643,1,27,81,7
EIE,20,680640,1,27,81,7
CA,17,680658,1,27,81,7
EIE,20,680675,1,27,81,8
CA,17,680675,1,27,81,8
ASN,2,680774,1,27,81,11
ITE,25,680585,1,27,81,5
ASN,4,680471,1,27,81,1
ASN,2,680475,1,27,81,1
CA,17,680645,1,27,81,7
EZE,21,680653,1,27,81,7
CA,17,680617,1,27,81,6
ITE,25,680602,1,27,81,6
ITE,25,680691,1,27,81,9
AU,6,680700,1,27,81,9
AU,6,680664,1,27,81,8
ITE,24,680605,1,27,81,6
EZE,21,680611,1,27,81,6
ITE,25,680601,1,27,81,6
AU,6,680681,1,27,81,8
ASN,4,680549,1,27,81,4
AU,6,680603,1,27,81,6
ITE,25,680630,1,27,81,7
ITE,25,680607,1,27,81,6
AU,6,680654,1,27,81,7
ITE,25,680690,1,27,81,8
ITE,25,680629,1,27,81,7
ITE,24,680670,1,27,81,8
UK,28,680647,1,27,81,7
AGE,1,680647,1,28,82,7
AGE,1,680660,1,28,82,8
ITE,24,680606,1,28,82,6
ASN,2,680764,1,28,82,11
AGE,1,680676,1,28,82,8
AGE,1,680599,1,28,82,6
UK,28,680585,1,28,82,5
AGE,1,680600,1,28,82,6
AGE,1,680703,1,28,82,9
ITE,24,680628,1,28,82,6
AGE,1,680707,1,28,82,9
ITE,24,680692,1,28,82,9
AGE,1,680648,1,28,82,7
AGE,1,680635,1,28,82,7
AGE,1,680646,1,28,82,7
AU,6,680613,1,28,82,6
AGE,1,680651,1,28,82,7
AGE,1,680639,1,28,82,7
ITE,25,680672,1,28,82,8
AGE,1,680662,1,28,82,8
AGE,1,680649,1,28,82,7
AGE,1,680671,1,28,82,8
ITE,25,680682,1,28,82,8
ITE,25,680616,1,28,82,6
ITE,25,680625,1,28,82,6
ITE,25,680697,1,28,82,9
ASN,2,680496,1,28,82,2
ASN,4,680753,1,28,82,11
ITE,25,680638,1,28,82,7
ITE,24,680616,1,28,82,6
ITE,24,680619,1,28,82,6
CA,17,680637,1,28,82,7
CA,17,680655,1,28,82,7
ASN,4,680543,1,28,82,4
CA,17,680651,1,28,82,7
UK,28,680646,1,28,82,7
UK,28,680644,1,28,82,7
UK,28,680663,1,28,82,8
AU,6,680657,1,28,82,7
ASN,4,680770,1,28,82,11
CA,17,680666,1,28,82,8
GME,23,680611,1,28,82,6
ASN,2,680754,1,28,82,11
ASN,4,680508,1,28,82,3
CA,17,680672,1,28,82,8
ASN,5,680804,1,28,82,12
ITE,25,680586,1,28,82,5
AU,6,680600,1,28,82,6
ITE,25,680609,1,28,82,6
AU,6,680659,1,28,82,7
ASN,2,680480,1,28,82,2
AGE,1,680658,1,28,82,7
AGE,1,680684,1,28,82,8
GM,22,680660,1,28,82,8
AGE,1,680681,1,28,82,8
AGE,1,680661,1,28,82,8
AGE,1,680665,1,28,82,8
AGE,1,680675,1,28,82,8
ASN,2,680500,1,28,82,2
AGE,1,680560,1,28,82,4
AGE,1,680633,1,28,82,7
AGE,1,680670,1,28,82,8
ITE,24,680601,1,28,82,6
AGE,1,680620,1,28,82,6
ITE,24,680618,1,28,82,6
AU,6,680605,1,28,83,6
ITE,25,680587,1,28,83,5
ITE,25,680636,1,28,83,7
ITE,24,680674,1,28,83,8
ITE,25,680635,1,28,83,7
ITE,24,680639,1,28,83,7
ITE,25,680606,1,28,83,6
ITE,24,680633,1,28,83,7
ASN,2,680809,1,28,83,12
ITE,25,680615,1,28,83,6
ITE,25,680701,1,28,83,9
ITE,25,680671,1,28,83,8
ITE,25,680681,1,28,83,8
ITE,25,680618,1,28,83,6
ASN,2,680716,1,28,83,9
ITE,25,680610,1,28,83,6
CA,17,680614,1,28,83,6
ASN,4,680539,1,28,83,4
GM,22,680665,1,28,83,8
EIE,20,680642,1,28,83,7
EIE,20,680641,1,28,83,7
ASN,5,680549,1,28,83,4
ASN,4,680541,1,28,83,4
ASN,4,680542,1,28,83,4
CA,17,680673,1,28,83,8
CA,17,680642,1,28,83,7
ITE,25,680700,1,28,83,9
ITE,25,680642,1,28,83,7
ITE,24,680701,1,28,83,9
AU,6,680669,1,28,83,8
ITE,25,680698,1,28,83,9
ITE,24,680629,1,28,83,7
ASN,2,680451,1,28,83,1
AU,6,680701,1,28,83,9
ITE,24,680635,1,28,83,7
ITE,24,680611,1,28,83,6
ITE,24,680652,1,28,83,7
ITE,24,680625,1,28,83,6
AGE,1,680669,1,28,83,8
ITE,24,680677,1,28,83,8
AGE,1,680621,1,28,83,6
AGE,1,680642,1,28,83,7
ASN,2,680543,1,29,83,4
ASN,2,680542,1,29,83,4
ASN,4,680530,1,29,83,3
ITE,25,680633,1,29,83,7
ITE,25,680631,1,29,84,7
ITE,24,680654,1,29,84,7
ASN,2,680469,1,29,84,1
ITE,24,680603,1,29,84,6
ITE,24,680637,1,29,84,7
ASN,4,680519,1,29,84,3
ITE,24,680643,1,29,84,7
ITE,24,680676,1,29,84,8
ITE,25,680632,1,29,84,7
ITE,25,680680,1,29,84,8
CA,17,680643,1,29,84,7
ITE,25,680699,1,29,84,9
CA,17,680634,1,29,84,7
GME,23,680660,1,29,84,8
AGE,1,680702,1,29,84,9
ASN,4,680517,1,29,84,3
ITE,24,680697,1,29,84,9
AGE,1,680598,1,29,84,5
ITE,24,680679,1,29,84,8
AU,6,680667,1,29,84,8
AU,6,680611,1,29,84,6
ASN,4,680536,1,29,84,3
ITE,24,680653,1,29,84,7
ASN,4,680782,1,29,84,12
ASN,2,680479,1,29,85,2
ITE,24,680684,1,29,85,8
ITE,24,680617,1,29,85,6
ITE,24,680691,1,29,85,9
CA,17,680628,1,29,85,6
CA,17,680646,1,29,85,7
CA,17,680639,1,29,85,7
AU,6,680645,1,29,85,7
ASN,4,680477,1,29,85,1
ASN,4,680538,1,30,85,4
AGE,1,680636,1,30,85,7
ITE,25,680683,1,30,85,8
ITE,24,680657,1,30,85,7
AU,6,680612,1,30,85,6
ITE,24,680610,1,30,85,6
ITE,24,680604,1,30,85,6
ITE,24,680683,1,30,85,8
ASN,2,680761,1,30,85,11
ITE,25,680605,1,30,85,6
ASN,2,680792,1,30,85,12
ITE,25,680617,1,30,85,6
EZE,21,680665,1,30,86,8
ITE,25,680637,1,30,86,7
ITE,24,680647,1,30,86,7
EZE,21,680660,1,30,86,8
ITE,24,680698,1,30,86,9
ITE,25,680677,1,30,86,8
AU,6,680665,1,30,86,8
ITE,24,680681,1,30,86,8
ITE,24,680700,1,30,86,9
ITE,24,680636,1,30,86,7
ITE,24,680640,1,30,86,7
ASN,2,680758,1,30,86,11
ITE,25,680604,1,30,86,6
ITE,25,680619,1,30,86,6
ITE,24,680699,1,30,86,9
CA,17,680670,1,30,86,8
ASN,4,680790,1,30,86,12
AGE,1,680632,1,30,86,7
AGE,1,680679,1,30,86,8
ASN,5,680771,1,30,86,11
ASN,2,680462,1,30,86,1
ITE,24,680621,1,30,86,6
AGE,1,680683,1,30,86,8
ASN,4,680455,1,30,86,1
AGE,1,680657,1,30,86,7
ITE,24,680662,1,30,86,8
AGE,1,680656,1,30,86,7
ITE,24,680634,1,30,86,7
ITE,25,680643,1,30,86,7
AU,6,680660,1,30,86,8
ITE,25,680674,1,30,86,8
AGE,1,680682,1,30,86,8
ITE,24,680641,1,30,87,7
ITE,25,680623,1,30,87,6
ITE,25,680634,1,30,87,7
AU,6,680682,1,30,87,8
ASN,2,680456,1,30,87,1
ITE,24,680645,1,30,87,7
AU,6,680640,1,30,87,7
ITE,25,680622,1,30,87,6
AU,6,680668,1,31,87,8
CA,17,680622,1,31,87,6
ASN,4,680464,1,31,87,1
CA,17,680647,1,31,87,7
ITE,25,680624,1,31,87,6
ASN,4,680537,1,31,87,3
CA,17,680621,1,31,87,6
ITE,25,680639,1,31,87,7
ASN,2,680470,1,31,87,1
ITE,24,680655,1,31,87,7
ITE,25,680620,1,31,87,6
ITE,25,680647,1,31,87,7
ITE,25,680654,1,31,87,7
ITE,25,680662,1,31,87,8
ITE,25,680646,1,31,87,7
ITE,24,680646,1,31,87,7
ASN,2,680521,1,31,87,3
ITE,25,680650,1,31,87,7
ITE,25,680675,1,31,88,8
ITE,24,680680,1,31,88,8
ITE,25,680603,1,31,88,6
ITE,24,680622,1,31,88,6
ITE,24,680656,1,31,88,7
ITE,24,680663,1,31,88,8
ITE,24,680666,1,31,88,8
ITE,24,680644,1,31,88,7
AGE,1,680644,1,31,88,7
AGE,1,680643,1,31,88,7
ASN,5,680789,1,31,88,12
CA,17,680624,1,31,88,6
ITE,25,680653,1,31,88,7
CA,17,680644,1,31,88,7
CA,17,680656,1,31,88,7
ITE,25,680676,1,31,88,8
CA,17,680648,1,31,88,7
CA,17,680660,1,31,88,8
CA,17,680620,1,31,88,6
ITE,25,680640,1,31,88,7
ITE,25,680652,1,31,88,7
ITE,24,680658,1,31,88,7
ITE,24,680682,1,31,88,8
ASN,4,680494,1,31,88,2
ITE,24,680620,1,31,88,6
ITE,24,680659,1,31,88,7
ASN,2,680800,1,31,88,12
ITE,25,680621,1,32,89,6
ITE,24,680648,1,32,89,7
ITE,25,680644,1,32,89,7
ITE,25,680656,1,32,89,7
ITE,25,680648,1,32,89,7
ASN,4,680465,1,32,89,1
ASN,4,680493,1,32,89,2
ASN,4,680798,1,32,89,12
ITE,24,680651,1,32,89,7
ITE,24,680675,1,32,89,8
AGE,1,680677,1,32,90,8
AGE,1,680637,1,32,90,7
ITE,25,680649,1,32,90,7
AGE,1,680655,1,32,90,7
ITE,24,680669,1,32,90,8
ITE,25,680658,1,32,90,7
AU,6,680666,1,32,90,8
AU,6,680661,1,32,90,8
ITE,25,680663,1,32,90,8
ITE,24,680650,1,32,90,7
ASN,2,680463,1,32,90,1
ITE,25,680641,1,32,90,7
CA,17,680659,1,32,90,7
ITE,25,680655,1,32,90,7
ASN,4,680771,1,32,90,11
ITE,25,680651,1,32,90,7
ITE,24,680649,1,32,90,7
ITE,25,680659,1,33,91,7
ASN,2,680485,1,33,91,2
ITE,25,680645,1,33,91,7
ASN,2,680783,1,33,91,12
ITE,25,680657,1,33,91,7
ITE,25,680669,1,33,91,8
AGE,1,680678,1,33,91,8
ITE,25,680660,1,33,92,8
ITE,24,680665,1,33,92,8
ASN,4,680781,1,33,92,11
ASN,4,680789,1,33,92,12
ASN,4,680520,1,33,92,3
CA,17,680668,1,33,92,8
ITE,25,680668,1,33,92,8
ITE,24,680660,1,34,92,8
ITE,24,680664,1,34,92,8
ITE,25,680666,1,34,92,8
CA,17,680669,1,34,93,8
ASN,4,680449,1,34,93,1
CA,17,680623,1,34,93,6
ITE,25,680667,1,34,93,8
ASN,2,680466,1,34,93,1
ASN,4,680804,1,34,93,12
AGE,1,680654,1,34,93,7
ITE,24,680667,1,34,93,8
ASN,2,680450,1,34,94,1
ASN,2,680472,1,34,94,1
CA,17,680667,1,34,94,8
ASN,4,680495,1,34,94,2
ITE,24,680661,1,35,94,8
ITE,25,680665,1,35,94,8
ITE,24,680668,1,35,95,8
ITE,25,680664,1,36,96,8
ITE,25,680661,1,36,96,8
ASN,4,680454,1,36,97,1
CA,17,681184,1,-21,-6,1
CA,10,681185,1,-17,2,1
CA,10,681223,1,-17,2,2
CA,10,681183,1,-16,3,1
CA,17,681191,1,-16,3,1
CA,15,681192,1,-16,3,1
CA,15,681185,1,-16,3,1
CA,14,681224,1,-16,4,2
CA,9,681531,1,-16,4,12
CA,15,681182,1,-16,4,1
CA,10,681182,1,-15,5,1
CA,15,681183,1,-15,5,1
CA,9,681540,1,-15,5,12
SZ,26,681501,1,-15,5,11
CA,17,681183,1,-14,6,1
CA,9,681532,1,-14,6,12
CA,9,681224,1,-14,7,2
CA,17,681223,1,-14,7,2
CA,15,681532,1,-13,8,12
CA,17,681185,1,-13,8,1
CA,16,681224,1,-13,8,2
USC,29,681185,1,-13,8,1
CA,9,681526,1,-13,8,12
CA,9,681525,1,-13,9,12
CA,10,681192,1,-13,9,1
CA,9,681539,1,-13,9,12
CA,13,681531,1,-13,9,12
CA,18,681539,1,-13,9,12
CA,12,681531,1,-12,10,12
CA,14,681185,1,-12,10,1
CA,10,681186,1,-12,10,1
CA,9,681215,1,-12,10,2
CA,10,681224,1,-12,11,2
CA,14,681213,1,-12,11,2
SZ,26,681187,1,-12,11,1
CA,18,681531,1,-11,12,12
CA,17,681253,1,-11,12,3
CA,18,681532,1,-11,12,12
CA,9,681524,1,-11,12,12
CA,14,681182,1,-11,12,1
CA,10,681531,1,-11,12,12
SZ,26,681510,1,-11,13,11
CA,17,681233,1,-11,13,2
CA,15,681224,1,-11,13,2
CA,17,681525,1,-11,13,12
SZ,26,681250,1,-10,13,3
SZ,26,681502,1,-10,13,11
CA,17,681531,1,-10,14,12
CA,15,681525,1,-10,14,12
CA,17,681212,1,-10,14,2
CA,18,681525,1,-10,14,12
CA,9,681542,1,-10,14,12
CA,10,681213,1,-10,14,2
CA,9,681210,1,-10,14,2
CA,9,681211,1,-10,14,2
CA,15,681526,1,-10,14,12
CA,14,681199,1,-10,14,1
CA,14,681526,1,-9,15,12
CA,14,681211,1,-9,15,2
CA,15,681539,1,-9,15,12
CA,14,681531,1,-9,15,12
CA,14,681186,1,-9,15,1
SZ,26,681507,1,-9,15,11
CA,9,681209,1,-9,15,2
CA,17,681182,1,-9,15,1
CA,15,681531,1,-9,15,12
CA,17,681198,1,-9,15,1
SZ,26,681511,1,-9,15,11
CA,15,681213,1,-9,15,2
CA,16,681185,1,-9,15,1
SZ,26,681509,1,-9,15,11
SZ,26,681212,1,-9,15,2
SZ,26,681245,1,-9,16,3
CA,17,681224,1,-9,16,2
CA,14,681523,1,-9,16,12
CA,15,681186,1,-9,16,1
CA,14,681214,1,-9,16,2
CA,15,681540,1,-9,16,12
CA,14,681192,1,-9,16,1
CA,17,681261,1,-9,16,3
CA,10,681199,1,-9,16,1
CA,14,681525,1,-9,16,12
CA,18,681526,1,-9,16,12
USC,29,681532,1,-9,16,12
CA,17,681213,1,-9,16,2
CA,14,681183,1,-8,17,1
SZ,26,681513,1,-8,17,12
CA,10,681214,1,-8,17,2
CA,9,681214,1,-8,17,2
CA,14,681200,1,-8,17,1
CA,15,681214,1,-8,17,2
CA,18,681540,1,-8,17,12
CA,13,681540,1,-8,17,12
SZ,26,681251,1,-8,17,3
CA,10,681525,1,-8,17,12
SZ,26,681222,1,-8,17,2
SZ,26,681189,1,-8,17,1
SZ,26,681235,1,-8,17,2
SZ,26,681528,1,-8,17,12
SZ,26,681188,1,-8,18,1
SZ,26,681508,1,-8,18,11
SZ,26,681244,1,-8,18,3
SZ,26,681179,1,-8,18,1
SZ,26,681178,1,-8,18,1
SZ,26,681252,1,-8,18,3
CA,14,681524,1,-8,18,12
CA,9,681528,1,-8,18,12
CA,10,681539,1,-8,18,12
CA,17,681199,1,-8,18,1
CA,10,681541,1,-8,18,12
CA,14,681223,1,-8,18,2
CA,17,681214,1,-8,18,2
CA,14,681210,1,-8,18,2
CA,15,681210,1,-8,18,2
SZ,26,681512,1,-8,18,12
SZ,26,681223,1,-8,18,2
SZ,26,681234,1,-8,18,2
SZ,26,681249,1,-7,19,3
CA,14,681539,1,-7,19,12
USC,29,681224,1,-7,19,2
CA,16,681200,1,-7,19,1
SZ,26,681226,1,-7,19,2
USC,29,681182,1,-7,19,1
SZ,26,681190,1,-7,19,1
CA,15,681211,1,-7,19,2
CA,14,681522,1,-7,19,12
CA,10,681540,1,-7,19,12
CA,17,681186,1,-7,19,1
CA,15,681202,1,-7,19,1
CA,16,681532,1,-7,19,12
CA,15,681204,1,-7,19,1
CA,14,681532,1,-7,19,12
CA,13,681523,1,-7,19,12
CA,16,681183,1,-7,19,1
SZ,26,681255,1,-7,19,3
SZ,26,681186,1,-7,19,1
SZ,26,681237,1,-7,20,3
SZ,26,681247,1,-7,20,3
CA,16,681186,1,-7,20,1
CA,9,681245,1,-7,20,3
CA,10,681526,1,-7,20,12
CA,16,681213,1,-7,20,2
CA,17,681211,1,-7,20,2
CA,11,681525,1,-7,20,12
USC,29,681213,1,-7,20,2
CA,9,681243,1,-7,20,3
CA,12,681540,1,-7,20,12
CA,13,681524,1,-7,20,12
CA,13,681538,1,-7,20,12
CA,17,681539,1,-7,20,12
USC,29,681184,1,-7,20,1
SZ,26,681211,1,-7,20,2
SZ,26,681527,1,-6,20,12
SZ,26,681519,1,-6,21,12
SZ,26,681260,1,-6,21,3
CA,17,681521,1,-6,21,12
SZ,26,681246,1,-6,21,3
CA,9,681216,1,-6,21,2
CA,14,681542,1,-6,21,12
CA,11,681526,1,-6,21,12
SZ,26,681270,1,-6,21,4
CA,10,681524,1,-6,21,12
CA,15,681203,1,-6,21,1
SZ,26,681271,1,-6,21,4
CA,17,681209,1,-6,21,2
CA,14,681262,1,-6,21,3
CA,13,681522,1,-6,21,12
CA,9,681244,1,-6,21,3
CA,17,681540,1,-6,21,12
CA,10,681527,1,-6,21,12
CA,15,681256,1,-6,21,3
CA,15,681201,1,-6,21,1
CA,14,681540,1,-6,21,12
CA,13,681539,1,-6,21,12
CA,15,681199,1,-6,21,1
CA,11,681523,1,-6,21,12
SZ,26,681233,1,-6,21,2
SZ,26,681236,1,-6,21,2
CA,9,681255,1,-6,22,3
SZ,26,681194,1,-6,22,1
CA,18,681528,1,-6,22,12
CA,16,681199,1,-6,22,1
CA,12,681525,1,-6,22,12
CA,17,681200,1,-6,22,1
CA,16,681526,1,-6,22,12
CA,10,681256,1,-6,22,3
CA,14,681204,1,-6,22,1
CA,12,681526,1,-6,22,12
CA,13,681526,1,-6,22,12
CA,17,681234,1,-6,22,2
CA,9,681529,1,-6,22,12
CA,10,681253,1,-6,22,3
USC,29,681186,1,-6,22,1
CA,12,681522,1,-6,22,12
CA,10,681243,1,-6,22,3
CA,17,681541,1,-6,22,12
CA,16,681211,1,-6,22,2
SZ,26,681253,1,-6,22,3
SZ,26,681243,1,-6,22,3
SZ,26,681262,1,-5,22,3
SZ,26,681242,1,-5,22,3
SZ,26,681503,1,-5,22,11
SZ,26,681254,1,-5,23,3
SZ,26,681525,1,-5,23,12
CA,10,681234,1,-5,23,2
AU,6,681532,1,-5,23,12
CA,10,681542,1,-5,23,12
CA,15,681529,1,-5,23,12
CA,16,681525,1,-5,23,12
CA,18,681542,1,-5,23,12
CA,15,681243,1,-5,23,3
CA,14,681201,1,-5,23,1
USC,29,681212,1,-5,23,2
CA,10,681532,1,-5,23,12
CA,17,681203,1,-5,23,1
CA,17,681210,1,-5,23,2
USC,29,681192,1,-5,23,1
CA,9,681256,1,-5,23,3
CA,17,681181,1,-5,23,1
CA,17,681243,1,-5,23,3
CA,17,681523,1,-5,23,12
CA,16,681523,1,-5,23,12
CA,14,681203,1,-5,23,1
AU,6,681533,1,-5,23,12
CA,15,681528,1,-5,23,12
CA,17,681526,1,-5,23,12
CA,10,681244,1,-5,23,3
USC,29,681198,1,-5,23,1
CA,10,681528,1,-5,23,12
SZ,26,681539,1,-5,23,12
SZ,26,681542,1,-5,23,12
SZ,26,681208,1,-5,23,1
SZ,26,681219,1,-5,23,2
SZ,26,681259,1,-5,24,3
SZ,26,681499,1,-5,24,11
SZ,26,681238,1,-4,24,3
CA,17,681204,1,-4,24,1
CA,9,681512,1,-4,24,12
CA,16,681540,1,-4,24,12
CA,14,681256,1,-4,24,3
CA,10,681204,1,-4,24,1
CA,16,681192,1,-4,24,1
CA,12,681542,1,-4,24,12
CA,9,681217,1,-4,24,2
CA,10,681255,1,-4,24,3
CA,13,681542,1,-4,24,12
CA,14,681253,1,-4,24,3
CA,17,681245,1,-4,24,3
CA,10,681257,1,-4,24,3
CA,10,681210,1,-4,24,2
CA,16,681524,1,-4,24,12
CA,17,681524,1,-4,24,12
CA,18,681524,1,-4,24,12
CA,10,681187,1,-4,24,1
CA,14,681245,1,-4,24,3
CA,13,681525,1,-4,24,12
CA,14,681181,1,-4,24,1
CA,15,681206,1,-4,24,1
SZ,26,681500,1,-4,24,11
CA,14,681202,1,-4,24,1
CA,14,681193,1,-4,24,1
CA,12,681539,1,-4,24,12
SZ,26,681540,1,-4,24,12
SZ,26,681269,1,-4,24,4
SZ,26,681218,1,-4,24,2
SZ,26,681498,1,-4,24,11
AU,6,681535,1,-4,25,12
SZ,26,681276,1,-4,25,4
SZ,26,681201,1,-4,25,1
CA,14,681234,1,-4,25,2
CA,11,681539,1,-4,25,12
CA,14,681228,1,-4,25,2
CA,15,681522,1,-4,25,12
CA,9,681259,1,-4,25,3
CA,9,681505,1,-4,25,11
CA,15,681523,1,-4,25,12
CA,11,681540,1,-4,25,12
CA,9,681257,1,-4,25,3
CA,15,681257,1,-4,25,3
CA,14,681244,1,-4,25,3
CA,14,681179,1,-4,25,1
CA,16,681539,1,-4,25,12
CA,15,681200,1,-4,25,1
CA,9,681503,1,-4,25,11
SZ,26,681256,1,-4,25,3
SZ,26,681522,1,-4,25,12
CA,10,681206,1,-4,25,1
CA,11,681524,1,-4,25,12
SZ,26,681241,1,-4,25,3
CA,10,681521,1,-4,25,12
CA,15,681524,1,-4,25,12
CA,16,681531,1,-4,25,12
CA,17,681542,1,-4,25,12
CA,11,681542,1,-4,25,12
CA,18,681523,1,-4,25,12
CA,10,681211,1,-4,25,2
CA,14,681255,1,-4,25,3
CA,14,681187,1,-4,25,1
CA,15,681217,1,-4,25,2
CA,15,681255,1,-4,25,3
CA,14,681243,1,-4,25,3
SZ,26,681182,1,-4,25,1
SZ,26,681476,1,-4,26,10
SZ,26,681505,1,-4,26,11
EZE,21,681230,1,-3,26,2
CA,16,681214,1,-3,26,2
CA,9,681530,1,-3,26,12
CA,12,681524,1,-3,26,12
CA,17,681522,1,-3,26,12
CA,15,681542,1,-3,26,12
CA,10,681523,1,-3,26,12
USC,29,681211,1,-3,26,2
CA,9,681537,1,-3,26,12
SZ,26,681221,1,-3,26,2
CA,17,681220,1,-3,26,2
CA,9,681213,1,-3,26,2
CA,17,681538,1,-3,26,12
CA,14,681180,1,-3,26,1
CA,12,681532,1,-3,26,12
CA,11,681522,1,-3,26,12
USC,29,681539,1,-3,26,12
CA,14,681528,1,-3,26,12
CA,12,681245,1,-3,26,3
CA,11,681532,1,-3,26,12
CA,17,681254,1,-3,26,3
SZ,26,681181,1,-3,26,1
CA,18,681522,1,-3,26,12
CA,12,681523,1,-3,26,12
CA,15,681216,1,-3,26,2
CA,17,681205,1,-3,26,1
USC,29,681183,1,-3,26,1
SZ,26,681261,1,-3,26,3
SZ,26,681228,1,-3,26,2
GME,23,681230,1,-3,26,2
AU,6,681530,1,-3,26,12
SZ,26,681183,1,-3,26,1
SZ,26,681263,1,-3,27,3
AU,6,681536,1,-3,27,12
SZ,26,681272,1,-3,27,4
SZ,26,681275,1,-3,27,4
SZ,26,681282,1,-3,27,4
CA,14,681504,1,-3,27,11
CA,14,681246,1,-3,27,3
CA,15,681235,1,-3,27,2
CA,12,681538,1,-3,27,12
EZE,21,681535,1,-3,27,12
CA,15,681242,1,-3,27,3
CA,14,681242,1,-3,27,3
CA,15,681215,1,-3,27,2
CA,10,681262,1,-3,27,3
CA,12,681253,1,-3,27,3
CA,14,681529,1,-3,27,12
CA,13,681532,1,-3,27,12
CA,12,681256,1,-3,27,3
CA,17,681528,1,-3,27,12
CA,10,681242,1,-3,27,3
CA,14,681225,1,-3,27,2
SZ,26,681438,1,-3,27,9
CA,14,681194,1,-3,27,1
AU,6,681526,1,-3,27,12
CA,9,681523,1,-3,27,12
CA,15,681190,1,-3,27,1
CA,9,681521,1,-3,27,12
CA,15,681187,1,-3,27,1
SZ,26,681240,1,-3,27,3
SZ,26,681479,1,-3,27,10
SZ,26,681465,1,-3,27,10
SZ,26,681229,1,-2,28,2
SZ,26,681209,1,-2,28,2
AU,6,681527,1,-2,28,12
AU,6,681534,1,-2,28,12
SZ,26,681268,1,-2,28,4
SZ,26,681232,1,-2,28,2
SZ,26,681231,1,-2,28,2
SZ,26,681266,1,-2,28,3
SZ,26,681193,1,-2,28,1
SZ,26,681213,1,-2,28,2
SZ,26,681216,1,-2,28,2
SZ,26,681526,1,-2,28,12
CA,17,681527,1,-2,28,12
CA,15,681245,1,-2,28,3
CA,12,681528,1,-2,28,12
CA,17,681201,1,-2,28,1
CA,16,681542,1,-2,28,12
CA,10,681220,1,-2,28,2
USC,29,681541,1,-2,28,12
USC,29,681234,1,-2,28,2
CA,13,681536,1,-2,28,12
CA,14,681537,1,-2,28,12
CA,13,681528,1,-2,28,12
CA,9,681234,1,-2,28,2
USC,29,681215,1,-2,28,2
CA,14,681217,1,-2,28,2
CA,18,681538,1,-2,28,12
USC,29,681223,1,-2,28,2
CA,14,681216,1,-2,28,2
CA,16,681223,1,-2,28,2
CA,16,681253,1,-2,28,3
CA,14,681221,1,-2,28,2
USC,29,681540,1,-2,28,12
CA,14,681538,1,-2,28,12
CA,10,681208,1,-2,28,1
CA,13,681529,1,-2,28,12
CA,17,681240,1,-2,28,3
CA,14,681209,1,-2,28,2
CA,18,681512,1,-2,28,12
CA,17,681187,1,-2,28,1
CA,14,681215,1,-2,28,2
GME,23,681229,1,-2,28,2
AU,6,681178,1,-2,28,1
SZ,26,681475,1,-2,28,10
SZ,26,681288,1,-2,28,4
EZE,21,681229,1,-2,28,2
SZ,26,681277,1,-2,28,4
EZE,21,681184,1,-2,28,1
SZ,26,681520,1,-2,28,12
SZ,26,681184,1,-2,29,1
SZ,26,681225,1,-2,29,2
SZ,26,681468,1,-2,29,10
SZ,26,681299,1,-2,29,5
CA,10,681522,1,-2,29,12
CA,9,681253,1,-2,29,3
USC,29,681204,1,-2,29,1
CA,10,681241,1,-2,29,3
CA,14,681206,1,-2,29,1
CA,17,681215,1,-2,29,2
CA,11,681538,1,-2,29,12
CA,15,681209,1,-2,29,2
CA,16,681201,1,-2,29,1
CA,10,681215,1,-2,29,2
CA,16,681245,1,-2,29,3
CA,17,681255,1,-2,29,3
CA,15,681181,1,-2,29,1
CA,15,681244,1,-2,29,3
CA,17,681202,1,-2,29,1
CA,16,681202,1,-2,29,1
CA,16,681522,1,-2,29,12
CA,10,681203,1,-2,29,1
USC,29,681542,1,-2,29,12
USC,29,681525,1,-2,29,12
CA,9,681533,1,-2,29,12
CA,14,681512,1,-2,29,12
CA,10,681180,1,-2,29,1
CA,17,681536,1,-2,29,12
CA,18,681503,1,-2,29,11
SZ,26,681239,1,-2,29,3
CA,14,681195,1,-2,29,1
CA,9,681504,1,-2,29,11
EZE,21,681536,1,-2,29,12
CA,9,681258,1,-2,29,3
CA,17,681262,1,-2,29,3
SZ,26,681273,1,-2,29,4
SZ,26,681206,1,-2,29,1
AU,6,681185,1,-2,29,1
SZ,26,681274,1,-2,29,4
AU,6,681537,1,-2,29,12
SZ,26,681207,1,-2,29,1
SZ,26,681185,1,-1,29,1
SZ,26,681312,1,-1,30,5
SZ,26,681214,1,-1,30,2
SZ,26,681264,1,-1,30,3
SZ,26,681491,1,-1,30,11
GM,22,681536,1,-1,30,12
EZE,21,681511,1,-1,30,11
CA,17,681179,1,-1,30,1
CA,17,681244,1,-1,30,3
CA,10,681529,1,-1,30,12
CA,9,681502,1,-1,30,11
CA,14,681503,1,-1,30,11
SZ,26,681477,1,-1,30,10
USC,29,681205,1,-1,30,1
SZ,26,681400,1,-1,30,8
SZ,26,681220,1,-1,30,2
CA,14,681260,1,-1,30,3
CA,15,681229,1,-1,30,2
CA,15,681221,1,-1,30,2
CA,12,681529,1,-1,30,12
CA,15,681246,1,-1,30,3
CA,10,681188,1,-1,30,1
CA,12,681244,1,-1,30,3
CA,16,681209,1,-1,30,2
CA,18,681504,1,-1,30,11
CA,9,681538,1,-1,30,12
SZ,26,681538,1,-1,30,12
CA,10,681538,1,-1,30,12
CA,18,681529,1,-1,30,12
USC,29,681524,1,-1,30,12
CA,18,681505,1,-1,30,11
CA,9,681229,1,-1,30,2
CA,15,681179,1,-1,30,1
CA,17,681503,1,-1,30,11
CA,17,681257,1,-1,30,3
CA,10,681503,1,-1,30,11
USC,29,681199,1,-1,30,1
USC,29,681531,1,-1,30,12
USC,29,681214,1,-1,30,2
CA,9,681242,1,-1,30,3
CA,16,681181,1,-1,30,1
CA,13,681521,1,-1,30,12
CA,14,681257,1,-1,30,3
USC,29,681200,1,-1,30,1
CA,12,681537,1,-1,30,12
CA,16,681182,1,-1,30,1
CA,16,681217,1,-1,30,2
CA,9,681522,1,-1,30,12
CA,11,681537,1,-1,30,12
CA,11,681531,1,-1,30,12
CA,18,681537,1,-1,30,12
CA,17,681256,1,-1,30,3
CA,13,681537,1,-1,30,12
USC,29,681522,1,-1,30,12
CA,16,681256,1,-1,30,3
GME,23,681511,1,-1,30,11
SZ,26,681541,1,-1,30,12
AU,6,681199,1,-1,30,1
SZ,26,681504,1,-1,30,11
EZE,21,681526,1,-1,30,12
SZ,26,681200,1,-1,30,1
SZ,26,681224,1,-1,30,2
GM,22,681230,1,-1,30,2
GM,22,681535,1,-1,30,12
SZ,26,681495,1,-1,30,11
UK,28,681542,1,-1,31,12
GME,23,681536,1,-1,31,12
SZ,26,681497,1,-1,31,11
CA,17,681216,1,-1,31,2
CA,16,681216,1,-1,31,2
CA,17,681241,1,-1,31,3
CA,15,681189,1,-1,31,1
CA,17,681228,1,-1,31,2
CA,14,681241,1,-1,31,3
CA,14,681227,1,-1,31,2
CA,10,681216,1,-1,31,2
CA,16,681210,1,-1,31,2
SZ,26,681534,1,-1,31,12
CA,9,681486,1,-1,31,11
CA,15,681538,1,-1,31,12
CA,17,681512,1,-1,31,12
CA,17,681246,1,-1,31,3
SZ,26,681180,1,-1,31,1
CA,16,681243,1,-1,31,3
CA,10,681179,1,-1,31,1
CA,12,681246,1,-1,31,3
CA,17,681242,1,-1,31,3
CA,18,681536,1,-1,31,12
CA,14,681208,1,-1,31,1
CA,17,681221,1,-1,31,2
AU,6,681182,1,-1,31,1
CA,14,681188,1,-1,31,1
CA,14,681235,1,-1,31,2
CA,12,681536,1,-1,31,12
CA,14,681530,1,-1,31,12
GM,22,681229,1,-1,31,2
CA,12,681262,1,-1,31,3
CA,16,681255,1,-1,31,3
CA,15,681196,1,-1,31,1
CA,16,681504,1,-1,31,11
CA,15,681253,1,-1,31,3
CA,16,681528,1,-1,31,12
SZ,26,681198,1,-1,31,1
CA,15,681195,1,-1,31,1
CA,10,681200,1,-1,31,1
CA,14,681258,1,-1,31,3
CA,15,681193,1,-1,31,1
CA,14,681505,1,-1,31,11
CA,12,681255,1,-1,31,3
USC,29,681201,1,-1,31,1
CA,10,681504,1,-1,31,11
BE,7,681534,1,0,31,12
SZ,26,681521,1,0,31,12
BE,7,681532,1,0,31,12
GM,22,681511,1,0,31,11
SZ,26,681536,1,0,31,12
SZ,26,681191,1,0,31,1
AU,6,681184,1,0,31,1
SZ,26,681313,1,0,31,5
GME,23,681533,1,0,31,12
SZ,26,681537,1,0,31,12
SZ,26,681248,1,0,31,3
SZ,26,681227,1,0,31,2
SZ,26,681322,1,0,32,5
SZ,26,681265,1,0,32,3
SZ,26,681478,1,0,32,10
SZ,26,681257,1,0,32,3
SZ,26,681310,1,0,32,5
CA,14,681178,1,0,32,1
CA,15,681505,1,0,32,11
CA,16,681529,1,0,32,12
CA,15,681258,1,0,32,3
CA,17,681180,1,0,32,1
CA,15,681504,1,0,32,11
CA,17,681194,1,0,32,1
CA,17,681532,1,0,32,12
CA,14,681274,1,0,32,4
BE,7,681533,1,0,32,12
USC,29,681526,1,0,32,12
CA,15,681194,1,0,32,1
CA,10,681181,1,0,32,1
CA,9,681511,1,0,32,11
CA,10,681537,1,0,32,12
CA,12,681257,1,0,32,3
USC,29,681523,1,0,32,12
CA,10,681201,1,0,32,1
USC,29,681225,1,0,32,2
SZ,26,681205,1,0,32,1
CA,16,681262,1,0,32,3
CA,15,681262,1,0,32,3
CA,15,681537,1,0,32,12
SZ,26,681529,1,0,32,12
CA,10,681505,1,0,32,11
USC,29,681244,1,0,32,3
CA,17,681537,1,0,32,12
CA,17,681226,1,0,32,2
CA,13,681512,1,0,32,12
CA,16,681215,1,0,32,2
CA,10,681536,1,0,32,12
EZE,21,681503,1,0,32,11
EZE,21,681533,1,0,32,12
CA,16,681234,1,0,32,2
CA,15,681208,1,0,32,1
CA,17,681529,1,0,32,12
GME,23,681535,1,0,32,12
CA,16,681228,1,0,32,2
CA,14,681222,1,0,32,2
CA,16,681538,1,0,32,12
SZ,26,681204,1,0,32,1
SZ,26,681230,1,0,32,2
CA,14,681263,1,0,32,3
EZE,21,681178,1,0,32,1
EZE,21,681537,1,0,32,12
SZ,26,681197,1,0,32,1
SZ,26,681278,1,0,32,4
SZ,26,681296,1,0,32,4
EZE,21,681534,1,0,32,12
SZ,26,681210,1,0,33,2
AU,6,681229,1,0,33,2
AU,6,681198,1,0,33,1
SZ,26,681298,1,0,33,5
AU,6,681180,1,0,33,1
GME,23,681503,1,0,33,11
GM,22,681537,1,0,33,12
SZ,26,681196,1,0,33,1
SZ,26,681195,1,0,33,1
GM,22,681533,1,0,33,12
SZ,26,681289,1,0,33,4
GME,23,681534,1,0,33,12
GME,23,681512,1,0,33,12
SZ,26,681300,1,0,33,5
GM,22,681534,1,0,33,12
SZ,26,681199,1,0,33,1
ITE,24,681178,1,0,33,1
GM,22,681532,1,0,33,12
CA,17,681225,1,1,33,2
USC,29,681533,1,1,33,12
CA,11,681529,1,1,33,12
CA,12,681504,1,1,33,11
CA,15,681225,1,1,33,2
CA,15,681512,1,1,33,12
CA,11,681512,1,1,33,12
CA,12,681512,1,1,33,12
CA,9,681225,1,1,33,2
CA,14,681229,1,1,33,2
SZ,26,681258,1,1,33,3
CA,9,681222,1,1,33,2
CA,14,681220,1,1,33,2
CA,9,681223,1,1,33,2
CA,9,681263,1,1,33,3
USC,29,681194,1,1,33,1
CA,16,681503,1,1,33,11
CA,14,681264,1,1,33,3
CA,14,681265,1,1,33,3
CA,15,681241,1,1,33,3
CA,9,681228,1,1,33,2
CA,16,681257,1,1,33,3
CA,14,681521,1,1,33,12
CA,15,681234,1,1,33,2
CA,17,681504,1,1,33,11
CA,15,681236,1,1,33,2
CA,18,681533,1,1,33,12
GME,23,681526,1,1,33,12
CA,14,681252,1,1,33,3
CA,17,681208,1,1,33,1
CA,17,681206,1,1,33,1
SZ,26,681524,1,1,33,12
USC,29,681210,1,1,33,2
CA,10,681274,1,1,33,4
CA,13,681505,1,1,33,11
CA,16,681203,1,1,33,1
CA,17,681505,1,1,33,11
CA,14,681207,1,1,33,1
CA,15,681207,1,1,33,1
EZE,21,681501,1,1,33,11
USC,29,681537,1,1,33,12
CA,16,681204,1,1,33,1
SZ,26,681301,1,1,33,5
SZ,26,681484,1,1,33,11
SZ,26,681311,1,1,33,5
AU,6,681230,1,1,33,2
SZ,26,681506,1,1,33,11
SZ,26,681523,1,1,33,12
SZ,26,681314,1,1,33,5
SZ,26,681492,1,1,33,11
AU,6,681511,1,1,33,11
SZ,26,681473,1,1,33,10
GME,23,681537,1,1,34,12
EZE,21,681182,1,1,34,1
SZ,26,681292,1,1,34,4
GM,22,681526,1,1,34,12
AU,6,681528,1,1,34,12
SZ,26,681192,1,1,34,1
GME,23,681183,1,1,34,1
BE,7,681229,1,1,34,2
GME,23,681501,1,1,34,11
SZ,26,681290,1,1,34,4
SZ,26,681297,1,1,34,4
CA,17,681520,1,1,34,12
CA,14,681533,1,1,34,12
AU,6,681181,1,1,34,1
CA,9,681246,1,1,34,3
CA,15,681264,1,1,34,3
CA,14,681249,1,1,34,3
CA,16,681246,1,1,34,3
UK,28,681511,1,1,34,11
UK,28,681236,1,1,34,2
CA,16,681221,1,1,34,2
USC,29,681262,1,1,34,3
CA,16,681536,1,1,34,12
CA,15,681188,1,1,34,1
CA,15,681249,1,1,34,3
CA,17,681236,1,1,34,2
CA,10,681533,1,1,34,12
CA,16,681236,1,1,34,2
CA,14,681236,1,1,34,2
USC,29,681254,1,1,34,3
USC,29,681193,1,1,34,1
USC,29,681187,1,1,34,1
CA,17,681235,1,1,34,2
CA,9,681248,1,1,34,3
UK,28,681235,1,1,34,2
CA,15,681266,1,1,34,3
CA,17,681530,1,1,34,12
USC,29,681203,1,1,34,1
CA,14,681266,1,1,34,3
CA,16,681194,1,1,34,1
CA,10,681236,1,1,34,2
CA,9,681267,1,1,34,3
CA,16,681241,1,1,34,3
CA,13,681503,1,1,34,11
UK,27,681236,1,1,34,2
CA,12,681242,1,1,34,3
SZ,26,681432,1,1,34,9
CA,10,681265,1,1,34,3
CA,16,681206,1,1,34,1
USC,29,681206,1,1,34,1
CA,14,681251,1,1,34,3
USC,29,681253,1,1,34,3
CA,11,681530,1,1,34,12
CA,17,681192,1,1,34,1
CA,10,681178,1,1,34,1
CA,14,681189,1,1,34,1
USC,29,681181,1,1,34,1
CA,12,681243,1,1,34,3
CA,16,681537,1,1,34,12
USC,29,681245,1,1,34,3
SZ,26,681533,1,1,34,12
CA,15,681530,1,1,34,12
USC,29,681255,1,1,34,3
CA,17,681263,1,1,34,3
CA,17,681506,1,1,34,11
CA,15,681228,1,1,34,2
USC,29,681261,1,1,34,3
SZ,26,681474,1,1,34,10
GME,23,681251,1,1,34,3
GM,22,681183,1,1,34,1
BE,7,681535,1,1,35,12
EZE,21,681228,1,1,35,2
EZE,21,681532,1,1,35,12
SZ,26,681493,1,1,35,11
GM,22,681503,1,1,35,11
GM,22,681501,1,1,35,11
AU,6,681183,1,1,35,1
GME,23,681242,1,1,35,3
EZE,21,681251,1,2,35,3
SZ,26,681514,1,2,35,12
GM,22,681512,1,2,35,12
GM,22,681499,1,2,35,11
BE,7,681511,1,2,35,11
GME,23,681241,1,2,35,3
AU,6,681179,1,2,35,1
AU,6,681512,1,2,35,12
UK,27,681542,1,2,35,12
CA,10,681221,1,2,35,2
CA,15,681263,1,2,35,3
CA,15,681536,1,2,35,12
CA,16,681530,1,2,35,12
CA,10,681232,1,2,35,2
CA,16,681225,1,2,35,2
CA,17,681227,1,2,35,2
CA,13,681530,1,2,35,12
SZ,26,681267,1,2,35,3
CA,9,681536,1,2,35,12
CA,15,681533,1,2,35,12
CA,12,681530,1,2,35,12
CA,9,681476,1,2,35,10
CA,17,681189,1,2,35,1
CA,10,681485,1,2,35,11
CA,17,681219,1,2,35,2
CA,10,681235,1,2,35,2
CA,13,681504,1,2,35,11
CA,18,681484,1,2,35,11
CA,15,681223,1,2,35,2
CA,17,681188,1,2,35,1
CA,10,681530,1,2,35,12
SZ,26,681202,1,2,35,1
USC,29,681241,1,2,35,3
CA,14,681511,1,2,35,11
USC,29,681180,1,2,35,1
CA,17,681258,1,2,35,3
CA,12,681266,1,2,35,3
CA,16,681187,1,2,35,1
SZ,26,681423,1,2,35,9
CA,12,681241,1,2,35,3
CA,10,681246,1,2,35,3
CA,12,681274,1,2,35,4
CA,17,681217,1,2,35,2
CA,18,681502,1,2,35,11
CA,13,681511,1,2,35,11
CA,17,681502,1,2,35,11
USC,29,681246,1,2,35,3
CA,9,681477,1,2,35,10
SZ,26,681496,1,2,35,11
SZ,26,681404,1,2,35,8
AU,6,681191,1,2,35,1
EZE,21,681499,1,2,35,11
SZ,26,681464,1,2,35,10
SZ,26,681467,1,2,35,10
SZ,26,681466,1,2,35,10
SZ,26,681530,1,2,35,12
UK,28,681541,1,2,35,12
GME,23,681532,1,2,35,12
GM,22,681250,1,2,35,3
GM,22,681251,1,2,35,3
SZ,26,681485,1,2,35,11
SZ,26,681531,1,2,35,12
GME,23,681228,1,2,35,2
GM,22,681523,1,2,35,12
SZ,26,681315,1,2,35,5
GME,23,681239,1,2,35,3
GM,22,681228,1,2,35,2
SZ,26,681203,1,2,36,1
ITE,25,681200,1,2,36,1
SZ,26,681518,1,2,36,12
SZ,26,681535,1,2,36,12
AU,6,681529,1,2,36,12
SZ,26,681326,1,2,36,5
SZ,26,681401,1,2,36,8
SZ,26,681329,1,2,36,6
GM,22,681184,1,2,36,1
AU,6,681503,1,2,36,11
AU,6,681504,1,2,36,11
GME,23,681190,1,2,36,1
GM,22,681246,1,2,36,3
GME,23,681502,1,2,36,11
AU,6,681515,1,2,36,12
GME,23,681499,1,2,36,11
CA,18,681486,1,2,36,11
CA,16,681249,1,2,36,3
CA,10,681506,1,2,36,11
CA,16,681244,1,2,36,3
CA,14,681481,1,2,36,10
USC,29,681191,1,2,36,1
CA,17,681265,1,2,36,3
CA,15,681265,1,2,36,3
CA,16,681242,1,2,36,3
CA,10,681502,1,2,36,11
CA,17,681193,1,2,36,1
USC,29,681521,1,2,36,12
CA,10,681207,1,2,36,1
SZ,26,681320,1,2,36,5
USC,29,681208,1,2,36,1
CA,9,681266,1,2,36,3
CA,10,681195,1,2,36,1
SZ,26,681291,1,2,36,4
EZE,21,681529,1,2,36,12
CA,17,681486,1,2,36,11
EZE,21,681512,1,2,36,12
CA,16,681193,1,2,36,1
CA,17,681195,1,2,36,1
CA,14,681502,1,2,36,11
CA,17,681178,1,2,36,1
CA,17,681264,1,2,36,3
UK,28,681530,1,2,36,12
CA,9,681484,1,2,36,11
USC,29,681217,1,2,36,2
CA,14,681536,1,2,36,12
CA,16,681188,1,2,36,1
USC,29,681202,1,2,36,1
CA,16,681505,1,2,36,11
USC,29,681179,1,2,36,1
CA,15,681259,1,2,36,3
CA,9,681264,1,2,36,3
CA,16,681264,1,2,36,3
CA,10,681264,1,2,36,3
CA,15,681248,1,2,36,3
CA,18,681530,1,2,36,12
CA,15,681220,1,2,36,2
CA,12,681503,1,2,36,11
CA,10,681245,1,2,36,3
CA,17,681485,1,2,36,11
CA,9,681260,1,2,36,3
CA,15,681503,1,2,36,11
CA,15,681260,1,2,36,3
GME,23,681523,1,2,36,12
GM,22,681242,1,2,36,3
GM,22,681241,1,2,36,3
AU,6,681251,1,2,36,3
EZE,21,681502,1,2,36,11
AU,6,681186,1,2,36,1
ITE,25,681530,1,2,36,12
GME,23,681184,1,2,36,1
UK,28,681187,1,2,36,1
SZ,26,681328,1,2,36,5
ITE,25,681181,1,2,36,1
BE,7,681542,1,2,36,12
SZ,26,681532,1,2,36,12
EZE,21,681500,1,2,36,11
EZE,21,681227,1,2,36,2
SZ,26,681378,1,2,36,7
GME,23,681246,1,2,36,3
AU,6,681514,1,2,36,12
EZE,21,681509,1,2,36,11
EZE,21,681510,1,2,36,11
EZE,21,681190,1,2,36,1
AU,6,681513,1,3,37,12
GME,23,681250,1,3,37,3
GM,22,681239,1,3,37,3
SZ,26,681309,1,3,37,5
SZ,26,681463,1,3,37,10
BE,7,681536,1,3,37,12
GME,23,681182,1,3,37,1
ITE,24,681200,1,3,37,1
EZE,21,681520,1,3,37,12
SZ,26,681431,1,3,37,9
CA,16,681512,1,3,37,12
CA,12,681505,1,3,37,11
CA,9,681262,1,3,37,3
CA,9,681249,1,3,37,3
EZE,21,681252,1,3,37,3
ITE,25,681516,1,3,37,12
CA,9,681241,1,3,37,3
CA,17,681251,1,3,37,3
EZE,21,681504,1,3,37,11
CA,15,681227,1,3,37,2
CA,14,681248,1,3,37,3
GME,23,681520,1,3,37,12
CA,15,681517,1,3,37,12
USC,29,681528,1,3,37,12
USC,29,681233,1,3,37,2
CA,16,681260,1,3,37,3
CA,17,681260,1,3,37,3
CA,16,681235,1,3,37,2
CA,14,681259,1,3,37,3
GM,22,681502,1,3,37,11
CA,15,681267,1,3,37,3
CA,9,681507,1,3,37,11
CA,9,681251,1,3,37,3
CA,9,681498,1,3,37,11
CA,17,681259,1,3,37,3
CA,10,681258,1,3,37,3
CA,12,681533,1,3,37,12
EZE,21,681523,1,3,37,12
CA,12,681264,1,3,37,3
CA,11,681533,1,3,37,12
GM,22,681190,1,3,37,1
CA,16,681208,1,3,37,1
EZE,21,681183,1,3,37,1
CA,15,681180,1,3,37,1
UK,27,681187,1,3,37,1
ITE,24,681199,1,3,37,1
CA,14,681190,1,3,37,1
CA,9,681483,1,3,37,11
CA,10,681196,1,3,37,1
AU,6,681205,1,3,37,1
CA,10,681217,1,3,37,2
CA,17,681535,1,3,37,12
USC,29,681216,1,3,37,2
CA,15,681222,1,3,37,2
CA,16,681220,1,3,37,2
CA,15,681178,1,3,37,1
UK,27,681188,1,3,37,1
CA,15,681486,1,3,37,11
CA,17,681222,1,3,37,2
CA,10,681535,1,3,37,12
SZ,26,681480,1,3,37,10
GM,22,681520,1,3,37,12
AU,6,681510,1,3,37,11
SZ,26,681327,1,3,37,5
GM,22,681257,1,3,37,3
GME,23,681510,1,3,37,11
EZE,21,681247,1,3,37,3
AU,6,681531,1,3,37,12
EZE,21,681514,1,3,37,12
ITE,25,681178,1,3,37,1
GME,23,681504,1,3,37,11
SZ,26,681287,1,3,37,4
EZE,21,681231,1,3,37,2
GME,23,681509,1,3,37,11
AU,6,681266,1,3,37,3
GME,23,681259,1,3,37,3
ITE,24,681198,1,3,37,1
ITE,25,681186,1,3,37,1
EZE,21,681527,1,3,37,12
GME,23,681500,1,3,37,11
AU,6,681197,1,3,38,1
AU,6,681516,1,3,38,12
AU,6,681501,1,3,38,11
GM,22,681182,1,3,38,1
GM,22,681222,1,3,38,2
SZ,26,681462,1,3,38,10
SZ,26,681390,1,3,38,8
BE,7,681501,1,3,38,11
UK,28,681238,1,3,38,3
SZ,26,681469,1,3,38,10
ITE,24,681197,1,3,38,1
SZ,26,681490,1,3,38,11
ITE,24,681218,1,3,38,2
USC,29,681538,1,3,38,12
CA,15,681218,1,3,38,2
CA,14,681484,1,3,38,11
CA,15,681484,1,3,38,11
GM,22,681259,1,3,38,3
CA,13,681502,1,3,38,11
CA,18,681517,1,3,38,12
CA,14,681474,1,3,38,10
AU,6,681234,1,3,38,2
CA,14,681218,1,3,38,2
CA,10,681486,1,3,38,11
USC,29,681506,1,3,38,11
USC,29,681188,1,3,38,1
CA,13,681533,1,3,38,12
CA,17,681533,1,3,38,12
CA,14,681486,1,3,38,11
GME,23,681257,1,3,38,3
CA,16,681189,1,3,38,1
USC,29,681275,1,3,38,4
CA,17,681249,1,3,38,3
CA,9,681514,1,3,38,12
CA,10,681263,1,3,38,3
CA,12,681263,1,3,38,3
CA,17,681207,1,3,38,1
BE,7,681186,1,3,38,1
EIE,20,681542,1,3,38,12
CA,17,681248,1,3,38,3
CA,14,681250,1,3,38,3
CA,17,681247,1,3,38,3
CA,14,681498,1,3,38,11
CA,10,681193,1,3,38,1
CA,16,681250,1,3,38,3
CA,17,681250,1,3,38,3
CA,14,681269,1,3,38,4
CA,16,681180,1,3,38,1
CA,12,681252,1,3,38,3
CA,17,681190,1,3,38,1
CA,18,681481,1,3,38,10
CA,14,681267,1,3,38,3
CA,15,681252,1,3,38,3
USC,29,681178,1,3,38,1
UK,27,681240,1,3,38,3
SZ,26,681281,1,3,38,4
CA,17,681513,1,3,38,12
UK,27,681239,1,3,38,3
CA,16,681196,1,3,38,1
CA,18,681483,1,3,38,11
ITE,25,681190,1,3,38,1
GME,23,681187,1,3,38,1
CA,12,681258,1,3,38,3
CA,18,681274,1,3,38,4
GM,22,681509,1,3,38,11
CA,15,681274,1,3,38,4
CA,9,681274,1,3,38,4
CA,9,681535,1,3,38,12
CA,14,681535,1,3,38,12
ITE,24,681186,1,3,38,1
CA,9,681508,1,3,38,11
USC,29,681226,1,3,38,2
CA,16,681227,1,3,38,2
CA,17,681274,1,3,38,4
CA,10,681534,1,3,38,12
AU,6,681502,1,3,38,11
GM,22,681245,1,3,38,3
SZ,26,681454,1,3,38,10
AU,6,681231,1,3,38,2
UK,28,681224,1,3,38,2
ITE,25,681188,1,3,38,1
EZE,21,681513,1,3,38,12
EZE,21,681267,1,3,38,3
EZE,21,681179,1,3,38,1
GME,23,681245,1,4,38,3
GME,23,681258,1,4,38,3
GME,23,681222,1,4,38,2
GM,22,681258,1,4,38,3
SZ,26,681317,1,4,38,5
GM,22,681187,1,4,38,1
BE,7,681189,1,4,38,1
BE,7,681236,1,4,38,2
ITE,25,681538,1,4,38,12
AU,6,681520,1,4,38,12
GM,22,681510,1,4,38,11
SZ,26,681453,1,4,38,10
AU,6,681190,1,4,38,1
UK,28,681499,1,4,38,11
ITE,25,681185,1,4,38,1
GME,23,681513,1,4,38,12
SZ,26,681483,1,4,38,11
ITE,25,681204,1,4,38,1
SZ,26,681215,1,4,39,2
SZ,26,681448,1,4,39,9
EZE,21,681223,1,4,39,2
EZE,21,681180,1,4,39,1
SZ,26,681302,1,4,39,5
UK,28,681225,1,4,39,2
SZ,26,681446,1,4,39,9
ITE,24,681184,1,4,39,1
AU,6,681187,1,4,39,1
AU,6,681200,1,4,39,1
SZ,26,681429,1,4,39,9
UK,28,681234,1,4,39,2
SZ,26,681316,1,4,39,5
UK,28,681500,1,4,39,11
ITE,24,681180,1,4,39,1
EZE,21,681187,1,4,39,1
AU,6,681193,1,4,39,1
SZ,26,681450,1,4,39,9
ITE,24,681183,1,4,39,1
CA,16,681502,1,4,39,11
USC,29,681218,1,4,39,2
CA,15,681250,1,4,39,3
CA,16,681251,1,4,39,3
USC,29,681513,1,4,39,12
UK,28,681237,1,4,39,3
BE,7,681237,1,4,39,3
SZ,26,681445,1,4,39,9
CA,10,681484,1,4,39,11
CA,17,681218,1,4,39,2
CA,15,681251,1,4,39,3
CA,10,681202,1,4,39,1
UK,27,681235,1,4,39,2
CA,15,681502,1,4,39,11
CA,9,681236,1,4,39,2
CA,18,681535,1,4,39,12
CA,9,681250,1,4,39,3
CA,14,681476,1,4,39,10
CA,10,681227,1,4,39,2
CA,16,681265,1,4,39,3
GME,23,681254,1,4,39,3
CA,12,681265,1,4,39,3
CA,12,681260,1,4,39,3
EZE,21,681540,1,4,39,12
CA,16,681266,1,4,39,3
CA,17,681266,1,4,39,3
CA,10,681512,1,4,39,12
CA,16,681274,1,4,39,4
CA,17,681511,1,4,39,11
AU,6,681247,1,4,39,3
CA,10,681267,1,4,39,3
CA,9,681292,1,4,39,4
CA,10,681228,1,4,39,2
CA,18,681498,1,4,39,11
USC,29,681207,1,4,39,1
CA,17,681252,1,4,39,3
CA,10,681520,1,4,39,12
CA,9,681235,1,4,39,2
CA,14,681475,1,4,39,10
CA,9,681220,1,4,39,2
CA,16,681178,1,4,39,1
CA,18,681487,1,4,39,11
CA,9,681517,1,4,39,12
UK,27,681220,1,4,39,2
CA,16,681258,1,4,39,3
CA,12,681511,1,4,39,11
SZ,26,681403,1,4,39,8
UK,27,681541,1,4,39,12
CA,18,681291,1,4,39,4
CA,14,681507,1,4,39,11
CA,10,681517,1,4,39,12
EZE,21,681528,1,4,39,12
EZE,21,681181,1,4,39,1
EZE,21,681531,1,4,39,12
GM,22,681500,1,4,39,11
GM,22,681227,1,4,39,2
ITE,25,681542,1,4,39,12
GME,23,681247,1,4,39,3
ITE,25,681179,1,4,39,1
ITE,25,681199,1,4,39,1
ITE,24,681179,1,4,39,1
SZ,26,681294,1,4,39,4
EZE,21,681506,1,4,39,11
SZ,26,681321,1,4,39,5
GM,22,681513,1,4,39,12
EZE,21,681538,1,4,39,12
GM,22,681542,1,4,39,12
GME,23,681542,1,4,39,12
SZ,26,681330,1,4,39,6
EZE,21,681222,1,4,39,2
EZE,21,681542,1,4,39,12
GM,22,681504,1,4,39,11
SZ,26,681319,1,4,39,5
GME,23,681507,1,4,39,11
AU,6,681188,1,4,39,1
GME,23,681252,1,4,39,3
GME,23,681514,1,4,39,12
BE,7,681531,1,4,39,12
AU,6,681209,1,4,39,2
SZ,26,681217,1,4,40,2
UK,28,681255,1,4,40,3
SZ,26,681293,1,4,40,4
ITE,25,681511,1,4,40,11
EZE,21,681205,1,4,40,1
EZE,21,681505,1,4,40,11
EZE,21,681259,1,4,40,3
SZ,26,681440,1,4,40,9
GM,22,681247,1,4,40,3
GME,23,681256,1,4,40,3
GME,23,681506,1,4,40,11
GME,23,681188,1,4,40,1
GME,23,681540,1,4,40,12
EZE,21,681539,1,4,40,12
GME,23,681227,1,4,40,2
GME,23,681179,1,4,40,1
AU,6,681192,1,4,40,1
USC,29,681527,1,4,40,12
CA,10,681475,1,4,40,10
CA,9,681481,1,4,40,10
GM,22,681508,1,4,40,11
CA,18,681477,1,4,40,10
USC,29,681242,1,4,40,3
CA,18,681476,1,4,40,10
SZ,26,681494,1,4,40,11
SZ,26,681449,1,4,40,9
EZE,21,681253,1,4,40,3
CA,16,681263,1,4,40,3
SZ,26,681420,1,4,40,8
CA,14,681517,1,4,40,12
AU,6,681538,1,4,40,12
CA,18,681273,1,4,40,4
CA,12,681521,1,4,40,12
CA,11,681528,1,4,40,12
CA,14,681299,1,4,40,5
UK,27,681241,1,4,40,3
CA,10,681498,1,4,40,11
UK,27,681224,1,4,40,2
UK,27,681181,1,4,40,1
USC,29,681243,1,4,40,3
CA,9,681479,1,4,40,10
USC,29,681221,1,4,40,2
CA,14,681292,1,4,40,4
CA,16,681533,1,4,40,12
EZE,21,681257,1,4,40,3
CA,13,681497,1,4,40,11
USC,29,681530,1,4,40,12
CA,17,681267,1,4,40,3
UK,28,681240,1,4,40,3
USC,29,681209,1,4,40,2
CA,9,681221,1,4,40,2
UK,28,681188,1,4,40,1
CA,13,681510,1,4,40,11
CA,9,681252,1,4,40,3
CA,16,681207,1,4,40,1
USC,29,681486,1,4,40,11
USC,29,681507,1,4,40,11
CA,9,681494,1,4,40,11
USC,29,681514,1,4,40,12
CA,17,681229,1,4,40,2
CA,14,681515,1,4,40,12
CA,9,681227,1,4,40,2
BE,7,681500,1,4,40,11
CA,10,681259,1,4,40,3
CA,12,681269,1,4,40,4
UK,28,681510,1,4,40,11
USC,29,681256,1,4,40,3
CA,10,681229,1,4,40,2
CA,15,681475,1,4,40,10
CA,16,681222,1,4,40,2
CA,9,681516,1,4,40,12
CA,10,681251,1,4,40,3
UK,27,681234,1,4,40,2
CA,9,681493,1,4,40,11
USC,29,681189,1,4,40,1
AU,6,681257,1,4,40,3
CA,18,681292,1,4,40,4
UK,27,681185,1,4,40,1
CA,18,681475,1,4,40,10
CA,17,681275,1,4,40,4
AU,6,681509,1,4,40,11
GME,23,681531,1,4,40,12
SZ,26,681332,1,4,40,6
GM,22,681540,1,4,40,12
GME,23,681508,1,4,40,11
GM,22,681514,1,4,40,12
GME,23,681180,1,4,40,1
EZE,21,681508,1,4,40,11
GM,22,681507,1,4,40,11
ITE,25,681184,1,5,40,1
GME,23,681496,1,5,40,11
AU,6,681492,1,5,40,11
BE,7,681221,1,5,40,2
SZ,26,681318,1,5,40,5
EZE,21,681185,1,5,40,1
BE,7,681498,1,5,40,11
SZ,26,681447,1,5,40,9
ITE,24,681181,1,5,40,1
SZ,26,681451,1,5,40,10
ITE,25,681513,1,5,40,12
SZ,26,681437,1,5,40,9
ITE,24,681215,1,5,40,2
ITE,24,681217,1,5,40,2
ITE,25,681523,1,5,41,12
GME,23,681264,1,5,41,3
ITE,24,681542,1,5,41,12
ITE,24,681185,1,5,41,1
GME,23,681231,1,5,41,2
GM,22,681506,1,5,41,11
SZ,26,681460,1,5,41,10
BE,7,681204,1,5,41,1
UK,28,681226,1,5,41,2
GME,23,681223,1,5,41,2
UK,28,681241,1,5,41,3
BE,7,681510,1,5,41,11
SZ,26,681324,1,5,41,5
BE,7,681245,1,5,41,3
SZ,26,681472,1,5,41,10
SZ,26,681383,1,5,41,7
UK,28,681185,1,5,41,1
EZE,21,681246,1,5,41,3
GME,23,681528,1,5,41,12
EZE,21,681496,1,5,41,11
GM,22,681179,1,5,41,1
AU,6,681265,1,5,41,3
SZ,26,681443,1,5,41,9
ITE,25,681189,1,5,41,1
EZE,21,681264,1,5,41,3
ITE,25,681203,1,5,41,1
UK,28,681220,1,5,41,2
EZE,21,681477,1,5,41,10
SZ,26,681459,1,5,41,10
ITE,25,681180,1,5,41,1
UK,27,681540,1,5,41,12
CA,10,681222,1,5,41,2
AU,6,681476,1,5,41,10
CA,10,681225,1,5,41,2
CA,17,681268,1,5,41,4
CA,16,681229,1,5,41,2
CA,10,681266,1,5,41,3
CA,18,681497,1,5,41,11
CA,17,681484,1,5,41,11
SZ,26,681366,1,5,41,7
CA,17,681497,1,5,41,11
CA,10,681477,1,5,41,10
USC,29,681195,1,5,41,1
CA,10,681474,1,5,41,10
CA,13,681535,1,5,41,12
UK,27,681222,1,5,41,2
ITE,24,681216,1,5,41,2
CA,10,681194,1,5,41,1
CA,12,681498,1,5,41,11
CA,18,681507,1,5,41,11
CA,10,681513,1,5,41,12
AU,6,681228,1,5,41,2
CA,17,681269,1,5,41,4
CA,10,681515,1,5,41,12
GME,23,681539,1,5,41,12
CA,10,681511,1,5,41,11
CA,12,681247,1,5,41,3
CA,17,681481,1,5,41,10
CA,9,681515,1,5,41,12
CA,12,681481,1,5,41,10
ITE,25,681541,1,5,41,12
CA,11,681521,1,5,41,12
USC,29,681236,1,5,41,2
ITE,24,681223,1,5,41,2
UK,27,681242,1,5,41,3
UK,27,681237,1,5,41,3
SZ,26,681455,1,5,41,10
UK,27,681186,1,5,41,1
AU,6,681499,1,5,41,11
CA,10,681248,1,5,41,3
CA,17,681534,1,5,41,12
CA,10,681476,1,5,41,10
CA,15,681487,1,5,41,11
CA,16,681237,1,5,41,3
UK,28,681249,1,5,41,3
GME,23,681178,1,5,41,1
GME,23,681522,1,5,41,12
EZE,21,681204,1,5,41,1
EZE,21,681492,1,5,41,11
SZ,26,681342,1,5,41,6
SZ,26,681392,1,5,41,8
ITE,25,681198,1,5,41,1
UK,28,681239,1,5,41,3
BE,7,681241,1,5,41,3
ITE,24,681511,1,5,41,11
BE,7,681250,1,5,41,3
UK,28,681248,1,5,41,3
SZ,26,681481,1,5,41,10
ITE,25,681218,1,5,41,2
EZE,21,681258,1,5,42,3
EZE,21,681263,1,5,42,3
GME,23,681538,1,5,42,12
GME,23,681527,1,5,42,12
EZE,21,681507,1,5,42,11
SZ,26,681345,1,5,42,6
ITE,24,681219,1,5,42,2
SZ,26,681452,1,5,42,10
SZ,26,681461,1,5,42,10
GM,22,681539,1,5,42,12
GME,23,681204,1,5,42,1
GME,23,681492,1,5,42,11
UK,28,681540,1,5,42,12
BE,7,681512,1,5,42,12
GM,22,681231,1,5,42,2
EZE,21,681522,1,5,42,12
GM,22,681528,1,5,42,12
UK,28,681297,1,5,42,4
ITE,24,681201,1,5,42,1
GME,23,681208,1,5,42,1
GM,22,681189,1,5,42,1
GM,22,681181,1,5,42,1
BE,7,681513,1,5,42,12
GM,22,681505,1,5,42,11
GM,22,681188,1,5,42,1
EZE,21,681208,1,5,42,1
UK,28,681202,1,6,42,1
ITE,24,681182,1,6,42,1
EZE,21,681188,1,6,42,1
BE,7,681238,1,6,42,3
GME,23,681189,1,6,42,1
GME,23,681240,1,6,42,3
SZ,26,681421,1,6,42,9
GME,23,681505,1,6,42,11
SZ,26,681343,1,6,42,6
UK,28,681227,1,6,42,2
EZE,21,681191,1,6,42,1
GM,22,681538,1,6,42,12
BE,7,681519,1,6,42,12
AU,6,681522,1,6,42,12
UK,27,681238,1,6,42,3
BE,7,681541,1,6,42,12
UK,27,681225,1,6,42,2
CA,16,681252,1,6,42,3
CA,11,681535,1,6,42,12
CA,12,681249,1,6,42,3
CA,17,681483,1,6,42,11
CA,13,681474,1,6,42,10
AU,6,681232,1,6,42,2
CA,16,681269,1,6,42,4
ITE,25,681514,1,6,42,12
CA,12,681251,1,6,42,3
SZ,26,681486,1,6,42,11
USC,29,681235,1,6,42,2
CA,18,681514,1,6,42,12
UK,27,681226,1,6,42,2
CA,16,681270,1,6,42,4
CA,9,681474,1,6,42,10
CA,16,681195,1,6,42,1
CA,13,681484,1,6,42,11
SZ,26,681402,1,6,42,8
GME,23,681236,1,6,42,2
CA,15,681514,1,6,42,12
CA,14,681514,1,6,42,12
CA,9,681237,1,6,42,3
CA,16,681486,1,6,42,11
CA,18,681494,1,6,42,11
CA,11,681516,1,6,42,12
AU,6,681252,1,6,42,3
USC,29,681228,1,6,42,2
GM,22,681180,1,6,42,1
UK,27,681255,1,6,42,3
CA,14,681230,1,6,42,2
CA,15,681535,1,6,42,12
CA,16,681481,1,6,42,10
CA,16,681179,1,6,42,1
CA,14,681480,1,6,42,10
ITE,25,681219,1,6,42,2
USC,29,681536,1,6,42,12
CA,10,681260,1,6,42,3
BE,7,681228,1,6,42,2
CA,13,681486,1,6,42,11
UK,27,681182,1,6,42,1
CA,16,681511,1,6,42,11
CA,15,681507,1,6,42,11
EZE,21,681233,1,6,42,2
CA,10,681481,1,6,42,10
GME,23,681260,1,6,42,3
CA,12,681267,1,6,42,3
ITE,25,681183,1,6,42,1
UK,28,681245,1,6,42,3
CA,14,681291,1,6,42,4
ITE,25,681191,1,6,42,1
USC,29,681263,1,6,42,3
CA,14,681516,1,6,42,12
CA,10,681299,1,6,42,5
CA,17,681273,1,6,42,4
CA,12,681248,1,6,42,3
CA,13,681481,1,6,42,10
ITE,25,681515,1,6,42,12
ITE,24,681514,1,6,42,12
ITE,25,681536,1,6,42,12
GME,23,681221,1,6,42,2
SZ,26,681388,1,6,42,7
SZ,26,681489,1,6,42,11
AU,6,681233,1,6,42,2
AU,6,681542,1,6,42,12
UK,28,681531,1,6,42,12
ITE,24,681233,1,6,42,2
UK,28,681233,1,6,42,2
SZ,26,681515,1,6,42,12
EZE,21,681240,1,6,42,3
EZE,21,681530,1,6,42,12
AU,6,681264,1,6,42,3
SZ,26,681487,1,6,42,11
GM,22,681492,1,6,42,11
GME,23,681237,1,6,42,3
BE,7,681522,1,6,42,12
AU,6,681290,1,6,43,4
AU,6,681477,1,6,43,10
BE,7,681502,1,6,43,11
AU,6,681189,1,6,43,1
SZ,26,681516,1,6,43,12
ITE,25,681521,1,6,43,12
SZ,26,681470,1,6,43,10
ITE,24,681214,1,6,43,2
GM,22,681233,1,6,43,2
GME,23,681476,1,6,43,10
GME,23,681181,1,6,43,1
AU,6,681540,1,6,43,12
GM,22,681256,1,6,43,3
SZ,26,681418,1,6,43,8
EZE,21,681201,1,6,43,1
ITE,25,681197,1,6,43,1
GM,22,681203,1,6,43,1
GME,23,681186,1,6,43,1
EZE,21,681202,1,6,43,1
SZ,26,681361,1,6,43,7
ITE,24,681192,1,6,43,1
EZE,21,681265,1,6,43,3
ITE,24,681512,1,6,43,12
BE,7,681246,1,6,43,3
GME,23,681233,1,6,43,2
GM,22,681208,1,6,43,1
GME,23,681263,1,6,43,3
GM,22,681221,1,6,43,2
GM,22,681223,1,6,43,2
AU,6,681227,1,6,43,2
ITE,25,681216,1,6,43,2
GME,23,681248,1,6,43,3
AU,6,681240,1,6,43,3
AU,6,681508,1,6,43,11
BE,7,681240,1,6,43,3
SZ,26,681444,1,6,43,9
ITE,25,681527,1,6,43,12
ITE,25,681223,1,6,43,2
AU,6,681222,1,6,43,2
GME,23,681185,1,6,43,1
EZE,21,681250,1,6,43,3
CA,16,681259,1,6,43,3
UK,28,681228,1,6,43,2
CA,15,681291,1,6,43,4
EIE,20,681237,1,6,43,3
CA,9,681518,1,6,43,12
CA,15,681237,1,6,43,3
CA,9,681482,1,6,43,11
CA,16,681218,1,6,43,2
CA,17,681237,1,6,43,3
CA,14,681494,1,6,43,11
UK,27,681243,1,6,43,3
UK,28,681243,1,6,43,3
CA,10,681497,1,6,43,11
CA,15,681292,1,6,43,4
CA,15,681238,1,6,43,3
UK,27,681518,1,6,43,12
CA,14,681298,1,6,43,5
GME,23,681521,1,6,43,12
GME,23,681203,1,6,43,1
CA,16,681190,1,6,43,1
CA,9,681480,1,6,43,10
CA,17,681475,1,6,43,10
UK,28,681242,1,6,43,3
CA,15,681239,1,6,43,3
CA,10,681197,1,6,43,1
CA,14,681477,1,6,43,10
CA,18,681293,1,6,43,4
CA,18,681493,1,6,43,11
CA,15,681498,1,6,43,11
BE,7,681178,1,6,43,1
CA,14,681487,1,6,43,11
CA,15,681476,1,6,43,10
GME,23,681491,1,6,43,11
USC,29,681229,1,6,43,2
UK,28,681256,1,6,43,3
CA,10,681252,1,6,43,3
CA,17,681507,1,6,43,11
UK,28,681221,1,6,43,2
USC,29,681529,1,6,43,12
CA,10,681250,1,6,43,3
CA,11,681517,1,6,43,12
CA,14,681500,1,6,43,11
UK,27,681499,1,6,43,11
CA,10,681292,1,6,43,4
CA,16,681517,1,6,43,12
CA,17,681517,1,6,43,12
EZE,21,681189,1,6,43,1
CA,17,681514,1,6,43,12
EZE,21,681235,1,6,43,2
CA,14,681501,1,6,43,11
UK,28,681186,1,6,43,1
CA,9,681475,1,6,43,10
UK,27,681219,1,6,43,2
CA,14,681196,1,6,43,1
AU,6,681201,1,6,43,1
GM,22,681476,1,6,43,10
CA,13,681501,1,6,43,11
CA,10,681209,1,6,43,2
UK,27,681497,1,6,43,11
BE,7,681525,1,6,43,12
SZ,26,681488,1,6,43,11
ITE,25,681522,1,6,43,12
EZE,21,681234,1,6,43,2
ITE,24,681516,1,6,43,12
EZE,21,681203,1,6,43,1
SZ,26,681280,1,6,43,4
EZE,21,681521,1,6,43,12
SZ,26,681325,1,6,43,5
BE,7,681244,1,6,43,3
BE,7,681477,1,6,43,10
EZE,21,681479,1,6,43,10
EZE,21,681476,1,6,43,10
ITE,24,681203,1,6,43,1
SZ,26,681442,1,6,43,9
ITE,24,681190,1,6,43,1
EZE,21,681224,1,6,43,2
GME,23,681194,1,6,43,1
ITE,25,681192,1,6,43,1
BE,7,681222,1,6,43,2
ITE,25,681196,1,6,43,1
GM,22,681262,1,6,43,3
AU,6,681505,1,6,43,11
GM,22,681297,1,6,43,4
BE,7,681183,1,6,43,1
GME,23,681224,1,6,43,2
ITE,25,681253,1,6,43,3
AU,6,681474,1,6,43,10
GM,22,681186,1,6,43,1
AU,6,681248,1,6,43,3
GME,23,681262,1,6,43,3
GME,23,681265,1,6,43,3
SZ,26,681419,1,6,43,8
AU,6,681223,1,6,43,2
GME,23,681202,1,6,43,1
SZ,26,681417,1,6,43,8
UK,28,681518,1,6,43,12
GME,23,681478,1,6,43,10
ITE,25,681525,1,6,43,12
ITE,25,681255,1,6,44,3
SZ,26,681279,1,6,44,4
GM,22,681226,1,6,44,2
SZ,26,681411,1,6,44,8
BE,7,681239,1,6,44,3
GM,22,681185,1,6,44,1
ITE,24,681191,1,6,44,1
EZE,21,681478,1,6,44,10
AU,6,681258,1,6,44,3
BE,7,681242,1,6,44,3
ITE,24,681513,1,6,44,12
AU,6,681500,1,6,44,11
GME,23,681212,1,6,44,2
BE,7,681249,1,6,44,3
AU,6,681478,1,6,44,10
ITE,25,681532,1,6,44,12
AU,6,681221,1,6,44,2
GME,23,681477,1,6,44,10
AU,6,681507,1,6,44,11
EZE,21,681254,1,6,44,3
EZE,21,681209,1,6,44,2
BE,7,681226,1,6,44,2
AU,6,681506,1,7,44,11
BE,7,681509,1,7,44,11
ITE,25,681182,1,7,44,1
UK,28,681508,1,7,44,11
SZ,26,681457,1,7,44,10
UK,28,681182,1,7,44,1
GME,23,681541,1,7,44,12
GM,22,681531,1,7,44,12
SZ,26,681331,1,7,44,6
UK,28,681219,1,7,44,2
UK,28,681501,1,7,44,11
ITE,25,681518,1,7,44,12
UK,28,681532,1,7,44,12
GM,22,681224,1,7,44,2
UK,28,681254,1,7,44,3
GME,23,681207,1,7,44,1
CA,15,681231,1,7,44,2
CA,15,681269,1,7,44,4
CA,12,681476,1,7,44,10
UK,27,681512,1,7,44,12
CA,14,681231,1,7,44,2
UK,27,681250,1,7,44,3
CA,17,681230,1,7,44,2
CA,12,681250,1,7,44,3
CA,10,681514,1,7,44,12
CA,18,681511,1,7,44,11
CA,9,681495,1,7,44,11
UK,28,681181,1,7,44,1
CA,10,681501,1,7,44,11
CA,17,681196,1,7,44,1
BE,7,681230,1,7,44,2
USC,29,681503,1,7,44,11
ITE,24,681229,1,7,44,2
USC,29,681222,1,7,44,2
UK,27,681205,1,7,44,1
SZ,26,681305,1,7,44,5
ITE,25,681510,1,7,44,11
CA,17,681298,1,7,44,5
SZ,26,681430,1,7,44,9
CA,10,681493,1,7,44,11
CA,16,681484,1,7,44,11
CA,9,681293,1,7,44,4
CA,15,681477,1,7,44,10
UK,27,681218,1,7,44,2
CA,12,681484,1,7,44,11
CA,9,681300,1,7,44,5
ITE,25,681517,1,7,44,12
ITE,25,681209,1,7,44,2
CA,10,681483,1,7,44,11
CA,18,681299,1,7,44,5
EZE,21,681242,1,7,44,3
CA,15,681232,1,7,44,2
USC,29,681504,1,7,44,11
CA,9,681218,1,7,44,2
CA,14,681232,1,7,44,2
CA,17,681498,1,7,44,11
USC,29,681247,1,7,44,3
EZE,21,681194,1,7,44,1
CA,10,681507,1,7,44,11
CA,10,681499,1,7,44,11
EZE,21,681232,1,7,44,2
CA,17,681501,1,7,44,11
USC,29,681512,1,7,44,12
USC,29,681196,1,7,44,1
UK,27,681227,1,7,44,2
USC,29,681227,1,7,44,2
CA,18,681294,1,7,44,4
USC,29,681534,1,7,44,12
CA,16,681521,1,7,44,12
CA,13,681516,1,7,44,12
CA,17,681197,1,7,44,1
CA,18,681521,1,7,44,12
UK,27,681256,1,7,44,3
CA,18,681516,1,7,44,12
CA,14,681273,1,7,44,4
CA,17,681238,1,7,44,3
CA,15,681494,1,7,44,11
CA,17,681515,1,7,44,12
CA,12,681535,1,7,44,12
CA,18,681515,1,7,44,12
CA,17,681487,1,7,44,11
GM,22,681477,1,7,44,10
GME,23,681238,1,7,44,3
ITE,25,681519,1,7,44,12
GM,22,681201,1,7,44,1
GM,22,681289,1,7,44,4
ITE,24,681245,1,7,44,3
BE,7,681504,1,7,44,11
ITE,24,681193,1,7,44,1
BE,7,681256,1,7,44,3
GME,23,681226,1,7,44,2
AU,6,681208,1,7,44,1
ITE,24,681202,1,7,44,1
BE,7,681508,1,7,44,11
GM,22,681252,1,7,44,3
GM,22,681522,1,7,44,12
GM,22,681243,1,7,44,3
GME,23,681529,1,7,44,12
ITE,24,681204,1,7,44,1
BE,7,681202,1,7,44,1
GME,23,681201,1,7,44,1
BE,7,681503,1,7,44,11
BE,7,681247,1,7,44,3
GM,22,681194,1,7,44,1
ITE,25,681524,1,7,44,12
BE,7,681248,1,7,44,3
EZE,21,681491,1,7,44,11
GM,22,681244,1,7,44,3
AU,6,681204,1,7,44,1
GM,22,681232,1,7,44,2
SZ,26,681285,1,7,44,4
SZ,26,681458,1,7,44,10
GME,23,681234,1,7,44,2
BE,7,681187,1,7,44,1
EZE,21,681212,1,7,44,2
SZ,26,681517,1,7,44,12
EZE,21,681226,1,7,44,2
EZE,21,681217,1,7,44,2
GM,22,681212,1,7,44,2
ITE,24,681209,1,7,45,2
ITE,24,681523,1,7,45,12
BE,7,681258,1,7,45,3
SZ,26,681436,1,7,45,9
BE,7,681227,1,7,45,2
GM,22,681264,1,7,45,3
ITE,24,681212,1,7,45,2
GME,23,681232,1,7,45,2
GM,22,681263,1,7,45,3
GM,22,681541,1,7,45,12
GME,23,681253,1,7,45,3
AU,6,681318,1,7,45,5
ITE,24,681501,1,7,45,11
ITE,25,681533,1,7,45,12
AU,6,681541,1,7,45,12
GME,23,681475,1,7,45,10
AU,6,681250,1,7,45,3
GME,23,681519,1,7,45,12
SZ,26,681410,1,7,45,8
GM,22,681249,1,7,45,3
GM,22,681178,1,7,45,1
BE,7,681537,1,7,45,12
GME,23,681297,1,7,45,4
AU,6,681539,1,7,45,12
ITE,24,681524,1,7,45,12
GM,22,681193,1,7,45,1
GME,23,681474,1,7,45,10
GM,22,681240,1,7,45,3
GM,22,681202,1,7,45,1
AU,6,681202,1,7,45,1
SZ,26,681456,1,7,45,10
EZE,21,681475,1,7,45,10
EZE,21,681221,1,7,45,2
EZE,21,681268,1,7,45,4
SZ,26,681379,1,7,45,7
GM,22,681260,1,7,45,3
SZ,26,681395,1,7,45,8
SZ,26,681439,1,7,45,9
ITE,25,681193,1,7,45,1
GME,23,681217,1,7,45,2
GME,23,681249,1,7,45,3
AU,6,681224,1,7,45,2
GM,22,681491,1,7,45,11
EZE,21,681541,1,7,45,12
CA,12,681497,1,7,45,11
CA,16,681494,1,7,45,11
CA,11,681514,1,7,45,12
SZ,26,681391,1,7,45,8
USC,29,681237,1,7,45,3
CA,17,681494,1,7,45,11
CA,11,681536,1,7,45,12
CA,14,681496,1,7,45,11
CA,15,681481,1,7,45,10
ITE,24,681238,1,7,45,3
CA,13,681496,1,7,45,11
UK,27,681215,1,7,45,2
CA,10,681482,1,7,45,11
CA,18,681276,1,7,45,4
ITE,24,681522,1,7,45,12
UK,27,681248,1,7,45,3
CA,14,681497,1,7,45,11
CA,12,681517,1,7,45,12
UK,27,681249,1,7,45,3
CA,10,681500,1,7,45,11
CA,14,681293,1,7,45,4
CA,10,681231,1,7,45,2
CA,11,681515,1,7,45,12
CA,12,681515,1,7,45,12
CA,15,681230,1,7,45,2
UK,27,681221,1,7,45,2
CA,13,681515,1,7,45,12
UK,27,681228,1,7,45,2
UK,28,681203,1,7,45,1
SZ,26,681384,1,7,45,7
CA,17,681474,1,7,45,10
UK,28,681201,1,7,45,1
CA,15,681521,1,7,45,12
UK,27,681257,1,7,45,3
USC,29,681487,1,7,45,11
CA,9,681319,1,7,45,5
CA,10,681249,1,7,45,3
CA,17,681231,1,7,45,2
UK,28,681231,1,7,45,2
CA,14,681270,1,7,45,4
CA,16,681497,1,7,45,11
UK,28,681244,1,7,45,3
CA,17,681270,1,7,45,4
UK,27,681233,1,7,45,2
UK,27,681231,1,7,45,2
UK,27,681270,1,7,45,4
CA,18,681280,1,7,45,4
SZ,26,681399,1,7,45,8
CA,18,681510,1,7,45,11
CA,17,681476,1,7,45,10
ITE,25,681208,1,7,45,1
BE,7,681232,1,7,45,2
CA,17,681232,1,7,45,2
EZE,21,681248,1,7,45,3
AU,6,681259,1,7,45,3
EZE,21,681474,1,7,45,10
BE,7,681203,1,7,45,1
ITE,25,681497,1,7,45,11
GM,22,681527,1,7,45,12
ITE,24,681187,1,7,45,1
ITE,24,681196,1,7,45,1
GM,22,681213,1,7,45,2
GME,23,681193,1,7,45,1
ITE,24,681227,1,7,45,2
ITE,24,681210,1,7,45,2
AU,6,681235,1,8,46,2
BE,7,681518,1,8,46,12
GM,22,681237,1,8,46,3
EZE,21,681484,1,8,46,11
BE,7,681243,1,8,46,3
GM,22,681238,1,8,46,3
EZE,21,681245,1,8,46,3
BE,7,681538,1,8,46,12
ITE,24,681530,1,8,46,12
GM,22,681207,1,8,46,1
AU,6,681263,1,8,46,3
EZE,21,681249,1,8,46,3
BE,7,681179,1,8,46,1
AU,6,681496,1,8,46,11
GME,23,681216,1,8,46,2
AU,6,681196,1,8,46,1
ITE,24,681195,1,8,46,1
GM,22,681521,1,8,46,12
AU,6,681203,1,8,46,1
EZE,21,681196,1,8,46,1
AU,6,681521,1,8,46,12
GM,22,681204,1,8,46,1
GM,22,681234,1,8,46,2
SZ,26,681307,1,8,46,5
GM,22,681496,1,8,46,11
EZE,21,681207,1,8,46,1
AU,6,681239,1,8,46,3
GM,22,681217,1,8,46,2
SZ,26,681365,1,8,46,7
SZ,26,681433,1,8,46,9
EZE,21,681262,1,8,46,3
BE,7,681231,1,8,46,2
ITE,24,681234,1,8,46,2
BE,7,681181,1,8,46,1
BE,7,681182,1,8,46,1
BE,7,681188,1,8,46,1
BE,7,681507,1,8,46,11
BE,7,681201,1,8,46,1
SZ,26,681471,1,8,46,10
UK,28,681205,1,8,46,1
ITE,24,681502,1,8,46,11
BE,7,681180,1,8,46,1
SZ,26,681334,1,8,46,6
ITE,25,681512,1,8,46,12
ITE,24,681211,1,8,46,2
EZE,21,681237,1,8,46,3
AU,6,681475,1,8,46,10
CA,17,681239,1,8,46,3
GM,22,681529,1,8,46,12
EZE,21,681515,1,8,46,12
GME,23,681267,1,8,46,3
CA,15,681516,1,8,46,12
CA,16,681476,1,8,46,10
GM,22,681253,1,8,46,3
UK,27,681489,1,8,46,11
USC,29,681258,1,8,46,3
CA,17,681496,1,8,46,11
CA,17,681500,1,8,46,11
CA,16,681475,1,8,46,10
CA,13,681475,1,8,46,10
ITE,24,681521,1,8,46,12
CA,16,681501,1,8,46,11
USC,29,681260,1,8,46,3
USC,29,681508,1,8,46,11
CA,10,681273,1,8,46,4
CA,9,681273,1,8,46,4
UK,27,681259,1,8,46,3
SZ,26,681385,1,8,46,7
CA,9,681238,1,8,46,3
USC,29,681266,1,8,46,3
UK,27,681200,1,8,46,1
EIE,20,681522,1,8,46,12
UK,27,681223,1,8,46,2
CA,15,681454,1,8,46,10
USC,29,681505,1,8,46,11
CA,16,681515,1,8,46,12
CA,14,681518,1,8,46,12
CA,17,681516,1,8,46,12
CA,17,681299,1,8,46,5
GME,23,681213,1,8,46,2
UK,27,681183,1,8,46,1
CA,13,681498,1,8,46,11
USC,29,681264,1,8,46,3
BE,7,681193,1,8,46,1
UK,28,681270,1,8,46,4
GM,22,681478,1,8,46,10
GME,23,681289,1,8,46,4
AU,6,681472,1,8,46,10
UK,28,681232,1,8,46,2
CA,12,681486,1,8,46,11
CA,9,681265,1,8,46,3
CA,12,681292,1,8,46,4
UK,27,681210,1,8,46,2
CA,17,681477,1,8,46,10
EIE,20,681540,1,8,46,12
UK,27,681525,1,8,46,12
CA,10,681480,1,8,46,10
EZE,21,681186,1,8,46,1
CA,16,681498,1,8,46,11
UK,27,681269,1,8,46,4
CA,16,681514,1,8,46,12
USC,29,681274,1,8,46,4
UK,27,681502,1,8,46,11
ITE,24,681194,1,8,46,1
CA,14,681276,1,8,46,4
CA,12,681259,1,8,46,3
UK,27,681505,1,8,46,11
CA,12,681507,1,8,46,11
UK,28,681257,1,8,46,3
CA,16,681248,1,8,46,3
CA,13,681473,1,8,46,10
ITE,25,681502,1,8,46,11
CA,14,681493,1,8,46,11
CA,13,681507,1,8,46,11
CA,16,681238,1,8,46,3
UK,28,681534,1,8,46,12
SZ,26,681346,1,8,46,6
AU,6,681268,1,8,46,4
BE,7,681233,1,8,46,2
GME,23,681244,1,8,46,3
BE,7,681530,1,8,46,12
ITE,24,681529,1,8,46,12
EZE,21,681200,1,8,46,1
SZ,26,681367,1,8,46,7
AU,6,681226,1,8,46,2
AU,6,681194,1,8,46,1
AU,6,681473,1,8,46,10
EZE,21,681473,1,8,46,10
ITE,24,681208,1,8,46,1
ITE,25,681534,1,8,46,12
EZE,21,681266,1,8,46,3
ITE,25,681499,1,8,46,11
ITE,24,681207,1,8,46,1
BE,7,681200,1,8,46,1
ITE,24,681189,1,8,46,1
ITE,24,681510,1,8,46,11
ITE,24,681515,1,8,46,12
SZ,26,681286,1,8,47,4
BE,7,681225,1,8,47,2
ITE,25,681254,1,8,47,3
BE,7,681495,1,8,47,11
GM,22,681269,1,8,47,4
ITE,25,681529,1,8,47,12
BE,7,681476,1,8,47,10
EZE,21,681193,1,8,47,1
AU,6,681319,1,8,47,5
EZE,21,681195,1,8,47,1
GM,22,681475,1,8,47,10
BE,7,681257,1,8,47,3
BE,7,681539,1,8,47,12
ITE,25,681195,1,8,47,1
SZ,26,681323,1,8,47,5
UK,28,681273,1,8,47,4
ITE,24,681532,1,8,47,12
ITE,25,681235,1,8,47,2
ITE,25,681504,1,8,47,11
ITE,25,681207,1,8,47,1
BE,7,681211,1,8,47,2
SZ,26,681283,1,8,47,4
UK,28,681246,1,8,47,3
ITE,25,681501,1,8,47,11
SZ,26,681428,1,8,47,9
ITE,25,681535,1,8,47,12
UK,28,681502,1,8,47,11
SZ,26,681284,1,8,47,4
CA,13,681476,1,8,47,10
AU,6,681497,1,8,47,11
CA,13,681480,1,8,47,10
UK,27,681209,1,8,47,2
CA,9,681519,1,8,47,12
UK,27,681511,1,8,47,11
EIE,20,681186,1,8,47,1
ITE,25,681520,1,8,47,12
CA,18,681501,1,8,47,11
ITE,24,681213,1,8,47,2
GM,22,681254,1,8,47,3
CA,15,681511,1,8,47,11
USC,29,681520,1,8,47,12
UK,27,681203,1,8,47,1
UK,27,681254,1,8,47,3
UK,27,681501,1,8,47,11
ITE,25,681202,1,8,47,1
CA,15,681474,1,8,47,10
UK,28,681200,1,8,47,1
CA,14,681473,1,8,47,10
CA,18,681500,1,8,47,11
CA,18,681480,1,8,47,10
AU,6,681241,1,8,47,3
CA,10,681496,1,8,47,11
GME,23,681220,1,8,47,2
CA,9,681232,1,8,47,2
CA,13,681517,1,8,47,12
CA,18,681491,1,8,47,11
CA,13,681491,1,8,47,11
CA,14,681319,1,8,47,5
CA,18,681319,1,8,47,5
UK,28,681223,1,8,47,2
ITE,25,681227,1,8,47,2
CA,10,681487,1,8,47,11
EIE,20,681227,1,8,47,2
ITE,24,681224,1,8,47,2
CA,10,681516,1,8,47,12
ITE,24,681225,1,8,47,2
CA,9,681320,1,8,47,5
AU,6,681220,1,8,47,2
CA,18,681496,1,8,47,11
EIE,20,681178,1,8,47,1
UK,27,681532,1,8,47,12
EZE,21,681241,1,8,47,3
EIE,20,681241,1,8,47,3
CA,14,681482,1,8,47,11
GME,23,681495,1,8,47,11
CA,18,681482,1,8,47,11
CA,18,681495,1,8,47,11
BE,7,681216,1,8,47,2
SZ,26,681482,1,8,47,11
USC,29,681482,1,8,47,11
CA,18,681518,1,8,47,12
USC,29,681239,1,8,47,3
CA,14,681239,1,8,47,3
CA,10,681239,1,8,47,3
CA,14,681483,1,8,47,11
ITE,24,681517,1,8,47,12
GME,23,681235,1,8,47,2
CA,15,681197,1,8,47,1
UK,27,681515,1,8,47,12
CA,17,681510,1,8,47,11
CA,18,681277,1,8,47,4
CA,14,681508,1,8,47,11
UK,27,681524,1,8,47,12
UK,27,681526,1,8,47,12
CA,12,681298,1,8,47,5
BE,7,681194,1,8,47,1
UK,27,681268,1,8,47,4
CA,12,681299,1,8,47,5
ITE,25,681268,1,8,47,4
UK,28,681526,1,8,47,12
CA,15,681276,1,8,47,4
EIE,20,681184,1,8,47,1
CA,16,681267,1,8,47,3
CA,16,681276,1,8,47,4
CA,15,681293,1,8,47,4
EIE,20,681188,1,8,47,1
UK,28,681295,1,8,47,4
CA,18,681269,1,8,47,4
CA,15,681299,1,8,47,5
GME,23,681191,1,8,47,1
EIE,20,681521,1,8,47,12
CA,18,681454,1,8,47,10
EIE,20,681523,1,8,47,12
EIE,20,681541,1,8,47,12
CA,17,681293,1,8,47,4
CA,18,681300,1,8,47,5
SZ,26,681435,1,8,47,9
CA,9,681510,1,8,47,11
UK,27,681195,1,8,47,1
CA,16,681507,1,8,47,11
UK,28,681296,1,8,47,4
ITE,24,681188,1,8,47,1
UK,28,681509,1,8,47,11
UK,27,681297,1,8,47,4
CA,18,681298,1,8,47,5
GME,23,681497,1,8,47,11
GME,23,681498,1,8,47,11
SZ,26,681347,1,8,47,6
ITE,25,681238,1,8,47,3
ITE,25,681217,1,8,47,2
BE,7,681526,1,8,47,12
AU,6,681217,1,8,47,2
BE,7,681540,1,8,47,12
ITE,25,681537,1,8,47,12
BE,7,681223,1,8,47,2
ITE,25,681239,1,8,47,3
EZE,21,681213,1,8,47,2
ITE,24,681518,1,8,47,12
ITE,25,681531,1,8,47,12
AU,6,681518,1,8,47,12
GM,22,681191,1,8,47,1
GM,22,681235,1,8,47,2
BE,7,681219,1,8,47,2
AU,6,681523,1,8,47,12
ITE,25,681210,1,8,47,2
UK,28,681533,1,8,47,12
GM,22,681459,1,8,47,10
BE,7,681220,1,8,47,2
AU,6,681225,1,8,47,2
BE,7,681195,1,8,47,1
BE,7,681499,1,8,47,11
AU,6,681195,1,8,47,1
ITE,24,681520,1,8,47,12
ITE,24,681541,1,8,47,12
UK,28,681269,1,9,47,4
GM,22,681220,1,9,47,2
GME,23,681312,1,9,47,5
GM,22,681474,1,9,47,10
BE,7,681506,1,9,47,11
EZE,21,681525,1,9,47,12
GME,23,681525,1,9,47,12
ITE,25,681500,1,9,47,11
GME,23,681206,1,9,47,1
BE,7,681527,1,9,47,12
BE,7,681505,1,9,47,11
UK,28,681250,1,9,47,3
BE,7,681218,1,9,48,2
ITE,25,681226,1,9,48,2
ITE,25,681220,1,9,48,2
SZ,26,681422,1,9,48,9
ITE,25,681236,1,9,48,2
ITE,24,681237,1,9,48,3
ITE,25,681506,1,9,48,11
EZE,21,681236,1,9,48,2
BE,7,681205,1,9,48,1
UK,28,681184,1,9,48,1
ITE,25,681228,1,9,48,2
SZ,26,681364,1,9,48,7
ITE,25,681489,1,9,48,11
ITE,24,681255,1,9,48,3
ITE,24,681205,1,9,48,1
BE,7,681528,1,9,48,12
BE,7,681490,1,9,48,11
SZ,26,681389,1,9,48,7
UK,28,681275,1,9,48,4
AU,6,681525,1,9,48,12
ITE,24,681226,1,9,48,2
SZ,26,681413,1,9,48,8
UK,28,681218,1,9,48,2
UK,28,681222,1,9,48,2
GME,23,681205,1,9,48,1
EZE,21,681319,1,9,48,5
ITE,24,681230,1,9,48,2
UK,28,681504,1,9,48,11
UK,28,681179,1,9,48,1
BE,7,681235,1,9,48,2
EZE,21,681220,1,9,48,2
UK,28,681474,1,9,48,10
ITE,25,681187,1,9,48,1
AU,6,681498,1,9,48,11
ITE,24,681519,1,9,48,12
UK,28,681229,1,9,48,2
BE,7,681196,1,9,48,1
ITE,24,681503,1,9,48,11
EZE,21,681214,1,9,48,2
EZE,21,681498,1,9,48,11
CA,9,681487,1,9,48,11
CA,12,681293,1,9,48,4
CA,17,681508,1,9,48,11
CA,15,681508,1,9,48,11
CA,10,681491,1,9,48,11
CA,10,681508,1,9,48,11
CA,14,681491,1,9,48,11
CA,15,681515,1,9,48,12
SZ,26,681408,1,9,48,8
CA,18,681297,1,9,48,4
CA,17,681499,1,9,48,11
CA,14,681300,1,9,48,5
CA,13,681500,1,9,48,11
CA,15,681500,1,9,48,11
CA,18,681440,1,9,48,9
UK,27,681500,1,9,48,11
CA,12,681501,1,9,48,11
GM,22,681498,1,9,48,11
UK,27,681474,1,9,48,10
CA,9,681301,1,9,48,5
CA,12,681291,1,9,48,4
CA,18,681474,1,9,48,10
CA,12,681502,1,9,48,11
CA,9,681453,1,9,48,10
SZ,26,681341,1,9,48,6
GME,23,681461,1,9,48,10
CA,9,681441,1,9,48,9
CA,10,681297,1,9,48,4
USC,29,681476,1,9,48,10
CA,9,681497,1,9,48,11
CA,15,681493,1,9,48,11
CA,17,681493,1,9,48,11
CA,13,681514,1,9,48,12
CA,12,681514,1,9,48,12
CA,10,681494,1,9,48,11
CA,9,681312,1,9,48,5
CA,13,681494,1,9,48,11
CA,13,681477,1,9,48,10
UK,27,681494,1,9,48,11
CA,16,681298,1,9,48,5
CA,15,681495,1,9,48,11
CA,17,681455,1,9,48,10
UK,28,681512,1,9,48,12
CA,17,681482,1,9,48,11
CA,17,681480,1,9,48,10
CA,17,681292,1,9,48,4
UK,28,681505,1,9,48,11
CA,18,681290,1,9,48,4
CA,18,681270,1,9,48,4
CA,16,681239,1,9,48,3
UK,27,681271,1,9,48,4
UK,27,681184,1,9,48,1
USC,29,681257,1,9,48,3
EIE,20,681183,1,9,48,1
CA,16,681281,1,9,48,4
CA,18,681281,1,9,48,4
CA,14,681237,1,9,48,3
ITE,25,681539,1,9,48,12
EIE,20,681239,1,9,48,3
CA,15,681518,1,9,48,12
CA,17,681282,1,9,48,4
UK,27,681521,1,9,48,12
EIE,20,681180,1,9,48,1
EZE,21,681243,1,9,48,3
UK,28,681524,1,9,48,12
UK,27,681258,1,9,48,3
EIE,20,681524,1,9,48,12
EIE,20,681185,1,9,48,1
UK,28,681520,1,9,48,12
EIE,20,681520,1,9,48,12
USC,29,681190,1,9,48,1
EIE,20,681236,1,9,48,2
CA,16,681273,1,9,48,4
ITE,25,681249,1,9,48,3
UK,27,681252,1,9,48,3
GM,22,681519,1,9,48,12
UK,27,681191,1,9,48,1
EIE,20,681528,1,9,48,12
UK,27,681230,1,9,48,2
UK,27,681196,1,9,48,1
UK,27,681217,1,9,48,2
UK,27,681244,1,9,48,3
CA,10,681218,1,9,48,2
UK,27,681517,1,9,48,12
GM,22,681248,1,9,48,3
UK,27,681523,1,9,48,12
UK,27,681179,1,9,48,1
EIE,20,681517,1,9,48,12
UK,27,681197,1,9,48,1
EIE,20,681242,1,9,48,3
UK,27,681198,1,9,48,1
EIE,20,681233,1,9,48,2
EIE,20,681529,1,9,48,12
EIE,20,681179,1,9,48,1
CA,16,681535,1,9,48,12
CA,14,681197,1,9,48,1
EIE,20,681226,1,9,48,2
UK,27,681199,1,9,48,1
USC,29,681276,1,9,48,4
USC,29,681265,1,9,48,3
UK,28,681529,1,9,48,12
CA,17,681276,1,9,48,4
CA,16,681516,1,9,48,12
UK,27,681276,1,9,48,4
GME,23,681269,1,9,48,4
BE,7,681529,1,9,48,12
SZ,26,681409,1,9,48,8
GME,23,681200,1,9,48,1
SZ,26,681387,1,9,48,7
ITE,25,681205,1,9,48,1
AU,6,681206,1,9,48,1
AU,6,681211,1,9,48,2
ITE,25,681225,1,9,48,2
ITE,24,681527,1,9,48,12
BE,7,681234,1,9,48,2
EZE,21,681524,1,9,48,12
GM,22,681265,1,9,48,3
GME,23,681530,1,9,48,12
EZE,21,681318,1,9,48,5
SZ,26,681394,1,9,48,8
GME,23,681515,1,9,48,12
GM,22,681515,1,9,48,12
ITE,25,681507,1,9,48,11
SZ,26,681358,1,9,48,6
ITE,25,681503,1,9,48,11
ITE,25,681273,1,9,48,4
GME,23,681243,1,9,48,3
GM,22,681209,1,9,48,2
EZE,21,681497,1,9,49,11
ITE,24,681228,1,9,49,2
EZE,21,681313,1,9,49,5
EZE,21,681199,1,9,49,1
BE,7,681212,1,9,49,2
SZ,26,681303,1,9,49,5
BE,7,681185,1,9,49,1
ITE,25,681229,1,9,49,2
ITE,24,681251,1,9,49,3
ITE,24,681537,1,9,49,12
BE,7,681521,1,9,49,12
ITE,25,681234,1,9,49,2
EZE,21,681192,1,9,49,1
BE,7,681184,1,9,49,1
UK,28,681268,1,9,49,4
UK,28,681199,1,9,49,1
SZ,26,681414,1,9,49,8
AU,6,681479,1,9,49,10
UK,28,681258,1,9,49,3
BE,7,681217,1,9,49,2
ITE,25,681233,1,9,49,2
AU,6,681245,1,9,49,3
GME,23,681195,1,9,49,1
GM,22,681484,1,9,49,11
BE,7,681224,1,9,49,2
SZ,26,681398,1,9,49,8
ITE,24,681528,1,9,49,12
BE,7,681478,1,9,49,10
SZ,26,681306,1,9,49,5
ITE,24,681538,1,9,49,12
UK,28,681299,1,9,49,5
ITE,25,681201,1,9,49,1
ITE,25,681252,1,9,49,3
EZE,21,681219,1,9,49,2
GME,23,681467,1,9,49,10
CA,9,681313,1,9,49,5
BE,7,681206,1,9,49,1
CA,10,681492,1,9,49,11
CA,18,681441,1,9,49,9
USC,29,681293,1,9,49,4
UK,27,681247,1,9,49,3
CA,10,681441,1,9,49,9
EIE,20,681235,1,9,49,2
UK,27,681232,1,9,49,2
CA,10,681440,1,9,49,9
GME,23,681466,1,9,49,10
UK,27,681274,1,9,49,4
CA,9,681509,1,9,49,11
AU,6,681237,1,9,49,3
UK,27,681504,1,9,49,11
UK,27,681245,1,9,49,3
EIE,20,681240,1,9,49,3
EIE,20,681526,1,9,49,12
EIE,20,681525,1,9,49,12
UK,28,681210,1,9,49,2
CA,10,681269,1,9,49,4
CA,9,681269,1,9,49,4
GM,22,681461,1,9,49,10
CA,17,681310,1,9,49,5
USC,29,681455,1,9,49,10
GM,22,681495,1,9,49,11
UK,28,681537,1,9,49,12
USC,29,681240,1,9,49,3
USC,29,681267,1,9,49,3
UK,28,681267,1,9,49,3
EIE,20,681243,1,9,49,3
ITE,24,681239,1,9,49,3
USC,29,681197,1,9,49,1
CA,15,681270,1,9,49,4
GM,22,681497,1,9,49,11
CA,18,681508,1,9,49,11
UK,27,681206,1,9,49,1
CA,10,681479,1,9,49,10
CA,10,681237,1,9,49,3
UK,28,681507,1,9,49,11
EIE,20,681527,1,9,49,12
EIE,20,681238,1,9,49,3
CA,14,681510,1,9,49,11
UK,28,681206,1,9,49,1
CA,9,681239,1,9,49,3
EZE,21,681244,1,9,49,3
CA,15,681300,1,9,49,5
UK,28,681506,1,9,49,11
UK,28,681494,1,9,49,11
UK,27,681508,1,9,49,11
UK,28,681503,1,9,49,11
CA,9,681302,1,9,49,5
CA,9,681299,1,9,49,5
CA,10,681291,1,9,49,4
CA,9,681291,1,9,49,4
UK,28,681517,1,9,49,12
EZE,21,681260,1,9,49,3
UK,28,681215,1,9,49,2
CA,12,681518,1,9,49,12
CA,13,681518,1,9,49,12
BE,7,681514,1,9,49,12
EZE,21,681472,1,9,49,10
UK,28,681535,1,9,49,12
SZ,26,681380,1,9,49,7
EIE,20,681181,1,9,49,1
GME,23,681290,1,9,49,4
UK,27,681204,1,9,49,1
SZ,26,681386,1,9,49,7
EIE,20,681259,1,9,49,3
CA,17,681290,1,9,49,4
UK,27,681216,1,9,49,2
USC,29,681535,1,9,49,12
UK,28,681489,1,9,49,11
EIE,20,681518,1,9,49,12
EIE,20,681519,1,9,49,12
USC,29,681220,1,9,49,2
CA,17,681281,1,9,49,4
EIE,20,681189,1,9,49,1
EIE,20,681187,1,9,49,1
AU,6,681519,1,9,49,12
CA,10,681519,1,9,49,12
CA,17,681518,1,9,49,12
CA,12,681474,1,9,49,10
UK,27,681503,1,9,49,11
EIE,20,681223,1,9,49,2
GM,22,681200,1,9,49,1
GM,22,681192,1,9,49,1
GM,22,681205,1,9,49,1
UK,28,681191,1,9,49,1
CA,15,681491,1,9,49,11
EIE,20,681515,1,9,49,12
UK,27,681178,1,9,49,1
CA,9,681491,1,9,49,11
CA,14,681277,1,9,49,4
UK,27,681534,1,9,49,12
UK,27,681253,1,9,49,3
CA,15,681501,1,9,49,11
UK,27,681529,1,9,49,12
CA,17,681291,1,9,49,4
CA,14,681488,1,9,49,11
UK,27,681192,1,9,49,1
GME,23,681459,1,10,49,10
GME,23,681197,1,10,49,1
BE,7,681296,1,10,49,4
EZE,21,681467,1,10,49,10
ITE,24,681531,1,10,49,12
GM,22,681530,1,10,49,12
ITE,24,681232,1,10,49,2
AU,6,681267,1,10,49,3
GM,22,681313,1,10,49,5
GME,23,681481,1,10,49,10
ITE,24,681540,1,10,49,12
GM,22,681525,1,10,49,12
UK,28,681247,1,10,49,3
AU,6,681491,1,10,49,11
ITE,24,681534,1,10,49,12
GM,22,681479,1,10,49,10
ITE,24,681507,1,10,49,11
ITE,24,681206,1,10,49,1
ITE,25,681490,1,10,49,11
GME,23,681460,1,10,49,10
GME,23,681479,1,10,49,10
GM,22,681197,1,10,49,1
ITE,25,681269,1,10,49,4
ITE,25,681214,1,10,49,2
GME,23,681484,1,10,49,11
GME,23,681196,1,10,49,1
EZE,21,681289,1,10,49,4
BE,7,681190,1,10,49,1
AU,6,681467,1,10,49,10
BE,7,681523,1,10,49,12
ITE,24,681250,1,10,49,3
ITE,25,681260,1,10,49,3
SZ,26,681396,1,10,49,8
ITE,24,681222,1,10,49,2
UK,28,681198,1,10,49,1
SZ,26,681362,1,10,49,7
SZ,26,681308,1,10,49,5
ITE,24,681260,1,10,49,3
BE,7,681491,1,10,49,11
BE,7,681261,1,10,49,3
EZE,21,681480,1,10,50,10
AU,6,681320,1,10,50,5
ITE,24,681246,1,10,50,3
SZ,26,681424,1,10,50,9
ASN,4,681387,1,10,50,7
AU,6,681218,1,10,50,2
GM,22,681311,1,10,50,5
GM,22,681219,1,10,50,2
EZE,21,681198,1,10,50,1
ITE,24,681533,1,10,50,12
EZE,21,681238,1,10,50,3
GME,23,681493,1,10,50,11
EZE,21,681516,1,10,50,12
SZ,26,681441,1,10,50,9
UK,28,681204,1,10,50,1
EZE,21,681256,1,10,50,3
EZE,21,681297,1,10,50,4
BE,7,681464,1,10,50,10
EZE,21,681493,1,10,50,11
UK,28,681196,1,10,50,1
BE,7,681496,1,10,50,11
UK,28,681298,1,10,50,5
BE,7,681268,1,10,50,4
BE,7,681460,1,10,50,10
GM,22,681480,1,10,50,10
UK,28,681195,1,10,50,1
ITE,25,681224,1,10,50,2
UK,28,681209,1,10,50,2
ASN,4,681339,1,10,50,6
CA,16,681496,1,10,50,11
UK,27,681498,1,10,50,11
UK,27,681537,1,10,50,12
EIE,20,681538,1,10,50,12
GME,23,681473,1,10,50,10
CA,12,681496,1,10,50,11
AU,6,681468,1,10,50,10
CA,10,681473,1,10,50,10
CA,16,681474,1,10,50,10
ITE,24,681500,1,10,50,11
UK,27,681463,1,10,50,10
EIE,20,681258,1,10,50,3
CA,12,681500,1,10,50,11
AU,6,681207,1,10,50,1
CA,16,681500,1,10,50,11
USC,29,681502,1,10,50,11
CA,9,681500,1,10,50,11
EIE,20,681244,1,10,50,3
ITE,24,681247,1,10,50,3
CA,12,681300,1,10,50,5
USC,29,681259,1,10,50,3
ITE,25,681245,1,10,50,3
UK,27,681201,1,10,50,1
EIE,20,681530,1,10,50,12
UK,27,681530,1,10,50,12
GME,23,681198,1,10,50,1
GME,23,681255,1,10,50,3
UK,27,681251,1,10,50,3
UK,27,681202,1,10,50,1
EIE,20,681256,1,10,50,3
CA,18,681320,1,10,50,5
CA,14,681438,1,10,50,9
AU,6,681216,1,10,50,2
BE,7,681520,1,10,50,12
EIE,20,681190,1,10,50,1
UK,27,681520,1,10,50,12
GME,23,681490,1,10,50,11
EIE,20,681192,1,10,50,1
CA,16,681231,1,10,50,2
UK,27,681510,1,10,50,11
CA,17,681277,1,10,50,4
CA,16,681232,1,10,50,2
CA,10,681290,1,10,50,4
UK,27,681536,1,10,50,12
UK,28,681536,1,10,50,12
GME,23,681192,1,10,50,1
UK,27,681214,1,10,50,2
CA,9,681496,1,10,50,11
EIE,20,681193,1,10,50,1
UK,27,681275,1,10,50,4
CA,17,681492,1,10,50,11
CA,14,681440,1,10,50,9
CA,10,681293,1,10,50,4
ITE,25,681213,1,10,50,2
EIE,20,681232,1,10,50,2
EIE,20,681230,1,10,50,2
CA,13,681519,1,10,50,12
CA,14,681489,1,10,50,11
EIE,20,681225,1,10,50,2
CA,12,681516,1,10,50,12
EIE,20,681516,1,10,50,12
SZ,26,681357,1,10,50,6
UK,27,681516,1,10,50,12
CA,13,681487,1,10,50,11
CA,9,681488,1,10,50,11
UK,28,681178,1,10,50,1
CA,15,681488,1,10,50,11
CA,16,681283,1,10,50,4
EIE,20,681514,1,10,50,12
EIE,20,681228,1,10,50,2
EIE,20,681535,1,10,50,12
CA,10,681518,1,10,50,12
SZ,26,681377,1,10,50,7
EIE,20,681222,1,10,50,2
UK,27,681180,1,10,50,1
UK,27,681229,1,10,50,2
EIE,20,681182,1,10,50,1
CA,15,681281,1,10,50,4
SZ,26,681393,1,10,50,8
CA,9,681281,1,10,50,4
EIE,20,681512,1,10,50,12
CA,12,681480,1,10,50,10
EIE,20,681234,1,10,50,2
CA,9,681501,1,10,50,11
CA,14,681479,1,10,50,10
UK,27,681493,1,10,50,11
CA,10,681495,1,10,50,11
CA,15,681312,1,10,50,5
CA,15,681455,1,10,50,10
UK,27,681507,1,10,50,11
EZE,21,681239,1,10,50,3
ITE,25,681477,1,10,50,10
ITE,24,681506,1,10,50,11
USC,29,681494,1,10,50,11
UK,27,681506,1,10,50,11
CA,9,681454,1,10,50,10
EIE,20,681537,1,10,50,12
CA,14,681454,1,10,50,10
CA,14,681441,1,10,50,9
UK,27,681295,1,10,50,4
UK,27,681539,1,10,50,12
ITE,24,681539,1,10,50,12
UK,28,681539,1,10,50,12
UK,27,681267,1,10,50,3
UK,27,681298,1,10,50,5
CA,17,681313,1,10,50,5
CA,15,681298,1,10,50,5
UK,27,681272,1,10,50,4
CA,10,681298,1,10,50,5
EIE,20,681195,1,10,50,1
CA,16,681197,1,10,50,1
CA,17,681495,1,10,50,11
CA,14,681495,1,10,50,11
ITE,25,681508,1,10,50,11
CA,9,681270,1,10,50,4
GME,23,681209,1,10,50,2
BE,7,681462,1,10,50,10
GME,23,681268,1,10,50,4
BE,7,681197,1,10,50,1
GME,23,681286,1,10,50,4
UK,28,681217,1,10,50,2
GM,22,681267,1,10,50,3
EZE,21,681216,1,10,50,2
GM,22,681290,1,10,50,4
EZE,21,681225,1,10,50,2
EZE,21,681206,1,10,50,1
GME,23,681313,1,10,50,5
AU,6,681469,1,10,50,10
UK,28,681194,1,10,50,1
ITE,24,681509,1,10,50,11
SZ,26,681397,1,10,50,8
UK,28,681525,1,10,50,12
SZ,26,681333,1,10,50,6
BE,7,681297,1,10,50,4
ITE,25,681472,1,10,51,10
GM,22,681467,1,10,51,10
SZ,26,681359,1,10,51,7
BE,7,681310,1,10,51,5
GM,22,681199,1,10,51,1
GM,22,681516,1,10,51,12
AU,6,681242,1,10,51,3
SZ,26,681344,1,10,51,6
GM,22,681195,1,10,51,1
GM,22,681273,1,10,51,4
BE,7,681251,1,10,51,3
BE,7,681524,1,10,51,12
ITE,24,681477,1,10,51,10
BE,7,681207,1,10,51,1
BE,7,681191,1,10,51,1
GME,23,681219,1,10,51,2
ITE,25,681237,1,10,51,3
UK,28,681271,1,10,51,4
BE,7,681497,1,10,51,11
BE,7,681311,1,10,51,5
ITE,25,681250,1,10,51,3
UK,28,681475,1,10,51,10
ITE,25,681215,1,10,51,2
GM,22,681481,1,10,51,10
GME,23,681480,1,10,51,10
GME,23,681319,1,10,51,5
ITE,25,681222,1,10,51,2
GM,22,681319,1,10,51,5
EZE,21,681481,1,10,51,10
UK,28,681230,1,10,51,2
UK,28,681497,1,10,51,11
AU,6,681260,1,10,51,3
GME,23,681517,1,10,51,12
SZ,26,681406,1,10,51,8
ITE,25,681540,1,10,51,12
BE,7,681192,1,10,51,1
SZ,26,681363,1,10,51,7
AU,6,681471,1,10,51,10
EZE,21,681197,1,10,51,1
AU,6,681480,1,10,51,10
ITE,25,681509,1,10,51,11
GM,22,681236,1,10,51,2
UK,28,681183,1,10,51,1
UK,28,681193,1,10,51,1
BE,7,681208,1,10,51,1
BE,7,681215,1,10,51,2
ITE,24,681478,1,10,51,10
ITE,24,681504,1,10,51,11
BE,7,681259,1,10,51,3
GM,22,681206,1,10,51,1
SZ,26,681354,1,10,51,6
BE,7,681461,1,10,51,10
GME,23,681199,1,10,51,1
EZE,21,681320,1,10,51,5
UK,28,681180,1,10,51,1
CA,14,681238,1,11,51,3
USC,29,681516,1,11,51,12
GM,22,681524,1,11,51,12
CA,18,681312,1,11,51,5
CA,12,681508,1,11,51,11
GM,22,681196,1,11,51,1
USC,29,681488,1,11,51,11
CA,13,681479,1,11,51,10
CA,16,681508,1,11,51,11
GM,22,681493,1,11,51,11
CA,18,681479,1,11,51,10
CA,12,681273,1,11,51,4
BE,7,681517,1,11,51,12
EIE,20,681224,1,11,51,2
EIE,20,681196,1,11,51,1
CA,10,681454,1,11,51,10
CA,17,681478,1,11,51,10
CA,16,681271,1,11,51,4
CA,18,681311,1,11,51,5
CA,17,681454,1,11,51,10
UK,27,681296,1,11,51,4
EZE,21,681211,1,11,51,2
CA,14,681297,1,11,51,4
CA,13,681495,1,11,51,11
USC,29,681269,1,11,51,4
CA,18,681455,1,11,51,10
UK,27,681531,1,11,51,12
CA,12,681477,1,11,51,10
EIE,20,681531,1,11,51,12
UK,27,681266,1,11,51,3
GME,23,681524,1,11,51,12
CA,15,681273,1,11,51,4
CA,10,681509,1,11,51,11
EIE,20,681220,1,11,51,2
UK,27,681533,1,11,51,12
CA,17,681280,1,11,51,4
USC,29,681485,1,11,51,11
EIE,20,681513,1,11,51,12
CA,17,681519,1,11,51,12
CA,14,681280,1,11,51,4
UK,27,681483,1,11,51,11
EIE,20,681536,1,11,51,12
UK,27,681189,1,11,51,1
CA,15,681483,1,11,51,11
SZ,26,681425,1,11,51,9
EIE,20,681191,1,11,51,1
USC,29,681230,1,11,51,2
CA,11,681518,1,11,51,12
CA,12,681482,1,11,51,11
CA,9,681231,1,11,51,2
UK,27,681277,1,11,51,4
CA,13,681493,1,11,51,11
EIE,20,681194,1,11,51,1
USC,29,681283,1,11,51,4
UK,27,681509,1,11,51,11
UK,27,681492,1,11,51,11
CA,17,681319,1,11,51,5
BE,7,681515,1,11,51,12
CA,16,681480,1,11,51,10
CA,10,681319,1,11,51,5
UK,28,681192,1,11,51,1
EIE,20,681229,1,11,51,2
CA,15,681277,1,11,51,4
CA,17,681491,1,11,51,11
EIE,20,681231,1,11,51,2
CA,16,681293,1,11,51,4
UK,27,681522,1,11,51,12
GM,22,681473,1,11,51,10
EIE,20,681249,1,11,51,3
EIE,20,681255,1,11,51,3
EIE,20,681245,1,11,51,3
UK,27,681538,1,11,51,12
CA,12,681475,1,11,51,10
EIE,20,681198,1,11,51,1
ITE,25,681256,1,11,51,3
UK,28,681207,1,11,51,1
CA,10,681300,1,11,51,5
UK,28,681538,1,11,51,12
ITE,24,681249,1,11,51,3
EIE,20,681539,1,11,51,12
UK,27,681208,1,11,51,1
GM,22,681198,1,11,51,1
EIE,20,681251,1,11,51,3
EZE,21,681519,1,11,51,12
ITE,25,681494,1,11,51,11
ITE,24,681256,1,11,51,3
EZE,21,681270,1,11,51,4
ASN,4,681377,1,11,51,7
ITE,24,681259,1,11,51,3
ASN,4,681374,1,11,51,7
BE,7,681198,1,11,51,1
EZE,21,681468,1,11,51,10
ITE,24,681253,1,11,51,3
ITE,25,681206,1,11,51,1
ITE,24,681508,1,11,51,11
UK,28,681266,1,11,51,3
ITE,24,681244,1,11,51,3
GME,23,681314,1,11,51,5
BE,7,681492,1,11,51,11
GME,23,681266,1,11,51,3
ITE,25,681240,1,11,51,3
BE,7,681255,1,11,51,3
ITE,25,681478,1,11,51,10
ITE,24,681254,1,11,51,3
AU,6,681272,1,11,51,4
BE,7,681479,1,11,51,10
SZ,26,681335,1,11,51,6
SZ,26,681360,1,11,51,7
AU,6,681262,1,11,51,3
ITE,24,681235,1,11,52,2
EZE,21,681314,1,11,52,5
ASN,4,681408,1,11,52,8
BE,7,681199,1,11,52,1
GM,22,681517,1,11,52,12
SZ,26,681405,1,11,52,8
ITE,24,681272,1,11,52,4
AU,6,681212,1,11,52,2
ITE,24,681536,1,11,52,12
BE,7,681269,1,11,52,4
ITE,24,681499,1,11,52,11
GME,23,681311,1,11,52,5
ITE,24,681535,1,11,52,12
EZE,21,681469,1,11,52,10
GM,22,681211,1,11,52,2
EZE,21,681317,1,11,52,5
ITE,24,681241,1,11,52,3
ITE,24,681476,1,11,52,10
ITE,25,681493,1,11,52,11
GME,23,681261,1,11,52,3
BE,7,681213,1,11,52,2
GME,23,681516,1,11,52,12
ITE,24,681231,1,11,52,2
CA,16,681491,1,11,52,11
CA,17,681283,1,11,52,4
UK,28,681260,1,11,52,3
UK,28,681521,1,11,52,12
CA,10,681435,1,11,52,9
CA,10,681230,1,11,52,2
EIE,20,681254,1,11,52,3
USC,29,681291,1,11,52,4
CA,10,681277,1,11,52,4
USC,29,681498,1,11,52,11
CA,16,681292,1,11,52,4
EIE,20,681214,1,11,52,2
BE,7,681254,1,11,52,3
CA,9,681440,1,11,52,9
CA,10,681510,1,11,52,11
BE,7,681516,1,11,52,12
CA,16,681487,1,11,52,11
CA,17,681314,1,11,52,5
EIE,20,681491,1,11,52,11
EIE,20,681533,1,11,52,12
CA,14,681278,1,11,52,4
CA,9,681434,1,11,52,9
CA,15,681519,1,11,52,12
CA,14,681519,1,11,52,12
CA,16,681230,1,11,52,2
USC,29,681499,1,11,52,11
USC,29,681484,1,11,52,11
USC,29,681250,1,11,52,3
CA,18,681519,1,11,52,12
CA,18,681318,1,11,52,5
CA,9,681328,1,11,52,5
EZE,21,681471,1,11,52,10
ASN,5,681387,1,11,52,7
EIE,20,681199,1,11,52,1
USC,29,681481,1,11,52,10
CA,13,681483,1,11,52,11
UK,28,681189,1,11,52,1
SZ,26,681416,1,11,52,8
UK,27,681482,1,11,52,11
ASN,4,681378,1,11,52,7
CA,12,681319,1,11,52,5
EIE,20,681260,1,11,52,3
UK,27,681490,1,11,52,11
CA,16,681482,1,11,52,11
USC,29,681517,1,11,52,12
UK,27,681486,1,11,52,11
CA,9,681278,1,11,52,4
ASN,4,681347,1,11,52,6
CA,17,681490,1,11,52,11
UK,27,681299,1,11,52,5
CA,14,681302,1,11,52,5
EIE,20,681532,1,11,52,12
CA,14,681455,1,11,52,10
CA,17,681300,1,11,52,5
CA,9,681455,1,11,52,10
UK,28,681465,1,11,52,10
CA,15,681294,1,11,52,4
CA,16,681454,1,11,52,10
UK,27,681464,1,11,52,10
CA,17,681479,1,11,52,10
CA,12,681239,1,11,52,3
UK,27,681211,1,11,52,2
UK,27,681475,1,11,52,10
UK,28,681211,1,11,52,2
UK,28,681252,1,11,52,3
GM,22,681271,1,11,52,4
CA,18,681453,1,11,52,10
USC,29,681475,1,11,52,10
GM,22,681312,1,11,52,5
USC,29,681497,1,11,52,11
GM,22,681465,1,11,52,10
CA,10,681453,1,11,52,10
EIE,20,681263,1,11,52,3
UK,27,681478,1,11,52,10
CA,17,681297,1,11,52,4
UK,27,681194,1,11,52,1
ITE,24,681525,1,11,52,12
EIE,20,681211,1,11,52,2
UK,27,681207,1,11,52,1
CA,18,681509,1,11,52,11
CA,14,681509,1,11,52,11
USC,29,681495,1,11,52,11
CA,18,681301,1,11,52,5
EIE,20,681505,1,11,52,11
CA,9,681460,1,11,52,10
BE,7,681266,1,11,52,3
CA,10,681270,1,11,52,4
CA,18,681313,1,11,52,5
EIE,20,681506,1,11,52,11
EIE,20,681197,1,11,52,1
SZ,26,681355,1,11,52,6
BE,7,681262,1,11,52,3
EZE,21,681486,1,11,52,11
UK,28,681212,1,11,52,2
ITE,24,681490,1,11,52,11
ASN,4,681455,1,11,52,10
ITE,25,681232,1,11,52,2
ASN,4,681388,1,11,52,7
UK,28,681276,1,11,52,4
GME,23,681483,1,11,52,11
SZ,26,681407,1,11,52,8
SZ,26,681356,1,11,52,6
AU,6,681270,1,11,52,4
ITE,24,681497,1,11,52,11
EZE,21,681485,1,11,52,11
GM,22,681255,1,11,52,3
EZE,21,681470,1,11,52,10
AU,6,681213,1,11,52,2
EZE,21,681271,1,11,52,4
GM,22,681261,1,11,52,3
UK,28,681498,1,11,52,11
GME,23,681468,1,11,52,10
ITE,24,681273,1,11,52,4
GM,22,681466,1,11,52,10
ASN,4,681380,1,11,53,7
ITE,24,681240,1,11,53,3
BE,7,681260,1,11,53,3
SZ,26,681353,1,11,53,6
ASN,4,681400,1,11,53,8
ITE,25,681475,1,11,53,10
SZ,26,681337,1,11,53,6
ITE,25,681246,1,11,53,3
GM,22,681321,1,11,53,5
AU,6,681314,1,11,53,5
GME,23,681465,1,11,53,10
ITE,25,681476,1,11,53,10
AU,6,681493,1,12,53,11
EZE,21,681495,1,12,53,11
EZE,21,681466,1,12,53,10
BE,7,681463,1,12,53,10
BE,7,681309,1,12,53,5
BE,7,681301,1,12,53,5
AU,6,681470,1,12,53,10
ITE,24,681258,1,12,53,3
AU,6,681219,1,12,53,2
SZ,26,681336,1,12,53,6
GME,23,681270,1,12,53,4
SZ,26,681304,1,12,53,5
ITE,24,681252,1,12,53,3
BE,7,681214,1,12,53,2
ASN,2,681338,1,12,53,6
ASN,4,681338,1,12,53,6
UK,28,681309,1,12,53,5
EZE,21,681465,1,12,53,10
ITE,25,681272,1,12,53,4
EZE,21,681261,1,12,53,3
GM,22,681216,1,12,53,2
ITE,24,681243,1,12,53,3
UK,28,681476,1,12,53,10
EZE,21,681290,1,12,53,4
GME,23,681318,1,12,53,5
EIE,20,681200,1,12,53,1
CA,16,681477,1,12,53,10
USC,29,681456,1,12,53,10
EIE,20,681210,1,12,53,2
UK,27,681462,1,12,53,10
CA,17,681440,1,12,53,9
UK,27,681459,1,12,53,10
CA,17,681473,1,12,53,10
EIE,20,681213,1,12,53,2
ASN,5,681460,1,12,53,10
ASN,4,681366,1,12,53,7
SZ,26,681339,1,12,53,6
EZE,21,681321,1,12,53,5
UK,27,681460,1,12,53,10
ASN,4,681367,1,12,53,7
CA,14,681453,1,12,53,10
CA,15,681440,1,12,53,9
UK,28,681190,1,12,53,1
ASN,4,681342,1,12,53,6
EIE,20,681205,1,12,53,1
CA,12,681483,1,12,53,11
CA,15,681479,1,12,53,10
BE,7,681465,1,12,53,10
UK,28,681464,1,12,53,10
EIE,20,681215,1,12,53,2
UK,27,681465,1,12,53,10
EIE,20,681212,1,12,53,2
USC,29,681477,1,12,53,10
USC,29,681483,1,12,53,11
UK,27,681212,1,12,53,2
CA,18,681435,1,12,53,9
UK,28,681214,1,12,53,2
CA,9,681438,1,12,53,9
UK,27,681484,1,12,53,11
CA,14,681439,1,12,53,9
USC,29,681219,1,12,53,2
BE,7,681485,1,12,53,11
BE,7,681466,1,12,53,10
CA,16,681455,1,12,53,10
CA,9,681442,1,12,53,9
ASN,5,681380,1,12,53,7
EIE,20,681221,1,12,53,2
CA,12,681440,1,12,53,9
ASN,4,681379,1,12,53,7
CA,16,681440,1,12,53,9
UK,27,681193,1,12,53,1
USC,29,681515,1,12,53,12
EIE,20,681500,1,12,53,11
CA,18,681488,1,12,53,11
EZE,21,681255,1,12,53,3
UK,28,681528,1,12,53,12
UK,27,681273,1,12,53,4
CA,14,681490,1,12,53,11
EIE,20,681257,1,12,53,3
UK,28,681527,1,12,53,12
ITE,25,681488,1,12,53,11
ITE,25,681492,1,12,53,11
CA,14,681313,1,12,53,5
EIE,20,681509,1,12,53,11
EIE,20,681511,1,12,53,11
CA,15,681496,1,12,53,11
USC,29,681268,1,12,53,4
EIE,20,681498,1,12,53,11
EIE,20,681507,1,12,53,11
UK,27,681260,1,12,53,3
CA,17,681294,1,12,53,4
CA,15,681497,1,12,53,11
UK,28,681259,1,12,53,3
UK,27,681519,1,12,53,12
CA,17,681488,1,12,53,11
EIE,20,681534,1,12,53,12
CA,15,681490,1,12,53,11
CA,9,681277,1,12,53,4
UK,27,681495,1,12,53,11
EIE,20,681246,1,12,53,3
CA,16,681299,1,12,53,5
ITE,24,681267,1,12,53,3
EIE,20,681510,1,12,53,11
UK,27,681246,1,12,53,3
EIE,20,681252,1,12,53,3
EIE,20,681504,1,12,53,11
CA,12,681276,1,12,53,4
USC,29,681300,1,12,53,5
CA,10,681276,1,12,53,4
CA,12,681493,1,12,53,11
USC,29,681238,1,12,53,3
EIE,20,681262,1,12,53,3
CA,12,681494,1,12,53,11
CA,9,681276,1,12,53,4
EIE,20,681280,1,12,53,4
AU,6,681261,1,12,53,3
UK,28,681480,1,12,53,10
AU,6,681481,1,12,53,10
AU,6,681214,1,12,53,2
GM,22,681468,1,12,53,10
GM,22,681225,1,12,53,2
ASN,4,681327,1,12,53,5
GME,23,681225,1,12,53,2
GME,23,681302,1,12,53,5
BE,7,681270,1,12,53,4
BE,7,681298,1,12,53,5
GM,22,681483,1,12,53,11
SZ,26,681426,1,12,53,9
GM,22,681268,1,12,53,4
ITE,25,681251,1,12,53,3
ITE,25,681505,1,12,53,11
ASN,4,681355,1,12,53,6
ITE,25,681473,1,12,53,10
ITE,24,681248,1,12,53,3
ASN,2,681377,1,12,53,7
EZE,21,681311,1,12,53,5
UK,28,681197,1,12,53,1
EZE,21,681489,1,12,53,11
ASN,4,681404,1,12,53,8
EZE,21,681518,1,12,53,12
AU,6,681524,1,12,53,12
SZ,26,681368,1,12,53,7
UK,28,681519,1,12,53,12
AU,6,681243,1,12,53,3
GME,23,681273,1,12,53,4
GME,23,681288,1,12,54,4
GME,23,681320,1,12,54,5
ITE,24,681257,1,12,54,3
ITE,24,681475,1,12,54,10
ITE,24,681479,1,12,54,10
AGE,1,681247,1,12,54,3
BE,7,681271,1,12,54,4
ITE,24,681322,1,12,54,5
AGE,1,681181,1,12,54,1
GME,23,681214,1,12,54,2
AU,6,681313,1,12,54,5
ITE,25,681243,1,12,54,3
ITE,25,681276,1,12,54,4
BE,7,681267,1,12,54,3
AU,6,681323,1,12,54,5
AGE,1,681190,1,12,54,1
UK,28,681311,1,12,54,5
GM,22,681469,1,12,54,10
SZ,26,681382,1,12,54,7
SZ,26,681340,1,12,54,6
BE,7,681467,1,12,54,10
ASN,2,681381,1,12,54,7
BE,7,681253,1,12,54,3
GM,22,681314,1,12,54,5
AU,6,681484,1,12,54,11
UK,28,681463,1,12,54,10
AU,6,681485,1,12,54,11
GM,22,681214,1,12,54,2
UK,27,681328,1,12,54,5
CA,15,681313,1,12,54,5
CA,14,681326,1,12,54,5
EIE,20,681201,1,12,54,1
SZ,26,681350,1,12,54,6
EIE,20,681264,1,12,54,3
CA,16,681300,1,12,54,5
UK,28,681251,1,12,54,3
CA,9,681435,1,12,54,9
ASN,4,681393,1,12,54,8
UK,28,681478,1,12,54,10
EIE,20,681503,1,12,54,11
UK,27,681480,1,12,54,10
ASN,5,681386,1,12,54,7
ITE,25,681528,1,12,54,12
EIE,20,681499,1,12,54,11
USC,29,681478,1,12,54,10
EIE,20,681502,1,12,54,11
CA,16,681314,1,12,54,5
UK,27,681261,1,12,54,3
USC,29,681248,1,12,54,3
UK,28,681213,1,12,54,2
UK,27,681213,1,12,54,2
CA,15,681480,1,12,54,10
ASN,4,681384,1,12,54,7
EIE,20,681253,1,12,54,3
USC,29,681500,1,12,54,11
EIE,20,681203,1,12,54,1
CA,16,681483,1,12,54,11
UK,27,681461,1,12,54,10
ITE,24,681242,1,12,54,3
CA,17,681318,1,12,54,5
CA,17,681509,1,12,54,11
CA,17,681441,1,12,54,9
UK,27,681190,1,12,54,1
CA,13,681441,1,12,54,9
CA,12,681441,1,12,54,9
EIE,20,681273,1,12,54,4
UK,27,681535,1,12,54,12
EIE,20,681279,1,12,54,4
ITE,25,681221,1,12,54,2
EIE,20,681274,1,12,54,4
USC,29,681278,1,12,54,4
UK,28,681522,1,12,54,12
CA,15,681319,1,12,54,5
CA,15,681510,1,12,54,11
CA,17,681438,1,12,54,9
CA,10,681438,1,12,54,9
ASN,5,681437,1,12,54,9
USC,29,681277,1,12,54,4
ASN,4,681437,1,12,54,9
BE,7,681488,1,12,54,11
CA,12,681487,1,12,54,11
USC,29,681284,1,12,54,4
CA,15,681435,1,12,54,9
EZE,21,681210,1,12,54,2
CA,14,681435,1,12,54,9
CA,14,681320,1,12,54,5
CA,15,681320,1,12,54,5
CA,15,681509,1,12,54,11
ASN,4,681373,1,12,54,7
CA,10,681442,1,12,54,9
CA,14,681442,1,12,54,9
CA,15,681482,1,12,54,11
CA,12,681519,1,12,54,12
EIE,20,681216,1,12,54,2
CA,18,681325,1,12,54,5
EIE,20,681494,1,12,54,11
CA,10,681325,1,12,54,5
USC,29,681298,1,12,54,5
UK,28,681216,1,12,54,2
ASN,2,681380,1,12,54,7
USC,29,681454,1,12,54,10
UK,28,681477,1,12,54,10
UK,27,681496,1,12,54,11
SZ,26,681295,1,12,54,4
CA,12,681454,1,12,54,10
CA,13,681508,1,12,54,11
CA,18,681442,1,12,54,9
CA,10,681318,1,12,54,5
CA,17,681443,1,12,54,9
CA,15,681489,1,12,54,11
CA,17,681489,1,12,54,11
EIE,20,681497,1,12,54,11
EIE,20,681207,1,12,54,1
ASN,4,681352,1,12,54,6
CA,14,681290,1,12,54,4
EIE,20,681508,1,12,54,11
CA,12,681290,1,12,54,4
EIE,20,681218,1,12,54,2
EZE,21,681517,1,12,54,12
GME,23,681211,1,12,54,2
AU,6,681246,1,12,54,3
GME,23,681210,1,12,54,2
ITE,25,681247,1,12,54,3
BE,7,681252,1,12,54,3
EZE,21,681490,1,12,54,11
ASN,4,681344,1,12,54,6
EZE,21,681483,1,12,54,11
ASN,4,681340,1,12,54,6
ASN,4,681385,1,12,54,7
ASN,4,681353,1,12,54,6
ASN,4,681428,1,12,54,9
GM,22,681318,1,12,54,5
GM,22,681518,1,12,54,12
GME,23,681518,1,12,54,12
ASN,4,681337,1,12,54,6
ASN,4,681406,1,12,54,8
GM,22,681490,1,12,54,11
EZE,21,681316,1,12,54,5
GM,22,681270,1,12,54,4
SZ,26,681412,1,12,54,8
BE,7,681489,1,12,54,11
BE,7,681308,1,12,54,5
ITE,24,681220,1,12,54,2
ASN,4,681381,1,12,54,7
ASN,2,681387,1,12,54,7
EZE,21,681487,1,12,54,11
ITE,25,681322,1,12,54,5
ITE,25,681484,1,12,54,11
GM,22,681286,1,12,54,4
GME,23,681486,1,12,54,11
ITE,25,681241,1,12,54,3
AGE,1,681200,1,12,54,1
AU,6,681210,1,12,54,2
AGE,1,681201,1,12,54,1
AU,6,681289,1,12,54,4
GME,23,681482,1,12,54,11
UK,28,681495,1,12,54,11
GME,23,681299,1,12,54,5
EZE,21,681312,1,12,54,5
AU,6,681282,1,12,54,4
ASN,4,681368,1,12,54,7
BE,7,681272,1,13,55,4
GME,23,681272,1,13,55,4
GM,22,681460,1,13,55,10
ASN,4,681398,1,13,55,8
AU,6,681249,1,13,55,3
SZ,26,681381,1,13,55,7
GME,23,681472,1,13,55,10
ITE,25,681267,1,13,55,3
GM,22,681320,1,13,55,5
BE,7,681312,1,13,55,5
ITE,25,681480,1,13,55,10
ASN,4,681314,1,13,55,5
BE,7,681263,1,13,55,3
ITE,24,681492,1,13,55,11
BE,7,681475,1,13,55,10
ASN,4,681354,1,13,55,6
ASN,4,681407,1,13,55,8
ASN,4,681386,1,13,55,7
ASN,4,681427,1,13,55,9
UK,28,681208,1,13,55,1
UK,28,681466,1,13,55,10
UK,28,681300,1,13,55,5
ASN,4,681401,1,13,55,8
ITE,25,681479,1,13,55,10
SZ,26,681415,1,13,55,8
ASN,4,681329,1,13,55,6
BE,7,681264,1,13,55,3
UK,28,681277,1,13,55,4
UK,27,681488,1,13,55,11
UK,27,681304,1,13,55,5
CA,12,681473,1,13,55,10
UK,28,681253,1,13,55,3
UK,27,681514,1,13,55,12
EIE,20,681485,1,13,55,11
CA,16,681493,1,13,55,11
CA,17,681453,1,13,55,10
CA,14,681328,1,13,55,5
CA,18,681473,1,13,55,10
UK,27,681300,1,13,55,5
UK,27,681440,1,13,55,9
AU,6,681253,1,13,55,3
EIE,20,681282,1,13,55,4
GME,23,681485,1,13,55,11
CA,16,681518,1,13,55,12
SZ,26,681348,1,13,55,6
EIE,20,681272,1,13,55,4
CA,15,681446,1,13,55,9
UK,28,681523,1,13,55,12
EIE,20,681261,1,13,55,3
UK,27,681294,1,13,55,4
CA,18,681489,1,13,55,11
USC,29,681314,1,13,55,5
EIE,20,681481,1,13,55,10
CA,14,681327,1,13,55,5
UK,27,681279,1,13,55,4
UK,27,681466,1,13,55,10
UK,28,681261,1,13,55,3
USC,29,681231,1,13,55,2
EIE,20,681492,1,13,55,11
UK,27,681327,1,13,55,5
EIE,20,681219,1,13,55,2
ASN,2,681353,1,13,55,6
CA,15,681301,1,13,55,5
UK,27,681322,1,13,55,5
UK,27,681262,1,13,55,3
AU,6,681315,1,13,55,5
ASN,5,681376,1,13,55,7
EIE,20,681501,1,13,55,11
EIE,20,681275,1,13,55,4
UK,27,681491,1,13,55,11
EIE,20,681202,1,13,55,1
CA,10,681455,1,13,55,10
UK,27,681345,1,13,55,6
USC,29,681299,1,13,55,5
CA,14,681325,1,13,55,5
EIE,20,681247,1,13,55,3
EZE,21,681287,1,13,55,4
CA,12,681495,1,13,55,11
EZE,21,681463,1,13,55,10
CA,12,681270,1,13,55,4
CA,18,681438,1,13,55,9
CA,17,681324,1,13,55,5
EIE,20,681209,1,13,55,2
EIE,20,681483,1,13,55,11
CA,12,681438,1,13,55,9
CA,17,681311,1,13,55,5
ASN,5,681399,1,13,55,8
UK,27,681289,1,13,55,4
EIE,20,681217,1,13,55,2
GME,23,681316,1,13,55,5
EIE,20,681208,1,13,55,1
EZE,21,681462,1,13,55,10
EIE,20,681265,1,13,55,3
ASN,5,681396,1,13,55,8
CA,14,681281,1,13,55,4
UK,27,681278,1,13,55,4
EIE,20,681493,1,13,55,11
CA,10,681281,1,13,55,4
ASN,5,681400,1,13,55,8
CA,14,681283,1,13,55,4
UK,27,681513,1,13,55,12
CA,11,681519,1,13,55,12
CA,12,681510,1,13,55,11
EIE,20,681496,1,13,55,11
UK,27,681487,1,13,55,11
CA,13,681454,1,13,55,10
EIE,20,681204,1,13,55,1
USC,29,681474,1,13,55,10
CA,17,681271,1,13,55,4
CA,9,681271,1,13,55,4
CA,10,681280,1,13,55,4
GM,22,681486,1,13,55,11
CA,9,681321,1,13,55,5
GME,23,681469,1,13,55,10
ITE,24,681261,1,13,55,3
ASN,4,681375,1,13,55,7
BE,7,681299,1,13,55,5
GME,23,681487,1,13,55,11
ASN,2,681379,1,13,55,7
GM,22,681218,1,13,55,2
GM,22,681464,1,13,55,10
AU,6,681236,1,13,55,2
GME,23,681321,1,13,55,5
BE,7,681474,1,13,55,10
ITE,24,681266,1,13,55,3
GM,22,681266,1,13,55,3
ITE,24,681491,1,13,55,11
AGE,1,681180,1,13,55,1
GM,22,681489,1,13,55,11
AU,6,681465,1,13,55,10
GME,23,681317,1,13,55,5
GME,23,681271,1,13,55,4
ITE,25,681491,1,13,55,11
AGE,1,681188,1,13,55,1
AGE,1,681197,1,13,55,1
ITE,24,681505,1,13,55,11
ITE,24,681493,1,13,55,11
ITE,24,681472,1,13,55,10
AGE,1,681193,1,13,55,1
AU,6,681254,1,13,55,3
ITE,25,681244,1,13,55,3
AU,6,681244,1,13,55,3
AU,6,681495,1,13,55,11
AGE,1,681206,1,13,55,1
ITE,25,681248,1,13,55,3
ITE,24,681498,1,13,55,11
AGE,1,681179,1,13,55,1
ITE,24,681236,1,13,55,2
ITE,24,681469,1,13,55,10
ITE,24,681484,1,13,55,11
AGE,1,681199,1,13,55,1
ITE,25,681468,1,13,55,10
GM,22,681210,1,13,55,2
BE,7,681209,1,13,55,2
AGE,1,681246,1,13,55,3
EZE,21,681218,1,13,56,2
GME,23,681300,1,13,56,5
BE,7,681265,1,13,56,3
BE,7,681480,1,13,56,10
GME,23,681218,1,13,56,2
EZE,21,681315,1,13,56,5
BE,7,681481,1,13,56,10
ASN,4,681460,1,13,56,10
GME,23,681291,1,13,56,4
ASN,4,681328,1,13,56,5
ASN,4,681348,1,13,56,6
AU,6,681317,1,13,56,5
GM,22,681299,1,13,56,5
UK,28,681513,1,13,56,12
SZ,26,681338,1,13,56,6
ASN,4,681461,1,13,56,10
ITE,24,681265,1,13,56,3
UK,28,681493,1,13,56,11
SZ,26,681369,1,13,56,7
ITE,24,681264,1,13,56,3
BE,7,681210,1,13,56,2
BE,7,681306,1,13,56,5
ASN,4,681326,1,13,56,5
ITE,24,681489,1,13,56,11
SZ,26,681349,1,13,56,6
ASN,2,681390,1,13,56,8
ITE,25,681271,1,13,56,4
ITE,24,681263,1,13,56,3
CA,12,681442,1,13,56,9
UK,27,681448,1,13,56,9
CA,13,681442,1,13,56,9
CA,16,681438,1,13,56,9
UK,28,681272,1,13,56,4
EZE,21,681323,1,13,56,5
CA,10,681488,1,13,56,11
CA,17,681442,1,13,56,9
GM,22,681291,1,13,56,4
EIE,20,681488,1,13,56,11
EIE,20,681286,1,13,56,4
CA,12,681490,1,13,56,11
ASN,5,681447,1,13,56,9
UK,28,681484,1,13,56,11
USC,29,681285,1,13,56,4
UK,27,681442,1,13,56,9
ASN,4,681356,1,13,56,6
ASN,4,681402,1,13,56,8
UK,28,681515,1,13,56,12
EIE,20,681484,1,13,56,11
USC,29,681489,1,13,56,11
CA,12,681509,1,13,56,11
UK,28,681289,1,13,56,4
UK,28,681274,1,13,56,4
EIE,20,681486,1,13,56,11
CA,17,681296,1,13,56,4
USC,29,681292,1,13,56,4
CA,14,681412,1,13,56,8
GME,23,681278,1,13,56,4
CA,15,681271,1,13,56,4
EZE,21,681488,1,13,56,11
CA,18,681283,1,13,56,4
EIE,20,681278,1,13,56,4
CA,15,681278,1,13,56,4
UK,27,681283,1,13,56,4
GME,23,681489,1,13,56,11
ASN,5,681455,1,13,56,10
ASN,5,681407,1,13,56,8
CA,16,681284,1,13,56,4
UK,27,681441,1,13,56,9
CA,18,681284,1,13,56,4
CA,9,681431,1,13,56,9
CA,12,681455,1,13,56,10
CA,13,681509,1,13,56,11
UK,27,681485,1,13,56,11
CA,17,681323,1,13,56,5
UK,27,681309,1,13,56,5
ITE,24,681480,1,13,56,10
CA,17,681312,1,13,56,5
BE,7,681307,1,13,56,5
EIE,20,681248,1,13,56,3
ASN,4,681396,1,13,56,8
USC,29,681493,1,13,56,11
CA,15,681473,1,13,56,10
UK,27,681281,1,13,56,4
CA,16,681473,1,13,56,10
USC,29,681315,1,13,56,5
CA,12,681326,1,13,56,5
EIE,20,681281,1,13,56,4
UK,27,681528,1,13,56,12
CA,16,681479,1,13,56,10
UK,27,681481,1,13,56,10
ASN,5,681388,1,13,56,7
EIE,20,681250,1,13,56,3
EIE,20,681479,1,13,56,10
UK,27,681527,1,13,56,12
UK,27,681473,1,13,56,10
UK,27,681479,1,13,56,10
GME,23,681315,1,13,56,5
EIE,20,681465,1,13,56,10
CA,17,681305,1,13,56,5
CA,14,681301,1,13,56,5
CA,18,681302,1,13,56,5
ASN,5,681327,1,13,56,5
ASN,5,681397,1,13,56,8
EIE,20,681495,1,13,56,11
UK,27,681458,1,13,56,10
UK,27,681476,1,13,56,10
GM,22,681316,1,13,56,5
CA,10,681470,1,13,56,10
EIE,20,681476,1,13,56,10
CA,17,681325,1,13,56,5
ASN,5,681353,1,13,56,6
ASN,4,681376,1,13,56,7
EIE,20,681206,1,13,56,1
CA,18,681460,1,13,56,10
CA,10,681301,1,13,56,5
EIE,20,681482,1,13,56,11
UK,27,681308,1,13,56,5
CA,17,681304,1,13,56,5
ASN,5,681461,1,13,56,10
UK,27,681477,1,13,56,10
UK,28,681490,1,13,56,11
ASN,5,681398,1,13,56,8
USC,29,681490,1,13,56,11
UK,27,681265,1,13,56,3
UK,28,681496,1,13,56,11
UK,28,681441,1,13,56,9
UK,28,681514,1,13,56,12
GM,22,681472,1,13,56,10
GM,22,681302,1,13,56,5
ITE,25,681194,1,13,56,1
ASN,4,681447,1,13,56,9
ITE,25,681257,1,13,56,3
GM,22,681315,1,13,56,5
GM,22,681272,1,13,56,4
ITE,25,681212,1,13,56,2
EZE,21,681272,1,13,56,4
GME,23,681464,1,13,56,10
ASN,4,681389,1,13,56,7
GM,22,681487,1,13,56,11
ITE,25,681242,1,13,56,3
UK,28,681487,1,13,56,11
BE,7,681281,1,13,56,4
GM,22,681317,1,13,56,5
ASN,4,681405,1,13,56,8
ITE,25,681230,1,13,56,2
EZE,21,681269,1,13,56,4
BE,7,681321,1,14,56,5
BE,7,681493,1,14,56,11
GME,23,681287,1,14,56,4
GME,23,681488,1,14,56,11
GM,22,681485,1,14,56,11
SZ,26,681427,1,14,56,9
AGE,1,681204,1,14,56,1
AGE,1,681207,1,14,56,1
ITE,25,681474,1,14,56,10
GME,23,681400,1,14,56,8
GME,23,681471,1,14,56,10
EZE,21,681215,1,14,56,2
AGE,1,681182,1,14,56,1
ITE,24,681262,1,14,56,3
ITE,24,681526,1,14,56,12
ASN,4,681349,1,14,56,6
ASN,4,681371,1,14,56,7
AGE,1,681196,1,14,56,1
ASN,2,681389,1,14,56,7
AU,6,681490,1,14,56,11
BE,7,681273,1,14,56,4
BE,7,681289,1,14,56,4
AGE,1,681195,1,14,56,1
GME,23,681470,1,14,56,10
GME,23,681279,1,14,56,4
GME,23,681215,1,14,56,2
ASN,4,681341,1,14,56,6
BE,7,681313,1,14,56,5
BE,7,681300,1,14,56,5
GME,23,681275,1,14,56,4
BE,7,681290,1,14,56,4
GM,22,681279,1,14,56,4
ITE,25,681485,1,14,56,11
BE,7,681494,1,14,57,11
UK,28,681460,1,14,57,10
ASN,4,681409,1,14,57,8
UK,28,681308,1,14,57,5
ITE,25,681496,1,14,57,11
BE,7,681473,1,14,57,10
BE,7,681484,1,14,57,11
GM,22,681282,1,14,57,4
AU,6,681439,1,14,57,9
UK,28,681310,1,14,57,5
GME,23,681298,1,14,57,5
BE,7,681483,1,14,57,11
ITE,24,681494,1,14,57,11
UK,28,681486,1,14,57,11
UK,28,681481,1,14,57,10
SZ,26,681351,1,14,57,6
ITE,24,681474,1,14,57,10
AU,6,681466,1,14,57,10
UK,28,681491,1,14,57,11
ITE,24,681221,1,14,57,2
AU,6,681291,1,14,57,4
UK,28,681488,1,14,57,11
GM,22,681488,1,14,57,11
ITE,24,681468,1,14,57,10
ASN,4,681315,1,14,57,5
ASN,5,681403,1,14,57,8
UK,27,681290,1,14,57,4
SZ,26,681370,1,14,57,7
ASN,2,681375,1,14,57,7
ASN,5,681369,1,14,57,7
CA,12,681283,1,14,57,4
ASN,2,681376,1,14,57,7
ASN,5,681384,1,14,57,7
CA,14,681413,1,14,57,8
ASN,2,681378,1,14,57,7
UK,27,681431,1,14,57,9
ASN,4,681432,1,14,57,9
ASN,4,681357,1,14,57,6
UK,27,681280,1,14,57,4
ASN,2,681383,1,14,57,7
EIE,20,681287,1,14,57,4
ASN,5,681374,1,14,57,7
EIE,20,681430,1,14,57,9
ASN,4,681430,1,14,57,9
CA,17,681278,1,14,57,4
CA,9,681290,1,14,57,4
EIE,20,681283,1,14,57,4
USC,29,681518,1,14,57,12
ASN,5,681381,1,14,57,7
ASN,5,681371,1,14,57,7
EIE,20,681277,1,14,57,4
EIE,20,681487,1,14,57,11
CA,16,681277,1,14,57,4
ASN,2,681327,1,14,57,5
USC,29,681491,1,14,57,11
BE,7,681482,1,14,57,11
AU,6,681316,1,14,57,5
EZE,21,681482,1,14,57,11
CA,12,681325,1,14,57,5
EIE,20,681269,1,14,57,4
CA,15,681297,1,14,57,4
CA,9,681325,1,14,57,5
CA,9,681297,1,14,57,4
USC,29,681270,1,14,57,4
UK,27,681452,1,14,57,10
CA,18,681490,1,14,57,11
UK,27,681449,1,14,57,9
ASN,4,681449,1,14,57,9
UK,27,681447,1,14,57,9
ITE,25,681483,1,14,57,11
EIE,20,681459,1,14,57,10
EIE,20,681446,1,14,57,9
EIE,20,681267,1,14,57,3
EIE,20,681460,1,14,57,10
CA,16,681495,1,14,57,11
CA,10,681311,1,14,57,5
UK,27,681311,1,14,57,5
GM,22,681471,1,14,57,10
CA,18,681328,1,14,57,5
CA,15,681328,1,14,57,5
UK,27,681301,1,14,57,5
ASN,5,681493,1,14,57,11
UK,28,681263,1,14,57,3
CA,13,681435,1,14,57,9
EIE,20,681463,1,14,57,10
BE,7,681314,1,14,57,5
ASN,5,681338,1,14,57,6
GME,23,681462,1,14,57,10
EIE,20,681480,1,14,57,10
EIE,20,681461,1,14,57,10
CA,9,681461,1,14,57,10
CA,18,681327,1,14,57,5
CA,16,681323,1,14,57,5
UK,27,681325,1,14,57,5
CA,17,681445,1,14,57,9
CA,17,681435,1,14,57,9
CA,17,681346,1,14,57,6
CA,16,681510,1,14,57,11
CA,15,681438,1,14,57,9
CA,16,681488,1,14,57,11
CA,16,681319,1,14,57,5
EIE,20,681489,1,14,57,11
CA,13,681439,1,14,57,9
CA,15,681439,1,14,57,9
ASN,4,681489,1,14,57,11
CA,17,681439,1,14,57,9
CA,18,681439,1,14,57,9
CA,13,681440,1,14,57,9
EIE,20,681477,1,14,57,10
EIE,20,681440,1,14,57,9
CA,16,681441,1,14,57,9
CA,15,681442,1,14,57,9
CA,10,681489,1,14,57,11
CA,13,681489,1,14,57,11
EIE,20,681441,1,14,57,9
BE,7,681486,1,14,57,11
BE,7,681487,1,14,57,11
AGE,1,681203,1,14,57,1
BE,7,681459,1,14,57,10
ITE,25,681471,1,14,57,10
EZE,21,681461,1,14,57,10
EZE,21,681457,1,14,57,10
AGE,1,681250,1,14,57,3
AGE,1,681189,1,14,57,1
AU,6,681489,1,14,57,11
EZE,21,681282,1,14,57,4
AGE,1,681249,1,14,57,3
ITE,25,681470,1,14,57,10
AGE,1,681248,1,14,57,3
ASN,2,681354,1,14,57,6
GME,23,681282,1,14,57,4
ASN,4,681429,1,14,57,9
ASN,4,681363,1,14,57,7
AU,6,681321,1,14,57,5
EZE,21,681464,1,14,57,10
AU,6,681238,1,14,57,3
ITE,25,681211,1,14,57,2
ASN,2,681330,1,14,57,6
GM,22,681462,1,14,57,10
AU,6,681438,1,14,57,9
BE,7,681468,1,14,57,10
ASN,4,681369,1,14,57,7
ASN,4,681382,1,14,57,7
ITE,25,681274,1,14,58,4
BE,7,681302,1,14,58,5
ITE,25,681482,1,14,58,11
UK,28,681462,1,14,58,10
ITE,25,681486,1,14,58,11
UK,28,681516,1,14,58,12
UK,28,681461,1,14,58,10
UK,28,681492,1,14,58,11
ITE,24,681483,1,14,58,11
ASN,5,681375,1,14,58,7
EZE,21,681280,1,14,58,4
GME,23,681494,1,14,58,11
UK,28,681483,1,14,58,11
UK,28,681320,1,14,58,5
EZE,21,681303,1,14,58,5
ASN,2,681407,1,14,58,8
ASN,2,681388,1,14,58,7
UK,28,681440,1,14,58,9
EZE,21,681286,1,14,58,4
ITE,25,681481,1,14,58,10
UK,28,681286,1,14,58,4
ITE,25,681526,1,14,58,12
ASN,4,681358,1,14,58,6
ASN,2,681328,1,14,58,5
AGE,1,681192,1,14,58,1
SZ,26,681376,1,14,58,7
UK,28,681262,1,14,58,3
EZE,21,681288,1,14,58,4
EIE,20,681478,1,14,58,10
UK,28,681485,1,14,58,11
EIE,20,681490,1,14,58,11
ASN,5,681365,1,14,58,7
ASN,5,681373,1,14,58,7
ASN,5,681494,1,14,58,11
UK,28,681479,1,14,58,10
UK,27,681364,1,14,58,7
ASN,2,681358,1,14,58,6
ASN,4,681464,1,14,58,10
ASN,5,681474,1,14,58,10
UK,27,681451,1,14,58,10
ASN,5,681409,1,14,58,8
CA,14,681411,1,14,58,8
EIE,20,681447,1,14,58,9
UK,27,681446,1,14,58,9
CA,17,681446,1,14,58,9
EIE,20,681445,1,14,58,9
UK,27,681443,1,14,58,9
EIE,20,681443,1,14,58,9
EIE,20,681442,1,14,58,9
CA,15,681441,1,14,58,9
USC,29,681509,1,14,58,11
UK,27,681439,1,14,58,9
EIE,20,681439,1,14,58,9
CA,14,681427,1,14,58,9
ASN,2,681428,1,14,58,9
CA,16,681439,1,14,58,9
UK,27,681428,1,14,58,9
EIE,20,681429,1,14,58,9
CA,10,681439,1,14,58,9
ASN,5,681430,1,14,58,9
CA,9,681439,1,14,58,9
ASN,5,681439,1,14,58,9
EIE,20,681431,1,14,58,9
EIE,20,681438,1,14,58,9
ASN,5,681438,1,14,58,9
UK,27,681434,1,14,58,9
CA,13,681453,1,14,58,10
EIE,20,681474,1,14,58,10
EIE,20,681454,1,14,58,10
UK,28,681455,1,14,58,10
ASN,4,681383,1,14,58,7
UK,28,681473,1,14,58,10
CA,9,681473,1,14,58,10
UK,28,681471,1,14,58,10
ASN,5,681385,1,14,58,7
EIE,20,681470,1,14,58,10
CA,9,681470,1,14,58,10
ITE,25,681469,1,14,58,10
EIE,20,681468,1,14,58,10
UK,27,681467,1,14,58,10
USC,29,681464,1,14,58,10
EIE,20,681464,1,14,58,10
CA,17,681463,1,14,58,10
CA,9,681463,1,14,58,10
USC,29,681462,1,14,58,10
USC,29,681461,1,14,58,10
CA,17,681460,1,14,58,10
GM,22,681400,1,14,58,8
ASN,5,681459,1,14,58,10
EIE,20,681458,1,14,58,10
UK,27,681457,1,14,58,10
GME,23,681457,1,14,58,10
CA,17,681456,1,14,58,10
CA,15,681456,1,14,58,10
CA,16,681519,1,14,58,12
ASN,2,681405,1,14,58,8
CA,14,681456,1,14,58,10
CA,13,681455,1,14,58,10
CA,17,681464,1,14,58,10
ASN,5,681366,1,14,58,7
CA,10,681238,1,14,58,3
CA,17,681327,1,14,58,5
UK,27,681286,1,14,58,4
CA,12,681313,1,14,58,5
CA,18,681306,1,14,58,5
UK,28,681321,1,14,58,5
CA,14,681294,1,14,58,4
UK,28,681280,1,14,58,4
EIE,20,681271,1,14,58,4
EIE,20,681276,1,14,58,4
CA,18,681271,1,14,58,4
CA,17,681328,1,14,58,5
CA,16,681313,1,14,58,5
CA,12,681281,1,14,58,4
UK,27,681282,1,14,58,4
CA,12,681277,1,14,58,4
CA,10,681327,1,14,58,5
CA,15,681321,1,14,58,5
USC,29,681232,1,14,58,2
UK,27,681293,1,14,58,4
CA,15,681314,1,14,58,5
CA,17,681301,1,14,58,5
EIE,20,681285,1,14,58,4
CA,16,681326,1,14,58,5
CA,16,681325,1,14,58,5
EIE,20,681268,1,14,58,4
ITE,24,681289,1,14,58,4
UK,27,681344,1,14,58,6
EIE,20,681288,1,14,58,4
CA,10,681320,1,14,58,5
CA,14,681305,1,14,58,5
GM,22,681288,1,14,58,4
EIE,20,681266,1,14,58,3
UK,27,681310,1,14,58,5
CA,16,681294,1,14,58,4
CA,9,681283,1,14,58,4
ASN,5,681336,1,14,58,6
CA,9,681294,1,14,58,4
CA,17,681302,1,14,58,5
CA,15,681280,1,14,58,4
CA,18,681278,1,14,58,4
CA,14,681311,1,14,58,5
USC,29,681252,1,14,58,3
CA,17,681322,1,14,58,5
CA,10,681302,1,14,58,5
UK,27,681305,1,14,58,5
CA,17,681320,1,14,58,5
CA,12,681280,1,14,58,4
CA,15,681283,1,14,58,4
GM,22,681328,1,14,58,5
UK,28,681282,1,14,58,4
AGE,1,681245,1,14,58,3
EZE,21,681310,1,14,58,5
GME,23,681309,1,14,58,5
AGE,1,681242,1,14,58,3
ASN,2,681337,1,14,58,6
AGE,1,681202,1,14,58,1
UK,28,681457,1,14,58,10
ITE,25,681231,1,14,58,2
ITE,24,681470,1,14,58,10
AGE,1,681183,1,14,58,1
AU,6,681483,1,14,58,11
AGE,1,681185,1,14,58,1
AGE,1,681215,1,14,58,2
AGE,1,681214,1,14,58,2
UK,28,681278,1,14,58,4
AGE,1,681225,1,14,58,2
AU,6,681464,1,14,58,10
ASN,4,681365,1,14,58,7
AGE,1,681232,1,14,58,2
AU,6,681288,1,14,58,4
AU,6,681482,1,14,58,11
ASN,2,681382,1,15,58,7
AU,6,681461,1,15,58,10
UK,28,681283,1,15,58,4
ITE,25,681495,1,15,58,11
GM,22,681215,1,15,58,2
EZE,21,681494,1,15,58,11
ASN,2,681355,1,15,58,6
GM,22,681482,1,15,58,11
AU,6,681517,1,15,58,12
GM,22,681310,1,15,58,5
AU,6,681462,1,15,58,10
ITE,25,681498,1,15,58,11
GME,23,681328,1,15,58,5
BE,7,681431,1,15,58,9
ASN,4,681397,1,15,58,8
ASN,2,681374,1,15,58,7
ITE,25,681270,1,15,58,4
UK,28,681442,1,15,58,9
EZE,21,681273,1,15,58,4
UK,28,681312,1,15,58,5
BE,7,681288,1,15,58,4
UK,28,681443,1,15,58,9
AGE,1,681217,1,15,59,2
ITE,25,681277,1,15,59,4
ITE,24,681320,1,15,59,5
GM,22,681309,1,15,59,5
ASN,4,681370,1,15,59,7
UK,28,681431,1,15,59,9
ASN,4,681463,1,15,59,10
EZE,21,681436,1,15,59,9
GM,22,681456,1,15,59,10
ASN,4,681495,1,15,59,11
ASN,4,681399,1,15,59,8
AU,6,681486,1,15,59,11
AU,6,681255,1,15,59,3
EZE,21,681300,1,15,59,5
EZE,21,681439,1,15,59,9
UK,28,681301,1,15,59,5
GM,22,681278,1,15,59,4
GME,23,681463,1,15,59,10
ASN,4,681372,1,15,59,7
GM,22,681470,1,15,59,10
ITE,25,681261,1,15,59,3
GM,22,681300,1,15,59,5
ASN,4,681410,1,15,59,8
EZE,21,681458,1,15,59,10
GME,23,681285,1,15,59,4
UK,28,681459,1,15,59,10
UK,28,681472,1,15,59,10
EZE,21,681438,1,15,59,9
GM,22,681323,1,15,59,5
UK,28,681458,1,15,59,10
UK,28,681456,1,15,59,10
UK,28,681302,1,15,59,5
ITE,25,681259,1,15,59,3
CA,12,681427,1,15,59,9
CA,15,681325,1,15,59,5
CA,18,681335,1,15,59,6
ITE,24,681268,1,15,59,4
ASN,5,681367,1,15,59,7
CA,17,681315,1,15,59,5
CA,13,681482,1,15,59,11
ASN,5,681326,1,15,59,5
CA,9,681326,1,15,59,5
ASN,5,681404,1,15,59,8
EIE,20,681471,1,15,59,10
CA,10,681427,1,15,59,9
ASN,5,681402,1,15,59,8
CA,16,681280,1,15,59,4
ASN,5,681428,1,15,59,9
CA,16,681460,1,15,59,10
CA,18,681431,1,15,59,9
ASN,5,681382,1,15,59,7
ASN,5,681431,1,15,59,9
CA,9,681322,1,15,59,5
CA,12,681297,1,15,59,4
UK,27,681287,1,15,59,4
UK,27,681430,1,15,59,9
EIE,20,681453,1,15,59,10
CA,14,681460,1,15,59,10
AGE,1,681216,1,15,59,2
CA,12,681491,1,15,59,11
ASN,5,681354,1,15,59,6
UK,27,681264,1,15,59,3
ITE,24,681471,1,15,59,10
ASN,5,681429,1,15,59,9
EIE,20,681469,1,15,59,10
CA,12,681320,1,15,59,5
CA,9,681306,1,15,59,5
CA,9,681287,1,15,59,4
UK,27,681471,1,15,59,10
EIE,20,681462,1,15,59,10
EIE,20,681472,1,15,59,10
EIE,20,681475,1,15,59,10
AGE,1,681239,1,15,59,3
CA,17,681295,1,15,59,4
EIE,20,681284,1,15,59,4
ASN,5,681328,1,15,59,5
EIE,20,681455,1,15,59,10
AGE,1,681243,1,15,59,3
AU,6,681269,1,15,59,4
UK,27,681450,1,15,59,9
ASN,5,681450,1,15,59,9
BE,7,681284,1,15,59,4
AGE,1,681271,1,15,59,4
CA,10,681312,1,15,59,5
CA,14,681414,1,15,59,8
EIE,20,681270,1,15,59,4
AU,6,681312,1,15,59,5
GME,23,681310,1,15,59,5
CA,10,681411,1,15,59,8
CA,10,681283,1,15,59,4
ASN,5,681432,1,15,59,9
CA,14,681312,1,15,59,5
ASN,5,681368,1,15,59,7
ASN,4,681475,1,15,59,10
ASN,5,681377,1,15,59,7
ASN,5,681492,1,15,59,11
CA,17,681326,1,15,59,5
AGE,1,681230,1,15,59,2
CA,18,681326,1,15,59,5
CA,9,681490,1,15,59,11
BE,7,681277,1,15,59,4
AGE,1,681231,1,15,59,2
UK,27,681307,1,15,59,5
CA,18,681314,1,15,59,5
CA,16,681462,1,15,59,10
EIE,20,681473,1,15,59,10
ASN,5,681378,1,15,59,7
UK,27,681285,1,15,59,4
CA,15,681327,1,15,59,5
ITE,24,681473,1,15,59,10
UK,27,681421,1,15,59,9
CA,17,681462,1,15,59,10
ASN,5,681314,1,15,59,5
ASN,2,681408,1,15,59,8
UK,27,681455,1,15,59,10
USC,29,681281,1,15,59,4
CA,9,681413,1,15,59,8
ASN,2,681385,1,15,59,7
CA,13,681488,1,15,59,11
ASN,2,681356,1,15,59,6
EIE,20,681444,1,15,59,9
UK,27,681302,1,15,59,5
UK,27,681445,1,15,59,9
UK,27,681437,1,15,59,9
UK,27,681436,1,15,59,9
CA,10,681460,1,15,59,10
CA,12,681489,1,15,59,11
ASN,5,681436,1,15,59,9
CA,12,681439,1,15,59,9
ASN,4,681442,1,15,59,9
EIE,20,681457,1,15,59,10
CA,18,681445,1,15,59,9
CA,14,681356,1,15,59,6
EIE,20,681436,1,15,59,9
ASN,5,681358,1,15,59,6
EIE,20,681435,1,15,59,9
CA,16,681509,1,15,59,11
CA,14,681446,1,15,59,9
BE,7,681319,1,15,59,5
ASN,5,681441,1,15,59,9
EIE,20,681432,1,15,59,9
AGE,1,681187,1,15,59,1
GM,22,681463,1,15,59,10
AGE,1,681194,1,15,59,1
EIE,20,681437,1,15,59,9
CA,15,681302,1,15,59,5
CA,9,681489,1,15,59,11
EIE,20,681467,1,15,59,10
UK,28,681281,1,15,59,4
SZ,26,681373,1,15,59,7
ASN,4,681362,1,15,59,7
AU,6,681271,1,15,59,4
ASN,4,681448,1,15,59,9
BE,7,681287,1,15,59,4
GM,22,681423,1,15,59,9
AU,6,681459,1,15,59,10
GME,23,681345,1,15,59,6
ASN,2,681386,1,15,59,7
AU,6,681457,1,15,59,10
UK,28,681279,1,15,59,4
ITE,25,681258,1,15,59,3
ASN,4,681390,1,15,59,8
ASN,4,681325,1,15,59,5
ASN,4,681462,1,15,59,10
SZ,26,681434,1,15,59,9
ASN,2,681448,1,15,59,9
ASN,2,681368,1,15,59,7
BE,7,681304,1,15,59,5
BE,7,681303,1,15,59,5
ASN,2,681359,1,15,59,7
EZE,21,681279,1,15,59,4
ITE,24,681481,1,15,59,10
EZE,21,681459,1,15,59,10
ASN,2,681391,1,15,59,8
EZE,21,681278,1,15,59,4
ASN,2,681404,1,15,59,8
GME,23,681307,1,15,60,5
AU,6,681487,1,15,60,11
GME,23,681384,1,15,60,7
ASN,2,681410,1,15,60,8
GME,23,681323,1,15,60,5
AU,6,681303,1,15,60,5
GME,23,681383,1,15,60,7
GM,22,681287,1,15,60,4
ITE,24,681290,1,15,60,4
EZE,21,681291,1,15,60,4
ASN,5,681405,1,15,60,8
ASN,4,681498,1,15,60,11
ASN,5,681408,1,15,60,8
UK,28,681439,1,15,60,9
UK,28,681435,1,15,60,9
ASN,4,681438,1,15,60,9
UK,28,681307,1,15,60,5
GME,23,681366,1,15,60,7
BE,7,681345,1,15,60,6
GME,23,681382,1,15,60,7
AU,6,681488,1,15,60,11
ASN,2,681371,1,15,60,7
ASN,2,681372,1,15,60,7
BE,7,681443,1,15,60,9
ASN,4,681392,1,15,60,8
GM,22,681277,1,15,60,4
UK,28,681450,1,15,60,9
UK,28,681454,1,15,60,10
ASN,4,681395,1,15,60,8
AU,6,681494,1,15,60,11
GM,22,681457,1,15,60,10
ASN,4,681494,1,16,60,11
GME,23,681280,1,16,60,4
AU,6,681311,1,16,60,5
UK,28,681304,1,16,60,5
GM,22,681307,1,16,60,5
ITE,25,681487,1,16,60,11
ASN,4,681473,1,16,60,10
ITE,24,681274,1,16,60,4
GM,22,681303,1,16,60,5
ASN,4,681334,1,16,60,6
ASN,4,681345,1,16,60,6
ITE,24,681291,1,16,60,4
AGE,1,681238,1,16,60,3
UK,28,681306,1,16,60,5
AGE,1,681186,1,16,60,1
ASN,4,681431,1,16,60,9
ASN,4,681391,1,16,60,8
AGE,1,681244,1,16,60,3
AGE,1,681257,1,16,60,3
ASN,4,681474,1,16,60,10
CA,9,681412,1,16,60,8
USC,29,681479,1,16,60,10
USC,29,681460,1,16,60,10
CA,12,681302,1,16,60,5
USC,29,681297,1,16,60,4
ASN,2,681442,1,16,60,9
UK,27,681332,1,16,60,6
CA,15,681311,1,16,60,5
USC,29,681496,1,16,60,11
ASN,5,681329,1,16,60,6
CA,10,681278,1,16,60,4
CA,12,681479,1,16,60,10
ASN,5,681406,1,16,60,8
UK,27,681338,1,16,60,6
CA,17,681459,1,16,60,10
USC,29,681301,1,16,60,5
CA,16,681329,1,16,60,6
UK,27,681343,1,16,60,6
ASN,2,681339,1,16,60,6
ASN,2,681384,1,16,60,7
UK,27,681321,1,16,60,5
AU,6,681310,1,16,60,5
ITE,24,681270,1,16,60,4
ASN,5,681357,1,16,60,6
USC,29,681319,1,16,60,5
CA,13,681490,1,16,60,11
CA,17,681303,1,16,60,5
CA,14,681314,1,16,60,5
ASN,2,681357,1,16,60,6
GM,22,681438,1,16,60,9
CA,13,681463,1,16,60,10
UK,27,681438,1,16,60,9
ASN,2,681373,1,16,60,7
CA,17,681284,1,16,60,4
CA,17,681340,1,16,60,6
SZ,26,681371,1,16,60,7
CA,16,681297,1,16,60,4
CA,18,681413,1,16,60,8
ASN,5,681462,1,16,60,10
CA,15,681413,1,16,60,8
CA,10,681413,1,16,60,8
UK,27,681284,1,16,60,4
ASN,5,681339,1,16,60,6
ITE,24,681282,1,16,60,4
CA,17,681329,1,16,60,6
CA,9,681341,1,16,60,6
USC,29,681326,1,16,60,5
CA,16,681442,1,16,60,9
CA,12,681453,1,16,60,10
ASN,5,681379,1,16,60,7
CA,16,681490,1,16,60,11
UK,27,681306,1,16,60,5
EIE,20,681456,1,16,60,10
EIE,20,681300,1,16,60,5
UK,27,681324,1,16,60,5
BE,7,681276,1,16,60,4
UK,27,681263,1,16,60,3
ASN,5,681352,1,16,60,6
BE,7,681318,1,16,60,5
ASN,5,681316,1,16,60,5
CA,17,681306,1,16,60,5
USC,29,681501,1,16,60,11
CA,18,681470,1,16,60,10
CA,15,681304,1,16,60,5
CA,15,681306,1,16,60,5
UK,27,681454,1,16,60,10
ASN,5,681355,1,16,60,6
CA,17,681470,1,16,60,10
ASN,5,681448,1,16,60,9
EIE,20,681428,1,16,60,9
UK,27,681456,1,16,60,10
CA,9,681428,1,16,60,9
CA,9,681298,1,16,60,5
ASN,5,681401,1,16,60,8
USC,29,681519,1,16,60,12
EIE,20,681452,1,16,60,10
UK,28,681264,1,16,60,3
EIE,20,681434,1,16,60,9
CA,18,681304,1,16,60,5
CA,14,681445,1,16,60,9
ASN,5,681427,1,16,60,9
CA,10,681437,1,16,60,9
CA,14,681434,1,16,60,9
USC,29,681320,1,16,60,5
CA,18,681456,1,16,60,10
CA,14,681347,1,16,60,6
CA,17,681307,1,16,60,5
ASN,5,681340,1,16,60,6
GME,23,681423,1,16,60,9
CA,17,681444,1,16,60,9
UK,27,681435,1,16,60,9
EIE,20,681448,1,16,60,9
ASN,5,681363,1,16,60,7
UK,27,681472,1,16,60,10
UK,27,681444,1,16,60,9
CA,9,681445,1,16,60,9
USC,29,681294,1,16,60,4
ASN,5,681356,1,16,60,6
CA,9,681437,1,16,60,9
ASN,5,681392,1,16,60,8
AU,6,681215,1,16,60,2
UK,27,681423,1,16,60,9
ASN,5,681370,1,16,60,7
ASN,4,681441,1,16,60,9
ASN,4,681336,1,16,60,6
ITE,24,681464,1,16,60,10
ASN,4,681364,1,16,60,7
ITE,25,681299,1,16,60,5
ASN,4,681335,1,16,60,6
ASN,4,681360,1,16,60,7
BE,7,681437,1,16,60,9
ASN,2,681406,1,16,60,8
SZ,26,681352,1,16,60,6
ASN,4,681488,1,16,60,11
ASN,2,681350,1,16,60,6
UK,28,681436,1,16,60,9
GME,23,681327,1,16,60,5
GME,23,681361,1,16,60,7
UK,28,681417,1,16,60,8
UK,28,681344,1,16,60,6
GME,23,681458,1,16,60,10
AU,6,681256,1,16,60,3
SZ,26,681375,1,16,60,7
GME,23,681379,1,16,60,7
GME,23,681388,1,16,60,7
UK,28,681284,1,16,60,4
ASN,2,681349,1,16,61,6
ASN,2,681352,1,16,61,6
UK,28,681444,1,16,61,9
GM,22,681275,1,16,61,4
UK,28,681290,1,16,61,4
UK,28,681305,1,16,61,5
AGE,1,681218,1,16,61,2
EZE,21,681283,1,16,61,4
GM,22,681494,1,16,61,11
ITE,24,681321,1,16,61,5
AGE,1,681272,1,16,61,4
AGE,1,681241,1,16,61,3
GM,22,681388,1,16,61,7
AGE,1,681276,1,16,61,4
AGE,1,681510,1,16,61,11
EZE,21,681386,1,16,61,7
ASN,2,681317,1,16,61,5
ASN,4,681490,1,16,61,11
ITE,25,681263,1,16,61,3
GM,22,681285,1,16,61,4
AGE,1,681229,1,16,61,2
GME,23,681367,1,16,61,7
AGE,1,681259,1,16,61,3
GM,22,681280,1,16,61,4
SZ,26,681372,1,16,61,7
EZE,21,681432,1,16,61,9
ITE,25,681262,1,16,61,3
EZE,21,681322,1,16,61,5
ITE,24,681482,1,16,61,11
AGE,1,681234,1,16,61,2
ASN,5,681351,1,16,61,6
CA,13,681461,1,16,61,10
CA,18,681446,1,16,61,9
EIE,20,681299,1,16,61,5
ASN,5,681507,1,16,61,11
ASN,2,681409,1,16,61,8
CA,15,681326,1,16,61,5
UK,28,681265,1,16,61,3
UK,27,681404,1,16,61,8
UK,27,681405,1,16,61,8
UK,27,681326,1,16,61,5
ASN,4,681403,1,16,61,8
CA,12,681301,1,16,61,5
UK,27,681406,1,16,61,8
UK,28,681482,1,16,61,11
CA,10,681445,1,16,61,9
GM,22,681327,1,16,61,5
UK,27,681395,1,16,61,8
UK,27,681401,1,16,61,8
UK,27,681313,1,16,61,5
ASN,5,681383,1,16,61,7
ASN,4,681316,1,16,61,5
ASN,5,681446,1,16,61,9
CA,10,681446,1,16,61,9
CA,10,681313,1,16,61,5
UK,27,681288,1,16,61,4
UK,27,681385,1,16,61,7
UK,27,681396,1,16,61,8
CA,14,681461,1,16,61,10
ASN,2,681369,1,16,61,7
ASN,4,681436,1,16,61,9
ASN,5,681361,1,16,61,7
UK,27,681360,1,16,61,7
EIE,20,681449,1,16,61,9
EIE,20,681308,1,16,61,5
ASN,2,681370,1,16,61,7
CA,14,681462,1,16,61,10
ASN,5,681475,1,16,61,10
UK,27,681417,1,16,61,8
CA,12,681238,1,16,61,3
ASN,4,681496,1,16,61,11
CA,13,681346,1,16,61,6
ASN,5,681372,1,16,61,7
CA,15,681284,1,16,61,4
CA,16,681435,1,16,61,9
ASN,4,681346,1,16,61,6
ASN,5,681449,1,16,61,9
ASN,5,681472,1,16,61,10
UK,27,681363,1,16,61,7
ASN,5,681364,1,16,61,7
CA,9,681433,1,16,61,9
CA,14,681433,1,16,61,9
EIE,20,681433,1,16,61,9
UK,27,681429,1,16,61,9
UK,27,681433,1,16,61,9
CA,17,681287,1,16,61,4
UK,27,681469,1,16,61,10
CA,16,681320,1,16,61,5
CA,14,681463,1,16,61,10
UK,28,681434,1,16,61,9
UK,27,681425,1,16,61,9
BE,7,681471,1,16,61,10
ASN,5,681425,1,16,61,9
CA,16,681453,1,16,61,10
CA,10,681414,1,16,61,8
UK,27,681422,1,16,61,9
CA,18,681412,1,16,61,8
ASN,5,681311,1,16,61,5
ASN,5,681412,1,16,61,8
CA,17,681461,1,16,61,10
CA,12,681488,1,16,61,11
CA,16,681302,1,16,61,5
CA,18,681461,1,16,61,10
EIE,20,681466,1,16,61,10
ASN,2,681329,1,16,61,6
CA,10,681412,1,16,61,8
ASN,5,681411,1,16,61,8
USC,29,681311,1,16,61,5
ASN,5,681389,1,16,61,7
CA,18,681411,1,16,61,8
ASN,4,681331,1,16,61,6
UK,28,681451,1,16,61,10
ASN,4,681351,1,16,61,6
EZE,21,681400,1,16,61,8
BE,7,681282,1,16,61,4
ASN,2,681432,1,16,61,9
ITE,25,681275,1,16,61,4
ITE,24,681496,1,16,61,11
AU,6,681403,1,16,61,8
ASN,2,681433,1,16,61,9
AU,6,681460,1,16,61,10
ITE,24,681292,1,16,61,4
ASN,4,681273,1,16,61,4
ITE,24,681312,1,16,61,5
AU,6,681273,1,16,61,4
GM,22,681298,1,16,61,5
ASN,4,681350,1,16,61,6
ITE,24,681318,1,16,61,5
EZE,21,681298,1,16,61,5
EZE,21,681456,1,16,61,10
ITE,24,681495,1,16,61,11
GM,22,681322,1,16,61,5
GME,23,681303,1,16,61,5
GME,23,681322,1,16,62,5
ASN,2,681360,1,16,62,7
EZE,21,681327,1,16,62,5
BE,7,681470,1,16,62,10
BE,7,681457,1,16,62,10
BE,7,681469,1,16,62,10
BE,7,681291,1,16,62,4
EZE,21,681361,1,16,62,7
UK,28,681343,1,16,62,6
UK,28,681288,1,16,62,4
UK,28,681287,1,16,62,4
UK,28,681430,1,16,62,9
ASN,5,681498,1,16,62,11
ASN,2,681431,1,16,62,9
UK,28,681332,1,16,62,6
GME,23,681304,1,16,62,5
UK,28,681427,1,16,62,9
EZE,21,681277,1,16,62,4
BE,7,681315,1,16,62,5
UK,28,681433,1,16,62,9
ASN,2,681411,1,16,62,8
ITE,24,681463,1,16,62,10
AGE,1,681208,1,16,62,1
AGE,1,681220,1,16,62,2
UK,28,681453,1,16,62,10
EZE,21,681390,1,16,62,8
ITE,25,681463,1,16,62,10
ASN,2,681365,1,16,62,7
GME,23,681409,1,16,62,8
ASN,2,681399,1,16,62,8
AGE,1,681213,1,16,62,2
ASN,2,681340,1,16,62,6
GME,23,681456,1,16,62,10
AGE,1,681265,1,16,62,3
BE,7,681320,1,16,62,5
AGE,1,681503,1,16,62,11
AU,6,681300,1,16,62,5
AGE,1,681270,1,16,62,4
EZE,21,681308,1,16,62,5
GM,22,681308,1,16,62,5
ASN,2,681449,1,16,62,9
AGE,1,681505,1,16,62,11
AGE,1,681258,1,16,62,3
AGE,1,681256,1,16,62,3
AGE,1,681224,1,16,62,2
ITE,24,681271,1,16,62,4
ASN,4,681493,1,16,62,11
UK,28,681317,1,16,62,5
GM,22,681304,1,16,62,5
BE,7,681285,1,17,62,4
GM,22,681458,1,17,62,10
ASN,2,681444,1,17,62,9
BE,7,681444,1,17,62,9
UK,28,681437,1,17,62,9
GME,23,681401,1,17,62,8
UK,28,681381,1,17,62,7
UK,28,681318,1,17,62,5
EZE,21,681366,1,17,62,7
UK,28,681467,1,17,62,10
UK,28,681325,1,17,62,5
ITE,25,681467,1,17,62,10
ITE,25,681320,1,17,62,5
AU,6,681283,1,17,62,4
GME,23,681435,1,17,62,9
UK,28,681339,1,17,62,6
UK,27,681320,1,17,62,5
CA,14,681321,1,17,62,5
CA,12,681322,1,17,62,5
UK,27,681341,1,17,62,6
UK,28,681394,1,17,62,8
ASN,5,681342,1,17,62,6
UK,27,681339,1,17,62,6
ASN,5,681270,1,17,62,4
ASN,4,681317,1,17,62,5
UK,27,681292,1,17,62,4
UK,27,681318,1,17,62,5
CA,14,681322,1,17,62,5
UK,27,681342,1,17,62,6
ASN,2,681397,1,17,62,8
UK,27,681361,1,17,62,7
ASN,5,681502,1,17,62,11
BE,7,681434,1,17,62,9
ASN,5,681347,1,17,62,6
UK,27,681432,1,17,62,9
EIE,20,681298,1,17,62,5
UK,27,681468,1,17,62,10
CA,10,681347,1,17,62,6
EIE,20,681305,1,17,62,5
CA,18,681428,1,17,62,9
ASN,5,681205,1,17,62,1
UK,28,681469,1,17,62,10
CA,12,681306,1,17,62,5
CA,9,681340,1,17,62,6
CA,15,681470,1,17,62,10
UK,27,681426,1,17,62,9
CA,14,681306,1,17,62,5
CA,18,681286,1,17,62,4
CA,12,681456,1,17,62,10
ASN,5,681426,1,17,62,9
ASN,5,681348,1,17,62,6
CA,17,681472,1,17,62,10
UK,27,681427,1,17,62,9
ASN,5,681435,1,17,62,9
UK,27,681346,1,17,62,6
CA,14,681304,1,17,62,5
USC,29,681463,1,17,62,10
CA,9,681446,1,17,62,9
ASN,5,681464,1,17,62,10
CA,15,681445,1,17,62,9
CA,12,681356,1,17,62,6
USC,29,681511,1,17,62,11
CA,18,681444,1,17,62,9
CA,14,681444,1,17,62,9
CA,9,681447,1,17,62,9
EIE,20,681301,1,17,62,5
EIE,20,681289,1,17,62,4
ASN,5,681344,1,17,62,6
ASN,5,681294,1,17,62,4
UK,27,681336,1,17,62,6
ASN,5,681440,1,17,62,9
CA,18,681463,1,17,62,10
UK,27,681359,1,17,62,7
CA,15,681463,1,17,62,10
ASN,5,681360,1,17,62,7
CA,14,681346,1,17,62,6
UK,27,681303,1,17,62,5
CA,12,681294,1,17,62,4
CA,18,681437,1,17,62,9
EIE,20,681307,1,17,62,5
UK,28,681285,1,17,62,4
UK,27,681470,1,17,62,10
ASN,4,681456,1,17,62,10
CA,15,681412,1,17,62,8
UK,28,681294,1,17,62,4
CA,12,681412,1,17,62,8
CA,16,681459,1,17,62,10
EIE,20,681296,1,17,62,4
ASN,2,681412,1,17,62,8
CA,9,681411,1,17,62,8
EIE,20,681451,1,17,62,10
UK,27,681312,1,17,62,5
UK,27,681291,1,17,62,4
CA,10,681328,1,17,62,5
ASN,5,681313,1,17,62,5
ASN,5,681349,1,17,62,6
USC,29,681492,1,17,62,11
CA,9,681314,1,17,62,5
EIE,20,681291,1,17,62,4
UK,27,681402,1,17,62,8
ASN,2,681402,1,17,62,8
CA,9,681280,1,17,62,4
ASN,4,681324,1,17,62,5
USC,29,681279,1,17,62,4
CA,17,681412,1,17,62,8
CA,12,681413,1,17,62,8
CA,13,681412,1,17,62,8
CA,12,681414,1,17,62,8
UK,27,681453,1,17,62,10
ASN,4,681508,1,17,62,11
ASN,5,681332,1,17,62,6
ASN,4,681332,1,17,62,6
CA,18,681414,1,17,62,8
CA,15,681414,1,17,62,8
ASN,5,681419,1,17,62,8
ASN,5,681414,1,17,62,8
CA,16,681332,1,17,62,6
UK,27,681340,1,17,62,6
UK,27,681420,1,17,62,8
CA,17,681285,1,17,62,4
ASN,5,681330,1,17,62,6
CA,9,681462,1,17,62,10
GM,22,681402,1,17,62,8
ASN,2,681403,1,17,62,8
BE,7,681472,1,17,62,10
ASN,4,681294,1,17,62,4
BE,7,681323,1,17,62,5
EZE,21,681302,1,17,62,5
ITE,24,681276,1,17,62,4
ITE,24,681488,1,17,62,11
EZE,21,681384,1,17,62,7
SZ,26,681374,1,17,62,7
BE,7,681454,1,17,62,10
AU,6,681432,1,17,62,9
GME,23,681432,1,17,62,9
GME,23,681283,1,17,62,4
GME,23,681433,1,17,62,9
ASN,2,681362,1,17,62,7
GM,22,681390,1,17,62,8
BE,7,681274,1,17,62,4
AU,6,681400,1,17,62,8
ITE,24,681277,1,17,62,4
ASN,4,681319,1,17,62,5
ASN,2,681401,1,17,62,8
BE,7,681279,1,17,62,4
ASN,2,681331,1,17,62,6
BE,7,681400,1,17,62,8
GME,23,681344,1,17,62,6
EZE,21,681292,1,17,62,4
ASN,2,681318,1,17,62,5
EZE,21,681309,1,17,62,5
ASN,2,681315,1,17,62,5
AGE,1,681277,1,17,63,4
AGE,1,681501,1,17,63,11
EZE,21,681401,1,17,63,8
AGE,1,681482,1,17,63,11
GME,23,681329,1,17,63,6
AGE,1,681210,1,17,63,2
AGE,1,681251,1,17,63,3
UK,28,681432,1,17,63,9
AGE,1,681264,1,17,63,3
AGE,1,681261,1,17,63,3
AU,6,681458,1,17,63,10
GME,23,681284,1,17,63,4
BE,7,681322,1,17,63,5
AGE,1,681502,1,17,63,11
GME,23,681385,1,17,63,7
AGE,1,681506,1,17,63,11
AGE,1,681481,1,17,63,10
AGE,1,681504,1,17,63,11
AU,6,681280,1,17,63,4
BE,7,681316,1,17,63,5
AGE,1,681478,1,17,63,10
AGE,1,681228,1,17,63,2
BE,7,681324,1,17,63,5
AGE,1,681221,1,17,63,2
GME,23,681429,1,17,63,9
AGE,1,681266,1,17,63,3
AGE,1,681274,1,17,63,4
EZE,21,681460,1,17,63,10
AGE,1,681223,1,17,63,2
AGE,1,681480,1,17,63,10
GME,23,681305,1,17,63,5
ASN,4,681292,1,17,63,4
GME,23,681438,1,17,63,9
EZE,21,681304,1,17,63,5
BE,7,681275,1,17,63,4
ASN,2,681443,1,17,63,9
UK,28,681446,1,17,63,9
ASN,4,681423,1,17,63,9
AU,6,681322,1,17,63,5
ITE,24,681313,1,17,63,5
ASN,2,681351,1,17,63,6
BE,7,681305,1,17,63,5
UK,28,681388,1,17,63,7
GM,22,681436,1,17,63,9
GM,22,681283,1,17,63,4
ASN,4,681444,1,17,63,9
GM,22,681424,1,17,63,9
BE,7,681440,1,17,63,9
ITE,24,681486,1,17,63,11
CA,12,681278,1,17,63,4
ASN,4,681361,1,17,63,7
UK,27,681392,1,17,63,8
ASN,5,681333,1,17,63,6
CA,15,681462,1,17,63,10
CA,10,681346,1,17,63,6
CA,9,681404,1,17,63,8
ASN,5,681393,1,17,63,8
CA,13,681438,1,17,63,9
CA,16,681333,1,17,63,6
CA,18,681427,1,17,63,9
CA,10,681462,1,17,63,10
CA,18,681321,1,17,63,5
UK,27,681419,1,17,63,8
CA,16,681340,1,17,63,6
CA,9,681467,1,17,63,10
CA,15,681428,1,17,63,9
ASN,5,681269,1,17,63,4
UK,27,681399,1,17,63,8
CA,17,681427,1,17,63,9
UK,27,681347,1,17,63,6
ASN,4,681484,1,17,63,11
CA,10,681306,1,17,63,5
UK,27,681323,1,17,63,5
UK,27,681398,1,17,63,8
ASN,5,681463,1,17,63,10
EIE,20,681426,1,17,63,9
CA,14,681323,1,17,63,5
CA,15,681431,1,17,63,9
UK,27,681397,1,17,63,8
EZE,21,681367,1,17,63,7
ASN,4,681425,1,17,63,9
CA,10,681433,1,17,63,9
CA,18,681472,1,17,63,10
UK,27,681334,1,17,63,6
CA,15,681322,1,17,63,5
CA,12,681321,1,17,63,5
CA,15,681307,1,17,63,5
CA,15,681434,1,17,63,9
CA,9,681230,1,17,63,2
ASN,5,681362,1,17,63,7
USC,29,681321,1,17,63,5
ASN,5,681203,1,17,63,1
CA,18,681462,1,17,63,10
UK,27,681333,1,17,63,6
ASN,4,681295,1,17,63,4
CA,12,681237,1,17,63,3
UK,27,681393,1,17,63,8
USC,29,681459,1,17,63,10
USC,29,681443,1,17,63,9
USC,29,681465,1,17,63,10
UK,27,681329,1,17,63,6
ASN,4,681476,1,17,63,10
CA,16,681301,1,17,63,5
ASN,5,681476,1,17,63,10
BE,7,681406,1,17,63,8
CA,17,681413,1,17,63,8
UK,27,681389,1,17,63,7
ASN,5,681390,1,17,63,8
CA,9,681414,1,17,63,8
UK,27,681330,1,17,63,6
USC,29,681457,1,17,63,10
CA,16,681327,1,17,63,5
USC,29,681480,1,17,63,10
USC,29,681406,1,17,63,8
CA,16,681489,1,17,63,11
UK,27,681390,1,17,63,8
EIE,20,681302,1,17,63,5
EIE,20,681297,1,17,63,4
CA,15,681444,1,17,63,9
ASN,5,681331,1,17,63,6
EIE,20,681450,1,17,63,9
CA,15,681411,1,17,63,8
CA,17,681411,1,17,63,8
EIE,20,681290,1,17,63,4
CA,12,681312,1,17,63,5
CA,17,681356,1,17,63,6
ASN,5,681410,1,17,63,8
CA,16,681461,1,17,63,10
CA,13,681445,1,17,63,9
CA,12,681446,1,17,63,9
ASN,4,681359,1,17,63,7
ASN,5,681495,1,17,63,11
USC,29,681444,1,17,63,9
CA,15,681290,1,17,63,4
ASN,5,681359,1,17,63,7
ASN,4,681318,1,17,63,5
GME,23,681399,1,17,63,8
GM,22,681346,1,17,63,6
ITE,25,681265,1,17,63,3
BE,7,681436,1,17,63,9
BE,7,681401,1,17,63,8
ASN,4,681412,1,17,63,8
ITE,24,681485,1,17,63,11
ASN,4,681330,1,17,63,6
AU,6,681279,1,17,63,4
ASN,4,681313,1,17,63,5
ASN,2,681316,1,17,63,5
ASN,2,681364,1,17,63,7
AU,6,681456,1,17,63,10
ASN,4,681499,1,17,63,11
GME,23,681381,1,17,63,7
ASN,4,681333,1,17,63,6
ASN,2,681392,1,17,63,8
BE,7,681418,1,17,63,8
ASN,4,681439,1,17,63,9
EZE,21,681378,1,17,63,7
ASN,2,681450,1,17,63,9
ASN,4,681511,1,17,63,11
ASN,2,681326,1,17,63,5
ASN,4,681500,1,17,63,11
EZE,21,681403,1,17,63,8
ITE,25,681279,1,17,63,4
UK,28,681404,1,17,63,8
GME,23,681308,1,17,63,5
ASN,2,681361,1,17,63,7
BE,7,681453,1,17,63,10
BE,7,681438,1,17,63,9
EZE,21,681423,1,17,63,9
ITE,24,681323,1,18,64,5
UK,28,681345,1,18,64,6
GME,23,681277,1,18,64,4
AGE,1,681509,1,18,64,11
AGE,1,681222,1,18,64,2
GME,23,681402,1,18,64,8
AGE,1,681209,1,18,64,2
ASN,5,681456,1,18,64,10
ITE,24,681275,1,18,64,4
ITE,24,681467,1,18,64,10
ITE,25,681278,1,18,64,4
BE,7,681378,1,18,64,7
ITE,24,681283,1,18,64,4
AGE,1,681273,1,18,64,4
ITE,24,681487,1,18,64,11
ASN,4,681491,1,18,64,11
ITE,25,681466,1,18,64,10
AGE,1,681278,1,18,64,4
AGE,1,681500,1,18,64,11
UK,28,681398,1,18,64,8
AGE,1,681227,1,18,64,2
UK,28,681403,1,18,64,8
GME,23,681424,1,18,64,9
BE,7,681456,1,18,64,10
GM,22,681401,1,18,64,8
UK,28,681448,1,18,64,9
GM,22,681367,1,18,64,7
ASN,2,681393,1,18,64,8
ASN,2,681418,1,18,64,8
GME,23,681436,1,18,64,9
GM,22,681384,1,18,64,7
UK,28,681422,1,18,64,9
ASN,2,681394,1,18,64,8
ASN,2,681463,1,18,64,10
GM,22,681345,1,18,64,6
ITE,25,681298,1,18,64,5
ASN,2,681363,1,18,64,7
UK,28,681447,1,18,64,9
GM,22,681439,1,18,64,9
ASN,4,681411,1,18,64,8
ASN,4,681492,1,18,64,11
BE,7,681435,1,18,64,9
ASN,2,681456,1,18,64,10
ASN,2,681419,1,18,64,8
ASN,4,681420,1,18,64,8
ASN,4,681244,1,18,64,3
ASN,4,681465,1,18,64,10
ASN,4,681311,1,18,64,5
UK,28,681322,1,18,64,5
UK,28,681326,1,18,64,5
BE,7,681423,1,18,64,9
ASN,4,681433,1,18,64,9
ITE,25,681321,1,18,64,5
UK,28,681470,1,18,64,10
ASN,4,681507,1,18,64,11
EIE,20,681400,1,18,64,8
ASN,2,681400,1,18,64,8
ITE,25,681297,1,18,64,4
CA,15,681335,1,18,64,6
CA,14,681470,1,18,64,10
BE,7,681455,1,18,64,10
CA,16,681470,1,18,64,10
CA,12,681328,1,18,64,5
UK,27,681418,1,18,64,8
EZE,21,681381,1,18,64,7
ASN,5,681312,1,18,64,5
CA,9,681427,1,18,64,9
CA,14,681329,1,18,64,6
CA,14,681410,1,18,64,8
CA,17,681332,1,18,64,6
ASN,5,681483,1,18,64,11
UK,27,681400,1,18,64,8
ASN,2,681341,1,18,64,6
EIE,20,681407,1,18,64,8
CA,17,681414,1,18,64,8
CA,18,681307,1,18,64,5
ASN,5,681482,1,18,64,11
CA,14,681404,1,18,64,8
CA,12,681327,1,18,64,5
CA,13,681334,1,18,64,6
CA,16,681420,1,18,64,8
ASN,2,681334,1,18,64,6
CA,13,681462,1,18,64,10
CA,12,681314,1,18,64,5
EIE,20,681295,1,18,64,4
CA,17,681449,1,18,64,9
CA,12,681462,1,18,64,10
CA,14,681307,1,18,64,5
CA,18,681295,1,18,64,4
CA,10,681307,1,18,64,5
USC,29,681470,1,18,64,10
ASN,2,681348,1,18,64,6
CA,14,681419,1,18,64,8
CA,9,681335,1,18,64,6
CA,9,681459,1,18,64,10
EIE,20,681425,1,18,64,9
ASN,5,681335,1,18,64,6
UK,27,681314,1,18,64,5
ASN,5,681413,1,18,64,8
ASN,5,681315,1,18,64,5
UK,27,681424,1,18,64,9
EIE,20,681309,1,18,64,5
CA,14,681459,1,18,64,10
EIE,20,681402,1,18,64,8
UK,27,681416,1,18,64,8
EIE,20,681306,1,18,64,5
ASN,5,681418,1,18,64,8
EIE,20,681312,1,18,64,5
EIE,20,681427,1,18,64,9
USC,29,681271,1,18,64,4
CA,14,681271,1,18,64,4
UK,27,681358,1,18,64,6
ASN,2,681345,1,18,64,6
UK,27,681391,1,18,64,8
CA,17,681345,1,18,64,6
ASN,5,681317,1,18,64,5
CA,16,681463,1,18,64,10
USC,29,681466,1,18,64,10
CA,13,681460,1,18,64,10
CA,17,681437,1,18,64,9
CA,14,681437,1,18,64,9
ASN,5,681394,1,18,64,8
CA,18,681346,1,18,64,6
CA,14,681467,1,18,64,10
CA,17,681436,1,18,64,9
ASN,5,681395,1,18,64,8
EZE,21,681346,1,18,64,6
ITE,24,681278,1,18,64,4
EIE,20,681304,1,18,64,5
CA,18,681434,1,18,64,9
USC,29,681302,1,18,64,5
UK,27,681362,1,18,64,7
CA,14,681344,1,18,64,6
GME,23,681390,1,18,64,8
GM,22,681292,1,18,64,4
UK,27,681387,1,18,64,7
EIE,20,681292,1,18,64,4
ASN,5,681319,1,18,64,5
ITE,24,681319,1,18,64,5
CA,9,681356,1,18,64,6
UK,27,681386,1,18,64,7
CA,10,681444,1,18,64,9
CA,9,681444,1,18,64,9
ASN,5,681301,1,18,64,5
CA,10,681447,1,18,64,9
CA,14,681447,1,18,64,9
CA,14,681465,1,18,64,10
CA,15,681447,1,18,64,9
CA,15,681272,1,18,64,4
CA,17,681447,1,18,64,9
CA,17,681289,1,18,64,4
ASN,5,681504,1,18,64,11
CA,18,681447,1,18,64,9
ASN,5,681337,1,18,64,6
CA,14,681272,1,18,64,4
GM,22,681441,1,18,64,9
CA,15,681433,1,18,64,9
ASN,2,681346,1,18,64,6
UK,27,681365,1,18,64,7
CA,17,681431,1,18,64,9
CA,12,681347,1,18,64,6
CA,14,681279,1,18,64,4
CA,17,681279,1,18,64,4
CA,18,681322,1,18,64,5
CA,9,681305,1,18,64,5
CA,15,681448,1,18,64,9
CA,15,681460,1,18,64,10
CA,14,681428,1,18,64,9
UK,28,681364,1,18,64,7
CA,12,681305,1,18,64,5
USC,29,681469,1,18,64,10
CA,14,681469,1,18,64,10
CA,9,681323,1,18,64,5
USC,29,681468,1,18,64,10
CA,18,681305,1,18,64,5
BE,7,681364,1,18,64,7
BE,7,681458,1,18,64,10
GME,23,681407,1,18,64,8
ASN,4,681513,1,18,64,12
BE,7,681405,1,18,64,8
UK,28,681360,1,18,64,7
BE,7,681283,1,18,64,4
GM,22,681385,1,18,64,7
GM,22,681381,1,18,64,7
BE,7,681278,1,18,64,4
ASN,2,681366,1,18,64,7
ITE,25,681296,1,18,64,4
ITE,24,681288,1,18,64,4
ITE,25,681312,1,18,64,5
ASN,2,681332,1,18,64,6
GME,23,681292,1,18,64,4
BE,7,681317,1,18,64,5
ASN,4,681322,1,18,64,5
GM,22,681284,1,18,64,4
UK,28,681405,1,18,64,8
EZE,21,681360,1,18,64,7
ITE,25,681289,1,18,64,4
AGE,1,681284,1,18,64,4
EZE,21,681424,1,18,64,9
AGE,1,681494,1,18,64,11
AGE,1,681476,1,18,64,10
GM,22,681418,1,18,64,8
AGE,1,681495,1,18,64,11
AGE,1,681496,1,18,64,11
AGE,1,681479,1,18,64,10
ASN,2,681447,1,18,64,9
GM,22,681329,1,18,64,6
ITE,24,681466,1,18,64,10
AGE,1,681252,1,18,64,3
AGE,1,681497,1,18,64,11
AGE,1,681260,1,18,64,3
AGE,1,681285,1,18,64,4
AGE,1,681304,1,18,64,5
BE,7,681445,1,18,64,9
UK,28,681396,1,18,64,8
AGE,1,681279,1,18,64,4
AGE,1,681305,1,18,64,5
BE,7,681394,1,18,64,8
ITE,24,681298,1,18,64,5
AGE,1,681235,1,18,64,2
AU,6,681423,1,18,64,9
AGE,1,681211,1,18,64,2
EZE,21,681433,1,18,64,9
AGE,1,681484,1,18,64,11
ASN,4,681343,1,18,64,6
ITE,25,681291,1,18,64,4
AGE,1,681280,1,18,64,4
ASN,2,681273,1,18,65,4
EZE,21,681379,1,18,65,7
BE,7,681396,1,18,65,8
AU,6,681440,1,18,65,9
GM,22,681395,1,18,65,8
BE,7,681286,1,18,65,4
ASN,4,681272,1,18,65,4
ITE,24,681315,1,18,65,5
ASN,5,681420,1,18,65,8
GM,22,681305,1,18,65,5
UK,28,681346,1,18,65,6
UK,28,681449,1,18,65,9
ASN,2,681464,1,18,65,10
GM,22,681432,1,18,65,9
UK,28,681438,1,18,65,9
ITE,25,681264,1,18,65,3
UK,28,681421,1,18,65,9
AU,6,681292,1,18,65,4
BE,7,681280,1,18,65,4
BE,7,681439,1,18,65,9
UK,28,681445,1,18,65,9
AU,6,681463,1,18,65,10
EZE,21,681285,1,18,65,4
AU,6,681304,1,18,65,5
ITE,25,681266,1,18,65,3
ASN,2,681367,1,18,65,7
ASN,2,681347,1,18,65,6
ASN,4,681531,1,18,65,12
ASN,2,681455,1,18,65,10
UK,28,681313,1,18,65,5
ASN,2,681396,1,18,65,8
ASN,4,681204,1,18,65,1
ASN,2,681395,1,18,65,8
EZE,21,681395,1,18,65,8
CA,17,681347,1,18,65,6
CA,14,681335,1,18,65,6
CA,16,681347,1,18,65,6
EIE,20,681413,1,18,65,8
CA,14,681472,1,18,65,10
USC,29,681442,1,18,65,9
CA,16,681312,1,18,65,5
CA,18,681459,1,18,65,10
CA,13,681446,1,18,65,9
ASN,4,681312,1,18,65,5
CA,12,681411,1,18,65,8
ASN,5,681343,1,18,65,6
CA,16,681427,1,18,65,9
USC,29,681249,1,18,65,3
EIE,20,681311,1,18,65,5
ASN,5,681505,1,18,65,11
CA,9,681311,1,18,65,5
CA,14,681430,1,18,65,9
CA,10,681428,1,18,65,9
ASN,5,681510,1,18,65,11
ASN,4,681512,1,18,65,12
CA,13,681413,1,18,65,8
CA,15,681329,1,18,65,6
ASN,5,681451,1,18,65,10
ASN,5,681303,1,18,65,5
ASN,5,681442,1,18,65,9
USC,29,681449,1,18,65,9
CA,10,681467,1,18,65,10
CA,10,681333,1,18,65,6
UK,28,681468,1,18,65,10
CA,15,681437,1,18,65,9
CA,17,681333,1,18,65,6
ASN,5,681457,1,18,65,10
CA,10,681305,1,18,65,5
USC,29,681436,1,18,65,9
CA,15,681467,1,18,65,10
EIE,20,681421,1,18,65,9
UK,28,681303,1,18,65,5
USC,29,681473,1,18,65,10
ASN,2,681422,1,18,65,9
GME,23,681346,1,18,65,6
CA,10,681459,1,18,65,10
ASN,5,681334,1,18,65,6
ASN,4,681459,1,18,65,10
CA,16,681307,1,18,65,5
CA,10,681434,1,18,65,9
ASN,5,681286,1,18,65,4
ASN,5,681468,1,18,65,10
CA,17,681468,1,18,65,10
CA,14,681468,1,18,65,10
ASN,5,681499,1,18,65,11
CA,17,681330,1,18,65,6
CA,17,681419,1,18,65,8
ASN,4,681419,1,18,65,8
CA,15,681459,1,18,65,10
CA,17,681357,1,18,65,6
CA,10,681284,1,18,65,4
CA,15,681430,1,18,65,9
CA,14,681284,1,18,65,4
ASN,2,681477,1,18,65,10
ASN,5,681241,1,18,65,3
ASN,2,681344,1,18,65,6
EIE,20,681293,1,18,65,4
CA,17,681331,1,18,65,6
CA,15,681340,1,18,65,6
EIE,20,681303,1,18,65,5
EIE,20,681416,1,18,65,8
EIE,20,681344,1,18,65,6
ASN,4,681195,1,18,65,1
CA,15,681305,1,18,65,5
CA,10,681431,1,18,65,9
EIE,20,681417,1,18,65,8
CA,14,681431,1,18,65,9
GME,23,681439,1,18,65,9
ASN,2,681196,1,18,65,1
CA,14,681288,1,18,65,4
ASN,4,681450,1,18,65,9
ASN,4,681196,1,18,65,1
ASN,5,681240,1,18,65,3
ASN,5,681274,1,18,65,4
CA,10,681332,1,18,65,6
ASN,5,681266,1,18,65,3
EIE,20,681396,1,18,65,8
UK,27,681407,1,18,65,8
ASN,4,681269,1,18,65,4
UK,27,681394,1,18,65,8
EIE,20,681313,1,18,65,5
ASN,4,681394,1,18,65,8
CA,10,681490,1,18,65,11
ASN,4,681270,1,18,65,4
UK,28,681392,1,18,65,8
ASN,5,681271,1,18,65,4
ASN,5,681321,1,18,65,5
ASN,4,681321,1,18,65,5
CA,10,681461,1,18,65,10
CA,12,681461,1,18,65,10
CA,10,681271,1,18,65,4
CA,10,681397,1,18,65,8
CA,15,681279,1,18,65,4
CA,18,681279,1,18,65,4
ASN,2,681398,1,18,65,8
ASN,2,681461,1,18,65,10
ASN,5,681281,1,18,65,4
CA,10,681326,1,18,65,5
ASN,5,681293,1,18,65,4
UK,27,681403,1,18,65,8
USC,29,681296,1,18,65,4
ASN,4,681263,1,18,65,3
ASN,5,681511,1,18,65,11
CA,17,681402,1,18,65,8
ASN,5,681491,1,18,65,11
BE,7,681407,1,18,65,8
BE,7,681399,1,18,65,8
CA,10,681314,1,18,65,5
ASN,4,681520,1,18,65,12
EIE,20,681398,1,18,65,8
ASN,5,681282,1,18,65,4
AU,6,681401,1,18,65,8
UK,27,681317,1,18,65,5
CA,17,681405,1,18,65,8
ASN,5,681320,1,18,65,5
ASN,5,681488,1,18,65,11
BE,7,681388,1,18,65,7
CA,18,681272,1,18,65,4
UK,27,681388,1,18,65,7
GM,22,681276,1,18,65,4
ASN,5,681318,1,18,65,5
EZE,21,681388,1,18,65,7
ASN,5,681391,1,18,65,8
ASN,2,681438,1,18,65,9
AU,6,681278,1,18,65,4
ASN,2,681312,1,18,65,5
ITE,24,681269,1,18,65,4
BE,7,681403,1,18,65,8
ASN,2,681457,1,18,65,10
ASN,2,681462,1,18,65,10
UK,28,681393,1,18,65,8
BE,7,681393,1,18,65,8
ITE,25,681461,1,18,65,10
BE,7,681441,1,18,65,9
GME,23,681404,1,18,65,8
AGE,1,681483,1,18,65,11
ASN,4,681255,1,18,65,3
GM,22,681366,1,18,65,7
EZE,21,681307,1,18,65,5
GME,23,681418,1,18,65,8
EZE,21,681299,1,18,65,5
EZE,21,681305,1,18,65,5
AGE,1,681511,1,18,65,11
AGE,1,681320,1,18,65,5
ASN,4,681446,1,18,65,9
AGE,1,681293,1,18,65,4
GME,23,681403,1,18,65,8
AGE,1,681508,1,18,65,11
AGE,1,681263,1,18,65,3
ITE,24,681314,1,18,65,5
BE,7,681346,1,18,65,6
AGE,1,681493,1,18,65,11
GM,22,681360,1,18,65,7
GM,22,681382,1,19,65,7
BE,7,681430,1,19,65,9
ASN,4,681283,1,19,65,4
ASN,2,681465,1,19,65,10
AU,6,681402,1,19,65,8
UK,28,681418,1,19,65,8
GM,22,681433,1,19,65,9
UK,28,681416,1,19,65,8
ITE,25,681292,1,19,65,4
UK,28,681429,1,19,66,9
ASN,4,681501,1,19,66,11
UK,28,681397,1,19,66,8
ASN,2,681342,1,19,66,6
EZE,21,681440,1,19,66,9
UK,28,681327,1,19,66,5
ASN,2,681313,1,19,66,5
EZE,21,681293,1,19,66,4
EZE,21,681441,1,19,66,9
ASN,4,681250,1,19,66,3
ASN,2,681416,1,19,66,8
ITE,25,681460,1,19,66,10
BE,7,681389,1,19,66,7
BE,7,681402,1,19,66,8
ASN,2,681421,1,19,66,9
UK,28,681333,1,19,66,6
ASN,2,681333,1,19,66,6
EZE,21,681402,1,19,66,8
GME,23,681445,1,19,66,9
ASN,2,681325,1,19,66,5
ASN,2,681451,1,19,66,10
UK,28,681426,1,19,66,9
GME,23,681446,1,19,66,9
GME,23,681378,1,19,66,7
EZE,21,681281,1,19,66,4
BE,7,681404,1,19,66,8
GM,22,681344,1,19,66,6
ASN,2,681495,1,19,66,11
ITE,24,681458,1,19,66,10
BE,7,681432,1,19,66,9
AU,6,681394,1,19,66,8
AU,6,681294,1,19,66,4
ASN,2,681413,1,19,66,8
ASN,4,681320,1,19,66,5
BE,7,681395,1,19,66,8
ASN,4,681302,1,19,66,5
ITE,25,681459,1,19,66,10
BE,7,681362,1,19,66,7
GME,23,681441,1,19,66,9
AU,6,681308,1,19,66,5
EIE,20,681403,1,19,66,8
EIE,20,681422,1,19,66,9
ASN,5,681186,1,19,66,1
CA,16,681315,1,19,66,5
USC,29,681303,1,19,66,5
GME,23,681437,1,19,66,9
ASN,2,681423,1,19,66,9
CA,12,681437,1,19,66,9
CA,15,681315,1,19,66,5
CA,15,681393,1,19,66,8
CA,17,681457,1,19,66,10
ASN,5,681292,1,19,66,4
CA,9,681295,1,19,66,4
ASN,5,681195,1,19,66,1
ASN,2,681441,1,19,66,9
ASN,5,681272,1,19,66,4
ASN,5,681345,1,19,66,6
UK,27,681384,1,19,66,7
EIE,20,681345,1,19,66,6
CA,15,681453,1,19,66,10
CA,18,681404,1,19,66,8
CA,17,681420,1,19,66,8
EIE,20,681392,1,19,66,8
ASN,5,681516,1,19,66,12
ASN,5,681346,1,19,66,6
CA,12,681346,1,19,66,6
ASN,5,681506,1,19,66,11
ASN,2,681319,1,19,66,5
CA,17,681339,1,19,66,6
CA,16,681278,1,19,66,4
CA,16,681346,1,19,66,6
ASN,5,681454,1,19,66,10
EIE,20,681365,1,19,66,7
EZE,21,681335,1,19,66,6
ASN,2,681429,1,19,66,9
CA,13,681444,1,19,66,9
CA,18,681347,1,19,66,6
BE,7,681363,1,19,66,7
CA,12,681444,1,19,66,9
ASN,5,681444,1,19,66,9
CA,12,681433,1,19,66,9
CA,15,681323,1,19,66,5
CA,17,681448,1,19,66,9
ASN,5,681210,1,19,66,2
EIE,20,681294,1,19,66,4
CA,14,681398,1,19,66,8
CA,17,681433,1,19,66,9
CA,14,681334,1,19,66,6
EIE,20,681418,1,19,66,8
CA,13,681427,1,19,66,9
CA,16,681305,1,19,66,5
CA,18,681402,1,19,66,8
BE,7,681361,1,19,66,7
EIE,20,681424,1,19,66,9
CA,18,681340,1,19,66,6
CA,14,681425,1,19,66,9
ASN,4,681264,1,19,66,3
ASN,5,681275,1,19,66,4
USC,29,681510,1,19,66,11
USC,29,681447,1,19,66,9
CA,14,681357,1,19,66,6
CA,12,681445,1,19,66,9
USC,29,681304,1,19,66,5
UK,27,681382,1,19,66,7
UK,28,681386,1,19,66,7
EIE,20,681399,1,19,66,8
CA,15,681347,1,19,66,6
EIE,20,681401,1,19,66,8
USC,29,681327,1,19,66,5
ASN,5,681296,1,19,66,4
EIE,20,681406,1,19,66,8
EIE,20,681314,1,19,66,5
EIE,20,681408,1,19,66,8
ASN,2,681529,1,19,66,12
ASN,5,681255,1,19,66,3
USC,29,681412,1,19,66,8
CA,13,681411,1,19,66,8
EIE,20,681331,1,19,66,6
CA,14,681409,1,19,66,8
USC,29,681282,1,19,66,4
EIE,20,681411,1,19,66,8
CA,15,681295,1,19,66,4
EIE,20,681310,1,19,66,5
USC,29,681331,1,19,66,6
ASN,5,681244,1,19,66,3
CA,12,681311,1,19,66,5
ASN,5,681415,1,19,66,8
UK,28,681291,1,19,66,4
CA,16,681328,1,19,66,5
USC,29,681251,1,19,66,3
ASN,4,681517,1,19,66,12
ASN,5,681496,1,19,66,11
CA,16,681412,1,19,66,8
ASN,5,681251,1,19,66,3
EIE,20,681414,1,19,66,8
AU,6,681395,1,19,66,8
AGE,1,681492,1,19,66,11
ITE,25,681313,1,19,66,5
AGE,1,681507,1,19,66,11
GM,22,681404,1,19,66,8
ITE,25,681465,1,19,66,10
GM,22,681333,1,19,66,6
GM,22,681437,1,19,66,9
BE,7,681391,1,19,66,8
AGE,1,681498,1,19,66,11
AGE,1,681283,1,19,66,4
AGE,1,681303,1,19,66,5
GM,22,681394,1,19,66,8
AGE,1,681262,1,19,66,3
AGE,1,681236,1,19,66,2
AGE,1,681294,1,19,66,4
ITE,24,681460,1,19,66,10
AGE,1,681319,1,19,66,5
ITE,24,681299,1,19,66,5
AGE,1,681306,1,19,66,5
AGE,1,681267,1,19,66,3
EZE,21,681407,1,19,66,8
ITE,24,681297,1,19,66,4
AGE,1,681237,1,19,66,3
AGE,1,681307,1,19,66,5
BE,7,681419,1,19,66,8
AGE,1,681499,1,19,66,11
GME,23,681406,1,19,66,8
AGE,1,681286,1,19,66,4
GM,22,681379,1,19,66,7
BE,7,681433,1,19,66,9
UK,28,681395,1,19,66,8
GM,22,681406,1,19,66,8
ASN,4,681209,1,19,66,2
ASN,4,681426,1,19,66,9
ASN,4,681265,1,19,66,3
UK,28,681365,1,19,66,7
BE,7,681428,1,19,66,9
GME,23,681394,1,19,66,8
ASN,2,681293,1,19,66,4
EZE,21,681325,1,19,66,5
BE,7,681360,1,19,66,7
GM,22,681361,1,19,66,7
UK,28,681362,1,19,66,7
UK,28,681409,1,19,66,8
EZE,21,681383,1,19,66,7
UK,28,681387,1,19,66,7
GM,22,681378,1,19,66,7
UK,28,681358,1,19,66,6
BE,7,681359,1,19,67,7
ITE,25,681319,1,19,67,5
ITE,25,681462,1,19,67,10
UK,28,681340,1,19,67,6
ITE,25,681464,1,19,67,10
UK,28,681428,1,19,67,9
UK,28,681361,1,19,67,7
UK,28,681316,1,19,67,5
ASN,2,681445,1,19,67,9
ASN,2,681414,1,19,67,8
UK,28,681425,1,19,67,9
UK,28,681319,1,19,67,5
ASN,4,681323,1,19,67,5
BE,7,681398,1,19,67,8
UK,28,681424,1,19,67,9
GM,22,681407,1,19,67,8
GM,22,681342,1,19,67,6
BE,7,681397,1,19,67,8
UK,28,681328,1,19,67,5
AU,6,681281,1,19,67,4
GM,22,681386,1,19,67,7
ASN,2,681320,1,19,67,5
ASN,2,681515,1,19,67,12
ASN,2,681496,1,19,67,11
BE,7,681446,1,19,67,9
ITE,25,681446,1,19,67,9
BE,7,681292,1,19,67,4
ASN,2,681494,1,19,67,11
ASN,2,681505,1,19,67,11
UK,27,681337,1,19,67,6
CA,16,681290,1,19,67,4
ASN,4,681528,1,19,67,12
ASN,5,681445,1,19,67,9
UK,28,681452,1,19,67,10
ASN,5,681528,1,19,67,12
CA,12,681463,1,19,67,10
ASN,5,681258,1,19,67,3
UK,27,681349,1,19,67,6
CA,14,681432,1,19,67,9
CA,17,681316,1,19,67,5
CA,10,681356,1,19,67,6
CA,10,681463,1,19,67,10
EIE,20,681397,1,19,67,8
ASN,5,681531,1,19,67,12
ASN,5,681324,1,19,67,5
USC,29,681305,1,19,67,5
ASN,5,681350,1,19,67,6
USC,29,681445,1,19,67,9
EIE,20,681415,1,19,67,8
CA,18,681323,1,19,67,5
EZE,21,681398,1,19,67,8
CA,17,681469,1,19,67,10
EIE,20,681330,1,19,67,6
CA,17,681430,1,19,67,9
CA,14,681448,1,19,67,9
CA,15,681461,1,19,67,10
ASN,5,681470,1,19,67,10
CA,12,681284,1,19,67,4
EIE,20,681366,1,19,67,7
GM,22,681293,1,19,67,4
CA,15,681468,1,19,67,10
CA,18,681356,1,19,67,6
EIE,20,681337,1,19,67,6
CA,17,681409,1,19,67,8
CA,16,681413,1,19,67,8
ASN,4,681535,1,19,67,12
ASN,5,681304,1,19,67,5
EIE,20,681348,1,19,67,6
CA,15,681357,1,19,67,6
CA,12,681329,1,19,67,6
ASN,5,681250,1,19,67,3
ITE,25,681288,1,19,67,4
UK,27,681357,1,19,67,6
ASN,5,681302,1,19,67,5
USC,29,681435,1,19,67,9
USC,29,681312,1,19,67,5
CA,10,681391,1,19,67,8
EIE,20,681412,1,19,67,8
EZE,21,681385,1,19,67,7
EZE,21,681391,1,19,67,8
ASN,5,681254,1,19,67,3
ASN,5,681196,1,19,67,1
CA,14,681466,1,19,67,10
UK,27,681408,1,19,67,8
CA,10,681321,1,19,67,5
CA,17,681466,1,19,67,10
CA,10,681294,1,19,67,4
CA,12,681460,1,19,67,10
CA,9,681279,1,19,67,4
CA,9,681304,1,19,67,5
ASN,5,681513,1,19,67,12
CA,15,681356,1,19,67,6
CA,16,681356,1,19,67,6
ASN,5,681518,1,19,67,12
CA,13,681433,1,19,67,9
ITE,24,681316,1,19,67,5
UK,27,681319,1,19,67,5
CA,10,681322,1,19,67,5
EIE,20,681362,1,19,67,7
CA,12,681434,1,19,67,9
CA,17,681451,1,19,67,10
EIE,20,681409,1,19,67,8
CA,17,681465,1,19,67,10
CA,10,681339,1,19,67,6
ASN,4,681435,1,19,67,9
CA,18,681467,1,19,67,10
EIE,20,681395,1,19,67,8
ASN,2,681322,1,19,67,5
UK,27,681410,1,19,67,8
CA,12,681435,1,19,67,9
ASN,5,681204,1,19,67,1
EIE,20,681343,1,19,67,6
CA,12,681304,1,19,67,5
ASN,5,681529,1,19,67,12
CA,17,681467,1,19,67,10
ASN,4,681502,1,19,67,11
CA,17,681286,1,19,67,4
USC,29,681295,1,19,67,4
CA,16,681291,1,19,67,4
CA,17,681404,1,19,67,8
CA,12,681334,1,19,67,6
CA,17,681471,1,19,67,10
CA,10,681472,1,19,67,10
UK,27,681315,1,19,67,5
CA,10,681405,1,19,67,8
EIE,20,681404,1,19,67,8
CA,13,681405,1,19,67,8
ASN,5,681423,1,19,67,9
GM,22,681403,1,19,67,8
ASN,5,681417,1,19,67,8
CA,15,681405,1,19,67,8
UK,27,681331,1,19,67,6
ASN,4,681237,1,19,67,3
USC,29,681448,1,19,67,9
CA,10,681425,1,19,67,9
GM,22,681380,1,19,67,7
USC,29,681280,1,19,67,4
CA,13,681459,1,19,67,10
CA,18,681315,1,19,67,5
ASN,5,681291,1,19,67,4
ASN,5,681508,1,19,67,11
GM,22,681419,1,19,67,8
CA,9,681307,1,19,67,5
EIE,20,681420,1,19,67,8
CA,14,681418,1,19,67,8
CA,15,681404,1,19,67,8
CA,17,681334,1,19,67,6
CA,14,681285,1,19,67,4
CA,18,681332,1,19,67,6
ASN,5,681519,1,19,67,12
EIE,20,681423,1,19,67,9
EIE,20,681334,1,19,67,6
CA,10,681418,1,19,67,8
AGE,1,681312,1,20,67,5
ASN,4,681413,1,20,67,8
BE,7,681442,1,20,67,9
AGE,1,681300,1,20,67,5
ITE,25,681438,1,20,67,9
AGE,1,681313,1,20,67,5
ASN,4,681445,1,20,67,9
ASN,4,681293,1,20,67,4
ASN,4,681486,1,20,67,11
AGE,1,681287,1,20,67,4
EZE,21,681387,1,20,67,7
AGE,1,681301,1,20,67,5
GME,23,681293,1,20,67,4
AU,6,681433,1,20,67,9
BE,7,681344,1,20,67,6
AGE,1,681288,1,20,67,4
UK,28,681359,1,20,67,7
ASN,2,681415,1,20,67,8
UK,28,681402,1,20,67,8
AU,6,681346,1,20,67,6
BE,7,681384,1,20,67,7
GM,22,681389,1,20,67,7
ITE,24,681327,1,20,67,5
GME,23,681395,1,20,67,8
EZE,21,681406,1,20,67,8
UK,28,681363,1,20,67,7
ASN,2,681321,1,20,67,5
EZE,21,681353,1,20,67,6
EZE,21,681382,1,20,67,7
ASN,2,681417,1,20,67,8
GME,23,681453,1,20,67,10
BE,7,681377,1,20,67,7
BE,7,681379,1,20,67,7
UK,28,681419,1,20,67,8
ASN,4,681281,1,20,67,4
ASN,4,681245,1,20,67,3
BE,7,681380,1,20,67,7
ASN,4,681523,1,20,67,12
UK,28,681406,1,20,67,8
ASN,4,681417,1,20,67,8
UK,28,681400,1,20,67,8
ASN,2,681437,1,20,67,9
UK,28,681314,1,20,67,5
UK,28,681380,1,20,67,7
UK,28,681341,1,20,67,6
UK,28,681420,1,20,67,8
BE,7,681392,1,20,67,8
ASN,2,681458,1,20,67,10
ASN,2,681516,1,20,67,12
BE,7,681365,1,20,67,7
ITE,24,681462,1,20,68,10
EZE,21,681394,1,20,68,8
BE,7,681326,1,20,68,5
AU,6,681287,1,20,68,4
BE,7,681420,1,20,68,8
ASN,4,681241,1,20,68,3
ITE,24,681448,1,20,68,9
ITE,25,681290,1,20,68,4
ITE,24,681310,1,20,68,5
EZE,21,681324,1,20,68,5
ASN,2,681517,1,20,68,12
BE,7,681366,1,20,68,7
GME,23,681380,1,20,68,7
AU,6,681430,1,20,68,9
UK,28,681423,1,20,68,9
ITE,25,681282,1,20,68,4
ASN,2,681489,1,20,68,11
GM,22,681325,1,20,68,5
EZE,21,681404,1,20,68,8
ASN,4,681180,1,20,68,1
GM,22,681301,1,20,68,5
UK,28,681382,1,20,68,7
BE,7,681327,1,20,68,5
ASN,2,681266,1,20,68,3
ITE,24,681461,1,20,68,10
BE,7,681429,1,20,68,9
GME,23,681281,1,20,68,4
ITE,25,681445,1,20,68,9
ASN,2,681518,1,20,68,12
EZE,21,681294,1,20,68,4
EZE,21,681362,1,20,68,7
ASN,2,681251,1,20,68,3
EZE,21,681301,1,20,68,5
UK,27,681413,1,20,68,8
ASN,4,681440,1,20,68,9
ASN,5,681509,1,20,68,11
EIE,20,681333,1,20,68,6
CA,9,681344,1,20,68,6
AU,6,681277,1,20,68,4
ASN,5,681206,1,20,68,1
CA,17,681344,1,20,68,6
ASN,5,681521,1,20,68,12
CA,17,681434,1,20,68,9
CA,10,681404,1,20,68,8
USC,29,681467,1,20,68,10
AGE,1,681290,1,20,68,4
CA,15,681336,1,20,68,6
CA,14,681391,1,20,68,8
AGE,1,681291,1,20,68,4
CA,13,681404,1,20,68,8
EIE,20,681419,1,20,68,8
CA,17,681358,1,20,68,6
ASN,5,681453,1,20,68,10
ASN,5,681239,1,20,68,3
CA,14,681393,1,20,68,8
ASN,5,681503,1,20,68,11
CA,17,681321,1,20,68,5
AGE,1,681295,1,20,68,4
CA,9,681327,1,20,68,5
CA,15,681465,1,20,68,10
CA,16,681437,1,20,68,9
ASN,5,681458,1,20,68,10
CA,13,681437,1,20,68,9
CA,14,681449,1,20,68,9
GM,22,681453,1,20,68,10
CA,17,681408,1,20,68,8
ASN,4,681506,1,20,68,11
EIE,20,681328,1,20,68,5
EIE,20,681394,1,20,68,8
ASN,4,681256,1,20,68,3
EIE,20,681390,1,20,68,8
CA,10,681329,1,20,68,6
CA,14,681315,1,20,68,5
ITE,24,681284,1,20,68,4
ASN,5,681288,1,20,68,4
UK,27,681411,1,20,68,8
EIE,20,681361,1,20,68,7
AGE,1,681253,1,20,68,3
CA,14,681395,1,20,68,8
CA,16,681311,1,20,68,5
USC,29,681316,1,20,68,5
EIE,20,681386,1,20,68,7
AGE,1,681289,1,20,68,4
CA,15,681409,1,20,68,8
BE,7,681422,1,20,68,9
UK,27,681376,1,20,68,7
AGE,1,681317,1,20,68,5
CA,9,681395,1,20,68,8
CA,16,681465,1,20,68,10
ASN,5,681325,1,20,68,5
ASN,4,681186,1,20,68,1
AGE,1,681275,1,20,68,4
EIE,20,681335,1,20,68,6
CA,17,681415,1,20,68,8
CA,9,681416,1,20,68,8
ASN,5,681300,1,20,68,5
EIE,20,681347,1,20,68,6
USC,29,681290,1,20,68,4
ASN,5,681520,1,20,68,12
ASN,2,681514,1,20,68,12
GME,23,681306,1,20,68,5
ITE,24,681279,1,20,68,4
CA,15,681410,1,20,68,8
CA,13,681469,1,20,68,10
CA,10,681469,1,20,68,10
CA,16,681445,1,20,68,9
ASN,4,681505,1,20,68,11
CA,14,681405,1,20,68,8
CA,16,681330,1,20,68,6
CA,9,681398,1,20,68,8
CA,9,681472,1,20,68,10
ASN,5,681323,1,20,68,5
CA,9,681405,1,20,68,8
ASN,5,681236,1,20,68,2
BE,7,681325,1,20,68,5
ASN,5,681497,1,20,68,11
CA,17,681428,1,20,68,9
CA,10,681410,1,20,68,8
CA,9,681426,1,20,68,9
CA,16,681306,1,20,68,5
EIE,20,681338,1,20,68,6
UK,27,681409,1,20,68,8
UK,27,681366,1,20,68,7
ASN,4,681477,1,20,68,10
USC,29,681286,1,20,68,4
UK,27,681415,1,20,68,8
AGE,1,681491,1,20,68,11
ASN,5,681515,1,20,68,12
CA,15,681427,1,20,68,9
ASN,5,681237,1,20,68,3
CA,18,681418,1,20,68,8
GME,23,681274,1,20,68,4
UK,27,681381,1,20,68,7
GM,22,681399,1,20,68,8
ASN,5,681287,1,20,68,4
CA,16,681456,1,20,68,10
EIE,20,681367,1,20,68,7
AGE,1,681316,1,20,68,5
EIE,20,681342,1,20,68,6
CA,17,681450,1,20,68,9
ASN,5,681180,1,20,68,1
UK,27,681348,1,20,68,6
CA,13,681414,1,20,68,8
USC,29,681413,1,20,68,8
CA,15,681432,1,20,68,9
ASN,5,681267,1,20,68,3
CA,17,681337,1,20,68,6
AGE,1,681314,1,20,68,5
ASN,5,681523,1,20,68,12
EIE,20,681363,1,20,68,7
CA,16,681402,1,20,68,8
CA,18,681468,1,20,68,10
EIE,20,681405,1,20,68,8
CA,10,681279,1,20,68,4
ASN,5,681538,1,20,68,12
CA,9,681329,1,20,68,6
ASN,5,681433,1,20,68,9
EIE,20,681315,1,20,68,5
ASN,5,681263,1,20,68,3
CA,16,681433,1,20,68,9
CA,15,681419,1,20,68,8
GME,23,681333,1,20,68,6
AU,6,681305,1,20,68,5
BE,7,681342,1,20,68,6
EZE,21,681284,1,20,68,4
GM,22,681281,1,20,68,4
GME,23,681360,1,20,68,7
GME,23,681389,1,20,68,7
GM,22,681377,1,20,68,7
EZE,21,681431,1,20,68,9
AU,6,681436,1,20,68,9
BE,7,681341,1,20,68,6
EZE,21,681380,1,20,68,7
BE,7,681381,1,20,68,7
BE,7,681347,1,20,68,6
ASN,2,681513,1,20,68,12
ASN,2,681452,1,20,68,10
BE,7,681390,1,20,68,8
ITE,25,681458,1,20,68,10
ASN,2,681314,1,20,68,5
ASN,2,681294,1,20,68,4
ITE,24,681459,1,20,68,10
UK,28,681347,1,20,69,6
GME,23,681334,1,20,69,6
ASN,2,681210,1,20,69,2
AU,6,681424,1,20,69,9
GME,23,681386,1,20,69,7
BE,7,681427,1,20,69,9
ASN,2,681506,1,20,69,11
ITE,24,681465,1,20,69,10
BE,7,681383,1,20,69,7
GM,22,681324,1,20,69,5
BE,7,681447,1,20,69,9
GME,23,681342,1,20,69,6
GM,22,681383,1,20,69,7
UK,28,681323,1,20,69,5
ASN,4,681472,1,20,69,10
ITE,24,681311,1,20,69,5
GME,23,681440,1,20,69,9
GM,22,681454,1,20,69,10
ASN,2,681466,1,20,69,10
ASN,2,681439,1,20,69,9
AU,6,681301,1,20,69,5
ASN,2,681267,1,20,69,3
AU,6,681390,1,20,69,8
ASN,2,681424,1,20,69,9
ASN,2,681292,1,20,69,4
AU,6,681286,1,20,69,4
GME,23,681408,1,20,69,8
ASN,2,681512,1,20,69,12
GM,22,681398,1,20,69,8
EZE,21,681411,1,20,69,8
ITE,25,681315,1,20,69,5
GM,22,681387,1,20,69,7
EZE,21,681352,1,20,69,6
ASN,2,681492,1,20,69,11
AU,6,681299,1,20,69,5
AU,6,681367,1,20,69,7
AU,6,681388,1,20,69,7
GM,22,681431,1,20,69,9
AGE,1,681466,1,20,69,10
ASN,2,681296,1,20,69,4
AGE,1,681333,1,20,69,6
ASN,4,681301,1,20,69,5
ITE,24,681447,1,20,69,9
ASN,4,681266,1,20,69,3
BE,7,681343,1,20,69,6
AGE,1,681315,1,20,69,5
ITE,25,681323,1,20,69,5
ASN,4,681251,1,20,69,3
GME,23,681335,1,20,69,6
AGE,1,681475,1,20,69,10
AGE,1,681334,1,20,69,6
AGE,1,681308,1,20,69,5
ITE,25,681280,1,20,69,4
GM,22,681348,1,20,69,6
ITE,25,681285,1,20,69,4
AGE,1,681490,1,20,69,11
GME,23,681392,1,20,69,8
ASN,2,681499,1,20,69,11
AGE,1,681465,1,20,69,10
AGE,1,681299,1,20,69,5
EZE,21,681389,1,20,69,7
EZE,21,681405,1,21,69,8
CA,9,681343,1,21,69,6
CA,14,681343,1,21,69,6
USC,29,681337,1,21,69,6
EIE,20,681410,1,21,69,8
EZE,21,681343,1,21,69,6
CA,16,681411,1,21,69,8
CA,15,681420,1,21,69,8
ITE,25,681300,1,21,69,5
ASN,2,681274,1,21,69,4
ASN,2,681476,1,21,69,10
CA,9,681272,1,21,69,4
ASN,5,681489,1,21,69,11
CA,10,681420,1,21,69,8
EIE,20,681332,1,21,69,6
CA,16,681444,1,21,69,9
CA,18,681465,1,21,69,10
ASN,2,681343,1,21,69,6
CA,18,681409,1,21,69,8
UK,27,681350,1,21,69,6
CA,10,681419,1,21,69,8
ASN,5,681190,1,21,69,1
UK,28,681385,1,21,69,7
ASN,5,681185,1,21,69,1
GME,23,681296,1,21,69,4
EIE,20,681346,1,21,69,6
ASN,5,681247,1,21,69,3
CA,16,681414,1,21,69,8
CA,12,681431,1,21,69,9
CA,15,681416,1,21,69,8
ASN,5,681310,1,21,69,5
CA,16,681431,1,21,69,9
CA,15,681472,1,21,69,10
CA,9,681286,1,21,69,4
ASN,5,681211,1,21,69,2
CA,13,681397,1,21,69,8
CA,9,681432,1,21,69,9
CA,12,681432,1,21,69,9
BE,7,681451,1,21,69,10
ASN,2,681336,1,21,69,6
CA,18,681432,1,21,69,9
UK,27,681372,1,21,69,7
CA,17,681416,1,21,69,8
CA,18,681433,1,21,69,9
ITE,25,681316,1,21,69,5
CA,16,681322,1,21,69,5
ASN,2,681478,1,21,69,10
USC,29,681402,1,21,69,8
UK,27,681316,1,21,69,5
CA,13,681434,1,21,69,9
ASN,5,681213,1,21,69,2
EIE,20,681364,1,21,69,7
CA,10,681286,1,21,69,4
ASN,5,681469,1,21,69,10
CA,14,681426,1,21,69,9
CA,14,681458,1,21,69,10
CA,13,681456,1,21,69,10
ASN,4,681280,1,21,69,4
CA,15,681286,1,21,69,4
UK,27,681380,1,21,69,7
EIE,20,681339,1,21,69,6
ASN,5,681484,1,21,69,11
CA,12,681428,1,21,69,9
GM,22,681365,1,21,69,7
BE,7,681382,1,21,69,7
ASN,5,681473,1,21,69,10
UK,28,681338,1,21,69,6
CA,18,681469,1,21,69,10
ASN,5,681514,1,21,69,12
USC,29,681338,1,21,69,6
CA,15,681469,1,21,69,10
CA,17,681429,1,21,69,9
GM,22,681429,1,21,69,9
ASN,2,681430,1,21,69,9
CA,10,681323,1,21,69,5
GME,23,681377,1,21,69,7
ASN,5,681452,1,21,69,10
CA,18,681430,1,21,69,9
CA,16,681428,1,21,69,9
CA,17,681341,1,21,69,6
ASN,5,681309,1,21,69,5
BE,7,681452,1,21,69,10
EIE,20,681329,1,21,69,6
CA,18,681329,1,21,69,6
UK,27,681373,1,21,69,7
CA,9,681315,1,21,69,5
UK,27,681383,1,21,69,7
ASN,5,681197,1,21,69,1
ASN,2,681511,1,21,69,11
CA,16,681334,1,21,69,6
EIE,20,681350,1,21,69,6
CA,16,681449,1,21,69,9
CA,14,681308,1,21,69,5
ASN,5,681532,1,21,69,12
USC,29,681339,1,21,69,6
CA,15,681288,1,21,69,4
EZE,21,681345,1,21,69,6
CA,15,681308,1,21,69,5
UK,28,681384,1,21,69,7
CA,15,681466,1,21,69,10
CA,18,681288,1,21,69,4
ASN,5,681540,1,21,69,12
ASN,5,681533,1,21,69,12
EIE,20,681385,1,21,69,7
UK,27,681374,1,21,69,7
CA,17,681336,1,21,69,6
EIE,20,681393,1,21,69,8
GM,22,681455,1,21,69,10
CA,15,681403,1,21,69,8
GM,22,681435,1,21,69,9
USC,29,681458,1,21,69,10
CA,15,681406,1,21,69,8
CA,15,681452,1,21,69,10
ITE,25,681283,1,21,69,4
UK,27,681354,1,21,69,6
CA,12,681288,1,21,69,4
CA,9,681403,1,21,69,8
ASN,4,681521,1,21,69,12
ITE,24,681446,1,21,69,9
ASN,4,681179,1,21,69,1
ASN,4,681223,1,21,69,2
BE,7,681426,1,21,69,9
ASN,2,681268,1,21,69,4
ASN,2,681324,1,21,69,5
UK,28,681399,1,21,69,8
ASN,4,681181,1,21,69,1
ITE,24,681296,1,21,69,4
EZE,21,681344,1,21,69,6
GME,23,681365,1,21,69,7
ASN,2,681453,1,21,69,10
GM,22,681405,1,21,69,8
AU,6,681379,1,21,69,7
GM,22,681306,1,21,69,5
UK,28,681342,1,21,69,6
GM,22,681446,1,21,69,9
ITE,25,681448,1,21,69,9
BE,7,681333,1,21,69,6
GME,23,681276,1,21,69,4
GM,22,681440,1,21,69,9
GM,22,681364,1,21,69,7
GM,22,681296,1,21,69,4
BE,7,681421,1,21,69,9
GM,22,681392,1,21,69,8
UK,28,681410,1,21,69,8
AU,6,681378,1,21,69,7
ITE,25,681284,1,21,69,4
ASN,2,681454,1,21,69,10
EZE,21,681393,1,21,69,8
UK,28,681334,1,21,69,6
AU,6,681386,1,21,69,7
ASN,5,681501,1,21,69,11
GME,23,681431,1,21,69,9
GME,23,681455,1,21,70,10
ASN,4,681469,1,21,70,10
EZE,21,681437,1,21,70,9
EZE,21,681408,1,21,70,8
ITE,25,681327,1,21,70,5
UK,28,681401,1,21,70,8
GME,23,681325,1,21,70,5
ITE,25,681314,1,21,70,5
GM,22,681362,1,21,70,7
ASN,2,681187,1,21,70,1
GME,23,681419,1,21,70,8
ITE,25,681304,1,21,70,5
ASN,2,681264,1,21,70,3
GM,22,681335,1,21,70,6
GM,22,681369,1,21,70,7
AU,6,681293,1,21,70,4
AGE,1,681282,1,21,70,4
ITE,25,681421,1,21,70,9
ASN,4,681205,1,21,70,1
GME,23,681301,1,21,70,5
GM,22,681445,1,21,70,9
AGE,1,681318,1,21,70,5
GM,22,681368,1,21,70,7
ASN,2,681434,1,21,70,9
AGE,1,681468,1,21,70,10
EZE,21,681430,1,21,70,9
ASN,2,681300,1,21,70,5
ITE,25,681302,1,21,70,5
EZE,21,681365,1,21,70,7
AGE,1,681344,1,21,70,6
GME,23,681348,1,21,70,6
ASN,4,681532,1,21,70,12
AGE,1,681473,1,21,70,10
AGE,1,681321,1,21,70,5
AGE,1,681474,1,21,70,10
ASN,2,681250,1,21,70,3
ASN,2,681206,1,21,70,1
UK,28,681375,1,21,70,7
USC,29,681322,1,21,70,5
EIE,20,681321,1,21,70,5
USC,29,681452,1,21,70,10
CA,14,681397,1,21,70,8
CA,18,681393,1,21,70,8
CA,16,681321,1,21,70,5
EIE,20,681340,1,21,70,6
AU,6,681399,1,21,70,8
ASN,5,681209,1,21,70,2
ASN,5,681207,1,21,70,1
ASN,2,681323,1,21,70,5
CA,16,681279,1,21,70,4
EIE,20,681349,1,21,70,6
CA,14,681451,1,21,70,10
CA,15,681451,1,21,70,10
ASN,5,681283,1,21,70,4
CA,18,681451,1,21,70,10
GM,22,681410,1,21,70,8
ASN,2,681199,1,21,70,1
CA,9,681410,1,21,70,8
ASN,5,681199,1,21,70,1
CA,17,681401,1,21,70,8
USC,29,681451,1,21,70,10
ASN,5,681200,1,21,70,1
ASN,5,681539,1,21,70,12
CA,10,681304,1,21,70,5
CA,18,681405,1,21,70,8
ASN,4,681482,1,21,70,11
CA,12,681404,1,21,70,8
EZE,21,681392,1,21,70,8
USC,29,681325,1,21,70,5
EIE,20,681327,1,21,70,5
CA,14,681452,1,21,70,10
CA,9,681391,1,21,70,8
CA,14,681392,1,21,70,8
EIE,20,681316,1,21,70,5
USC,29,681307,1,21,70,5
ASN,5,681265,1,21,70,3
ASN,5,681264,1,21,70,3
ASN,4,681232,1,21,70,2
AU,6,681380,1,21,70,7
CA,16,681379,1,21,70,7
ASN,5,681268,1,21,70,4
CA,17,681378,1,21,70,7
ASN,5,681257,1,21,70,3
ASN,2,681311,1,21,70,5
CA,17,681308,1,21,70,5
ASN,5,681246,1,21,70,3
ASN,4,681242,1,21,70,3
UK,27,681371,1,21,70,7
ASN,4,681239,1,21,70,3
CA,18,681376,1,21,70,7
ASN,5,681522,1,21,70,12
CA,12,681307,1,21,70,5
EIE,20,681341,1,21,70,6
EIE,20,681391,1,21,70,8
CA,18,681391,1,21,70,8
UK,27,681412,1,21,70,8
CA,15,681390,1,21,70,8
ASN,5,681276,1,21,70,4
EZE,21,681274,1,21,70,4
ASN,4,681222,1,21,70,2
USC,29,681306,1,21,70,5
USC,29,681453,1,21,70,10
CA,17,681272,1,21,70,4
BE,7,681385,1,21,70,7
ASN,4,681224,1,21,70,2
CA,10,681456,1,21,70,10
ASN,5,681227,1,21,70,2
EIE,20,681384,1,21,70,7
ASN,5,681490,1,21,70,11
ASN,5,681273,1,21,70,4
USC,29,681329,1,21,70,6
EZE,21,681296,1,21,70,4
CA,14,681330,1,21,70,6
CA,18,681448,1,21,70,9
CA,9,681430,1,21,70,9
EZE,21,681429,1,21,70,9
CA,17,681335,1,21,70,6
CA,12,681335,1,21,70,6
ASN,5,681471,1,21,70,10
CA,18,681425,1,21,70,9
CA,10,681430,1,21,70,9
ASN,2,681335,1,21,70,6
CA,14,681286,1,21,70,4
ASN,4,681414,1,21,70,8
ASN,5,681189,1,21,70,1
CA,15,681334,1,21,70,6
CA,17,681421,1,21,70,9
CA,15,681449,1,21,70,9
CA,18,681285,1,21,70,4
USC,29,681471,1,21,70,10
CA,18,681357,1,21,70,6
UK,27,681335,1,21,70,6
CA,16,681357,1,21,70,6
ASN,5,681179,1,21,70,1
ASN,5,681512,1,21,70,12
ASN,4,681443,1,21,70,9
CA,12,681447,1,21,70,9
CA,14,681355,1,21,70,6
CA,13,681465,1,21,70,10
CA,18,681343,1,21,70,6
USC,29,681440,1,21,70,9
EIE,20,681336,1,21,70,6
ASN,5,681184,1,21,70,1
CA,9,681357,1,21,70,6
EZE,21,681435,1,21,70,9
ASN,5,681434,1,21,70,9
CA,12,681357,1,21,70,6
CA,10,681432,1,21,70,9
BE,7,681448,1,21,70,9
USC,29,681431,1,21,70,9
CA,18,681449,1,21,70,9
CA,15,681285,1,21,70,4
CA,13,681472,1,21,70,10
CA,12,681459,1,21,70,10
UK,28,681331,1,21,70,6
UK,27,681414,1,21,70,8
CA,14,681332,1,21,70,6
USC,29,681414,1,21,70,8
USC,29,681450,1,21,70,9
CA,9,681418,1,21,70,8
CA,17,681418,1,21,70,8
ASN,5,681416,1,21,70,8
CA,18,681419,1,21,70,8
EZE,21,681419,1,21,70,8
CA,9,681285,1,21,70,4
CA,9,681333,1,21,70,6
USC,29,681332,1,21,70,6
CA,14,681416,1,21,70,8
ASN,5,681198,1,21,70,1
CA,15,681330,1,21,70,6
CA,18,681420,1,21,70,8
CA,14,681420,1,21,70,8
ASN,5,681284,1,21,70,4
EIE,20,681359,1,21,70,7
USC,29,681330,1,21,70,6
BE,7,681408,1,21,70,8
ASN,2,681305,1,21,70,5
ASN,2,681500,1,21,70,11
ITE,25,681318,1,21,70,5
ASN,2,681252,1,21,70,3
ASN,2,681310,1,21,70,5
ASN,4,681541,1,21,70,12
ASN,2,681309,1,21,70,5
ASN,4,681415,1,21,70,8
ITE,24,681432,1,21,70,9
BE,7,681409,1,21,70,8
UK,28,681408,1,21,70,8
GM,22,681434,1,21,70,9
ITE,25,681447,1,21,70,9
ASN,4,681416,1,21,70,8
UK,28,681407,1,21,70,8
ASN,2,681440,1,21,70,9
AU,6,681366,1,21,70,7
EZE,21,681420,1,21,70,8
GM,22,681363,1,21,70,7
ASN,4,681240,1,21,70,3
ASN,4,681451,1,21,70,10
GME,23,681421,1,21,70,9
UK,28,681324,1,21,70,5
GM,22,681430,1,21,70,9
GM,22,681343,1,21,70,6
ASN,4,681221,1,21,70,2
BE,7,681411,1,21,70,8
ITE,25,681301,1,21,70,5
ASN,4,681418,1,21,70,8
ITE,24,681281,1,21,70,4
UK,28,681390,1,21,70,8
UK,28,681374,1,21,71,7
GM,22,681442,1,21,71,9
ASN,2,681533,1,21,71,12
GM,22,681420,1,21,71,8
ASN,2,681198,1,21,71,1
BE,7,681328,1,21,71,5
ASN,4,681514,1,21,71,12
BE,7,681450,1,21,71,9
AU,6,681274,1,21,71,4
BE,7,681424,1,21,71,9
ASN,2,681197,1,21,71,1
ASN,2,681211,1,21,71,2
GME,23,681420,1,21,71,8
GME,23,681369,1,21,71,7
EZE,21,681369,1,22,71,7
EZE,21,681306,1,22,71,5
ASN,2,681212,1,22,71,2
GME,23,681362,1,22,71,7
ASN,4,681202,1,22,71,1
AU,6,681343,1,22,71,6
AGE,1,681311,1,22,71,5
AU,6,681437,1,22,71,9
AGE,1,681469,1,22,71,10
GME,23,681430,1,22,71,9
GM,22,681426,1,22,71,9
GM,22,681409,1,22,71,8
AGE,1,681486,1,22,71,11
ASN,2,681507,1,22,71,11
GM,22,681393,1,22,71,8
AGE,1,681487,1,22,71,11
GM,22,681274,1,22,71,4
ASN,4,681274,1,22,71,4
GME,23,681405,1,22,71,8
ITE,24,681317,1,22,71,5
UK,28,681315,1,22,71,5
AU,6,681385,1,22,71,7
AGE,1,681269,1,22,71,4
UK,28,681379,1,22,71,7
ASN,4,681257,1,22,71,3
ASN,2,681297,1,22,71,4
AU,6,681335,1,22,71,6
AU,6,681431,1,22,71,9
ITE,25,681281,1,22,71,4
ASN,4,681304,1,22,71,5
ASN,2,681245,1,22,71,3
ITE,25,681325,1,22,71,5
ASN,2,681436,1,22,71,9
GM,22,681397,1,22,71,8
AU,6,681383,1,22,71,7
ITE,25,681293,1,22,71,4
ASN,4,681525,1,22,71,12
EZE,21,681275,1,22,71,4
AU,6,681387,1,22,71,7
AGE,1,681467,1,22,71,10
CA,9,681336,1,22,71,6
CA,12,681465,1,22,71,10
CA,17,681458,1,22,71,10
ASN,2,681308,1,22,71,5
CA,18,681334,1,22,71,6
ASN,2,681295,1,22,71,4
CA,15,681316,1,22,71,5
CA,15,681333,1,22,71,6
CA,14,681333,1,22,71,6
ASN,5,681477,1,22,71,10
CA,18,681330,1,22,71,6
USC,29,681328,1,22,71,5
ASN,2,681481,1,22,71,10
ASN,2,681304,1,22,71,5
CA,14,681339,1,22,71,6
ASN,2,681483,1,22,71,11
ASN,2,681484,1,22,71,11
CA,12,681323,1,22,71,5
CA,16,681316,1,22,71,5
ASN,5,681322,1,22,71,5
EIE,20,681317,1,22,71,5
ASN,2,681303,1,22,71,5
CA,10,681449,1,22,71,9
ASN,2,681299,1,22,71,5
CA,16,681404,1,22,71,8
CA,15,681398,1,22,71,8
CA,15,681458,1,22,71,10
USC,29,681342,1,22,71,6
CA,14,681406,1,22,71,8
EIE,20,681370,1,22,71,7
CA,17,681406,1,22,71,8
ASN,4,681282,1,22,71,4
ASN,4,681453,1,22,71,10
CA,9,681407,1,22,71,8
CA,9,681342,1,22,71,6
ASN,5,681233,1,22,71,2
CA,18,681407,1,22,71,8
CA,10,681409,1,22,71,8
CA,12,681409,1,22,71,8
ASN,5,681524,1,22,71,12
CA,12,681448,1,22,71,9
ASN,5,681443,1,22,71,9
CA,17,681452,1,22,71,10
CA,14,681396,1,22,71,8
ASN,4,681524,1,22,71,12
EIE,20,681387,1,22,71,7
ASN,4,681275,1,22,71,4
EIE,20,681389,1,22,71,7
CA,17,681379,1,22,71,7
CA,17,681377,1,22,71,7
CA,14,681377,1,22,71,7
CA,15,681391,1,22,71,8
CA,16,681376,1,22,71,7
CA,14,681376,1,22,71,7
BE,7,681376,1,22,71,7
CA,17,681394,1,22,71,8
ASN,4,681530,1,22,71,12
ASN,5,681530,1,22,71,12
CA,18,681395,1,22,71,8
ASN,5,681245,1,22,71,3
CA,12,681410,1,22,71,8
ASN,5,681231,1,22,71,2
ASN,5,681228,1,22,71,2
CA,14,681358,1,22,71,6
CA,12,681419,1,22,71,8
CA,9,681358,1,22,71,6
CA,17,681288,1,22,71,4
CA,17,681423,1,22,71,9
CA,17,681424,1,22,71,9
CA,12,681425,1,22,71,9
CA,17,681410,1,22,71,8
ASN,5,681541,1,22,71,12
ASN,4,681188,1,22,71,1
CA,15,681426,1,22,71,9
CA,17,681426,1,22,71,9
CA,14,681287,1,22,71,4
CA,13,681430,1,22,71,9
CA,17,681432,1,22,71,9
ASN,2,681180,1,22,71,1
CA,10,681426,1,22,71,9
CA,16,681358,1,22,71,6
CA,15,681358,1,22,71,6
CA,9,681419,1,22,71,8
CA,15,681343,1,22,71,6
ASN,2,681223,1,22,71,2
CA,9,681284,1,22,71,4
ASN,5,681517,1,22,71,12
ASN,4,681197,1,22,71,1
USC,29,681415,1,22,71,8
ASN,5,681208,1,22,71,1
ASN,5,681214,1,22,71,2
CA,15,681344,1,22,71,6
EIE,20,681360,1,22,71,7
CA,13,681344,1,22,71,6
BE,7,681386,1,22,71,7
GME,23,681393,1,22,71,8
BE,7,681417,1,22,71,8
AU,6,681391,1,22,71,8
UK,28,681415,1,22,71,8
AGE,1,681446,1,22,71,9
UK,28,681389,1,22,71,7
AU,6,681285,1,22,71,4
GM,22,681411,1,22,71,8
ITE,25,681442,1,22,71,9
AU,6,681324,1,22,71,5
AGE,1,681463,1,22,71,10
ASN,2,681302,1,22,71,5
GM,22,681351,1,22,71,6
GME,23,681351,1,22,71,6
AU,6,681361,1,22,71,7
ASN,2,681306,1,22,71,5
GME,23,681376,1,22,71,7
ASN,2,681265,1,22,71,3
ASN,2,681237,1,22,71,3
UK,28,681292,1,22,71,4
GM,22,681408,1,22,71,8
UK,28,681391,1,22,71,8
EZE,21,681351,1,22,71,6
EZE,21,681422,1,22,71,9
BE,7,681410,1,22,71,8
ITE,24,681280,1,22,71,4
ITE,24,681285,1,22,71,4
GM,22,681421,1,22,71,9
GME,23,681442,1,22,71,9
EZE,21,681442,1,22,71,9
GME,23,681330,1,22,71,6
ITE,24,681304,1,22,71,5
AU,6,681384,1,22,71,7
AU,6,681368,1,22,71,7
AGE,1,681302,1,22,72,5
GME,23,681294,1,22,72,4
AGE,1,681281,1,22,72,4
AGE,1,681324,1,22,72,5
ASN,2,681519,1,22,72,12
AU,6,681441,1,22,72,9
EZE,21,681328,1,22,72,5
AGE,1,681453,1,22,72,10
AGE,1,681298,1,22,72,5
AGE,1,681472,1,22,72,10
GME,23,681368,1,22,72,7
AGE,1,681345,1,22,72,6
EZE,21,681418,1,22,72,8
GME,23,681410,1,22,72,8
AGE,1,681292,1,22,72,4
AGE,1,681464,1,22,72,10
AGE,1,681335,1,22,72,6
ITE,25,681453,1,22,72,10
AGE,1,681477,1,22,72,10
GME,23,681387,1,22,72,7
AGE,1,681297,1,22,72,4
AGE,1,681255,1,22,72,3
AGE,1,681254,1,22,72,3
AGE,1,681489,1,22,72,11
ITE,24,681457,1,22,72,10
AGE,1,681471,1,22,72,10
AU,6,681275,1,22,72,4
AGE,1,681485,1,22,72,11
AGE,1,681310,1,22,72,5
AGE,1,681268,1,22,72,4
GME,23,681364,1,22,72,7
BE,7,681350,1,22,72,6
EZE,21,681455,1,22,72,10
GM,22,681347,1,22,72,6
EZE,21,681443,1,22,72,9
GM,22,681391,1,22,72,8
AU,6,681392,1,22,72,8
AU,6,681419,1,22,72,8
ASN,4,681457,1,22,72,10
ITE,24,681303,1,22,72,5
BE,7,681387,1,22,72,7
AU,6,681302,1,22,72,5
ASN,2,681487,1,22,72,11
GME,23,681426,1,22,72,9
AU,6,681284,1,22,72,4
AU,6,681309,1,22,72,5
GM,22,681330,1,22,72,6
EZE,21,681399,1,22,72,8
ASN,2,681490,1,22,72,11
ASN,5,681542,1,22,72,12
CA,9,681347,1,22,72,6
CA,9,681469,1,22,72,10
CA,14,681417,1,22,72,8
CA,10,681355,1,22,72,6
CA,13,681418,1,22,72,8
CA,15,681418,1,22,72,8
CA,17,681425,1,22,72,9
CA,12,681469,1,22,72,10
CA,14,681424,1,22,72,9
USC,29,681472,1,22,72,10
CA,16,681286,1,22,72,4
CA,13,681423,1,22,72,9
CA,10,681335,1,22,72,6
CA,10,681357,1,22,72,6
ASN,5,681285,1,22,72,4
ASN,2,681301,1,22,72,5
CA,18,681333,1,22,72,6
CA,16,681419,1,22,72,8
CA,13,681419,1,22,72,8
CA,12,681358,1,22,72,6
CA,13,681356,1,22,72,6
CA,12,681430,1,22,72,9
ASN,4,681421,1,22,72,9
CA,13,681428,1,22,72,9
EIE,20,681351,1,22,72,6
ASN,5,681222,1,22,72,2
CA,18,681398,1,22,72,8
ASN,5,681242,1,22,72,3
CA,10,681398,1,22,72,8
CA,17,681397,1,22,72,8
EIE,20,681322,1,22,72,5
EIE,20,681372,1,22,72,7
ITE,25,681310,1,22,72,5
CA,16,681468,1,22,72,10
CA,17,681393,1,22,72,8
CA,17,681392,1,22,72,8
CA,10,681392,1,22,72,8
CA,17,681391,1,22,72,8
CA,17,681376,1,22,72,7
CA,16,681378,1,22,72,7
USC,29,681379,1,22,72,7
USC,29,681318,1,22,72,5
CA,9,681316,1,22,72,5
EIE,20,681318,1,22,72,5
CA,12,681272,1,22,72,4
CA,14,681399,1,22,72,8
CA,17,681399,1,22,72,8
EIE,20,681371,1,22,72,7
CA,13,681400,1,22,72,8
ASN,2,681479,1,22,72,10
ASN,5,681535,1,22,72,12
CA,17,681367,1,22,72,7
CA,18,681410,1,22,72,8
UK,27,681367,1,22,72,7
ASN,4,681231,1,22,72,2
CA,9,681409,1,22,72,8
CA,17,681407,1,22,72,8
CA,15,681407,1,22,72,8
ASN,5,681212,1,22,72,2
CA,14,681407,1,22,72,8
USC,29,681308,1,22,72,5
CA,9,681406,1,22,72,8
USC,29,681405,1,22,72,8
CA,16,681405,1,22,72,8
CA,12,681405,1,22,72,8
CA,17,681309,1,22,72,5
ASN,2,681532,1,22,72,12
EIE,20,681325,1,22,72,5
CA,14,681400,1,22,72,8
ASN,5,681235,1,22,72,2
CA,16,681434,1,22,72,9
USC,29,681430,1,22,72,9
CA,12,681343,1,22,72,6
CA,16,681451,1,22,72,10
CA,14,681342,1,22,72,6
ASN,4,681291,1,22,72,4
CA,10,681448,1,22,72,9
ITE,24,681439,1,22,72,9
CA,13,681449,1,22,72,9
ITE,25,681457,1,22,72,10
CA,12,681451,1,22,72,10
AGE,1,681454,1,22,72,10
CA,18,681466,1,22,72,10
ASN,4,681458,1,22,72,10
CA,17,681343,1,22,72,6
CA,9,681451,1,22,72,10
CA,15,681342,1,22,72,6
ITE,25,681454,1,22,72,10
ITE,24,681453,1,22,72,10
CA,18,681339,1,22,72,6
CA,16,681446,1,22,72,9
CA,15,681346,1,22,72,6
CA,10,681451,1,22,72,10
USC,29,681345,1,22,72,6
GME,23,681411,1,22,72,8
GM,22,681294,1,22,72,4
EZE,21,681412,1,22,72,8
GM,22,681412,1,22,72,8
GM,22,681422,1,22,72,9
GME,23,681397,1,22,72,8
UK,28,681383,1,22,72,7
EZE,21,681276,1,22,72,4
GM,22,681334,1,22,72,6
ITE,24,681305,1,22,72,5
AU,6,681407,1,22,72,8
GM,22,681427,1,22,72,9
BE,7,681293,1,22,72,4
EZE,21,681427,1,22,72,9
UK,28,681413,1,22,72,8
EZE,21,681348,1,22,72,6
GME,23,681343,1,22,72,6
GM,22,681352,1,22,72,6
ASN,2,681501,1,22,72,11
ASN,2,681307,1,22,72,5
EZE,21,681326,1,22,72,5
UK,28,681349,1,22,72,6
GME,23,681398,1,22,72,8
EZE,21,681342,1,22,72,6
ASN,2,681482,1,22,72,11
AGE,1,681455,1,22,72,10
AU,6,681405,1,22,72,8
ITE,25,681286,1,22,72,4
ITE,24,681300,1,22,72,5
AGE,1,681461,1,22,72,10
ASN,2,681253,1,22,72,3
GM,22,681353,1,22,72,6
ITE,24,681293,1,22,72,4
AGE,1,681337,1,22,72,6
AGE,1,681457,1,22,72,10
GME,23,681454,1,22,72,10
AGE,1,681470,1,22,72,10
UK,28,681377,1,22,72,7
UK,28,681329,1,22,72,6
GME,23,681391,1,22,72,8
ASN,2,681221,1,22,72,2
AGE,1,681459,1,22,72,10
UK,28,681376,1,22,72,7
ITE,25,681287,1,23,73,4
ASN,2,681207,1,23,73,1
ASN,2,681232,1,23,73,2
GME,23,681422,1,23,73,9
BE,7,681367,1,23,73,7
GM,22,681376,1,23,73,7
ASN,4,681526,1,23,73,12
ASN,4,681310,1,23,73,5
EZE,21,681454,1,23,73,10
ASN,2,681471,1,23,73,10
ASN,4,681529,1,23,73,12
BE,7,681334,1,23,73,6
ASN,4,681271,1,23,73,4
ASN,2,681521,1,23,73,12
ASN,4,681288,1,23,73,4
ITE,25,681455,1,23,73,10
CA,15,681309,1,23,73,5
CA,17,681403,1,23,73,8
CA,9,681448,1,23,73,9
CA,17,681398,1,23,73,8
EIE,20,681323,1,23,73,5
UK,27,681370,1,23,73,7
CA,15,681337,1,23,73,6
ASN,5,681252,1,23,73,3
CA,10,681343,1,23,73,6
CA,9,681452,1,23,73,10
CA,15,681399,1,23,73,8
USC,29,681323,1,23,73,5
CA,10,681407,1,23,73,8
CA,17,681400,1,23,73,8
ITE,25,681439,1,23,73,9
ASN,5,681280,1,23,73,4
CA,16,681288,1,23,73,4
CA,12,681452,1,23,73,10
EIE,20,681326,1,23,73,5
CA,9,681421,1,23,73,9
ASN,2,681281,1,23,73,4
CA,18,681452,1,23,73,10
CA,16,681421,1,23,73,9
AU,6,681404,1,23,73,8
CA,14,681309,1,23,73,5
CA,18,681403,1,23,73,8
CA,12,681279,1,23,73,4
CA,12,681344,1,23,73,6
CA,17,681317,1,23,73,5
EIE,20,681383,1,23,73,7
CA,12,681271,1,23,73,4
ASN,2,681272,1,23,73,4
CA,17,681348,1,23,73,6
USC,29,681272,1,23,73,4
EIE,20,681319,1,23,73,5
CA,16,681391,1,23,73,8
EIE,20,681320,1,23,73,5
CA,15,681348,1,23,73,6
CA,9,681339,1,23,73,6
ASN,2,681480,1,23,73,10
CA,12,681449,1,23,73,9
CA,13,681451,1,23,73,10
CA,9,681392,1,23,73,8
UK,27,681379,1,23,73,7
CA,9,681393,1,23,73,8
CA,17,681417,1,23,73,8
CA,13,681378,1,23,73,7
CA,15,681395,1,23,73,8
CA,9,681396,1,23,73,8
CA,14,681348,1,23,73,6
USC,29,681313,1,23,73,5
CA,13,681377,1,23,73,7
CA,9,681417,1,23,73,8
USC,29,681317,1,23,73,5
CA,13,681466,1,23,73,10
USC,29,681403,1,23,73,8
CA,13,681431,1,23,73,9
CA,9,681424,1,23,73,9
ASN,5,681191,1,23,73,1
USC,29,681429,1,23,73,9
CA,15,681287,1,23,73,4
ASN,5,681202,1,23,73,1
CA,16,681335,1,23,73,6
ASN,2,681427,1,23,73,9
CA,15,681362,1,23,73,7
CA,12,681472,1,23,73,10
AU,6,681454,1,23,73,10
ITE,24,681286,1,23,73,4
CA,18,681426,1,23,73,9
CA,13,681425,1,23,73,9
CA,9,681425,1,23,73,9
ITE,24,681301,1,23,73,5
ASN,5,681187,1,23,73,1
ASN,2,681534,1,23,73,12
ASN,5,681223,1,23,73,2
CA,18,681423,1,23,73,9
EZE,21,681453,1,23,73,10
CA,17,681355,1,23,73,6
UK,27,681355,1,23,73,6
CA,12,681468,1,23,73,10
ASN,5,681234,1,23,73,2
CA,9,681355,1,23,73,6
AU,6,681455,1,23,73,10
ASN,4,681233,1,23,73,2
GM,22,681425,1,23,73,9
EZE,21,681377,1,23,73,7
EZE,21,681349,1,23,73,6
ASN,4,681285,1,23,73,4
ASN,2,681181,1,23,73,1
ITE,25,681303,1,23,73,5
AU,6,681453,1,23,73,10
EZE,21,681434,1,23,73,9
BE,7,681294,1,23,73,4
ASN,4,681454,1,23,73,10
AU,6,681406,1,23,73,8
ASN,4,681187,1,23,73,1
AU,6,681408,1,23,73,8
AU,6,681398,1,23,73,8
ASN,2,681298,1,23,73,5
UK,28,681411,1,23,73,8
AU,6,681434,1,23,73,9
AGE,1,681338,1,23,73,6
GME,23,681363,1,23,73,7
GME,23,681324,1,23,73,5
AGE,1,681343,1,23,73,6
AGE,1,681323,1,23,73,5
ITE,25,681450,1,23,73,9
AU,6,681410,1,23,73,8
AGE,1,681445,1,23,73,9
AGE,1,681462,1,23,73,10
ITE,24,681450,1,23,73,9
AU,6,681276,1,23,73,4
AGE,1,681296,1,23,73,4
BE,7,681425,1,23,73,9
ITE,25,681326,1,23,73,5
AGE,1,681322,1,23,73,5
ITE,24,681456,1,23,73,10
EZE,21,681410,1,23,73,8
BE,7,681329,1,23,73,6
AGE,1,681458,1,23,73,10
ITE,25,681452,1,23,73,10
AGE,1,681452,1,23,73,10
AGE,1,681332,1,23,73,6
GME,23,681452,1,23,73,10
GM,22,681341,1,23,73,6
ITE,25,681311,1,23,73,5
GM,22,681396,1,23,74,8
GME,23,681375,1,23,74,7
ITE,24,681287,1,23,74,4
ITE,24,681302,1,23,74,5
UK,28,681335,1,23,74,6
AU,6,681307,1,23,74,5
AU,6,681369,1,23,74,7
ASN,2,681286,1,23,74,4
BE,7,681339,1,23,74,6
ASN,4,681483,1,23,74,11
ASN,2,681491,1,23,74,11
ASN,2,681242,1,23,74,3
AU,6,681422,1,23,74,9
UK,28,681352,1,23,74,6
ASN,4,681424,1,23,74,9
ASN,2,681200,1,23,74,1
ASN,2,681259,1,23,74,3
ASN,2,681467,1,23,74,10
ITE,25,681456,1,23,74,10
EZE,21,681397,1,23,74,8
ASN,2,681284,1,23,74,4
ITE,24,681431,1,23,74,9
ASN,2,681460,1,23,74,10
ASN,2,681469,1,23,74,10
ASN,4,681276,1,23,74,4
ASN,2,681508,1,23,74,11
CA,15,681332,1,23,74,6
CA,10,681403,1,23,74,8
CA,13,681432,1,23,74,9
EIE,20,681374,1,23,74,7
CA,10,681340,1,23,74,6
CA,10,681315,1,23,74,5
ASN,2,681269,1,23,74,4
ASN,5,681256,1,23,74,3
BE,7,681416,1,23,74,8
ASN,4,681504,1,23,74,11
CA,16,681409,1,23,74,8
BE,7,681295,1,23,74,4
CA,14,681362,1,23,74,7
ASN,4,681471,1,23,74,10
CA,9,681397,1,23,74,8
ASN,5,681424,1,23,74,9
ASN,2,681213,1,23,74,2
ASN,5,681279,1,23,74,4
CA,12,681426,1,23,74,9
ASN,5,681243,1,23,74,3
CA,9,681399,1,23,74,8
CA,16,681432,1,23,74,9
CA,14,681340,1,23,74,6
CA,10,681399,1,23,74,8
CA,10,681468,1,23,74,10
CA,10,681402,1,23,74,8
CA,15,681425,1,23,74,9
CA,18,681316,1,23,74,5
EZE,21,681334,1,23,74,6
CA,15,681339,1,23,74,6
GME,23,681349,1,23,74,6
ASN,5,681295,1,23,74,4
USC,29,681324,1,23,74,5
CA,18,681355,1,23,74,6
UK,28,681373,1,23,74,7
CA,13,681447,1,23,74,9
EIE,20,681324,1,23,74,5
CA,16,681447,1,23,74,9
ASN,2,681520,1,23,74,12
CA,12,681420,1,23,74,8
CA,16,681308,1,23,74,5
ASN,2,681530,1,23,74,12
ASN,4,681218,1,23,74,2
CA,15,681396,1,23,74,8
CA,13,681410,1,23,74,8
CA,10,681344,1,23,74,6
UK,27,681375,1,23,74,7
BE,7,681449,1,23,74,9
CA,16,681467,1,23,74,10
CA,14,681403,1,23,74,8
EIE,20,681368,1,23,74,7
ASN,4,681470,1,23,74,10
CA,17,681360,1,23,74,7
ASN,5,681534,1,23,74,12
CA,14,681295,1,23,74,4
UK,27,681377,1,23,74,7
CA,16,681410,1,23,74,8
CA,12,681470,1,23,74,10
CA,15,681377,1,23,74,7
USC,29,681417,1,23,74,8
ASN,4,681236,1,23,74,2
CA,14,681389,1,23,74,7
BE,7,681348,1,23,74,6
EIE,20,681388,1,23,74,7
CA,15,681379,1,23,74,7
ASN,2,681493,1,23,74,11
CA,12,681418,1,23,74,8
CA,13,681470,1,23,74,10
UK,28,681412,1,23,74,8
CA,9,681288,1,23,74,4
CA,15,681392,1,23,74,8
CA,13,681467,1,23,74,10
CA,15,681355,1,23,74,6
UK,27,681378,1,23,74,7
CA,14,681378,1,23,74,7
CA,14,681351,1,23,74,6
CA,10,681395,1,23,74,8
EIE,20,681358,1,23,74,6
CA,13,681329,1,23,74,6
ASN,4,681259,1,23,74,3
CA,16,681472,1,23,74,10
ASN,5,681194,1,23,74,1
CA,10,681393,1,23,74,8
AU,6,681442,1,23,74,9
ASN,4,681468,1,23,74,10
CA,14,681379,1,23,74,7
CA,9,681346,1,23,74,6
CA,13,681393,1,23,74,8
CA,14,681402,1,23,74,8
GME,23,681347,1,23,74,6
AU,6,681448,1,23,74,9
EZE,21,681336,1,23,74,6
EZE,21,681347,1,23,74,6
BE,7,681412,1,23,74,8
ITE,24,681325,1,23,74,5
AU,6,681336,1,23,74,6
GM,22,681349,1,23,74,6
EZE,21,681364,1,24,74,7
ASN,4,681542,1,24,74,12
ITE,24,681454,1,24,74,10
ITE,24,681307,1,24,74,5
ITE,25,681305,1,24,74,5
ASN,2,681525,1,24,74,12
ASN,4,681540,1,24,74,12
AGE,1,681456,1,24,74,10
ASN,4,681228,1,24,74,2
ASN,2,681203,1,24,74,1
BE,7,681351,1,24,74,6
AGE,1,681325,1,24,74,5
EZE,21,681368,1,24,74,7
GME,23,681434,1,24,74,9
BE,7,681332,1,24,74,6
ASN,4,681284,1,24,74,4
ITE,24,681294,1,24,74,4
EZE,21,681413,1,24,74,8
GM,22,681326,1,24,74,5
GME,23,681336,1,24,74,6
ASN,2,681526,1,24,74,12
ASN,2,681535,1,24,74,12
BE,7,681352,1,24,74,6
ITE,25,681402,1,24,74,8
ASN,2,681246,1,24,74,3
GME,23,681353,1,24,74,6
ASN,2,681285,1,24,74,4
UK,28,681348,1,24,74,6
ASN,4,681203,1,24,74,1
GME,23,681352,1,24,74,6
ASN,2,681280,1,24,75,4
UK,28,681414,1,24,75,8
AGE,1,681326,1,24,75,5
AGE,1,681340,1,24,75,6
BE,7,681375,1,24,75,7
EZE,21,681409,1,24,75,8
ASN,2,681270,1,24,75,4
ASN,2,681291,1,24,75,4
ITE,24,681295,1,24,75,4
BE,7,681335,1,24,75,6
ASN,2,681257,1,24,75,3
ITE,24,681324,1,24,75,5
ASN,2,681233,1,24,75,2
EZE,21,681421,1,24,75,9
GME,23,681374,1,24,75,7
GM,22,681336,1,24,75,6
ITE,24,681422,1,24,75,9
GM,22,681370,1,24,75,7
ITE,24,681455,1,24,75,10
CA,17,681359,1,24,75,7
EZE,21,681363,1,24,75,7
CA,18,681379,1,24,75,7
CA,16,681430,1,24,75,9
CA,15,681417,1,24,75,8
CA,12,681315,1,24,75,5
CA,10,681379,1,24,75,7
GME,23,681427,1,24,75,9
GME,23,681341,1,24,75,6
UK,28,681293,1,24,75,4
USC,29,681347,1,24,75,6
EZE,21,681417,1,24,75,8
CA,18,681424,1,24,75,9
USC,29,681289,1,24,75,4
CA,18,681362,1,24,75,7
CA,12,681286,1,24,75,4
CA,16,681344,1,24,75,6
ASN,4,681537,1,24,75,12
ITE,25,681317,1,24,75,5
ASN,4,681303,1,24,75,5
ASN,5,681215,1,24,75,2
ASN,2,681271,1,24,75,4
ASN,5,681307,1,24,75,5
CA,10,681272,1,24,75,4
ASN,4,681510,1,24,75,11
CA,16,681272,1,24,75,4
USC,29,681437,1,24,75,9
CA,10,681416,1,24,75,8
CA,17,681338,1,24,75,6
CA,16,681343,1,24,75,6
ASN,4,681267,1,24,75,3
ASN,5,681500,1,24,75,11
USC,29,681427,1,24,75,9
USC,29,681288,1,24,75,4
ASN,2,681214,1,24,75,2
ASN,2,681524,1,24,75,12
USC,29,681409,1,24,75,8
CA,12,681332,1,24,75,6
ITE,25,681444,1,24,75,9
USC,29,681309,1,24,75,5
ASN,5,681232,1,24,75,2
ASN,2,681238,1,24,75,3
ASN,5,681421,1,24,75,9
EIE,20,681369,1,24,75,7
CA,15,681397,1,24,75,8
CA,18,681458,1,24,75,10
CA,18,681406,1,24,75,8
ASN,5,681422,1,24,75,9
CA,18,681399,1,24,75,8
CA,15,681400,1,24,75,8
CA,14,681423,1,24,75,9
ASN,2,681256,1,24,75,3
ASN,4,681434,1,24,75,9
CA,10,681285,1,24,75,4
CA,10,681334,1,24,75,6
ASN,2,681183,1,24,75,1
CA,12,681333,1,24,75,6
EIE,20,681373,1,24,75,7
USC,29,681433,1,24,75,9
EZE,21,681337,1,24,75,6
CA,12,681458,1,24,75,10
GME,23,681370,1,24,75,7
CA,14,681349,1,24,75,6
CA,16,681397,1,24,75,8
CA,13,681368,1,24,75,7
ASN,4,681206,1,24,75,1
CA,16,681368,1,24,75,7
CA,13,681409,1,24,75,8
BE,7,681357,1,24,75,6
CA,13,681398,1,24,75,8
USC,29,681348,1,24,75,6
EZE,21,681452,1,24,75,10
ASN,2,681290,1,24,75,4
CA,12,681403,1,24,75,8
CA,16,681424,1,24,75,9
CA,16,681377,1,24,75,7
CA,15,681424,1,24,75,9
CA,10,681424,1,24,75,9
CA,13,681399,1,24,75,8
CA,10,681295,1,24,75,4
EIE,20,681376,1,24,75,7
ASN,4,681422,1,24,75,9
ASN,2,681283,1,24,75,4
ITE,24,681449,1,24,75,9
ITE,25,681449,1,24,75,9
AGE,1,681346,1,24,75,6
GME,23,681425,1,24,75,9
AGE,1,681451,1,24,75,10
AGE,1,681353,1,24,75,6
AGE,1,681440,1,24,75,9
AGE,1,681354,1,24,75,6
AGE,1,681366,1,24,75,7
ASN,4,681452,1,24,75,10
AU,6,681382,1,24,75,7
ITE,24,681451,1,24,75,10
ITE,25,681440,1,24,75,9
ASN,2,681263,1,24,75,3
ITE,25,681441,1,24,75,9
GM,22,681449,1,24,75,9
ASN,2,681215,1,24,75,2
AGE,1,681329,1,24,75,6
AGE,1,681336,1,24,75,6
AU,6,681411,1,24,75,8
AGE,1,681447,1,24,75,9
AGE,1,681350,1,24,75,6
GME,23,681326,1,24,75,5
ASN,2,681184,1,24,75,1
AGE,1,681328,1,24,75,5
AGE,1,681327,1,24,75,5
GM,22,681451,1,24,75,10
GME,23,681396,1,24,75,8
ASN,4,681296,1,24,75,4
UK,28,681351,1,24,75,6
ASN,2,681228,1,24,75,2
UK,28,681366,1,24,75,7
AU,6,681412,1,24,75,8
BE,7,681414,1,24,75,8
ITE,25,681294,1,24,75,4
AU,6,681449,1,24,75,9
ITE,24,681309,1,24,75,5
GM,22,681447,1,24,75,9
AU,6,681452,1,24,75,10
AU,6,681325,1,24,75,5
ASN,2,681538,1,24,75,12
EZE,21,681370,1,24,75,7
UK,28,681330,1,24,76,6
ASN,2,681474,1,24,76,10
ITE,25,681309,1,24,76,5
ITE,24,681402,1,24,76,8
ITE,25,681328,1,24,76,5
EZE,21,681448,1,24,76,9
ITE,25,681324,1,24,76,5
ASN,2,681485,1,24,76,11
ITE,24,681438,1,24,76,9
ASN,2,681420,1,24,76,8
ITE,25,681451,1,24,76,10
ASN,2,681475,1,24,76,10
UK,28,681350,1,24,76,6
GM,22,681359,1,24,76,7
AU,6,681450,1,24,76,9
ITE,25,681422,1,24,76,9
ASN,4,681539,1,24,76,12
ITE,25,681443,1,24,76,9
AU,6,681365,1,24,76,7
AU,6,681348,1,24,76,6
ASN,4,681191,1,24,76,1
ASN,2,681446,1,24,76,9
ASN,2,681241,1,24,76,3
ASN,2,681229,1,24,76,2
EZE,21,681414,1,24,76,8
CA,15,681378,1,24,76,7
CA,12,681407,1,24,76,8
CA,12,681336,1,24,76,6
ASN,5,681230,1,24,76,2
CA,16,681337,1,24,76,6
CA,10,681377,1,24,76,7
CA,18,681336,1,24,76,6
EIE,20,681352,1,24,76,6
CA,18,681377,1,24,76,7
USC,29,681418,1,24,76,8
ASN,4,681518,1,24,76,12
ITE,25,681417,1,24,76,8
CA,16,681448,1,24,76,9
USC,29,681407,1,24,76,8
CA,16,681336,1,24,76,6
CA,16,681304,1,24,76,5
EIE,20,681375,1,24,76,7
CA,17,681349,1,24,76,6
USC,29,681446,1,24,76,9
ASN,2,681502,1,24,76,11
CA,17,681372,1,24,76,7
ASN,2,681531,1,24,76,12
CA,15,681402,1,24,76,8
GME,23,681337,1,24,76,6
CA,12,681355,1,24,76,6
CA,10,681452,1,24,76,10
CA,14,681361,1,24,76,7
ASN,2,681497,1,24,76,11
ASN,2,681201,1,24,76,1
ASN,2,681254,1,24,76,3
ITE,24,681308,1,24,76,5
ASN,2,681275,1,24,76,4
CA,12,681406,1,24,76,8
CA,18,681308,1,24,76,5
CA,13,681468,1,24,76,10
CA,18,681417,1,24,76,8
CA,9,681400,1,24,76,8
USC,29,681357,1,24,76,6
CA,17,681368,1,24,76,7
CA,9,681330,1,24,76,6
CA,16,681469,1,24,76,10
CA,14,681383,1,24,76,7
ITE,24,681306,1,24,76,5
CA,12,681416,1,24,76,8
CA,14,681350,1,24,76,6
CA,14,681367,1,24,76,7
CA,10,681417,1,24,76,8
AU,6,681306,1,24,76,5
EIE,20,681382,1,24,76,7
CA,15,681350,1,24,76,6
CA,13,681396,1,24,76,8
CA,17,681350,1,24,76,6
CA,10,681358,1,24,76,6
USC,29,681410,1,24,76,8
CA,14,681316,1,24,76,5
CA,16,681393,1,24,76,8
AU,6,681435,1,24,76,9
UK,27,681351,1,24,76,6
CA,15,681360,1,24,76,7
CA,13,681351,1,24,76,6
ITE,25,681295,1,24,76,4
USC,29,681434,1,24,76,9
CA,18,681344,1,24,76,6
CA,12,681417,1,24,76,8
CA,18,681342,1,24,76,6
ASN,5,681479,1,24,76,10
ASN,4,681213,1,24,76,2
CA,14,681360,1,24,76,7
CA,18,681287,1,24,76,4
GM,22,681337,1,24,76,6
AGE,1,681449,1,24,76,9
AGE,1,681371,1,24,76,7
AGE,1,681370,1,24,76,7
ASN,2,681282,1,24,76,4
AGE,1,681356,1,24,76,6
ASN,4,681246,1,24,76,3
AGE,1,681339,1,24,76,6
EZE,21,681449,1,24,76,9
AU,6,681451,1,24,76,10
AGE,1,681488,1,24,76,11
ITE,25,681420,1,24,76,8
AGE,1,681441,1,24,76,9
EZE,21,681376,1,24,76,7
EZE,21,681451,1,24,76,10
GM,22,681450,1,24,76,9
AGE,1,681460,1,24,76,10
BE,7,681368,1,25,76,7
GM,22,681452,1,25,76,10
AU,6,681364,1,25,76,7
EZE,21,681396,1,25,76,8
BE,7,681413,1,25,76,8
ASN,2,681276,1,25,76,4
BE,7,681330,1,25,76,6
AU,6,681389,1,25,76,7
AU,6,681420,1,25,76,8
ITE,24,681452,1,25,76,10
ASN,2,681470,1,25,76,10
ASN,2,681262,1,25,76,3
GM,22,681375,1,25,76,7
ASN,2,681249,1,25,76,3
EZE,21,681425,1,25,76,9
ASN,2,681182,1,25,76,1
EZE,21,681329,1,25,76,6
BE,7,681374,1,25,77,7
GM,22,681358,1,25,77,6
ASN,2,681240,1,25,77,3
ITE,25,681307,1,25,77,5
AU,6,681353,1,25,77,6
GME,23,681340,1,25,77,6
ASN,2,681488,1,25,77,11
ITE,25,681424,1,25,77,9
ITE,24,681328,1,25,77,5
AU,6,681349,1,25,77,6
AU,6,681344,1,25,77,6
AU,6,681429,1,25,77,9
ASN,4,681287,1,25,77,4
ITE,25,681306,1,25,77,5
ASN,5,681192,1,25,77,1
ASN,5,681178,1,25,77,1
ASN,4,681309,1,25,77,5
CA,12,681362,1,25,77,7
AGE,1,681355,1,25,77,6
CA,10,681362,1,25,77,7
CA,13,681347,1,25,77,6
AGE,1,681368,1,25,77,7
ASN,2,681208,1,25,77,1
CA,12,681467,1,25,77,10
AGE,1,681439,1,25,77,9
AGE,1,681369,1,25,77,7
USC,29,681432,1,25,77,9
UK,27,681353,1,25,77,6
ASN,2,681231,1,25,77,2
CA,17,681362,1,25,77,7
ITE,24,681433,1,25,77,9
CA,13,681424,1,25,77,9
USC,29,681287,1,25,77,4
CA,15,681363,1,25,77,7
USC,29,681356,1,25,77,6
ASN,5,681306,1,25,77,5
CA,10,681423,1,25,77,9
CA,10,681458,1,25,77,10
AGE,1,681357,1,25,77,6
CA,9,681456,1,25,77,10
CA,16,681425,1,25,77,9
CA,15,681341,1,25,77,6
ITE,25,681434,1,25,77,9
USC,29,681428,1,25,77,9
AGE,1,681347,1,25,77,6
ASN,5,681229,1,25,77,2
AGE,1,681309,1,25,77,5
AGE,1,681348,1,25,77,6
CA,13,681458,1,25,77,10
CA,18,681392,1,25,77,8
AU,6,681396,1,25,77,8
CA,17,681395,1,25,77,8
CA,12,681339,1,25,77,6
GME,23,681412,1,25,77,8
ASN,5,681277,1,25,77,4
CA,13,681391,1,25,77,8
ITE,24,681440,1,25,77,9
CA,17,681390,1,25,77,8
EIE,20,681377,1,25,77,7
CA,14,681390,1,25,77,8
CA,17,681389,1,25,77,7
CA,12,681330,1,25,77,6
CA,13,681330,1,25,77,6
AGE,1,681351,1,25,77,6
ASN,4,681262,1,25,77,3
AGE,1,681450,1,25,77,9
CA,17,681352,1,25,77,6
CA,16,681417,1,25,77,8
CA,18,681309,1,25,77,5
CA,17,681380,1,25,77,7
AGE,1,681352,1,25,77,6
AU,6,681381,1,25,77,7
ASN,5,681525,1,25,77,12
CA,17,681351,1,25,77,6
CA,18,681416,1,25,77,8
CA,10,681396,1,25,77,8
CA,17,681396,1,25,77,8
USC,29,681416,1,25,77,8
CA,18,681396,1,25,77,8
ITE,24,681337,1,25,77,6
CA,14,681421,1,25,77,9
AU,6,681447,1,25,77,9
CA,16,681285,1,25,77,4
AGE,1,681402,1,25,77,8
CA,10,681406,1,25,77,8
ASN,4,681247,1,25,77,3
ASN,5,681249,1,25,77,3
AGE,1,681374,1,25,77,7
ITE,25,681400,1,25,77,8
CA,12,681348,1,25,77,6
AGE,1,681448,1,25,77,9
CA,16,681398,1,25,77,8
CA,13,681448,1,25,77,9
USC,29,681408,1,25,77,8
CA,18,681397,1,25,77,8
ITE,25,681431,1,25,77,9
BE,7,681415,1,25,77,8
ASN,2,681279,1,25,77,4
ASN,2,681473,1,25,77,10
ASN,4,681190,1,25,77,1
ASN,4,681258,1,25,77,3
ASN,2,681248,1,25,77,3
ITE,25,681401,1,25,77,8
AU,6,681414,1,25,77,8
GME,23,681417,1,25,77,8
UK,28,681337,1,25,77,6
ASN,4,681297,1,25,77,4
GM,22,681413,1,25,77,8
AU,6,681362,1,25,77,7
GME,23,681428,1,25,77,9
ITE,25,681329,1,25,77,6
ASN,2,681247,1,25,77,3
ASN,2,681234,1,25,77,2
ITE,25,681332,1,25,77,6
ASN,2,681255,1,25,77,3
ITE,25,681308,1,25,77,5
ASN,2,681522,1,25,77,12
ASN,2,681472,1,25,77,10
ASN,4,681208,1,25,78,1
BE,7,681336,1,25,78,6
EZE,21,681338,1,25,78,6
AU,6,681360,1,25,78,7
GME,23,681413,1,25,78,8
GME,23,681448,1,25,78,9
AU,6,681426,1,25,78,9
ASN,2,681216,1,25,78,2
AU,6,681413,1,25,78,8
BE,7,681358,1,25,78,6
ASN,2,681209,1,25,78,2
GME,23,681449,1,25,78,9
ASN,5,681238,1,25,78,3
AU,6,681295,1,25,78,4
AU,6,681352,1,25,78,6
GM,22,681417,1,25,78,8
GME,23,681451,1,25,78,10
AU,6,681421,1,25,78,9
AU,6,681297,1,25,78,4
GM,22,681448,1,25,78,9
ASN,2,681188,1,25,78,1
ITE,25,681357,1,25,78,6
GM,22,681340,1,25,78,6
ASN,4,681516,1,26,78,12
EZE,21,681450,1,26,78,9
AGE,1,681379,1,26,78,7
ASN,4,681305,1,26,78,5
ASN,4,681307,1,26,78,5
EZE,21,681354,1,26,78,6
AGE,1,681433,1,26,78,9
AGE,1,681435,1,26,78,9
EZE,21,681444,1,26,78,9
ASN,4,681198,1,26,78,1
BE,7,681369,1,26,78,7
GM,22,681374,1,26,78,7
BE,7,681356,1,26,78,6
ASN,4,681200,1,26,78,1
AU,6,681370,1,26,78,7
GM,22,681295,1,26,78,4
AGE,1,681372,1,26,78,7
AGE,1,681386,1,26,78,7
ASN,4,681515,1,26,78,12
AU,6,681425,1,26,78,9
ASN,2,681222,1,26,78,2
AGE,1,681331,1,26,78,6
BE,7,681331,1,26,78,6
CA,15,681376,1,26,78,7
EIE,20,681353,1,26,78,6
USC,29,681358,1,26,78,6
CA,10,681342,1,26,78,6
UK,27,681356,1,26,78,6
ASN,5,681221,1,26,78,2
CA,12,681466,1,26,78,10
USC,29,681368,1,26,78,7
USC,29,681411,1,26,78,8
CA,10,681466,1,26,78,10
CA,12,681287,1,26,78,4
ITE,24,681418,1,26,78,8
ASN,2,681503,1,26,78,11
ITE,25,681423,1,26,78,9
CA,13,681416,1,26,78,8
ASN,2,681260,1,26,78,3
CA,13,681339,1,26,78,6
CA,14,681337,1,26,78,6
CA,9,681423,1,26,78,9
ITE,25,681419,1,26,78,8
EIE,20,681381,1,26,78,7
CA,15,681423,1,26,78,9
CA,14,681336,1,26,78,6
ASN,5,681467,1,26,78,10
CA,16,681466,1,26,78,10
AU,6,681326,1,26,78,5
ASN,2,681258,1,26,78,3
CA,10,681367,1,26,78,7
CA,16,681416,1,26,78,8
CA,9,681465,1,26,78,10
CA,15,681369,1,26,78,7
CA,18,681358,1,26,78,6
ASN,5,681297,1,26,78,4
CA,10,681316,1,26,78,5
CA,18,681360,1,26,78,7
CA,13,681406,1,26,78,8
CA,10,681388,1,26,78,7
CA,17,681342,1,26,78,6
CA,10,681341,1,26,78,6
EIE,20,681378,1,26,78,7
CA,9,681420,1,26,78,8
CA,17,681388,1,26,78,7
CA,13,681335,1,26,78,6
CA,12,681309,1,26,78,5
USC,29,681273,1,26,78,4
CA,15,681351,1,26,78,6
CA,9,681402,1,26,78,8
CA,14,681318,1,26,78,5
CA,10,681381,1,26,78,7
ITE,25,681433,1,26,78,9
CA,14,681381,1,26,78,7
CA,12,681342,1,26,78,6
CA,9,681389,1,26,78,7
CA,15,681381,1,26,78,7
CA,16,681418,1,26,78,8
CA,16,681399,1,26,78,8
CA,16,681400,1,26,78,8
CA,14,681368,1,26,78,7
CA,15,681368,1,26,78,7
ASN,2,681277,1,26,78,4
ASN,2,681217,1,26,78,2
USC,29,681340,1,26,78,6
CA,18,681378,1,26,78,7
CA,17,681381,1,26,78,7
CA,18,681390,1,26,78,8
AGE,1,681438,1,26,78,9
ASN,4,681286,1,26,78,4
UK,28,681378,1,26,78,7
ASN,2,681261,1,26,78,3
AU,6,681347,1,26,78,6
AU,6,681443,1,26,78,9
AU,6,681397,1,26,78,8
AGE,1,681434,1,26,78,9
BE,7,681340,1,26,78,6
ASN,2,681186,1,26,79,1
ITE,24,681326,1,26,79,5
EZE,21,681350,1,26,79,6
EZE,21,681295,1,26,79,4
ASN,4,681194,1,26,79,1
ASN,2,681425,1,26,79,9
AU,6,681337,1,26,79,6
ASN,2,681287,1,26,79,4
ITE,25,681436,1,26,79,9
AGE,1,681378,1,26,79,7
AGE,1,681403,1,26,79,8
GME,23,681414,1,26,79,8
ITE,25,681437,1,26,79,9
GME,23,681450,1,26,79,9
AGE,1,681437,1,26,79,9
AGE,1,681373,1,26,79,7
ASN,4,681538,1,26,79,12
ASN,4,681207,1,26,79,1
AU,6,681327,1,26,79,5
AGE,1,681404,1,26,79,8
EZE,21,681447,1,26,79,9
AGE,1,681391,1,26,79,8
AGE,1,681367,1,26,79,7
ITE,24,681329,1,26,79,6
BE,7,681353,1,26,79,6
AGE,1,681375,1,26,79,7
ASN,2,681204,1,26,79,1
ASN,5,681262,1,26,79,3
ASN,2,681539,1,26,79,12
CA,12,681295,1,26,79,4
ASN,5,681259,1,26,79,3
ASN,2,681540,1,26,79,12
CA,12,681285,1,26,79,4
ASN,2,681278,1,26,79,4
ASN,4,681189,1,26,79,1
ASN,2,681178,1,26,79,1
CA,17,681366,1,26,79,7
USC,29,681333,1,26,79,6
CA,14,681388,1,26,79,7
CA,17,681361,1,26,79,7
EZE,21,681426,1,26,79,9
UK,27,681369,1,26,79,7
CA,15,681349,1,26,79,6
CA,18,681337,1,26,79,6
USC,29,681419,1,26,79,8
ASN,4,681478,1,26,79,10
USC,29,681396,1,26,79,8
CA,10,681330,1,26,79,6
USC,29,681404,1,26,79,8
CA,18,681388,1,26,79,7
USC,29,681426,1,26,79,9
CA,10,681389,1,26,79,7
EIE,20,681357,1,26,79,6
CA,15,681389,1,26,79,7
ASN,4,681467,1,26,79,10
USC,29,681359,1,26,79,7
CA,15,681354,1,26,79,6
USC,29,681400,1,26,79,8
CA,18,681381,1,26,79,7
CA,14,681382,1,26,79,7
USC,29,681398,1,26,79,8
CA,9,681334,1,26,79,6
USC,29,681346,1,26,79,6
CA,14,681363,1,26,79,7
USC,29,681399,1,26,79,8
CA,9,681377,1,26,79,7
ASN,5,681305,1,26,79,5
CA,16,681452,1,26,79,10
CA,14,681341,1,26,79,6
BE,7,681355,1,26,79,6
CA,13,681452,1,26,79,10
CA,15,681421,1,26,79,9
CA,9,681308,1,26,79,5
CA,18,681368,1,26,79,7
CA,10,681421,1,26,79,9
CA,16,681426,1,26,79,9
CA,16,681342,1,26,79,6
ASN,4,681497,1,26,79,11
CA,18,681421,1,26,79,9
CA,13,681395,1,26,79,8
CA,12,681351,1,26,79,6
CA,16,681395,1,26,79,8
CA,12,681340,1,26,79,6
UK,27,681352,1,26,79,6
CA,9,681351,1,26,79,6
EIE,20,681355,1,26,79,6
CA,14,681384,1,26,79,7
CA,15,681372,1,26,79,7
UK,27,681368,1,26,79,7
CA,13,681420,1,26,79,8
ITE,24,681332,1,26,79,6
ITE,24,681419,1,26,79,8
ITE,24,681441,1,26,79,9
AU,6,681418,1,26,79,8
ITE,24,681335,1,26,79,6
UK,28,681370,1,26,79,7
ASN,4,681299,1,26,79,5
ITE,25,681410,1,26,79,8
AU,6,681445,1,26,79,9
ITE,25,681333,1,26,79,6
ASN,4,681306,1,26,79,5
GME,23,681295,1,26,79,4
AU,6,681296,1,26,79,4
GM,22,681414,1,26,79,8
ITE,25,681435,1,26,79,9
AGE,1,681330,1,26,79,6
BE,7,681349,1,26,80,6
UK,28,681336,1,26,80,6
ITE,24,681333,1,26,80,6
GM,22,681443,1,26,80,9
ASN,2,681236,1,26,80,2
GM,22,681338,1,26,80,6
UK,28,681356,1,26,80,6
GME,23,681447,1,26,80,9
ITE,25,681430,1,26,80,9
ASN,2,681235,1,26,80,2
ASN,4,681308,1,26,80,5
EZE,21,681445,1,26,80,9
AGE,1,681420,1,26,80,8
ASN,2,681225,1,26,80,2
AGE,1,681349,1,26,80,6
AU,6,681415,1,26,80,8
AGE,1,681405,1,26,80,8
AU,6,681298,1,26,80,5
EZE,21,681355,1,26,80,6
ASN,4,681185,1,26,80,1
AGE,1,681384,1,26,80,7
AU,6,681444,1,26,80,9
AGE,1,681442,1,26,80,9
BE,7,681370,1,26,80,7
AGE,1,681398,1,26,80,8
AGE,1,681400,1,26,80,8
ITE,24,681442,1,26,80,9
AGE,1,681392,1,26,80,8
AGE,1,681399,1,26,80,8
ITE,24,681443,1,26,80,9
AGE,1,681397,1,26,80,8
ITE,24,681404,1,26,80,8
ASN,2,681541,1,27,80,12
ITE,25,681418,1,27,80,8
ITE,25,681343,1,27,80,6
EZE,21,681375,1,27,80,7
GM,22,681331,1,27,80,6
EZE,21,681446,1,27,80,9
ITE,25,681425,1,27,80,9
BE,7,681354,1,27,80,6
CA,17,681384,1,27,80,7
CA,14,681369,1,27,80,7
CA,13,681426,1,27,80,9
USC,29,681343,1,27,80,6
CA,13,681379,1,27,80,7
CA,17,681382,1,27,80,7
CA,18,681348,1,27,80,6
CA,15,681382,1,27,80,7
CA,9,681449,1,27,80,9
CA,18,681367,1,27,80,7
EIE,20,681379,1,27,80,7
ASN,4,681289,1,27,80,4
USC,29,681380,1,27,80,7
ITE,24,681343,1,27,80,6
USC,29,681438,1,27,80,9
CA,9,681376,1,27,80,7
CA,10,681288,1,27,80,4
CA,10,681376,1,27,80,7
USC,29,681341,1,27,80,6
CA,17,681369,1,27,80,7
CA,10,681400,1,27,80,8
CA,9,681309,1,27,80,5
CA,10,681308,1,27,80,5
CA,18,681400,1,27,80,8
CA,18,681389,1,27,80,7
CA,13,681358,1,27,80,6
CA,17,681354,1,27,80,6
CA,16,681295,1,27,80,4
CA,9,681332,1,27,80,6
EIE,20,681354,1,27,80,6
ASN,5,681188,1,27,80,1
CA,17,681422,1,27,80,9
CA,13,681392,1,27,80,8
CA,16,681392,1,27,80,8
ASN,5,681480,1,27,80,10
ASN,2,681542,1,27,80,12
ASN,4,681279,1,27,80,4
USC,29,681395,1,27,80,8
CA,15,681318,1,27,80,5
ITE,25,681395,1,27,80,8
CA,12,681316,1,27,80,5
USC,29,681394,1,27,80,8
AGE,1,681393,1,27,80,8
CA,12,681360,1,27,80,7
USC,29,681335,1,27,80,6
CA,17,681387,1,27,80,7
CA,15,681365,1,27,80,7
EZE,21,681374,1,27,80,7
CA,13,681407,1,27,80,8
CA,16,681458,1,27,80,10
CA,9,681386,1,27,80,7
AGE,1,681425,1,27,80,9
CA,17,681363,1,27,80,7
ASN,5,681201,1,27,80,1
CA,12,681424,1,27,80,9
CA,16,681362,1,27,80,7
EZE,21,681416,1,27,80,8
CA,12,681308,1,27,80,5
USC,29,681401,1,27,80,8
CA,13,681361,1,27,80,7
ASN,4,681503,1,27,80,11
USC,29,681336,1,27,80,6
AU,6,681409,1,27,80,8
GME,23,681359,1,27,80,7
ASN,2,681289,1,27,80,4
UK,28,681371,1,27,80,7
ITE,25,681346,1,27,80,6
AU,6,681393,1,27,80,8
ITE,24,681346,1,27,80,6
ITE,25,681404,1,27,80,8
AU,6,681446,1,27,80,9
UK,28,681367,1,27,80,7
AU,6,681350,1,27,80,6
UK,28,681353,1,27,80,6
AU,6,681333,1,27,80,6
EZE,21,681359,1,27,80,7
ASN,2,681527,1,27,80,12
ASN,4,681214,1,27,80,2
AU,6,681354,1,27,80,6
ASN,4,681227,1,27,80,2
BE,7,681373,1,27,80,7
ITE,24,681430,1,27,80,9
ASN,4,681210,1,27,80,2
GME,23,681443,1,27,80,9
AGE,1,681426,1,27,81,9
AU,6,681427,1,27,81,9
ITE,25,681426,1,27,81,9
ASN,2,681239,1,27,81,3
AGE,1,681419,1,27,81,8
AGE,1,681424,1,27,81,9
AGE,1,681432,1,27,81,9
AGE,1,681421,1,27,81,9
AU,6,681338,1,27,81,6
AGE,1,681365,1,27,81,7
AGE,1,681401,1,27,81,8
AGE,1,681385,1,27,81,7
AGE,1,681396,1,27,81,8
AGE,1,681342,1,27,81,6
ITE,24,681444,1,27,81,9
GM,22,681444,1,27,81,9
GME,23,681444,1,27,81,9
AGE,1,681395,1,27,81,8
AGE,1,681443,1,27,81,9
AGE,1,681411,1,27,81,8
ITE,24,681353,1,27,81,6
AGE,1,681412,1,27,81,8
ITE,25,681429,1,27,81,9
AU,6,681363,1,27,81,7
GME,23,681338,1,27,81,6
AU,6,681356,1,27,81,6
GM,22,681371,1,27,81,7
ITE,25,681354,1,27,81,6
ASN,2,681486,1,27,81,11
GM,22,681428,1,27,81,9
ASN,2,681459,1,27,81,10
ASN,2,681224,1,27,81,2
CA,13,681376,1,27,81,7
ITE,24,681420,1,27,81,8
CA,9,681381,1,27,81,7
CA,18,681350,1,27,81,6
CA,10,681383,1,27,81,7
CA,17,681383,1,27,81,7
ASN,4,681254,1,27,81,3
CA,17,681385,1,27,81,7
ITE,25,681396,1,27,81,8
CA,12,681350,1,27,81,6
CA,10,681350,1,27,81,6
ASN,2,681523,1,27,81,12
CA,16,681407,1,27,81,8
CA,15,681388,1,27,81,7
CA,9,681388,1,27,81,7
ASN,4,681252,1,27,81,3
ASN,5,681299,1,27,81,5
ASN,5,681278,1,27,81,4
CA,15,681367,1,27,81,7
USC,29,681344,1,27,81,6
CA,13,681367,1,27,81,7
CA,18,681354,1,27,81,6
USC,29,681441,1,27,81,9
ASN,5,681478,1,27,81,10
ASN,2,681192,1,27,81,1
EZE,21,681358,1,27,81,6
EIE,20,681356,1,27,81,6
CA,16,681287,1,27,81,4
CA,16,681355,1,27,81,6
CA,10,681287,1,27,81,4
ITE,24,681434,1,27,81,9
ASN,2,681219,1,27,81,2
USC,29,681310,1,27,81,5
CA,14,681365,1,27,81,7
CA,9,681458,1,27,81,10
CA,12,681421,1,27,81,9
UK,28,681372,1,27,81,7
CA,13,681362,1,27,81,7
ASN,4,681300,1,27,81,5
CA,12,681423,1,27,81,9
CA,14,681371,1,27,81,7
ASN,2,681218,1,27,81,2
ASN,5,681308,1,27,81,5
USC,29,681420,1,27,81,8
CA,10,681309,1,27,81,5
GME,23,681358,1,27,81,6
ASN,4,681212,1,27,81,2
GM,22,681354,1,27,81,6
AU,6,681428,1,27,81,9
EZE,21,681371,1,27,81,7
AU,6,681416,1,27,81,8
GM,22,681339,1,27,81,6
ITE,25,681353,1,27,81,6
ITE,25,681358,1,27,81,6
ITE,24,681345,1,27,81,6
UK,28,681357,1,27,81,6
ITE,25,681432,1,27,81,9
UK,28,681368,1,27,81,7
ITE,24,681435,1,28,82,9
GM,22,681415,1,28,82,8
ITE,24,681445,1,28,82,9
AU,6,681351,1,28,82,6
ITE,24,681424,1,28,82,9
ITE,25,681398,1,28,82,8
ITE,24,681401,1,28,82,8
ITE,25,681330,1,28,82,6
GME,23,681371,1,28,82,7
GM,22,681350,1,28,82,6
BE,7,681338,1,28,82,6
AGE,1,681413,1,28,82,8
ASN,4,681466,1,28,82,10
ASN,2,681426,1,28,82,9
UK,28,681355,1,28,82,6
ITE,25,681406,1,28,82,8
ITE,25,681403,1,28,82,8
BE,7,681337,1,28,82,6
ASN,2,681195,1,28,82,1
ASN,4,681238,1,28,82,3
CA,12,681318,1,28,82,5
CA,16,681403,1,28,82,8
CA,13,681403,1,28,82,8
CA,13,681402,1,28,82,8
CA,14,681354,1,28,82,6
CA,9,681350,1,28,82,6
GM,22,681357,1,28,82,6
CA,10,681390,1,28,82,8
CA,16,681396,1,28,82,8
CA,9,681390,1,28,82,8
CA,9,681466,1,28,82,10
ASN,4,681298,1,28,82,5
USC,29,681389,1,28,82,7
CA,10,681336,1,28,82,6
USC,29,681392,1,28,82,8
CA,16,681309,1,28,82,5
ITE,24,681400,1,28,82,8
USC,29,681397,1,28,82,8
USC,29,681334,1,28,82,6
CA,13,681355,1,28,82,6
CA,14,681353,1,28,82,6
CA,10,681465,1,28,82,10
CA,12,681367,1,28,82,7
CA,10,681368,1,28,82,7
CA,18,681349,1,28,82,6
AGE,1,681414,1,28,82,8
USC,29,681393,1,28,82,8
AGE,1,681431,1,28,82,9
CA,13,681343,1,28,82,6
CA,9,681379,1,28,82,7
CA,10,681378,1,28,82,7
CA,15,681370,1,28,82,7
CA,13,681417,1,28,82,8
USC,29,681425,1,28,82,9
ITE,24,681423,1,28,82,9
CA,15,681371,1,28,82,7
USC,29,681378,1,28,82,7
ASN,5,681226,1,28,82,2
EIE,20,681380,1,28,82,7
CA,15,681384,1,28,82,7
USC,29,681360,1,28,82,7
CA,10,681361,1,28,82,7
CA,12,681361,1,28,82,7
CA,15,681361,1,28,82,7
CA,16,681339,1,28,82,6
CA,12,681349,1,28,82,6
ASN,5,681225,1,28,82,2
CA,9,681364,1,28,82,7
CA,14,681386,1,28,82,7
CA,14,681385,1,28,82,7
CA,13,681342,1,28,82,6
ASN,5,681218,1,28,82,2
CA,17,681365,1,28,82,7
ASN,2,681189,1,28,82,1
EZE,21,681333,1,28,82,6
AU,6,681417,1,28,82,8
GM,22,681416,1,28,82,8
AU,6,681328,1,28,82,5
ITE,25,681428,1,28,82,9
AGE,1,681416,1,28,82,8
ITE,24,681395,1,28,82,8
ITE,24,681347,1,28,82,6
ITE,25,681347,1,28,82,6
ITE,24,681334,1,28,82,6
AGE,1,681359,1,28,82,7
ITE,24,681429,1,28,82,9
AGE,1,681383,1,28,82,7
AU,6,681330,1,28,82,6
AGE,1,681444,1,28,82,9
ASN,2,681435,1,28,82,9
AGE,1,681364,1,28,82,7
EZE,21,681356,1,28,83,6
UK,28,681354,1,28,83,6
ASN,2,681288,1,28,83,4
GME,23,681416,1,28,83,8
AU,6,681334,1,28,83,6
BE,7,681372,1,28,83,7
EZE,21,681428,1,28,83,9
ITE,24,681425,1,28,83,9
EZE,21,681340,1,28,83,6
ASN,4,681211,1,28,83,2
ITE,24,681437,1,28,83,9
CA,18,681372,1,28,83,7
CA,9,681365,1,28,83,7
CA,16,681381,1,28,83,7
ITE,25,681405,1,28,83,8
CA,12,681341,1,28,83,6
CA,12,681337,1,28,83,6
CA,18,681363,1,28,83,7
USC,29,681351,1,28,83,6
USC,29,681387,1,28,83,7
CA,15,681383,1,28,83,7
ITE,25,681344,1,28,83,6
CA,13,681360,1,28,83,7
CA,15,681386,1,28,83,7
CA,16,681384,1,28,83,7
CA,16,681348,1,28,83,6
CA,15,681364,1,28,83,7
ASN,5,681466,1,28,83,10
CA,16,681361,1,28,83,7
CA,18,681341,1,28,83,6
CA,9,681378,1,28,83,7
GME,23,681415,1,28,83,8
CA,17,681364,1,28,83,7
CA,18,681384,1,28,83,7
USC,29,681439,1,28,83,9
ASN,5,681481,1,28,83,10
ASN,5,681527,1,28,83,12
CA,16,681389,1,28,83,7
USC,29,681349,1,28,83,6
BE,7,681371,1,28,83,7
CA,12,681363,1,28,83,7
CA,9,681360,1,28,83,7
USC,29,681369,1,28,83,7
USC,29,681421,1,28,83,9
CA,14,681370,1,28,83,7
CA,9,681348,1,28,83,6
CA,13,681390,1,28,83,8
USC,29,681390,1,28,83,8
ASN,2,681243,1,28,83,3
ITE,25,681345,1,28,83,6
AU,6,681329,1,28,83,6
AU,6,681359,1,28,83,7
ITE,25,681399,1,28,83,8
ITE,25,681411,1,28,83,8
AGE,1,681376,1,28,83,7
AGE,1,681381,1,28,83,7
EZE,21,681332,1,28,83,6
ITE,25,681391,1,29,83,8
ITE,25,681390,1,29,83,8
ITE,24,681354,1,29,83,6
ITE,25,681334,1,29,83,6
ASN,4,681199,1,29,83,1
ITE,25,681409,1,29,83,8
ITE,25,681383,1,29,84,7
ITE,24,681396,1,29,84,8
ASN,4,681234,1,29,84,2
ASN,2,681504,1,29,84,11
ITE,24,681436,1,29,84,9
ITE,25,681378,1,29,84,7
EZE,21,681415,1,29,84,8
AU,6,681339,1,29,84,6
ITE,25,681413,1,29,84,8
EZE,21,681330,1,29,84,6
GME,23,681354,1,29,84,6
ITE,24,681383,1,29,84,7
ITE,25,681397,1,29,84,8
ITE,24,681336,1,29,84,6
ITE,24,681417,1,29,84,8
ITE,25,681408,1,29,84,8
GME,23,681357,1,29,84,6
GM,22,681372,1,29,84,7
EZE,21,681339,1,29,84,6
ASN,4,681268,1,29,84,4
CA,9,681383,1,29,84,7
USC,29,681381,1,29,84,7
GME,23,681331,1,29,84,6
GM,22,681355,1,29,84,6
ASN,4,681235,1,29,84,2
CA,9,681468,1,29,84,10
CA,12,681369,1,29,84,7
USC,29,681422,1,29,84,9
CA,10,681360,1,29,84,7
CA,16,681360,1,29,84,7
CA,12,681368,1,29,84,7
CA,16,681372,1,29,84,7
ASN,2,681193,1,29,84,1
GM,22,681332,1,29,84,6
ASN,5,681248,1,29,84,3
ASN,5,681253,1,29,84,3
AU,6,681342,1,29,84,6
ASN,4,681184,1,29,84,1
ASN,5,681536,1,29,84,12
CA,9,681361,1,29,84,7
EZE,21,681373,1,29,84,7
ASN,5,681220,1,29,84,2
CA,13,681337,1,29,84,6
CA,9,681354,1,29,84,6
USC,29,681384,1,29,84,7
CA,9,681385,1,29,84,7
CA,18,681386,1,29,84,7
CA,13,681389,1,29,84,7
CA,10,681384,1,29,84,7
CA,10,681363,1,29,84,7
CA,14,681364,1,29,84,7
USC,29,681383,1,29,84,7
CA,10,681351,1,29,84,6
CA,18,681383,1,29,84,7
CA,10,681349,1,29,84,6
GME,23,681339,1,29,84,6
AGE,1,681415,1,29,84,8
ITE,25,681414,1,29,84,8
ITE,24,681344,1,29,84,6
AGE,1,681380,1,29,84,7
AGE,1,681436,1,29,84,9
AGE,1,681377,1,29,84,7
AGE,1,681341,1,29,84,6
AGE,1,681387,1,29,84,7
AU,6,681332,1,29,84,6
AGE,1,681394,1,29,84,8
ITE,24,681426,1,29,84,9
AGE,1,681427,1,29,84,9
AGE,1,681363,1,29,84,7
ASN,2,681509,1,29,84,11
ASN,4,681479,1,29,84,10
ITE,24,681330,1,29,85,6
ITE,25,681407,1,29,85,8
ASN,2,681468,1,29,85,10
ITE,25,681337,1,29,85,6
ASN,2,681220,1,29,85,2
ITE,24,681398,1,29,85,8
EZE,21,681331,1,29,85,6
GME,23,681350,1,29,85,6
ASN,2,681498,1,29,85,11
ASN,4,681253,1,29,85,3
ASN,4,681509,1,29,85,11
CA,10,681348,1,29,85,6
CA,9,681368,1,29,85,7
ASN,5,681485,1,29,85,11
CA,13,681357,1,29,85,6
AU,6,681345,1,29,85,6
ITE,25,681342,1,29,85,6
ASN,4,681290,1,29,85,4
CA,9,681362,1,29,85,7
USC,29,681388,1,29,85,7
CA,16,681349,1,29,85,6
CA,16,681390,1,29,85,8
USC,29,681350,1,29,85,6
CA,16,681388,1,29,85,7
USC,29,681386,1,29,85,7
USC,29,681424,1,29,85,9
CA,16,681318,1,29,85,5
CA,16,681350,1,29,85,6
CA,18,681361,1,29,85,7
CA,10,681354,1,29,85,6
CA,12,681365,1,29,85,7
CA,18,681369,1,29,85,7
CA,18,681382,1,29,85,7
ASN,5,681217,1,29,85,2
CA,15,681385,1,29,85,7
ASN,4,681217,1,29,85,2
CA,15,681353,1,29,85,6
CA,10,681365,1,29,85,7
ASN,2,681536,1,29,85,12
CA,9,681363,1,29,85,7
AGE,1,681418,1,30,85,8
AGE,1,681382,1,30,85,7
AGE,1,681362,1,30,85,7
GM,22,681373,1,30,85,7
AU,6,681355,1,30,85,6
AGE,1,681429,1,30,85,9
ASN,2,681194,1,30,85,1
AU,6,681331,1,30,85,6
AGE,1,681390,1,30,85,8
AU,6,681371,1,30,85,7
ITE,24,681391,1,30,85,8
GME,23,681332,1,30,85,6
GM,22,681356,1,30,85,6
ITE,25,681331,1,30,85,6
UK,28,681369,1,30,85,7
ASN,2,681537,1,30,85,12
ITE,25,681361,1,30,86,7
ITE,25,681341,1,30,86,6
ITE,25,681385,1,30,86,7
ITE,25,681355,1,30,86,6
ITE,25,681366,1,30,86,7
ITE,24,681427,1,30,86,9
ITE,24,681405,1,30,86,8
ASN,2,681226,1,30,86,2
ITE,24,681362,1,30,86,7
CA,13,681421,1,30,86,9
CA,13,681332,1,30,86,6
AGE,1,681388,1,30,86,7
ITE,24,681421,1,30,86,9
ITE,24,681392,1,30,86,8
ITE,24,681403,1,30,86,8
ITE,24,681397,1,30,86,8
CA,16,681363,1,30,86,7
ITE,25,681389,1,30,86,7
USC,29,681391,1,30,86,8
CA,16,681369,1,30,86,7
CA,16,681423,1,30,86,9
AGE,1,681423,1,30,86,9
AGE,1,681430,1,30,86,9
AGE,1,681360,1,30,86,7
ITE,24,681390,1,30,86,8
AGE,1,681410,1,30,86,8
ASN,4,681260,1,30,86,3
ASN,5,681290,1,30,86,4
CA,9,681367,1,30,86,7
CA,10,681386,1,30,86,7
USC,29,681385,1,30,86,7
CA,18,681385,1,30,86,7
ITE,25,681365,1,30,86,7
USC,29,681377,1,30,86,7
CA,10,681385,1,30,86,7
CA,16,681351,1,30,86,6
CA,13,681381,1,30,86,7
CA,13,681384,1,30,86,7
CA,18,681351,1,30,86,6
CA,9,681382,1,30,86,7
CA,10,681382,1,30,86,7
ITE,24,681348,1,30,86,6
CA,14,681375,1,30,86,7
CA,17,681386,1,30,86,7
ITE,25,681427,1,30,86,9
CA,13,681349,1,30,86,6
EZE,21,681357,1,30,86,6
CA,16,681406,1,30,86,8
CA,13,681383,1,30,86,7
CA,16,681367,1,30,86,7
ITE,24,681331,1,30,86,6
ASN,2,681205,1,30,86,1
GME,23,681373,1,30,86,7
ASN,4,681485,1,30,86,11
EZE,21,681372,1,30,86,7
ITE,24,681361,1,30,86,7
ITE,24,681406,1,30,86,8
ITE,24,681341,1,30,86,6
ITE,24,681407,1,30,86,8
ITE,25,681367,1,30,86,7
EZE,21,681341,1,30,87,6
ITE,25,681415,1,30,87,8
ITE,25,681335,1,30,87,6
ITE,25,681412,1,30,87,8
ASN,4,681249,1,30,87,3
ITE,25,681363,1,30,87,7
ITE,25,681416,1,30,87,8
ITE,25,681386,1,30,87,7
ITE,24,681411,1,30,87,8
ASN,4,681533,1,30,87,12
AGE,1,681406,1,30,87,8
AGE,1,681428,1,30,87,9
ITE,25,681381,1,30,87,7
GME,23,681356,1,30,87,6
ITE,24,681378,1,30,87,7
ITE,24,681413,1,30,87,8
ITE,24,681414,1,30,87,8
GME,23,681372,1,30,87,7
AU,6,681375,1,30,87,7
ASN,4,681229,1,30,87,2
USC,29,681363,1,31,87,7
CA,10,681337,1,31,87,6
ITE,24,681360,1,31,87,7
CA,13,681369,1,31,87,7
CA,13,681365,1,31,87,7
CA,12,681354,1,31,87,6
CA,9,681369,1,31,87,7
ITE,25,681336,1,31,87,6
CA,12,681364,1,31,87,7
CA,16,681341,1,31,87,6
CA,13,681386,1,31,87,7
GME,23,681355,1,31,87,6
CA,9,681318,1,31,87,5
ASN,5,681487,1,31,87,11
USC,29,681382,1,31,87,7
CA,16,681383,1,31,87,7
CA,9,681384,1,31,87,7
ITE,25,681384,1,31,87,7
CA,15,681375,1,31,87,7
CA,9,681375,1,31,87,7
CA,13,681382,1,31,87,7
CA,15,681374,1,31,87,7
AU,6,681374,1,31,87,7
CA,13,681388,1,31,87,7
CA,16,681382,1,31,87,7
CA,12,681370,1,31,87,7
USC,29,681423,1,31,87,9
ITE,24,681338,1,31,87,6
ITE,25,681348,1,31,87,6
ITE,25,681379,1,31,87,7
ASN,4,681481,1,31,87,10
ITE,25,681338,1,31,87,6
ITE,25,681392,1,31,87,8
AU,6,681358,1,31,88,6
ASN,4,681519,1,31,88,12
AU,6,681377,1,31,88,7
ITE,25,681394,1,31,88,8
AU,6,681357,1,31,88,6
ITE,24,681366,1,31,88,7
ITE,24,681415,1,31,88,8
AGE,1,681417,1,31,88,8
ITE,25,681377,1,31,88,7
AGE,1,681361,1,31,88,7
AGE,1,681389,1,31,88,7
ASN,5,681216,1,31,88,2
ITE,25,681364,1,31,88,7
CA,17,681370,1,31,88,7
USC,29,681362,1,31,88,7
CA,16,681385,1,31,88,7
CA,13,681370,1,31,88,7
ITE,25,681362,1,31,88,7
CA,16,681386,1,31,88,7
CA,9,681349,1,31,88,6
USC,29,681361,1,31,88,7
USC,29,681370,1,31,88,7
CA,9,681371,1,31,88,7
CA,13,681333,1,31,88,6
CA,10,681372,1,31,88,7
CA,14,681372,1,31,88,7
CA,10,681353,1,31,88,6
USC,29,681367,1,31,88,7
CA,13,681348,1,31,88,6
ITE,24,681399,1,31,88,8
ITE,24,681381,1,31,88,7
ITE,24,681412,1,31,88,8
ITE,24,681379,1,31,88,7
ITE,24,681410,1,31,88,8
ITE,24,681409,1,31,88,8
ITE,24,681385,1,31,88,7
ITE,25,681359,1,31,88,7
ITE,24,681357,1,31,88,6
ASN,2,681179,1,31,88,1
ITE,24,681387,1,32,89,7
AGE,1,681409,1,32,89,8
ITE,25,681393,1,32,89,8
ITE,25,681387,1,32,89,7
ITE,24,681384,1,32,89,7
ITE,24,681389,1,32,89,7
ITE,24,681416,1,32,89,8
ITE,25,681339,1,32,89,6
ITE,25,681388,1,32,89,7
ITE,24,681428,1,32,89,9
ITE,24,681356,1,32,89,6
CA,13,681363,1,32,89,7
CA,10,681370,1,32,89,7
CA,14,681374,1,32,89,7
CA,18,681371,1,32,89,7
ITE,24,681359,1,32,89,7
ASN,4,681243,1,32,89,3
CA,12,681353,1,32,89,6
CA,13,681341,1,32,89,6
CA,10,681369,1,32,89,7
ITE,24,681342,1,32,89,6
CA,9,681337,1,32,89,6
CA,17,681375,1,32,89,7
CA,16,681365,1,32,89,7
CA,18,681365,1,32,89,7
ITE,24,681358,1,32,89,6
ITE,24,681408,1,32,89,8
ITE,24,681363,1,32,89,7
ITE,25,681352,1,32,89,6
ITE,25,681349,1,32,89,6
AGE,1,681422,1,32,90,9
AGE,1,681407,1,32,90,8
ITE,25,681380,1,32,90,7
ASN,4,681277,1,32,90,4
AGE,1,681408,1,32,90,8
ITE,24,681364,1,32,90,7
AU,6,681376,1,32,90,7
AU,6,681372,1,32,90,7
ASN,4,681480,1,32,90,10
ASN,2,681244,1,32,90,3
ITE,24,681349,1,32,90,6
CA,9,681370,1,32,90,7
ITE,24,681350,1,32,90,6
ITE,24,681393,1,32,90,8
ITE,24,681367,1,32,90,7
CA,18,681370,1,32,90,7
CA,13,681364,1,32,90,7
CA,18,681375,1,32,90,7
ASN,4,681261,1,32,90,3
CA,13,681385,1,32,90,7
USC,29,681355,1,32,90,6
CA,16,681354,1,32,90,6
AU,6,681373,1,32,90,7
ITE,25,681360,1,32,90,7
ASN,4,681225,1,32,90,2
ITE,24,681394,1,32,90,8
ASN,2,681510,1,32,90,11
ITE,24,681388,1,32,90,7
ITE,24,681365,1,32,90,7
ASN,5,681261,1,32,90,3
ITE,25,681350,1,33,91,6
ITE,25,681382,1,33,91,7
ASN,4,681278,1,33,91,4
ASN,4,681220,1,33,91,2
CA,17,681353,1,33,91,6
CA,9,681372,1,33,91,7
CA,13,681353,1,33,91,6
CA,17,681373,1,33,91,7
USC,29,681353,1,33,91,6
CA,18,681374,1,33,91,7
CA,9,681353,1,33,91,6
ITE,25,681368,1,33,91,7
CA,10,681375,1,33,91,7
USC,29,681352,1,33,91,6
CA,13,681336,1,33,91,6
ITE,25,681340,1,33,91,6
CA,18,681364,1,33,91,7
CA,13,681354,1,33,91,6
CA,13,681340,1,33,91,6
ITE,24,681380,1,33,91,7
ITE,24,681386,1,33,91,7
AU,6,681340,1,33,92,6
ASN,4,681534,1,33,92,12
ASN,4,681182,1,33,92,1
CA,17,681374,1,33,92,7
CA,10,681374,1,33,92,7
CA,13,681350,1,33,92,6
ASN,4,681522,1,33,92,12
CA,12,681371,1,33,92,7
CA,16,681370,1,33,92,7
ITE,24,681352,1,33,92,6
CA,10,681371,1,33,92,7
CA,16,681364,1,33,92,7
AU,6,681341,1,33,92,6
ASN,2,681528,1,33,92,12
ITE,24,681340,1,34,92,6
ITE,25,681369,1,34,92,7
ITE,25,681356,1,34,93,6
ITE,24,681377,1,34,93,7
ITE,25,681351,1,34,93,6
CA,13,681375,1,34,93,7
ASN,2,681185,1,34,93,1
CA,9,681374,1,34,93,7
ASN,4,681201,1,34,93,1
ASN,5,681193,1,34,93,1
CA,18,681353,1,34,93,6
USC,29,681354,1,34,93,6
CA,10,681364,1,34,93,7
ITE,24,681355,1,34,93,6
ITE,24,681370,1,34,93,7
ITE,25,681370,1,34,93,7
ASN,2,681230,1,34,93,2
ITE,24,681339,1,34,93,6
ITE,24,681369,1,34,93,7
ITE,24,681351,1,34,93,6
ITE,24,681368,1,34,94,7
CA,13,681371,1,34,94,7
ASN,4,681527,1,34,94,12
ITE,25,681371,1,34,94,7
CA,16,681353,1,34,94,6
CA,17,681371,1,34,94,7
USC,29,681373,1,34,94,7
CA,12,681372,1,34,94,7
USC,29,681364,1,34,94,7
USC,29,681371,1,34,94,7
ASN,2,681190,1,34,94,1
ITE,24,681371,1,34,94,7
ITE,25,681376,1,35,94,7
ASN,2,681202,1,35,94,1
ASN,2,681191,1,35,95,1
ITE,25,681372,1,35,95,7
USC,29,681365,1,35,95,7
ASN,4,681178,1,35,95,1
CA,16,681371,1,35,95,7
CA,13,681372,1,35,95,7
ITE,24,681372,1,35,95,7
CA,16,681375,1,35,95,7
USC,29,681372,1,35,95,7
CA,13,681374,1,35,95,7
CA,12,681374,1,35,95,7
ITE,24,681374,1,35,95,7
ASN,4,681487,1,35,95,11
ASN,4,681230,1,35,95,2
ITE,25,681375,1,35,96,7
ASN,4,681248,1,36,96,3
ITE,24,681382,1,36,96,7
ITE,25,681373,1,36,96,7
USC,29,681366,1,36,96,7
CA,16,681374,1,36,96,7
ITE,24,681373,1,36,96,7
ITE,24,681375,1,36,97,7
USC,29,681376,1,36,97,7
ASN,4,681183,1,36,97,1
ASN,4,681536,1,36,97,12
ITE,25,681374,1,36,97,7
ITE,24,681376,1,36,98,7
ASN,4,681226,1,37,98,2
USC,29,681374,1,37,98,7
ASN,5,681183,1,37,98,1
USC,29,681375,1,37,99,7
ASN,4,681215,1,38,101,2
ASN,2,681227,1,38,101,2
ASN,4,681219,1,39,102,2
ASN,4,681216,1,39,102,2
ASN,4,681192,1,39,103,1
ASN,4,681193,1,42,108,1
CA,9,681888,1,-22,-7,12
CA,8,681888,1,-20,-4,12
CA,9,681889,1,-19,-3,12
CA,15,681888,1,-19,-3,12
CA,8,681572,1,-19,-2,1
CA,9,681560,1,-19,-2,1
CA,9,681561,1,-19,-2,1
CA,17,681888,1,-19,-2,12
SZ,26,681879,1,-18,-1,12
CA,10,681888,1,-18,-1,12
CA,18,681888,1,-18,0,12
CA,9,681557,1,-17,1,1
CA,9,681572,1,-17,1,1
CA,8,681560,1,-17,2,1
CA,9,681887,1,-17,2,12
CA,8,681889,1,-17,2,12
SZ,26,681559,1,-16,3,1
CA,12,681888,1,-16,3,12
SZ,26,681558,1,-16,3,1
SZ,26,681907,1,-16,4,12
CA,15,681572,1,-16,4,1
CA,9,681895,1,-16,4,12
CA,8,681895,1,-16,4,12
SZ,26,681883,1,-15,4,12
SZ,26,681545,1,-15,5,1
CA,8,681558,1,-15,5,1
SZ,26,681884,1,-15,5,12
CA,9,681885,1,-15,5,12
SZ,26,681897,1,-15,5,12
SZ,26,681560,1,-15,5,1
CA,15,681889,1,-15,5,12
SZ,26,681896,1,-15,6,12
CA,15,681895,1,-14,6,12
CA,9,681894,1,-14,6,12
CA,9,681890,1,-14,6,12
CA,14,681889,1,-14,6,12
CA,9,681571,1,-14,6,1
CA,9,681886,1,-14,6,12
CA,8,681890,1,-14,6,12
SZ,26,681546,1,-14,7,1
SZ,26,681882,1,-14,7,12
CA,10,681560,1,-14,7,1
CA,8,681561,1,-14,7,1
CA,18,681889,1,-14,7,12
CA,9,681558,1,-14,7,1
CA,9,681556,1,-14,7,1
CA,8,681556,1,-14,7,1
CA,8,681557,1,-14,7,1
CA,15,681890,1,-14,7,12
CA,9,681554,1,-14,7,1
SZ,26,681603,1,-14,7,3
CA,11,681889,1,-13,8,12
CA,18,681560,1,-13,8,1
CA,17,681560,1,-13,8,1
CA,18,681572,1,-13,8,1
CA,18,681561,1,-13,8,1
CA,15,681557,1,-13,8,1
CA,9,681550,1,-13,8,1
CA,15,681561,1,-13,8,1
CA,8,681894,1,-13,8,12
CA,12,681889,1,-13,9,12
CA,8,681887,1,-13,9,12
CA,18,681890,1,-13,9,12
CA,9,681551,1,-12,10,1
CA,11,681888,1,-12,10,12
CA,18,681557,1,-12,10,1
CA,18,681554,1,-12,10,1
CA,18,681895,1,-12,10,12
CA,8,681886,1,-12,10,12
CA,17,681557,1,-12,10,1
CA,17,681889,1,-12,10,12
SZ,26,681885,1,-12,10,12
SZ,26,681867,1,-12,11,11
SZ,26,681868,1,-12,11,11
CA,8,681550,1,-12,11,1
CA,8,681554,1,-12,11,1
CA,14,681888,1,-12,11,12
SZ,26,681906,1,-12,11,12
SZ,26,681886,1,-12,11,12
SZ,26,681554,1,-12,11,1
CA,17,681571,1,-11,12,1
CA,9,681570,1,-11,12,1
CA,9,681907,1,-11,12,12
CA,10,681890,1,-11,12,12
CA,8,681551,1,-11,12,1
CA,10,681572,1,-11,12,1
CA,15,681556,1,-11,12,1
CA,18,681885,1,-11,12,12
CA,18,681556,1,-11,12,1
CA,8,681885,1,-11,12,12
CA,8,681571,1,-11,12,1
CA,10,681571,1,-11,13,1
SZ,26,681608,1,-11,13,3
CA,13,681571,1,-11,13,1
CA,10,681555,1,-11,13,1
CA,10,681561,1,-11,13,1
CA,18,681894,1,-11,13,12
CA,8,681559,1,-11,13,1
CA,15,681560,1,-11,13,1
CA,9,681552,1,-11,13,1
CA,9,681559,1,-11,13,1
AU,6,681907,1,-10,13,12
SZ,26,681895,1,-10,13,12
CA,10,681554,1,-10,14,1
CA,10,681583,1,-10,14,2
CA,8,681553,1,-10,14,1
CA,9,681553,1,-10,14,1
SZ,26,681580,1,-10,14,2
CA,10,681894,1,-10,14,12
CA,8,681593,1,-10,14,2
CA,17,681556,1,-10,14,1
SZ,26,681544,1,-10,14,1
CA,17,681561,1,-10,14,1
SZ,26,681880,1,-10,14,12
CA,15,681887,1,-10,14,12
SZ,26,681602,1,-10,14,3
SZ,26,681607,1,-10,15,3
CA,17,681583,1,-9,15,2
CA,15,681554,1,-9,15,1
CA,9,681880,1,-9,15,12
CA,18,681571,1,-9,15,1
CA,17,681554,1,-9,15,1
CA,15,681885,1,-9,15,12
CA,14,681895,1,-9,15,12
CA,15,681894,1,-9,15,12
CA,10,681889,1,-9,15,12
CA,16,681889,1,-9,15,12
CA,8,681563,1,-9,15,1
CA,10,681884,1,-9,15,12
CA,8,681552,1,-9,15,1
SZ,26,681869,1,-9,15,11
SZ,26,681889,1,-9,16,12
CA,12,681560,1,-9,16,1
CA,13,681889,1,-9,16,12
CA,14,681615,1,-9,16,3
CA,9,681593,1,-9,16,2
CA,12,681572,1,-9,16,1
CA,15,681559,1,-9,16,1
CA,18,681558,1,-9,16,1
SZ,26,681881,1,-9,16,12
CA,9,681563,1,-9,16,1
CA,16,681571,1,-9,16,1
CA,18,681559,1,-9,16,1
GME,23,681907,1,-9,16,12
SZ,26,681887,1,-9,16,12
SZ,26,681870,1,-8,17,11
CA,15,681563,1,-8,17,1
CA,17,681890,1,-8,17,12
CA,10,681559,1,-8,17,1
CA,9,681893,1,-8,17,12
CA,17,681559,1,-8,17,1
CA,8,681892,1,-8,17,12
CA,10,681906,1,-8,17,12
CA,8,681549,1,-8,17,1
CA,13,681572,1,-8,17,1
CA,12,681890,1,-8,17,12
CA,14,681890,1,-8,17,12
CA,18,681887,1,-8,17,12
CA,17,681555,1,-8,17,1
CA,10,681557,1,-8,17,1
CA,17,681894,1,-8,17,12
CA,17,681876,1,-8,17,11
CA,10,681887,1,-8,17,12
CA,12,681571,1,-8,17,1
SZ,26,681543,1,-8,17,1
CA,13,681561,1,-8,18,1
CA,13,681615,1,-8,18,3
CA,18,681550,1,-8,18,1
CA,13,681876,1,-8,18,11
CA,15,681571,1,-8,18,1
SZ,26,681820,1,-8,18,10
CA,8,681880,1,-8,18,12
USC,29,681572,1,-8,18,1
CA,9,681881,1,-8,18,12
USC,29,681890,1,-8,18,12
CA,10,681885,1,-8,18,12
USC,29,681889,1,-8,18,12
CA,16,681560,1,-8,18,1
CA,15,681558,1,-8,18,1
CA,18,681552,1,-8,18,1
CA,15,681552,1,-8,18,1
CA,9,681596,1,-8,18,2
CA,16,681888,1,-8,18,12
SZ,26,681821,1,-8,18,10
EZE,21,681907,1,-8,18,12
SZ,26,681604,1,-7,19,3
SZ,26,681819,1,-7,19,10
SZ,26,681555,1,-7,19,1
CA,18,681893,1,-7,19,12
CA,18,681864,1,-7,19,11
CA,11,681557,1,-7,19,1
CA,9,681896,1,-7,19,12
CA,9,681615,1,-7,19,3
CA,10,681558,1,-7,19,1
CA,8,681893,1,-7,19,12
CA,8,681598,1,-7,19,2
CA,13,681559,1,-7,19,1
CA,10,681569,1,-7,19,1
CA,13,681560,1,-7,19,1
CA,9,681564,1,-7,19,1
CA,9,681598,1,-7,19,2
CA,13,681544,1,-7,19,1
CA,10,681891,1,-7,19,12
CA,18,681544,1,-7,19,1
CA,9,681892,1,-7,19,12
SZ,26,681905,1,-7,19,12
SZ,26,681633,1,-7,20,4
SZ,26,681577,1,-7,20,2
CA,12,681895,1,-7,20,12
CA,18,681553,1,-7,20,1
CA,16,681572,1,-7,20,1
CA,10,681876,1,-7,20,11
CA,11,681895,1,-7,20,12
SZ,26,681894,1,-7,20,12
CA,11,681560,1,-7,20,1
CA,10,681563,1,-7,20,1
CA,17,681572,1,-7,20,1
USC,29,681888,1,-7,20,12
CA,11,681571,1,-7,20,1
CA,9,681901,1,-7,20,12
CA,17,681887,1,-7,20,12
SZ,26,681824,1,-7,20,10
CA,16,681557,1,-7,20,1
CA,10,681562,1,-7,20,1
CA,9,681592,1,-7,20,2
CA,17,681544,1,-7,20,1
CA,18,681615,1,-7,20,3
CA,10,681556,1,-7,20,1
CA,12,681615,1,-7,20,3
CA,10,681615,1,-7,20,3
SZ,26,681888,1,-7,20,12
CA,9,681575,1,-7,20,2
CA,15,681564,1,-7,20,1
CA,11,681563,1,-7,20,1
CA,17,681563,1,-7,20,1
CA,8,681564,1,-7,20,1
SZ,26,681890,1,-7,20,12
CA,15,681550,1,-7,20,1
SZ,26,681871,1,-7,20,11
GME,23,681885,1,-6,20,12
SZ,26,681904,1,-6,20,12
SZ,26,681686,1,-6,20,5
SZ,26,681585,1,-6,20,2
GM,22,681907,1,-6,21,12
SZ,26,681903,1,-6,21,12
CA,18,681551,1,-6,21,1
CA,8,681592,1,-6,21,2
CA,15,681553,1,-6,21,1
CA,18,681563,1,-6,21,1
CA,18,681564,1,-6,21,1
SZ,26,681547,1,-6,21,1
CA,9,681595,1,-6,21,2
CA,17,681615,1,-6,21,3
CA,9,681578,1,-6,21,2
CA,16,681561,1,-6,21,1
CA,13,681554,1,-6,21,1
CA,11,681561,1,-6,21,1
CA,13,681543,1,-6,21,1
CA,8,681607,1,-6,21,3
CA,15,681593,1,-6,21,2
CA,8,681865,1,-6,21,11
BE,7,681563,1,-6,21,1
SZ,26,681587,1,-6,21,2
SZ,26,681561,1,-6,21,1
SZ,26,681578,1,-6,21,2
SZ,26,681609,1,-6,22,3
SZ,26,681826,1,-6,22,10
CA,17,681906,1,-6,22,12
CA,18,681907,1,-6,22,12
CA,16,681554,1,-6,22,1
CA,15,681551,1,-6,22,1
CA,9,681864,1,-6,22,11
CA,18,681570,1,-6,22,1
CA,10,681864,1,-6,22,11
CA,17,681549,1,-6,22,1
CA,13,681570,1,-6,22,1
CA,9,681897,1,-6,22,12
CA,13,681557,1,-6,22,1
CA,10,681550,1,-6,22,1
CA,17,681570,1,-6,22,1
USC,29,681561,1,-6,22,1
CA,10,681564,1,-6,22,1
CA,15,681616,1,-6,22,3
CA,12,681554,1,-6,22,1
CA,17,681569,1,-6,22,1
CA,17,681550,1,-6,22,1
CA,16,681615,1,-6,22,3
CA,15,681892,1,-6,22,12
CA,9,681543,1,-6,22,1
CA,9,681567,1,-6,22,1
CA,11,681554,1,-6,22,1
CA,18,681880,1,-6,22,12
CA,16,681563,1,-6,22,1
UK,27,681545,1,-6,22,1
CA,10,681893,1,-6,22,12
USC,29,681562,1,-6,22,1
CA,10,681895,1,-6,22,12
CA,17,681604,1,-6,22,3
USC,29,681560,1,-6,22,1
CA,8,681594,1,-6,22,2
SZ,26,681663,1,-6,22,5
USC,29,681558,1,-6,22,1
CA,10,681553,1,-6,22,1
CA,8,681608,1,-6,22,3
CA,17,681891,1,-6,22,12
CA,11,681572,1,-6,22,1
CA,11,681890,1,-6,22,12
CA,11,681552,1,-6,22,1
CA,8,681595,1,-6,22,2
CA,8,681864,1,-6,22,11
CA,15,681880,1,-6,22,12
CA,14,681876,1,-6,22,11
SZ,26,681568,1,-6,22,1
SZ,26,681606,1,-5,22,3
AU,6,681548,1,-5,22,1
AU,6,681549,1,-5,22,1
SZ,26,681898,1,-5,22,12
UK,28,681545,1,-5,22,1
SZ,26,681849,1,-5,22,11
AU,6,681898,1,-5,22,12
EZE,21,681548,1,-5,23,1
CA,15,681594,1,-5,23,2
CA,16,681556,1,-5,23,1
CA,18,681543,1,-5,23,1
CA,18,681545,1,-5,23,1
CA,17,681884,1,-5,23,12
CA,17,681552,1,-5,23,1
CA,14,681885,1,-5,23,12
CA,14,681880,1,-5,23,12
SZ,26,681574,1,-5,23,2
CA,9,681906,1,-5,23,12
CA,10,681567,1,-5,23,1
CA,17,681564,1,-5,23,1
CA,16,681890,1,-5,23,12
CA,11,681615,1,-5,23,3
CA,11,681556,1,-5,23,1
CA,12,681556,1,-5,23,1
CA,12,681616,1,-5,23,3
GM,22,681563,1,-5,23,1
CA,16,681895,1,-5,23,12
CA,17,681562,1,-5,23,1
SZ,26,681877,1,-5,23,12
CA,13,681553,1,-5,23,1
CA,8,681906,1,-5,23,12
CA,10,681570,1,-5,23,1
CA,15,681893,1,-5,23,12
CA,9,681865,1,-5,23,11
CA,12,681544,1,-5,23,1
CA,15,681592,1,-5,23,2
GME,23,681564,1,-5,23,1
GME,23,681563,1,-5,23,1
SZ,26,681601,1,-5,23,2
SZ,26,681605,1,-5,23,3
SZ,26,681827,1,-5,23,10
GME,23,681548,1,-5,23,1
EZE,21,681563,1,-5,23,1
SZ,26,681859,1,-5,24,11
EZE,21,681886,1,-5,24,12
SZ,26,681828,1,-4,24,10
SZ,26,681874,1,-4,24,11
SZ,26,681588,1,-4,24,2
CA,18,681593,1,-4,24,2
CA,14,681894,1,-4,24,12
CA,9,681600,1,-4,24,2
CA,10,681604,1,-4,24,3
CA,14,681887,1,-4,24,12
CA,18,681892,1,-4,24,12
CA,15,681907,1,-4,24,12
CA,14,681892,1,-4,24,12
CA,17,681558,1,-4,24,1
CA,13,681564,1,-4,24,1
USC,29,681571,1,-4,24,1
CA,10,681549,1,-4,24,1
CA,13,681890,1,-4,24,12
GM,22,681548,1,-4,24,1
CA,10,681877,1,-4,24,12
CA,13,681565,1,-4,24,1
CA,17,681886,1,-4,24,12
CA,18,681594,1,-4,24,2
CA,10,681552,1,-4,24,1
CA,16,681544,1,-4,24,1
CA,8,681616,1,-4,24,3
CA,8,681596,1,-4,24,2
CA,18,681567,1,-4,24,1
CA,14,681616,1,-4,24,3
CA,18,681616,1,-4,24,3
AU,6,681562,1,-4,24,1
BE,7,681562,1,-4,24,1
CA,17,681619,1,-4,24,3
CA,15,681544,1,-4,24,1
CA,18,681566,1,-4,24,1
CA,10,681565,1,-4,24,1
CA,17,681553,1,-4,24,1
SZ,26,681600,1,-4,24,2
SZ,26,681548,1,-4,24,1
SZ,26,681556,1,-4,24,1
SZ,26,681551,1,-4,24,1
SZ,26,681553,1,-4,25,1
SZ,26,681899,1,-4,25,12
EZE,21,681565,1,-4,25,1
SZ,26,681589,1,-4,25,2
SZ,26,681851,1,-4,25,11
CA,16,681559,1,-4,25,1
CA,18,681565,1,-4,25,1
CA,15,681886,1,-4,25,12
CA,11,681559,1,-4,25,1
CA,17,681598,1,-4,25,2
CA,8,681599,1,-4,25,2
CA,18,681886,1,-4,25,12
CA,8,681881,1,-4,25,12
CA,17,681880,1,-4,25,12
CA,16,681564,1,-4,25,1
SZ,26,681873,1,-4,25,11
CA,9,681616,1,-4,25,3
CA,11,681616,1,-4,25,3
USC,29,681895,1,-4,25,12
CA,17,681895,1,-4,25,12
CA,13,681895,1,-4,25,12
CA,14,681594,1,-4,25,2
CA,12,681553,1,-4,25,1
CA,11,681553,1,-4,25,1
USC,29,681557,1,-4,25,1
CA,8,681907,1,-4,25,12
CA,13,681552,1,-4,25,1
CA,13,681563,1,-4,25,1
CA,10,681551,1,-4,25,1
CA,18,681865,1,-4,25,11
CA,12,681558,1,-4,25,1
CA,13,681550,1,-4,25,1
CA,12,681564,1,-4,25,1
CA,18,681549,1,-4,25,1
CA,14,681605,1,-4,25,3
CA,11,681605,1,-4,25,3
BE,7,681907,1,-4,25,12
CA,12,681563,1,-4,25,1
CA,8,681567,1,-4,25,1
AU,6,681563,1,-4,25,1
BE,7,681885,1,-4,25,12
SZ,26,681866,1,-4,25,11
AU,6,681550,1,-4,25,1
GME,23,681614,1,-4,25,3
GM,22,681885,1,-4,25,12
SZ,26,681893,1,-4,25,12
SZ,26,681878,1,-4,25,12
EZE,21,681555,1,-4,26,1
SZ,26,681902,1,-4,26,12
SZ,26,681892,1,-4,26,12
GM,22,681564,1,-4,26,1
AU,6,681885,1,-4,26,12
SZ,26,681631,1,-4,26,3
SZ,26,681632,1,-4,26,3
GME,23,681886,1,-4,26,12
SZ,26,681573,1,-4,26,1
GME,23,681562,1,-4,26,1
SZ,26,681557,1,-4,26,1
AU,6,681897,1,-4,26,12
EZE,21,681614,1,-3,26,3
SZ,26,681594,1,-3,26,2
CA,8,681578,1,-3,26,2
CA,13,681558,1,-3,26,1
CA,9,681547,1,-3,26,1
CA,14,681619,1,-3,26,3
CA,12,681876,1,-3,26,11
CA,10,681886,1,-3,26,12
CA,18,681588,1,-3,26,2
CA,16,681553,1,-3,26,1
CA,9,681853,1,-3,26,11
CA,8,681605,1,-3,26,3
CA,9,681549,1,-3,26,1
SZ,26,681564,1,-3,26,1
CA,15,681549,1,-3,26,1
SZ,26,681641,1,-3,26,4
SZ,26,681567,1,-3,26,1
CA,14,681893,1,-3,26,12
CA,17,681892,1,-3,26,12
CA,17,681905,1,-3,26,12
CA,11,681543,1,-3,26,1
CA,18,681595,1,-3,26,2
CA,14,681907,1,-3,26,12
CA,15,681545,1,-3,26,1
CA,9,681565,1,-3,26,1
GM,22,681555,1,-3,26,1
CA,16,681616,1,-3,26,3
CA,8,681610,1,-3,26,3
CA,16,681570,1,-3,26,1
CA,14,681881,1,-3,26,12
CA,14,681593,1,-3,26,2
CA,11,681544,1,-3,26,1
GM,22,681886,1,-3,26,12
CA,9,681545,1,-3,26,1
CA,13,681556,1,-3,26,1
CA,14,681595,1,-3,26,2
CA,15,681881,1,-3,26,12
CA,9,681594,1,-3,26,2
SZ,26,681865,1,-3,26,11
SZ,26,681654,1,-3,26,4
BE,7,681546,1,-3,26,1
SZ,26,681891,1,-3,26,12
EZE,21,681564,1,-3,26,1
AU,6,681564,1,-3,26,1
GME,23,681882,1,-3,27,12
EZE,21,681898,1,-3,27,12
EZE,21,681559,1,-3,27,1
EZE,21,681897,1,-3,27,12
GME,23,681547,1,-3,27,1
BE,7,681884,1,-3,27,12
SZ,26,681637,1,-3,27,4
EZE,21,681562,1,-3,27,1
SZ,26,681576,1,-3,27,2
CA,8,681573,1,-3,27,1
CA,12,681885,1,-3,27,12
EZE,21,681903,1,-3,27,12
CA,12,681880,1,-3,27,12
CA,13,681566,1,-3,27,1
CA,9,681546,1,-3,27,1
CA,13,681888,1,-3,27,12
CA,12,681892,1,-3,27,12
CA,11,681892,1,-3,27,12
CA,11,681550,1,-3,27,1
CA,11,681545,1,-3,27,1
GM,22,681547,1,-3,27,1
CA,9,681544,1,-3,27,1
CA,15,681570,1,-3,27,1
USC,29,681570,1,-3,27,1
CA,8,681565,1,-3,27,1
CA,17,681543,1,-3,27,1
SZ,26,681664,1,-3,27,5
CA,8,681566,1,-3,27,1
CA,8,681570,1,-3,27,1
UK,27,681544,1,-3,27,1
SZ,26,681875,1,-3,27,11
EZE,21,681547,1,-3,27,1
CA,17,681545,1,-3,27,1
CA,17,681864,1,-3,27,11
CA,17,681616,1,-3,27,3
CA,15,681617,1,-3,27,3
CA,18,681592,1,-3,27,2
CA,12,681894,1,-3,27,12
USC,29,681555,1,-3,27,1
UK,27,681556,1,-3,27,1
CA,15,681608,1,-3,27,3
CA,11,681608,1,-3,27,3
CA,15,681607,1,-3,27,3
CA,11,681606,1,-3,27,3
CA,17,681617,1,-3,27,3
CA,17,681595,1,-3,27,2
CA,12,681893,1,-3,27,12
CA,18,681605,1,-3,27,3
CA,17,681551,1,-3,27,1
CA,11,681551,1,-3,27,1
CA,15,681864,1,-3,27,11
CA,17,681605,1,-3,27,3
UK,27,681558,1,-3,27,1
CA,15,681865,1,-3,27,11
CA,9,681579,1,-3,27,2
CA,16,681558,1,-3,27,1
SZ,26,681852,1,-3,27,11
SZ,26,681900,1,-3,27,12
SZ,26,681596,1,-3,27,2
SZ,26,681864,1,-3,27,11
SZ,26,681644,1,-3,27,4
SZ,26,681860,1,-3,27,11
SZ,26,681638,1,-3,27,4
GME,23,681559,1,-3,27,1
SZ,26,681620,1,-3,27,3
SZ,26,681593,1,-3,27,2
GME,23,681556,1,-2,28,1
SZ,26,681599,1,-2,28,2
EZE,21,681885,1,-2,28,12
SZ,26,681872,1,-2,28,11
SZ,26,681571,1,-2,28,1
BE,7,681880,1,-2,28,12
SZ,26,681550,1,-2,28,1
GM,22,681562,1,-2,28,1
SZ,26,681634,1,-2,28,4
BE,7,681903,1,-2,28,12
SZ,26,681876,1,-2,28,11
GME,23,681561,1,-2,28,1
BE,7,681557,1,-2,28,1
GME,23,681897,1,-2,28,12
GM,22,681881,1,-2,28,12
SZ,26,681575,1,-2,28,2
SZ,26,681709,1,-2,28,6
GM,22,681557,1,-2,28,1
BE,7,681906,1,-2,28,12
SZ,26,681592,1,-2,28,2
SZ,26,681552,1,-2,28,1
GM,22,681561,1,-2,28,1
CA,15,681605,1,-2,28,3
CA,15,681588,1,-2,28,2
CA,14,681584,1,-2,28,2
CA,14,681865,1,-2,28,11
CA,17,681893,1,-2,28,12
CA,8,681600,1,-2,28,2
CA,15,681567,1,-2,28,1
CA,10,681892,1,-2,28,12
CA,11,681570,1,-2,28,1
CA,15,681595,1,-2,28,2
CA,14,681628,1,-2,28,3
CA,10,681575,1,-2,28,2
CA,14,681617,1,-2,28,3
CA,18,681608,1,-2,28,3
CA,14,681575,1,-2,28,2
USC,29,681896,1,-2,28,12
CA,13,681887,1,-2,28,12
CA,18,681617,1,-2,28,3
CA,11,681894,1,-2,28,12
CA,13,681616,1,-2,28,3
ITE,25,681900,1,-2,28,12
CA,16,681894,1,-2,28,12
CA,18,681575,1,-2,28,2
CA,17,681592,1,-2,28,2
CA,10,681880,1,-2,28,12
CA,18,681578,1,-2,28,2
CA,14,681886,1,-2,28,12
CA,8,681575,1,-2,28,2
USC,29,681907,1,-2,28,12
CA,10,681566,1,-2,28,1
CA,10,681543,1,-2,28,1
CA,17,681565,1,-2,28,1
USC,29,681559,1,-2,28,1
CA,9,681566,1,-2,28,1
CA,12,681552,1,-2,28,1
CA,13,681906,1,-2,28,12
EIE,20,681563,1,-2,28,1
GM,22,681559,1,-2,28,1
SZ,26,681901,1,-2,28,12
AU,6,681614,1,-2,28,3
GME,23,681903,1,-2,28,12
GME,23,681881,1,-2,28,12
SZ,26,681625,1,-2,28,3
SZ,26,681621,1,-2,28,3
ITE,25,681904,1,-2,28,12
SZ,26,681863,1,-2,28,11
AU,6,681883,1,-2,28,12
SZ,26,681823,1,-2,28,10
GM,22,681556,1,-2,28,1
GM,22,681614,1,-2,28,3
SZ,26,681853,1,-2,28,11
ITE,25,681549,1,-2,28,1
EZE,21,681556,1,-2,28,1
SZ,26,681590,1,-2,29,2
GM,22,681882,1,-2,29,12
EZE,21,681882,1,-2,29,12
GME,23,681883,1,-2,29,12
EZE,21,681902,1,-2,29,12
EZE,21,681899,1,-2,29,12
SZ,26,681825,1,-2,29,10
GM,22,681897,1,-2,29,12
AU,6,681547,1,-2,29,1
GME,23,681557,1,-2,29,1
SZ,26,681642,1,-2,29,4
AU,6,681902,1,-2,29,12
AU,6,681884,1,-2,29,12
GM,22,681883,1,-2,29,12
CA,10,681594,1,-2,29,2
CA,10,681595,1,-2,29,2
CA,10,681544,1,-2,29,1
CA,17,681566,1,-2,29,1
CA,12,681570,1,-2,29,1
CA,15,681566,1,-2,29,1
CA,11,681628,1,-2,29,3
CA,14,681627,1,-2,29,3
CA,11,681629,1,-2,29,3
CA,15,681628,1,-2,29,3
CA,16,681552,1,-2,29,1
CA,14,681588,1,-2,29,2
CA,11,681565,1,-2,29,1
CA,14,681578,1,-2,29,2
CA,13,681880,1,-2,29,12
CA,16,681907,1,-2,29,12
USC,29,681545,1,-2,29,1
CA,18,681547,1,-2,29,1
CA,10,681907,1,-2,29,12
CA,13,681545,1,-2,29,1
CA,13,681881,1,-2,29,12
CA,13,681892,1,-2,29,12
CA,16,681892,1,-2,29,12
CA,10,681865,1,-2,29,11
CA,18,681881,1,-2,29,12
CA,13,681551,1,-2,29,1
CA,16,681551,1,-2,29,1
CA,12,681887,1,-2,29,12
CA,9,681862,1,-2,29,11
CA,18,681861,1,-2,29,11
CA,9,681861,1,-2,29,11
UK,28,681562,1,-2,29,1
CA,17,681593,1,-2,29,2
CA,13,681883,1,-2,29,12
CA,15,681575,1,-2,29,2
CA,8,681617,1,-2,29,3
CA,10,681605,1,-2,29,3
CA,11,681558,1,-2,29,1
CA,14,681606,1,-2,29,3
CA,12,681543,1,-2,29,1
CA,10,681616,1,-2,29,3
CA,15,681543,1,-2,29,1
CA,14,681897,1,-2,29,12
CA,9,681607,1,-2,29,3
CA,17,681885,1,-2,29,12
CA,14,681607,1,-2,29,3
CA,18,681607,1,-2,29,3
CA,16,681543,1,-2,29,1
CA,8,681619,1,-2,29,3
CA,14,681608,1,-2,29,3
CA,9,681568,1,-2,29,1
CA,15,681600,1,-2,29,2
CA,8,681601,1,-2,29,2
CA,11,681619,1,-2,29,3
SZ,26,681685,1,-2,29,5
GM,22,681870,1,-2,29,11
UK,28,681554,1,-2,29,1
SZ,26,681563,1,-2,29,1
GME,23,681603,1,-2,29,3
GM,22,681880,1,-2,29,12
AU,6,681886,1,-2,29,12
ITE,25,681905,1,-2,29,12
SZ,26,681628,1,-2,29,3
SZ,26,681843,1,-2,29,10
BE,7,681556,1,-2,29,1
AU,6,681901,1,-2,29,12
GM,22,681546,1,-2,29,1
GME,23,681898,1,-2,29,12
SZ,26,681595,1,-1,29,2
AU,6,681565,1,-1,29,1
SZ,26,681615,1,-1,29,3
EZE,21,681560,1,-1,29,1
GME,23,681870,1,-1,29,11
GME,23,681880,1,-1,29,12
GM,22,681603,1,-1,30,3
AU,6,681882,1,-1,30,12
GM,22,681903,1,-1,30,12
EZE,21,681890,1,-1,30,12
SZ,26,681562,1,-1,30,1
SZ,26,681617,1,-1,30,3
AU,6,681870,1,-1,30,11
SZ,26,681648,1,-1,30,4
BE,7,681554,1,-1,30,1
EZE,21,681546,1,-1,30,1
EZE,21,681603,1,-1,30,3
SZ,26,681861,1,-1,30,11
ITE,25,681902,1,-1,30,12
ITE,25,681906,1,-1,30,12
BE,7,681561,1,-1,30,1
UK,28,681558,1,-1,30,1
UK,28,681556,1,-1,30,1
USC,29,681550,1,-1,30,1
CA,9,681606,1,-1,30,3
USC,29,681546,1,-1,30,1
CA,11,681887,1,-1,30,12
CA,9,681573,1,-1,30,1
CA,10,681863,1,-1,30,11
CA,12,681907,1,-1,30,12
CA,14,681579,1,-1,30,2
CA,8,681867,1,-1,30,11
CA,14,681614,1,-1,30,3
USC,29,681584,1,-1,30,2
USC,29,681877,1,-1,30,12
USC,29,681583,1,-1,30,2
CA,16,681887,1,-1,30,12
USC,29,681573,1,-1,30,1
CA,10,681548,1,-1,30,1
CA,16,681876,1,-1,30,11
CA,16,681880,1,-1,30,12
UK,28,681555,1,-1,30,1
USC,29,681891,1,-1,30,12
CA,14,681883,1,-1,30,12
EIE,20,681558,1,-1,30,1
CA,12,681886,1,-1,30,12
CA,14,681629,1,-1,30,3
CA,17,681628,1,-1,30,3
CA,17,681899,1,-1,30,12
CA,13,681628,1,-1,30,3
GME,23,681602,1,-1,30,3
CA,9,681619,1,-1,30,3
USC,29,681554,1,-1,30,1
CA,13,681627,1,-1,30,3
USC,29,681885,1,-1,30,12
CA,10,681905,1,-1,30,12
CA,12,681619,1,-1,30,3
CA,16,681566,1,-1,30,1
CA,12,681559,1,-1,30,1
CA,17,681883,1,-1,30,12
CA,14,681896,1,-1,30,12
SZ,26,681850,1,-1,30,11
CA,14,681906,1,-1,30,12
CA,18,681628,1,-1,30,3
SZ,26,681635,1,-1,30,4
CA,16,681893,1,-1,30,12
CA,13,681568,1,-1,30,1
CA,8,681861,1,-1,30,11
CA,17,681568,1,-1,30,1
CA,12,681565,1,-1,30,1
CA,16,681565,1,-1,30,1
CA,16,681628,1,-1,30,3
CA,16,681617,1,-1,30,3
CA,18,681906,1,-1,30,12
BE,7,681560,1,-1,30,1
UK,28,681544,1,-1,30,1
GME,23,681906,1,-1,30,12
SZ,26,681862,1,-1,30,11
SZ,26,681629,1,-1,30,3
GME,23,681555,1,-1,30,1
EZE,21,681884,1,-1,30,12
GM,22,681560,1,-1,30,1
BE,7,681555,1,-1,30,1
GME,23,681618,1,-1,30,3
GME,23,681884,1,-1,30,12
EZE,21,681549,1,-1,30,1
EZE,21,681615,1,-1,30,3
BE,7,681544,1,-1,30,1
AU,6,681900,1,-1,30,12
SZ,26,681598,1,-1,30,2
GM,22,681898,1,-1,30,12
EZE,21,681561,1,-1,30,1
SZ,26,681636,1,-1,30,4
GME,23,681616,1,-1,30,3
GME,23,681546,1,-1,31,1
EZE,21,681870,1,-1,31,11
AU,6,681619,1,-1,31,3
EZE,21,681602,1,-1,31,3
GME,23,681558,1,-1,31,1
GME,23,681560,1,-1,31,1
AU,6,681567,1,-1,31,1
SZ,26,681710,1,-1,31,6
UK,28,681543,1,-1,31,1
UK,28,681559,1,-1,31,1
SZ,26,681549,1,-1,31,1
EZE,21,681900,1,-1,31,12
CA,10,681592,1,-1,31,2
CA,11,681614,1,-1,31,3
CA,11,681627,1,-1,31,3
CA,13,681617,1,-1,31,3
CA,14,681577,1,-1,31,2
CA,8,681853,1,-1,31,11
CA,11,681907,1,-1,31,12
CA,9,681866,1,-1,31,11
CA,10,681897,1,-1,31,12
CA,18,681897,1,-1,31,12
CA,16,681550,1,-1,31,1
CA,18,681596,1,-1,31,2
CA,15,681615,1,-1,31,3
CA,16,681885,1,-1,31,12
CA,15,681578,1,-1,31,2
UK,27,681881,1,-1,31,12
CA,13,681595,1,-1,31,2
AU,6,681906,1,-1,31,12
CA,8,681862,1,-1,31,11
CA,13,681594,1,-1,31,2
CA,11,681893,1,-1,31,12
CA,17,681907,1,-1,31,12
CA,17,681594,1,-1,31,2
CA,13,681607,1,-1,31,3
AU,6,681566,1,-1,31,1
CA,16,681595,1,-1,31,2
CA,9,681617,1,-1,31,3
CA,8,681628,1,-1,31,3
CA,17,681627,1,-1,31,3
CA,16,681627,1,-1,31,3
CA,11,681617,1,-1,31,3
CA,14,681878,1,-1,31,12
CA,8,681606,1,-1,31,3
CA,11,681595,1,-1,31,2
CA,9,681878,1,-1,31,12
CA,15,681565,1,-1,31,1
CA,10,681547,1,-1,31,1
CA,11,681578,1,-1,31,2
CA,13,681567,1,-1,31,1
CA,13,681619,1,-1,31,3
CA,15,681619,1,-1,31,3
CA,13,681605,1,-1,31,3
CA,18,681600,1,-1,31,2
CA,9,681602,1,-1,31,3
CA,17,681597,1,-1,31,2
CA,17,681620,1,-1,31,3
CA,13,681894,1,-1,31,12
CA,17,681877,1,-1,31,12
CA,10,681568,1,-1,31,1
CA,18,681606,1,-1,31,3
CA,18,681876,1,-1,31,11
CA,8,681579,1,-1,31,2
ITE,25,681564,1,-1,31,1
GM,22,681602,1,-1,31,3
CA,10,681593,1,-1,31,2
CA,14,681599,1,-1,31,2
CA,12,681881,1,-1,31,12
CA,10,681881,1,-1,31,12
UK,28,681906,1,-1,31,12
CA,9,681879,1,-1,31,12
CA,9,681608,1,-1,31,3
CA,18,681584,1,-1,31,2
CA,11,681549,1,-1,31,1
CA,13,681593,1,-1,31,2
CA,10,681584,1,-1,31,2
CA,10,681608,1,-1,31,3
CA,16,681593,1,-1,31,2
CA,14,681879,1,-1,31,12
CA,17,681608,1,-1,31,3
EIE,20,681545,1,-1,31,1
CA,12,681561,1,-1,31,1
CA,11,681594,1,-1,31,2
UK,28,681907,1,0,31,12
GM,22,681902,1,0,31,12
ITE,25,681550,1,0,31,1
EZE,21,681605,1,0,31,3
UK,28,681561,1,0,31,1
ITE,25,681903,1,0,31,12
EZE,21,681601,1,0,31,2
GM,22,681884,1,0,31,12
AU,6,681903,1,0,31,12
AU,6,681881,1,0,31,12
BE,7,681545,1,0,31,1
GME,23,681545,1,0,31,1
SZ,26,681858,1,0,31,11
GME,23,681902,1,0,31,12
BE,7,681558,1,0,31,1
SZ,26,681661,1,0,31,4
EZE,21,681550,1,0,31,1
EZE,21,681864,1,0,31,11
AU,6,681602,1,0,31,3
BE,7,681559,1,0,31,1
SZ,26,681630,1,0,31,3
SZ,26,681836,1,0,31,10
EI,19,681559,1,0,31,1
SZ,26,681611,1,0,31,3
SZ,26,681597,1,0,31,2
SZ,26,681569,1,0,31,1
GM,22,681558,1,0,31,1
EZE,21,681871,1,0,32,11
EI,19,681545,1,0,32,1
BE,7,681881,1,0,32,12
ITE,24,681906,1,0,32,12
GM,22,681906,1,0,32,12
AU,6,681871,1,0,32,11
EZE,21,681906,1,0,32,12
GME,23,681601,1,0,32,2
GM,22,681604,1,0,32,3
GME,23,681604,1,0,32,3
EI,19,681544,1,0,32,1
SZ,26,681835,1,0,32,10
UK,28,681553,1,0,32,1
EI,19,681554,1,0,32,1
UK,28,681560,1,0,32,1
ITE,24,681905,1,0,32,12
CA,8,681868,1,0,32,11
UK,27,681559,1,0,32,1
EIE,20,681556,1,0,32,1
CA,11,681881,1,0,32,12
CA,8,681897,1,0,32,12
CA,10,681896,1,0,32,12
CA,12,681566,1,0,32,1
CA,15,681596,1,0,32,2
SZ,26,681626,1,0,32,3
CA,12,681545,1,0,32,1
CA,9,681900,1,0,32,12
CA,10,681598,1,0,32,2
CA,9,681603,1,0,32,3
CA,15,681584,1,0,32,2
USC,29,681619,1,0,32,3
CA,16,681567,1,0,32,1
CA,9,681620,1,0,32,3
CA,9,681601,1,0,32,2
USC,29,681569,1,0,32,1
GM,22,681545,1,0,32,1
CA,17,681618,1,0,32,3
EIE,20,681559,1,0,32,1
CA,9,681599,1,0,32,2
SZ,26,681622,1,0,32,3
CA,16,681545,1,0,32,1
GM,22,681618,1,0,32,3
CA,9,681584,1,0,32,2
AU,6,681603,1,0,32,3
UK,27,681554,1,0,32,1
CA,8,681896,1,0,32,12
EI,19,681555,1,0,32,1
CA,12,681865,1,0,32,11
CA,8,681860,1,0,32,11
USC,29,681893,1,0,32,12
CA,12,681906,1,0,32,12
USC,29,681567,1,0,32,1
CA,9,681605,1,0,32,3
ITE,25,681565,1,0,32,1
CA,9,681860,1,0,32,11
CA,11,681568,1,0,32,1
CA,13,681606,1,0,32,3
EIE,20,681562,1,0,32,1
CA,14,681592,1,0,32,2
EZE,21,681558,1,0,32,1
EIE,20,681555,1,0,32,1
CA,16,681886,1,0,32,12
CA,17,681606,1,0,32,3
CA,14,681900,1,0,32,12
USC,29,681551,1,0,32,1
USC,29,681593,1,0,32,2
CA,8,681568,1,0,32,1
CA,17,681881,1,0,32,12
CA,8,681883,1,0,32,12
CA,12,681617,1,0,32,3
USC,29,681892,1,0,32,12
SZ,26,681627,1,0,32,3
CA,14,681861,1,0,32,11
CA,16,681594,1,0,32,2
EZE,21,681551,1,0,32,1
CA,13,681893,1,0,32,12
CA,12,681594,1,0,32,2
USC,29,681565,1,0,32,1
CA,11,681906,1,0,32,12
CA,11,681607,1,0,32,3
CA,17,681607,1,0,32,3
EIE,20,681561,1,0,32,1
CA,16,681588,1,0,32,2
CA,17,681579,1,0,32,2
CA,13,681614,1,0,32,3
CA,13,681577,1,0,32,2
EI,19,681557,1,0,32,1
CA,9,681613,1,0,32,3
CA,17,681548,1,0,32,1
CA,9,681577,1,0,32,2
CA,16,681549,1,0,32,1
CA,15,681610,1,0,32,3
CA,17,681578,1,0,32,2
CA,10,681582,1,0,32,2
USC,29,681556,1,0,32,1
CA,12,681547,1,0,32,1
CA,10,681578,1,0,32,2
CA,9,681614,1,0,32,3
USC,29,681884,1,0,32,12
CA,9,681873,1,0,32,11
EIE,20,681557,1,0,32,1
CA,13,681549,1,0,32,1
CA,9,681664,1,0,32,5
CA,11,681609,1,0,32,3
AU,6,681880,1,0,32,12
CA,11,681567,1,0,32,1
CA,10,681576,1,0,32,2
CA,12,681557,1,0,32,1
EZE,21,681604,1,0,32,3
GME,23,681608,1,0,32,3
EZE,21,681901,1,0,32,12
SZ,26,681591,1,0,32,2
EZE,21,681618,1,0,32,3
EZE,21,681617,1,0,33,3
AU,6,681604,1,0,33,3
GM,22,681896,1,0,33,12
EZE,21,681619,1,0,33,3
SZ,26,681619,1,0,33,3
AU,6,681872,1,0,33,11
GME,23,681619,1,0,33,3
SZ,26,681839,1,0,33,10
SZ,26,681838,1,0,33,10
AU,6,681556,1,0,33,1
GME,23,681615,1,0,33,3
EI,19,681558,1,0,33,1
AU,6,681551,1,0,33,1
GM,22,681601,1,0,33,2
SZ,26,681581,1,0,33,2
AU,6,681560,1,0,33,1
SZ,26,681647,1,0,33,4
SZ,26,681660,1,0,33,4
AU,6,681555,1,0,33,1
SZ,26,681831,1,0,33,10
ITE,24,681907,1,0,33,12
SZ,26,681579,1,0,33,2
AU,6,681546,1,0,33,1
GME,23,681565,1,0,33,1
UK,28,681901,1,0,33,12
UK,28,681903,1,0,33,12
ITE,24,681565,1,0,33,1
AU,6,681561,1,0,33,1
SZ,26,681844,1,0,33,10
GME,23,681901,1,0,33,12
UK,28,681557,1,0,33,1
AU,6,681559,1,0,33,1
GME,23,681544,1,1,33,1
EIE,20,681560,1,1,33,1
UK,27,681555,1,1,33,1
CA,13,681885,1,1,33,12
CA,12,681595,1,1,33,2
CA,18,681896,1,1,33,12
CA,15,681627,1,1,33,3
EIE,20,681554,1,1,33,1
CA,14,681623,1,1,33,3
CA,8,681859,1,1,33,11
CA,10,681617,1,1,33,3
BE,7,681904,1,1,33,12
CA,10,681878,1,1,33,12
CA,14,681858,1,1,33,11
CA,18,681853,1,1,33,11
CA,12,681897,1,1,33,12
CA,17,681577,1,1,33,2
USC,29,681617,1,1,33,3
CA,8,681878,1,1,33,12
EIE,20,681907,1,1,33,12
UK,27,681553,1,1,33,1
CA,11,681546,1,1,33,1
CA,16,681607,1,1,33,3
CA,11,681886,1,1,33,12
CA,10,681607,1,1,33,3
CA,11,681885,1,1,33,12
AU,6,681864,1,1,33,11
CA,10,681573,1,1,33,1
CA,15,681568,1,1,33,1
CA,16,681610,1,1,33,3
CA,18,681568,1,1,33,1
CA,9,681627,1,1,33,3
CA,13,681588,1,1,33,2
CA,10,681629,1,1,33,3
CA,12,681883,1,1,33,12
CA,15,681861,1,1,33,11
CA,13,681579,1,1,33,2
EZE,21,681883,1,1,33,12
CA,15,681609,1,1,33,3
CA,14,681609,1,1,33,3
CA,17,681584,1,1,33,2
USC,29,681616,1,1,33,3
CA,12,681584,1,1,33,2
CA,12,681549,1,1,33,1
EIE,20,681546,1,1,33,1
SZ,26,681616,1,1,33,3
CA,8,681602,1,1,33,3
CA,9,681852,1,1,33,11
ITE,25,681907,1,1,33,12
CA,15,681547,1,1,33,1
CA,18,681852,1,1,33,11
CA,17,681567,1,1,33,1
CA,13,681907,1,1,33,12
CA,8,681615,1,1,33,3
CA,15,681620,1,1,33,3
CA,14,681620,1,1,33,3
CA,13,681575,1,1,33,2
UK,27,681876,1,1,33,11
AU,6,681601,1,1,33,2
EIE,20,681619,1,1,33,3
CA,11,681592,1,1,33,2
CA,11,681579,1,1,33,2
CA,16,681575,1,1,33,2
CA,17,681609,1,1,33,3
CA,12,681628,1,1,33,3
CA,11,681613,1,1,33,3
CA,14,681622,1,1,33,3
CA,18,681867,1,1,33,11
CA,10,681628,1,1,33,3
CA,13,681622,1,1,33,3
CA,18,681573,1,1,33,1
CA,8,681591,1,1,33,2
CA,10,681545,1,1,33,1
SZ,26,681582,1,1,33,2
EI,19,681556,1,1,33,1
EI,19,681878,1,1,33,12
EZE,21,681881,1,1,33,12
GME,23,681890,1,1,33,12
SZ,26,681610,1,1,33,3
UK,28,681902,1,1,33,12
ITE,25,681548,1,1,33,1
GM,22,681554,1,1,34,1
SZ,26,681665,1,1,34,5
ITE,25,681547,1,1,34,1
EZE,21,681557,1,1,34,1
GM,22,681608,1,1,34,3
SZ,26,681639,1,1,34,4
GME,23,681900,1,1,34,12
GM,22,681605,1,1,34,3
GME,23,681605,1,1,34,3
EZE,21,681566,1,1,34,1
GME,23,681896,1,1,34,12
GM,22,681544,1,1,34,1
UK,28,681613,1,1,34,3
SZ,26,681708,1,1,34,6
GM,22,681901,1,1,34,12
EI,19,681560,1,1,34,1
ITE,24,681904,1,1,34,12
SZ,26,681681,1,1,34,5
AU,6,681615,1,1,34,3
ITE,25,681566,1,1,34,1
ITE,25,681552,1,1,34,1
SZ,26,681810,1,1,34,9
GM,22,681879,1,1,34,12
ITE,25,681551,1,1,34,1
GM,22,681616,1,1,34,3
GME,23,681554,1,1,34,1
EZE,21,681852,1,1,34,11
CA,17,681629,1,1,34,3
CA,15,681906,1,1,34,12
CA,16,681578,1,1,34,2
CA,13,681592,1,1,34,2
CA,9,681630,1,1,34,3
CA,16,681605,1,1,34,3
CA,13,681547,1,1,34,1
USC,29,681887,1,1,34,12
CA,15,681606,1,1,34,3
CA,10,681591,1,1,34,2
CA,11,681593,1,1,34,2
CA,17,681610,1,1,34,3
CA,16,681547,1,1,34,1
CA,11,681876,1,1,34,11
CA,10,681899,1,1,34,12
USC,29,681553,1,1,34,1
CA,9,681638,1,1,34,4
CA,16,681906,1,1,34,12
USC,29,681552,1,1,34,1
CA,13,681886,1,1,34,12
EIE,20,681544,1,1,34,1
CA,13,681879,1,1,34,12
USC,29,681549,1,1,34,1
CA,15,681573,1,1,34,1
EIE,20,681618,1,1,34,3
CA,11,681865,1,1,34,11
CA,9,681876,1,1,34,11
CA,17,681576,1,1,34,2
CA,8,681866,1,1,34,11
EZE,21,681545,1,1,34,1
UK,28,681618,1,1,34,3
CA,10,681599,1,1,34,2
CA,11,681599,1,1,34,2
CA,15,681546,1,1,34,1
EZE,21,681867,1,1,34,11
CA,18,681599,1,1,34,2
UK,27,681543,1,1,34,1
CA,18,681620,1,1,34,3
CA,18,681873,1,1,34,11
CA,18,681879,1,1,34,12
CA,10,681619,1,1,34,3
EIE,20,681620,1,1,34,3
CA,16,681584,1,1,34,2
CA,17,681621,1,1,34,3
UK,27,681557,1,1,34,1
CA,18,681546,1,1,34,1
CA,10,681618,1,1,34,3
CA,10,681879,1,1,34,12
CA,11,681564,1,1,34,1
CA,18,681627,1,1,34,3
USC,29,681881,1,1,34,12
CA,17,681878,1,1,34,12
CA,8,681614,1,1,34,3
CA,11,681610,1,1,34,3
CA,18,681878,1,1,34,12
CA,18,681859,1,1,34,11
CA,9,681610,1,1,34,3
CA,15,681897,1,1,34,12
CA,16,681897,1,1,34,12
BE,7,681896,1,1,34,12
CA,10,681588,1,1,34,2
USC,29,681566,1,1,34,1
CA,17,681600,1,1,34,2
CA,11,681577,1,1,34,2
CA,14,681864,1,1,34,11
CA,13,681546,1,1,34,1
CA,10,681861,1,1,34,11
SZ,26,681701,1,1,34,6
SZ,26,681829,1,1,34,10
USC,29,681615,1,1,34,3
CA,17,681904,1,1,34,12
SZ,26,681659,1,1,34,4
BE,7,681882,1,1,34,12
EZE,21,681567,1,1,34,1
SZ,26,681662,1,1,34,4
SZ,26,681652,1,1,34,4
UK,28,681877,1,1,34,12
EZE,21,681880,1,1,34,12
GM,22,681619,1,1,34,3
GM,22,681890,1,1,34,12
GME,23,681879,1,1,34,12
GM,22,681565,1,1,34,1
GME,23,681904,1,1,34,12
EZE,21,681623,1,1,34,3
BE,7,681547,1,1,34,1
SZ,26,681584,1,1,35,2
GME,23,681905,1,1,35,12
GME,23,681864,1,1,35,11
SZ,26,681572,1,1,35,1
EI,19,681553,1,1,35,1
ITE,25,681567,1,1,35,1
SZ,26,681689,1,2,35,5
EZE,21,681896,1,2,35,12
SZ,26,681565,1,2,35,1
GME,23,681871,1,2,35,11
GME,23,681852,1,2,35,11
AU,6,681899,1,2,35,12
ITE,25,681563,1,2,35,1
AU,6,681904,1,2,35,12
SZ,26,681586,1,2,35,2
SZ,26,681840,1,2,35,10
GME,23,681867,1,2,35,11
SZ,26,681854,1,2,35,11
UK,28,681617,1,2,35,3
SZ,26,681830,1,2,35,10
GME,23,681617,1,2,35,3
GM,22,681600,1,2,35,2
EZE,21,681869,1,2,35,11
GM,22,681864,1,2,35,11
ITE,25,681877,1,2,35,12
CA,10,681614,1,2,35,3
CA,18,681883,1,2,35,12
CA,8,681613,1,2,35,3
EZE,21,681879,1,2,35,12
CA,10,681883,1,2,35,12
CA,17,681546,1,2,35,1
CA,9,681859,1,2,35,11
CA,11,681584,1,2,35,2
CA,13,681878,1,2,35,12
CA,16,681568,1,2,35,1
CA,18,681614,1,2,35,3
CA,12,681878,1,2,35,12
CA,18,681900,1,2,35,12
CA,16,681619,1,2,35,3
CA,8,681584,1,2,35,2
EIE,20,681621,1,2,35,3
CA,10,681613,1,2,35,3
CA,17,681626,1,2,35,3
CA,10,681867,1,2,35,11
USC,29,681623,1,2,35,3
CA,15,681613,1,2,35,3
CA,14,681613,1,2,35,3
CA,16,681614,1,2,35,3
CA,12,681896,1,2,35,12
CA,11,681900,1,2,35,12
USC,29,681596,1,2,35,2
CA,11,681896,1,2,35,12
EI,19,681543,1,2,35,1
USC,29,681607,1,2,35,3
CA,17,681587,1,2,35,2
CA,11,681623,1,2,35,3
CA,16,681865,1,2,35,11
USC,29,681544,1,2,35,1
CA,14,681626,1,2,35,3
CA,18,681613,1,2,35,3
ITE,24,681550,1,2,35,1
USC,29,681543,1,2,35,1
BE,7,681905,1,2,35,12
CA,11,681664,1,2,35,5
CA,10,681626,1,2,35,3
CA,18,681619,1,2,35,3
CA,15,681621,1,2,35,3
CA,13,681897,1,2,35,12
UK,27,681552,1,2,35,1
CA,10,681606,1,2,35,3
CA,12,681629,1,2,35,3
CA,11,681897,1,2,35,12
CA,16,681608,1,2,35,3
ITE,25,681560,1,2,35,1
CA,8,681609,1,2,35,3
CA,18,681610,1,2,35,3
CA,11,681547,1,2,35,1
CA,10,681590,1,2,35,2
CA,18,681579,1,2,35,2
CA,13,681620,1,2,35,3
CA,8,681630,1,2,35,3
CA,11,681620,1,2,35,3
CA,15,681579,1,2,35,2
ITE,25,681879,1,2,35,12
CA,8,681620,1,2,35,3
CA,17,681547,1,2,35,1
CA,11,681904,1,2,35,12
CA,16,681592,1,2,35,2
CA,18,681591,1,2,35,2
BE,7,681602,1,2,35,3
CA,17,681896,1,2,35,12
CA,8,681637,1,2,35,4
CA,11,681880,1,2,35,12
CA,9,681637,1,2,35,4
CA,13,681608,1,2,35,3
CA,17,681575,1,2,35,2
CA,12,681606,1,2,35,3
UK,27,681560,1,2,35,1
EZE,21,681606,1,2,35,3
GM,22,681615,1,2,35,3
ITE,25,681878,1,2,35,12
ITE,25,681562,1,2,35,1
GM,22,681613,1,2,35,3
ITE,25,681899,1,2,35,12
EZE,21,681616,1,2,35,3
EZE,21,681554,1,2,35,1
AU,6,681554,1,2,35,1
BE,7,681897,1,2,35,12
BE,7,681543,1,2,35,1
UK,28,681552,1,2,35,1
BE,7,681613,1,2,35,3
SZ,26,681624,1,2,35,3
GM,22,681606,1,2,35,3
EZE,21,681607,1,2,35,3
AU,6,681607,1,2,35,3
GM,22,681867,1,2,35,11
SZ,26,681676,1,2,35,5
EZE,21,681904,1,2,35,12
AU,6,681605,1,2,35,3
SZ,26,681683,1,2,36,5
ITE,25,681884,1,2,36,12
ITE,25,681608,1,2,36,3
BE,7,681615,1,2,36,3
GME,23,681600,1,2,36,2
AU,6,681620,1,2,36,3
SZ,26,681857,1,2,36,11
ITE,24,681560,1,2,36,1
GME,23,681623,1,2,36,3
ITE,25,681880,1,2,36,12
BE,7,681609,1,2,36,3
BE,7,681902,1,2,36,12
AU,6,681896,1,2,36,12
CA,13,681584,1,2,36,2
USC,29,681564,1,2,36,1
CA,12,681622,1,2,36,3
CA,18,681609,1,2,36,3
SZ,26,681658,1,2,36,4
CA,17,681582,1,2,36,2
CA,12,681550,1,2,36,1
CA,15,681599,1,2,36,2
USC,29,681864,1,2,36,11
CA,17,681622,1,2,36,3
CA,12,681623,1,2,36,3
ITE,25,681607,1,2,36,3
CA,12,681608,1,2,36,3
CA,17,681623,1,2,36,3
USC,29,681865,1,2,36,11
CA,10,681659,1,2,36,4
CA,11,681879,1,2,36,12
CA,14,681621,1,2,36,3
CA,16,681881,1,2,36,12
CA,12,681879,1,2,36,12
USC,29,681906,1,2,36,12
CA,13,681623,1,2,36,3
USC,29,681620,1,2,36,3
EIE,20,681622,1,2,36,3
UK,27,681561,1,2,36,1
CA,16,681613,1,2,36,3
CA,15,681577,1,2,36,2
CA,11,681883,1,2,36,12
CA,17,681588,1,2,36,2
UK,27,681562,1,2,36,1
CA,9,681643,1,2,36,4
CA,18,681577,1,2,36,2
CA,17,681859,1,2,36,11
SZ,26,681782,1,2,36,8
UK,28,681905,1,2,36,12
CA,15,681896,1,2,36,12
CA,10,681859,1,2,36,11
CA,16,681878,1,2,36,12
CA,15,681878,1,2,36,12
CA,9,681589,1,2,36,2
CA,18,681858,1,2,36,11
CA,10,681546,1,2,36,1
CA,10,681858,1,2,36,11
USC,29,681604,1,2,36,3
CA,13,681578,1,2,36,2
USC,29,681894,1,2,36,12
BE,7,681901,1,2,36,12
CA,12,681593,1,2,36,2
CA,17,681591,1,2,36,2
USC,29,681563,1,2,36,1
CA,15,681853,1,2,36,11
CA,16,681579,1,2,36,2
CA,15,681852,1,2,36,11
CA,11,681588,1,2,36,2
CA,14,681664,1,2,36,5
CA,18,681580,1,2,36,2
CA,18,681862,1,2,36,11
CA,13,681896,1,2,36,12
CA,17,681613,1,2,36,3
CA,10,681862,1,2,36,11
CA,10,681664,1,2,36,5
USC,29,681878,1,2,36,12
CA,14,681580,1,2,36,2
CA,10,681596,1,2,36,2
CA,12,681551,1,2,36,1
CA,12,681900,1,2,36,12
CA,17,681614,1,2,36,3
GME,23,681613,1,2,36,3
BE,7,681614,1,2,36,3
GME,23,681607,1,2,36,3
AU,6,681617,1,2,36,3
EI,19,681546,1,2,36,1
BE,7,681878,1,2,36,12
BE,7,681883,1,2,36,12
EI,19,681615,1,2,36,3
UK,28,681883,1,2,36,12
EZE,21,681905,1,2,36,12
GME,23,681899,1,2,36,12
ITE,24,681563,1,2,36,1
UK,28,681619,1,2,36,3
GM,22,681607,1,2,36,3
ITE,25,681556,1,2,36,1
AU,6,681905,1,2,36,12
UK,28,681878,1,2,36,12
EZE,21,681868,1,2,36,11
AU,6,681873,1,2,36,11
GME,23,681543,1,2,36,1
BE,7,681608,1,2,36,3
EZE,21,681873,1,2,36,11
EZE,21,681892,1,2,36,12
GM,22,681871,1,2,36,11
GM,22,681904,1,2,36,12
ITE,24,681549,1,2,36,1
EI,19,681561,1,2,36,1
GM,22,681617,1,2,36,3
ITE,25,681887,1,2,36,12
AU,6,681852,1,2,36,11
ITE,25,681555,1,2,36,1
GM,22,681852,1,2,36,11
AU,6,681867,1,2,36,11
ITE,24,681548,1,2,36,1
ITE,25,681553,1,2,36,1
EI,19,681614,1,2,36,3
ITE,25,681886,1,2,36,12
UK,28,681614,1,3,37,3
GME,23,681606,1,3,37,3
GM,22,681905,1,3,37,12
BE,7,681603,1,3,37,3
UK,28,681882,1,3,37,12
UK,28,681612,1,3,37,3
ITE,24,681902,1,3,37,12
CA,12,681567,1,3,37,1
UK,27,681907,1,3,37,12
USC,29,681608,1,3,37,3
BE,7,681607,1,3,37,3
CA,15,681614,1,3,37,3
CA,9,681899,1,3,37,12
GME,23,681610,1,3,37,3
CA,14,681610,1,3,37,3
UK,27,681613,1,3,37,3
CA,16,681609,1,3,37,3
CA,13,681613,1,3,37,3
UK,27,681618,1,3,37,3
CA,12,681605,1,3,37,3
CA,13,681609,1,3,37,3
CA,17,681612,1,3,37,3
CA,17,681601,1,3,37,2
CA,16,681883,1,3,37,12
CA,18,681574,1,3,37,2
AU,6,681623,1,3,37,3
CA,15,681598,1,3,37,2
SZ,26,681649,1,3,37,4
CA,17,681865,1,3,37,11
CA,10,681900,1,3,37,12
CA,15,681580,1,3,37,2
CA,14,681867,1,3,37,11
CA,9,681875,1,3,37,11
CA,17,681624,1,3,37,3
EZE,21,681544,1,3,37,1
CA,14,681634,1,3,37,4
CA,11,681634,1,3,37,4
CA,10,681579,1,3,37,2
CA,15,681867,1,3,37,11
CA,11,681626,1,3,37,3
CA,8,681873,1,3,37,11
CA,16,681642,1,3,37,4
CA,14,681585,1,3,37,2
CA,8,681585,1,3,37,2
CA,12,681627,1,3,37,3
CA,9,681659,1,3,37,4
UK,27,681882,1,3,37,12
ITE,24,681903,1,3,37,12
UK,27,681906,1,3,37,12
CA,13,681904,1,3,37,12
AU,6,681544,1,3,37,1
CA,10,681852,1,3,37,11
CA,8,681852,1,3,37,11
CA,9,681634,1,3,37,4
CA,13,681637,1,3,37,4
USC,29,681547,1,3,37,1
CA,16,681621,1,3,37,3
UK,27,681546,1,3,37,1
EIE,20,681883,1,3,37,12
CA,15,681858,1,3,37,11
ITE,25,681546,1,3,37,1
EZE,21,681620,1,3,37,3
EZE,21,681587,1,3,37,2
BE,7,681879,1,3,37,12
CA,12,681864,1,3,37,11
CA,8,681577,1,3,37,2
CA,10,681577,1,3,37,2
CA,9,681588,1,3,37,2
ITE,24,681562,1,3,37,1
CA,11,681878,1,3,37,12
CA,15,681859,1,3,37,11
USC,29,681575,1,3,37,2
CA,12,681588,1,3,37,2
CA,17,681599,1,3,37,2
AU,6,681578,1,3,37,2
CA,17,681879,1,3,37,12
AU,6,681877,1,3,37,12
CA,18,681621,1,3,37,3
EZE,21,681600,1,3,37,2
EI,19,681562,1,3,37,1
GME,23,681620,1,3,37,3
AU,6,681895,1,3,37,12
GM,22,681900,1,3,37,12
SZ,26,681837,1,3,37,10
ITE,25,681554,1,3,37,1
GME,23,681622,1,3,37,3
BE,7,681899,1,3,37,12
ITE,24,681552,1,3,37,1
EZE,21,681543,1,3,37,1
ITE,25,681872,1,3,37,11
GME,23,681872,1,3,37,11
GM,22,681543,1,3,37,1
AU,6,681618,1,3,37,3
AU,6,681853,1,3,37,11
SZ,26,681612,1,3,37,3
GME,23,681889,1,3,37,12
GME,23,681868,1,3,38,11
AU,6,681869,1,3,38,11
EI,19,681619,1,3,38,3
SZ,26,681618,1,3,38,3
GM,22,681610,1,3,38,3
AU,6,681606,1,3,38,3
AU,6,681875,1,3,38,11
SZ,26,681679,1,3,38,5
EI,19,681882,1,3,38,12
ITE,25,681579,1,3,38,2
SZ,26,681833,1,3,38,10
SZ,26,681570,1,3,38,1
GME,23,681869,1,3,38,11
BE,7,681616,1,3,38,3
UK,28,681608,1,3,38,3
ITE,24,681899,1,3,38,12
EZE,21,681611,1,3,38,3
EZE,21,681872,1,3,38,11
UK,28,681884,1,3,38,12
CA,17,681664,1,3,38,5
CA,13,681865,1,3,38,11
UK,27,681563,1,3,38,1
CA,10,681904,1,3,38,12
CA,16,681577,1,3,38,2
AU,6,681879,1,3,38,12
AU,6,681545,1,3,38,1
CA,15,681879,1,3,38,12
CA,9,681867,1,3,38,11
UK,28,681615,1,3,38,3
USC,29,681886,1,3,38,12
CA,18,681860,1,3,38,11
CA,16,681879,1,3,38,12
CA,9,681903,1,3,38,12
USC,29,681897,1,3,38,12
CA,8,681879,1,3,38,12
CA,17,681580,1,3,38,2
CA,9,681874,1,3,38,11
CA,9,681902,1,3,38,12
USC,29,681880,1,3,38,12
GME,23,681549,1,3,38,1
CA,18,681904,1,3,38,12
CA,16,681582,1,3,38,2
CA,14,681582,1,3,38,2
CA,18,681868,1,3,38,11
CA,10,681654,1,3,38,4
CA,9,681868,1,3,38,11
UK,27,681614,1,3,38,3
CA,17,681897,1,3,38,12
GM,22,681872,1,3,38,11
CA,9,681609,1,3,38,3
CA,10,681609,1,3,38,3
CA,10,681873,1,3,38,11
CA,15,681585,1,3,38,2
CA,14,681873,1,3,38,11
ITE,25,681873,1,3,38,11
CA,8,681874,1,3,38,11
ITE,25,681901,1,3,38,12
CA,12,681609,1,3,38,3
EIE,20,681882,1,3,38,12
CA,14,681642,1,3,38,4
CA,12,681592,1,3,38,2
CA,18,681630,1,3,38,3
CA,14,681630,1,3,38,3
CA,11,681630,1,3,38,3
CA,16,681546,1,3,38,1
CA,9,681628,1,3,38,3
CA,9,681883,1,3,38,12
CA,10,681627,1,3,38,3
CA,17,681900,1,3,38,12
CA,15,681900,1,3,38,12
CA,16,681626,1,3,38,3
CA,13,681626,1,3,38,3
ITE,24,681553,1,3,38,1
EIE,20,681617,1,3,38,3
CA,10,681597,1,3,38,2
CA,9,681904,1,3,38,12
CA,15,681624,1,3,38,3
CA,15,681603,1,3,38,3
CA,16,681896,1,3,38,12
CA,18,681598,1,3,38,2
USC,29,681622,1,3,38,3
USC,29,681598,1,3,38,2
CA,11,681600,1,3,38,2
BE,7,681601,1,3,38,2
CA,10,681620,1,3,38,3
CA,15,681601,1,3,38,2
CA,17,681625,1,3,38,3
USC,29,681900,1,3,38,12
CA,17,681596,1,3,38,2
CA,15,681637,1,3,38,4
CA,10,681634,1,3,38,4
CA,17,681590,1,3,38,2
CA,12,681858,1,3,38,11
EI,19,681907,1,3,38,12
GME,23,681887,1,3,38,12
EZE,21,681874,1,3,38,11
EI,19,681616,1,3,38,3
GME,23,681875,1,3,38,11
ITE,25,681559,1,3,38,1
SZ,26,681613,1,3,38,3
SZ,26,681655,1,3,38,4
ITE,25,681544,1,3,38,1
EI,19,681883,1,3,38,12
SZ,26,681677,1,4,38,5
SZ,26,681841,1,4,38,10
GME,23,681621,1,4,38,3
GM,22,681869,1,4,38,11
GM,22,681899,1,4,38,12
SZ,26,681687,1,4,38,5
BE,7,681870,1,4,38,11
SZ,26,681848,1,4,38,11
ITE,24,681886,1,4,38,12
BE,7,681863,1,4,38,11
BE,7,681618,1,4,38,3
EI,19,681612,1,4,38,3
BE,7,681564,1,4,39,1
EZE,21,681621,1,4,39,3
SZ,26,681834,1,4,39,10
EI,19,681613,1,4,39,3
SZ,26,681818,1,4,39,10
EI,19,681609,1,4,39,3
SZ,26,681731,1,4,39,7
BE,7,681875,1,4,39,11
BE,7,681895,1,4,39,12
ITE,24,681567,1,4,39,1
AU,6,681876,1,4,39,11
EZE,21,681889,1,4,39,12
BE,7,681900,1,4,39,12
UK,28,681602,1,4,39,3
EZE,21,681866,1,4,39,11
GM,22,681622,1,4,39,3
UK,28,681621,1,4,39,3
ITE,25,681885,1,4,39,12
GM,22,681868,1,4,39,11
UK,28,681616,1,4,39,3
UK,28,681620,1,4,39,3
SZ,26,681751,1,4,39,7
ITE,24,681546,1,4,39,1
ITE,24,681564,1,4,39,1
ITE,24,681545,1,4,39,1
EZE,21,681865,1,4,39,11
UK,28,681881,1,4,39,12
BE,7,681886,1,4,39,12
AU,6,681890,1,4,39,12
GM,22,681873,1,4,39,11
GME,23,681609,1,4,39,3
CA,10,681630,1,4,39,3
CA,8,681655,1,4,39,4
CA,17,681852,1,4,39,11
CA,15,681862,1,4,39,11
UK,27,681878,1,4,39,12
CA,9,681882,1,4,39,12
SZ,26,681678,1,4,39,5
UK,27,681615,1,4,39,3
UK,28,681894,1,4,39,12
CA,13,681621,1,4,39,3
CA,9,681629,1,4,39,3
USC,29,681621,1,4,39,3
SZ,26,681855,1,4,39,11
CA,10,681633,1,4,39,4
CA,17,681642,1,4,39,4
CA,10,681853,1,4,39,11
CA,15,681626,1,4,39,3
UK,28,681879,1,4,39,12
CA,18,681626,1,4,39,3
UK,27,681619,1,4,39,3
CA,17,681858,1,4,39,11
SZ,26,681842,1,4,39,10
CA,12,681613,1,4,39,3
CA,9,681655,1,4,39,4
CA,11,681655,1,4,39,4
CA,11,681622,1,4,39,3
CA,11,681663,1,4,39,5
SZ,26,681856,1,4,39,11
CA,14,681875,1,4,39,11
EZE,21,681875,1,4,39,11
EZE,21,681861,1,4,39,11
CA,14,681624,1,4,39,3
CA,8,681664,1,4,39,5
CA,16,681656,1,4,39,4
CA,18,681664,1,4,39,5
CA,8,681636,1,4,39,4
CA,14,681656,1,4,39,4
CA,9,681858,1,4,39,11
CA,14,681874,1,4,39,11
CA,9,681665,1,4,39,5
CA,12,681656,1,4,39,4
CA,17,681637,1,4,39,4
CA,18,681866,1,4,39,11
CA,8,681869,1,4,39,11
CA,13,681858,1,4,39,11
EIE,20,681543,1,4,39,1
CA,18,681637,1,4,39,4
CA,10,681625,1,4,39,3
CA,13,681629,1,4,39,3
CA,16,681629,1,4,39,3
CA,10,681860,1,4,39,11
CA,16,681624,1,4,39,3
CA,13,681582,1,4,39,2
CA,9,681591,1,4,39,2
EI,19,681563,1,4,39,1
CA,18,681602,1,4,39,3
CA,12,681607,1,4,39,3
CA,18,681585,1,4,39,2
CA,17,681603,1,4,39,3
CA,14,681598,1,4,39,2
CA,12,681579,1,4,39,2
CA,9,681612,1,4,39,3
CA,14,681596,1,4,39,2
EZE,21,681608,1,4,39,3
CA,12,681578,1,4,39,2
CA,12,681577,1,4,39,2
USC,29,681605,1,4,39,3
CA,16,681606,1,4,39,3
UK,27,681611,1,4,39,3
CA,10,681600,1,4,39,2
CA,12,681575,1,4,39,2
CA,8,681612,1,4,39,3
CA,14,681600,1,4,39,2
USC,29,681568,1,4,39,1
BE,7,681619,1,4,39,3
EI,19,681879,1,4,39,12
ITE,25,681882,1,4,39,12
ITE,25,681568,1,4,39,1
SZ,26,681822,1,4,39,10
ITE,24,681896,1,4,39,12
SZ,26,681583,1,4,39,2
AU,6,681543,1,4,39,1
EZE,21,681887,1,4,39,12
EI,19,681894,1,4,39,12
EI,19,681895,1,4,39,12
GME,23,681873,1,4,39,11
EI,19,681618,1,4,39,3
ITE,25,681561,1,4,39,1
ITE,25,681871,1,4,39,11
GM,22,681889,1,4,39,12
SZ,26,681816,1,4,40,10
ITE,24,681885,1,4,40,12
SZ,26,681806,1,4,40,9
EZE,21,681859,1,4,40,11
ITE,24,681551,1,4,40,1
GM,22,681874,1,4,40,11
GME,23,681874,1,4,40,11
EZE,21,681568,1,4,40,1
GME,23,681866,1,4,40,11
UK,28,681904,1,4,40,12
BE,7,681874,1,4,40,11
UK,28,681607,1,4,40,3
BE,7,681898,1,4,40,12
GME,23,681633,1,4,40,4
ITE,25,681883,1,4,40,12
EZE,21,681888,1,4,40,12
SZ,26,681643,1,4,40,4
UK,28,681611,1,4,40,3
ITE,24,681566,1,4,40,1
CA,11,681624,1,4,40,3
CA,11,681864,1,4,40,11
CA,14,681862,1,4,40,11
CA,17,681581,1,4,40,2
CA,11,681669,1,4,40,5
UK,27,681616,1,4,40,3
CA,16,681861,1,4,40,11
UK,27,681620,1,4,40,3
SZ,26,681645,1,4,40,4
CA,12,681861,1,4,40,11
CA,18,681629,1,4,40,3
UK,28,681551,1,4,40,1
CA,14,681860,1,4,40,11
EIE,20,681564,1,4,40,1
CA,15,681587,1,4,40,2
CA,16,681864,1,4,40,11
CA,9,681580,1,4,40,2
CA,17,681665,1,4,40,5
CA,17,681656,1,4,40,4
CA,14,681601,1,4,40,2
CA,11,681621,1,4,40,3
CA,14,681581,1,4,40,2
USC,29,681548,1,4,40,1
CA,14,681655,1,4,40,4
CA,17,681873,1,4,40,11
UK,27,681621,1,4,40,3
CA,10,681622,1,4,40,3
AU,6,681874,1,4,40,11
CA,16,681599,1,4,40,2
CA,16,681622,1,4,40,3
CA,18,681622,1,4,40,3
EZE,21,681622,1,4,40,3
CA,17,681660,1,4,40,4
CA,9,681585,1,4,40,2
CA,12,681620,1,4,40,3
CA,16,681585,1,4,40,2
USC,29,681618,1,4,40,3
CA,17,681585,1,4,40,2
USC,29,681581,1,4,40,2
CA,8,681623,1,4,40,3
CA,8,681580,1,4,40,2
CA,16,681623,1,4,40,3
CA,18,681582,1,4,40,2
CA,18,681623,1,4,40,3
CA,11,681598,1,4,40,2
EIE,20,681547,1,4,40,1
CA,10,681585,1,4,40,2
UK,28,681546,1,4,40,1
SZ,26,681804,1,4,40,9
CA,14,681589,1,4,40,2
GM,22,681609,1,4,40,3
SZ,26,681614,1,4,40,3
ITE,25,681881,1,4,40,12
EIE,20,681614,1,4,40,3
UK,27,681609,1,4,40,3
EI,19,681552,1,4,40,1
EIE,20,681565,1,4,40,1
CA,18,681643,1,4,40,4
GM,22,681887,1,4,40,12
CA,12,681614,1,4,40,3
CA,10,681610,1,4,40,3
CA,8,681901,1,4,40,12
CA,14,681904,1,4,40,12
UK,27,681894,1,4,40,12
USC,29,681594,1,4,40,2
USC,29,681611,1,4,40,3
CA,14,681852,1,4,40,11
CA,15,681630,1,4,40,3
CA,8,681904,1,4,40,12
CA,8,681627,1,4,40,3
UK,27,681608,1,4,40,3
CA,8,681882,1,4,40,12
CA,12,681626,1,4,40,3
UK,27,681893,1,4,40,12
CA,12,681642,1,4,40,4
CA,14,681859,1,4,40,11
USC,29,681625,1,4,40,3
CA,15,681574,1,4,40,2
ITE,25,681545,1,4,40,1
ITE,24,681547,1,4,40,1
AU,6,681586,1,4,40,2
GME,23,681611,1,4,40,3
AU,6,681624,1,4,40,3
EZE,21,681589,1,4,40,2
AU,6,681866,1,4,40,11
GME,23,681612,1,4,40,3
GM,22,681866,1,4,40,11
ITE,25,681558,1,4,40,1
BE,7,681871,1,4,40,11
UK,28,681856,1,4,40,11
ITE,25,681874,1,5,40,11
UK,28,681866,1,5,40,11
ITE,25,681609,1,5,40,3
ITE,24,681901,1,5,40,12
EZE,21,681856,1,5,40,11
SZ,26,681730,1,5,40,7
ITE,25,681875,1,5,40,11
EZE,21,681613,1,5,40,3
EI,19,681881,1,5,40,12
UK,28,681606,1,5,40,3
BE,7,681553,1,5,40,1
BE,7,681617,1,5,40,3
ITE,24,681872,1,5,40,11
EI,19,681600,1,5,40,2
EI,19,681617,1,5,40,3
EZE,21,681876,1,5,40,11
SZ,26,681807,1,5,40,9
BE,7,681894,1,5,40,12
ITE,25,681876,1,5,40,11
UK,28,681609,1,5,40,3
GM,22,681875,1,5,41,11
AU,6,681552,1,5,41,1
ITE,24,681898,1,5,41,12
UK,28,681895,1,5,41,12
SZ,26,681656,1,5,41,4
BE,7,681604,1,5,41,3
ITE,25,681578,1,5,41,2
SZ,26,681814,1,5,41,9
ITE,25,681543,1,5,41,1
SZ,26,681711,1,5,41,6
GME,23,681827,1,5,41,10
ITE,24,681883,1,5,41,12
ITE,25,681569,1,5,41,1
SZ,26,681753,1,5,41,7
SZ,26,681697,1,5,41,6
SZ,26,681684,1,5,41,5
BE,7,681612,1,5,41,3
EI,19,681620,1,5,41,3
GME,23,681677,1,5,41,5
UK,28,681610,1,5,41,3
EZE,21,681593,1,5,41,2
EZE,21,681574,1,5,41,2
EZE,21,681588,1,5,41,2
CA,17,681633,1,5,41,4
CA,11,681587,1,5,41,2
UK,27,681551,1,5,41,1
CA,9,681621,1,5,41,3
CA,13,681624,1,5,41,3
CA,8,681643,1,5,41,4
CA,16,681858,1,5,41,11
CA,15,681901,1,5,41,12
EZE,21,681585,1,5,41,2
CA,10,681640,1,5,41,4
CA,15,681582,1,5,41,2
CA,18,681638,1,5,41,4
CA,11,681861,1,5,41,11
CA,11,681643,1,5,41,4
CA,14,681643,1,5,41,4
EZE,21,681895,1,5,41,12
CA,13,681642,1,5,41,4
CA,9,681650,1,5,41,4
CA,8,681638,1,5,41,4
EZE,21,681633,1,5,41,4
BE,7,681600,1,5,41,2
CA,18,681634,1,5,41,4
BE,7,681599,1,5,41,2
CA,13,681900,1,5,41,12
CA,11,681637,1,5,41,4
CA,17,681654,1,5,41,4
CA,17,681634,1,5,41,4
AU,6,681861,1,5,41,11
CA,10,681623,1,5,41,3
CA,10,681655,1,5,41,4
CA,14,681591,1,5,41,2
CA,15,681591,1,5,41,2
CA,11,681585,1,5,41,2
CA,15,681589,1,5,41,2
CA,15,681655,1,5,41,4
CA,17,681645,1,5,41,4
CA,18,681901,1,5,41,12
CA,9,681869,1,5,41,11
CA,10,681643,1,5,41,4
CA,11,681591,1,5,41,2
CA,10,681612,1,5,41,3
CA,18,681875,1,5,41,11
CA,11,681566,1,5,41,1
ITE,24,681578,1,5,41,2
CA,12,681610,1,5,41,3
CA,14,681882,1,5,41,12
CA,15,681873,1,5,41,11
SZ,26,681803,1,5,41,9
CA,15,681602,1,5,41,3
GME,23,681574,1,5,41,2
SZ,26,681812,1,5,41,9
CA,14,681899,1,5,41,12
UK,27,681612,1,5,41,3
CA,15,681883,1,5,41,12
CA,10,681882,1,5,41,12
CA,18,681612,1,5,41,3
CA,8,681875,1,5,41,11
CA,15,681581,1,5,41,2
CA,9,681582,1,5,41,2
CA,8,681876,1,5,41,11
CA,10,681872,1,5,41,11
CA,16,681620,1,5,41,3
CA,10,681875,1,5,41,11
CA,11,681873,1,5,41,11
CA,17,681659,1,5,41,4
CA,12,681582,1,5,41,2
ITE,24,681555,1,5,41,1
CA,10,681602,1,5,41,3
CA,18,681581,1,5,41,2
UK,27,681617,1,5,41,3
GME,23,681888,1,5,41,12
CA,11,681685,1,5,41,5
UK,28,681873,1,5,41,11
EZE,21,681862,1,5,41,11
EI,19,681621,1,5,41,3
SZ,26,681623,1,5,41,3
GM,22,681623,1,5,41,3
EZE,21,681553,1,5,41,1
EZE,21,681849,1,5,41,11
AU,6,681608,1,5,41,3
ITE,24,681561,1,5,41,1
SZ,26,681640,1,5,41,4
SZ,26,681813,1,5,41,9
UK,28,681601,1,5,41,2
ITE,24,681887,1,5,41,12
ITE,25,681896,1,5,41,12
BE,7,681605,1,5,41,3
EI,19,681610,1,5,42,3
GM,22,681888,1,5,42,12
EZE,21,681591,1,5,42,2
GM,22,681549,1,5,42,1
AU,6,681889,1,5,42,12
GME,23,681891,1,5,42,12
UK,28,681599,1,5,42,2
UK,28,681862,1,5,42,11
EZE,21,681552,1,5,42,1
EZE,21,681578,1,5,42,2
SZ,26,681725,1,5,42,7
GME,23,681585,1,5,42,2
GME,23,681895,1,5,42,12
GME,23,681863,1,5,42,11
SZ,26,681759,1,5,42,8
GM,22,681876,1,5,42,11
SZ,26,681811,1,5,42,9
UK,28,681875,1,5,42,11
AU,6,681568,1,5,42,1
UK,28,681893,1,5,42,12
EI,19,681611,1,5,42,3
GME,23,681856,1,5,42,11
SZ,26,681651,1,5,42,4
GME,23,681853,1,5,42,11
AU,6,681600,1,5,42,2
ITE,24,681554,1,6,42,1
EZE,21,681851,1,6,42,11
SZ,26,681846,1,6,42,10
BE,7,681622,1,6,42,3
ITE,24,681544,1,6,42,1
GME,23,681553,1,6,42,1
EZE,21,681610,1,6,42,3
GME,23,681686,1,6,42,5
SZ,26,681713,1,6,42,6
ITE,24,681559,1,6,42,1
EZE,21,681590,1,6,42,2
GM,22,681827,1,6,42,10
AU,6,681894,1,6,42,12
EZE,21,681891,1,6,42,12
UK,28,681874,1,6,42,11
GM,22,681895,1,6,42,12
GME,23,681566,1,6,42,1
SZ,26,681702,1,6,42,6
AU,6,681589,1,6,42,2
GM,22,681677,1,6,42,5
GM,22,681633,1,6,42,4
USC,29,681859,1,6,42,11
USC,29,681606,1,6,42,3
UK,27,681571,1,6,42,1
UK,27,681879,1,6,42,12
CA,11,681575,1,6,42,2
GM,22,681853,1,6,42,11
CA,10,681636,1,6,42,4
USC,29,681879,1,6,42,12
CA,9,681851,1,6,42,11
CA,16,681882,1,6,42,12
CA,9,681850,1,6,42,11
CA,14,681638,1,6,42,4
UK,28,681880,1,6,42,12
CA,11,681596,1,6,42,2
UK,27,681880,1,6,42,12
CA,11,681677,1,6,42,5
CA,10,681574,1,6,42,2
EI,19,681608,1,6,42,3
CA,9,681574,1,6,42,2
CA,14,681574,1,6,42,2
SZ,26,681817,1,6,42,10
USC,29,681610,1,6,42,3
CA,9,681626,1,6,42,3
CA,18,681589,1,6,42,2
USC,29,681609,1,6,42,3
CA,16,681900,1,6,42,12
USC,29,681595,1,6,42,2
CA,17,681574,1,6,42,2
CA,15,681638,1,6,42,4
CA,13,681610,1,6,42,3
CA,8,681589,1,6,42,2
ITE,24,681871,1,6,42,11
USC,29,681905,1,6,42,12
CA,8,681588,1,6,42,2
USC,29,681629,1,6,42,3
CA,18,681874,1,6,42,11
CA,17,681874,1,6,42,11
CA,15,681874,1,6,42,11
CA,13,681874,1,6,42,11
CA,12,681874,1,6,42,11
CA,12,681599,1,6,42,2
CA,13,681599,1,6,42,2
CA,10,681874,1,6,42,11
CA,12,681904,1,6,42,12
UK,27,681873,1,6,42,11
CA,12,681867,1,6,42,11
USC,29,681901,1,6,42,12
CA,9,681581,1,6,42,2
GME,23,681851,1,6,42,11
CA,13,681655,1,6,42,4
UK,27,681599,1,6,42,2
CA,17,681655,1,6,42,4
CA,18,681655,1,6,42,4
CA,18,681601,1,6,42,2
CA,12,681873,1,6,42,11
CA,10,681621,1,6,42,3
UK,27,681872,1,6,42,11
GM,22,681891,1,6,42,12
CA,8,681582,1,6,42,2
CA,8,681581,1,6,42,2
USC,29,681628,1,6,42,3
USC,29,681580,1,6,42,2
CA,15,681875,1,6,42,11
CA,15,681860,1,6,42,11
SZ,26,681758,1,6,42,8
CA,9,681633,1,6,42,4
CA,14,681669,1,6,42,5
USC,29,681883,1,6,42,12
EIE,20,681878,1,6,42,12
CA,17,681861,1,6,42,11
CA,18,681624,1,6,42,3
SZ,26,681757,1,6,42,8
SZ,26,681666,1,6,42,5
CA,13,681875,1,6,42,11
CA,14,681851,1,6,42,11
CA,18,681882,1,6,42,12
CA,17,681862,1,6,42,11
CA,15,681876,1,6,42,11
CA,15,681664,1,6,42,5
CA,15,681866,1,6,42,11
CA,10,681866,1,6,42,11
CA,14,681612,1,6,42,3
CA,15,681623,1,6,42,3
CA,9,681666,1,6,42,5
UK,27,681610,1,6,42,3
USC,29,681585,1,6,42,2
CA,15,681665,1,6,42,5
CA,16,681665,1,6,42,5
CA,17,681630,1,6,42,3
ITE,24,681880,1,6,42,12
BE,7,681620,1,6,42,3
EI,19,681601,1,6,42,2
ITE,24,681603,1,6,42,3
SZ,26,681675,1,6,42,5
GM,22,681851,1,6,42,11
GM,22,681620,1,6,42,3
SZ,26,681722,1,6,42,6
AU,6,681878,1,6,42,12
ITE,25,681603,1,6,42,3
UK,28,681598,1,6,42,2
EZE,21,681860,1,6,42,11
ITE,25,681604,1,6,42,3
EZE,21,681575,1,6,42,2
GME,23,681876,1,6,42,11
GME,23,681588,1,6,42,2
ITE,24,681557,1,6,42,1
EZE,21,681599,1,6,42,2
EZE,21,681850,1,6,42,11
EI,19,681873,1,6,42,11
SZ,26,681674,1,6,42,5
UK,28,681867,1,6,42,11
SZ,26,681653,1,6,43,4
EI,19,681874,1,6,43,11
BE,7,681867,1,6,43,11
BE,7,681866,1,6,43,11
UK,28,681603,1,6,43,3
AU,6,681865,1,6,43,11
AU,6,681590,1,6,43,2
GME,23,681666,1,6,43,5
GME,23,681577,1,6,43,2
GME,23,681644,1,6,43,4
GME,23,681859,1,6,43,11
BE,7,681552,1,6,43,1
SZ,26,681832,1,6,43,10
ITE,25,681586,1,6,43,2
SZ,26,681729,1,6,43,7
GM,22,681553,1,6,43,1
BE,7,681889,1,6,43,12
GME,23,681576,1,6,43,2
ITE,24,681884,1,6,43,12
ITE,24,681543,1,6,43,1
AU,6,681860,1,6,43,11
ITE,24,681881,1,6,43,12
UK,28,681870,1,6,43,11
EZE,21,681576,1,6,43,2
ITE,24,681897,1,6,43,12
ITE,24,681556,1,6,43,1
AU,6,681613,1,6,43,3
BE,7,681621,1,6,43,3
EI,19,681599,1,6,43,2
EZE,21,681609,1,6,43,3
UK,28,681604,1,6,43,3
SZ,26,681805,1,6,43,9
SZ,26,681743,1,6,43,7
GME,23,681599,1,6,43,2
GM,22,681599,1,6,43,2
CA,18,681869,1,6,43,11
CA,17,681875,1,6,43,11
CA,8,681603,1,6,43,3
CA,18,681899,1,6,43,12
CA,11,681875,1,6,43,11
USC,29,681899,1,6,43,12
GM,22,681568,1,6,43,1
USC,29,681624,1,6,43,3
CA,15,681882,1,6,43,12
CA,9,681645,1,6,43,4
CA,13,681861,1,6,43,11
UK,27,681631,1,6,43,3
CA,12,681568,1,6,43,1
EIE,20,681615,1,6,43,3
UK,27,681607,1,6,43,3
CA,15,681868,1,6,43,11
CA,15,681622,1,6,43,3
CA,12,681580,1,6,43,2
CA,14,681685,1,6,43,5
CA,16,681573,1,6,43,1
CA,18,681656,1,6,43,4
CA,10,681637,1,6,43,4
CA,11,681601,1,6,43,2
CA,16,681637,1,6,43,4
EIE,20,681548,1,6,43,1
EIE,20,681856,1,6,43,11
CA,17,681635,1,6,43,4
CA,17,681611,1,6,43,3
CA,17,681638,1,6,43,4
UK,28,681600,1,6,43,2
CA,11,681670,1,6,43,5
CA,13,681902,1,6,43,12
CA,16,681600,1,6,43,2
CA,10,681898,1,6,43,12
EZE,21,681853,1,6,43,11
CA,17,681640,1,6,43,4
ITE,25,681870,1,6,43,11
CA,10,681677,1,6,43,5
CA,12,681546,1,6,43,1
EZE,21,681577,1,6,43,2
CA,11,681859,1,6,43,11
CA,15,681631,1,6,43,3
CA,16,681859,1,6,43,11
CA,17,681853,1,6,43,11
CA,9,681636,1,6,43,4
EI,19,681579,1,6,43,2
CA,14,681586,1,6,43,2
USC,29,681876,1,6,43,11
CA,18,681665,1,6,43,5
CA,11,681573,1,6,43,1
EZE,21,681863,1,6,43,11
EI,19,681551,1,6,43,1
CA,8,681629,1,6,43,3
CA,13,681585,1,6,43,2
CA,13,681864,1,6,43,11
CA,15,681586,1,6,43,2
CA,14,681866,1,6,43,11
CA,15,681899,1,6,43,12
CA,10,681665,1,6,43,5
CA,8,681631,1,6,43,3
CA,16,681630,1,6,43,3
UK,27,681905,1,6,43,12
CA,9,681631,1,6,43,3
CA,14,681587,1,6,43,2
UK,27,681900,1,6,43,12
CA,10,681586,1,6,43,2
CA,17,681863,1,6,43,11
ITE,24,681882,1,6,43,12
ITE,25,681577,1,6,43,2
UK,28,681871,1,6,43,11
ITE,24,681607,1,6,43,3
GME,23,681849,1,6,43,11
GM,22,681849,1,6,43,11
ITE,24,681873,1,6,43,11
GME,23,681550,1,6,43,1
SZ,26,681718,1,6,43,6
GME,23,681569,1,6,43,1
GM,22,681574,1,6,43,2
UK,28,681857,1,6,43,11
EZE,21,681686,1,6,43,5
ITE,24,681605,1,6,43,3
SZ,26,681778,1,6,43,8
EZE,21,681894,1,6,43,12
AU,6,681577,1,6,43,2
SZ,26,681566,1,6,43,1
EI,19,681880,1,6,44,12
GM,22,681585,1,6,44,2
ITE,25,681602,1,6,44,3
GME,23,681567,1,6,44,1
GME,23,681685,1,6,44,5
AU,6,681553,1,6,44,1
GME,23,681850,1,6,44,11
SZ,26,681752,1,6,44,7
GM,22,681863,1,6,44,11
GME,23,681568,1,6,44,1
EI,19,681868,1,6,44,11
UK,28,681863,1,6,44,11
GME,23,681892,1,6,44,12
ITE,24,681604,1,6,44,3
GM,22,681856,1,6,44,11
BE,7,681576,1,6,44,2
SZ,26,681728,1,6,44,7
EZE,21,681569,1,6,44,1
SZ,26,681682,1,6,44,5
EI,19,681867,1,6,44,11
SZ,26,681802,1,6,44,9
EZE,21,681644,1,6,44,4
AU,6,681849,1,6,44,11
BE,7,681887,1,6,44,12
AU,6,681574,1,6,44,2
EI,19,681906,1,6,44,12
EZE,21,681624,1,7,44,3
EZE,21,681827,1,7,44,10
GME,23,681598,1,7,44,2
UK,28,681563,1,7,44,1
GM,22,681686,1,7,44,5
AU,6,681587,1,7,44,2
ITE,25,681601,1,7,44,2
UK,28,681868,1,7,44,11
EZE,21,681592,1,7,44,2
CA,10,681587,1,7,44,2
EIE,20,681623,1,7,44,3
CA,18,681587,1,7,44,2
EIE,20,681868,1,7,44,11
CA,12,681585,1,7,44,2
CA,11,681638,1,7,44,4
CA,11,681882,1,7,44,12
CA,8,681622,1,7,44,3
USC,29,681600,1,7,44,2
CA,13,681573,1,7,44,1
CA,10,681624,1,7,44,3
USC,29,681589,1,7,44,2
CA,18,681846,1,7,44,10
UK,27,681550,1,7,44,1
CA,13,681873,1,7,44,11
CA,10,681901,1,7,44,12
CA,12,681573,1,7,44,1
CA,11,681654,1,7,44,4
ITE,25,681557,1,7,44,1
CA,17,681573,1,7,44,1
CA,16,681581,1,7,44,2
CA,10,681601,1,7,44,2
USC,29,681614,1,7,44,3
USC,29,681588,1,7,44,2
CA,9,681587,1,7,44,2
CA,14,681901,1,7,44,12
CA,8,681900,1,7,44,12
CA,12,681621,1,7,44,3
CA,15,681656,1,7,44,4
EI,19,681904,1,7,44,12
CA,11,681902,1,7,44,12
UK,27,681866,1,7,44,11
CA,15,681904,1,7,44,12
CA,17,681898,1,7,44,12
USC,29,681882,1,7,44,12
CA,10,681903,1,7,44,12
CA,11,681671,1,7,44,5
CA,17,681857,1,7,44,11
CA,15,681869,1,7,44,11
CA,17,681860,1,7,44,11
CA,18,681586,1,7,44,2
CA,17,681586,1,7,44,2
CA,8,681640,1,7,44,4
CA,11,681582,1,7,44,2
CA,17,681589,1,7,44,2
EIE,20,681549,1,7,44,1
CA,16,681904,1,7,44,12
EIE,20,681566,1,7,44,1
CA,15,681642,1,7,44,4
USC,29,681898,1,7,44,12
ITE,25,681571,1,7,44,1
UK,27,681854,1,7,44,11
BE,7,681872,1,7,44,11
CA,11,681858,1,7,44,11
CA,15,681902,1,7,44,12
SZ,26,681732,1,7,44,7
CA,14,681635,1,7,44,4
CA,11,681852,1,7,44,11
CA,16,681874,1,7,44,11
CA,12,681630,1,7,44,3
EIE,20,681884,1,7,44,12
USC,29,681630,1,7,44,3
CA,10,681603,1,7,44,3
EZE,21,681580,1,7,44,2
USC,29,681601,1,7,44,2
CA,17,681602,1,7,44,3
CA,14,681602,1,7,44,3
UK,27,681579,1,7,44,2
CA,12,681875,1,7,44,11
USC,29,681579,1,7,44,2
EIE,20,681553,1,7,44,1
CA,15,681612,1,7,44,3
CA,18,681603,1,7,44,3
CA,15,681629,1,7,44,3
CA,8,681899,1,7,44,12
UK,27,681904,1,7,44,12
CA,17,681902,1,7,44,12
USC,29,681627,1,7,44,3
CA,15,681635,1,7,44,4
ITE,24,681894,1,7,44,12
SZ,26,681657,1,7,44,4
AU,6,681856,1,7,44,11
GM,22,681612,1,7,44,3
BE,7,681888,1,7,44,12
GM,22,681865,1,7,44,11
GME,23,681575,1,7,44,2
GME,23,681865,1,7,44,11
AU,6,681575,1,7,44,2
GM,22,681644,1,7,44,4
BE,7,681584,1,7,44,2
GME,23,681687,1,7,44,5
AU,6,681580,1,7,44,2
BE,7,681551,1,7,44,1
AU,6,681621,1,7,44,3
GME,23,681857,1,7,44,11
SZ,26,681688,1,7,44,5
SZ,26,681770,1,7,44,8
GM,22,681567,1,7,45,1
GM,22,681685,1,7,45,5
GME,23,681580,1,7,45,2
ITE,25,681572,1,7,45,1
AU,6,681888,1,7,45,12
GME,23,681858,1,7,45,11
GME,23,681640,1,7,45,4
ITE,25,681587,1,7,45,2
ITE,24,681876,1,7,45,11
GM,22,681580,1,7,45,2
BE,7,681573,1,7,45,1
AU,6,681637,1,7,45,4
GME,23,681637,1,7,45,4
ITE,24,681875,1,7,45,11
EZE,21,681858,1,7,45,11
GM,22,681566,1,7,45,1
UK,28,681605,1,7,45,3
GM,22,681576,1,7,45,2
AU,6,681862,1,7,45,11
EZE,21,681597,1,7,45,2
SZ,26,681845,1,7,45,10
AU,6,681820,1,7,45,10
GME,23,681639,1,7,45,4
UK,28,681622,1,7,45,3
EZE,21,681586,1,7,45,2
BE,7,681853,1,7,45,11
EI,19,681866,1,7,45,11
CA,12,681596,1,7,45,2
UK,27,681869,1,7,45,11
UK,28,681869,1,7,45,11
CA,12,681655,1,7,45,4
CA,14,681665,1,7,45,5
UK,27,681862,1,7,45,11
CA,16,681645,1,7,45,4
CA,8,681574,1,7,45,2
CA,8,681903,1,7,45,12
CA,17,681868,1,7,45,11
CA,11,681603,1,7,45,3
CA,11,681641,1,7,45,4
CA,13,681580,1,7,45,2
CA,8,681624,1,7,45,3
EIE,20,681613,1,7,45,3
CA,15,681634,1,7,45,4
UK,27,681895,1,7,45,12
CA,12,681862,1,7,45,11
CA,11,681665,1,7,45,5
UK,27,681547,1,7,45,1
EIE,20,681867,1,7,45,11
CA,10,681589,1,7,45,2
CA,9,681656,1,7,45,4
CA,13,681587,1,7,45,2
CA,18,681642,1,7,45,4
CA,12,681624,1,7,45,3
CA,14,681853,1,7,45,11
CA,15,681643,1,7,45,4
CA,10,681663,1,7,45,5
CA,9,681644,1,7,45,4
CA,16,681853,1,7,45,11
CA,11,681642,1,7,45,4
CA,10,681642,1,7,45,4
CA,17,681643,1,7,45,4
BE,7,681868,1,7,45,11
CA,10,681868,1,7,45,11
CA,9,681654,1,7,45,4
CA,16,681591,1,7,45,2
CA,11,681656,1,7,45,4
CA,13,681596,1,7,45,2
CA,12,681860,1,7,45,11
CA,11,681574,1,7,45,2
CA,12,681859,1,7,45,11
CA,10,681581,1,7,45,2
CA,14,681603,1,7,45,3
EZE,21,681877,1,7,45,12
CA,11,681679,1,7,45,5
CA,10,681660,1,7,45,4
UK,27,681589,1,7,45,2
USC,29,681866,1,7,45,11
ITE,25,681605,1,7,45,3
CA,18,681635,1,7,45,4
CA,11,681866,1,7,45,11
CA,10,681638,1,7,45,4
CA,12,681638,1,7,45,4
CA,10,681639,1,7,45,4
UK,27,681600,1,7,45,2
CA,15,681903,1,7,45,12
CA,11,681659,1,7,45,4
EIE,20,681616,1,7,45,3
CA,11,681649,1,7,45,4
CA,13,681872,1,7,45,11
CA,17,681872,1,7,45,11
CA,10,681635,1,7,45,4
UK,27,681903,1,7,45,12
CA,14,681637,1,7,45,4
CA,9,681854,1,7,45,11
CA,11,681867,1,7,45,11
EIE,20,681863,1,7,45,11
CA,10,681661,1,7,45,4
CA,18,681903,1,7,45,12
CA,11,681640,1,7,45,4
CA,11,681612,1,7,45,3
CA,13,681598,1,7,45,2
UK,27,681606,1,7,45,3
CA,10,681611,1,7,45,3
CA,12,681598,1,7,45,2
EIE,20,681877,1,7,45,12
CA,10,681851,1,7,45,11
AU,6,681585,1,7,45,2
GM,22,681578,1,7,45,2
BE,7,681873,1,7,45,11
BE,7,681869,1,7,45,11
EI,19,681606,1,7,45,3
AU,6,681592,1,7,45,2
GM,22,681894,1,7,45,12
ITE,25,681868,1,7,45,11
EI,19,681884,1,7,45,12
SZ,26,681680,1,7,45,5
GME,23,681826,1,7,45,10
BE,7,681606,1,7,45,3
BE,7,681577,1,7,45,2
AU,6,681850,1,7,45,11
EI,19,681903,1,7,45,12
AU,6,681859,1,7,45,11
GME,23,681592,1,7,45,2
ITE,24,681609,1,7,45,3
BE,7,681864,1,7,45,11
EI,19,681870,1,7,45,11
ITE,24,681877,1,7,45,12
BE,7,681548,1,7,45,1
GM,22,681858,1,7,45,11
GM,22,681598,1,7,45,2
GM,22,681666,1,7,45,5
GME,23,681894,1,7,45,12
ITE,24,681874,1,8,46,11
AU,6,681633,1,8,46,4
EZE,21,681822,1,8,46,10
GME,23,681877,1,8,46,12
AU,6,681851,1,8,46,11
EZE,21,681855,1,8,46,11
BE,7,681632,1,8,46,3
GME,23,681593,1,8,46,2
AU,6,681891,1,8,46,12
GME,23,681578,1,8,46,2
GM,22,681850,1,8,46,11
ITE,24,681577,1,8,46,2
GM,22,681826,1,8,46,10
GM,22,681577,1,8,46,2
AU,6,681569,1,8,46,1
EI,19,681893,1,8,46,12
GM,22,681621,1,8,46,3
SZ,26,681756,1,8,46,8
GME,23,681552,1,8,46,1
BE,7,681876,1,8,46,11
GME,23,681855,1,8,46,11
EI,19,681856,1,8,46,11
GM,22,681637,1,8,46,4
EZE,21,681581,1,8,46,2
EZE,21,681570,1,8,46,1
EI,19,681604,1,8,46,3
EZE,21,681594,1,8,46,2
ITE,25,681588,1,8,46,2
EZE,21,681854,1,8,46,11
EZE,21,681642,1,8,46,4
SZ,26,681696,1,8,46,6
EZE,21,681666,1,8,46,5
USC,29,681863,1,8,46,11
EIE,20,681881,1,8,46,12
EIE,20,681904,1,8,46,12
BE,7,681852,1,8,46,11
CA,18,681654,1,8,46,4
CA,15,681645,1,8,46,4
EIE,20,681567,1,8,46,1
CA,11,681899,1,8,46,12
CA,9,681622,1,8,46,3
CA,11,681631,1,8,46,3
EIE,20,681866,1,8,46,11
CA,9,681586,1,8,46,2
CA,10,681653,1,8,46,4
USC,29,681861,1,8,46,11
UK,28,681861,1,8,46,11
CA,17,681631,1,8,46,3
EIE,20,681551,1,8,46,1
EIE,20,681550,1,8,46,1
CA,9,681623,1,8,46,3
BE,7,681865,1,8,46,11
CA,10,681666,1,8,46,5
CA,8,681654,1,8,46,4
USC,29,681578,1,8,46,2
CA,13,681630,1,8,46,3
CA,18,681902,1,8,46,12
UK,27,681622,1,8,46,3
CA,14,681631,1,8,46,3
CA,8,681827,1,8,46,10
CA,13,681862,1,8,46,11
GM,22,681550,1,8,46,1
CA,16,681862,1,8,46,11
USC,29,681613,1,8,46,3
CA,11,681862,1,8,46,11
EIE,20,681879,1,8,46,12
CA,8,681858,1,8,46,11
UK,28,681897,1,8,46,12
EIE,20,681874,1,8,46,11
CA,11,681851,1,8,46,11
CA,18,681640,1,8,46,4
CA,8,681656,1,8,46,4
CA,15,681851,1,8,46,11
CA,16,681875,1,8,46,11
UK,27,681874,1,8,46,11
CA,17,681850,1,8,46,11
CA,9,681671,1,8,46,5
CA,12,681634,1,8,46,4
GM,22,681588,1,8,46,2
CA,17,681641,1,8,46,4
USC,29,681858,1,8,46,11
GME,23,681641,1,8,46,4
CA,10,681902,1,8,46,12
CA,8,681621,1,8,46,3
CA,16,681596,1,8,46,2
CA,9,681641,1,8,46,4
CA,11,681872,1,8,46,11
SZ,26,681777,1,8,46,8
EIE,20,681906,1,8,46,12
CA,16,681601,1,8,46,2
UK,28,681850,1,8,46,11
CA,8,681851,1,8,46,11
AU,6,681812,1,8,46,9
GM,22,681552,1,8,46,1
CA,12,681664,1,8,46,5
CA,17,681882,1,8,46,12
UK,27,681581,1,8,46,2
CA,16,681580,1,8,46,2
UK,27,681856,1,8,46,11
AU,6,681576,1,8,46,2
CA,16,681655,1,8,46,4
CA,14,681902,1,8,46,12
CA,11,681860,1,8,46,11
USC,29,681599,1,8,46,2
CA,8,681838,1,8,46,10
CA,14,681676,1,8,46,5
EIE,20,681872,1,8,46,11
USC,29,681577,1,8,46,2
USC,29,681656,1,8,46,4
SZ,26,681690,1,8,46,5
SZ,26,681726,1,8,46,7
EI,19,681863,1,8,46,11
GM,22,681575,1,8,46,2
EI,19,681864,1,8,46,11
SZ,26,681790,1,8,46,9
GME,23,681597,1,8,46,2
SZ,26,681721,1,8,46,6
GME,23,681551,1,8,46,1
BE,7,681676,1,8,46,5
EI,19,681869,1,8,46,11
ITE,24,681608,1,8,46,3
GM,22,681665,1,8,46,5
UK,28,681898,1,8,46,12
ITE,25,681575,1,8,46,2
EI,19,681862,1,8,46,11
GM,22,681857,1,8,46,11
GME,23,681573,1,8,46,1
GME,23,681624,1,8,46,3
EZE,21,681598,1,8,46,2
ITE,24,681900,1,8,46,12
EZE,21,681595,1,8,46,2
AU,6,681892,1,8,46,12
ITE,24,681868,1,8,46,11
GME,23,681634,1,8,46,4
BE,7,681851,1,8,46,11
AU,6,681827,1,8,46,10
BE,7,681893,1,8,46,12
GM,22,681583,1,8,46,2
ITE,24,681568,1,8,46,1
AU,6,681887,1,8,46,12
GM,22,681859,1,8,46,11
EZE,21,681583,1,8,46,2
EZE,21,681572,1,8,46,1
ITE,25,681570,1,8,46,1
GME,23,681591,1,8,46,2
SZ,26,681646,1,8,47,4
ITE,25,681898,1,8,47,12
GM,22,681642,1,8,47,4
UK,28,681872,1,8,47,11
AU,6,681638,1,8,47,4
EI,19,681575,1,8,47,2
UK,28,681851,1,8,47,11
EI,19,681547,1,8,47,1
EI,19,681607,1,8,47,3
GM,22,681551,1,8,47,1
SZ,26,681691,1,8,47,5
ITE,25,681576,1,8,47,2
ITE,24,681602,1,8,47,3
SZ,26,681801,1,8,47,9
EZE,21,681820,1,8,47,10
UK,27,681868,1,8,47,11
USC,29,681661,1,8,47,4
CA,8,681902,1,8,47,12
UK,27,681548,1,8,47,1
CA,16,681598,1,8,47,2
SZ,26,681847,1,8,47,11
UK,27,681865,1,8,47,11
CA,13,681601,1,8,47,2
CA,9,681846,1,8,47,10
EI,19,681577,1,8,47,2
CA,16,681873,1,8,47,11
EIE,20,681873,1,8,47,11
CA,13,681664,1,8,47,5
UK,27,681601,1,8,47,2
UK,27,681574,1,8,47,2
UK,27,681603,1,8,47,3
USC,29,681574,1,8,47,2
EIE,20,681869,1,8,47,11
CA,9,681871,1,8,47,11
UK,27,681598,1,8,47,2
EZE,21,681665,1,8,47,5
EIE,20,681871,1,8,47,11
EIE,20,681905,1,8,47,12
GME,23,681665,1,8,47,5
GM,22,681819,1,8,47,10
EIE,20,681880,1,8,47,12
CA,9,681872,1,8,47,11
CA,14,681903,1,8,47,12
UK,27,681605,1,8,47,3
CA,16,681867,1,8,47,11
SZ,26,681714,1,8,47,6
UK,27,681867,1,8,47,11
CA,13,681659,1,8,47,4
UK,27,681549,1,8,47,1
UK,28,681575,1,8,47,2
EIE,20,681875,1,8,47,11
GM,22,681877,1,8,47,12
USC,29,681576,1,8,47,2
CA,10,681580,1,8,47,2
ITE,24,681879,1,8,47,12
CA,12,681899,1,8,47,12
GM,22,681639,1,8,47,4
CA,9,681635,1,8,47,4
CA,8,681635,1,8,47,4
GM,22,681687,1,8,47,5
EIE,20,681624,1,8,47,3
EZE,21,681687,1,8,47,5
CA,16,681634,1,8,47,4
EI,19,681572,1,8,47,1
AU,6,681686,1,8,47,5
CA,14,681633,1,8,47,4
UK,28,681852,1,8,47,11
UK,27,681674,1,8,47,5
GME,23,681632,1,8,47,3
UK,28,681900,1,8,47,12
EIE,20,681612,1,8,47,3
UK,27,681572,1,8,47,1
CA,17,681632,1,8,47,3
EIE,20,681568,1,8,47,1
CA,16,681635,1,8,47,4
CA,8,681854,1,8,47,11
EI,19,681675,1,8,47,5
AU,6,681557,1,8,47,1
CA,11,681589,1,8,47,2
CA,14,681640,1,8,47,4
CA,9,681640,1,8,47,4
CA,14,681641,1,8,47,4
BE,7,681858,1,8,47,11
CA,15,681641,1,8,47,4
SZ,26,681809,1,8,47,9
UK,27,681857,1,8,47,11
ITE,25,681825,1,8,47,10
CA,18,681641,1,8,47,4
BE,7,681857,1,8,47,11
GME,23,681642,1,8,47,4
CA,8,681626,1,8,47,3
GM,22,681611,1,8,47,3
UK,27,681855,1,8,47,11
GME,23,681571,1,8,47,1
ITE,24,681571,1,8,47,1
ITE,25,681590,1,8,47,2
EIE,20,681857,1,8,47,11
CA,16,681852,1,8,47,11
CA,11,681635,1,8,47,4
GME,23,681649,1,8,47,4
UK,28,681550,1,8,47,1
UK,27,681629,1,8,47,3
EI,19,681567,1,8,47,1
CA,13,681586,1,8,47,2
USC,29,681592,1,8,47,2
CA,12,681612,1,8,47,3
EIE,20,681864,1,8,47,11
CA,12,681852,1,8,47,11
CA,10,681631,1,8,47,3
UK,27,681566,1,8,47,1
CA,14,681677,1,8,47,5
CA,18,681631,1,8,47,3
CA,13,681612,1,8,47,3
EI,19,681901,1,8,47,12
AU,6,681571,1,8,47,1
UK,28,681656,1,8,47,4
SZ,26,681717,1,8,47,6
GME,23,681822,1,8,47,10
SZ,26,681720,1,8,47,6
EZE,21,681857,1,8,47,11
SZ,26,681761,1,8,47,8
EI,19,681622,1,8,47,3
GME,23,681893,1,8,47,12
GM,22,681593,1,8,47,2
SZ,26,681667,1,8,47,5
GM,22,681632,1,8,47,3
EI,19,681550,1,8,47,1
GM,22,681844,1,8,47,10
ITE,25,681894,1,8,47,12
GM,22,681855,1,8,47,11
GME,23,681854,1,8,47,11
GM,22,681597,1,8,47,2
EZE,21,681571,1,8,47,1
GME,23,681860,1,8,47,11
ITE,24,681569,1,8,47,1
ITE,25,681893,1,8,47,12
ITE,25,681895,1,8,47,12
AU,6,681644,1,8,47,4
AU,6,681597,1,8,47,2
BE,7,681598,1,8,47,2
ITE,24,681870,1,8,47,11
GME,23,681844,1,8,47,10
AU,6,681558,1,8,47,1
ITE,24,681620,1,8,47,3
SZ,26,681749,1,9,47,7
AU,6,681855,1,9,47,11
EZE,21,681639,1,9,47,4
EZE,21,681893,1,9,47,12
UK,28,681888,1,9,47,12
EZE,21,681825,1,9,47,10
GM,22,681821,1,9,47,10
ITE,24,681579,1,9,47,2
EI,19,681898,1,9,47,12
GM,22,681820,1,9,47,10
GM,22,681634,1,9,47,4
BE,7,681597,1,9,47,2
EI,19,681629,1,9,48,3
ITE,25,681619,1,9,48,3
SZ,26,681740,1,9,48,7
ITE,24,681610,1,9,48,3
ITE,24,681587,1,9,48,2
EZE,21,681629,1,9,48,3
UK,28,681818,1,9,48,10
BE,7,681849,1,9,48,11
EZE,21,681643,1,9,48,4
EI,19,681905,1,9,48,12
EZE,21,681637,1,9,48,4
BE,7,681850,1,9,48,11
SZ,26,681779,1,9,48,8
ITE,24,681869,1,9,48,11
GME,23,681643,1,9,48,4
SZ,26,681707,1,9,48,6
AU,6,681642,1,9,48,4
BE,7,681567,1,9,48,1
GME,23,681667,1,9,48,5
EI,19,681605,1,9,48,3
SZ,26,681755,1,9,48,8
SZ,26,681719,1,9,48,6
GM,22,681592,1,9,48,2
GME,23,681572,1,9,48,1
BE,7,681565,1,9,48,1
GM,22,681624,1,9,48,3
UK,28,681572,1,9,48,1
GM,22,681854,1,9,48,11
AU,6,681826,1,9,48,10
EZE,21,681612,1,9,48,3
GME,23,681587,1,9,48,2
SZ,26,681733,1,9,48,7
CA,10,681690,1,9,48,5
CA,18,681838,1,9,48,10
CA,17,681661,1,9,48,4
EIE,20,681552,1,9,48,1
CA,14,681659,1,9,48,4
CA,16,681664,1,9,48,5
CA,17,681639,1,9,48,4
EIE,20,681885,1,9,48,12
UK,27,681851,1,9,48,11
CA,10,681857,1,9,48,11
CA,11,681680,1,9,48,5
CA,14,681663,1,9,48,5
CA,15,681633,1,9,48,4
CA,18,681666,1,9,48,5
BE,7,681594,1,9,48,2
CA,8,681665,1,9,48,5
CA,12,681631,1,9,48,3
CA,13,681899,1,9,48,12
CA,10,681846,1,9,48,10
BE,7,681580,1,9,48,2
SZ,26,681703,1,9,48,6
CA,8,681670,1,9,48,5
CA,16,681638,1,9,48,4
UK,27,681578,1,9,48,2
CA,18,681661,1,9,48,4
UK,27,681883,1,9,48,12
CA,17,681636,1,9,48,4
CA,13,681581,1,9,48,2
CA,18,681636,1,9,48,4
GM,22,681678,1,9,48,5
GME,23,681635,1,9,48,4
GM,22,681635,1,9,48,4
CA,16,681683,1,9,48,5
CA,18,681851,1,9,48,11
CA,16,681612,1,9,48,3
CA,11,681602,1,9,48,3
EIE,20,681611,1,9,48,3
EZE,21,681824,1,9,48,10
UK,27,681902,1,9,48,12
CA,14,681838,1,9,48,10
CA,15,681677,1,9,48,5
EIE,20,681876,1,9,48,11
UK,27,681630,1,9,48,3
USC,29,681853,1,9,48,11
CA,11,681678,1,9,48,5
SZ,26,681762,1,9,48,8
EIE,20,681569,1,9,48,1
GM,22,681824,1,9,48,10
CA,14,681636,1,9,48,4
CA,8,681587,1,9,48,2
UK,27,681864,1,9,48,11
UK,28,681899,1,9,48,12
CA,9,681624,1,9,48,3
CA,10,681849,1,9,48,11
UK,27,681565,1,9,48,1
AU,6,681863,1,9,48,11
CA,12,681586,1,9,48,2
USC,29,681867,1,9,48,11
USC,29,681586,1,9,48,2
EIE,20,681896,1,9,48,12
ITE,25,681869,1,9,48,11
GME,23,681596,1,9,48,2
CA,11,681586,1,9,48,2
UK,28,681823,1,9,48,10
EIE,20,681891,1,9,48,12
CA,8,681642,1,9,48,4
CA,17,681903,1,9,48,12
CA,18,681671,1,9,48,5
UK,27,681817,1,9,48,10
UK,27,681863,1,9,48,11
CA,9,681642,1,9,48,4
CA,13,681656,1,9,48,4
CA,17,681867,1,9,48,11
CA,10,681650,1,9,48,4
USC,29,681868,1,9,48,11
CA,10,681641,1,9,48,4
CA,17,681866,1,9,48,11
UK,27,681587,1,9,48,2
GME,23,681821,1,9,48,10
CA,14,681654,1,9,48,4
CA,12,681882,1,9,48,12
CA,10,681815,1,9,48,9
GM,22,681582,1,9,48,2
CA,17,681675,1,9,48,5
CA,11,681676,1,9,48,5
CA,18,681645,1,9,48,4
GM,22,681586,1,9,48,2
CA,13,681574,1,9,48,2
EIE,20,681870,1,9,48,11
CA,9,681677,1,9,48,5
CA,12,681574,1,9,48,2
EIE,20,681903,1,9,48,12
EIE,20,681897,1,9,48,12
EIE,20,681865,1,9,48,11
UK,27,681901,1,9,48,12
GM,22,681596,1,9,48,2
GME,23,681583,1,9,48,2
BE,7,681862,1,9,48,11
ITE,24,681892,1,9,48,12
GM,22,681587,1,9,48,2
GME,23,681664,1,9,48,5
GM,22,681573,1,9,48,1
ITE,25,681615,1,9,48,3
GME,23,681648,1,9,48,4
SZ,26,681734,1,9,48,7
ITE,24,681586,1,9,48,2
AU,6,681579,1,9,48,2
GME,23,681582,1,9,48,2
AU,6,681611,1,9,48,3
GM,22,681572,1,9,48,1
GM,22,681822,1,9,48,10
GME,23,681678,1,9,48,5
UK,28,681864,1,9,48,11
ITE,25,681888,1,9,48,12
UK,28,681586,1,9,48,2
BE,7,681566,1,9,48,1
SZ,26,681760,1,9,48,8
ITE,25,681589,1,9,48,2
UK,28,681631,1,9,48,3
GME,23,681581,1,9,48,2
UK,28,681865,1,9,48,11
BE,7,681579,1,9,48,2
EZE,21,681638,1,9,49,4
EI,19,681871,1,9,49,11
SZ,26,681737,1,9,49,7
UK,28,681683,1,9,49,5
ITE,24,681890,1,9,49,12
EZE,21,681582,1,9,49,2
EI,19,681885,1,9,49,12
EZE,21,681821,1,9,49,10
BE,7,681891,1,9,49,12
SZ,26,681715,1,9,49,6
BE,7,681892,1,9,49,12
UK,28,681847,1,9,49,11
EZE,21,681679,1,9,49,5
EZE,21,681634,1,9,49,4
ITE,24,681580,1,9,49,2
EZE,21,681573,1,9,49,1
EZE,21,681649,1,9,49,4
EZE,21,681677,1,9,49,5
SZ,26,681808,1,9,49,9
AU,6,681634,1,9,49,4
BE,7,681568,1,9,49,1
AU,6,681593,1,9,49,2
BE,7,681854,1,9,49,11
ITE,24,681893,1,9,49,12
GME,23,681820,1,9,49,10
AU,6,681858,1,9,49,11
UK,28,681885,1,9,49,12
BE,7,681633,1,9,49,4
EI,19,681847,1,9,49,11
AU,6,681616,1,9,49,3
GM,22,681569,1,9,49,1
UK,28,681674,1,9,49,5
AU,6,681596,1,9,49,2
BE,7,681595,1,9,49,2
SZ,26,681693,1,9,49,5
CA,17,681668,1,9,49,5
CA,13,681633,1,9,49,4
CA,11,681672,1,9,49,5
SZ,26,681700,1,9,49,6
CA,12,681591,1,9,49,2
CA,16,681631,1,9,49,3
UK,27,681602,1,9,49,3
UK,27,681861,1,9,49,11
USC,29,681862,1,9,49,11
UK,27,681842,1,9,49,10
EIE,20,681609,1,9,49,3
CA,9,681663,1,9,49,5
GM,22,681649,1,9,49,4
CA,16,681587,1,9,49,2
CA,16,681899,1,9,49,12
AU,6,681664,1,9,49,5
UK,27,681852,1,9,49,11
GM,22,681591,1,9,49,2
CA,17,681663,1,9,49,5
CA,10,681668,1,9,49,5
CA,9,681673,1,9,49,5
CA,10,681685,1,9,49,5
EIE,20,681579,1,9,49,2
EIE,20,681580,1,9,49,2
CA,17,681651,1,9,49,4
EIE,20,681894,1,9,49,12
CA,8,681586,1,9,49,2
CA,15,681838,1,9,49,10
CA,10,681671,1,9,49,5
UK,27,681871,1,9,49,11
UK,27,681884,1,9,49,12
UK,27,681888,1,9,49,12
EIE,20,681625,1,9,49,3
GME,23,681824,1,9,49,10
CA,12,681851,1,9,49,11
EI,19,681865,1,9,49,11
CA,11,681838,1,9,49,10
EIE,20,681576,1,9,49,2
CA,9,681678,1,9,49,5
ITE,25,681892,1,9,49,12
CA,11,681903,1,9,49,12
UK,28,681566,1,9,49,1
UK,27,681575,1,9,49,2
CA,14,681872,1,9,49,11
CA,15,681671,1,9,49,5
CA,11,681901,1,9,49,12
EIE,20,681626,1,9,49,3
CA,16,681589,1,9,49,2
CA,15,681661,1,9,49,4
CA,12,681581,1,9,49,2
EIE,20,681895,1,9,49,12
BE,7,681890,1,9,49,12
CA,9,681672,1,9,49,5
CA,16,681574,1,9,49,2
UK,27,681627,1,9,49,3
CA,14,681846,1,9,49,10
CA,14,681868,1,9,49,11
AU,6,681572,1,9,49,1
CA,12,681635,1,9,49,4
UK,27,681870,1,9,49,11
UK,27,681564,1,9,49,1
CA,16,681860,1,9,49,11
UK,28,681576,1,9,49,2
UK,28,681628,1,9,49,3
UK,28,681578,1,9,49,2
UK,27,681583,1,9,49,2
UK,27,681576,1,9,49,2
UK,27,681818,1,9,49,10
CA,18,681650,1,9,49,4
CA,10,681645,1,9,49,4
CA,12,681589,1,9,49,2
CA,15,681640,1,9,49,4
GM,22,681892,1,10,49,12
UK,28,681574,1,10,49,2
GME,23,681586,1,10,49,2
GM,22,681594,1,10,49,2
GM,22,681648,1,10,49,4
EZE,21,681596,1,10,49,2
SZ,26,681784,1,10,49,8
ITE,25,681853,1,10,49,11
UK,28,681848,1,10,49,11
UK,28,681858,1,10,49,11
AU,6,681591,1,10,49,2
BE,7,681570,1,10,49,1
GME,23,681570,1,10,49,1
BE,7,681593,1,10,49,2
EZE,21,681645,1,10,49,4
ASN,4,681750,1,10,49,7
AU,6,681584,1,10,49,2
GM,22,681893,1,10,49,12
EZE,21,681838,1,10,49,10
UK,28,681591,1,10,49,2
GM,22,681571,1,10,49,1
EI,19,681590,1,10,49,2
SZ,26,681669,1,10,49,5
AU,6,681594,1,10,49,2
BE,7,681848,1,10,49,11
AU,6,681570,1,10,49,1
UK,28,681597,1,10,49,2
ITE,25,681897,1,10,49,12
UK,28,681682,1,10,49,5
EI,19,681630,1,10,49,3
EI,19,681602,1,10,49,3
ITE,25,681850,1,10,49,11
BE,7,681585,1,10,49,2
EI,19,681584,1,10,49,2
ITE,24,681558,1,10,49,1
BE,7,681631,1,10,50,3
ITE,24,681570,1,10,50,1
ITE,24,681575,1,10,50,2
SZ,26,681785,1,10,50,8
GM,22,681641,1,10,50,4
ITE,24,681857,1,10,50,11
GME,23,681638,1,10,50,4
EI,19,681872,1,10,50,11
SZ,26,681783,1,10,50,8
ITE,24,681576,1,10,50,2
GM,22,681570,1,10,50,1
BE,7,681569,1,10,50,1
UK,28,681684,1,10,50,5
UK,28,681819,1,10,50,10
GME,23,681843,1,10,50,10
BE,7,681578,1,10,50,2
GME,23,681819,1,10,50,10
SZ,26,681815,1,10,50,9
AU,6,681588,1,10,50,2
EI,19,681842,1,10,50,10
BE,7,681571,1,10,50,1
EZE,21,681812,1,10,50,9
SZ,26,681795,1,10,50,9
BE,7,681843,1,10,50,10
BE,7,681574,1,10,50,2
SZ,26,681748,1,10,50,7
UK,28,681826,1,10,50,10
GME,23,681645,1,10,50,4
SZ,26,681789,1,10,50,9
UK,28,681583,1,10,50,2
EZE,21,681631,1,10,50,3
EZE,21,681641,1,10,50,4
UK,28,681590,1,10,50,2
UK,28,681547,1,10,50,1
EZE,21,681826,1,10,50,10
UK,28,681629,1,10,50,3
SZ,26,681650,1,10,50,4
AU,6,681821,1,10,50,10
SZ,26,681699,1,10,50,6
CA,9,681824,1,10,50,10
CA,16,681640,1,10,50,4
ITE,24,681850,1,10,50,11
USC,29,681626,1,10,50,3
CA,13,681882,1,10,50,12
CA,18,681872,1,10,50,11
EI,19,681564,1,10,50,1
BE,7,681596,1,10,50,2
EIE,20,681890,1,10,50,12
UK,27,681848,1,10,50,11
EIE,20,681610,1,10,50,3
GM,22,681638,1,10,50,4
BE,7,681823,1,10,50,10
CA,18,681820,1,10,50,10
CA,17,681822,1,10,50,10
CA,8,681659,1,10,50,4
CA,11,681689,1,10,50,5
EI,19,681886,1,10,50,12
CA,17,681901,1,10,50,12
GM,22,681581,1,10,50,2
EIE,20,681581,1,10,50,2
CA,18,681822,1,10,50,10
EIE,20,681608,1,10,50,3
UK,27,681898,1,10,50,12
AU,6,681598,1,10,50,2
CA,15,681670,1,10,50,5
EIE,20,681583,1,10,50,2
CA,9,681676,1,10,50,5
CA,17,681869,1,10,50,11
CA,13,681859,1,10,50,11
CA,17,681870,1,10,50,11
CA,17,681657,1,10,50,4
CA,18,681657,1,10,50,4
CA,12,681901,1,10,50,12
CA,10,681869,1,10,50,11
GM,22,681860,1,10,50,11
CA,11,681846,1,10,50,10
CA,13,681600,1,10,50,2
CA,8,681871,1,10,50,11
USC,29,681860,1,10,50,11
CA,18,681871,1,10,50,11
UK,28,681549,1,10,50,1
CA,16,681868,1,10,50,11
UK,27,681675,1,10,50,5
CA,13,681589,1,10,50,2
CA,18,681677,1,10,50,5
UK,27,681850,1,10,50,11
CA,8,681872,1,10,50,11
EZE,21,681648,1,10,50,4
EIE,20,681570,1,10,50,1
CA,18,681670,1,10,50,5
CA,13,681669,1,10,50,5
CA,10,681676,1,10,50,5
UK,27,681577,1,10,50,2
CA,11,681853,1,10,50,11
CA,11,681693,1,10,50,5
CA,11,681673,1,10,50,5
USC,29,681591,1,10,50,2
CA,16,681651,1,10,50,4
GME,23,681825,1,10,50,10
USC,29,681631,1,10,50,3
CA,16,681851,1,10,50,11
EZE,21,681844,1,10,50,10
CA,12,681866,1,10,50,11
EIE,20,681578,1,10,50,2
EIE,20,681862,1,10,50,11
CA,8,681826,1,10,50,10
CA,13,681665,1,10,50,5
UK,27,681628,1,10,50,3
USC,29,681851,1,10,50,11
CA,14,681839,1,10,50,10
CA,8,681666,1,10,50,5
UK,27,681604,1,10,50,3
CA,17,681666,1,10,50,5
CA,16,681586,1,10,50,2
EIE,20,681902,1,10,50,12
ITE,24,681611,1,10,50,3
EIE,20,681899,1,10,50,12
USC,29,681582,1,10,50,2
CA,18,681827,1,10,50,10
SZ,26,681747,1,10,50,7
CA,16,681636,1,10,50,4
CA,10,681669,1,10,50,5
CA,9,681669,1,10,50,5
CA,8,681669,1,10,50,5
UK,27,681846,1,10,50,10
EIE,20,681886,1,10,50,12
UK,27,681897,1,10,50,12
USC,29,681902,1,10,50,12
CA,16,681685,1,10,50,5
EIE,20,681887,1,10,50,12
USC,29,681590,1,10,50,2
ITE,24,681853,1,10,50,11
UK,27,681580,1,10,50,2
USC,29,681602,1,10,50,3
USC,29,681597,1,10,50,2
CA,10,681647,1,10,50,4
EI,19,681887,1,10,50,12
EI,19,681818,1,10,50,10
USC,29,681903,1,10,50,12
EIE,20,681892,1,10,50,12
CA,13,681851,1,10,50,11
CA,9,681848,1,10,50,11
SZ,26,681668,1,10,50,5
ITE,25,681867,1,10,50,11
EZE,21,681843,1,10,50,10
AU,6,681625,1,10,50,3
EZE,21,681650,1,10,50,4
EI,19,681889,1,10,50,12
ITE,25,681891,1,10,50,12
GM,22,681825,1,10,50,10
EI,19,681877,1,10,50,12
BE,7,681856,1,10,50,11
GM,22,681823,1,10,50,10
BE,7,681643,1,10,50,4
EZE,21,681625,1,10,50,3
AU,6,681825,1,10,50,10
EZE,21,681632,1,10,50,3
BE,7,681820,1,10,50,10
SZ,26,681800,1,10,50,9
GM,22,681679,1,10,50,5
BE,7,681637,1,10,50,4
ASN,4,681809,1,10,50,9
SZ,26,681780,1,10,50,8
BE,7,681855,1,10,50,11
UK,28,681594,1,10,50,2
SZ,26,681698,1,10,50,6
ITE,25,681585,1,10,50,2
EI,19,681631,1,10,50,3
UK,28,681630,1,10,50,3
ITE,24,681895,1,10,50,12
EI,19,681851,1,10,50,11
UK,28,681817,1,10,50,10
ITE,24,681606,1,10,50,3
ITE,25,681890,1,10,50,12
UK,28,681675,1,10,50,5
BE,7,681575,1,10,50,2
EI,19,681823,1,10,50,10
ITE,25,681858,1,10,50,11
EI,19,681676,1,10,50,5
ITE,24,681858,1,10,50,11
EI,19,681888,1,10,50,12
BE,7,681582,1,10,50,2
UK,28,681676,1,10,50,5
BE,7,681583,1,10,50,2
GME,23,681631,1,10,51,3
AU,6,681824,1,10,51,10
SZ,26,681670,1,10,51,5
GME,23,681594,1,10,51,2
BE,7,681550,1,10,51,1
AU,6,681854,1,10,51,11
GM,22,681812,1,10,51,9
BE,7,681581,1,10,51,2
EI,19,681587,1,10,51,2
BE,7,681859,1,10,51,11
ITE,25,681857,1,10,51,11
GME,23,681862,1,10,51,11
ITE,25,681859,1,10,51,11
SZ,26,681672,1,10,51,5
AU,6,681687,1,10,51,5
EI,19,681858,1,10,51,11
AU,6,681857,1,10,51,11
GM,22,681862,1,10,51,11
AU,6,681648,1,10,51,4
UK,28,681571,1,10,51,1
GM,22,681595,1,10,51,2
BE,7,681572,1,10,51,1
SZ,26,681692,1,10,51,5
AU,6,681828,1,10,51,10
AU,6,681595,1,10,51,2
EZE,21,681685,1,10,51,5
EI,19,681588,1,10,51,2
UK,28,681886,1,10,51,12
EI,19,681576,1,10,51,2
SZ,26,681695,1,10,51,6
GM,22,681664,1,10,51,5
SZ,26,681750,1,10,51,7
ITE,25,681620,1,10,51,3
EI,19,681658,1,10,51,4
BE,7,681549,1,10,51,1
GME,23,681661,1,10,51,4
EI,19,681581,1,10,51,2
UK,28,681623,1,10,51,3
AU,6,681667,1,10,51,5
EI,19,681819,1,10,51,10
ASN,4,681888,1,10,51,12
BE,7,681610,1,10,51,3
GME,23,681660,1,10,51,4
UK,28,681652,1,10,51,4
UK,28,681584,1,10,51,2
UK,28,681577,1,10,51,2
ITE,25,681580,1,10,51,2
GME,23,681679,1,10,51,5
EZE,21,681823,1,10,51,10
AU,6,681823,1,10,51,10
GME,23,681878,1,10,51,12
GME,23,681823,1,10,51,10
ITE,24,681601,1,10,51,2
BE,7,681824,1,10,51,10
UK,28,681581,1,10,51,2
UK,28,681896,1,10,51,12
ASN,4,681754,1,10,51,7
ITE,25,681574,1,10,51,2
BE,7,681586,1,10,51,2
GME,23,681818,1,10,51,10
AU,6,681665,1,10,51,5
UK,28,681585,1,10,51,2
GME,23,681650,1,11,51,4
UK,27,681858,1,11,51,11
CA,13,681641,1,11,51,4
CA,12,681600,1,11,51,2
EIE,20,681900,1,11,51,12
EIE,20,681582,1,11,51,2
UK,27,681588,1,11,51,2
EIE,20,681575,1,11,51,2
UK,27,681642,1,11,51,4
CA,10,681870,1,11,51,11
UK,27,681590,1,11,51,2
CA,13,681602,1,11,51,3
CA,16,681602,1,11,51,3
CA,14,681679,1,11,51,5
CA,14,681657,1,11,51,4
CA,17,681650,1,11,51,4
CA,14,681684,1,11,51,5
UK,27,681640,1,11,51,4
UK,27,681586,1,11,51,2
UK,27,681885,1,11,51,12
CA,8,681824,1,11,51,10
EIE,20,681901,1,11,51,12
GM,22,681843,1,11,51,10
BE,7,681819,1,11,51,10
CA,12,681601,1,11,51,2
CA,18,681659,1,11,51,4
EIE,20,681627,1,11,51,3
CA,15,681659,1,11,51,4
GME,23,681812,1,11,51,9
CA,14,681670,1,11,51,5
CA,10,681688,1,11,51,5
GME,23,681636,1,11,51,4
ITE,25,681862,1,11,51,11
CA,9,681826,1,11,51,10
CA,11,681684,1,11,51,5
UK,27,681596,1,11,51,2
CA,13,681634,1,11,51,4
BE,7,681825,1,11,51,10
UK,27,681821,1,11,51,10
CA,17,681685,1,11,51,5
CA,15,681685,1,11,51,5
UK,27,681822,1,11,51,10
CA,16,681603,1,11,51,3
EI,19,681875,1,11,51,11
EIE,20,681898,1,11,51,12
UK,27,681591,1,11,51,2
CA,13,681603,1,11,51,3
GM,22,681645,1,11,51,4
UK,27,681889,1,11,51,12
CA,9,681847,1,11,51,11
EIE,20,681893,1,11,51,12
BE,7,681684,1,11,51,5
EIE,20,681577,1,11,51,2
CA,9,681825,1,11,51,10
EIE,20,681888,1,11,51,12
UK,27,681887,1,11,51,12
CA,10,681657,1,11,51,4
CA,17,681838,1,11,51,10
CA,8,681634,1,11,51,4
CA,17,681851,1,11,51,11
UK,27,681859,1,11,51,11
UK,27,681644,1,11,51,4
AU,6,681583,1,11,51,2
CA,12,681676,1,11,51,5
UK,27,681656,1,11,51,4
CA,12,681587,1,11,51,2
CA,13,681852,1,11,51,11
CA,13,681860,1,11,51,11
UK,27,681819,1,11,51,10
UK,27,681597,1,11,51,2
UK,27,681886,1,11,51,12
SZ,26,681781,1,11,51,8
SZ,26,681798,1,11,51,9
EZE,21,681579,1,11,51,2
ASN,4,681791,1,11,51,9
EZE,21,681636,1,11,51,4
ITE,25,681606,1,11,51,3
EI,19,681578,1,11,51,2
SZ,26,681673,1,11,51,5
EZE,21,681626,1,11,51,3
UK,28,681595,1,11,51,2
UK,28,681685,1,11,51,5
EZE,21,681828,1,11,51,10
AU,6,681844,1,11,51,10
UK,28,681824,1,11,51,10
EI,19,681585,1,11,51,2
EI,19,681861,1,11,51,11
EI,19,681628,1,11,51,3
BE,7,681623,1,11,51,3
BE,7,681685,1,11,52,5
EI,19,681860,1,11,52,11
SZ,26,681736,1,11,52,7
GME,23,681676,1,11,52,5
BE,7,681821,1,11,52,10
GME,23,681584,1,11,52,2
BE,7,681587,1,11,52,2
AU,6,681599,1,11,52,2
EI,19,681580,1,11,52,2
GME,23,681840,1,11,52,10
GM,22,681643,1,11,52,4
SZ,26,681735,1,11,52,7
BE,7,681634,1,11,52,4
GME,23,681629,1,11,52,3
AU,6,681811,1,11,52,9
ITE,25,681573,1,11,52,1
EI,19,681591,1,11,52,2
UK,28,681825,1,11,52,10
GM,22,681818,1,11,52,10
ITE,25,681861,1,11,52,11
AU,6,681649,1,11,52,4
UK,28,681822,1,11,52,10
ITE,24,681572,1,11,52,1
ITE,24,681867,1,11,52,11
EI,19,681653,1,11,52,4
ITE,24,681585,1,11,52,2
ITE,24,681617,1,11,52,3
EZE,21,681819,1,11,52,10
GM,22,681840,1,11,52,10
AU,6,681632,1,11,52,3
ITE,24,681616,1,11,52,3
ITE,24,681573,1,11,52,1
BE,7,681877,1,11,52,12
EZE,21,681635,1,11,52,4
AU,6,681636,1,11,52,4
ITE,24,681590,1,11,52,2
EI,19,681900,1,11,52,12
ITE,24,681589,1,11,52,2
BE,7,681591,1,11,52,2
ITE,24,681619,1,11,52,3
EI,19,681582,1,11,52,2
ITE,24,681859,1,11,52,11
EI,19,681589,1,11,52,2
EI,19,681849,1,11,52,11
CA,13,681867,1,11,52,11
CA,10,681827,1,11,52,10
CA,10,681684,1,11,52,5
CA,8,681684,1,11,52,5
CA,16,681690,1,11,52,5
UK,28,681854,1,11,52,11
CA,10,681871,1,11,52,11
CA,10,681838,1,11,52,10
ASN,3,681752,1,11,52,7
ASN,3,681739,1,11,52,7
CA,14,681820,1,11,52,10
ASN,4,681810,1,11,52,9
CA,14,681841,1,11,52,10
CA,13,681684,1,11,52,5
USC,29,681875,1,11,52,11
CA,13,681845,1,11,52,10
CA,8,681846,1,11,52,10
UK,27,681847,1,11,52,11
CA,15,681872,1,11,52,11
SZ,26,681704,1,11,52,6
CA,15,681839,1,11,52,10
CA,10,681821,1,11,52,10
CA,11,681820,1,11,52,10
USC,29,681869,1,11,52,11
CA,8,681825,1,11,52,10
UK,27,681844,1,11,52,10
UK,27,681860,1,11,52,11
UK,27,681686,1,11,52,5
EZE,21,681842,1,11,52,10
CA,17,681846,1,11,52,10
SZ,26,681712,1,11,52,6
USC,29,681840,1,11,52,10
CA,10,681820,1,11,52,10
CA,14,681822,1,11,52,10
CA,17,681827,1,11,52,10
AU,6,681843,1,11,52,10
CA,12,681685,1,11,52,5
ASN,4,681751,1,11,52,7
CA,10,681843,1,11,52,10
UK,27,681853,1,11,52,11
CA,16,681827,1,11,52,10
USC,29,681852,1,11,52,11
EZE,21,681848,1,11,52,11
CA,15,681827,1,11,52,10
USC,29,681873,1,11,52,11
CA,17,681684,1,11,52,5
CA,16,681684,1,11,52,5
CA,14,681840,1,11,52,10
GM,22,681878,1,11,52,12
ASN,4,681732,1,11,52,7
CA,17,681669,1,11,52,5
GM,22,681631,1,11,52,3
CA,18,681676,1,11,52,5
EI,19,681598,1,11,52,2
GM,22,681579,1,11,52,2
CA,15,681676,1,11,52,5
CA,13,681676,1,11,52,5
CA,13,681631,1,11,52,3
CA,12,681665,1,11,52,5
USC,29,681665,1,11,52,5
CA,17,681653,1,11,52,4
EIE,20,681574,1,11,52,2
CA,13,681670,1,11,52,5
CA,13,681591,1,11,52,2
CA,15,681654,1,11,52,4
EIE,20,681571,1,11,52,1
CA,11,681675,1,11,52,5
CA,10,681670,1,11,52,5
CA,15,681666,1,11,52,5
UK,28,681573,1,11,52,1
UK,28,681887,1,11,52,12
EIE,20,681889,1,11,52,12
CA,15,681657,1,11,52,4
CA,15,681636,1,11,52,4
GM,22,681650,1,11,52,4
GM,22,681636,1,11,52,4
CA,8,681650,1,11,52,4
UK,27,681595,1,11,52,2
CA,17,681646,1,11,52,4
EIE,20,681572,1,11,52,1
CA,18,681663,1,11,52,5
BE,7,681648,1,11,52,4
CA,10,681648,1,11,52,4
CA,8,681645,1,11,52,4
UK,28,681564,1,11,52,1
CA,15,681644,1,11,52,4
CA,17,681677,1,11,52,5
UK,27,681657,1,11,52,4
CA,15,681663,1,11,52,5
UK,27,681643,1,11,52,4
CA,13,681643,1,11,52,4
USC,29,681904,1,11,52,12
CA,8,681677,1,11,52,5
CA,8,681641,1,11,52,4
BE,7,681641,1,11,52,4
EI,19,681597,1,11,52,2
USC,29,681638,1,11,52,4
UK,28,681567,1,11,52,1
CA,13,681638,1,11,52,4
CA,8,681644,1,11,52,4
UK,27,681896,1,11,52,12
AU,6,681573,1,11,52,1
CA,16,681669,1,11,52,5
EZE,21,681584,1,11,52,2
BE,7,681611,1,11,52,3
UK,28,681570,1,11,52,1
EIE,20,681584,1,11,52,2
CA,12,681669,1,11,52,5
CA,14,681661,1,11,52,4
USC,29,681612,1,11,52,3
UK,27,681585,1,11,52,2
UK,27,681582,1,11,52,2
USC,29,681587,1,11,52,2
ITE,25,681581,1,11,52,2
ITE,25,681611,1,11,52,3
ITE,24,681574,1,11,52,2
BE,7,681827,1,11,52,10
EI,19,681896,1,11,52,12
ITE,24,681591,1,11,52,2
ITE,25,681591,1,11,52,2
ASN,4,681740,1,11,52,7
UK,28,681855,1,11,52,11
UK,28,681596,1,11,52,2
EZE,21,681811,1,11,52,9
ITE,24,681615,1,11,52,3
BE,7,681640,1,11,52,4
UK,28,681853,1,11,52,11
GME,23,681579,1,11,52,2
EI,19,681573,1,11,52,1
AU,6,681635,1,11,52,4
SZ,26,681796,1,11,52,9
AU,6,681639,1,11,52,4
GM,22,681629,1,11,52,3
GME,23,681595,1,11,52,2
ITE,25,681852,1,11,52,11
SZ,26,681727,1,11,52,7
GM,22,681811,1,11,52,9
EI,19,681641,1,11,52,4
GM,22,681640,1,11,52,4
EI,19,681855,1,11,52,11
ITE,25,681860,1,11,53,11
ASN,4,681753,1,11,53,7
EI,19,681857,1,11,53,11
ITE,25,681584,1,11,53,2
BE,7,681592,1,11,53,2
GME,23,681654,1,11,53,4
BE,7,681629,1,11,53,3
AU,6,681842,1,11,53,10
ASN,4,681730,1,11,53,7
EI,19,681890,1,11,53,12
UK,28,681892,1,11,53,12
ITE,25,681854,1,12,53,11
ITE,24,681584,1,12,53,2
BE,7,681686,1,12,53,5
ASN,4,681731,1,12,53,7
SZ,26,681724,1,12,53,7
AU,6,681831,1,12,53,10
BE,7,681636,1,12,53,4
AU,6,681829,1,12,53,10
GME,23,681811,1,12,53,9
UK,28,681677,1,12,53,5
BE,7,681630,1,12,53,3
AU,6,681626,1,12,53,3
GME,23,681848,1,12,53,11
ASN,4,681755,1,12,53,8
BE,7,681663,1,12,53,5
EI,19,681603,1,12,53,3
GME,23,681662,1,12,53,4
UK,28,681589,1,12,53,2
UK,28,681579,1,12,53,2
AU,6,681813,1,12,53,9
SZ,26,681738,1,12,53,7
BE,7,681635,1,12,53,4
BE,7,681638,1,12,53,4
UK,28,681642,1,12,53,4
UK,28,681593,1,12,53,2
CA,14,681672,1,12,53,5
CA,14,681690,1,12,53,5
CA,18,681840,1,12,53,10
UK,27,681646,1,12,53,4
UK,27,681687,1,12,53,5
CA,17,681690,1,12,53,5
BE,7,681639,1,12,53,4
CA,17,681647,1,12,53,4
CA,17,681840,1,12,53,10
CA,14,681827,1,12,53,10
BE,7,681677,1,12,53,5
CA,9,681827,1,12,53,10
CA,15,681668,1,12,53,5
EI,19,681643,1,12,53,4
CA,16,681902,1,12,53,12
ASN,2,681762,1,12,53,8
UK,28,681580,1,12,53,2
UK,27,681641,1,12,53,4
CA,17,681815,1,12,53,9
UK,28,681641,1,12,53,4
CA,9,681830,1,12,53,10
UK,27,681567,1,12,53,1
EIE,20,681859,1,12,53,11
CA,9,681649,1,12,53,4
UK,27,681570,1,12,53,1
CA,14,681671,1,12,53,5
CA,12,681677,1,12,53,5
CA,16,681901,1,12,53,12
UK,27,681892,1,12,53,12
UK,27,681685,1,12,53,5
UK,27,681584,1,12,53,2
CA,18,681685,1,12,53,5
CA,8,681663,1,12,53,5
UK,27,681652,1,12,53,4
EIE,20,681585,1,12,53,2
UK,27,681653,1,12,53,4
CA,9,681844,1,12,53,10
CA,11,681844,1,12,53,10
UK,27,681569,1,12,53,1
USC,29,681603,1,12,53,3
CA,11,681839,1,12,53,10
UK,27,681625,1,12,53,3
CA,17,681871,1,12,53,11
CA,11,681837,1,12,53,10
BE,7,681847,1,12,53,11
USC,29,681683,1,12,53,5
CA,11,681657,1,12,53,4
CA,18,681818,1,12,53,10
CA,15,681871,1,12,53,11
CA,12,681846,1,12,53,10
CA,14,681871,1,12,53,11
ASN,4,681752,1,12,53,7
UK,27,681899,1,12,53,12
EIE,20,681586,1,12,53,2
CA,11,681822,1,12,53,10
ITE,25,681889,1,12,53,12
CA,9,681647,1,12,53,4
CA,11,681581,1,12,53,2
CA,14,681857,1,12,53,11
CA,17,681856,1,12,53,11
UK,27,681875,1,12,53,11
CA,9,681679,1,12,53,5
CA,17,681839,1,12,53,10
CA,11,681650,1,12,53,4
EIE,20,681573,1,12,53,1
ITE,25,681865,1,12,53,11
CA,15,681823,1,12,53,10
CA,14,681826,1,12,53,10
EI,19,681854,1,12,53,11
CA,18,681669,1,12,53,5
ASN,4,681757,1,12,53,8
CA,12,681839,1,12,53,10
CA,13,681683,1,12,53,5
CA,17,681676,1,12,53,5
CA,13,681826,1,12,53,10
CA,14,681683,1,12,53,5
CA,10,681826,1,12,53,10
CA,17,681820,1,12,53,10
BE,7,681826,1,12,53,10
CA,11,681633,1,12,53,4
UK,27,681651,1,12,53,4
ITE,24,681866,1,12,53,11
CA,8,681662,1,12,53,4
ITE,25,681822,1,12,53,10
GM,22,681848,1,12,53,11
EI,19,681687,1,12,53,5
GME,23,681828,1,12,53,10
UK,28,681625,1,12,53,3
EI,19,681565,1,12,53,1
EI,19,681596,1,12,53,2
EI,19,681902,1,12,53,12
EI,19,681853,1,12,53,11
ITE,25,681849,1,12,53,11
GME,23,681829,1,12,53,10
AU,6,681641,1,12,53,4
UK,28,681569,1,12,53,1
UK,28,681592,1,12,53,2
SZ,26,681797,1,12,53,9
UK,28,681891,1,12,53,12
UK,28,681849,1,12,53,11
SZ,26,681739,1,12,53,7
AU,6,681822,1,12,53,10
AU,6,681666,1,12,53,5
ITE,25,681583,1,12,53,2
ITE,25,681610,1,12,53,3
EI,19,681820,1,12,53,10
BE,7,681818,1,12,53,10
EI,19,681852,1,12,53,11
BE,7,681844,1,12,53,10
ITE,24,681618,1,12,54,3
ITE,24,681581,1,12,54,2
ITE,24,681588,1,12,54,2
AU,6,681609,1,12,54,3
BE,7,681822,1,12,54,10
SZ,26,681771,1,12,54,8
GM,22,681845,1,12,54,10
ITE,24,681860,1,12,54,11
SZ,26,681694,1,12,54,6
BE,7,681678,1,12,54,5
GME,23,681846,1,12,54,10
ITE,24,681891,1,12,54,12
EI,19,681677,1,12,54,5
EZE,21,681878,1,12,54,12
ITE,24,681878,1,12,54,12
EI,19,681892,1,12,54,12
EI,19,681899,1,12,54,12
EI,19,681684,1,12,54,5
UK,28,681627,1,12,54,3
UK,28,681582,1,12,54,2
SZ,26,681754,1,12,54,7
GME,23,681861,1,12,54,11
EZE,21,681845,1,12,54,10
ASN,4,681758,1,12,54,8
BE,7,681664,1,12,54,5
EI,19,681657,1,12,54,4
BE,7,681642,1,12,54,4
GM,22,681584,1,12,54,2
EZE,21,681678,1,12,54,5
UK,28,681640,1,12,54,4
UK,28,681841,1,12,54,10
GM,22,681835,1,12,54,10
CA,13,681846,1,12,54,10
USC,29,681666,1,12,54,5
CA,13,681838,1,12,54,10
CA,17,681837,1,12,54,10
CA,12,681684,1,12,54,5
CA,14,681818,1,12,54,10
EIE,20,681601,1,12,54,2
UK,27,681843,1,12,54,10
USC,29,681822,1,12,54,10
EI,19,681840,1,12,54,10
EZE,21,681662,1,12,54,4
CA,15,681840,1,12,54,10
UK,27,681840,1,12,54,10
UK,27,681839,1,12,54,10
USC,29,681660,1,12,54,4
CA,12,681902,1,12,54,12
UK,27,681841,1,12,54,10
UK,27,681682,1,12,54,5
EZE,21,681667,1,12,54,5
CA,9,681668,1,12,54,5
CA,17,681843,1,12,54,10
CA,15,681822,1,12,54,10
UK,27,681890,1,12,54,12
USC,29,681871,1,12,54,11
UK,27,681573,1,12,54,1
SZ,26,681671,1,12,54,5
UK,27,681877,1,12,54,12
CA,12,681603,1,12,54,3
UK,28,681587,1,12,54,2
CA,12,681822,1,12,54,10
CA,9,681657,1,12,54,4
UK,28,681565,1,12,54,1
CA,13,681901,1,12,54,12
UK,27,681676,1,12,54,5
CA,11,681636,1,12,54,4
SZ,26,681716,1,12,54,6
CA,14,681650,1,12,54,4
CA,12,681679,1,12,54,5
CA,12,681637,1,12,54,4
CA,11,681857,1,12,54,11
UK,27,681649,1,12,54,4
CA,18,681857,1,12,54,11
UK,27,681639,1,12,54,4
CA,16,681641,1,12,54,4
CA,15,681826,1,12,54,10
CA,15,681662,1,12,54,4
USC,29,681819,1,12,54,10
CA,10,681649,1,12,54,4
CA,10,681644,1,12,54,4
UK,27,681594,1,12,54,2
UK,27,681677,1,12,54,5
UK,27,681645,1,12,54,4
CA,14,681678,1,12,54,5
CA,10,681646,1,12,54,4
CA,10,681678,1,12,54,5
UK,27,681647,1,12,54,4
CA,11,681690,1,12,54,5
CA,14,681649,1,12,54,4
CA,8,681657,1,12,54,4
UK,27,681635,1,12,54,4
USC,29,681634,1,12,54,4
USC,29,681823,1,12,54,10
CA,10,681656,1,12,54,4
UK,27,681891,1,12,54,12
CA,14,681824,1,12,54,10
CA,18,681824,1,12,54,10
UK,27,681849,1,12,54,11
CA,10,681811,1,12,54,9
UK,27,681626,1,12,54,3
CA,14,681825,1,12,54,10
BE,7,681653,1,12,54,4
CA,18,681854,1,12,54,11
CA,9,681680,1,12,54,5
EIE,20,681851,1,12,54,11
UK,27,681834,1,12,54,10
EI,19,681549,1,12,54,1
CA,9,681686,1,12,54,5
CA,18,681633,1,12,54,4
CA,16,681866,1,12,54,11
CA,12,681853,1,12,54,11
UK,27,681592,1,12,54,2
ITE,24,681633,1,12,54,4
ASN,3,681732,1,12,54,7
CA,10,681651,1,12,54,4
EIE,20,681628,1,12,54,3
CA,16,681643,1,12,54,4
EI,19,681571,1,12,54,1
AU,6,681581,1,12,54,2
GM,22,681828,1,12,54,10
AU,6,681612,1,12,54,3
EI,19,681548,1,12,54,1
SZ,26,681799,1,12,54,9
EI,19,681683,1,12,54,5
EI,19,681848,1,12,54,11
ASN,4,681739,1,12,54,7
BE,7,681647,1,12,54,4
EZE,21,681837,1,12,54,10
EI,19,681850,1,12,54,11
UK,28,681657,1,12,54,4
SZ,26,681741,1,12,54,7
BE,7,681846,1,12,54,10
ASN,2,681730,1,12,54,7
SZ,26,681792,1,12,54,9
EI,19,681839,1,12,54,10
EI,19,681897,1,12,54,12
EI,19,681586,1,12,54,2
ITE,25,681582,1,12,54,2
ASN,4,681774,1,12,54,8
EZE,21,681630,1,12,54,3
ITE,25,681593,1,12,54,2
SZ,26,681746,1,12,54,7
EI,19,681661,1,12,54,4
EI,19,681843,1,12,54,10
AU,6,681631,1,12,54,3
ITE,24,681582,1,12,54,2
AU,6,681841,1,12,54,10
ITE,25,681829,1,12,54,10
GME,23,681838,1,12,54,10
EI,19,681822,1,12,54,10
GM,22,681836,1,12,54,10
EI,19,681566,1,12,54,1
EI,19,681652,1,12,54,4
GME,23,681589,1,12,54,2
SZ,26,681723,1,12,54,6
BE,7,681644,1,12,54,4
GM,22,681846,1,13,55,10
GME,23,681845,1,13,55,10
AU,6,681833,1,13,55,10
GME,23,681626,1,13,55,3
EZE,21,681831,1,13,55,10
GM,22,681842,1,13,55,10
GME,23,681647,1,13,55,4
EZE,21,681841,1,13,55,10
GM,22,681654,1,13,55,4
EI,19,681891,1,13,55,12
UK,28,681588,1,13,55,2
GM,22,681660,1,13,55,4
UK,28,681876,1,13,55,11
SZ,26,681791,1,13,55,9
EI,19,681583,1,13,55,2
ASN,2,681731,1,13,55,7
UK,28,681643,1,13,55,4
EZE,21,681829,1,13,55,10
UK,28,681645,1,13,55,4
UK,28,681646,1,13,55,4
ASN,4,681720,1,13,55,6
EI,19,681594,1,13,55,2
ITE,25,681592,1,13,55,2
SZ,26,681706,1,13,55,6
ITE,24,681851,1,13,55,11
SZ,26,681775,1,13,55,8
EZE,21,681840,1,13,55,10
SZ,26,681786,1,13,55,9
UK,28,681815,1,13,55,9
SZ,26,681794,1,13,55,9
EZE,21,681810,1,13,55,9
UK,27,681660,1,13,55,4
ITE,24,681583,1,13,55,2
CA,11,681868,1,13,55,11
ASN,3,681731,1,13,55,7
ASN,3,681757,1,13,55,8
CA,15,681854,1,13,55,11
ITE,24,681854,1,13,55,11
EIE,20,681633,1,13,55,4
CA,8,681822,1,13,55,10
CA,10,681679,1,13,55,5
CA,16,681872,1,13,55,11
UK,27,681637,1,13,55,4
CA,15,681857,1,13,55,11
UK,27,681830,1,13,55,10
UK,27,681832,1,13,55,10
CA,16,681661,1,13,55,4
UK,27,681833,1,13,55,10
CA,10,681673,1,13,55,5
CA,15,681684,1,13,55,5
CA,17,681670,1,13,55,5
CA,8,681847,1,13,55,11
ASN,3,681740,1,13,55,7
UK,27,681623,1,13,55,3
UK,27,681684,1,13,55,5
UK,27,681624,1,13,55,3
EIE,20,681598,1,13,55,2
CA,16,681663,1,13,55,5
CA,8,681685,1,13,55,5
CA,9,681685,1,13,55,5
EIE,20,681850,1,13,55,11
CA,14,681680,1,13,55,5
AU,6,681582,1,13,55,2
ASN,3,681755,1,13,55,8
CA,17,681821,1,13,55,10
CA,15,681820,1,13,55,10
ASN,2,681760,1,13,55,8
ASN,3,681725,1,13,55,7
CA,14,681819,1,13,55,10
UK,27,681648,1,13,55,4
CA,16,681677,1,13,55,5
CA,13,681677,1,13,55,5
CA,11,681827,1,13,55,10
UK,27,681593,1,13,55,2
GME,23,681655,1,13,55,4
CA,16,681676,1,13,55,5
CA,14,681648,1,13,55,4
CA,10,681824,1,13,55,10
EI,19,681568,1,13,55,1
UK,27,681568,1,13,55,1
CA,18,681825,1,13,55,10
CA,10,681825,1,13,55,10
ITE,24,681824,1,13,55,10
EIE,20,681591,1,13,55,2
CA,11,681811,1,13,55,9
ASN,3,681811,1,13,55,9
CA,14,681673,1,13,55,5
CA,13,681648,1,13,55,4
UK,27,681823,1,13,55,10
EIE,20,681587,1,13,55,2
EIE,20,681642,1,13,55,4
EI,19,681859,1,13,55,11
UK,28,681859,1,13,55,11
UK,27,681829,1,13,55,10
CA,10,681689,1,13,55,5
CA,9,681823,1,13,55,10
CA,18,681690,1,13,55,5
EIE,20,681860,1,13,55,11
CA,14,681823,1,13,55,10
USC,29,681644,1,13,55,4
CA,17,681823,1,13,55,10
CA,18,681823,1,13,55,10
CA,8,681678,1,13,55,5
ASN,3,681721,1,13,55,6
CA,12,681657,1,13,55,4
CA,14,681689,1,13,55,5
EIE,20,681600,1,13,55,2
CA,12,681868,1,13,55,11
CA,17,681683,1,13,55,5
CA,11,681845,1,13,55,10
CA,15,681669,1,13,55,5
CA,17,681681,1,13,55,5
GM,22,681839,1,13,55,10
CA,8,681845,1,13,55,10
CA,8,681668,1,13,55,5
USC,29,681842,1,13,55,10
CA,18,681839,1,13,55,10
CA,14,681843,1,13,55,10
CA,8,681818,1,13,55,10
CA,9,681818,1,13,55,10
CA,11,681818,1,13,55,10
CA,11,681683,1,13,55,5
BE,7,681845,1,13,55,10
UK,27,681838,1,13,55,10
UK,27,681845,1,13,55,10
CA,16,681666,1,13,55,5
CA,8,681839,1,13,55,10
CA,17,681818,1,13,55,10
EIE,20,681607,1,13,55,3
CA,17,681841,1,13,55,10
CA,13,681903,1,13,55,12
CA,11,681841,1,13,55,10
CA,16,681840,1,13,55,10
CA,11,681840,1,13,55,10
CA,12,681840,1,13,55,10
CA,12,681602,1,13,55,3
EIE,20,681602,1,13,55,3
EI,19,681844,1,13,55,10
EI,19,681627,1,13,55,3
UK,28,681644,1,13,55,4
UK,28,681834,1,13,55,10
UK,28,681820,1,13,55,10
EI,19,681595,1,13,55,2
SZ,26,681793,1,13,55,9
AU,6,681819,1,13,55,10
EI,19,681841,1,13,55,10
AU,6,681830,1,13,55,10
UK,28,681639,1,13,55,4
UK,28,681686,1,13,55,5
SZ,26,681769,1,13,55,8
GM,22,681837,1,13,55,10
EZE,21,681640,1,13,55,4
EI,19,681646,1,13,55,4
GM,22,681816,1,13,55,10
EI,19,681644,1,13,55,4
ITE,24,681852,1,13,55,11
ASN,4,681725,1,13,55,7
GM,22,681662,1,13,55,4
ITE,25,681617,1,13,55,3
ITE,25,681631,1,13,55,3
ASN,4,681728,1,13,55,7
UK,28,681833,1,13,55,10
EZE,21,681830,1,13,55,10
ITE,24,681861,1,13,55,11
UK,28,681548,1,13,55,1
SZ,26,681776,1,13,55,8
BE,7,681625,1,13,55,3
GME,23,681835,1,13,55,10
ITE,24,681593,1,13,55,2
EI,19,681650,1,13,55,4
UK,28,681838,1,13,56,10
EI,19,681686,1,13,56,5
BE,7,681624,1,13,56,3
AU,6,681629,1,13,56,3
AU,6,681650,1,13,56,4
ASN,2,681753,1,13,56,7
GM,22,681647,1,13,56,4
GME,23,681836,1,13,56,10
GM,22,681810,1,13,56,9
ITE,25,681828,1,13,56,10
AU,6,681810,1,13,56,9
UK,28,681626,1,13,56,3
GM,22,681589,1,13,56,2
BE,7,681646,1,13,56,4
EZE,21,681709,1,13,56,6
EI,19,681624,1,13,56,3
UK,28,681842,1,13,56,10
EI,19,681647,1,13,56,4
ITE,25,681616,1,13,56,3
ASN,2,681755,1,13,56,8
EI,19,681685,1,13,56,5
UK,28,681653,1,13,56,4
EI,19,681645,1,13,56,4
ITE,25,681663,1,13,56,5
UK,28,681632,1,13,56,3
CA,15,681650,1,13,56,4
CA,17,681658,1,13,56,4
UK,27,681658,1,13,56,4
CA,12,681818,1,13,56,10
CA,14,681687,1,13,56,5
USC,29,681857,1,13,56,11
USC,29,681843,1,13,56,10
CA,17,681687,1,13,56,5
CA,10,681844,1,13,56,10
UK,27,681816,1,13,56,10
CA,16,681650,1,13,56,4
CA,14,681844,1,13,56,10
GM,22,681676,1,13,56,5
UK,27,681824,1,13,56,10
USC,29,681854,1,13,56,11
USC,29,681838,1,13,56,10
CA,12,681683,1,13,56,5
EIE,20,681858,1,13,56,11
CA,11,681658,1,13,56,4
CA,14,681658,1,13,56,4
CA,14,681647,1,13,56,4
EIE,20,681861,1,13,56,11
EI,19,681592,1,13,56,2
EIE,20,681832,1,13,56,10
USC,29,681870,1,13,56,11
CA,18,681811,1,13,56,9
UK,28,681568,1,13,56,1
EIE,20,681675,1,13,56,5
CA,15,681651,1,13,56,4
UK,28,681827,1,13,56,10
CA,12,681823,1,13,56,10
CA,11,681648,1,13,56,4
EIE,20,681590,1,13,56,2
CA,15,681824,1,13,56,10
CA,15,681843,1,13,56,10
UK,28,681890,1,13,56,12
EI,19,681569,1,13,56,1
CA,17,681808,1,13,56,9
CA,18,681843,1,13,56,10
EIE,20,681841,1,13,56,10
CA,12,681827,1,13,56,10
CA,8,681676,1,13,56,5
CA,16,681654,1,13,56,4
EIE,20,681588,1,13,56,2
CA,8,681830,1,13,56,10
EIE,20,681641,1,13,56,4
CA,17,681682,1,13,56,5
CA,18,681651,1,13,56,4
CA,11,681826,1,13,56,10
CA,14,681644,1,13,56,4
CA,14,681845,1,13,56,10
EIE,20,681599,1,13,56,2
ASN,3,681735,1,13,56,7
USC,29,681633,1,13,56,4
UK,28,681889,1,13,56,12
EZE,21,681680,1,13,56,5
CA,18,681662,1,13,56,4
UK,27,681820,1,13,56,10
EIE,20,681629,1,13,56,3
ASN,3,681753,1,13,56,7
EIE,20,681838,1,13,56,10
USC,29,681847,1,13,56,11
EIE,20,681834,1,13,56,10
EI,19,681623,1,13,56,3
EIE,20,681852,1,13,56,11
EIE,20,681632,1,13,56,3
CA,14,681666,1,13,56,5
UK,27,681815,1,13,56,9
CA,15,681847,1,13,56,11
CA,14,681847,1,13,56,11
USC,29,681635,1,13,56,4
GME,23,681684,1,13,56,5
EIE,20,681835,1,13,56,10
EZE,21,681846,1,13,56,10
GME,23,681702,1,13,56,6
CA,13,681679,1,13,56,5
EI,19,681570,1,13,56,1
CA,17,681799,1,13,56,9
EIE,20,681849,1,13,56,11
ASN,4,681738,1,13,56,7
EIE,20,681844,1,13,56,10
ASN,3,681741,1,13,56,7
CA,16,681903,1,13,56,12
CA,14,681850,1,13,56,11
CA,9,681820,1,13,56,10
CA,17,681819,1,13,56,10
CA,12,681903,1,13,56,12
CA,14,681848,1,13,56,11
EIE,20,681820,1,13,56,10
CA,18,681819,1,13,56,10
CA,17,681671,1,13,56,5
CA,8,681633,1,13,56,4
AU,6,681835,1,13,56,10
ITE,25,681864,1,13,56,11
AU,6,681627,1,13,56,3
EZE,21,681710,1,13,56,6
ASN,4,681797,1,13,56,9
EI,19,681678,1,13,56,5
UK,28,681839,1,13,56,10
ASN,2,681756,1,13,56,8
AU,6,681610,1,13,56,3
ITE,24,681856,1,13,56,11
AU,6,681803,1,14,56,9
AU,6,681732,1,14,56,7
SZ,26,681764,1,14,56,8
BE,7,681834,1,14,56,10
AU,6,681679,1,14,56,5
ASN,4,681747,1,14,56,7
AU,6,681630,1,14,56,3
AU,6,681845,1,14,56,10
ASN,2,681754,1,14,56,7
EI,19,681648,1,14,56,4
EI,19,681821,1,14,56,10
GME,23,681646,1,14,56,4
EI,19,681659,1,14,56,4
ITE,25,681851,1,14,56,11
GME,23,681814,1,14,56,9
AU,6,681645,1,14,56,4
BE,7,681654,1,14,56,4
EZE,21,681836,1,14,56,10
BE,7,681628,1,14,56,3
EZE,21,681813,1,14,56,9
ITE,25,681613,1,14,56,3
ASN,4,681726,1,14,56,7
GM,22,681861,1,14,56,11
GM,22,681661,1,14,56,4
GME,23,681810,1,14,56,9
GM,22,681829,1,14,56,10
AU,6,681628,1,14,56,3
EI,19,681638,1,14,57,4
SZ,26,681742,1,14,57,7
SZ,26,681744,1,14,57,7
EI,19,681642,1,14,57,4
ITE,25,681595,1,14,57,2
ASN,2,681757,1,14,57,8
ASN,4,681819,1,14,57,10
EI,19,681636,1,14,57,4
EI,19,681876,1,14,57,11
EI,19,681640,1,14,57,4
EI,19,681824,1,14,57,10
GM,22,681834,1,14,57,10
EZE,21,681646,1,14,57,4
GME,23,681590,1,14,57,2
UK,28,681821,1,14,57,10
EZE,21,681647,1,14,57,4
UK,28,681659,1,14,57,4
GME,23,681625,1,14,57,3
BE,7,681590,1,14,57,2
BE,7,681836,1,14,57,10
ITE,24,681849,1,14,57,11
GME,23,681658,1,14,57,4
GME,23,681680,1,14,57,5
GME,23,681731,1,14,57,7
GM,22,681625,1,14,57,3
UK,28,681624,1,14,57,3
ITE,24,681594,1,14,57,2
GM,22,681684,1,14,57,5
UK,28,681651,1,14,57,4
GM,22,681630,1,14,57,3
UK,28,681658,1,14,57,4
ITE,25,681628,1,14,57,3
SZ,26,681763,1,14,57,8
CA,15,681841,1,14,57,10
CA,16,681838,1,14,57,10
CA,15,681846,1,14,57,10
CA,17,681826,1,14,57,10
SZ,26,681765,1,14,57,8
EIE,20,681649,1,14,57,4
CA,16,681841,1,14,57,10
CA,11,681825,1,14,57,10
CA,13,681866,1,14,57,11
EIE,20,681847,1,14,57,11
CA,18,681826,1,14,57,10
CA,12,681826,1,14,57,10
CA,18,681841,1,14,57,10
CA,10,681848,1,14,57,11
CA,15,681825,1,14,57,10
CA,10,681652,1,14,57,4
CA,17,681845,1,14,57,10
EIE,20,681592,1,14,57,2
EIE,20,681846,1,14,57,10
CA,18,681799,1,14,57,9
EIE,20,681606,1,14,57,3
CA,12,681641,1,14,57,4
ASN,3,681756,1,14,57,8
CA,16,681633,1,14,57,4
EIE,20,681640,1,14,57,4
CA,13,681640,1,14,57,4
CA,12,681640,1,14,57,4
ASN,4,681760,1,14,57,8
ASN,3,681726,1,14,57,7
ASN,3,681802,1,14,57,9
UK,27,681633,1,14,57,4
EZE,21,681833,1,14,57,10
CA,14,681830,1,14,57,10
UK,27,681638,1,14,57,4
ASN,3,681727,1,14,57,7
EIE,20,681833,1,14,57,10
ASN,3,681759,1,14,57,8
EIE,20,681853,1,14,57,11
EIE,20,681635,1,14,57,4
CA,16,681679,1,14,57,5
EIE,20,681831,1,14,57,10
SZ,26,681787,1,14,57,9
CA,15,681855,1,14,57,11
UK,27,681831,1,14,57,10
UK,28,681635,1,14,57,4
ASN,3,681792,1,14,57,9
CA,11,681830,1,14,57,10
CA,10,681830,1,14,57,10
CA,13,681839,1,14,57,10
CA,8,681648,1,14,57,4
UK,27,681827,1,14,57,10
USC,29,681682,1,14,57,5
UK,28,681647,1,14,57,4
EIE,20,681842,1,14,57,10
CA,10,681828,1,14,57,10
EIE,20,681646,1,14,57,4
CA,13,681685,1,14,57,5
ASN,4,681683,1,14,57,5
CA,11,681829,1,14,57,10
BE,7,681645,1,14,57,4
CA,14,681829,1,14,57,10
BE,7,681835,1,14,57,10
CA,18,681644,1,14,57,4
EIE,20,681630,1,14,57,3
CA,15,681678,1,14,57,5
CA,11,681644,1,14,57,4
EI,19,681834,1,14,57,10
EI,19,681723,1,14,57,6
CA,10,681632,1,14,57,3
CA,12,681643,1,14,57,4
ASN,4,681808,1,14,57,9
EIE,20,681604,1,14,57,3
EI,19,681632,1,14,57,3
CA,18,681678,1,14,57,5
CA,17,681648,1,14,57,4
CA,9,681684,1,14,57,5
ITE,25,681866,1,14,57,11
EIE,20,681674,1,14,57,5
EZE,21,681654,1,14,57,4
BE,7,681588,1,14,57,2
CA,9,681675,1,14,57,5
CA,12,681661,1,14,57,4
EIE,20,681822,1,14,57,10
CA,11,681661,1,14,57,4
CA,16,681820,1,14,57,10
CA,12,681663,1,14,57,5
CA,10,681674,1,14,57,5
EIE,20,681824,1,14,57,10
USC,29,681874,1,14,57,11
CA,13,681868,1,14,57,11
UK,27,681707,1,14,57,6
CA,18,681672,1,14,57,5
CA,10,681675,1,14,57,5
EI,19,681574,1,14,57,2
CA,18,681673,1,14,57,5
ASN,4,681710,1,14,57,6
CA,10,681823,1,14,57,10
CA,12,681670,1,14,57,5
CA,12,681659,1,14,57,4
UK,27,681663,1,14,57,5
CA,16,681657,1,14,57,4
CA,10,681822,1,14,57,10
CA,16,681659,1,14,57,4
CA,16,681818,1,14,57,10
EIE,20,681819,1,14,57,10
CA,9,681661,1,14,57,4
CA,13,681818,1,14,57,10
USC,29,681815,1,14,57,9
CA,12,681869,1,14,57,11
ASN,3,681712,1,14,57,6
ITE,24,681821,1,14,57,10
ITE,24,681865,1,14,57,11
GME,23,681842,1,14,57,10
GM,22,681838,1,14,57,10
ITE,24,681634,1,14,57,4
BE,7,681816,1,14,57,10
EZE,21,681627,1,14,57,3
EZE,21,681834,1,14,57,10
ITE,24,681613,1,14,57,3
ITE,25,681833,1,14,57,10
GM,22,681590,1,14,57,2
GME,23,681837,1,14,57,10
ITE,24,681826,1,14,57,10
GM,22,681667,1,14,57,5
ASN,4,681704,1,14,57,6
ITE,24,681888,1,14,57,12
AU,6,681622,1,14,57,3
GM,22,681658,1,14,57,4
AU,6,681834,1,14,57,10
ASN,4,681790,1,14,57,9
ASN,2,681792,1,14,57,9
EI,19,681662,1,14,57,4
BE,7,681809,1,14,57,9
ITE,25,681594,1,14,57,2
BE,7,681812,1,14,57,9
UK,28,681748,1,14,57,7
BE,7,681811,1,14,57,9
BE,7,681828,1,14,57,10
GM,22,681708,1,14,57,6
GME,23,681816,1,14,57,10
ASN,3,681810,1,14,58,9
UK,28,681801,1,14,58,9
ITE,25,681863,1,14,58,11
EI,19,681816,1,14,58,10
EI,19,681626,1,14,58,3
BE,7,681810,1,14,58,9
UK,28,681678,1,14,58,5
ITE,25,681843,1,14,58,10
ASN,2,681758,1,14,58,8
ITE,24,681632,1,14,58,3
ASN,3,681754,1,14,58,7
ASN,4,681721,1,14,58,6
ITE,25,681856,1,14,58,11
EI,19,681828,1,14,58,10
UK,28,681844,1,14,58,10
GM,22,681663,1,14,58,5
EI,19,681810,1,14,58,9
ASN,4,681711,1,14,58,6
BE,7,681627,1,14,58,3
ASN,4,681723,1,14,58,6
EI,19,681817,1,14,58,10
ASN,2,681775,1,14,58,8
EI,19,681831,1,14,58,10
ITE,25,681630,1,14,58,3
ASN,4,681759,1,14,58,8
ASN,4,681792,1,14,58,9
ASN,4,681765,1,14,58,8
AU,6,681654,1,14,58,4
ITE,25,681633,1,14,58,4
ASN,2,681732,1,14,58,7
ASN,4,681776,1,14,58,8
EI,19,681639,1,14,58,4
EIE,20,681636,1,14,58,4
CA,12,681820,1,14,58,10
EI,19,681674,1,14,58,5
EIE,20,681830,1,14,58,10
ASN,3,681760,1,14,58,8
AU,6,681640,1,14,58,4
EIE,20,681823,1,14,58,10
CA,10,681850,1,14,58,11
EZE,21,681832,1,14,58,10
USC,29,681828,1,14,58,10
CA,13,681820,1,14,58,10
CA,14,681855,1,14,58,11
GME,23,681630,1,14,58,3
CA,15,681812,1,14,58,9
EIE,20,681855,1,14,58,11
USC,29,681821,1,14,58,10
GME,23,681663,1,14,58,5
EIE,20,681639,1,14,58,4
CA,11,681682,1,14,58,5
CA,10,681856,1,14,58,11
EIE,20,681848,1,14,58,11
EIE,20,681597,1,14,58,2
CA,12,681872,1,14,58,11
CA,15,681647,1,14,58,4
CA,18,681647,1,14,58,4
CA,18,681848,1,14,58,11
GM,22,681753,1,14,58,7
UK,27,681659,1,14,58,4
ASN,4,681690,1,14,58,5
UK,27,681678,1,14,58,5
CA,15,681850,1,14,58,11
CA,11,681823,1,14,58,10
EIE,20,681790,1,14,58,9
CA,13,681853,1,14,58,11
CA,10,681658,1,14,58,4
UK,27,681632,1,14,58,3
CA,18,681829,1,14,58,10
USC,29,681642,1,14,58,4
EIE,20,681821,1,14,58,10
USC,29,681643,1,14,58,4
EIE,20,681808,1,14,58,9
CA,8,681823,1,14,58,10
EIE,20,681631,1,14,58,3
ASN,4,681734,1,14,58,7
CA,18,681680,1,14,58,5
EIE,20,681829,1,14,58,10
ASN,3,681809,1,14,58,9
CA,15,681829,1,14,58,10
CA,14,681686,1,14,58,5
ASN,3,681734,1,14,58,7
EIE,20,681645,1,14,58,4
CA,18,681850,1,14,58,11
CA,14,681854,1,14,58,11
CA,14,681645,1,14,58,4
USC,29,681872,1,14,58,11
CA,17,681662,1,14,58,4
USC,29,681657,1,14,58,4
CA,18,681679,1,14,58,5
CA,17,681686,1,14,58,5
ASN,3,681722,1,14,58,6
CA,10,681680,1,14,58,5
EIE,20,681634,1,14,58,4
EIE,20,681814,1,14,58,9
CA,17,681689,1,14,58,5
CA,17,681811,1,14,58,9
CA,12,681654,1,14,58,4
CA,15,681818,1,14,58,10
CA,11,681869,1,14,58,11
CA,9,681670,1,14,58,5
USC,29,681839,1,14,58,10
CA,14,681869,1,14,58,11
EIE,20,681818,1,14,58,10
EIE,20,681603,1,14,58,3
ASN,3,681799,1,14,58,9
UK,27,681655,1,14,58,4
EIE,20,681593,1,14,58,2
CA,18,681844,1,14,58,10
ASN,4,681783,1,14,58,8
CA,17,681825,1,14,58,10
EIE,20,681845,1,14,58,10
CA,13,681841,1,14,58,10
USC,29,681845,1,14,58,10
ASN,3,681714,1,14,58,6
CA,12,681841,1,14,58,10
CA,8,681675,1,14,58,5
CA,12,681799,1,14,58,9
ASN,3,681776,1,14,58,8
CA,10,681681,1,14,58,5
CA,16,681844,1,14,58,10
CA,12,681844,1,14,58,10
CA,8,681844,1,14,58,10
USC,29,681841,1,14,58,10
UK,27,681654,1,14,58,4
CA,17,681824,1,14,58,10
CA,17,681842,1,14,58,10
ASN,4,681775,1,14,58,8
GME,23,681839,1,14,58,10
EIE,20,681839,1,14,58,10
CA,11,681843,1,14,58,10
CA,12,681824,1,14,58,10
CA,16,681843,1,14,58,10
USC,29,681667,1,14,58,5
CA,14,681651,1,14,58,4
CA,14,681795,1,14,58,9
CA,10,681683,1,14,58,5
EIE,20,681825,1,14,58,10
EIE,20,681843,1,14,58,10
EIE,20,681605,1,14,58,3
CA,10,681818,1,14,58,10
CA,8,681816,1,14,58,10
EIE,20,681676,1,14,58,5
CA,14,681811,1,14,58,9
CA,14,681799,1,14,58,9
BE,7,681838,1,14,58,10
UK,27,681683,1,14,58,5
ASN,4,681811,1,14,58,9
CA,14,681682,1,14,58,5
CA,11,681847,1,14,58,11
CA,15,681675,1,14,58,5
CA,16,681682,1,14,58,5
EIE,20,681654,1,14,58,4
USC,29,681670,1,14,58,5
EIE,20,681595,1,14,58,2
EIE,20,681815,1,14,58,9
ASN,4,681777,1,14,58,8
CA,18,681684,1,14,58,5
CA,18,681648,1,14,58,4
EIE,20,681648,1,14,58,4
EIE,20,681827,1,14,58,10
CA,13,681825,1,14,58,10
CA,15,681819,1,14,58,10
ASN,3,681768,1,14,58,8
EIE,20,681589,1,14,58,2
USC,29,681816,1,14,58,10
UK,28,681840,1,14,58,10
EI,19,681593,1,14,58,2
BE,7,681665,1,14,58,5
ASN,4,681733,1,14,58,7
ITE,25,681618,1,14,58,3
GME,23,681659,1,14,58,4
ASN,4,681724,1,14,58,7
EZE,21,681664,1,14,58,5
ASN,4,681722,1,14,58,6
BE,7,681817,1,14,58,10
BE,7,681708,1,14,58,6
GME,23,681753,1,14,58,7
BE,7,681860,1,14,58,11
ASN,4,681787,1,14,58,9
AU,6,681643,1,14,58,4
EZE,21,681835,1,14,58,10
EZE,21,681707,1,14,58,6
GM,22,681710,1,14,58,6
BE,7,681837,1,15,58,10
AU,6,681647,1,15,58,4
UK,28,681860,1,15,58,11
EI,19,681738,1,15,58,7
ITE,25,681634,1,15,58,4
GM,22,681655,1,15,58,4
GM,22,681833,1,15,58,10
EI,19,681708,1,15,58,6
SZ,26,681772,1,15,58,8
EI,19,681830,1,15,58,10
EI,19,681688,1,15,58,5
UK,28,681673,1,15,58,5
ASN,4,681737,1,15,58,7
EZE,21,681628,1,15,58,3
SZ,26,681766,1,15,58,8
BE,7,681861,1,15,58,11
BE,7,681626,1,15,58,3
ITE,25,681848,1,15,58,11
ASN,2,681737,1,15,58,7
ITE,24,681592,1,15,59,2
ITE,24,681614,1,15,59,3
EI,19,681649,1,15,59,4
ITE,25,681810,1,15,59,9
EI,19,681825,1,15,59,10
UK,28,681808,1,15,59,9
UK,28,681816,1,15,59,10
GME,23,681758,1,15,59,8
EI,19,681846,1,15,59,10
SZ,26,681705,1,15,59,6
ASN,4,681713,1,15,59,6
SZ,26,681767,1,15,59,8
GM,22,681814,1,15,59,9
BE,7,681679,1,15,59,5
ASN,4,681664,1,15,59,5
ITE,25,681823,1,15,59,10
ITE,25,681826,1,15,59,10
ASN,4,681756,1,15,59,8
GME,23,681841,1,15,59,10
ASN,4,681689,1,15,59,5
ASN,2,681684,1,15,59,5
GM,22,681646,1,15,59,4
AU,6,681846,1,15,59,10
ASN,4,681768,1,15,59,8
CA,13,681682,1,15,59,5
CA,10,681854,1,15,59,11
ASN,4,681682,1,15,59,5
EIE,20,681840,1,15,59,10
CA,9,681840,1,15,59,10
CA,17,681854,1,15,59,11
EIE,20,681854,1,15,59,11
CA,10,681682,1,15,59,5
ASN,3,681728,1,15,59,7
CA,17,681855,1,15,59,11
ASN,4,681706,1,15,59,6
EIE,20,681812,1,15,59,9
AU,6,681832,1,15,59,10
CA,9,681855,1,15,59,11
EIE,20,681793,1,15,59,9
UK,27,681748,1,15,59,7
UK,27,681636,1,15,59,4
AU,6,681840,1,15,59,10
ASN,5,681730,1,15,59,7
CA,13,681840,1,15,59,10
CA,13,681837,1,15,59,10
ITE,25,681821,1,15,59,10
CA,11,681819,1,15,59,10
UK,27,681835,1,15,59,10
AU,6,681838,1,15,59,10
AU,6,681836,1,15,59,10
CA,12,681819,1,15,59,10
EIE,20,681836,1,15,59,10
UK,27,681837,1,15,59,10
CA,16,681846,1,15,59,10
ASN,3,681738,1,15,59,7
CA,16,681819,1,15,59,10
CA,11,681850,1,15,59,11
ASN,5,681738,1,15,59,7
CA,10,681847,1,15,59,11
CA,17,681848,1,15,59,11
CA,14,681815,1,15,59,9
CA,8,681820,1,15,59,10
CA,11,681848,1,15,59,11
CA,8,681671,1,15,59,5
CA,18,681847,1,15,59,11
CA,17,681847,1,15,59,11
CA,16,681799,1,15,59,9
CA,11,681580,1,15,59,2
CA,17,681680,1,15,59,5
