,placeID,Rpayment,latitude,longitude,the_geom_meter,name,address,city,state,country,fax,zip,alcohol,smoking_area,dress_code,accessibility,price,url,Rambience,franchise,area,other_services,Rcuisine,hours,days,parking_lot
0,135109,cash,18.9217848,-99.2353499,0101000020957F0000A6BF695F136F5AC1DADF87B205564A41,Paniroles,?,?,?,?,?,?,Wine-Beer,not permitted,informal,no_accessibility,medium,?,quiet,f,closed,Internet,Italian,08:00-21:00;,Mon;Tue;Wed;Thu;Fri;,none
1,135109,cash,18.9217848,-99.2353499,0101000020957F0000A6BF695F136F5AC1DADF87B205564A41,Paniroles,?,?,?,?,?,?,Wine-Beer,not permitted,informal,no_accessibility,medium,?,quiet,f,closed,Internet,Italian,08:00-21:00;,Sat;,none
2,135109,cash,18.9217848,-99.2353499,0101000020957F0000A6BF695F136F5AC1DADF87B205564A41,Paniroles,?,?,?,?,?,?,Wine-Beer,not permitted,informal,no_accessibility,medium,?,quiet,f,closed,Internet,Italian,08:00-21:00;,Sun;,none
3,135106,cash,22.149708800000003,-100.97609279999999,0101000020957F0000649D6F21634858C119AE9BF528A34B41,El Rincón de San Francisco,Universidad 169,San Luis Potosi,San Luis Potosi,Mexico,?,78000,Wine-Beer,only at bar,informal,partially,medium,?,familiar,f,open,none,Mexican,18:00-23:30;,Mon;Tue;Wed;Thu;Fri;,none
4,135106,cash,22.149708800000003,-100.97609279999999,0101000020957F0000649D6F21634858C119AE9BF528A34B41,El Rincón de San Francisco,Universidad 169,San Luis Potosi,San Luis Potosi,Mexico,?,78000,Wine-Beer,only at bar,informal,partially,medium,?,familiar,f,open,none,Mexican,18:00-23:30;,Sat;,none
5,135106,cash,22.149708800000003,-100.97609279999999,0101000020957F0000649D6F21634858C119AE9BF528A34B41,El Rincón de San Francisco,Universidad 169,San Luis Potosi,San Luis Potosi,Mexico,?,78000,Wine-Beer,only at bar,informal,partially,medium,?,familiar,f,open,none,Mexican,18:00-21:00;,Sun;,none
6,135106,VISA,22.149708800000003,-100.97609279999999,0101000020957F0000649D6F21634858C119AE9BF528A34B41,El Rincón de San Francisco,Universidad 169,San Luis Potosi,San Luis Potosi,Mexico,?,78000,Wine-Beer,only at bar,informal,partially,medium,?,familiar,f,open,none,Mexican,18:00-23:30;,Mon;Tue;Wed;Thu;Fri;,none
7,135106,VISA,22.149708800000003,-100.97609279999999,0101000020957F0000649D6F21634858C119AE9BF528A34B41,El Rincón de San Francisco,Universidad 169,San Luis Potosi,San Luis Potosi,Mexico,?,78000,Wine-Beer,only at bar,informal,partially,medium,?,familiar,f,open,none,Mexican,18:00-23:30;,Sat;,none
8,135106,VISA,22.149708800000003,-100.97609279999999,0101000020957F0000649D6F21634858C119AE9BF528A34B41,El Rincón de San Francisco,Universidad 169,San Luis Potosi,San Luis Potosi,Mexico,?,78000,Wine-Beer,only at bar,informal,partially,medium,?,familiar,f,open,none,Mexican,18:00-21:00;,Sun;,none
9,135106,MasterCard-Eurocard,22.149708800000003,-100.97609279999999,0101000020957F0000649D6F21634858C119AE9BF528A34B41,El Rincón de San Francisco,Universidad 169,San Luis Potosi,San Luis Potosi,Mexico,?,78000,Wine-Beer,only at bar,informal,partially,medium,?,familiar,f,open,none,Mexican,18:00-23:30;,Mon;Tue;Wed;Thu;Fri;,none
10,135106,MasterCard-Eurocard,22.149708800000003,-100.97609279999999,0101000020957F0000649D6F21634858C119AE9BF528A34B41,El Rincón de San Francisco,Universidad 169,San Luis Potosi,San Luis Potosi,Mexico,?,78000,Wine-Beer,only at bar,informal,partially,medium,?,familiar,f,open,none,Mexican,18:00-23:30;,Sat;,none
11,135106,MasterCard-Eurocard,22.149708800000003,-100.97609279999999,0101000020957F0000649D6F21634858C119AE9BF528A34B41,El Rincón de San Francisco,Universidad 169,San Luis Potosi,San Luis Potosi,Mexico,?,78000,Wine-Beer,only at bar,informal,partially,medium,?,familiar,f,open,none,Mexican,18:00-21:00;,Sun;,none
12,135104,cash,23.752982100000004,-99.16843409999998,0101000020957F00007CDF5EAFC58157C1645743B23E4F4941,vips,?,?,?,?,?,?,Full_Bar,not permitted,informal,completely,medium,?,familiar,t,closed,variety,Mexican,00:00-23:30;,Mon;Tue;Wed;Thu;Fri;,yes
13,135104,cash,23.752982100000004,-99.16843409999998,0101000020957F00007CDF5EAFC58157C1645743B23E4F4941,vips,?,?,?,?,?,?,Full_Bar,not permitted,informal,completely,medium,?,familiar,t,closed,variety,Mexican,00:00-23:30;,Sat;,yes
14,135104,cash,23.752982100000004,-99.16843409999998,0101000020957F00007CDF5EAFC58157C1645743B23E4F4941,vips,?,?,?,?,?,?,Full_Bar,not permitted,informal,completely,medium,?,familiar,t,closed,variety,Mexican,00:00-23:30;,Sun;,yes
15,135104,VISA,23.752982100000004,-99.16843409999998,0101000020957F00007CDF5EAFC58157C1645743B23E4F4941,vips,?,?,?,?,?,?,Full_Bar,not permitted,informal,completely,medium,?,familiar,t,closed,variety,Mexican,00:00-23:30;,Mon;Tue;Wed;Thu;Fri;,yes
16,135104,VISA,23.752982100000004,-99.16843409999998,0101000020957F00007CDF5EAFC58157C1645743B23E4F4941,vips,?,?,?,?,?,?,Full_Bar,not permitted,informal,completely,medium,?,familiar,t,closed,variety,Mexican,00:00-23:30;,Sat;,yes
17,135104,VISA,23.752982100000004,-99.16843409999998,0101000020957F00007CDF5EAFC58157C1645743B23E4F4941,vips,?,?,?,?,?,?,Full_Bar,not permitted,informal,completely,medium,?,familiar,t,closed,variety,Mexican,00:00-23:30;,Sun;,yes
18,135104,MasterCard-Eurocard,23.752982100000004,-99.16843409999998,0101000020957F00007CDF5EAFC58157C1645743B23E4F4941,vips,?,?,?,?,?,?,Full_Bar,not permitted,informal,completely,medium,?,familiar,t,closed,variety,Mexican,00:00-23:30;,Mon;Tue;Wed;Thu;Fri;,yes
19,135104,MasterCard-Eurocard,23.752982100000004,-99.16843409999998,0101000020957F00007CDF5EAFC58157C1645743B23E4F4941,vips,?,?,?,?,?,?,Full_Bar,not permitted,informal,completely,medium,?,familiar,t,closed,variety,Mexican,00:00-23:30;,Sat;,yes
20,135104,MasterCard-Eurocard,23.752982100000004,-99.16843409999998,0101000020957F00007CDF5EAFC58157C1645743B23E4F4941,vips,?,?,?,?,?,?,Full_Bar,not permitted,informal,completely,medium,?,familiar,t,closed,variety,Mexican,00:00-23:30;,Sun;,yes
21,135088,cash,18.876011300000002,-99.2198896,0101000020957F0000E14AD4DBC7765AC1F7B33C85B1534A41,Cafeteria cenidet,Interior Internado Palmira SN,Cuernavaca,Morelos,Mexico,?,?,No_Alcohol_Served,not permitted,informal,no_accessibility,low,www.cenidet.edu.mx,quiet,f,closed,none,Cafeteria,09:00-16:00;,Mon;Tue;Wed;Thu;Fri;,public
22,135088,cash,18.876011300000002,-99.2198896,0101000020957F0000E14AD4DBC7765AC1F7B33C85B1534A41,Cafeteria cenidet,Interior Internado Palmira SN,Cuernavaca,Morelos,Mexico,?,?,No_Alcohol_Served,not permitted,informal,no_accessibility,low,www.cenidet.edu.mx,quiet,f,closed,none,Cafeteria,00:00-00:00;,Sat;,public
23,135088,cash,18.876011300000002,-99.2198896,0101000020957F0000E14AD4DBC7765AC1F7B33C85B1534A41,Cafeteria cenidet,Interior Internado Palmira SN,Cuernavaca,Morelos,Mexico,?,?,No_Alcohol_Served,not permitted,informal,no_accessibility,low,www.cenidet.edu.mx,quiet,f,closed,none,Cafeteria,00:00-00:00;,Sun;,public
24,135086,cash,22.141420999999998,-101.01395500000001,0101000020957F0000FA1A0E5A9B4858C17C884C4173AE4B41,Mcdonalds Parque Tangamanga,Lateral Salvador Nava Martinez 3145,San Luis Potosi,SLP,Mexico,?,78290,No_Alcohol_Served,not permitted,informal,no_accessibility,medium,?,familiar,t,closed,none,Burgers,08:00-23:00;,Mon;Tue;Wed;Thu;Fri;,yes
25,135086,cash,22.141420999999998,-101.01395500000001,0101000020957F0000FA1A0E5A9B4858C17C884C4173AE4B41,Mcdonalds Parque Tangamanga,Lateral Salvador Nava Martinez 3145,San Luis Potosi,SLP,Mexico,?,78290,No_Alcohol_Served,not permitted,informal,no_accessibility,medium,?,familiar,t,closed,none,Burgers,08:00-23:00;,Sat;,yes
26,135086,cash,22.141420999999998,-101.01395500000001,0101000020957F0000FA1A0E5A9B4858C17C884C4173AE4B41,Mcdonalds Parque Tangamanga,Lateral Salvador Nava Martinez 3145,San Luis Potosi,SLP,Mexico,?,78290,No_Alcohol_Served,not permitted,informal,no_accessibility,medium,?,familiar,t,closed,none,Burgers,08:00-23:00;,Sun;,yes
27,135086,cash,22.141420999999998,-101.01395500000001,0101000020957F0000FA1A0E5A9B4858C17C884C4173AE4B41,Mcdonalds Parque Tangamanga,Lateral Salvador Nava Martinez 3145,San Luis Potosi,SLP,Mexico,?,78290,No_Alcohol_Served,not permitted,informal,no_accessibility,medium,?,familiar,t,closed,none,Fast_Food,08:00-23:00;,Mon;Tue;Wed;Thu;Fri;,yes
28,135086,cash,22.141420999999998,-101.01395500000001,0101000020957F0000FA1A0E5A9B4858C17C884C4173AE4B41,Mcdonalds Parque Tangamanga,Lateral Salvador Nava Martinez 3145,San Luis Potosi,SLP,Mexico,?,78290,No_Alcohol_Served,not permitted,informal,no_accessibility,medium,?,familiar,t,closed,none,Fast_Food,08:00-23:00;,Sat;,yes
29,135086,cash,22.141420999999998,-101.01395500000001,0101000020957F0000FA1A0E5A9B4858C17C884C4173AE4B41,Mcdonalds Parque Tangamanga,Lateral Salvador Nava Martinez 3145,San Luis Potosi,SLP,Mexico,?,78290,No_Alcohol_Served,not permitted,informal,no_accessibility,medium,?,familiar,t,closed,none,Fast_Food,08:00-23:00;,Sun;,yes
30,135086,VISA,22.141420999999998,-101.01395500000001,0101000020957F0000FA1A0E5A9B4858C17C884C4173AE4B41,Mcdonalds Parque Tangamanga,Lateral Salvador Nava Martinez 3145,San Luis Potosi,SLP,Mexico,?,78290,No_Alcohol_Served,not permitted,informal,no_accessibility,medium,?,familiar,t,closed,none,Burgers,08:00-23:00;,Mon;Tue;Wed;Thu;Fri;,yes
31,135086,VISA,22.141420999999998,-101.01395500000001,0101000020957F0000FA1A0E5A9B4858C17C884C4173AE4B41,Mcdonalds Parque Tangamanga,Lateral Salvador Nava Martinez 3145,San Luis Potosi,SLP,Mexico,?,78290,No_Alcohol_Served,not permitted,informal,no_accessibility,medium,?,familiar,t,closed,none,Burgers,08:00-23:00;,Sat;,yes
32,135086,VISA,22.141420999999998,-101.01395500000001,0101000020957F0000FA1A0E5A9B4858C17C884C4173AE4B41,Mcdonalds Parque Tangamanga,Lateral Salvador Nava Martinez 3145,San Luis Potosi,SLP,Mexico,?,78290,No_Alcohol_Served,not permitted,informal,no_accessibility,medium,?,familiar,t,closed,none,Burgers,08:00-23:00;,Sun;,yes
33,135086,VISA,22.141420999999998,-101.01395500000001,0101000020957F0000FA1A0E5A9B4858C17C884C4173AE4B41,Mcdonalds Parque Tangamanga,Lateral Salvador Nava Martinez 3145,San Luis Potosi,SLP,Mexico,?,78290,No_Alcohol_Served,not permitted,informal,no_accessibility,medium,?,familiar,t,closed,none,Fast_Food,08:00-23:00;,Mon;Tue;Wed;Thu;Fri;,yes
34,135086,VISA,22.141420999999998,-101.01395500000001,0101000020957F0000FA1A0E5A9B4858C17C884C4173AE4B41,Mcdonalds Parque Tangamanga,Lateral Salvador Nava Martinez 3145,San Luis Potosi,SLP,Mexico,?,78290,No_Alcohol_Served,not permitted,informal,no_accessibility,medium,?,familiar,t,closed,none,Fast_Food,08:00-23:00;,Sat;,yes
35,135086,VISA,22.141420999999998,-101.01395500000001,0101000020957F0000FA1A0E5A9B4858C17C884C4173AE4B41,Mcdonalds Parque Tangamanga,Lateral Salvador Nava Martinez 3145,San Luis Potosi,SLP,Mexico,?,78290,No_Alcohol_Served,not permitted,informal,no_accessibility,medium,?,familiar,t,closed,none,Fast_Food,08:00-23:00;,Sun;,yes
36,135086,MasterCard-Eurocard,22.141420999999998,-101.01395500000001,0101000020957F0000FA1A0E5A9B4858C17C884C4173AE4B41,Mcdonalds Parque Tangamanga,Lateral Salvador Nava Martinez 3145,San Luis Potosi,SLP,Mexico,?,78290,No_Alcohol_Served,not permitted,informal,no_accessibility,medium,?,familiar,t,closed,none,Burgers,08:00-23:00;,Mon;Tue;Wed;Thu;Fri;,yes
37,135086,MasterCard-Eurocard,22.141420999999998,-101.01395500000001,0101000020957F0000FA1A0E5A9B4858C17C884C4173AE4B41,Mcdonalds Parque Tangamanga,Lateral Salvador Nava Martinez 3145,San Luis Potosi,SLP,Mexico,?,78290,No_Alcohol_Served,not permitted,informal,no_accessibility,medium,?,familiar,t,closed,none,Burgers,08:00-23:00;,Sat;,yes
38,135086,MasterCard-Eurocard,22.141420999999998,-101.01395500000001,0101000020957F0000FA1A0E5A9B4858C17C884C4173AE4B41,Mcdonalds Parque Tangamanga,Lateral Salvador Nava Martinez 3145,San Luis Potosi,SLP,Mexico,?,78290,No_Alcohol_Served,not permitted,informal,no_accessibility,medium,?,familiar,t,closed,none,Burgers,08:00-23:00;,Sun;,yes
39,135086,MasterCard-Eurocard,22.141420999999998,-101.01395500000001,0101000020957F0000FA1A0E5A9B4858C17C884C4173AE4B41,Mcdonalds Parque Tangamanga,Lateral Salvador Nava Martinez 3145,San Luis Potosi,SLP,Mexico,?,78290,No_Alcohol_Served,not permitted,informal,no_accessibility,medium,?,familiar,t,closed,none,Fast_Food,08:00-23:00;,Mon;Tue;Wed;Thu;Fri;,yes
40,135086,MasterCard-Eurocard,22.141420999999998,-101.01395500000001,0101000020957F0000FA1A0E5A9B4858C17C884C4173AE4B41,Mcdonalds Parque Tangamanga,Lateral Salvador Nava Martinez 3145,San Luis Potosi,SLP,Mexico,?,78290,No_Alcohol_Served,not permitted,informal,no_accessibility,medium,?,familiar,t,closed,none,Fast_Food,08:00-23:00;,Sat;,yes
41,135086,MasterCard-Eurocard,22.141420999999998,-101.01395500000001,0101000020957F0000FA1A0E5A9B4858C17C884C4173AE4B41,Mcdonalds Parque Tangamanga,Lateral Salvador Nava Martinez 3145,San Luis Potosi,SLP,Mexico,?,78290,No_Alcohol_Served,not permitted,informal,no_accessibility,medium,?,familiar,t,closed,none,Fast_Food,08:00-23:00;,Sun;,yes
42,135085,cash,22.150802,-100.98268,0101000020957F00009F823DA6094858C18A2D4D37F9A44B41,Tortas Locas Hipocampo,Venustiano Carranza 719 Centro,San Luis Potosi,SLP,Mexico,?,78000,No_Alcohol_Served,not permitted,informal,no_accessibility,medium,?,familiar,f,closed,none,Fast_Food,00:00-00:00;,Mon;Tue;Wed;Thu;Fri;,public
43,135085,cash,22.150802,-100.98268,0101000020957F00009F823DA6094858C18A2D4D37F9A44B41,Tortas Locas Hipocampo,Venustiano Carranza 719 Centro,San Luis Potosi,SLP,Mexico,?,78000,No_Alcohol_Served,not permitted,informal,no_accessibility,medium,?,familiar,f,closed,none,Fast_Food,00:00-00:00;,Sat;,public
44,135085,cash,22.150802,-100.98268,0101000020957F00009F823DA6094858C18A2D4D37F9A44B41,Tortas Locas Hipocampo,Venustiano Carranza 719 Centro,San Luis Potosi,SLP,Mexico,?,78000,No_Alcohol_Served,not permitted,informal,no_accessibility,medium,?,familiar,f,closed,none,Fast_Food,00:00-00:00;,Sun;,public
45,135079,cash,22.156376,-100.998355,0101000020957F00009FF49E27C04658C1BA8689941CA94B41,Koye Sushi,Nereo Rodriguez Barragan 450 E Centro,San Luis Potosi,SLP,Mexico,?,78000,No_Alcohol_Served,none,informal,no_accessibility,high,?,familiar,f,closed,none,Chinese,13:00-22:30;,Mon;Tue;Wed;Thu;Fri;,none
46,135079,cash,22.156376,-100.998355,0101000020957F00009FF49E27C04658C1BA8689941CA94B41,Koye Sushi,Nereo Rodriguez Barragan 450 E Centro,San Luis Potosi,SLP,Mexico,?,78000,No_Alcohol_Served,none,informal,no_accessibility,high,?,familiar,f,closed,none,Chinese,13:30-22:30;,Sat;,none
47,135079,cash,22.156376,-100.998355,0101000020957F00009FF49E27C04658C1BA8689941CA94B41,Koye Sushi,Nereo Rodriguez Barragan 450 E Centro,San Luis Potosi,SLP,Mexico,?,78000,No_Alcohol_Served,none,informal,no_accessibility,high,?,familiar,f,closed,none,Chinese,13:30-22:30;,Sun;,none
48,135079,American_Express,22.156376,-100.998355,0101000020957F00009FF49E27C04658C1BA8689941CA94B41,Koye Sushi,Nereo Rodriguez Barragan 450 E Centro,San Luis Potosi,SLP,Mexico,?,78000,No_Alcohol_Served,none,informal,no_accessibility,high,?,familiar,f,closed,none,Chinese,13:00-22:30;,Mon;Tue;Wed;Thu;Fri;,none
49,135079,American_Express,22.156376,-100.998355,0101000020957F00009FF49E27C04658C1BA8689941CA94B41,Koye Sushi,Nereo Rodriguez Barragan 450 E Centro,San Luis Potosi,SLP,Mexico,?,78000,No_Alcohol_Served,none,informal,no_accessibility,high,?,familiar,f,closed,none,Chinese,13:30-22:30;,Sat;,none
50,135079,American_Express,22.156376,-100.998355,0101000020957F00009FF49E27C04658C1BA8689941CA94B41,Koye Sushi,Nereo Rodriguez Barragan 450 E Centro,San Luis Potosi,SLP,Mexico,?,78000,No_Alcohol_Served,none,informal,no_accessibility,high,?,familiar,f,closed,none,Chinese,13:30-22:30;,Sun;,none
51,135075,cash,22.139573000000002,-100.991564,0101000020957F0000332AE8AF824958C15A4195A82CA84B41,Mariscos El Pescador,Himno Nacional 2104 Tangamanga,San Luis Potosi,SLP,Mexico,?,78269,No_Alcohol_Served,none,informal,no_accessibility,medium,?,familiar,f,closed,none,Seafood,00:00-23:30;,Mon;Tue;Wed;Thu;Fri;,yes
52,135075,cash,22.139573000000002,-100.991564,0101000020957F0000332AE8AF824958C15A4195A82CA84B41,Mariscos El Pescador,Himno Nacional 2104 Tangamanga,San Luis Potosi,SLP,Mexico,?,78269,No_Alcohol_Served,none,informal,no_accessibility,medium,?,familiar,f,closed,none,Seafood,00:00-23:30;,Sat;,yes
53,135075,cash,22.139573000000002,-100.991564,0101000020957F0000332AE8AF824958C15A4195A82CA84B41,Mariscos El Pescador,Himno Nacional 2104 Tangamanga,San Luis Potosi,SLP,Mexico,?,78269,No_Alcohol_Served,none,informal,no_accessibility,medium,?,familiar,f,closed,none,Seafood,00:00-23:30;,Sun;,yes
54,135074,cash,22.149689000000002,-100.999525,0101000020957F0000CDA37BD8BD4758C1F4FBE3D2D7A94B41,Restaurante la Parroquia Potosina,Venustiano Carranza 303 Centro,San Luis Potosi,SLP,Mexico,?,78000,Wine-Beer,section,informal,no_accessibility,high,?,familiar,f,closed,none,Contemporary,07:00-23:30;,Mon;Tue;Wed;Thu;Fri;,public
55,135074,cash,22.149689000000002,-100.999525,0101000020957F0000CDA37BD8BD4758C1F4FBE3D2D7A94B41,Restaurante la Parroquia Potosina,Venustiano Carranza 303 Centro,San Luis Potosi,SLP,Mexico,?,78000,Wine-Beer,section,informal,no_accessibility,high,?,familiar,f,closed,none,Contemporary,07:00-23:30;,Sat;,public
56,135074,cash,22.149689000000002,-100.999525,0101000020957F0000CDA37BD8BD4758C1F4FBE3D2D7A94B41,Restaurante la Parroquia Potosina,Venustiano Carranza 303 Centro,San Luis Potosi,SLP,Mexico,?,78000,Wine-Beer,section,informal,no_accessibility,high,?,familiar,f,closed,none,Contemporary,07:00-23:30;,Sun;,public
57,135074,VISA,22.149689000000002,-100.999525,0101000020957F0000CDA37BD8BD4758C1F4FBE3D2D7A94B41,Restaurante la Parroquia Potosina,Venustiano Carranza 303 Centro,San Luis Potosi,SLP,Mexico,?,78000,Wine-Beer,section,informal,no_accessibility,high,?,familiar,f,closed,none,Contemporary,07:00-23:30;,Mon;Tue;Wed;Thu;Fri;,public
58,135074,VISA,22.149689000000002,-100.999525,0101000020957F0000CDA37BD8BD4758C1F4FBE3D2D7A94B41,Restaurante la Parroquia Potosina,Venustiano Carranza 303 Centro,San Luis Potosi,SLP,Mexico,?,78000,Wine-Beer,section,informal,no_accessibility,high,?,familiar,f,closed,none,Contemporary,07:00-23:30;,Sat;,public
59,135074,VISA,22.149689000000002,-100.999525,0101000020957F0000CDA37BD8BD4758C1F4FBE3D2D7A94B41,Restaurante la Parroquia Potosina,Venustiano Carranza 303 Centro,San Luis Potosi,SLP,Mexico,?,78000,Wine-Beer,section,informal,no_accessibility,high,?,familiar,f,closed,none,Contemporary,07:00-23:30;,Sun;,public
60,135074,MasterCard-Eurocard,22.149689000000002,-100.999525,0101000020957F0000CDA37BD8BD4758C1F4FBE3D2D7A94B41,Restaurante la Parroquia Potosina,Venustiano Carranza 303 Centro,San Luis Potosi,SLP,Mexico,?,78000,Wine-Beer,section,informal,no_accessibility,high,?,familiar,f,closed,none,Contemporary,07:00-23:30;,Mon;Tue;Wed;Thu;Fri;,public
61,135074,MasterCard-Eurocard,22.149689000000002,-100.999525,0101000020957F0000CDA37BD8BD4758C1F4FBE3D2D7A94B41,Restaurante la Parroquia Potosina,Venustiano Carranza 303 Centro,San Luis Potosi,SLP,Mexico,?,78000,Wine-Beer,section,informal,no_accessibility,high,?,familiar,f,closed,none,Contemporary,07:00-23:30;,Sat;,public
62,135074,MasterCard-Eurocard,22.149689000000002,-100.999525,0101000020957F0000CDA37BD8BD4758C1F4FBE3D2D7A94B41,Restaurante la Parroquia Potosina,Venustiano Carranza 303 Centro,San Luis Potosi,SLP,Mexico,?,78000,Wine-Beer,section,informal,no_accessibility,high,?,familiar,f,closed,none,Contemporary,07:00-23:30;,Sun;,public
63,135073,cash,22.147175,-100.97426899999999,0101000020957F0000D010A853D34858C116A1EA51CAA24B41,Restaurante Bar El Gallinero,Pascual M. Hernandez 210 Centro,San Luis Potosi,SLP,Mexico,?,78000,Wine-Beer,section,informal,no_accessibility,high,?,familiar,f,closed,none,Bar,09:30-23:30;,Mon;Tue;Wed;Thu;Fri;,yes
64,135073,cash,22.147175,-100.97426899999999,0101000020957F0000D010A853D34858C116A1EA51CAA24B41,Restaurante Bar El Gallinero,Pascual M. Hernandez 210 Centro,San Luis Potosi,SLP,Mexico,?,78000,Wine-Beer,section,informal,no_accessibility,high,?,familiar,f,closed,none,Bar,09:30-23:30;,Sat;,yes
65,135073,cash,22.147175,-100.97426899999999,0101000020957F0000D010A853D34858C116A1EA51CAA24B41,Restaurante Bar El Gallinero,Pascual M. Hernandez 210 Centro,San Luis Potosi,SLP,Mexico,?,78000,Wine-Beer,section,informal,no_accessibility,high,?,familiar,f,closed,none,Bar,00:00-00:00;,Sun;,yes
66,135073,cash,22.147175,-100.97426899999999,0101000020957F0000D010A853D34858C116A1EA51CAA24B41,Restaurante Bar El Gallinero,Pascual M. Hernandez 210 Centro,San Luis Potosi,SLP,Mexico,?,78000,Wine-Beer,section,informal,no_accessibility,high,?,familiar,f,closed,none,Bar_Pub_Brewery,09:30-23:30;,Mon;Tue;Wed;Thu;Fri;,yes
67,135073,cash,22.147175,-100.97426899999999,0101000020957F0000D010A853D34858C116A1EA51CAA24B41,Restaurante Bar El Gallinero,Pascual M. Hernandez 210 Centro,San Luis Potosi,SLP,Mexico,?,78000,Wine-Beer,section,informal,no_accessibility,high,?,familiar,f,closed,none,Bar_Pub_Brewery,09:30-23:30;,Sat;,yes
68,135073,cash,22.147175,-100.97426899999999,0101000020957F0000D010A853D34858C116A1EA51CAA24B41,Restaurante Bar El Gallinero,Pascual M. Hernandez 210 Centro,San Luis Potosi,SLP,Mexico,?,78000,Wine-Beer,section,informal,no_accessibility,high,?,familiar,f,closed,none,Bar_Pub_Brewery,00:00-00:00;,Sun;,yes
69,135073,VISA,22.147175,-100.97426899999999,0101000020957F0000D010A853D34858C116A1EA51CAA24B41,Restaurante Bar El Gallinero,Pascual M. Hernandez 210 Centro,San Luis Potosi,SLP,Mexico,?,78000,Wine-Beer,section,informal,no_accessibility,high,?,familiar,f,closed,none,Bar,09:30-23:30;,Mon;Tue;Wed;Thu;Fri;,yes
70,135073,VISA,22.147175,-100.97426899999999,0101000020957F0000D010A853D34858C116A1EA51CAA24B41,Restaurante Bar El Gallinero,Pascual M. Hernandez 210 Centro,San Luis Potosi,SLP,Mexico,?,78000,Wine-Beer,section,informal,no_accessibility,high,?,familiar,f,closed,none,Bar,09:30-23:30;,Sat;,yes
71,135073,VISA,22.147175,-100.97426899999999,0101000020957F0000D010A853D34858C116A1EA51CAA24B41,Restaurante Bar El Gallinero,Pascual M. Hernandez 210 Centro,San Luis Potosi,SLP,Mexico,?,78000,Wine-Beer,section,informal,no_accessibility,high,?,familiar,f,closed,none,Bar,00:00-00:00;,Sun;,yes
72,135073,VISA,22.147175,-100.97426899999999,0101000020957F0000D010A853D34858C116A1EA51CAA24B41,Restaurante Bar El Gallinero,Pascual M. Hernandez 210 Centro,San Luis Potosi,SLP,Mexico,?,78000,Wine-Beer,section,informal,no_accessibility,high,?,familiar,f,closed,none,Bar_Pub_Brewery,09:30-23:30;,Mon;Tue;Wed;Thu;Fri;,yes
73,135073,VISA,22.147175,-100.97426899999999,0101000020957F0000D010A853D34858C116A1EA51CAA24B41,Restaurante Bar El Gallinero,Pascual M. Hernandez 210 Centro,San Luis Potosi,SLP,Mexico,?,78000,Wine-Beer,section,informal,no_accessibility,high,?,familiar,f,closed,none,Bar_Pub_Brewery,09:30-23:30;,Sat;,yes
74,135073,VISA,22.147175,-100.97426899999999,0101000020957F0000D010A853D34858C116A1EA51CAA24B41,Restaurante Bar El Gallinero,Pascual M. Hernandez 210 Centro,San Luis Potosi,SLP,Mexico,?,78000,Wine-Beer,section,informal,no_accessibility,high,?,familiar,f,closed,none,Bar_Pub_Brewery,00:00-00:00;,Sun;,yes
75,135073,MasterCard-Eurocard,22.147175,-100.97426899999999,0101000020957F0000D010A853D34858C116A1EA51CAA24B41,Restaurante Bar El Gallinero,Pascual M. Hernandez 210 Centro,San Luis Potosi,SLP,Mexico,?,78000,Wine-Beer,section,informal,no_accessibility,high,?,familiar,f,closed,none,Bar,09:30-23:30;,Mon;Tue;Wed;Thu;Fri;,yes
76,135073,MasterCard-Eurocard,22.147175,-100.97426899999999,0101000020957F0000D010A853D34858C116A1EA51CAA24B41,Restaurante Bar El Gallinero,Pascual M. Hernandez 210 Centro,San Luis Potosi,SLP,Mexico,?,78000,Wine-Beer,section,informal,no_accessibility,high,?,familiar,f,closed,none,Bar,09:30-23:30;,Sat;,yes
77,135073,MasterCard-Eurocard,22.147175,-100.97426899999999,0101000020957F0000D010A853D34858C116A1EA51CAA24B41,Restaurante Bar El Gallinero,Pascual M. Hernandez 210 Centro,San Luis Potosi,SLP,Mexico,?,78000,Wine-Beer,section,informal,no_accessibility,high,?,familiar,f,closed,none,Bar,00:00-00:00;,Sun;,yes
78,135073,MasterCard-Eurocard,22.147175,-100.97426899999999,0101000020957F0000D010A853D34858C116A1EA51CAA24B41,Restaurante Bar El Gallinero,Pascual M. Hernandez 210 Centro,San Luis Potosi,SLP,Mexico,?,78000,Wine-Beer,section,informal,no_accessibility,high,?,familiar,f,closed,none,Bar_Pub_Brewery,09:30-23:30;,Mon;Tue;Wed;Thu;Fri;,yes
79,135073,MasterCard-Eurocard,22.147175,-100.97426899999999,0101000020957F0000D010A853D34858C116A1EA51CAA24B41,Restaurante Bar El Gallinero,Pascual M. Hernandez 210 Centro,San Luis Potosi,SLP,Mexico,?,78000,Wine-Beer,section,informal,no_accessibility,high,?,familiar,f,closed,none,Bar_Pub_Brewery,09:30-23:30;,Sat;,yes
80,135073,MasterCard-Eurocard,22.147175,-100.97426899999999,0101000020957F0000D010A853D34858C116A1EA51CAA24B41,Restaurante Bar El Gallinero,Pascual M. Hernandez 210 Centro,San Luis Potosi,SLP,Mexico,?,78000,Wine-Beer,section,informal,no_accessibility,high,?,familiar,f,closed,none,Bar_Pub_Brewery,00:00-00:00;,Sun;,yes
81,135072,cash,22.149192000000003,-101.002936,0101000020957F0000E7B79B1DB94758C1D29BC363D8AA4B41,Sushi Itto,Venustiano Carranza 1809 C Polanco,San Luis Potosi,SLP,Mexico,?,78220,No_Alcohol_Served,none,informal,no_accessibility,medium,sushi-itto.com.mx,familiar,f,closed,none,Japanese,13:00-23:00;,Mon;Tue;Wed;Thu;Fri;,none
82,135072,cash,22.149192000000003,-101.002936,0101000020957F0000E7B79B1DB94758C1D29BC363D8AA4B41,Sushi Itto,Venustiano Carranza 1809 C Polanco,San Luis Potosi,SLP,Mexico,?,78220,No_Alcohol_Served,none,informal,no_accessibility,medium,sushi-itto.com.mx,familiar,f,closed,none,Japanese,13:00-23:30;,Sat;,none
83,135072,cash,22.149192000000003,-101.002936,0101000020957F0000E7B79B1DB94758C1D29BC363D8AA4B41,Sushi Itto,Venustiano Carranza 1809 C Polanco,San Luis Potosi,SLP,Mexico,?,78220,No_Alcohol_Served,none,informal,no_accessibility,medium,sushi-itto.com.mx,familiar,f,closed,none,Japanese,13:00-22:00;,Sun;,none
84,135072,VISA,22.149192000000003,-101.002936,0101000020957F0000E7B79B1DB94758C1D29BC363D8AA4B41,Sushi Itto,Venustiano Carranza 1809 C Polanco,San Luis Potosi,SLP,Mexico,?,78220,No_Alcohol_Served,none,informal,no_accessibility,medium,sushi-itto.com.mx,familiar,f,closed,none,Japanese,13:00-23:00;,Mon;Tue;Wed;Thu;Fri;,none
85,135072,VISA,22.149192000000003,-101.002936,0101000020957F0000E7B79B1DB94758C1D29BC363D8AA4B41,Sushi Itto,Venustiano Carranza 1809 C Polanco,San Luis Potosi,SLP,Mexico,?,78220,No_Alcohol_Served,none,informal,no_accessibility,medium,sushi-itto.com.mx,familiar,f,closed,none,Japanese,13:00-23:30;,Sat;,none
86,135072,VISA,22.149192000000003,-101.002936,0101000020957F0000E7B79B1DB94758C1D29BC363D8AA4B41,Sushi Itto,Venustiano Carranza 1809 C Polanco,San Luis Potosi,SLP,Mexico,?,78220,No_Alcohol_Served,none,informal,no_accessibility,medium,sushi-itto.com.mx,familiar,f,closed,none,Japanese,13:00-22:00;,Sun;,none
87,135072,MasterCard-Eurocard,22.149192000000003,-101.002936,0101000020957F0000E7B79B1DB94758C1D29BC363D8AA4B41,Sushi Itto,Venustiano Carranza 1809 C Polanco,San Luis Potosi,SLP,Mexico,?,78220,No_Alcohol_Served,none,informal,no_accessibility,medium,sushi-itto.com.mx,familiar,f,closed,none,Japanese,13:00-23:00;,Mon;Tue;Wed;Thu;Fri;,none
88,135072,MasterCard-Eurocard,22.149192000000003,-101.002936,0101000020957F0000E7B79B1DB94758C1D29BC363D8AA4B41,Sushi Itto,Venustiano Carranza 1809 C Polanco,San Luis Potosi,SLP,Mexico,?,78220,No_Alcohol_Served,none,informal,no_accessibility,medium,sushi-itto.com.mx,familiar,f,closed,none,Japanese,13:00-23:30;,Sat;,none
89,135072,MasterCard-Eurocard,22.149192000000003,-101.002936,0101000020957F0000E7B79B1DB94758C1D29BC363D8AA4B41,Sushi Itto,Venustiano Carranza 1809 C Polanco,San Luis Potosi,SLP,Mexico,?,78220,No_Alcohol_Served,none,informal,no_accessibility,medium,sushi-itto.com.mx,familiar,f,closed,none,Japanese,13:00-22:00;,Sun;,none
90,135072,American_Express,22.149192000000003,-101.002936,0101000020957F0000E7B79B1DB94758C1D29BC363D8AA4B41,Sushi Itto,Venustiano Carranza 1809 C Polanco,San Luis Potosi,SLP,Mexico,?,78220,No_Alcohol_Served,none,informal,no_accessibility,medium,sushi-itto.com.mx,familiar,f,closed,none,Japanese,13:00-23:00;,Mon;Tue;Wed;Thu;Fri;,none
91,135072,American_Express,22.149192000000003,-101.002936,0101000020957F0000E7B79B1DB94758C1D29BC363D8AA4B41,Sushi Itto,Venustiano Carranza 1809 C Polanco,San Luis Potosi,SLP,Mexico,?,78220,No_Alcohol_Served,none,informal,no_accessibility,medium,sushi-itto.com.mx,familiar,f,closed,none,Japanese,13:00-23:30;,Sat;,none
92,135072,American_Express,22.149192000000003,-101.002936,0101000020957F0000E7B79B1DB94758C1D29BC363D8AA4B41,Sushi Itto,Venustiano Carranza 1809 C Polanco,San Luis Potosi,SLP,Mexico,?,78220,No_Alcohol_Served,none,informal,no_accessibility,medium,sushi-itto.com.mx,familiar,f,closed,none,Japanese,13:00-22:00;,Sun;,none
93,135071,cash,22.126375,-100.910926,0101000020957F0000E3A742BFC14D58C1F4E529A7F3914B41,Restaurante la Cantina,De La Estrella 2005 Estrella de Oriente,San Luis Potosi,SLP,Mexico,?,78396,Full_Bar,section,informal,no_accessibility,medium,?,familiar,f,closed,none,Bar,13:00-23:30;,Mon;Tue;Wed;Thu;Fri;,yes
94,135071,cash,22.126375,-100.910926,0101000020957F0000E3A742BFC14D58C1F4E529A7F3914B41,Restaurante la Cantina,De La Estrella 2005 Estrella de Oriente,San Luis Potosi,SLP,Mexico,?,78396,Full_Bar,section,informal,no_accessibility,medium,?,familiar,f,closed,none,Bar,13:00-23:30;,Sat;,yes
95,135071,cash,22.126375,-100.910926,0101000020957F0000E3A742BFC14D58C1F4E529A7F3914B41,Restaurante la Cantina,De La Estrella 2005 Estrella de Oriente,San Luis Potosi,SLP,Mexico,?,78396,Full_Bar,section,informal,no_accessibility,medium,?,familiar,f,closed,none,Bar,13:00-20:00;,Sun;,yes
96,135071,cash,22.126375,-100.910926,0101000020957F0000E3A742BFC14D58C1F4E529A7F3914B41,Restaurante la Cantina,De La Estrella 2005 Estrella de Oriente,San Luis Potosi,SLP,Mexico,?,78396,Full_Bar,section,informal,no_accessibility,medium,?,familiar,f,closed,none,Bar_Pub_Brewery,13:00-23:30;,Mon;Tue;Wed;Thu;Fri;,yes
97,135071,cash,22.126375,-100.910926,0101000020957F0000E3A742BFC14D58C1F4E529A7F3914B41,Restaurante la Cantina,De La Estrella 2005 Estrella de Oriente,San Luis Potosi,SLP,Mexico,?,78396,Full_Bar,section,informal,no_accessibility,medium,?,familiar,f,closed,none,Bar_Pub_Brewery,13:00-23:30;,Sat;,yes
98,135071,cash,22.126375,-100.910926,0101000020957F0000E3A742BFC14D58C1F4E529A7F3914B41,Restaurante la Cantina,De La Estrella 2005 Estrella de Oriente,San Luis Potosi,SLP,Mexico,?,78396,Full_Bar,section,informal,no_accessibility,medium,?,familiar,f,closed,none,Bar_Pub_Brewery,13:00-20:00;,Sun;,yes
99,135071,VISA,22.126375,-100.910926,0101000020957F0000E3A742BFC14D58C1F4E529A7F3914B41,Restaurante la Cantina,De La Estrella 2005 Estrella de Oriente,San Luis Potosi,SLP,Mexico,?,78396,Full_Bar,section,informal,no_accessibility,medium,?,familiar,f,closed,none,Bar,13:00-23:30;,Mon;Tue;Wed;Thu;Fri;,yes
100,135071,VISA,22.126375,-100.910926,0101000020957F0000E3A742BFC14D58C1F4E529A7F3914B41,Restaurante la Cantina,De La Estrella 2005 Estrella de Oriente,San Luis Potosi,SLP,Mexico,?,78396,Full_Bar,section,informal,no_accessibility,medium,?,familiar,f,closed,none,Bar,13:00-23:30;,Sat;,yes
101,135071,VISA,22.126375,-100.910926,0101000020957F0000E3A742BFC14D58C1F4E529A7F3914B41,Restaurante la Cantina,De La Estrella 2005 Estrella de Oriente,San Luis Potosi,SLP,Mexico,?,78396,Full_Bar,section,informal,no_accessibility,medium,?,familiar,f,closed,none,Bar,13:00-20:00;,Sun;,yes
102,135071,VISA,22.126375,-100.910926,0101000020957F0000E3A742BFC14D58C1F4E529A7F3914B41,Restaurante la Cantina,De La Estrella 2005 Estrella de Oriente,San Luis Potosi,SLP,Mexico,?,78396,Full_Bar,section,informal,no_accessibility,medium,?,familiar,f,closed,none,Bar_Pub_Brewery,13:00-23:30;,Mon;Tue;Wed;Thu;Fri;,yes
103,135071,VISA,22.126375,-100.910926,0101000020957F0000E3A742BFC14D58C1F4E529A7F3914B41,Restaurante la Cantina,De La Estrella 2005 Estrella de Oriente,San Luis Potosi,SLP,Mexico,?,78396,Full_Bar,section,informal,no_accessibility,medium,?,familiar,f,closed,none,Bar_Pub_Brewery,13:00-23:30;,Sat;,yes
104,135071,VISA,22.126375,-100.910926,0101000020957F0000E3A742BFC14D58C1F4E529A7F3914B41,Restaurante la Cantina,De La Estrella 2005 Estrella de Oriente,San Luis Potosi,SLP,Mexico,?,78396,Full_Bar,section,informal,no_accessibility,medium,?,familiar,f,closed,none,Bar_Pub_Brewery,13:00-20:00;,Sun;,yes
105,135071,MasterCard-Eurocard,22.126375,-100.910926,0101000020957F0000E3A742BFC14D58C1F4E529A7F3914B41,Restaurante la Cantina,De La Estrella 2005 Estrella de Oriente,San Luis Potosi,SLP,Mexico,?,78396,Full_Bar,section,informal,no_accessibility,medium,?,familiar,f,closed,none,Bar,13:00-23:30;,Mon;Tue;Wed;Thu;Fri;,yes
106,135071,MasterCard-Eurocard,22.126375,-100.910926,0101000020957F0000E3A742BFC14D58C1F4E529A7F3914B41,Restaurante la Cantina,De La Estrella 2005 Estrella de Oriente,San Luis Potosi,SLP,Mexico,?,78396,Full_Bar,section,informal,no_accessibility,medium,?,familiar,f,closed,none,Bar,13:00-23:30;,Sat;,yes
107,135071,MasterCard-Eurocard,22.126375,-100.910926,0101000020957F0000E3A742BFC14D58C1F4E529A7F3914B41,Restaurante la Cantina,De La Estrella 2005 Estrella de Oriente,San Luis Potosi,SLP,Mexico,?,78396,Full_Bar,section,informal,no_accessibility,medium,?,familiar,f,closed,none,Bar,13:00-20:00;,Sun;,yes
108,135071,MasterCard-Eurocard,22.126375,-100.910926,0101000020957F0000E3A742BFC14D58C1F4E529A7F3914B41,Restaurante la Cantina,De La Estrella 2005 Estrella de Oriente,San Luis Potosi,SLP,Mexico,?,78396,Full_Bar,section,informal,no_accessibility,medium,?,familiar,f,closed,none,Bar_Pub_Brewery,13:00-23:30;,Mon;Tue;Wed;Thu;Fri;,yes
109,135071,MasterCard-Eurocard,22.126375,-100.910926,0101000020957F0000E3A742BFC14D58C1F4E529A7F3914B41,Restaurante la Cantina,De La Estrella 2005 Estrella de Oriente,San Luis Potosi,SLP,Mexico,?,78396,Full_Bar,section,informal,no_accessibility,medium,?,familiar,f,closed,none,Bar_Pub_Brewery,13:00-23:30;,Sat;,yes
110,135071,MasterCard-Eurocard,22.126375,-100.910926,0101000020957F0000E3A742BFC14D58C1F4E529A7F3914B41,Restaurante la Cantina,De La Estrella 2005 Estrella de Oriente,San Luis Potosi,SLP,Mexico,?,78396,Full_Bar,section,informal,no_accessibility,medium,?,familiar,f,closed,none,Bar_Pub_Brewery,13:00-20:00;,Sun;,yes
111,135071,American_Express,22.126375,-100.910926,0101000020957F0000E3A742BFC14D58C1F4E529A7F3914B41,Restaurante la Cantina,De La Estrella 2005 Estrella de Oriente,San Luis Potosi,SLP,Mexico,?,78396,Full_Bar,section,informal,no_accessibility,medium,?,familiar,f,closed,none,Bar,13:00-23:30;,Mon;Tue;Wed;Thu;Fri;,yes
112,135071,American_Express,22.126375,-100.910926,0101000020957F0000E3A742BFC14D58C1F4E529A7F3914B41,Restaurante la Cantina,De La Estrella 2005 Estrella de Oriente,San Luis Potosi,SLP,Mexico,?,78396,Full_Bar,section,informal,no_accessibility,medium,?,familiar,f,closed,none,Bar,13:00-23:30;,Sat;,yes
113,135071,American_Express,22.126375,-100.910926,0101000020957F0000E3A742BFC14D58C1F4E529A7F3914B41,Restaurante la Cantina,De La Estrella 2005 Estrella de Oriente,San Luis Potosi,SLP,Mexico,?,78396,Full_Bar,section,informal,no_accessibility,medium,?,familiar,f,closed,none,Bar,13:00-20:00;,Sun;,yes
114,135071,American_Express,22.126375,-100.910926,0101000020957F0000E3A742BFC14D58C1F4E529A7F3914B41,Restaurante la Cantina,De La Estrella 2005 Estrella de Oriente,San Luis Potosi,SLP,Mexico,?,78396,Full_Bar,section,informal,no_accessibility,medium,?,familiar,f,closed,none,Bar_Pub_Brewery,13:00-23:30;,Mon;Tue;Wed;Thu;Fri;,yes
115,135071,American_Express,22.126375,-100.910926,0101000020957F0000E3A742BFC14D58C1F4E529A7F3914B41,Restaurante la Cantina,De La Estrella 2005 Estrella de Oriente,San Luis Potosi,SLP,Mexico,?,78396,Full_Bar,section,informal,no_accessibility,medium,?,familiar,f,closed,none,Bar_Pub_Brewery,13:00-23:30;,Sat;,yes
116,135071,American_Express,22.126375,-100.910926,0101000020957F0000E3A742BFC14D58C1F4E529A7F3914B41,Restaurante la Cantina,De La Estrella 2005 Estrella de Oriente,San Luis Potosi,SLP,Mexico,?,78396,Full_Bar,section,informal,no_accessibility,medium,?,familiar,f,closed,none,Bar_Pub_Brewery,13:00-20:00;,Sun;,yes
117,135069,cash,22.140129,-100.944872,0101000020957F000038E5D546B74A58C18FD29AD0D29A4B41,Abondance Restaurante Bar,Industrias 908 Valle Dorado,San Luis Potosi,SLP,Mexico,?,78399,Wine-Beer,none,informal,no_accessibility,low,?,familiar,f,closed,none,Bar,09:00-23:30;,Mon;Tue;Wed;Thu;Fri;,yes
118,135069,cash,22.140129,-100.944872,0101000020957F000038E5D546B74A58C18FD29AD0D29A4B41,Abondance Restaurante Bar,Industrias 908 Valle Dorado,San Luis Potosi,SLP,Mexico,?,78399,Wine-Beer,none,informal,no_accessibility,low,?,familiar,f,closed,none,Bar,09:00-23:30;,Sat;,yes
119,135069,cash,22.140129,-100.944872,0101000020957F000038E5D546B74A58C18FD29AD0D29A4B41,Abondance Restaurante Bar,Industrias 908 Valle Dorado,San Luis Potosi,SLP,Mexico,?,78399,Wine-Beer,none,informal,no_accessibility,low,?,familiar,f,closed,none,Bar,09:00-23:30;,Sun;,yes
120,135060,cash,22.156882999999997,-100.97848499999999,0101000020957F00004C95C918394758C17A5C44896AA34B41,Restaurante Marisco Sam,Ignacio Allende 785 Centro,San Luis Potosi,SLP,Mexico,?,78310,No_Alcohol_Served,none,informal,no_accessibility,medium,?,familiar,f,closed,none,Seafood,11:30-19:00;,Mon;Tue;Wed;Thu;Fri;,none
121,135060,cash,22.156882999999997,-100.97848499999999,0101000020957F00004C95C918394758C17A5C44896AA34B41,Restaurante Marisco Sam,Ignacio Allende 785 Centro,San Luis Potosi,SLP,Mexico,?,78310,No_Alcohol_Served,none,informal,no_accessibility,medium,?,familiar,f,closed,none,Seafood,11:30-19:00;,Sat;,none
122,135060,cash,22.156882999999997,-100.97848499999999,0101000020957F00004C95C918394758C17A5C44896AA34B41,Restaurante Marisco Sam,Ignacio Allende 785 Centro,San Luis Potosi,SLP,Mexico,?,78310,No_Alcohol_Served,none,informal,no_accessibility,medium,?,familiar,f,closed,none,Seafood,11:30-19:00;,Sun;,none
123,135059,cash,22.145108,-100.989547,0101000020957F000005810F19B84858C136805B2745A74B41,Restaurant Bar Hacienda los Martinez,Santos Degollado 745 los Alamitos,San Luis Potosi,SLP,Mexico,?,78250,Wine-Beer,section,informal,no_accessibility,medium,?,familiar,f,closed,none,Bar,12:00-23:30;,Mon;Tue;Wed;Thu;Fri;,yes
124,135059,cash,22.145108,-100.989547,0101000020957F000005810F19B84858C136805B2745A74B41,Restaurant Bar Hacienda los Martinez,Santos Degollado 745 los Alamitos,San Luis Potosi,SLP,Mexico,?,78250,Wine-Beer,section,informal,no_accessibility,medium,?,familiar,f,closed,none,Bar,12:00-23:30;,Sat;,yes
125,135059,cash,22.145108,-100.989547,0101000020957F000005810F19B84858C136805B2745A74B41,Restaurant Bar Hacienda los Martinez,Santos Degollado 745 los Alamitos,San Luis Potosi,SLP,Mexico,?,78250,Wine-Beer,section,informal,no_accessibility,medium,?,familiar,f,closed,none,Bar,12:00-23:30;,Sun;,yes
126,135058,cash,22.165587,-101.001273,0101000020957F0000EB71019D424558C15CC5404365A94B41,Restaurante Tiberius,Munoz Sn Centro,San Luis Potosi,SLP,Mexico,?,64000,No_Alcohol_Served,none,informal,no_accessibility,medium,?,familiar,t,closed,none,Pizzeria,13:00-23:00;,Mon;Tue;Wed;Thu;Fri;,public
127,135058,cash,22.165587,-101.001273,0101000020957F0000EB71019D424558C15CC5404365A94B41,Restaurante Tiberius,Munoz Sn Centro,San Luis Potosi,SLP,Mexico,?,64000,No_Alcohol_Served,none,informal,no_accessibility,medium,?,familiar,t,closed,none,Pizzeria,13:00-23:00;,Sat;,public
128,135058,cash,22.165587,-101.001273,0101000020957F0000EB71019D424558C15CC5404365A94B41,Restaurante Tiberius,Munoz Sn Centro,San Luis Potosi,SLP,Mexico,?,64000,No_Alcohol_Served,none,informal,no_accessibility,medium,?,familiar,t,closed,none,Pizzeria,13:00-23:00;,Sun;,public
129,135058,VISA,22.165587,-101.001273,0101000020957F0000EB71019D424558C15CC5404365A94B41,Restaurante Tiberius,Munoz Sn Centro,San Luis Potosi,SLP,Mexico,?,64000,No_Alcohol_Served,none,informal,no_accessibility,medium,?,familiar,t,closed,none,Pizzeria,13:00-23:00;,Mon;Tue;Wed;Thu;Fri;,public
130,135058,VISA,22.165587,-101.001273,0101000020957F0000EB71019D424558C15CC5404365A94B41,Restaurante Tiberius,Munoz Sn Centro,San Luis Potosi,SLP,Mexico,?,64000,No_Alcohol_Served,none,informal,no_accessibility,medium,?,familiar,t,closed,none,Pizzeria,13:00-23:00;,Sat;,public
131,135058,VISA,22.165587,-101.001273,0101000020957F0000EB71019D424558C15CC5404365A94B41,Restaurante Tiberius,Munoz Sn Centro,San Luis Potosi,SLP,Mexico,?,64000,No_Alcohol_Served,none,informal,no_accessibility,medium,?,familiar,t,closed,none,Pizzeria,13:00-23:00;,Sun;,public
132,135058,MasterCard-Eurocard,22.165587,-101.001273,0101000020957F0000EB71019D424558C15CC5404365A94B41,Restaurante Tiberius,Munoz Sn Centro,San Luis Potosi,SLP,Mexico,?,64000,No_Alcohol_Served,none,informal,no_accessibility,medium,?,familiar,t,closed,none,Pizzeria,13:00-23:00;,Mon;Tue;Wed;Thu;Fri;,public
133,135058,MasterCard-Eurocard,22.165587,-101.001273,0101000020957F0000EB71019D424558C15CC5404365A94B41,Restaurante Tiberius,Munoz Sn Centro,San Luis Potosi,SLP,Mexico,?,64000,No_Alcohol_Served,none,informal,no_accessibility,medium,?,familiar,t,closed,none,Pizzeria,13:00-23:00;,Sat;,public
134,135058,MasterCard-Eurocard,22.165587,-101.001273,0101000020957F0000EB71019D424558C15CC5404365A94B41,Restaurante Tiberius,Munoz Sn Centro,San Luis Potosi,SLP,Mexico,?,64000,No_Alcohol_Served,none,informal,no_accessibility,medium,?,familiar,t,closed,none,Pizzeria,13:00-23:00;,Sun;,public
135,135057,cash,22.145992,-100.955118,0101000020957F000095669021894958C182C9C10E669D4B41,El Herradero Restaurante and Bar,Costado Sur Central Camionera Km 2,San Luis Potosi,SLP,Mexico,?,78390,Wine-Beer,section,informal,no_accessibility,medium,?,familiar,f,closed,none,Bar,13:00-23:00;,Mon;Tue;Wed;Thu;Fri;,yes
136,135057,cash,22.145992,-100.955118,0101000020957F000095669021894958C182C9C10E669D4B41,El Herradero Restaurante and Bar,Costado Sur Central Camionera Km 2,San Luis Potosi,SLP,Mexico,?,78390,Wine-Beer,section,informal,no_accessibility,medium,?,familiar,f,closed,none,Bar,13:00-23:00;,Sat;,yes
137,135057,cash,22.145992,-100.955118,0101000020957F000095669021894958C182C9C10E669D4B41,El Herradero Restaurante and Bar,Costado Sur Central Camionera Km 2,San Luis Potosi,SLP,Mexico,?,78390,Wine-Beer,section,informal,no_accessibility,medium,?,familiar,f,closed,none,Bar,13:00-23:00;,Sun;,yes
138,135057,VISA,22.145992,-100.955118,0101000020957F000095669021894958C182C9C10E669D4B41,El Herradero Restaurante and Bar,Costado Sur Central Camionera Km 2,San Luis Potosi,SLP,Mexico,?,78390,Wine-Beer,section,informal,no_accessibility,medium,?,familiar,f,closed,none,Bar,13:00-23:00;,Mon;Tue;Wed;Thu;Fri;,yes
139,135057,VISA,22.145992,-100.955118,0101000020957F000095669021894958C182C9C10E669D4B41,El Herradero Restaurante and Bar,Costado Sur Central Camionera Km 2,San Luis Potosi,SLP,Mexico,?,78390,Wine-Beer,section,informal,no_accessibility,medium,?,familiar,f,closed,none,Bar,13:00-23:00;,Sat;,yes
140,135057,VISA,22.145992,-100.955118,0101000020957F000095669021894958C182C9C10E669D4B41,El Herradero Restaurante and Bar,Costado Sur Central Camionera Km 2,San Luis Potosi,SLP,Mexico,?,78390,Wine-Beer,section,informal,no_accessibility,medium,?,familiar,f,closed,none,Bar,13:00-23:00;,Sun;,yes
141,135057,MasterCard-Eurocard,22.145992,-100.955118,0101000020957F000095669021894958C182C9C10E669D4B41,El Herradero Restaurante and Bar,Costado Sur Central Camionera Km 2,San Luis Potosi,SLP,Mexico,?,78390,Wine-Beer,section,informal,no_accessibility,medium,?,familiar,f,closed,none,Bar,13:00-23:00;,Mon;Tue;Wed;Thu;Fri;,yes
142,135057,MasterCard-Eurocard,22.145992,-100.955118,0101000020957F000095669021894958C182C9C10E669D4B41,El Herradero Restaurante and Bar,Costado Sur Central Camionera Km 2,San Luis Potosi,SLP,Mexico,?,78390,Wine-Beer,section,informal,no_accessibility,medium,?,familiar,f,closed,none,Bar,13:00-23:00;,Sat;,yes
143,135057,MasterCard-Eurocard,22.145992,-100.955118,0101000020957F000095669021894958C182C9C10E669D4B41,El Herradero Restaurante and Bar,Costado Sur Central Camionera Km 2,San Luis Potosi,SLP,Mexico,?,78390,Wine-Beer,section,informal,no_accessibility,medium,?,familiar,f,closed,none,Bar,13:00-23:00;,Sun;,yes
144,135057,American_Express,22.145992,-100.955118,0101000020957F000095669021894958C182C9C10E669D4B41,El Herradero Restaurante and Bar,Costado Sur Central Camionera Km 2,San Luis Potosi,SLP,Mexico,?,78390,Wine-Beer,section,informal,no_accessibility,medium,?,familiar,f,closed,none,Bar,13:00-23:00;,Mon;Tue;Wed;Thu;Fri;,yes
145,135057,American_Express,22.145992,-100.955118,0101000020957F000095669021894958C182C9C10E669D4B41,El Herradero Restaurante and Bar,Costado Sur Central Camionera Km 2,San Luis Potosi,SLP,Mexico,?,78390,Wine-Beer,section,informal,no_accessibility,medium,?,familiar,f,closed,none,Bar,13:00-23:00;,Sat;,yes
146,135057,American_Express,22.145992,-100.955118,0101000020957F000095669021894958C182C9C10E669D4B41,El Herradero Restaurante and Bar,Costado Sur Central Camionera Km 2,San Luis Potosi,SLP,Mexico,?,78390,Wine-Beer,section,informal,no_accessibility,medium,?,familiar,f,closed,none,Bar,13:00-23:00;,Sun;,yes
147,135055,cash,22.148854,-101.008472,0101000020957F00006610DA0F9F4758C12ED00BA771AC4B41,la Cochinita Pibil Restaurante Yucateco,Venustiano Carranza 2175 Jardin,San Luis Potosi,SLP,Mexico,?,78270,No_Alcohol_Served,section,informal,no_accessibility,high,?,familiar,f,closed,none,Mexican,14:00-22:00;,Mon;Tue;Wed;Thu;Fri;,yes
148,135055,cash,22.148854,-101.008472,0101000020957F00006610DA0F9F4758C12ED00BA771AC4B41,la Cochinita Pibil Restaurante Yucateco,Venustiano Carranza 2175 Jardin,San Luis Potosi,SLP,Mexico,?,78270,No_Alcohol_Served,section,informal,no_accessibility,high,?,familiar,f,closed,none,Mexican,14:00-22:00;,Sat;,yes
149,135055,cash,22.148854,-101.008472,0101000020957F00006610DA0F9F4758C12ED00BA771AC4B41,la Cochinita Pibil Restaurante Yucateco,Venustiano Carranza 2175 Jardin,San Luis Potosi,SLP,Mexico,?,78270,No_Alcohol_Served,section,informal,no_accessibility,high,?,familiar,f,closed,none,Mexican,14:00-20:30;,Sun;,yes
150,135055,VISA,22.148854,-101.008472,0101000020957F00006610DA0F9F4758C12ED00BA771AC4B41,la Cochinita Pibil Restaurante Yucateco,Venustiano Carranza 2175 Jardin,San Luis Potosi,SLP,Mexico,?,78270,No_Alcohol_Served,section,informal,no_accessibility,high,?,familiar,f,closed,none,Mexican,14:00-22:00;,Mon;Tue;Wed;Thu;Fri;,yes
151,135055,VISA,22.148854,-101.008472,0101000020957F00006610DA0F9F4758C12ED00BA771AC4B41,la Cochinita Pibil Restaurante Yucateco,Venustiano Carranza 2175 Jardin,San Luis Potosi,SLP,Mexico,?,78270,No_Alcohol_Served,section,informal,no_accessibility,high,?,familiar,f,closed,none,Mexican,14:00-22:00;,Sat;,yes
152,135055,VISA,22.148854,-101.008472,0101000020957F00006610DA0F9F4758C12ED00BA771AC4B41,la Cochinita Pibil Restaurante Yucateco,Venustiano Carranza 2175 Jardin,San Luis Potosi,SLP,Mexico,?,78270,No_Alcohol_Served,section,informal,no_accessibility,high,?,familiar,f,closed,none,Mexican,14:00-20:30;,Sun;,yes
153,135055,MasterCard-Eurocard,22.148854,-101.008472,0101000020957F00006610DA0F9F4758C12ED00BA771AC4B41,la Cochinita Pibil Restaurante Yucateco,Venustiano Carranza 2175 Jardin,San Luis Potosi,SLP,Mexico,?,78270,No_Alcohol_Served,section,informal,no_accessibility,high,?,familiar,f,closed,none,Mexican,14:00-22:00;,Mon;Tue;Wed;Thu;Fri;,yes
154,135055,MasterCard-Eurocard,22.148854,-101.008472,0101000020957F00006610DA0F9F4758C12ED00BA771AC4B41,la Cochinita Pibil Restaurante Yucateco,Venustiano Carranza 2175 Jardin,San Luis Potosi,SLP,Mexico,?,78270,No_Alcohol_Served,section,informal,no_accessibility,high,?,familiar,f,closed,none,Mexican,14:00-22:00;,Sat;,yes
155,135055,MasterCard-Eurocard,22.148854,-101.008472,0101000020957F00006610DA0F9F4758C12ED00BA771AC4B41,la Cochinita Pibil Restaurante Yucateco,Venustiano Carranza 2175 Jardin,San Luis Potosi,SLP,Mexico,?,78270,No_Alcohol_Served,section,informal,no_accessibility,high,?,familiar,f,closed,none,Mexican,14:00-20:30;,Sun;,yes
156,135055,American_Express,22.148854,-101.008472,0101000020957F00006610DA0F9F4758C12ED00BA771AC4B41,la Cochinita Pibil Restaurante Yucateco,Venustiano Carranza 2175 Jardin,San Luis Potosi,SLP,Mexico,?,78270,No_Alcohol_Served,section,informal,no_accessibility,high,?,familiar,f,closed,none,Mexican,14:00-22:00;,Mon;Tue;Wed;Thu;Fri;,yes
157,135055,American_Express,22.148854,-101.008472,0101000020957F00006610DA0F9F4758C12ED00BA771AC4B41,la Cochinita Pibil Restaurante Yucateco,Venustiano Carranza 2175 Jardin,San Luis Potosi,SLP,Mexico,?,78270,No_Alcohol_Served,section,informal,no_accessibility,high,?,familiar,f,closed,none,Mexican,14:00-22:00;,Sat;,yes
158,135055,American_Express,22.148854,-101.008472,0101000020957F00006610DA0F9F4758C12ED00BA771AC4B41,la Cochinita Pibil Restaurante Yucateco,Venustiano Carranza 2175 Jardin,San Luis Potosi,SLP,Mexico,?,78270,No_Alcohol_Served,section,informal,no_accessibility,high,?,familiar,f,closed,none,Mexican,14:00-20:30;,Sun;,yes
159,135054,cash,22.140626,-100.915657,0101000020957F000011E92CCE714B58C19BF8C0CA75924B41,Restaurante y Pescaderia Tampico,Ricardo B. Anaya 2700 Estrella de Oriente,San Luis Potosi,SLP,Mexico,?,78000S,No_Alcohol_Served,none,informal,no_accessibility,high,?,familiar,f,closed,none,Seafood,07:00-19:00;,Mon;Tue;Wed;Thu;Fri;,yes
160,135054,cash,22.140626,-100.915657,0101000020957F000011E92CCE714B58C19BF8C0CA75924B41,Restaurante y Pescaderia Tampico,Ricardo B. Anaya 2700 Estrella de Oriente,San Luis Potosi,SLP,Mexico,?,78000S,No_Alcohol_Served,none,informal,no_accessibility,high,?,familiar,f,closed,none,Seafood,07:00-19:00;,Sat;,yes
161,135054,cash,22.140626,-100.915657,0101000020957F000011E92CCE714B58C19BF8C0CA75924B41,Restaurante y Pescaderia Tampico,Ricardo B. Anaya 2700 Estrella de Oriente,San Luis Potosi,SLP,Mexico,?,78000S,No_Alcohol_Served,none,informal,no_accessibility,high,?,familiar,f,closed,none,Seafood,07:00-19:00;,Sun;,yes
162,135054,VISA,22.140626,-100.915657,0101000020957F000011E92CCE714B58C19BF8C0CA75924B41,Restaurante y Pescaderia Tampico,Ricardo B. Anaya 2700 Estrella de Oriente,San Luis Potosi,SLP,Mexico,?,78000S,No_Alcohol_Served,none,informal,no_accessibility,high,?,familiar,f,closed,none,Seafood,07:00-19:00;,Mon;Tue;Wed;Thu;Fri;,yes
163,135054,VISA,22.140626,-100.915657,0101000020957F000011E92CCE714B58C19BF8C0CA75924B41,Restaurante y Pescaderia Tampico,Ricardo B. Anaya 2700 Estrella de Oriente,San Luis Potosi,SLP,Mexico,?,78000S,No_Alcohol_Served,none,informal,no_accessibility,high,?,familiar,f,closed,none,Seafood,07:00-19:00;,Sat;,yes
164,135054,VISA,22.140626,-100.915657,0101000020957F000011E92CCE714B58C19BF8C0CA75924B41,Restaurante y Pescaderia Tampico,Ricardo B. Anaya 2700 Estrella de Oriente,San Luis Potosi,SLP,Mexico,?,78000S,No_Alcohol_Served,none,informal,no_accessibility,high,?,familiar,f,closed,none,Seafood,07:00-19:00;,Sun;,yes
165,135054,MasterCard-Eurocard,22.140626,-100.915657,0101000020957F000011E92CCE714B58C19BF8C0CA75924B41,Restaurante y Pescaderia Tampico,Ricardo B. Anaya 2700 Estrella de Oriente,San Luis Potosi,SLP,Mexico,?,78000S,No_Alcohol_Served,none,informal,no_accessibility,high,?,familiar,f,closed,none,Seafood,07:00-19:00;,Mon;Tue;Wed;Thu;Fri;,yes
166,135054,MasterCard-Eurocard,22.140626,-100.915657,0101000020957F000011E92CCE714B58C19BF8C0CA75924B41,Restaurante y Pescaderia Tampico,Ricardo B. Anaya 2700 Estrella de Oriente,San Luis Potosi,SLP,Mexico,?,78000S,No_Alcohol_Served,none,informal,no_accessibility,high,?,familiar,f,closed,none,Seafood,07:00-19:00;,Sat;,yes
167,135054,MasterCard-Eurocard,22.140626,-100.915657,0101000020957F000011E92CCE714B58C19BF8C0CA75924B41,Restaurante y Pescaderia Tampico,Ricardo B. Anaya 2700 Estrella de Oriente,San Luis Potosi,SLP,Mexico,?,78000S,No_Alcohol_Served,none,informal,no_accessibility,high,?,familiar,f,closed,none,Seafood,07:00-19:00;,Sun;,yes
168,135053,cash,22.178931,-101.012861,0101000020957F0000B3C05AB5E54258C180F99573E7AB4B41,La Fontana Pizza Restaurante and Cafe,Satelite 606 Satelite,San Luis Potosi,SLP,Mexico,?,62460,No_Alcohol_Served,section,informal,no_accessibility,high,?,familiar,f,closed,none,Cafeteria,11:00-22:00;,Mon;Tue;Wed;Thu;Fri;,yes
169,135053,cash,22.178931,-101.012861,0101000020957F0000B3C05AB5E54258C180F99573E7AB4B41,La Fontana Pizza Restaurante and Cafe,Satelite 606 Satelite,San Luis Potosi,SLP,Mexico,?,62460,No_Alcohol_Served,section,informal,no_accessibility,high,?,familiar,f,closed,none,Cafeteria,11:00-22:00;,Sat;,yes
170,135053,cash,22.178931,-101.012861,0101000020957F0000B3C05AB5E54258C180F99573E7AB4B41,La Fontana Pizza Restaurante and Cafe,Satelite 606 Satelite,San Luis Potosi,SLP,Mexico,?,62460,No_Alcohol_Served,section,informal,no_accessibility,high,?,familiar,f,closed,none,Cafeteria,11:00-22:00;,Sun;,yes
171,135053,cash,22.178931,-101.012861,0101000020957F0000B3C05AB5E54258C180F99573E7AB4B41,La Fontana Pizza Restaurante and Cafe,Satelite 606 Satelite,San Luis Potosi,SLP,Mexico,?,62460,No_Alcohol_Served,section,informal,no_accessibility,high,?,familiar,f,closed,none,Fast_Food,11:00-22:00;,Mon;Tue;Wed;Thu;Fri;,yes
172,135053,cash,22.178931,-101.012861,0101000020957F0000B3C05AB5E54258C180F99573E7AB4B41,La Fontana Pizza Restaurante and Cafe,Satelite 606 Satelite,San Luis Potosi,SLP,Mexico,?,62460,No_Alcohol_Served,section,informal,no_accessibility,high,?,familiar,f,closed,none,Fast_Food,11:00-22:00;,Sat;,yes
173,135053,cash,22.178931,-101.012861,0101000020957F0000B3C05AB5E54258C180F99573E7AB4B41,La Fontana Pizza Restaurante and Cafe,Satelite 606 Satelite,San Luis Potosi,SLP,Mexico,?,62460,No_Alcohol_Served,section,informal,no_accessibility,high,?,familiar,f,closed,none,Fast_Food,11:00-22:00;,Sun;,yes
174,135053,cash,22.178931,-101.012861,0101000020957F0000B3C05AB5E54258C180F99573E7AB4B41,La Fontana Pizza Restaurante and Cafe,Satelite 606 Satelite,San Luis Potosi,SLP,Mexico,?,62460,No_Alcohol_Served,section,informal,no_accessibility,high,?,familiar,f,closed,none,Pizzeria,11:00-22:00;,Mon;Tue;Wed;Thu;Fri;,yes
175,135053,cash,22.178931,-101.012861,0101000020957F0000B3C05AB5E54258C180F99573E7AB4B41,La Fontana Pizza Restaurante and Cafe,Satelite 606 Satelite,San Luis Potosi,SLP,Mexico,?,62460,No_Alcohol_Served,section,informal,no_accessibility,high,?,familiar,f,closed,none,Pizzeria,11:00-22:00;,Sat;,yes
176,135053,cash,22.178931,-101.012861,0101000020957F0000B3C05AB5E54258C180F99573E7AB4B41,La Fontana Pizza Restaurante and Cafe,Satelite 606 Satelite,San Luis Potosi,SLP,Mexico,?,62460,No_Alcohol_Served,section,informal,no_accessibility,high,?,familiar,f,closed,none,Pizzeria,11:00-22:00;,Sun;,yes
177,135053,VISA,22.178931,-101.012861,0101000020957F0000B3C05AB5E54258C180F99573E7AB4B41,La Fontana Pizza Restaurante and Cafe,Satelite 606 Satelite,San Luis Potosi,SLP,Mexico,?,62460,No_Alcohol_Served,section,informal,no_accessibility,high,?,familiar,f,closed,none,Cafeteria,11:00-22:00;,Mon;Tue;Wed;Thu;Fri;,yes
178,135053,VISA,22.178931,-101.012861,0101000020957F0000B3C05AB5E54258C180F99573E7AB4B41,La Fontana Pizza Restaurante and Cafe,Satelite 606 Satelite,San Luis Potosi,SLP,Mexico,?,62460,No_Alcohol_Served,section,informal,no_accessibility,high,?,familiar,f,closed,none,Cafeteria,11:00-22:00;,Sat;,yes
179,135053,VISA,22.178931,-101.012861,0101000020957F0000B3C05AB5E54258C180F99573E7AB4B41,La Fontana Pizza Restaurante and Cafe,Satelite 606 Satelite,San Luis Potosi,SLP,Mexico,?,62460,No_Alcohol_Served,section,informal,no_accessibility,high,?,familiar,f,closed,none,Cafeteria,11:00-22:00;,Sun;,yes
180,135053,VISA,22.178931,-101.012861,0101000020957F0000B3C05AB5E54258C180F99573E7AB4B41,La Fontana Pizza Restaurante and Cafe,Satelite 606 Satelite,San Luis Potosi,SLP,Mexico,?,62460,No_Alcohol_Served,section,informal,no_accessibility,high,?,familiar,f,closed,none,Fast_Food,11:00-22:00;,Mon;Tue;Wed;Thu;Fri;,yes
181,135053,VISA,22.178931,-101.012861,0101000020957F0000B3C05AB5E54258C180F99573E7AB4B41,La Fontana Pizza Restaurante and Cafe,Satelite 606 Satelite,San Luis Potosi,SLP,Mexico,?,62460,No_Alcohol_Served,section,informal,no_accessibility,high,?,familiar,f,closed,none,Fast_Food,11:00-22:00;,Sat;,yes
182,135053,VISA,22.178931,-101.012861,0101000020957F0000B3C05AB5E54258C180F99573E7AB4B41,La Fontana Pizza Restaurante and Cafe,Satelite 606 Satelite,San Luis Potosi,SLP,Mexico,?,62460,No_Alcohol_Served,section,informal,no_accessibility,high,?,familiar,f,closed,none,Fast_Food,11:00-22:00;,Sun;,yes
183,135053,VISA,22.178931,-101.012861,0101000020957F0000B3C05AB5E54258C180F99573E7AB4B41,La Fontana Pizza Restaurante and Cafe,Satelite 606 Satelite,San Luis Potosi,SLP,Mexico,?,62460,No_Alcohol_Served,section,informal,no_accessibility,high,?,familiar,f,closed,none,Pizzeria,11:00-22:00;,Mon;Tue;Wed;Thu;Fri;,yes
184,135053,VISA,22.178931,-101.012861,0101000020957F0000B3C05AB5E54258C180F99573E7AB4B41,La Fontana Pizza Restaurante and Cafe,Satelite 606 Satelite,San Luis Potosi,SLP,Mexico,?,62460,No_Alcohol_Served,section,informal,no_accessibility,high,?,familiar,f,closed,none,Pizzeria,11:00-22:00;,Sat;,yes
185,135053,VISA,22.178931,-101.012861,0101000020957F0000B3C05AB5E54258C180F99573E7AB4B41,La Fontana Pizza Restaurante and Cafe,Satelite 606 Satelite,San Luis Potosi,SLP,Mexico,?,62460,No_Alcohol_Served,section,informal,no_accessibility,high,?,familiar,f,closed,none,Pizzeria,11:00-22:00;,Sun;,yes
186,135053,MasterCard-Eurocard,22.178931,-101.012861,0101000020957F0000B3C05AB5E54258C180F99573E7AB4B41,La Fontana Pizza Restaurante and Cafe,Satelite 606 Satelite,San Luis Potosi,SLP,Mexico,?,62460,No_Alcohol_Served,section,informal,no_accessibility,high,?,familiar,f,closed,none,Cafeteria,11:00-22:00;,Mon;Tue;Wed;Thu;Fri;,yes
187,135053,MasterCard-Eurocard,22.178931,-101.012861,0101000020957F0000B3C05AB5E54258C180F99573E7AB4B41,La Fontana Pizza Restaurante and Cafe,Satelite 606 Satelite,San Luis Potosi,SLP,Mexico,?,62460,No_Alcohol_Served,section,informal,no_accessibility,high,?,familiar,f,closed,none,Cafeteria,11:00-22:00;,Sat;,yes
188,135053,MasterCard-Eurocard,22.178931,-101.012861,0101000020957F0000B3C05AB5E54258C180F99573E7AB4B41,La Fontana Pizza Restaurante and Cafe,Satelite 606 Satelite,San Luis Potosi,SLP,Mexico,?,62460,No_Alcohol_Served,section,informal,no_accessibility,high,?,familiar,f,closed,none,Cafeteria,11:00-22:00;,Sun;,yes
189,135053,MasterCard-Eurocard,22.178931,-101.012861,0101000020957F0000B3C05AB5E54258C180F99573E7AB4B41,La Fontana Pizza Restaurante and Cafe,Satelite 606 Satelite,San Luis Potosi,SLP,Mexico,?,62460,No_Alcohol_Served,section,informal,no_accessibility,high,?,familiar,f,closed,none,Fast_Food,11:00-22:00;,Mon;Tue;Wed;Thu;Fri;,yes
190,135053,MasterCard-Eurocard,22.178931,-101.012861,0101000020957F0000B3C05AB5E54258C180F99573E7AB4B41,La Fontana Pizza Restaurante and Cafe,Satelite 606 Satelite,San Luis Potosi,SLP,Mexico,?,62460,No_Alcohol_Served,section,informal,no_accessibility,high,?,familiar,f,closed,none,Fast_Food,11:00-22:00;,Sat;,yes
191,135053,MasterCard-Eurocard,22.178931,-101.012861,0101000020957F0000B3C05AB5E54258C180F99573E7AB4B41,La Fontana Pizza Restaurante and Cafe,Satelite 606 Satelite,San Luis Potosi,SLP,Mexico,?,62460,No_Alcohol_Served,section,informal,no_accessibility,high,?,familiar,f,closed,none,Fast_Food,11:00-22:00;,Sun;,yes
192,135053,MasterCard-Eurocard,22.178931,-101.012861,0101000020957F0000B3C05AB5E54258C180F99573E7AB4B41,La Fontana Pizza Restaurante and Cafe,Satelite 606 Satelite,San Luis Potosi,SLP,Mexico,?,62460,No_Alcohol_Served,section,informal,no_accessibility,high,?,familiar,f,closed,none,Pizzeria,11:00-22:00;,Mon;Tue;Wed;Thu;Fri;,yes
193,135053,MasterCard-Eurocard,22.178931,-101.012861,0101000020957F0000B3C05AB5E54258C180F99573E7AB4B41,La Fontana Pizza Restaurante and Cafe,Satelite 606 Satelite,San Luis Potosi,SLP,Mexico,?,62460,No_Alcohol_Served,section,informal,no_accessibility,high,?,familiar,f,closed,none,Pizzeria,11:00-22:00;,Sat;,yes
194,135053,MasterCard-Eurocard,22.178931,-101.012861,0101000020957F0000B3C05AB5E54258C180F99573E7AB4B41,La Fontana Pizza Restaurante and Cafe,Satelite 606 Satelite,San Luis Potosi,SLP,Mexico,?,62460,No_Alcohol_Served,section,informal,no_accessibility,high,?,familiar,f,closed,none,Pizzeria,11:00-22:00;,Sun;,yes
195,135053,American_Express,22.178931,-101.012861,0101000020957F0000B3C05AB5E54258C180F99573E7AB4B41,La Fontana Pizza Restaurante and Cafe,Satelite 606 Satelite,San Luis Potosi,SLP,Mexico,?,62460,No_Alcohol_Served,section,informal,no_accessibility,high,?,familiar,f,closed,none,Cafeteria,11:00-22:00;,Mon;Tue;Wed;Thu;Fri;,yes
196,135053,American_Express,22.178931,-101.012861,0101000020957F0000B3C05AB5E54258C180F99573E7AB4B41,La Fontana Pizza Restaurante and Cafe,Satelite 606 Satelite,San Luis Potosi,SLP,Mexico,?,62460,No_Alcohol_Served,section,informal,no_accessibility,high,?,familiar,f,closed,none,Cafeteria,11:00-22:00;,Sat;,yes
197,135053,American_Express,22.178931,-101.012861,0101000020957F0000B3C05AB5E54258C180F99573E7AB4B41,La Fontana Pizza Restaurante and Cafe,Satelite 606 Satelite,San Luis Potosi,SLP,Mexico,?,62460,No_Alcohol_Served,section,informal,no_accessibility,high,?,familiar,f,closed,none,Cafeteria,11:00-22:00;,Sun;,yes
198,135053,American_Express,22.178931,-101.012861,0101000020957F0000B3C05AB5E54258C180F99573E7AB4B41,La Fontana Pizza Restaurante and Cafe,Satelite 606 Satelite,San Luis Potosi,SLP,Mexico,?,62460,No_Alcohol_Served,section,informal,no_accessibility,high,?,familiar,f,closed,none,Fast_Food,11:00-22:00;,Mon;Tue;Wed;Thu;Fri;,yes
199,135053,American_Express,22.178931,-101.012861,0101000020957F0000B3C05AB5E54258C180F99573E7AB4B41,La Fontana Pizza Restaurante and Cafe,Satelite 606 Satelite,San Luis Potosi,SLP,Mexico,?,62460,No_Alcohol_Served,section,informal,no_accessibility,high,?,familiar,f,closed,none,Fast_Food,11:00-22:00;,Sat;,yes
200,135053,American_Express,22.178931,-101.012861,0101000020957F0000B3C05AB5E54258C180F99573E7AB4B41,La Fontana Pizza Restaurante and Cafe,Satelite 606 Satelite,San Luis Potosi,SLP,Mexico,?,62460,No_Alcohol_Served,section,informal,no_accessibility,high,?,familiar,f,closed,none,Fast_Food,11:00-22:00;,Sun;,yes
201,135053,American_Express,22.178931,-101.012861,0101000020957F0000B3C05AB5E54258C180F99573E7AB4B41,La Fontana Pizza Restaurante and Cafe,Satelite 606 Satelite,San Luis Potosi,SLP,Mexico,?,62460,No_Alcohol_Served,section,informal,no_accessibility,high,?,familiar,f,closed,none,Pizzeria,11:00-22:00;,Mon;Tue;Wed;Thu;Fri;,yes
202,135053,American_Express,22.178931,-101.012861,0101000020957F0000B3C05AB5E54258C180F99573E7AB4B41,La Fontana Pizza Restaurante and Cafe,Satelite 606 Satelite,San Luis Potosi,SLP,Mexico,?,62460,No_Alcohol_Served,section,informal,no_accessibility,high,?,familiar,f,closed,none,Pizzeria,11:00-22:00;,Sat;,yes
203,135053,American_Express,22.178931,-101.012861,0101000020957F0000B3C05AB5E54258C180F99573E7AB4B41,La Fontana Pizza Restaurante and Cafe,Satelite 606 Satelite,San Luis Potosi,SLP,Mexico,?,62460,No_Alcohol_Served,section,informal,no_accessibility,high,?,familiar,f,closed,none,Pizzeria,11:00-22:00;,Sun;,yes
204,135052,cash,22.150980999999998,-100.977412,0101000020957F0000B72147F1274858C189A406ED75A34B41,La Cantina Restaurante,Ignacio Aldama 300 Centro,San Luis Potosi,SLP,Mexico,?,78000,Full_Bar,none,informal,no_accessibility,high,lacantinaslp.com,familiar,f,closed,none,Bar,08:00-23:30;,Mon;Tue;Wed;Thu;Fri;,none
205,135052,cash,22.150980999999998,-100.977412,0101000020957F0000B72147F1274858C189A406ED75A34B41,La Cantina Restaurante,Ignacio Aldama 300 Centro,San Luis Potosi,SLP,Mexico,?,78000,Full_Bar,none,informal,no_accessibility,high,lacantinaslp.com,familiar,f,closed,none,Bar,08:00-23:30;,Sat;,none
206,135052,cash,22.150980999999998,-100.977412,0101000020957F0000B72147F1274858C189A406ED75A34B41,La Cantina Restaurante,Ignacio Aldama 300 Centro,San Luis Potosi,SLP,Mexico,?,78000,Full_Bar,none,informal,no_accessibility,high,lacantinaslp.com,familiar,f,closed,none,Bar,08:00-23:30;,Sun;,none
207,135052,cash,22.150980999999998,-100.977412,0101000020957F0000B72147F1274858C189A406ED75A34B41,La Cantina Restaurante,Ignacio Aldama 300 Centro,San Luis Potosi,SLP,Mexico,?,78000,Full_Bar,none,informal,no_accessibility,high,lacantinaslp.com,familiar,f,closed,none,Bar_Pub_Brewery,08:00-23:30;,Mon;Tue;Wed;Thu;Fri;,none
208,135052,cash,22.150980999999998,-100.977412,0101000020957F0000B72147F1274858C189A406ED75A34B41,La Cantina Restaurante,Ignacio Aldama 300 Centro,San Luis Potosi,SLP,Mexico,?,78000,Full_Bar,none,informal,no_accessibility,high,lacantinaslp.com,familiar,f,closed,none,Bar_Pub_Brewery,08:00-23:30;,Sat;,none
209,135052,cash,22.150980999999998,-100.977412,0101000020957F0000B72147F1274858C189A406ED75A34B41,La Cantina Restaurante,Ignacio Aldama 300 Centro,San Luis Potosi,SLP,Mexico,?,78000,Full_Bar,none,informal,no_accessibility,high,lacantinaslp.com,familiar,f,closed,none,Bar_Pub_Brewery,08:00-23:30;,Sun;,none
210,135052,VISA,22.150980999999998,-100.977412,0101000020957F0000B72147F1274858C189A406ED75A34B41,La Cantina Restaurante,Ignacio Aldama 300 Centro,San Luis Potosi,SLP,Mexico,?,78000,Full_Bar,none,informal,no_accessibility,high,lacantinaslp.com,familiar,f,closed,none,Bar,08:00-23:30;,Mon;Tue;Wed;Thu;Fri;,none
211,135052,VISA,22.150980999999998,-100.977412,0101000020957F0000B72147F1274858C189A406ED75A34B41,La Cantina Restaurante,Ignacio Aldama 300 Centro,San Luis Potosi,SLP,Mexico,?,78000,Full_Bar,none,informal,no_accessibility,high,lacantinaslp.com,familiar,f,closed,none,Bar,08:00-23:30;,Sat;,none
212,135052,VISA,22.150980999999998,-100.977412,0101000020957F0000B72147F1274858C189A406ED75A34B41,La Cantina Restaurante,Ignacio Aldama 300 Centro,San Luis Potosi,SLP,Mexico,?,78000,Full_Bar,none,informal,no_accessibility,high,lacantinaslp.com,familiar,f,closed,none,Bar,08:00-23:30;,Sun;,none
213,135052,VISA,22.150980999999998,-100.977412,0101000020957F0000B72147F1274858C189A406ED75A34B41,La Cantina Restaurante,Ignacio Aldama 300 Centro,San Luis Potosi,SLP,Mexico,?,78000,Full_Bar,none,informal,no_accessibility,high,lacantinaslp.com,familiar,f,closed,none,Bar_Pub_Brewery,08:00-23:30;,Mon;Tue;Wed;Thu;Fri;,none
214,135052,VISA,22.150980999999998,-100.977412,0101000020957F0000B72147F1274858C189A406ED75A34B41,La Cantina Restaurante,Ignacio Aldama 300 Centro,San Luis Potosi,SLP,Mexico,?,78000,Full_Bar,none,informal,no_accessibility,high,lacantinaslp.com,familiar,f,closed,none,Bar_Pub_Brewery,08:00-23:30;,Sat;,none
215,135052,VISA,22.150980999999998,-100.977412,0101000020957F0000B72147F1274858C189A406ED75A34B41,La Cantina Restaurante,Ignacio Aldama 300 Centro,San Luis Potosi,SLP,Mexico,?,78000,Full_Bar,none,informal,no_accessibility,high,lacantinaslp.com,familiar,f,closed,none,Bar_Pub_Brewery,08:00-23:30;,Sun;,none
216,135052,MasterCard-Eurocard,22.150980999999998,-100.977412,0101000020957F0000B72147F1274858C189A406ED75A34B41,La Cantina Restaurante,Ignacio Aldama 300 Centro,San Luis Potosi,SLP,Mexico,?,78000,Full_Bar,none,informal,no_accessibility,high,lacantinaslp.com,familiar,f,closed,none,Bar,08:00-23:30;,Mon;Tue;Wed;Thu;Fri;,none
217,135052,MasterCard-Eurocard,22.150980999999998,-100.977412,0101000020957F0000B72147F1274858C189A406ED75A34B41,La Cantina Restaurante,Ignacio Aldama 300 Centro,San Luis Potosi,SLP,Mexico,?,78000,Full_Bar,none,informal,no_accessibility,high,lacantinaslp.com,familiar,f,closed,none,Bar,08:00-23:30;,Sat;,none
218,135052,MasterCard-Eurocard,22.150980999999998,-100.977412,0101000020957F0000B72147F1274858C189A406ED75A34B41,La Cantina Restaurante,Ignacio Aldama 300 Centro,San Luis Potosi,SLP,Mexico,?,78000,Full_Bar,none,informal,no_accessibility,high,lacantinaslp.com,familiar,f,closed,none,Bar,08:00-23:30;,Sun;,none
219,135052,MasterCard-Eurocard,22.150980999999998,-100.977412,0101000020957F0000B72147F1274858C189A406ED75A34B41,La Cantina Restaurante,Ignacio Aldama 300 Centro,San Luis Potosi,SLP,Mexico,?,78000,Full_Bar,none,informal,no_accessibility,high,lacantinaslp.com,familiar,f,closed,none,Bar_Pub_Brewery,08:00-23:30;,Mon;Tue;Wed;Thu;Fri;,none
220,135052,MasterCard-Eurocard,22.150980999999998,-100.977412,0101000020957F0000B72147F1274858C189A406ED75A34B41,La Cantina Restaurante,Ignacio Aldama 300 Centro,San Luis Potosi,SLP,Mexico,?,78000,Full_Bar,none,informal,no_accessibility,high,lacantinaslp.com,familiar,f,closed,none,Bar_Pub_Brewery,08:00-23:30;,Sat;,none
221,135052,MasterCard-Eurocard,22.150980999999998,-100.977412,0101000020957F0000B72147F1274858C189A406ED75A34B41,La Cantina Restaurante,Ignacio Aldama 300 Centro,San Luis Potosi,SLP,Mexico,?,78000,Full_Bar,none,informal,no_accessibility,high,lacantinaslp.com,familiar,f,closed,none,Bar_Pub_Brewery,08:00-23:30;,Sun;,none
222,135049,cash,22.135011,-101.0286,0101000020957F00005DAD35642E4958C11BBCDE4A02B34B41,Restaurante de Mariscos la Langosta,Cordillera de Los Alpes 675 Loma Verde,San Luis Potosi,SLP,Mexico,?,78214,No_Alcohol_Served,none,informal,no_accessibility,medium,?,familiar,f,closed,none,Seafood,12:00-20:00;,Mon;Tue;Wed;Thu;Fri;,none
223,135049,cash,22.135011,-101.0286,0101000020957F00005DAD35642E4958C11BBCDE4A02B34B41,Restaurante de Mariscos la Langosta,Cordillera de Los Alpes 675 Loma Verde,San Luis Potosi,SLP,Mexico,?,78214,No_Alcohol_Served,none,informal,no_accessibility,medium,?,familiar,f,closed,none,Seafood,12:00-20:00;,Sat;,none
224,135049,cash,22.135011,-101.0286,0101000020957F00005DAD35642E4958C11BBCDE4A02B34B41,Restaurante de Mariscos la Langosta,Cordillera de Los Alpes 675 Loma Verde,San Luis Potosi,SLP,Mexico,?,78214,No_Alcohol_Served,none,informal,no_accessibility,medium,?,familiar,f,closed,none,Seafood,12:00-20:00;,Sun;,none
225,135048,cash,22.142017000000003,-100.999246,0101000020957F00008032636EEC4858C16CDF265038AA4B41,Restaurante Bar Fu-hao,Jesus Goytortua 390 Tangamanga,San Luis Potosi,SLP,Mexico,?,78269,Wine-Beer,none,informal,no_accessibility,high,?,familiar,f,closed,none,Bar,11:00-22:30;,Mon;Tue;Wed;Thu;Fri;,yes
226,135048,cash,22.142017000000003,-100.999246,0101000020957F00008032636EEC4858C16CDF265038AA4B41,Restaurante Bar Fu-hao,Jesus Goytortua 390 Tangamanga,San Luis Potosi,SLP,Mexico,?,78269,Wine-Beer,none,informal,no_accessibility,high,?,familiar,f,closed,none,Bar,11:00-22:30;,Sat;,yes
227,135048,cash,22.142017000000003,-100.999246,0101000020957F00008032636EEC4858C16CDF265038AA4B41,Restaurante Bar Fu-hao,Jesus Goytortua 390 Tangamanga,San Luis Potosi,SLP,Mexico,?,78269,Wine-Beer,none,informal,no_accessibility,high,?,familiar,f,closed,none,Bar,11:00-22:30;,Sun;,yes
228,135048,VISA,22.142017000000003,-100.999246,0101000020957F00008032636EEC4858C16CDF265038AA4B41,Restaurante Bar Fu-hao,Jesus Goytortua 390 Tangamanga,San Luis Potosi,SLP,Mexico,?,78269,Wine-Beer,none,informal,no_accessibility,high,?,familiar,f,closed,none,Bar,11:00-22:30;,Mon;Tue;Wed;Thu;Fri;,yes
229,135048,VISA,22.142017000000003,-100.999246,0101000020957F00008032636EEC4858C16CDF265038AA4B41,Restaurante Bar Fu-hao,Jesus Goytortua 390 Tangamanga,San Luis Potosi,SLP,Mexico,?,78269,Wine-Beer,none,informal,no_accessibility,high,?,familiar,f,closed,none,Bar,11:00-22:30;,Sat;,yes
230,135048,VISA,22.142017000000003,-100.999246,0101000020957F00008032636EEC4858C16CDF265038AA4B41,Restaurante Bar Fu-hao,Jesus Goytortua 390 Tangamanga,San Luis Potosi,SLP,Mexico,?,78269,Wine-Beer,none,informal,no_accessibility,high,?,familiar,f,closed,none,Bar,11:00-22:30;,Sun;,yes
231,135048,MasterCard-Eurocard,22.142017000000003,-100.999246,0101000020957F00008032636EEC4858C16CDF265038AA4B41,Restaurante Bar Fu-hao,Jesus Goytortua 390 Tangamanga,San Luis Potosi,SLP,Mexico,?,78269,Wine-Beer,none,informal,no_accessibility,high,?,familiar,f,closed,none,Bar,11:00-22:30;,Mon;Tue;Wed;Thu;Fri;,yes
232,135048,MasterCard-Eurocard,22.142017000000003,-100.999246,0101000020957F00008032636EEC4858C16CDF265038AA4B41,Restaurante Bar Fu-hao,Jesus Goytortua 390 Tangamanga,San Luis Potosi,SLP,Mexico,?,78269,Wine-Beer,none,informal,no_accessibility,high,?,familiar,f,closed,none,Bar,11:00-22:30;,Sat;,yes
233,135048,MasterCard-Eurocard,22.142017000000003,-100.999246,0101000020957F00008032636EEC4858C16CDF265038AA4B41,Restaurante Bar Fu-hao,Jesus Goytortua 390 Tangamanga,San Luis Potosi,SLP,Mexico,?,78269,Wine-Beer,none,informal,no_accessibility,high,?,familiar,f,closed,none,Bar,11:00-22:30;,Sun;,yes
234,135048,American_Express,22.142017000000003,-100.999246,0101000020957F00008032636EEC4858C16CDF265038AA4B41,Restaurante Bar Fu-hao,Jesus Goytortua 390 Tangamanga,San Luis Potosi,SLP,Mexico,?,78269,Wine-Beer,none,informal,no_accessibility,high,?,familiar,f,closed,none,Bar,11:00-22:30;,Mon;Tue;Wed;Thu;Fri;,yes
235,135048,American_Express,22.142017000000003,-100.999246,0101000020957F00008032636EEC4858C16CDF265038AA4B41,Restaurante Bar Fu-hao,Jesus Goytortua 390 Tangamanga,San Luis Potosi,SLP,Mexico,?,78269,Wine-Beer,none,informal,no_accessibility,high,?,familiar,f,closed,none,Bar,11:00-22:30;,Sat;,yes
236,135048,American_Express,22.142017000000003,-100.999246,0101000020957F00008032636EEC4858C16CDF265038AA4B41,Restaurante Bar Fu-hao,Jesus Goytortua 390 Tangamanga,San Luis Potosi,SLP,Mexico,?,78269,Wine-Beer,none,informal,no_accessibility,high,?,familiar,f,closed,none,Bar,11:00-22:30;,Sun;,yes
237,135046,cash,22.141282,-101.00295799999999,0101000020957F000011DFB4E3EE4858C13F78758452AB4B41,Restaurante El Reyecito,Agricultura 595 del Valle,San Luis Potosi,SLP,Mexico,?,78200,No_Alcohol_Served,none,informal,no_accessibility,medium,reyecito.com,familiar,f,closed,none,Fast_Food,08:30-21:00;,Mon;Tue;Wed;Thu;Fri;,yes
238,135046,cash,22.141282,-101.00295799999999,0101000020957F000011DFB4E3EE4858C13F78758452AB4B41,Restaurante El Reyecito,Agricultura 595 del Valle,San Luis Potosi,SLP,Mexico,?,78200,No_Alcohol_Served,none,informal,no_accessibility,medium,reyecito.com,familiar,f,closed,none,Fast_Food,08:30-21:00;,Sat;,yes
239,135046,cash,22.141282,-101.00295799999999,0101000020957F000011DFB4E3EE4858C13F78758452AB4B41,Restaurante El Reyecito,Agricultura 595 del Valle,San Luis Potosi,SLP,Mexico,?,78200,No_Alcohol_Served,none,informal,no_accessibility,medium,reyecito.com,familiar,f,closed,none,Fast_Food,08:30-21:00;,Sun;,yes
240,135046,VISA,22.141282,-101.00295799999999,0101000020957F000011DFB4E3EE4858C13F78758452AB4B41,Restaurante El Reyecito,Agricultura 595 del Valle,San Luis Potosi,SLP,Mexico,?,78200,No_Alcohol_Served,none,informal,no_accessibility,medium,reyecito.com,familiar,f,closed,none,Fast_Food,08:30-21:00;,Mon;Tue;Wed;Thu;Fri;,yes
241,135046,VISA,22.141282,-101.00295799999999,0101000020957F000011DFB4E3EE4858C13F78758452AB4B41,Restaurante El Reyecito,Agricultura 595 del Valle,San Luis Potosi,SLP,Mexico,?,78200,No_Alcohol_Served,none,informal,no_accessibility,medium,reyecito.com,familiar,f,closed,none,Fast_Food,08:30-21:00;,Sat;,yes
242,135046,VISA,22.141282,-101.00295799999999,0101000020957F000011DFB4E3EE4858C13F78758452AB4B41,Restaurante El Reyecito,Agricultura 595 del Valle,San Luis Potosi,SLP,Mexico,?,78200,No_Alcohol_Served,none,informal,no_accessibility,medium,reyecito.com,familiar,f,closed,none,Fast_Food,08:30-21:00;,Sun;,yes
243,135046,MasterCard-Eurocard,22.141282,-101.00295799999999,0101000020957F000011DFB4E3EE4858C13F78758452AB4B41,Restaurante El Reyecito,Agricultura 595 del Valle,San Luis Potosi,SLP,Mexico,?,78200,No_Alcohol_Served,none,informal,no_accessibility,medium,reyecito.com,familiar,f,closed,none,Fast_Food,08:30-21:00;,Mon;Tue;Wed;Thu;Fri;,yes
244,135046,MasterCard-Eurocard,22.141282,-101.00295799999999,0101000020957F000011DFB4E3EE4858C13F78758452AB4B41,Restaurante El Reyecito,Agricultura 595 del Valle,San Luis Potosi,SLP,Mexico,?,78200,No_Alcohol_Served,none,informal,no_accessibility,medium,reyecito.com,familiar,f,closed,none,Fast_Food,08:30-21:00;,Sat;,yes
245,135046,MasterCard-Eurocard,22.141282,-101.00295799999999,0101000020957F000011DFB4E3EE4858C13F78758452AB4B41,Restaurante El Reyecito,Agricultura 595 del Valle,San Luis Potosi,SLP,Mexico,?,78200,No_Alcohol_Served,none,informal,no_accessibility,medium,reyecito.com,familiar,f,closed,none,Fast_Food,08:30-21:00;,Sun;,yes
246,135044,cash,22.141848,-100.997475,0101000020957F0000C8B62F9EFF4858C14FA6C296B9A94B41,Restaurant Wu Zhuo Yi,Himno Nacional 100 Avenida,San Luis Potosi,SLP,Mexico,?,78240,No_Alcohol_Served,none,informal,no_accessibility,medium,?,familiar,f,closed,none,Chinese,13:00-22:30;,Mon;Tue;Wed;Thu;Fri;,none
247,135044,cash,22.141848,-100.997475,0101000020957F0000C8B62F9EFF4858C14FA6C296B9A94B41,Restaurant Wu Zhuo Yi,Himno Nacional 100 Avenida,San Luis Potosi,SLP,Mexico,?,78240,No_Alcohol_Served,none,informal,no_accessibility,medium,?,familiar,f,closed,none,Chinese,13:00-22:30;,Sat;,none
248,135044,cash,22.141848,-100.997475,0101000020957F0000C8B62F9EFF4858C14FA6C296B9A94B41,Restaurant Wu Zhuo Yi,Himno Nacional 100 Avenida,San Luis Potosi,SLP,Mexico,?,78240,No_Alcohol_Served,none,informal,no_accessibility,medium,?,familiar,f,closed,none,Chinese,13:00-22:30;,Sun;,none
249,135043,cash,22.185756,-100.944518,0101000020957F00006B9D7207BE4358C12419118D05984B41,pizza clasica,524 Soledad de Graciano Sanchez,Soledad,SLP,Mexico,?,?,No_Alcohol_Served,none,informal,no_accessibility,medium,?,familiar,f,closed,none,Fast_Food,00:00-00:00;,Mon;Tue;Wed;Thu;Fri;,none
250,135043,cash,22.185756,-100.944518,0101000020957F00006B9D7207BE4358C12419118D05984B41,pizza clasica,524 Soledad de Graciano Sanchez,Soledad,SLP,Mexico,?,?,No_Alcohol_Served,none,informal,no_accessibility,medium,?,familiar,f,closed,none,Fast_Food,00:00-00:00;,Sat;,none
251,135043,cash,22.185756,-100.944518,0101000020957F00006B9D7207BE4358C12419118D05984B41,pizza clasica,524 Soledad de Graciano Sanchez,Soledad,SLP,Mexico,?,?,No_Alcohol_Served,none,informal,no_accessibility,medium,?,familiar,f,closed,none,Fast_Food,00:00-00:00;,Sun;,none
252,135043,cash,22.185756,-100.944518,0101000020957F00006B9D7207BE4358C12419118D05984B41,pizza clasica,524 Soledad de Graciano Sanchez,Soledad,SLP,Mexico,?,?,No_Alcohol_Served,none,informal,no_accessibility,medium,?,familiar,f,closed,none,Pizzeria,00:00-00:00;,Mon;Tue;Wed;Thu;Fri;,none
253,135043,cash,22.185756,-100.944518,0101000020957F00006B9D7207BE4358C12419118D05984B41,pizza clasica,524 Soledad de Graciano Sanchez,Soledad,SLP,Mexico,?,?,No_Alcohol_Served,none,informal,no_accessibility,medium,?,familiar,f,closed,none,Pizzeria,00:00-00:00;,Sat;,none
254,135043,cash,22.185756,-100.944518,0101000020957F00006B9D7207BE4358C12419118D05984B41,pizza clasica,524 Soledad de Graciano Sanchez,Soledad,SLP,Mexico,?,?,No_Alcohol_Served,none,informal,no_accessibility,medium,?,familiar,f,closed,none,Pizzeria,00:00-00:00;,Sun;,none
255,135042,cash,22.159357,-100.973411,0101000020957F0000C66BB014FC4658C17CFE8D93D2A14B41,Restaurant Oriental Express,Tangamanga 7 Tangamanga,San Luis Potosi,SLP,Mexico,?,78269,No_Alcohol_Served,none,informal,no_accessibility,medium,?,familiar,f,closed,none,Chinese,11:00-21:30;,Mon;Tue;Wed;Thu;Fri;,none
256,135042,cash,22.159357,-100.973411,0101000020957F0000C66BB014FC4658C17CFE8D93D2A14B41,Restaurant Oriental Express,Tangamanga 7 Tangamanga,San Luis Potosi,SLP,Mexico,?,78269,No_Alcohol_Served,none,informal,no_accessibility,medium,?,familiar,f,closed,none,Chinese,11:00-21:30;,Sat;,none
257,135042,cash,22.159357,-100.973411,0101000020957F0000C66BB014FC4658C17CFE8D93D2A14B41,Restaurant Oriental Express,Tangamanga 7 Tangamanga,San Luis Potosi,SLP,Mexico,?,78269,No_Alcohol_Served,none,informal,no_accessibility,medium,?,familiar,f,closed,none,Chinese,11:00-21:30;,Sun;,none
258,135041,cash,22.15106,-100.977659,0101000020957F0000D2002719234858C1CC7A9FC186A34B41,Luna Cafe,Francisco I. Madero 215,San Luis Potosi,SLP,Mexico,?,?,Wine-Beer,none,informal,no_accessibility,medium,lunacafe.com.mx,familiar,f,closed,none,Bar,00:00-00:00;,Mon;Tue;Wed;Thu;Fri;,none
259,135041,cash,22.15106,-100.977659,0101000020957F0000D2002719234858C1CC7A9FC186A34B41,Luna Cafe,Francisco I. Madero 215,San Luis Potosi,SLP,Mexico,?,?,Wine-Beer,none,informal,no_accessibility,medium,lunacafe.com.mx,familiar,f,closed,none,Bar,00:00-00:00;,Sat;,none
260,135041,cash,22.15106,-100.977659,0101000020957F0000D2002719234858C1CC7A9FC186A34B41,Luna Cafe,Francisco I. Madero 215,San Luis Potosi,SLP,Mexico,?,?,Wine-Beer,none,informal,no_accessibility,medium,lunacafe.com.mx,familiar,f,closed,none,Bar,00:00-00:00;,Sun;,none
261,135041,cash,22.15106,-100.977659,0101000020957F0000D2002719234858C1CC7A9FC186A34B41,Luna Cafe,Francisco I. Madero 215,San Luis Potosi,SLP,Mexico,?,?,Wine-Beer,none,informal,no_accessibility,medium,lunacafe.com.mx,familiar,f,closed,none,Cafeteria,00:00-00:00;,Mon;Tue;Wed;Thu;Fri;,none
262,135041,cash,22.15106,-100.977659,0101000020957F0000D2002719234858C1CC7A9FC186A34B41,Luna Cafe,Francisco I. Madero 215,San Luis Potosi,SLP,Mexico,?,?,Wine-Beer,none,informal,no_accessibility,medium,lunacafe.com.mx,familiar,f,closed,none,Cafeteria,00:00-00:00;,Sat;,none
263,135041,cash,22.15106,-100.977659,0101000020957F0000D2002719234858C1CC7A9FC186A34B41,Luna Cafe,Francisco I. Madero 215,San Luis Potosi,SLP,Mexico,?,?,Wine-Beer,none,informal,no_accessibility,medium,lunacafe.com.mx,familiar,f,closed,none,Cafeteria,00:00-00:00;,Sun;,none
264,135039,cash,22.145893,-100.97487,0101000020957F000040D5CE4E014958C177DC62AE09A34B41,Restaurant de Mariscos de Picon,Miguel Barragan 46 Centro,San Luis Potosi,SLP,Mexico,?,79300,No_Alcohol_Served,section,informal,no_accessibility,low,?,familiar,f,closed,none,Seafood,10:00-20:00;,Mon;Tue;Wed;Thu;Fri;,yes
265,135039,cash,22.145893,-100.97487,0101000020957F000040D5CE4E014958C177DC62AE09A34B41,Restaurant de Mariscos de Picon,Miguel Barragan 46 Centro,San Luis Potosi,SLP,Mexico,?,79300,No_Alcohol_Served,section,informal,no_accessibility,low,?,familiar,f,closed,none,Seafood,10:00-20:00;,Sat;,yes
266,135039,cash,22.145893,-100.97487,0101000020957F000040D5CE4E014958C177DC62AE09A34B41,Restaurant de Mariscos de Picon,Miguel Barragan 46 Centro,San Luis Potosi,SLP,Mexico,?,79300,No_Alcohol_Served,section,informal,no_accessibility,low,?,familiar,f,closed,none,Seafood,10:00-20:00;,Sun;,yes
267,135035,cash,22.145813,-101.01803199999999,0101000020957F00004DDB874CD24758C1F29E91E259AF4B41,El Mundo de la Pasta,Rio Papaloapan 265 Lomas de San Luis (3),San Luis Potosi,SLP,Mexico,?,78210,No_Alcohol_Served,section,informal,no_accessibility,high,?,familiar,f,closed,none,Italian,13:30-23:30;,Mon;Tue;Wed;Thu;Fri;,yes
268,135035,cash,22.145813,-101.01803199999999,0101000020957F00004DDB874CD24758C1F29E91E259AF4B41,El Mundo de la Pasta,Rio Papaloapan 265 Lomas de San Luis (3),San Luis Potosi,SLP,Mexico,?,78210,No_Alcohol_Served,section,informal,no_accessibility,high,?,familiar,f,closed,none,Italian,13:30-23:30;,Sat;,yes
269,135035,cash,22.145813,-101.01803199999999,0101000020957F00004DDB874CD24758C1F29E91E259AF4B41,El Mundo de la Pasta,Rio Papaloapan 265 Lomas de San Luis (3),San Luis Potosi,SLP,Mexico,?,78210,No_Alcohol_Served,section,informal,no_accessibility,high,?,familiar,f,closed,none,Italian,13:30-18:30;,Sun;,yes
270,135035,VISA,22.145813,-101.01803199999999,0101000020957F00004DDB874CD24758C1F29E91E259AF4B41,El Mundo de la Pasta,Rio Papaloapan 265 Lomas de San Luis (3),San Luis Potosi,SLP,Mexico,?,78210,No_Alcohol_Served,section,informal,no_accessibility,high,?,familiar,f,closed,none,Italian,13:30-23:30;,Mon;Tue;Wed;Thu;Fri;,yes
271,135035,VISA,22.145813,-101.01803199999999,0101000020957F00004DDB874CD24758C1F29E91E259AF4B41,El Mundo de la Pasta,Rio Papaloapan 265 Lomas de San Luis (3),San Luis Potosi,SLP,Mexico,?,78210,No_Alcohol_Served,section,informal,no_accessibility,high,?,familiar,f,closed,none,Italian,13:30-23:30;,Sat;,yes
272,135035,VISA,22.145813,-101.01803199999999,0101000020957F00004DDB874CD24758C1F29E91E259AF4B41,El Mundo de la Pasta,Rio Papaloapan 265 Lomas de San Luis (3),San Luis Potosi,SLP,Mexico,?,78210,No_Alcohol_Served,section,informal,no_accessibility,high,?,familiar,f,closed,none,Italian,13:30-18:30;,Sun;,yes
273,135035,MasterCard-Eurocard,22.145813,-101.01803199999999,0101000020957F00004DDB874CD24758C1F29E91E259AF4B41,El Mundo de la Pasta,Rio Papaloapan 265 Lomas de San Luis (3),San Luis Potosi,SLP,Mexico,?,78210,No_Alcohol_Served,section,informal,no_accessibility,high,?,familiar,f,closed,none,Italian,13:30-23:30;,Mon;Tue;Wed;Thu;Fri;,yes
274,135035,MasterCard-Eurocard,22.145813,-101.01803199999999,0101000020957F00004DDB874CD24758C1F29E91E259AF4B41,El Mundo de la Pasta,Rio Papaloapan 265 Lomas de San Luis (3),San Luis Potosi,SLP,Mexico,?,78210,No_Alcohol_Served,section,informal,no_accessibility,high,?,familiar,f,closed,none,Italian,13:30-23:30;,Sat;,yes
275,135035,MasterCard-Eurocard,22.145813,-101.01803199999999,0101000020957F00004DDB874CD24758C1F29E91E259AF4B41,El Mundo de la Pasta,Rio Papaloapan 265 Lomas de San Luis (3),San Luis Potosi,SLP,Mexico,?,78210,No_Alcohol_Served,section,informal,no_accessibility,high,?,familiar,f,closed,none,Italian,13:30-18:30;,Sun;,yes
276,135035,American_Express,22.145813,-101.01803199999999,0101000020957F00004DDB874CD24758C1F29E91E259AF4B41,El Mundo de la Pasta,Rio Papaloapan 265 Lomas de San Luis (3),San Luis Potosi,SLP,Mexico,?,78210,No_Alcohol_Served,section,informal,no_accessibility,high,?,familiar,f,closed,none,Italian,13:30-23:30;,Mon;Tue;Wed;Thu;Fri;,yes
277,135035,American_Express,22.145813,-101.01803199999999,0101000020957F00004DDB874CD24758C1F29E91E259AF4B41,El Mundo de la Pasta,Rio Papaloapan 265 Lomas de San Luis (3),San Luis Potosi,SLP,Mexico,?,78210,No_Alcohol_Served,section,informal,no_accessibility,high,?,familiar,f,closed,none,Italian,13:30-23:30;,Sat;,yes
278,135035,American_Express,22.145813,-101.01803199999999,0101000020957F00004DDB874CD24758C1F29E91E259AF4B41,El Mundo de la Pasta,Rio Papaloapan 265 Lomas de San Luis (3),San Luis Potosi,SLP,Mexico,?,78210,No_Alcohol_Served,section,informal,no_accessibility,high,?,familiar,f,closed,none,Italian,13:30-18:30;,Sun;,yes
279,135034,cash,22.140517000000003,-101.021422,0101000020957F000026D92BB4894858C161A7552DA2B04B41,Michiko Restaurant Japones,Cordillera de Los Alpes 160 Lomas 2 Seccion,San Luis Potosi,SLP,Mexico,?,78210,No_Alcohol_Served,none,informal,no_accessibility,medium,?,familiar,f,closed,none,Japanese,13:30-23:00;,Mon;Tue;Wed;Thu;Fri;,none
280,135034,cash,22.140517000000003,-101.021422,0101000020957F000026D92BB4894858C161A7552DA2B04B41,Michiko Restaurant Japones,Cordillera de Los Alpes 160 Lomas 2 Seccion,San Luis Potosi,SLP,Mexico,?,78210,No_Alcohol_Served,none,informal,no_accessibility,medium,?,familiar,f,closed,none,Japanese,13:30-23:00;,Sat;,none
281,135034,cash,22.140517000000003,-101.021422,0101000020957F000026D92BB4894858C161A7552DA2B04B41,Michiko Restaurant Japones,Cordillera de Los Alpes 160 Lomas 2 Seccion,San Luis Potosi,SLP,Mexico,?,78210,No_Alcohol_Served,none,informal,no_accessibility,medium,?,familiar,f,closed,none,Japanese,13:30-19:00;,Sun;,none
282,135034,VISA,22.140517000000003,-101.021422,0101000020957F000026D92BB4894858C161A7552DA2B04B41,Michiko Restaurant Japones,Cordillera de Los Alpes 160 Lomas 2 Seccion,San Luis Potosi,SLP,Mexico,?,78210,No_Alcohol_Served,none,informal,no_accessibility,medium,?,familiar,f,closed,none,Japanese,13:30-23:00;,Mon;Tue;Wed;Thu;Fri;,none
283,135034,VISA,22.140517000000003,-101.021422,0101000020957F000026D92BB4894858C161A7552DA2B04B41,Michiko Restaurant Japones,Cordillera de Los Alpes 160 Lomas 2 Seccion,San Luis Potosi,SLP,Mexico,?,78210,No_Alcohol_Served,none,informal,no_accessibility,medium,?,familiar,f,closed,none,Japanese,13:30-23:00;,Sat;,none
284,135034,VISA,22.140517000000003,-101.021422,0101000020957F000026D92BB4894858C161A7552DA2B04B41,Michiko Restaurant Japones,Cordillera de Los Alpes 160 Lomas 2 Seccion,San Luis Potosi,SLP,Mexico,?,78210,No_Alcohol_Served,none,informal,no_accessibility,medium,?,familiar,f,closed,none,Japanese,13:30-19:00;,Sun;,none
285,135034,MasterCard-Eurocard,22.140517000000003,-101.021422,0101000020957F000026D92BB4894858C161A7552DA2B04B41,Michiko Restaurant Japones,Cordillera de Los Alpes 160 Lomas 2 Seccion,San Luis Potosi,SLP,Mexico,?,78210,No_Alcohol_Served,none,informal,no_accessibility,medium,?,familiar,f,closed,none,Japanese,13:30-23:00;,Mon;Tue;Wed;Thu;Fri;,none
286,135034,MasterCard-Eurocard,22.140517000000003,-101.021422,0101000020957F000026D92BB4894858C161A7552DA2B04B41,Michiko Restaurant Japones,Cordillera de Los Alpes 160 Lomas 2 Seccion,San Luis Potosi,SLP,Mexico,?,78210,No_Alcohol_Served,none,informal,no_accessibility,medium,?,familiar,f,closed,none,Japanese,13:30-23:00;,Sat;,none
287,135034,MasterCard-Eurocard,22.140517000000003,-101.021422,0101000020957F000026D92BB4894858C161A7552DA2B04B41,Michiko Restaurant Japones,Cordillera de Los Alpes 160 Lomas 2 Seccion,San Luis Potosi,SLP,Mexico,?,78210,No_Alcohol_Served,none,informal,no_accessibility,medium,?,familiar,f,closed,none,Japanese,13:30-19:00;,Sun;,none
288,135034,American_Express,22.140517000000003,-101.021422,0101000020957F000026D92BB4894858C161A7552DA2B04B41,Michiko Restaurant Japones,Cordillera de Los Alpes 160 Lomas 2 Seccion,San Luis Potosi,SLP,Mexico,?,78210,No_Alcohol_Served,none,informal,no_accessibility,medium,?,familiar,f,closed,none,Japanese,13:30-23:00;,Mon;Tue;Wed;Thu;Fri;,none
289,135034,American_Express,22.140517000000003,-101.021422,0101000020957F000026D92BB4894858C161A7552DA2B04B41,Michiko Restaurant Japones,Cordillera de Los Alpes 160 Lomas 2 Seccion,San Luis Potosi,SLP,Mexico,?,78210,No_Alcohol_Served,none,informal,no_accessibility,medium,?,familiar,f,closed,none,Japanese,13:30-23:00;,Sat;,none
290,135034,American_Express,22.140517000000003,-101.021422,0101000020957F000026D92BB4894858C161A7552DA2B04B41,Michiko Restaurant Japones,Cordillera de Los Alpes 160 Lomas 2 Seccion,San Luis Potosi,SLP,Mexico,?,78210,No_Alcohol_Served,none,informal,no_accessibility,medium,?,familiar,f,closed,none,Japanese,13:30-19:00;,Sun;,none
291,135032,cash,22.152480999999998,-100.973486,0101000020957F000017D69FF5084858C1A8F2188740A24B41,Cafeteria y Restaurant El Pacifico,Constitucion 200 Centro,San Luis Potosi,SLP,Mexico,?,78000,Wine-Beer,section,informal,no_accessibility,medium,?,familiar,f,closed,none,Cafeteria,07:00-23:30;,Mon;Tue;Wed;Thu;Fri;,public
292,135032,cash,22.152480999999998,-100.973486,0101000020957F000017D69FF5084858C1A8F2188740A24B41,Cafeteria y Restaurant El Pacifico,Constitucion 200 Centro,San Luis Potosi,SLP,Mexico,?,78000,Wine-Beer,section,informal,no_accessibility,medium,?,familiar,f,closed,none,Cafeteria,07:00-23:30;,Sat;,public
293,135032,cash,22.152480999999998,-100.973486,0101000020957F000017D69FF5084858C1A8F2188740A24B41,Cafeteria y Restaurant El Pacifico,Constitucion 200 Centro,San Luis Potosi,SLP,Mexico,?,78000,Wine-Beer,section,informal,no_accessibility,medium,?,familiar,f,closed,none,Cafeteria,07:00-23:30;,Sun;,public
294,135032,cash,22.152480999999998,-100.973486,0101000020957F000017D69FF5084858C1A8F2188740A24B41,Cafeteria y Restaurant El Pacifico,Constitucion 200 Centro,San Luis Potosi,SLP,Mexico,?,78000,Wine-Beer,section,informal,no_accessibility,medium,?,familiar,f,closed,none,Contemporary,07:00-23:30;,Mon;Tue;Wed;Thu;Fri;,public
295,135032,cash,22.152480999999998,-100.973486,0101000020957F000017D69FF5084858C1A8F2188740A24B41,Cafeteria y Restaurant El Pacifico,Constitucion 200 Centro,San Luis Potosi,SLP,Mexico,?,78000,Wine-Beer,section,informal,no_accessibility,medium,?,familiar,f,closed,none,Contemporary,07:00-23:30;,Sat;,public
296,135032,cash,22.152480999999998,-100.973486,0101000020957F000017D69FF5084858C1A8F2188740A24B41,Cafeteria y Restaurant El Pacifico,Constitucion 200 Centro,San Luis Potosi,SLP,Mexico,?,78000,Wine-Beer,section,informal,no_accessibility,medium,?,familiar,f,closed,none,Contemporary,07:00-23:30;,Sun;,public
297,135032,VISA,22.152480999999998,-100.973486,0101000020957F000017D69FF5084858C1A8F2188740A24B41,Cafeteria y Restaurant El Pacifico,Constitucion 200 Centro,San Luis Potosi,SLP,Mexico,?,78000,Wine-Beer,section,informal,no_accessibility,medium,?,familiar,f,closed,none,Cafeteria,07:00-23:30;,Mon;Tue;Wed;Thu;Fri;,public
298,135032,VISA,22.152480999999998,-100.973486,0101000020957F000017D69FF5084858C1A8F2188740A24B41,Cafeteria y Restaurant El Pacifico,Constitucion 200 Centro,San Luis Potosi,SLP,Mexico,?,78000,Wine-Beer,section,informal,no_accessibility,medium,?,familiar,f,closed,none,Cafeteria,07:00-23:30;,Sat;,public
299,135032,VISA,22.152480999999998,-100.973486,0101000020957F000017D69FF5084858C1A8F2188740A24B41,Cafeteria y Restaurant El Pacifico,Constitucion 200 Centro,San Luis Potosi,SLP,Mexico,?,78000,Wine-Beer,section,informal,no_accessibility,medium,?,familiar,f,closed,none,Cafeteria,07:00-23:30;,Sun;,public
300,135032,VISA,22.152480999999998,-100.973486,0101000020957F000017D69FF5084858C1A8F2188740A24B41,Cafeteria y Restaurant El Pacifico,Constitucion 200 Centro,San Luis Potosi,SLP,Mexico,?,78000,Wine-Beer,section,informal,no_accessibility,medium,?,familiar,f,closed,none,Contemporary,07:00-23:30;,Mon;Tue;Wed;Thu;Fri;,public
301,135032,VISA,22.152480999999998,-100.973486,0101000020957F000017D69FF5084858C1A8F2188740A24B41,Cafeteria y Restaurant El Pacifico,Constitucion 200 Centro,San Luis Potosi,SLP,Mexico,?,78000,Wine-Beer,section,informal,no_accessibility,medium,?,familiar,f,closed,none,Contemporary,07:00-23:30;,Sat;,public
302,135032,VISA,22.152480999999998,-100.973486,0101000020957F000017D69FF5084858C1A8F2188740A24B41,Cafeteria y Restaurant El Pacifico,Constitucion 200 Centro,San Luis Potosi,SLP,Mexico,?,78000,Wine-Beer,section,informal,no_accessibility,medium,?,familiar,f,closed,none,Contemporary,07:00-23:30;,Sun;,public
303,135032,MasterCard-Eurocard,22.152480999999998,-100.973486,0101000020957F000017D69FF5084858C1A8F2188740A24B41,Cafeteria y Restaurant El Pacifico,Constitucion 200 Centro,San Luis Potosi,SLP,Mexico,?,78000,Wine-Beer,section,informal,no_accessibility,medium,?,familiar,f,closed,none,Cafeteria,07:00-23:30;,Mon;Tue;Wed;Thu;Fri;,public
304,135032,MasterCard-Eurocard,22.152480999999998,-100.973486,0101000020957F000017D69FF5084858C1A8F2188740A24B41,Cafeteria y Restaurant El Pacifico,Constitucion 200 Centro,San Luis Potosi,SLP,Mexico,?,78000,Wine-Beer,section,informal,no_accessibility,medium,?,familiar,f,closed,none,Cafeteria,07:00-23:30;,Sat;,public
305,135032,MasterCard-Eurocard,22.152480999999998,-100.973486,0101000020957F000017D69FF5084858C1A8F2188740A24B41,Cafeteria y Restaurant El Pacifico,Constitucion 200 Centro,San Luis Potosi,SLP,Mexico,?,78000,Wine-Beer,section,informal,no_accessibility,medium,?,familiar,f,closed,none,Cafeteria,07:00-23:30;,Sun;,public
306,135032,MasterCard-Eurocard,22.152480999999998,-100.973486,0101000020957F000017D69FF5084858C1A8F2188740A24B41,Cafeteria y Restaurant El Pacifico,Constitucion 200 Centro,San Luis Potosi,SLP,Mexico,?,78000,Wine-Beer,section,informal,no_accessibility,medium,?,familiar,f,closed,none,Contemporary,07:00-23:30;,Mon;Tue;Wed;Thu;Fri;,public
307,135032,MasterCard-Eurocard,22.152480999999998,-100.973486,0101000020957F000017D69FF5084858C1A8F2188740A24B41,Cafeteria y Restaurant El Pacifico,Constitucion 200 Centro,San Luis Potosi,SLP,Mexico,?,78000,Wine-Beer,section,informal,no_accessibility,medium,?,familiar,f,closed,none,Contemporary,07:00-23:30;,Sat;,public
308,135032,MasterCard-Eurocard,22.152480999999998,-100.973486,0101000020957F000017D69FF5084858C1A8F2188740A24B41,Cafeteria y Restaurant El Pacifico,Constitucion 200 Centro,San Luis Potosi,SLP,Mexico,?,78000,Wine-Beer,section,informal,no_accessibility,medium,?,familiar,f,closed,none,Contemporary,07:00-23:30;,Sun;,public
309,135030,cash,22.147879999999997,-100.98947199999999,0101000020957F0000C57C76034C4858C10E437A7E15A74B41,Preambulo Wifi Zone Cafe,Anahuac 805,San Luis Potosi,SLP,Mexico,?,?,No_Alcohol_Served,none,informal,no_accessibility,medium,?,quiet,f,closed,Internet,Cafe-Coffee_Shop,00:00-00:00;,Mon;Tue;Wed;Thu;Fri;,none
310,135030,cash,22.147879999999997,-100.98947199999999,0101000020957F0000C57C76034C4858C10E437A7E15A74B41,Preambulo Wifi Zone Cafe,Anahuac 805,San Luis Potosi,SLP,Mexico,?,?,No_Alcohol_Served,none,informal,no_accessibility,medium,?,quiet,f,closed,Internet,Cafe-Coffee_Shop,00:00-00:00;,Sat;,none
311,135030,cash,22.147879999999997,-100.98947199999999,0101000020957F0000C57C76034C4858C10E437A7E15A74B41,Preambulo Wifi Zone Cafe,Anahuac 805,San Luis Potosi,SLP,Mexico,?,?,No_Alcohol_Served,none,informal,no_accessibility,medium,?,quiet,f,closed,Internet,Cafe-Coffee_Shop,00:00-00:00;,Sun;,none
312,135030,cash,22.147879999999997,-100.98947199999999,0101000020957F0000C57C76034C4858C10E437A7E15A74B41,Preambulo Wifi Zone Cafe,Anahuac 805,San Luis Potosi,SLP,Mexico,?,?,No_Alcohol_Served,none,informal,no_accessibility,medium,?,quiet,f,closed,Internet,Cafeteria,00:00-00:00;,Mon;Tue;Wed;Thu;Fri;,none
313,135030,cash,22.147879999999997,-100.98947199999999,0101000020957F0000C57C76034C4858C10E437A7E15A74B41,Preambulo Wifi Zone Cafe,Anahuac 805,San Luis Potosi,SLP,Mexico,?,?,No_Alcohol_Served,none,informal,no_accessibility,medium,?,quiet,f,closed,Internet,Cafeteria,00:00-00:00;,Sat;,none
314,135030,cash,22.147879999999997,-100.98947199999999,0101000020957F0000C57C76034C4858C10E437A7E15A74B41,Preambulo Wifi Zone Cafe,Anahuac 805,San Luis Potosi,SLP,Mexico,?,?,No_Alcohol_Served,none,informal,no_accessibility,medium,?,quiet,f,closed,Internet,Cafeteria,00:00-00:00;,Sun;,none
315,135028,cash,22.146658,-100.987219,0101000020957F0000B4F00BDD8B4858C10AC3619C83A64B41,La Virreina,Av. Carranza 830,San Luis Potosi,SLP,Mexico,?,?,Wine-Beer,none,informal,no_accessibility,medium,?,familiar,f,closed,none,Mexican,13:00-23:30;,Mon;Tue;Wed;Thu;Fri;,none
316,135028,cash,22.146658,-100.987219,0101000020957F0000B4F00BDD8B4858C10AC3619C83A64B41,La Virreina,Av. Carranza 830,San Luis Potosi,SLP,Mexico,?,?,Wine-Beer,none,informal,no_accessibility,medium,?,familiar,f,closed,none,Mexican,13:00-23:30;,Sat;,none
317,135028,cash,22.146658,-100.987219,0101000020957F0000B4F00BDD8B4858C10AC3619C83A64B41,La Virreina,Av. Carranza 830,San Luis Potosi,SLP,Mexico,?,?,Wine-Beer,none,informal,no_accessibility,medium,?,familiar,f,closed,none,Mexican,13:00-19:00;,Sun;,none
318,135028,VISA,22.146658,-100.987219,0101000020957F0000B4F00BDD8B4858C10AC3619C83A64B41,La Virreina,Av. Carranza 830,San Luis Potosi,SLP,Mexico,?,?,Wine-Beer,none,informal,no_accessibility,medium,?,familiar,f,closed,none,Mexican,13:00-23:30;,Mon;Tue;Wed;Thu;Fri;,none
319,135028,VISA,22.146658,-100.987219,0101000020957F0000B4F00BDD8B4858C10AC3619C83A64B41,La Virreina,Av. Carranza 830,San Luis Potosi,SLP,Mexico,?,?,Wine-Beer,none,informal,no_accessibility,medium,?,familiar,f,closed,none,Mexican,13:00-23:30;,Sat;,none
320,135028,VISA,22.146658,-100.987219,0101000020957F0000B4F00BDD8B4858C10AC3619C83A64B41,La Virreina,Av. Carranza 830,San Luis Potosi,SLP,Mexico,?,?,Wine-Beer,none,informal,no_accessibility,medium,?,familiar,f,closed,none,Mexican,13:00-19:00;,Sun;,none
321,135028,MasterCard-Eurocard,22.146658,-100.987219,0101000020957F0000B4F00BDD8B4858C10AC3619C83A64B41,La Virreina,Av. Carranza 830,San Luis Potosi,SLP,Mexico,?,?,Wine-Beer,none,informal,no_accessibility,medium,?,familiar,f,closed,none,Mexican,13:00-23:30;,Mon;Tue;Wed;Thu;Fri;,none
322,135028,MasterCard-Eurocard,22.146658,-100.987219,0101000020957F0000B4F00BDD8B4858C10AC3619C83A64B41,La Virreina,Av. Carranza 830,San Luis Potosi,SLP,Mexico,?,?,Wine-Beer,none,informal,no_accessibility,medium,?,familiar,f,closed,none,Mexican,13:00-23:30;,Sat;,none
323,135028,MasterCard-Eurocard,22.146658,-100.987219,0101000020957F0000B4F00BDD8B4858C10AC3619C83A64B41,La Virreina,Av. Carranza 830,San Luis Potosi,SLP,Mexico,?,?,Wine-Beer,none,informal,no_accessibility,medium,?,familiar,f,closed,none,Mexican,13:00-19:00;,Sun;,none
324,135028,American_Express,22.146658,-100.987219,0101000020957F0000B4F00BDD8B4858C10AC3619C83A64B41,La Virreina,Av. Carranza 830,San Luis Potosi,SLP,Mexico,?,?,Wine-Beer,none,informal,no_accessibility,medium,?,familiar,f,closed,none,Mexican,13:00-23:30;,Mon;Tue;Wed;Thu;Fri;,none
325,135028,American_Express,22.146658,-100.987219,0101000020957F0000B4F00BDD8B4858C10AC3619C83A64B41,La Virreina,Av. Carranza 830,San Luis Potosi,SLP,Mexico,?,?,Wine-Beer,none,informal,no_accessibility,medium,?,familiar,f,closed,none,Mexican,13:00-23:30;,Sat;,none
326,135028,American_Express,22.146658,-100.987219,0101000020957F0000B4F00BDD8B4858C10AC3619C83A64B41,La Virreina,Av. Carranza 830,San Luis Potosi,SLP,Mexico,?,?,Wine-Beer,none,informal,no_accessibility,medium,?,familiar,f,closed,none,Mexican,13:00-19:00;,Sun;,none
327,135027,cash,22.147145000000002,-100.97449399999999,0101000020957F000087BEDDE8D24858C1B20CDB33DBA24B41,Restaurant Orizatlan,Pascual M. Hernandez 240,San Luis Potosi,SLP,Mexico,?,?,Wine-Beer,none,informal,no_accessibility,medium,?,familiar,f,closed,none,Mexican,08:00-22:00;,Mon;Tue;Wed;Thu;Fri;,none
328,135027,cash,22.147145000000002,-100.97449399999999,0101000020957F000087BEDDE8D24858C1B20CDB33DBA24B41,Restaurant Orizatlan,Pascual M. Hernandez 240,San Luis Potosi,SLP,Mexico,?,?,Wine-Beer,none,informal,no_accessibility,medium,?,familiar,f,closed,none,Mexican,08:00-23:00;,Sat;,none
329,135027,cash,22.147145000000002,-100.97449399999999,0101000020957F000087BEDDE8D24858C1B20CDB33DBA24B41,Restaurant Orizatlan,Pascual M. Hernandez 240,San Luis Potosi,SLP,Mexico,?,?,Wine-Beer,none,informal,no_accessibility,medium,?,familiar,f,closed,none,Mexican,08:00-19:00;,Sun;,none
330,135027,VISA,22.147145000000002,-100.97449399999999,0101000020957F000087BEDDE8D24858C1B20CDB33DBA24B41,Restaurant Orizatlan,Pascual M. Hernandez 240,San Luis Potosi,SLP,Mexico,?,?,Wine-Beer,none,informal,no_accessibility,medium,?,familiar,f,closed,none,Mexican,08:00-22:00;,Mon;Tue;Wed;Thu;Fri;,none
331,135027,VISA,22.147145000000002,-100.97449399999999,0101000020957F000087BEDDE8D24858C1B20CDB33DBA24B41,Restaurant Orizatlan,Pascual M. Hernandez 240,San Luis Potosi,SLP,Mexico,?,?,Wine-Beer,none,informal,no_accessibility,medium,?,familiar,f,closed,none,Mexican,08:00-23:00;,Sat;,none
332,135027,VISA,22.147145000000002,-100.97449399999999,0101000020957F000087BEDDE8D24858C1B20CDB33DBA24B41,Restaurant Orizatlan,Pascual M. Hernandez 240,San Luis Potosi,SLP,Mexico,?,?,Wine-Beer,none,informal,no_accessibility,medium,?,familiar,f,closed,none,Mexican,08:00-19:00;,Sun;,none
333,135027,MasterCard-Eurocard,22.147145000000002,-100.97449399999999,0101000020957F000087BEDDE8D24858C1B20CDB33DBA24B41,Restaurant Orizatlan,Pascual M. Hernandez 240,San Luis Potosi,SLP,Mexico,?,?,Wine-Beer,none,informal,no_accessibility,medium,?,familiar,f,closed,none,Mexican,08:00-22:00;,Mon;Tue;Wed;Thu;Fri;,none
334,135027,MasterCard-Eurocard,22.147145000000002,-100.97449399999999,0101000020957F000087BEDDE8D24858C1B20CDB33DBA24B41,Restaurant Orizatlan,Pascual M. Hernandez 240,San Luis Potosi,SLP,Mexico,?,?,Wine-Beer,none,informal,no_accessibility,medium,?,familiar,f,closed,none,Mexican,08:00-23:00;,Sat;,none
335,135027,MasterCard-Eurocard,22.147145000000002,-100.97449399999999,0101000020957F000087BEDDE8D24858C1B20CDB33DBA24B41,Restaurant Orizatlan,Pascual M. Hernandez 240,San Luis Potosi,SLP,Mexico,?,?,Wine-Beer,none,informal,no_accessibility,medium,?,familiar,f,closed,none,Mexican,08:00-19:00;,Sun;,none
336,135027,American_Express,22.147145000000002,-100.97449399999999,0101000020957F000087BEDDE8D24858C1B20CDB33DBA24B41,Restaurant Orizatlan,Pascual M. Hernandez 240,San Luis Potosi,SLP,Mexico,?,?,Wine-Beer,none,informal,no_accessibility,medium,?,familiar,f,closed,none,Mexican,08:00-22:00;,Mon;Tue;Wed;Thu;Fri;,none
337,135027,American_Express,22.147145000000002,-100.97449399999999,0101000020957F000087BEDDE8D24858C1B20CDB33DBA24B41,Restaurant Orizatlan,Pascual M. Hernandez 240,San Luis Potosi,SLP,Mexico,?,?,Wine-Beer,none,informal,no_accessibility,medium,?,familiar,f,closed,none,Mexican,08:00-23:00;,Sat;,none
338,135027,American_Express,22.147145000000002,-100.97449399999999,0101000020957F000087BEDDE8D24858C1B20CDB33DBA24B41,Restaurant Orizatlan,Pascual M. Hernandez 240,San Luis Potosi,SLP,Mexico,?,?,Wine-Beer,none,informal,no_accessibility,medium,?,familiar,f,closed,none,Mexican,08:00-19:00;,Sun;,none
339,135025,cash,22.14955,-100.97797,0101000020957F0000C7080D105C4858C108B4006AB4A34B41,El Rincon de San Francisco,1a. de Lozada 1,San Luis Potosi,SLP,Mexico,?,?,No_Alcohol_Served,none,informal,no_accessibility,medium,?,familiar,f,closed,none,Mexican,18:00-23:30;,Mon;Tue;Wed;Thu;Fri;,none
340,135025,cash,22.14955,-100.97797,0101000020957F0000C7080D105C4858C108B4006AB4A34B41,El Rincon de San Francisco,1a. de Lozada 1,San Luis Potosi,SLP,Mexico,?,?,No_Alcohol_Served,none,informal,no_accessibility,medium,?,familiar,f,closed,none,Mexican,14:00-23:30;,Sat;,none
341,135025,cash,22.14955,-100.97797,0101000020957F0000C7080D105C4858C108B4006AB4A34B41,El Rincon de San Francisco,1a. de Lozada 1,San Luis Potosi,SLP,Mexico,?,?,No_Alcohol_Served,none,informal,no_accessibility,medium,?,familiar,f,closed,none,Mexican,00:00-00:00;,Sun;,none
342,135025,VISA,22.14955,-100.97797,0101000020957F0000C7080D105C4858C108B4006AB4A34B41,El Rincon de San Francisco,1a. de Lozada 1,San Luis Potosi,SLP,Mexico,?,?,No_Alcohol_Served,none,informal,no_accessibility,medium,?,familiar,f,closed,none,Mexican,18:00-23:30;,Mon;Tue;Wed;Thu;Fri;,none
343,135025,VISA,22.14955,-100.97797,0101000020957F0000C7080D105C4858C108B4006AB4A34B41,El Rincon de San Francisco,1a. de Lozada 1,San Luis Potosi,SLP,Mexico,?,?,No_Alcohol_Served,none,informal,no_accessibility,medium,?,familiar,f,closed,none,Mexican,14:00-23:30;,Sat;,none
344,135025,VISA,22.14955,-100.97797,0101000020957F0000C7080D105C4858C108B4006AB4A34B41,El Rincon de San Francisco,1a. de Lozada 1,San Luis Potosi,SLP,Mexico,?,?,No_Alcohol_Served,none,informal,no_accessibility,medium,?,familiar,f,closed,none,Mexican,00:00-00:00;,Sun;,none
345,135025,MasterCard-Eurocard,22.14955,-100.97797,0101000020957F0000C7080D105C4858C108B4006AB4A34B41,El Rincon de San Francisco,1a. de Lozada 1,San Luis Potosi,SLP,Mexico,?,?,No_Alcohol_Served,none,informal,no_accessibility,medium,?,familiar,f,closed,none,Mexican,18:00-23:30;,Mon;Tue;Wed;Thu;Fri;,none
346,135025,MasterCard-Eurocard,22.14955,-100.97797,0101000020957F0000C7080D105C4858C108B4006AB4A34B41,El Rincon de San Francisco,1a. de Lozada 1,San Luis Potosi,SLP,Mexico,?,?,No_Alcohol_Served,none,informal,no_accessibility,medium,?,familiar,f,closed,none,Mexican,14:00-23:30;,Sat;,none
347,135025,MasterCard-Eurocard,22.14955,-100.97797,0101000020957F0000C7080D105C4858C108B4006AB4A34B41,El Rincon de San Francisco,1a. de Lozada 1,San Luis Potosi,SLP,Mexico,?,?,No_Alcohol_Served,none,informal,no_accessibility,medium,?,familiar,f,closed,none,Mexican,00:00-00:00;,Sun;,none
348,135025,American_Express,22.14955,-100.97797,0101000020957F0000C7080D105C4858C108B4006AB4A34B41,El Rincon de San Francisco,1a. de Lozada 1,San Luis Potosi,SLP,Mexico,?,?,No_Alcohol_Served,none,informal,no_accessibility,medium,?,familiar,f,closed,none,Mexican,18:00-23:30;,Mon;Tue;Wed;Thu;Fri;,none
349,135025,American_Express,22.14955,-100.97797,0101000020957F0000C7080D105C4858C108B4006AB4A34B41,El Rincon de San Francisco,1a. de Lozada 1,San Luis Potosi,SLP,Mexico,?,?,No_Alcohol_Served,none,informal,no_accessibility,medium,?,familiar,f,closed,none,Mexican,14:00-23:30;,Sat;,none
350,135025,American_Express,22.14955,-100.97797,0101000020957F0000C7080D105C4858C108B4006AB4A34B41,El Rincon de San Francisco,1a. de Lozada 1,San Luis Potosi,SLP,Mexico,?,?,No_Alcohol_Served,none,informal,no_accessibility,medium,?,familiar,f,closed,none,Mexican,00:00-00:00;,Sun;,none
351,135021,cash,18.933537,-99.222497,0101000020957F00005645259D836D5AC11EF994E27F514A41,Subway,Rio Mayo 17 Vista Hermosa,Cuernavaca,Morelos,Mexico,?,62290,No_Alcohol_Served,not permitted,informal,no_accessibility,low,?,familiar,t,closed,none,Fast_Food,00:00-23:30;,Mon;Tue;Wed;Thu;Fri;,public
352,135021,cash,18.933537,-99.222497,0101000020957F00005645259D836D5AC11EF994E27F514A41,Subway,Rio Mayo 17 Vista Hermosa,Cuernavaca,Morelos,Mexico,?,62290,No_Alcohol_Served,not permitted,informal,no_accessibility,low,?,familiar,t,closed,none,Fast_Food,00:00-23:30;,Sat;,public
353,135021,cash,18.933537,-99.222497,0101000020957F00005645259D836D5AC11EF994E27F514A41,Subway,Rio Mayo 17 Vista Hermosa,Cuernavaca,Morelos,Mexico,?,62290,No_Alcohol_Served,not permitted,informal,no_accessibility,low,?,familiar,t,closed,none,Fast_Food,00:00-23:30;,Sun;,public
354,135018,cash,18.859803,-99.222164,0101000020957F0000C015D38251795AC1D8D396893A554A41,El Oceano Dorado,Libramiento Burgos Colonia Las Animas,Cuernavaca,Morelos,Mexico,?,?,Full_Bar,permitted,informal,completely,medium,eloceanodorado.com,familiar,f,open,variety,Mexican,00:00-00:00;,Mon;Tue;Wed;Thu;Fri;,yes
355,135018,cash,18.859803,-99.222164,0101000020957F0000C015D38251795AC1D8D396893A554A41,El Oceano Dorado,Libramiento Burgos Colonia Las Animas,Cuernavaca,Morelos,Mexico,?,?,Full_Bar,permitted,informal,completely,medium,eloceanodorado.com,familiar,f,open,variety,Mexican,00:00-00:00;,Sat;,yes
356,135018,cash,18.859803,-99.222164,0101000020957F0000C015D38251795AC1D8D396893A554A41,El Oceano Dorado,Libramiento Burgos Colonia Las Animas,Cuernavaca,Morelos,Mexico,?,?,Full_Bar,permitted,informal,completely,medium,eloceanodorado.com,familiar,f,open,variety,Mexican,00:00-00:00;,Sun;,yes
357,135018,VISA,18.859803,-99.222164,0101000020957F0000C015D38251795AC1D8D396893A554A41,El Oceano Dorado,Libramiento Burgos Colonia Las Animas,Cuernavaca,Morelos,Mexico,?,?,Full_Bar,permitted,informal,completely,medium,eloceanodorado.com,familiar,f,open,variety,Mexican,00:00-00:00;,Mon;Tue;Wed;Thu;Fri;,yes
358,135018,VISA,18.859803,-99.222164,0101000020957F0000C015D38251795AC1D8D396893A554A41,El Oceano Dorado,Libramiento Burgos Colonia Las Animas,Cuernavaca,Morelos,Mexico,?,?,Full_Bar,permitted,informal,completely,medium,eloceanodorado.com,familiar,f,open,variety,Mexican,00:00-00:00;,Sat;,yes
359,135018,VISA,18.859803,-99.222164,0101000020957F0000C015D38251795AC1D8D396893A554A41,El Oceano Dorado,Libramiento Burgos Colonia Las Animas,Cuernavaca,Morelos,Mexico,?,?,Full_Bar,permitted,informal,completely,medium,eloceanodorado.com,familiar,f,open,variety,Mexican,00:00-00:00;,Sun;,yes
360,135018,MasterCard-Eurocard,18.859803,-99.222164,0101000020957F0000C015D38251795AC1D8D396893A554A41,El Oceano Dorado,Libramiento Burgos Colonia Las Animas,Cuernavaca,Morelos,Mexico,?,?,Full_Bar,permitted,informal,completely,medium,eloceanodorado.com,familiar,f,open,variety,Mexican,00:00-00:00;,Mon;Tue;Wed;Thu;Fri;,yes
361,135018,MasterCard-Eurocard,18.859803,-99.222164,0101000020957F0000C015D38251795AC1D8D396893A554A41,El Oceano Dorado,Libramiento Burgos Colonia Las Animas,Cuernavaca,Morelos,Mexico,?,?,Full_Bar,permitted,informal,completely,medium,eloceanodorado.com,familiar,f,open,variety,Mexican,00:00-00:00;,Sat;,yes
362,135018,MasterCard-Eurocard,18.859803,-99.222164,0101000020957F0000C015D38251795AC1D8D396893A554A41,El Oceano Dorado,Libramiento Burgos Colonia Las Animas,Cuernavaca,Morelos,Mexico,?,?,Full_Bar,permitted,informal,completely,medium,eloceanodorado.com,familiar,f,open,variety,Mexican,00:00-00:00;,Sun;,yes
363,135018,bank_debit_cards,18.859803,-99.222164,0101000020957F0000C015D38251795AC1D8D396893A554A41,El Oceano Dorado,Libramiento Burgos Colonia Las Animas,Cuernavaca,Morelos,Mexico,?,?,Full_Bar,permitted,informal,completely,medium,eloceanodorado.com,familiar,f,open,variety,Mexican,00:00-00:00;,Mon;Tue;Wed;Thu;Fri;,yes
364,135018,bank_debit_cards,18.859803,-99.222164,0101000020957F0000C015D38251795AC1D8D396893A554A41,El Oceano Dorado,Libramiento Burgos Colonia Las Animas,Cuernavaca,Morelos,Mexico,?,?,Full_Bar,permitted,informal,completely,medium,eloceanodorado.com,familiar,f,open,variety,Mexican,00:00-00:00;,Sat;,yes
365,135018,bank_debit_cards,18.859803,-99.222164,0101000020957F0000C015D38251795AC1D8D396893A554A41,El Oceano Dorado,Libramiento Burgos Colonia Las Animas,Cuernavaca,Morelos,Mexico,?,?,Full_Bar,permitted,informal,completely,medium,eloceanodorado.com,familiar,f,open,variety,Mexican,00:00-00:00;,Sun;,yes
366,134983,cash,18.948657,-99.235361,0101000020957F0000DEF36F4FC76A5AC162B083D9A0544A41,Restaurant and Bar and Clothesline Carlos N Charlies,Domingo 10 711 El Empleado,Cuernavaca,Morelos,Mexico,?,62250,Full_Bar,section,informal,no_accessibility,high,carlosandcharlies.com,familiar,f,closed,none,Bar,13:00-23:30;,Mon;Tue;Wed;Thu;Fri;,yes
367,134983,cash,18.948657,-99.235361,0101000020957F0000DEF36F4FC76A5AC162B083D9A0544A41,Restaurant and Bar and Clothesline Carlos N Charlies,Domingo 10 711 El Empleado,Cuernavaca,Morelos,Mexico,?,62250,Full_Bar,section,informal,no_accessibility,high,carlosandcharlies.com,familiar,f,closed,none,Bar,13:00-23:30;,Sat;,yes
368,134983,cash,18.948657,-99.235361,0101000020957F0000DEF36F4FC76A5AC162B083D9A0544A41,Restaurant and Bar and Clothesline Carlos N Charlies,Domingo 10 711 El Empleado,Cuernavaca,Morelos,Mexico,?,62250,Full_Bar,section,informal,no_accessibility,high,carlosandcharlies.com,familiar,f,closed,none,Bar,13:00-19:00;,Sun;,yes
369,134983,cash,18.948657,-99.235361,0101000020957F0000DEF36F4FC76A5AC162B083D9A0544A41,Restaurant and Bar and Clothesline Carlos N Charlies,Domingo 10 711 El Empleado,Cuernavaca,Morelos,Mexico,?,62250,Full_Bar,section,informal,no_accessibility,high,carlosandcharlies.com,familiar,f,closed,none,Bar_Pub_Brewery,13:00-23:30;,Mon;Tue;Wed;Thu;Fri;,yes
370,134983,cash,18.948657,-99.235361,0101000020957F0000DEF36F4FC76A5AC162B083D9A0544A41,Restaurant and Bar and Clothesline Carlos N Charlies,Domingo 10 711 El Empleado,Cuernavaca,Morelos,Mexico,?,62250,Full_Bar,section,informal,no_accessibility,high,carlosandcharlies.com,familiar,f,closed,none,Bar_Pub_Brewery,13:00-23:30;,Sat;,yes
371,134983,cash,18.948657,-99.235361,0101000020957F0000DEF36F4FC76A5AC162B083D9A0544A41,Restaurant and Bar and Clothesline Carlos N Charlies,Domingo 10 711 El Empleado,Cuernavaca,Morelos,Mexico,?,62250,Full_Bar,section,informal,no_accessibility,high,carlosandcharlies.com,familiar,f,closed,none,Bar_Pub_Brewery,13:00-19:00;,Sun;,yes
372,134983,VISA,18.948657,-99.235361,0101000020957F0000DEF36F4FC76A5AC162B083D9A0544A41,Restaurant and Bar and Clothesline Carlos N Charlies,Domingo 10 711 El Empleado,Cuernavaca,Morelos,Mexico,?,62250,Full_Bar,section,informal,no_accessibility,high,carlosandcharlies.com,familiar,f,closed,none,Bar,13:00-23:30;,Mon;Tue;Wed;Thu;Fri;,yes
373,134983,VISA,18.948657,-99.235361,0101000020957F0000DEF36F4FC76A5AC162B083D9A0544A41,Restaurant and Bar and Clothesline Carlos N Charlies,Domingo 10 711 El Empleado,Cuernavaca,Morelos,Mexico,?,62250,Full_Bar,section,informal,no_accessibility,high,carlosandcharlies.com,familiar,f,closed,none,Bar,13:00-23:30;,Sat;,yes
374,134983,VISA,18.948657,-99.235361,0101000020957F0000DEF36F4FC76A5AC162B083D9A0544A41,Restaurant and Bar and Clothesline Carlos N Charlies,Domingo 10 711 El Empleado,Cuernavaca,Morelos,Mexico,?,62250,Full_Bar,section,informal,no_accessibility,high,carlosandcharlies.com,familiar,f,closed,none,Bar,13:00-19:00;,Sun;,yes
375,134983,VISA,18.948657,-99.235361,0101000020957F0000DEF36F4FC76A5AC162B083D9A0544A41,Restaurant and Bar and Clothesline Carlos N Charlies,Domingo 10 711 El Empleado,Cuernavaca,Morelos,Mexico,?,62250,Full_Bar,section,informal,no_accessibility,high,carlosandcharlies.com,familiar,f,closed,none,Bar_Pub_Brewery,13:00-23:30;,Mon;Tue;Wed;Thu;Fri;,yes
376,134983,VISA,18.948657,-99.235361,0101000020957F0000DEF36F4FC76A5AC162B083D9A0544A41,Restaurant and Bar and Clothesline Carlos N Charlies,Domingo 10 711 El Empleado,Cuernavaca,Morelos,Mexico,?,62250,Full_Bar,section,informal,no_accessibility,high,carlosandcharlies.com,familiar,f,closed,none,Bar_Pub_Brewery,13:00-23:30;,Sat;,yes
377,134983,VISA,18.948657,-99.235361,0101000020957F0000DEF36F4FC76A5AC162B083D9A0544A41,Restaurant and Bar and Clothesline Carlos N Charlies,Domingo 10 711 El Empleado,Cuernavaca,Morelos,Mexico,?,62250,Full_Bar,section,informal,no_accessibility,high,carlosandcharlies.com,familiar,f,closed,none,Bar_Pub_Brewery,13:00-19:00;,Sun;,yes
378,134983,MasterCard-Eurocard,18.948657,-99.235361,0101000020957F0000DEF36F4FC76A5AC162B083D9A0544A41,Restaurant and Bar and Clothesline Carlos N Charlies,Domingo 10 711 El Empleado,Cuernavaca,Morelos,Mexico,?,62250,Full_Bar,section,informal,no_accessibility,high,carlosandcharlies.com,familiar,f,closed,none,Bar,13:00-23:30;,Mon;Tue;Wed;Thu;Fri;,yes
379,134983,MasterCard-Eurocard,18.948657,-99.235361,0101000020957F0000DEF36F4FC76A5AC162B083D9A0544A41,Restaurant and Bar and Clothesline Carlos N Charlies,Domingo 10 711 El Empleado,Cuernavaca,Morelos,Mexico,?,62250,Full_Bar,section,informal,no_accessibility,high,carlosandcharlies.com,familiar,f,closed,none,Bar,13:00-23:30;,Sat;,yes
380,134983,MasterCard-Eurocard,18.948657,-99.235361,0101000020957F0000DEF36F4FC76A5AC162B083D9A0544A41,Restaurant and Bar and Clothesline Carlos N Charlies,Domingo 10 711 El Empleado,Cuernavaca,Morelos,Mexico,?,62250,Full_Bar,section,informal,no_accessibility,high,carlosandcharlies.com,familiar,f,closed,none,Bar,13:00-19:00;,Sun;,yes
381,134983,MasterCard-Eurocard,18.948657,-99.235361,0101000020957F0000DEF36F4FC76A5AC162B083D9A0544A41,Restaurant and Bar and Clothesline Carlos N Charlies,Domingo 10 711 El Empleado,Cuernavaca,Morelos,Mexico,?,62250,Full_Bar,section,informal,no_accessibility,high,carlosandcharlies.com,familiar,f,closed,none,Bar_Pub_Brewery,13:00-23:30;,Mon;Tue;Wed;Thu;Fri;,yes
382,134983,MasterCard-Eurocard,18.948657,-99.235361,0101000020957F0000DEF36F4FC76A5AC162B083D9A0544A41,Restaurant and Bar and Clothesline Carlos N Charlies,Domingo 10 711 El Empleado,Cuernavaca,Morelos,Mexico,?,62250,Full_Bar,section,informal,no_accessibility,high,carlosandcharlies.com,familiar,f,closed,none,Bar_Pub_Brewery,13:00-23:30;,Sat;,yes
383,134983,MasterCard-Eurocard,18.948657,-99.235361,0101000020957F0000DEF36F4FC76A5AC162B083D9A0544A41,Restaurant and Bar and Clothesline Carlos N Charlies,Domingo 10 711 El Empleado,Cuernavaca,Morelos,Mexico,?,62250,Full_Bar,section,informal,no_accessibility,high,carlosandcharlies.com,familiar,f,closed,none,Bar_Pub_Brewery,13:00-19:00;,Sun;,yes
384,132958,cash,22.1449787,-101.0056829,0101000020957F000049095EB34A4858C15CB4BD1EE1AB4B41,tacos los volcanes,avenida hivno nacional,san luis potosi,san luis potos,mexico,?,?,No_Alcohol_Served,none,informal,completely,low,?,quiet,t,closed,none,American,10:00-23:30;,Mon;Tue;Wed;Thu;Fri;,none
385,132958,cash,22.1449787,-101.0056829,0101000020957F000049095EB34A4858C15CB4BD1EE1AB4B41,tacos los volcanes,avenida hivno nacional,san luis potosi,san luis potos,mexico,?,?,No_Alcohol_Served,none,informal,completely,low,?,quiet,t,closed,none,American,10:00-23:30;,Sat;,none
386,132958,cash,22.1449787,-101.0056829,0101000020957F000049095EB34A4858C15CB4BD1EE1AB4B41,tacos los volcanes,avenida hivno nacional,san luis potosi,san luis potos,mexico,?,?,No_Alcohol_Served,none,informal,completely,low,?,quiet,t,closed,none,American,10:00-23:30;,Sun;,none
387,132958,VISA,22.1449787,-101.0056829,0101000020957F000049095EB34A4858C15CB4BD1EE1AB4B41,tacos los volcanes,avenida hivno nacional,san luis potosi,san luis potos,mexico,?,?,No_Alcohol_Served,none,informal,completely,low,?,quiet,t,closed,none,American,10:00-23:30;,Mon;Tue;Wed;Thu;Fri;,none
388,132958,VISA,22.1449787,-101.0056829,0101000020957F000049095EB34A4858C15CB4BD1EE1AB4B41,tacos los volcanes,avenida hivno nacional,san luis potosi,san luis potos,mexico,?,?,No_Alcohol_Served,none,informal,completely,low,?,quiet,t,closed,none,American,10:00-23:30;,Sat;,none
389,132958,VISA,22.1449787,-101.0056829,0101000020957F000049095EB34A4858C15CB4BD1EE1AB4B41,tacos los volcanes,avenida hivno nacional,san luis potosi,san luis potos,mexico,?,?,No_Alcohol_Served,none,informal,completely,low,?,quiet,t,closed,none,American,10:00-23:30;,Sun;,none
390,132958,MasterCard-Eurocard,22.1449787,-101.0056829,0101000020957F000049095EB34A4858C15CB4BD1EE1AB4B41,tacos los volcanes,avenida hivno nacional,san luis potosi,san luis potos,mexico,?,?,No_Alcohol_Served,none,informal,completely,low,?,quiet,t,closed,none,American,10:00-23:30;,Mon;Tue;Wed;Thu;Fri;,none
391,132958,MasterCard-Eurocard,22.1449787,-101.0056829,0101000020957F000049095EB34A4858C15CB4BD1EE1AB4B41,tacos los volcanes,avenida hivno nacional,san luis potosi,san luis potos,mexico,?,?,No_Alcohol_Served,none,informal,completely,low,?,quiet,t,closed,none,American,10:00-23:30;,Sat;,none
392,132958,MasterCard-Eurocard,22.1449787,-101.0056829,0101000020957F000049095EB34A4858C15CB4BD1EE1AB4B41,tacos los volcanes,avenida hivno nacional,san luis potosi,san luis potos,mexico,?,?,No_Alcohol_Served,none,informal,completely,low,?,quiet,t,closed,none,American,10:00-23:30;,Sun;,none
393,132958,American_Express,22.1449787,-101.0056829,0101000020957F000049095EB34A4858C15CB4BD1EE1AB4B41,tacos los volcanes,avenida hivno nacional,san luis potosi,san luis potos,mexico,?,?,No_Alcohol_Served,none,informal,completely,low,?,quiet,t,closed,none,American,10:00-23:30;,Mon;Tue;Wed;Thu;Fri;,none
394,132958,American_Express,22.1449787,-101.0056829,0101000020957F000049095EB34A4858C15CB4BD1EE1AB4B41,tacos los volcanes,avenida hivno nacional,san luis potosi,san luis potos,mexico,?,?,No_Alcohol_Served,none,informal,completely,low,?,quiet,t,closed,none,American,10:00-23:30;,Sat;,none
395,132958,American_Express,22.1449787,-101.0056829,0101000020957F000049095EB34A4858C15CB4BD1EE1AB4B41,tacos los volcanes,avenida hivno nacional,san luis potosi,san luis potos,mexico,?,?,No_Alcohol_Served,none,informal,completely,low,?,quiet,t,closed,none,American,10:00-23:30;,Sun;,none
396,132958,bank_debit_cards,22.1449787,-101.0056829,0101000020957F000049095EB34A4858C15CB4BD1EE1AB4B41,tacos los volcanes,avenida hivno nacional,san luis potosi,san luis potos,mexico,?,?,No_Alcohol_Served,none,informal,completely,low,?,quiet,t,closed,none,American,10:00-23:30;,Mon;Tue;Wed;Thu;Fri;,none
397,132958,bank_debit_cards,22.1449787,-101.0056829,0101000020957F000049095EB34A4858C15CB4BD1EE1AB4B41,tacos los volcanes,avenida hivno nacional,san luis potosi,san luis potos,mexico,?,?,No_Alcohol_Served,none,informal,completely,low,?,quiet,t,closed,none,American,10:00-23:30;,Sat;,none
398,132958,bank_debit_cards,22.1449787,-101.0056829,0101000020957F000049095EB34A4858C15CB4BD1EE1AB4B41,tacos los volcanes,avenida hivno nacional,san luis potosi,san luis potos,mexico,?,?,No_Alcohol_Served,none,informal,completely,low,?,quiet,t,closed,none,American,10:00-23:30;,Sun;,none
399,132955,cash,22.147622,-101.01027490000001,0101000020957F000068BE7C87C24758C1920A360A08AD4B41,emilianos,venustiano carranza,san luis potos,mexico,?,?,?,Wine-Beer,none,informal,completely,low,?,familiar,t,closed,variety,Bar_Pub_Brewery,00:00-23:30;,Mon;Tue;Wed;Thu;Fri;,none
400,132955,cash,22.147622,-101.01027490000001,0101000020957F000068BE7C87C24758C1920A360A08AD4B41,emilianos,venustiano carranza,san luis potos,mexico,?,?,?,Wine-Beer,none,informal,completely,low,?,familiar,t,closed,variety,Bar_Pub_Brewery,00:00-23:30;,Sat;,none
401,132955,cash,22.147622,-101.01027490000001,0101000020957F000068BE7C87C24758C1920A360A08AD4B41,emilianos,venustiano carranza,san luis potos,mexico,?,?,?,Wine-Beer,none,informal,completely,low,?,familiar,t,closed,variety,Bar_Pub_Brewery,00:00-23:30;,Sun;,none
402,132955,VISA,22.147622,-101.01027490000001,0101000020957F000068BE7C87C24758C1920A360A08AD4B41,emilianos,venustiano carranza,san luis potos,mexico,?,?,?,Wine-Beer,none,informal,completely,low,?,familiar,t,closed,variety,Bar_Pub_Brewery,00:00-23:30;,Mon;Tue;Wed;Thu;Fri;,none
403,132955,VISA,22.147622,-101.01027490000001,0101000020957F000068BE7C87C24758C1920A360A08AD4B41,emilianos,venustiano carranza,san luis potos,mexico,?,?,?,Wine-Beer,none,informal,completely,low,?,familiar,t,closed,variety,Bar_Pub_Brewery,00:00-23:30;,Sat;,none
404,132955,VISA,22.147622,-101.01027490000001,0101000020957F000068BE7C87C24758C1920A360A08AD4B41,emilianos,venustiano carranza,san luis potos,mexico,?,?,?,Wine-Beer,none,informal,completely,low,?,familiar,t,closed,variety,Bar_Pub_Brewery,00:00-23:30;,Sun;,none
405,132955,MasterCard-Eurocard,22.147622,-101.01027490000001,0101000020957F000068BE7C87C24758C1920A360A08AD4B41,emilianos,venustiano carranza,san luis potos,mexico,?,?,?,Wine-Beer,none,informal,completely,low,?,familiar,t,closed,variety,Bar_Pub_Brewery,00:00-23:30;,Mon;Tue;Wed;Thu;Fri;,none
406,132955,MasterCard-Eurocard,22.147622,-101.01027490000001,0101000020957F000068BE7C87C24758C1920A360A08AD4B41,emilianos,venustiano carranza,san luis potos,mexico,?,?,?,Wine-Beer,none,informal,completely,low,?,familiar,t,closed,variety,Bar_Pub_Brewery,00:00-23:30;,Sat;,none
407,132955,MasterCard-Eurocard,22.147622,-101.01027490000001,0101000020957F000068BE7C87C24758C1920A360A08AD4B41,emilianos,venustiano carranza,san luis potos,mexico,?,?,?,Wine-Beer,none,informal,completely,low,?,familiar,t,closed,variety,Bar_Pub_Brewery,00:00-23:30;,Sun;,none
408,132955,bank_debit_cards,22.147622,-101.01027490000001,0101000020957F000068BE7C87C24758C1920A360A08AD4B41,emilianos,venustiano carranza,san luis potos,mexico,?,?,?,Wine-Beer,none,informal,completely,low,?,familiar,t,closed,variety,Bar_Pub_Brewery,00:00-23:30;,Mon;Tue;Wed;Thu;Fri;,none
409,132955,bank_debit_cards,22.147622,-101.01027490000001,0101000020957F000068BE7C87C24758C1920A360A08AD4B41,emilianos,venustiano carranza,san luis potos,mexico,?,?,?,Wine-Beer,none,informal,completely,low,?,familiar,t,closed,variety,Bar_Pub_Brewery,00:00-23:30;,Sat;,none
410,132955,bank_debit_cards,22.147622,-101.01027490000001,0101000020957F000068BE7C87C24758C1920A360A08AD4B41,emilianos,venustiano carranza,san luis potos,mexico,?,?,?,Wine-Beer,none,informal,completely,low,?,familiar,t,closed,variety,Bar_Pub_Brewery,00:00-23:30;,Sun;,none
411,132955,Carte_Blanche,22.147622,-101.01027490000001,0101000020957F000068BE7C87C24758C1920A360A08AD4B41,emilianos,venustiano carranza,san luis potos,mexico,?,?,?,Wine-Beer,none,informal,completely,low,?,familiar,t,closed,variety,Bar_Pub_Brewery,00:00-23:30;,Mon;Tue;Wed;Thu;Fri;,none
412,132955,Carte_Blanche,22.147622,-101.01027490000001,0101000020957F000068BE7C87C24758C1920A360A08AD4B41,emilianos,venustiano carranza,san luis potos,mexico,?,?,?,Wine-Beer,none,informal,completely,low,?,familiar,t,closed,variety,Bar_Pub_Brewery,00:00-23:30;,Sat;,none
413,132955,Carte_Blanche,22.147622,-101.01027490000001,0101000020957F000068BE7C87C24758C1920A360A08AD4B41,emilianos,venustiano carranza,san luis potos,mexico,?,?,?,Wine-Beer,none,informal,completely,low,?,familiar,t,closed,variety,Bar_Pub_Brewery,00:00-23:30;,Sun;,none
414,132954,cash,22.160380800000002,-100.9880447,0101000020957F0000F78F04596C4658C1C151AA1AEFA54B41,la parroquia,venustiano carranza,san luis potosi,san luis potosi,?,?,?,No_Alcohol_Served,not permitted,informal,partially,medium,?,familiar,t,closed,none,Breakfast-Brunch,08:00-22:30;,Mon;Tue;Wed;Thu;Fri;,yes
415,132954,cash,22.160380800000002,-100.9880447,0101000020957F0000F78F04596C4658C1C151AA1AEFA54B41,la parroquia,venustiano carranza,san luis potosi,san luis potosi,?,?,?,No_Alcohol_Served,not permitted,informal,partially,medium,?,familiar,t,closed,none,Breakfast-Brunch,08:00-15:30;,Sat;,yes
416,132954,cash,22.160380800000002,-100.9880447,0101000020957F0000F78F04596C4658C1C151AA1AEFA54B41,la parroquia,venustiano carranza,san luis potosi,san luis potosi,?,?,?,No_Alcohol_Served,not permitted,informal,partially,medium,?,familiar,t,closed,none,Breakfast-Brunch,08:00-13:00;,Sun;,yes
417,132954,VISA,22.160380800000002,-100.9880447,0101000020957F0000F78F04596C4658C1C151AA1AEFA54B41,la parroquia,venustiano carranza,san luis potosi,san luis potosi,?,?,?,No_Alcohol_Served,not permitted,informal,partially,medium,?,familiar,t,closed,none,Breakfast-Brunch,08:00-22:30;,Mon;Tue;Wed;Thu;Fri;,yes
418,132954,VISA,22.160380800000002,-100.9880447,0101000020957F0000F78F04596C4658C1C151AA1AEFA54B41,la parroquia,venustiano carranza,san luis potosi,san luis potosi,?,?,?,No_Alcohol_Served,not permitted,informal,partially,medium,?,familiar,t,closed,none,Breakfast-Brunch,08:00-15:30;,Sat;,yes
419,132954,VISA,22.160380800000002,-100.9880447,0101000020957F0000F78F04596C4658C1C151AA1AEFA54B41,la parroquia,venustiano carranza,san luis potosi,san luis potosi,?,?,?,No_Alcohol_Served,not permitted,informal,partially,medium,?,familiar,t,closed,none,Breakfast-Brunch,08:00-13:00;,Sun;,yes
420,132954,MasterCard-Eurocard,22.160380800000002,-100.9880447,0101000020957F0000F78F04596C4658C1C151AA1AEFA54B41,la parroquia,venustiano carranza,san luis potosi,san luis potosi,?,?,?,No_Alcohol_Served,not permitted,informal,partially,medium,?,familiar,t,closed,none,Breakfast-Brunch,08:00-22:30;,Mon;Tue;Wed;Thu;Fri;,yes
421,132954,MasterCard-Eurocard,22.160380800000002,-100.9880447,0101000020957F0000F78F04596C4658C1C151AA1AEFA54B41,la parroquia,venustiano carranza,san luis potosi,san luis potosi,?,?,?,No_Alcohol_Served,not permitted,informal,partially,medium,?,familiar,t,closed,none,Breakfast-Brunch,08:00-15:30;,Sat;,yes
422,132954,MasterCard-Eurocard,22.160380800000002,-100.9880447,0101000020957F0000F78F04596C4658C1C151AA1AEFA54B41,la parroquia,venustiano carranza,san luis potosi,san luis potosi,?,?,?,No_Alcohol_Served,not permitted,informal,partially,medium,?,familiar,t,closed,none,Breakfast-Brunch,08:00-13:00;,Sun;,yes
423,132954,bank_debit_cards,22.160380800000002,-100.9880447,0101000020957F0000F78F04596C4658C1C151AA1AEFA54B41,la parroquia,venustiano carranza,san luis potosi,san luis potosi,?,?,?,No_Alcohol_Served,not permitted,informal,partially,medium,?,familiar,t,closed,none,Breakfast-Brunch,08:00-22:30;,Mon;Tue;Wed;Thu;Fri;,yes
424,132954,bank_debit_cards,22.160380800000002,-100.9880447,0101000020957F0000F78F04596C4658C1C151AA1AEFA54B41,la parroquia,venustiano carranza,san luis potosi,san luis potosi,?,?,?,No_Alcohol_Served,not permitted,informal,partially,medium,?,familiar,t,closed,none,Breakfast-Brunch,08:00-15:30;,Sat;,yes
425,132954,bank_debit_cards,22.160380800000002,-100.9880447,0101000020957F0000F78F04596C4658C1C151AA1AEFA54B41,la parroquia,venustiano carranza,san luis potosi,san luis potosi,?,?,?,No_Alcohol_Served,not permitted,informal,partially,medium,?,familiar,t,closed,none,Breakfast-Brunch,08:00-13:00;,Sun;,yes
426,132951,cash,22.1544736,-100.98580909999998,0101000020957F0000BAC859A0634758C1C3E84FCAA5A54B41,VIPS,NICOLAS ZAPATA 300,San Luis Potosi,San Luis Potosi,Mexico,?,?,No_Alcohol_Served,not permitted,casual,completely,low,?,familiar,f,closed,none,American,00:00-23:30;,Mon;Tue;Wed;Thu;Fri;,yes
427,132951,cash,22.1544736,-100.98580909999998,0101000020957F0000BAC859A0634758C1C3E84FCAA5A54B41,VIPS,NICOLAS ZAPATA 300,San Luis Potosi,San Luis Potosi,Mexico,?,?,No_Alcohol_Served,not permitted,casual,completely,low,?,familiar,f,closed,none,American,00:00-23:30;,Sat;,yes
428,132951,cash,22.1544736,-100.98580909999998,0101000020957F0000BAC859A0634758C1C3E84FCAA5A54B41,VIPS,NICOLAS ZAPATA 300,San Luis Potosi,San Luis Potosi,Mexico,?,?,No_Alcohol_Served,not permitted,casual,completely,low,?,familiar,f,closed,none,American,00:00-23:30;,Sun;,yes
429,132937,cash,22.1500193,-100.9799203,0101000020957F0000F9F19DDC3B4858C191B265A83BA44B41,rockabilly ,agustin de iturbide,san luis potosi,san luis potosi,mexico,?,?,Full_Bar,section,informal,completely,low,?,quiet,f,closed,variety,Bar,21:00-02:00;,Mon;Tue;Wed;Thu;Fri;,none
430,132937,cash,22.1500193,-100.9799203,0101000020957F0000F9F19DDC3B4858C191B265A83BA44B41,rockabilly ,agustin de iturbide,san luis potosi,san luis potosi,mexico,?,?,Full_Bar,section,informal,completely,low,?,quiet,f,closed,variety,Bar,21:00-02:00;,Sat;,none
431,132937,cash,22.1500193,-100.9799203,0101000020957F0000F9F19DDC3B4858C191B265A83BA44B41,rockabilly ,agustin de iturbide,san luis potosi,san luis potosi,mexico,?,?,Full_Bar,section,informal,completely,low,?,quiet,f,closed,variety,Bar,16:00-23:30;,Sun;,none
432,132925,cash,22.1534997,-100.97624300000001,0101000020957F00001EF62687CD4758C1BE336F4EFAA24B41,el pueblito,?,?,?,?,?,?,Wine-Beer,not permitted,informal,completely,medium,?,familiar,f,closed,none,Mexican,09:00-21:00;,Mon;Tue;Wed;Thu;Fri;,none
433,132925,cash,22.1534997,-100.97624300000001,0101000020957F00001EF62687CD4758C1BE336F4EFAA24B41,el pueblito,?,?,?,?,?,?,Wine-Beer,not permitted,informal,completely,medium,?,familiar,f,closed,none,Mexican,09:00-21:00;,Sat;,none
434,132925,cash,22.1534997,-100.97624300000001,0101000020957F00001EF62687CD4758C1BE336F4EFAA24B41,el pueblito,?,?,?,?,?,?,Wine-Beer,not permitted,informal,completely,medium,?,familiar,f,closed,none,Mexican,09:00-21:00;,Sun;,none
435,132922,cash,22.1511348,-100.9823115,0101000020957F000060A98A38FF4758C146718E41D9A44B41,cafe punta del cielo,?,?,?,?,?,?,No_Alcohol_Served,permitted,formal,completely,medium,?,familiar,f,closed,none,Cafeteria,19:00-23:00;,Mon;Tue;Wed;Thu;Fri;,none
436,132922,cash,22.1511348,-100.9823115,0101000020957F000060A98A38FF4758C146718E41D9A44B41,cafe punta del cielo,?,?,?,?,?,?,No_Alcohol_Served,permitted,formal,completely,medium,?,familiar,f,closed,none,Cafeteria,19:00-23:00;,Sat;,none
437,132922,cash,22.1511348,-100.9823115,0101000020957F000060A98A38FF4758C146718E41D9A44B41,cafe punta del cielo,?,?,?,?,?,?,No_Alcohol_Served,permitted,formal,completely,medium,?,familiar,f,closed,none,Cafeteria,19:00-23:00;,Sun;,none
438,132921,cash,22.150305,-100.98913370000001,0101000020957F00006376BB64EF4758C1013687E5D7A64B41,crudalia,?,?,?,?,?,?,Wine-Beer,section,casual,completely,low,?,quiet,f,open,none,Bar,01:00-20:30;,Mon;Tue;Wed;Thu;Fri;,none
439,132921,cash,22.150305,-100.98913370000001,0101000020957F00006376BB64EF4758C1013687E5D7A64B41,crudalia,?,?,?,?,?,?,Wine-Beer,section,casual,completely,low,?,quiet,f,open,none,Bar,01:00-23:30;,Sat;,none
440,132921,cash,22.150305,-100.98913370000001,0101000020957F00006376BB64EF4758C1013687E5D7A64B41,crudalia,?,?,?,?,?,?,Wine-Beer,section,casual,completely,low,?,quiet,f,open,none,Bar,01:00-23:30;,Sun;,none
441,132885,cash,22.1795169,-100.9584358,0101000020957F0000B1DA6F2D504458C112A26CA45B9C4B41,Hamburguesas saul,Av. Saan Luis enttre moctezuma y salinas,San Luis Potosi,San Luis Potosi,mexico,?,78433,No_Alcohol_Served,none,informal,completely,low,?,familiar,f,closed,none,Cafeteria,08:00-23:30;,Mon;Tue;Wed;Thu;Fri;,public
442,132885,cash,22.1795169,-100.9584358,0101000020957F0000B1DA6F2D504458C112A26CA45B9C4B41,Hamburguesas saul,Av. Saan Luis enttre moctezuma y salinas,San Luis Potosi,San Luis Potosi,mexico,?,78433,No_Alcohol_Served,none,informal,completely,low,?,familiar,f,closed,none,Cafeteria,08:00-23:30;,Sat;,public
443,132885,cash,22.1795169,-100.9584358,0101000020957F0000B1DA6F2D504458C112A26CA45B9C4B41,Hamburguesas saul,Av. Saan Luis enttre moctezuma y salinas,San Luis Potosi,San Luis Potosi,mexico,?,78433,No_Alcohol_Served,none,informal,completely,low,?,familiar,f,closed,none,Cafeteria,08:00-23:30;,Sun;,public
444,132875,cash,22.1499013,-100.9937793,0101000020957F00008A2A0747DE4758C11EB31D2A31A84B41,shi ro ie,?,?,?,?,?,?,Wine-Beer,section,informal,no_accessibility,high,?,familiar,t,open,Internet,Japanese,00:00-23:30;,Mon;Tue;Wed;Thu;Fri;,valet parking
445,132875,cash,22.1499013,-100.9937793,0101000020957F00008A2A0747DE4758C11EB31D2A31A84B41,shi ro ie,?,?,?,?,?,?,Wine-Beer,section,informal,no_accessibility,high,?,familiar,t,open,Internet,Japanese,00:00-23:30;,Sat;,valet parking
446,132875,cash,22.1499013,-100.9937793,0101000020957F00008A2A0747DE4758C11EB31D2A31A84B41,shi ro ie,?,?,?,?,?,?,Wine-Beer,section,informal,no_accessibility,high,?,familiar,t,open,Internet,Japanese,00:00-23:30;,Sun;,valet parking
447,132875,VISA,22.1499013,-100.9937793,0101000020957F00008A2A0747DE4758C11EB31D2A31A84B41,shi ro ie,?,?,?,?,?,?,Wine-Beer,section,informal,no_accessibility,high,?,familiar,t,open,Internet,Japanese,00:00-23:30;,Mon;Tue;Wed;Thu;Fri;,valet parking
448,132875,VISA,22.1499013,-100.9937793,0101000020957F00008A2A0747DE4758C11EB31D2A31A84B41,shi ro ie,?,?,?,?,?,?,Wine-Beer,section,informal,no_accessibility,high,?,familiar,t,open,Internet,Japanese,00:00-23:30;,Sat;,valet parking
449,132875,VISA,22.1499013,-100.9937793,0101000020957F00008A2A0747DE4758C11EB31D2A31A84B41,shi ro ie,?,?,?,?,?,?,Wine-Beer,section,informal,no_accessibility,high,?,familiar,t,open,Internet,Japanese,00:00-23:30;,Sun;,valet parking
450,132875,MasterCard-Eurocard,22.1499013,-100.9937793,0101000020957F00008A2A0747DE4758C11EB31D2A31A84B41,shi ro ie,?,?,?,?,?,?,Wine-Beer,section,informal,no_accessibility,high,?,familiar,t,open,Internet,Japanese,00:00-23:30;,Mon;Tue;Wed;Thu;Fri;,valet parking
451,132875,MasterCard-Eurocard,22.1499013,-100.9937793,0101000020957F00008A2A0747DE4758C11EB31D2A31A84B41,shi ro ie,?,?,?,?,?,?,Wine-Beer,section,informal,no_accessibility,high,?,familiar,t,open,Internet,Japanese,00:00-23:30;,Sat;,valet parking
452,132875,MasterCard-Eurocard,22.1499013,-100.9937793,0101000020957F00008A2A0747DE4758C11EB31D2A31A84B41,shi ro ie,?,?,?,?,?,?,Wine-Beer,section,informal,no_accessibility,high,?,familiar,t,open,Internet,Japanese,00:00-23:30;,Sun;,valet parking
453,132875,American_Express,22.1499013,-100.9937793,0101000020957F00008A2A0747DE4758C11EB31D2A31A84B41,shi ro ie,?,?,?,?,?,?,Wine-Beer,section,informal,no_accessibility,high,?,familiar,t,open,Internet,Japanese,00:00-23:30;,Mon;Tue;Wed;Thu;Fri;,valet parking
454,132875,American_Express,22.1499013,-100.9937793,0101000020957F00008A2A0747DE4758C11EB31D2A31A84B41,shi ro ie,?,?,?,?,?,?,Wine-Beer,section,informal,no_accessibility,high,?,familiar,t,open,Internet,Japanese,00:00-23:30;,Sat;,valet parking
455,132875,American_Express,22.1499013,-100.9937793,0101000020957F00008A2A0747DE4758C11EB31D2A31A84B41,shi ro ie,?,?,?,?,?,?,Wine-Beer,section,informal,no_accessibility,high,?,familiar,t,open,Internet,Japanese,00:00-23:30;,Sun;,valet parking
456,132875,bank_debit_cards,22.1499013,-100.9937793,0101000020957F00008A2A0747DE4758C11EB31D2A31A84B41,shi ro ie,?,?,?,?,?,?,Wine-Beer,section,informal,no_accessibility,high,?,familiar,t,open,Internet,Japanese,00:00-23:30;,Mon;Tue;Wed;Thu;Fri;,valet parking
457,132875,bank_debit_cards,22.1499013,-100.9937793,0101000020957F00008A2A0747DE4758C11EB31D2A31A84B41,shi ro ie,?,?,?,?,?,?,Wine-Beer,section,informal,no_accessibility,high,?,familiar,t,open,Internet,Japanese,00:00-23:30;,Sat;,valet parking
458,132875,bank_debit_cards,22.1499013,-100.9937793,0101000020957F00008A2A0747DE4758C11EB31D2A31A84B41,shi ro ie,?,?,?,?,?,?,Wine-Beer,section,informal,no_accessibility,high,?,familiar,t,open,Internet,Japanese,00:00-23:30;,Sun;,valet parking
459,132872,cash,22.173595499999998,-100.9946027,0101000020957F0000942C3434384458C1C2D3499804A74B41,Pizzeria Julios,?,s.l.p,mexico,?,?,?,No_Alcohol_Served,not permitted,informal,partially,medium,?,familiar,f,closed,none,American,09:00-21:00;,Mon;Tue;Wed;Thu;Fri;,public
460,132872,cash,22.173595499999998,-100.9946027,0101000020957F0000942C3434384458C1C2D3499804A74B41,Pizzeria Julios,?,s.l.p,mexico,?,?,?,No_Alcohol_Served,not permitted,informal,partially,medium,?,familiar,f,closed,none,American,09:30-21:00;,Sat;,public
461,132872,cash,22.173595499999998,-100.9946027,0101000020957F0000942C3434384458C1C2D3499804A74B41,Pizzeria Julios,?,s.l.p,mexico,?,?,?,No_Alcohol_Served,not permitted,informal,partially,medium,?,familiar,f,closed,none,American,00:00-00:00;,Sun;,public
462,132872,bank_debit_cards,22.173595499999998,-100.9946027,0101000020957F0000942C3434384458C1C2D3499804A74B41,Pizzeria Julios,?,s.l.p,mexico,?,?,?,No_Alcohol_Served,not permitted,informal,partially,medium,?,familiar,f,closed,none,American,09:00-21:00;,Mon;Tue;Wed;Thu;Fri;,public
463,132872,bank_debit_cards,22.173595499999998,-100.9946027,0101000020957F0000942C3434384458C1C2D3499804A74B41,Pizzeria Julios,?,s.l.p,mexico,?,?,?,No_Alcohol_Served,not permitted,informal,partially,medium,?,familiar,f,closed,none,American,09:30-21:00;,Sat;,public
464,132872,bank_debit_cards,22.173595499999998,-100.9946027,0101000020957F0000942C3434384458C1C2D3499804A74B41,Pizzeria Julios,?,s.l.p,mexico,?,?,?,No_Alcohol_Served,not permitted,informal,partially,medium,?,familiar,f,closed,none,American,00:00-00:00;,Sun;,public
465,132870,cash,22.1430781,-100.9354788,0101000020957F0000550FC1FC854A58C16D7D4E35F8974B41,Tortas y hamburguesas el gordo,Ricardo B. Anaya,San Luis Potosi,San Luis Potosi,Mexico,?,?,No_Alcohol_Served,not permitted,informal,no_accessibility,low,?,familiar,f,closed,none,Burgers,10:30-23:00;,Mon;Tue;Wed;Thu;Fri;,none
466,132870,cash,22.1430781,-100.9354788,0101000020957F0000550FC1FC854A58C16D7D4E35F8974B41,Tortas y hamburguesas el gordo,Ricardo B. Anaya,San Luis Potosi,San Luis Potosi,Mexico,?,?,No_Alcohol_Served,not permitted,informal,no_accessibility,low,?,familiar,f,closed,none,Burgers,10:30-23:00;,Sat;,none
467,132870,cash,22.1430781,-100.9354788,0101000020957F0000550FC1FC854A58C16D7D4E35F8974B41,Tortas y hamburguesas el gordo,Ricardo B. Anaya,San Luis Potosi,San Luis Potosi,Mexico,?,?,No_Alcohol_Served,not permitted,informal,no_accessibility,low,?,familiar,f,closed,none,Burgers,10:30-23:00;,Sun;,none
468,132869,cash,22.1412384,-100.9239252,0101000020957F0000BC62C18D1F4B58C169E0A959C8944B41,Dominos Pizza,Ricardo B. Anaya,San Luis Potosi,San Luis Potosi,Mexico,?,?,No_Alcohol_Served,not permitted,informal,no_accessibility,medium,?,familiar,f,closed,none,Pizzeria,10:00-23:00;,Mon;Tue;Wed;Thu;Fri;,yes
469,132869,cash,22.1412384,-100.9239252,0101000020957F0000BC62C18D1F4B58C169E0A959C8944B41,Dominos Pizza,Ricardo B. Anaya,San Luis Potosi,San Luis Potosi,Mexico,?,?,No_Alcohol_Served,not permitted,informal,no_accessibility,medium,?,familiar,f,closed,none,Pizzeria,10:00-23:00;,Sat;,yes
470,132869,cash,22.1412384,-100.9239252,0101000020957F0000BC62C18D1F4B58C169E0A959C8944B41,Dominos Pizza,Ricardo B. Anaya,San Luis Potosi,San Luis Potosi,Mexico,?,?,No_Alcohol_Served,not permitted,informal,no_accessibility,medium,?,familiar,f,closed,none,Pizzeria,10:00-23:00;,Sun;,yes
471,132866,cash,22.141219800000002,-100.93131070000001,0101000020957F000013871838EC4A58C1B5DF74F8E3964B41,Chaires,Ricardo B. Anaya,San Luis Potosi,San Luis Potosi,Mexico,?,?,No_Alcohol_Served,not permitted,informal,completely,medium,?,familiar,f,closed,none,Bakery,09:00-22:00;,Mon;Tue;Wed;Thu;Fri;,yes
472,132866,cash,22.141219800000002,-100.93131070000001,0101000020957F000013871838EC4A58C1B5DF74F8E3964B41,Chaires,Ricardo B. Anaya,San Luis Potosi,San Luis Potosi,Mexico,?,?,No_Alcohol_Served,not permitted,informal,completely,medium,?,familiar,f,closed,none,Bakery,09:00-22:00;,Sat;,yes
473,132866,cash,22.141219800000002,-100.93131070000001,0101000020957F000013871838EC4A58C1B5DF74F8E3964B41,Chaires,Ricardo B. Anaya,San Luis Potosi,San Luis Potosi,Mexico,?,?,No_Alcohol_Served,not permitted,informal,completely,medium,?,familiar,f,closed,none,Bakery,09:00-22:00;,Sun;,yes
474,132866,cash,22.141219800000002,-100.93131070000001,0101000020957F000013871838EC4A58C1B5DF74F8E3964B41,Chaires,Ricardo B. Anaya,San Luis Potosi,San Luis Potosi,Mexico,?,?,No_Alcohol_Served,not permitted,informal,completely,medium,?,familiar,f,closed,none,Cafeteria,09:00-22:00;,Mon;Tue;Wed;Thu;Fri;,yes
475,132866,cash,22.141219800000002,-100.93131070000001,0101000020957F000013871838EC4A58C1B5DF74F8E3964B41,Chaires,Ricardo B. Anaya,San Luis Potosi,San Luis Potosi,Mexico,?,?,No_Alcohol_Served,not permitted,informal,completely,medium,?,familiar,f,closed,none,Cafeteria,09:00-22:00;,Sat;,yes
476,132866,cash,22.141219800000002,-100.93131070000001,0101000020957F000013871838EC4A58C1B5DF74F8E3964B41,Chaires,Ricardo B. Anaya,San Luis Potosi,San Luis Potosi,Mexico,?,?,No_Alcohol_Served,not permitted,informal,completely,medium,?,familiar,f,closed,none,Cafeteria,09:00-22:00;,Sun;,yes
477,132862,cash,22.150642899999998,-100.9870148,0101000020957F0000AF95272CF14758C165B2F91238A64B41,La Posada del Virrey,Av. V. Carranza,San Luis Potosi,San Luis Potosi,Mexico,?,?,Wine-Beer,none,casual,completely,high,?,familiar,f,closed,none,International,09:30-23:30;,Mon;Tue;Wed;Thu;Fri;,valet parking
478,132862,cash,22.150642899999998,-100.9870148,0101000020957F0000AF95272CF14758C165B2F91238A64B41,La Posada del Virrey,Av. V. Carranza,San Luis Potosi,San Luis Potosi,Mexico,?,?,Wine-Beer,none,casual,completely,high,?,familiar,f,closed,none,International,09:30-23:30;,Sat;,valet parking
479,132862,cash,22.150642899999998,-100.9870148,0101000020957F0000AF95272CF14758C165B2F91238A64B41,La Posada del Virrey,Av. V. Carranza,San Luis Potosi,San Luis Potosi,Mexico,?,?,Wine-Beer,none,casual,completely,high,?,familiar,f,closed,none,International,09:30-23:30;,Sun;,valet parking
480,132862,VISA,22.150642899999998,-100.9870148,0101000020957F0000AF95272CF14758C165B2F91238A64B41,La Posada del Virrey,Av. V. Carranza,San Luis Potosi,San Luis Potosi,Mexico,?,?,Wine-Beer,none,casual,completely,high,?,familiar,f,closed,none,International,09:30-23:30;,Mon;Tue;Wed;Thu;Fri;,valet parking
481,132862,VISA,22.150642899999998,-100.9870148,0101000020957F0000AF95272CF14758C165B2F91238A64B41,La Posada del Virrey,Av. V. Carranza,San Luis Potosi,San Luis Potosi,Mexico,?,?,Wine-Beer,none,casual,completely,high,?,familiar,f,closed,none,International,09:30-23:30;,Sat;,valet parking
482,132862,VISA,22.150642899999998,-100.9870148,0101000020957F0000AF95272CF14758C165B2F91238A64B41,La Posada del Virrey,Av. V. Carranza,San Luis Potosi,San Luis Potosi,Mexico,?,?,Wine-Beer,none,casual,completely,high,?,familiar,f,closed,none,International,09:30-23:30;,Sun;,valet parking
483,132862,MasterCard-Eurocard,22.150642899999998,-100.9870148,0101000020957F0000AF95272CF14758C165B2F91238A64B41,La Posada del Virrey,Av. V. Carranza,San Luis Potosi,San Luis Potosi,Mexico,?,?,Wine-Beer,none,casual,completely,high,?,familiar,f,closed,none,International,09:30-23:30;,Mon;Tue;Wed;Thu;Fri;,valet parking
484,132862,MasterCard-Eurocard,22.150642899999998,-100.9870148,0101000020957F0000AF95272CF14758C165B2F91238A64B41,La Posada del Virrey,Av. V. Carranza,San Luis Potosi,San Luis Potosi,Mexico,?,?,Wine-Beer,none,casual,completely,high,?,familiar,f,closed,none,International,09:30-23:30;,Sat;,valet parking
485,132862,MasterCard-Eurocard,22.150642899999998,-100.9870148,0101000020957F0000AF95272CF14758C165B2F91238A64B41,La Posada del Virrey,Av. V. Carranza,San Luis Potosi,San Luis Potosi,Mexico,?,?,Wine-Beer,none,casual,completely,high,?,familiar,f,closed,none,International,09:30-23:30;,Sun;,valet parking
486,132862,American_Express,22.150642899999998,-100.9870148,0101000020957F0000AF95272CF14758C165B2F91238A64B41,La Posada del Virrey,Av. V. Carranza,San Luis Potosi,San Luis Potosi,Mexico,?,?,Wine-Beer,none,casual,completely,high,?,familiar,f,closed,none,International,09:30-23:30;,Mon;Tue;Wed;Thu;Fri;,valet parking
487,132862,American_Express,22.150642899999998,-100.9870148,0101000020957F0000AF95272CF14758C165B2F91238A64B41,La Posada del Virrey,Av. V. Carranza,San Luis Potosi,San Luis Potosi,Mexico,?,?,Wine-Beer,none,casual,completely,high,?,familiar,f,closed,none,International,09:30-23:30;,Sat;,valet parking
488,132862,American_Express,22.150642899999998,-100.9870148,0101000020957F0000AF95272CF14758C165B2F91238A64B41,La Posada del Virrey,Av. V. Carranza,San Luis Potosi,San Luis Potosi,Mexico,?,?,Wine-Beer,none,casual,completely,high,?,familiar,f,closed,none,International,09:30-23:30;,Sun;,valet parking
489,132862,bank_debit_cards,22.150642899999998,-100.9870148,0101000020957F0000AF95272CF14758C165B2F91238A64B41,La Posada del Virrey,Av. V. Carranza,San Luis Potosi,San Luis Potosi,Mexico,?,?,Wine-Beer,none,casual,completely,high,?,familiar,f,closed,none,International,09:30-23:30;,Mon;Tue;Wed;Thu;Fri;,valet parking
490,132862,bank_debit_cards,22.150642899999998,-100.9870148,0101000020957F0000AF95272CF14758C165B2F91238A64B41,La Posada del Virrey,Av. V. Carranza,San Luis Potosi,San Luis Potosi,Mexico,?,?,Wine-Beer,none,casual,completely,high,?,familiar,f,closed,none,International,09:30-23:30;,Sat;,valet parking
491,132862,bank_debit_cards,22.150642899999998,-100.9870148,0101000020957F0000AF95272CF14758C165B2F91238A64B41,La Posada del Virrey,Av. V. Carranza,San Luis Potosi,San Luis Potosi,Mexico,?,?,Wine-Beer,none,casual,completely,high,?,familiar,f,closed,none,International,09:30-23:30;,Sun;,valet parking
492,132861,cash,22.1480965,-101.0173023,0101000020957F000074BBAF047E4758C1424B73C701AF4B41,Carls Jr,Av. V. Carranza,San Luis Potosi,San Luis Potosi,Mexico,?,?,No_Alcohol_Served,not permitted,informal,completely,medium,?,familiar,t,closed,none,Burgers,10:00-23:30;,Mon;Tue;Wed;Thu;Fri;,yes
493,132861,cash,22.1480965,-101.0173023,0101000020957F000074BBAF047E4758C1424B73C701AF4B41,Carls Jr,Av. V. Carranza,San Luis Potosi,San Luis Potosi,Mexico,?,?,No_Alcohol_Served,not permitted,informal,completely,medium,?,familiar,t,closed,none,Burgers,10:00-23:30;,Sat;,yes
494,132861,cash,22.1480965,-101.0173023,0101000020957F000074BBAF047E4758C1424B73C701AF4B41,Carls Jr,Av. V. Carranza,San Luis Potosi,San Luis Potosi,Mexico,?,?,No_Alcohol_Served,not permitted,informal,completely,medium,?,familiar,t,closed,none,Burgers,10:00-23:30;,Sun;,yes
495,132861,VISA,22.1480965,-101.0173023,0101000020957F000074BBAF047E4758C1424B73C701AF4B41,Carls Jr,Av. V. Carranza,San Luis Potosi,San Luis Potosi,Mexico,?,?,No_Alcohol_Served,not permitted,informal,completely,medium,?,familiar,t,closed,none,Burgers,10:00-23:30;,Mon;Tue;Wed;Thu;Fri;,yes
496,132861,VISA,22.1480965,-101.0173023,0101000020957F000074BBAF047E4758C1424B73C701AF4B41,Carls Jr,Av. V. Carranza,San Luis Potosi,San Luis Potosi,Mexico,?,?,No_Alcohol_Served,not permitted,informal,completely,medium,?,familiar,t,closed,none,Burgers,10:00-23:30;,Sat;,yes
497,132861,VISA,22.1480965,-101.0173023,0101000020957F000074BBAF047E4758C1424B73C701AF4B41,Carls Jr,Av. V. Carranza,San Luis Potosi,San Luis Potosi,Mexico,?,?,No_Alcohol_Served,not permitted,informal,completely,medium,?,familiar,t,closed,none,Burgers,10:00-23:30;,Sun;,yes
498,132861,MasterCard-Eurocard,22.1480965,-101.0173023,0101000020957F000074BBAF047E4758C1424B73C701AF4B41,Carls Jr,Av. V. Carranza,San Luis Potosi,San Luis Potosi,Mexico,?,?,No_Alcohol_Served,not permitted,informal,completely,medium,?,familiar,t,closed,none,Burgers,10:00-23:30;,Mon;Tue;Wed;Thu;Fri;,yes
499,132861,MasterCard-Eurocard,22.1480965,-101.0173023,0101000020957F000074BBAF047E4758C1424B73C701AF4B41,Carls Jr,Av. V. Carranza,San Luis Potosi,San Luis Potosi,Mexico,?,?,No_Alcohol_Served,not permitted,informal,completely,medium,?,familiar,t,closed,none,Burgers,10:00-23:30;,Sat;,yes
500,132861,MasterCard-Eurocard,22.1480965,-101.0173023,0101000020957F000074BBAF047E4758C1424B73C701AF4B41,Carls Jr,Av. V. Carranza,San Luis Potosi,San Luis Potosi,Mexico,?,?,No_Alcohol_Served,not permitted,informal,completely,medium,?,familiar,t,closed,none,Burgers,10:00-23:30;,Sun;,yes
501,132861,American_Express,22.1480965,-101.0173023,0101000020957F000074BBAF047E4758C1424B73C701AF4B41,Carls Jr,Av. V. Carranza,San Luis Potosi,San Luis Potosi,Mexico,?,?,No_Alcohol_Served,not permitted,informal,completely,medium,?,familiar,t,closed,none,Burgers,10:00-23:30;,Mon;Tue;Wed;Thu;Fri;,yes
502,132861,American_Express,22.1480965,-101.0173023,0101000020957F000074BBAF047E4758C1424B73C701AF4B41,Carls Jr,Av. V. Carranza,San Luis Potosi,San Luis Potosi,Mexico,?,?,No_Alcohol_Served,not permitted,informal,completely,medium,?,familiar,t,closed,none,Burgers,10:00-23:30;,Sat;,yes
503,132861,American_Express,22.1480965,-101.0173023,0101000020957F000074BBAF047E4758C1424B73C701AF4B41,Carls Jr,Av. V. Carranza,San Luis Potosi,San Luis Potosi,Mexico,?,?,No_Alcohol_Served,not permitted,informal,completely,medium,?,familiar,t,closed,none,Burgers,10:00-23:30;,Sun;,yes
504,132861,bank_debit_cards,22.1480965,-101.0173023,0101000020957F000074BBAF047E4758C1424B73C701AF4B41,Carls Jr,Av. V. Carranza,San Luis Potosi,San Luis Potosi,Mexico,?,?,No_Alcohol_Served,not permitted,informal,completely,medium,?,familiar,t,closed,none,Burgers,10:00-23:30;,Mon;Tue;Wed;Thu;Fri;,yes
505,132861,bank_debit_cards,22.1480965,-101.0173023,0101000020957F000074BBAF047E4758C1424B73C701AF4B41,Carls Jr,Av. V. Carranza,San Luis Potosi,San Luis Potosi,Mexico,?,?,No_Alcohol_Served,not permitted,informal,completely,medium,?,familiar,t,closed,none,Burgers,10:00-23:30;,Sat;,yes
506,132861,bank_debit_cards,22.1480965,-101.0173023,0101000020957F000074BBAF047E4758C1424B73C701AF4B41,Carls Jr,Av. V. Carranza,San Luis Potosi,San Luis Potosi,Mexico,?,?,No_Alcohol_Served,not permitted,informal,completely,medium,?,familiar,t,closed,none,Burgers,10:00-23:30;,Sun;,yes
507,132858,cash,22.1312917,-100.9371941,0101000020957F0000608CF6D8474C58C1DBF7C50028994B41,Hamburguesas Valle Dorado,Av. Coral,San Luis Potosi,San Luis Potosi,Mexico,?,?,No_Alcohol_Served,none,informal,completely,low,?,familiar,f,closed,none,Burgers,18:30-23:30;,Mon;Tue;Wed;Thu;Fri;,none
508,132858,cash,22.1312917,-100.9371941,0101000020957F0000608CF6D8474C58C1DBF7C50028994B41,Hamburguesas Valle Dorado,Av. Coral,San Luis Potosi,San Luis Potosi,Mexico,?,?,No_Alcohol_Served,none,informal,completely,low,?,familiar,f,closed,none,Burgers,18:30-23:30;,Sat;,none
509,132858,cash,22.1312917,-100.9371941,0101000020957F0000608CF6D8474C58C1DBF7C50028994B41,Hamburguesas Valle Dorado,Av. Coral,San Luis Potosi,San Luis Potosi,Mexico,?,?,No_Alcohol_Served,none,informal,completely,low,?,familiar,f,closed,none,Burgers,18:30-23:30;,Sun;,none
510,132856,cash,22.1513782,-100.97463370000001,0101000020957F0000C1B7D30B2C4858C1CE557111A5A24B41,Unicols Pizza,Plaza del Carmen,San Luis Potosi,San Luis Potosi,Mexico,?,?,Wine-Beer,none,informal,completely,low,?,familiar,f,closed,none,Italian,10:30-22:30;,Mon;Tue;Wed;Thu;Fri;,none
511,132856,cash,22.1513782,-100.97463370000001,0101000020957F0000C1B7D30B2C4858C1CE557111A5A24B41,Unicols Pizza,Plaza del Carmen,San Luis Potosi,San Luis Potosi,Mexico,?,?,Wine-Beer,none,informal,completely,low,?,familiar,f,closed,none,Italian,10:30-22:30;,Sat;,none
512,132856,cash,22.1513782,-100.97463370000001,0101000020957F0000C1B7D30B2C4858C1CE557111A5A24B41,Unicols Pizza,Plaza del Carmen,San Luis Potosi,San Luis Potosi,Mexico,?,?,Wine-Beer,none,informal,completely,low,?,familiar,f,closed,none,Italian,10:30-22:30;,Sun;,none
513,132854,cash,22.1378633,-100.9383273,0101000020957F0000FEC3FB453E4B58C19B4A463617994B41,Sirlone,carr. mexico,San Luis Potosi,San Luis Potosi,Mexico,?,?,Wine-Beer,none,informal,completely,medium,?,familiar,f,closed,none,International,10:30-22:00;,Mon;Tue;Wed;Thu;Fri;,yes
514,132854,cash,22.1378633,-100.9383273,0101000020957F0000FEC3FB453E4B58C19B4A463617994B41,Sirlone,carr. mexico,San Luis Potosi,San Luis Potosi,Mexico,?,?,Wine-Beer,none,informal,completely,medium,?,familiar,f,closed,none,International,10:30-22:00;,Sat;,yes
515,132854,cash,22.1378633,-100.9383273,0101000020957F0000FEC3FB453E4B58C19B4A463617994B41,Sirlone,carr. mexico,San Luis Potosi,San Luis Potosi,Mexico,?,?,Wine-Beer,none,informal,completely,medium,?,familiar,f,closed,none,International,10:30-22:00;,Sun;,yes
516,132854,VISA,22.1378633,-100.9383273,0101000020957F0000FEC3FB453E4B58C19B4A463617994B41,Sirlone,carr. mexico,San Luis Potosi,San Luis Potosi,Mexico,?,?,Wine-Beer,none,informal,completely,medium,?,familiar,f,closed,none,International,10:30-22:00;,Mon;Tue;Wed;Thu;Fri;,yes
517,132854,VISA,22.1378633,-100.9383273,0101000020957F0000FEC3FB453E4B58C19B4A463617994B41,Sirlone,carr. mexico,San Luis Potosi,San Luis Potosi,Mexico,?,?,Wine-Beer,none,informal,completely,medium,?,familiar,f,closed,none,International,10:30-22:00;,Sat;,yes
518,132854,VISA,22.1378633,-100.9383273,0101000020957F0000FEC3FB453E4B58C19B4A463617994B41,Sirlone,carr. mexico,San Luis Potosi,San Luis Potosi,Mexico,?,?,Wine-Beer,none,informal,completely,medium,?,familiar,f,closed,none,International,10:30-22:00;,Sun;,yes
519,132854,bank_debit_cards,22.1378633,-100.9383273,0101000020957F0000FEC3FB453E4B58C19B4A463617994B41,Sirlone,carr. mexico,San Luis Potosi,San Luis Potosi,Mexico,?,?,Wine-Beer,none,informal,completely,medium,?,familiar,f,closed,none,International,10:30-22:00;,Mon;Tue;Wed;Thu;Fri;,yes
520,132854,bank_debit_cards,22.1378633,-100.9383273,0101000020957F0000FEC3FB453E4B58C19B4A463617994B41,Sirlone,carr. mexico,San Luis Potosi,San Luis Potosi,Mexico,?,?,Wine-Beer,none,informal,completely,medium,?,familiar,f,closed,none,International,10:30-22:00;,Sat;,yes
521,132854,bank_debit_cards,22.1378633,-100.9383273,0101000020957F0000FEC3FB453E4B58C19B4A463617994B41,Sirlone,carr. mexico,San Luis Potosi,San Luis Potosi,Mexico,?,?,Wine-Beer,none,informal,completely,medium,?,familiar,f,closed,none,International,10:30-22:00;,Sun;,yes
522,132851,cash,22.136872,-100.9345736,0101000020957F0000C74DE39C7F4B58C1061F291714984B41,KFC,?,San Luis Potosi,San Luis Potosi,Mexico,?,?,No_Alcohol_Served,not permitted,informal,completely,low,?,familiar,f,closed,none,American,09:00-22:00;,Mon;Tue;Wed;Thu;Fri;,yes
523,132851,cash,22.136872,-100.9345736,0101000020957F0000C74DE39C7F4B58C1061F291714984B41,KFC,?,San Luis Potosi,San Luis Potosi,Mexico,?,?,No_Alcohol_Served,not permitted,informal,completely,low,?,familiar,f,closed,none,American,09:00-22:00;,Sat;,yes
524,132851,cash,22.136872,-100.9345736,0101000020957F0000C74DE39C7F4B58C1061F291714984B41,KFC,?,San Luis Potosi,San Luis Potosi,Mexico,?,?,No_Alcohol_Served,not permitted,informal,completely,low,?,familiar,f,closed,none,American,09:00-22:00;,Sun;,yes
525,132851,cash,22.136872,-100.9345736,0101000020957F0000C74DE39C7F4B58C1061F291714984B41,KFC,?,San Luis Potosi,San Luis Potosi,Mexico,?,?,No_Alcohol_Served,not permitted,informal,completely,low,?,familiar,f,closed,none,Game,09:00-22:00;,Mon;Tue;Wed;Thu;Fri;,yes
526,132851,cash,22.136872,-100.9345736,0101000020957F0000C74DE39C7F4B58C1061F291714984B41,KFC,?,San Luis Potosi,San Luis Potosi,Mexico,?,?,No_Alcohol_Served,not permitted,informal,completely,low,?,familiar,f,closed,none,Game,09:00-22:00;,Sat;,yes
527,132851,cash,22.136872,-100.9345736,0101000020957F0000C74DE39C7F4B58C1061F291714984B41,KFC,?,San Luis Potosi,San Luis Potosi,Mexico,?,?,No_Alcohol_Served,not permitted,informal,completely,low,?,familiar,f,closed,none,Game,09:00-22:00;,Sun;,yes
528,132846,cash,22.142273199999998,-100.94265370000001,0101000020957F000065D51EE7724A58C1B688A454109A4B41,el lechon potosino ,circuito oriente esq. carretera 57,san luis potosi ,slp,mexico,?,?,No_Alcohol_Served,permitted,casual,no_accessibility,low,?,familiar,f,open,none,International,08:00-23:30;,Mon;Tue;Wed;Thu;Fri;,none
529,132846,cash,22.142273199999998,-100.94265370000001,0101000020957F000065D51EE7724A58C1B688A454109A4B41,el lechon potosino ,circuito oriente esq. carretera 57,san luis potosi ,slp,mexico,?,?,No_Alcohol_Served,permitted,casual,no_accessibility,low,?,familiar,f,open,none,International,08:00-23:30;,Sat;,none
530,132846,cash,22.142273199999998,-100.94265370000001,0101000020957F000065D51EE7724A58C1B688A454109A4B41,el lechon potosino ,circuito oriente esq. carretera 57,san luis potosi ,slp,mexico,?,?,No_Alcohol_Served,permitted,casual,no_accessibility,low,?,familiar,f,open,none,International,08:00-23:30;,Sun;,none
531,132845,cash,22.1262926,-100.90077640000001,0101000020957F0000B230F8670C4E58C1D590A2700F8F4B41,Cenaduria El RincÃ³n de Tlaquepaque,av. seminario,san luis potosi,san luis potosi,mexico,?,?,No_Alcohol_Served,none,informal,no_accessibility,medium,?,familiar,f,closed,none,Mexican,19:30-23:30;,Mon;Tue;Wed;Thu;Fri;,none
532,132845,cash,22.1262926,-100.90077640000001,0101000020957F0000B230F8670C4E58C1D590A2700F8F4B41,Cenaduria El RincÃ³n de Tlaquepaque,av. seminario,san luis potosi,san luis potosi,mexico,?,?,No_Alcohol_Served,none,informal,no_accessibility,medium,?,familiar,f,closed,none,Mexican,19:30-23:30;,Sat;,none
533,132845,cash,22.1262926,-100.90077640000001,0101000020957F0000B230F8670C4E58C1D590A2700F8F4B41,Cenaduria El RincÃ³n de Tlaquepaque,av. seminario,san luis potosi,san luis potosi,mexico,?,?,No_Alcohol_Served,none,informal,no_accessibility,medium,?,familiar,f,closed,none,Mexican,19:30-23:30;,Sun;,none
534,132834,cash,22.156469,-100.98554,0101000020957F00007768135A174758C155D318CB73A54B41,Gorditas Doa Gloria,sevilla y olmedo 715 a,san luis potosi,san luis potosi,mexico,?,78349,No_Alcohol_Served,not permitted,casual,no_accessibility,low,?,familiar,f,closed,none,Mexican,08:30-15:00;,Mon;Tue;Wed;Thu;Fri;,public
535,132834,cash,22.156469,-100.98554,0101000020957F00007768135A174758C155D318CB73A54B41,Gorditas Doa Gloria,sevilla y olmedo 715 a,san luis potosi,san luis potosi,mexico,?,78349,No_Alcohol_Served,not permitted,casual,no_accessibility,low,?,familiar,f,closed,none,Mexican,00:00-23:30;,Sat;,public
536,132834,cash,22.156469,-100.98554,0101000020957F00007768135A174758C155D318CB73A54B41,Gorditas Doa Gloria,sevilla y olmedo 715 a,san luis potosi,san luis potosi,mexico,?,78349,No_Alcohol_Served,not permitted,casual,no_accessibility,low,?,familiar,f,closed,none,Mexican,00:00-23:30;,Sun;,public
537,132825,cash,22.1473922,-100.983092,0101000020957F00001AD016568C4858C1243261274BA54B41,puesto de tacos,esquina santos degollado y leon guzman,s.l.p.,s.l.p.,mexico,?,78280,No_Alcohol_Served,none,informal,completely,low,?,familiar,f,open,none,Mexican,09:00-12:00;,Mon;Tue;Wed;Thu;Fri;,none
538,132825,cash,22.1473922,-100.983092,0101000020957F00001AD016568C4858C1243261274BA54B41,puesto de tacos,esquina santos degollado y leon guzman,s.l.p.,s.l.p.,mexico,?,78280,No_Alcohol_Served,none,informal,completely,low,?,familiar,f,open,none,Mexican,09:00-12:00;,Sat;,none
539,132825,cash,22.1473922,-100.983092,0101000020957F00001AD016568C4858C1243261274BA54B41,puesto de tacos,esquina santos degollado y leon guzman,s.l.p.,s.l.p.,mexico,?,78280,No_Alcohol_Served,none,informal,completely,low,?,familiar,f,open,none,Mexican,09:00-12:00;,Sun;,none
