Country / territory of asylum/residence,Year,Value
Albania,2005,211121
Albania,2006,1132
Albania,2007,161
Albania,2010,12111
Albania,2011,11
Albania,2012,1
Albania,2013,454214
Albania,2014,7131532154
Albania,2015,13111113325
Albania,2016,113461174
Albania,2017,*****11*****18*565*5*818
Albania,2018,**19*523813**3210916*5670*9*********818**42199*5
Australia,1999,110711611318113122271157893254125153117385318101711361421482214716484531301411428634313714212111213311011321425151633491031163522118124811532212201156391533146652135474327111321114151221417721642241141273018811912395245232821134238111341141217185213111133711
Australia,2000,122113332254282811118131461106591012483921176100251711131197125213219815375122021271213258262259262123122110112232671212629164342514132412116378211437162165518680461318613747511587255871011101032111411624241302151111832821631493251211202260352320101221311112182611523162112516412253913121796733144565416398341
Australia,2001,11472522613342141162287838761422621871321422412141131422024621716141222316312111121314358201212227641016141810136741621411107812221112517111182121119310161431181255182479251471538231211421931127913192232011611114178141313224312295014757225237211125108256221012096139270324110652212332313216182
Australia,2002,1222362818851321771111232132816523221306111511112301244154552212541043011383518726193223192602365256179173431744112111313012321214421825317219461151523612215015410384113283131522174114712412614133331461114728375610318714124265119131411122
Australia,2003,16211231216512131413211123166103312511321416211341516161243544932141116631111161191616134718221111261123103414213119111291962223263574312124123116824131766252161022131181719416213112141311223421721
Australia,2004,3611111132451411343211113547811614612122977911111635115142111317616162165153771417213422121231522511542411113217118932721389111411410121216111121143146314226571226154723
Australia,2005,2121142111261241197112191571232618281421113451312118211291159205310242213318221219111237121217791112134532932161113361143171213161113812162216181164
Australia,2006,392118112218715248638113121216121451111912133154211191539471291814631411862132144101618323125113232411181110383135212942311457474271138511221154623611124121116122145
Australia,2007,1593224212112151111363312425122112101121215232117215191210211121424121114201343125131142211534331081171411321184192222331721255191153134112111121351181317111465311117218
Australia,2008,351111191126143125118342218214811911911612103321133512322136114132311182116137261233122898442131415111917211312615141572231546114152018111111116149231111361119116512316112116761881818108181151552145113
Australia,2009,3111111122231144164821239138713816411112236348226453171217144154163115311938321218712172827524212111271141869243125121541191764851921641201182151736322410312216243294231
Australia,2010,12214211033121134331131712912632116215512103514121216311430134100361142131111121813286137212381411462324517746421784135232226916441131113702621112881309013142652238575268622101311614227131712224211683613122138883741713818791231066422864713621471436315331
Australia,2011,5631053125271523121851949915211111211921201821414195511231171421154132442118748210195810216418529421851112827271241117538713115265140921416231132411211131121341184220891715128339236226453821134918181814192116102333181172354111
Australia,2012,332118710211101721541111423239370213110103214515114230111465112111112511226141214162311441081511414494111167655482111112332912245329233303219943122141421417111511111315291423652616481430331628196552772581612351448961223242181283945522214427330131611455910116
Australia,2013,4458202732318282884501125174347312197945892487111115422243223111121111912182112141329612515860115712211110325118316811275112011412010111532915751162119261151118211411321253121762210638348415614191332101684144322015271312005110212481634203147782801119105129139241223103612532213395
Australia,2014,102412113192513839411532203045173271447219271182140108410931112951086126254281511131515391212019317619111112313772541211711619121123111788111611311261362221234211411121212991120316659203632232841711271410116641222217924624111210209112721132111141666111213391322410141
Australia,2015,474345173122819631113662421727171923491160231391415251121112124717232511313231582360104418810191112821352283618191132143650124111221441033519214437155114147214172238414111181111243122510161171319141612721482112102258211282121381141611416713131162612321136112
Australia,2016,51561637141029547616863561671137131167871277517962318365294381971513588159715261165190615661302721742115191075555994471434252101798551686922131187197311726286261213181111861879205
Australia,2017,668187196214057147071529988998716966758195177128104717210391001816815177125391436011583771861432104723444102151832644763238136166521291052381713430202414653076375341091065101131265312616158505766100073247295245614
Australia,2018,15510102043136135242416517561182245392675322079531222070743413174995688017914688712271057213676892128775517115050
Austria,1999,12181214115232942223111012168219820110814176318476562851311536131511101685211756243421812325210122114818123011671655101891233142213511921411081922712451717448123131111521432216170570417161743622161211222120721371007
Austria,2000,725312427214113329111171558135114812142492321281436101479540921211416316215427614993389362345028601715517172026114110122122644944311451712989411252014411145112114139428671823272161158212514616171110312117518110398171133171713231156812512231011698224110154328138131278741
Austria,2001,12111414141211662664511305227106102126281251153781562212648543855171131463312191112302101177135731213721411131415111301611127542129675955818621953111062731896247091145146279212941178551413365305107112113179201115040131513521151977312573219928202874234521332171324291518481642427716199151711
Austria,2002,8595512628150315210661249310811510415912114122825113832474315631266453010924337312317859108481115916404737731274854012115910915167081217922288159613392102875816017831423264743623711111891914612524511721511338390101644341722115011121086213946291111234892104161543618914439187192123112724139146424321261213241686213462549131127103111
Austria,2003,212295332119819756221410712602162117101512346408470126836621446732141681719511366231716321112383115453844493519118611206368101412991350912246561785551610122674753038552145271231419130163713622913246552653211185335382100227351141111001466412721199541917812111016323221232160134211216111214331379491147118172226273332143341217212757610122402311267277
Austria,2004,1219553296189218941691151234294227020627141661319122252156111551172452131224625723711242425851180532512511724163111481201432251911247234431219558383502694343618121002125274575261961122223116101013153122267131613991137427119668201321111173311691035121198194115187344192312143071316113254332811912217611132427653721171316621
Austria,2005,84548119658365341314116522181002314383181738123211202265121065201163223134133144165421174409034744124983702311834441145381724242126122843511406151437111181375557110313571208151251551262138443618105663515522371812119125442754611437521231415683250211330232137107911331019721823921263131335212347711326369
Austria,2006,25111731121331212611134211124232165711127182313141212951211276519209140369521945735115118221216814448732303119229213212671214714361133123354281937427239731061512055419731103242431151210615331382212616151013314574912816422331521432916166203416930143
Austria,2007,531719111471331141119815321131531592351272121101421438117461811125501311812115510211411134263911221315122483472226291325953417211265411351912334919136926315916361151532108511616171111322124187121481119177131383
Austria,2008,312228291111532536163131930128453520323239194311066301011212213181620103111028162202631116213825416115521112020142312121221781112211451259511511031144612651520212621191013810111137122136173213113283118262921224141021111019212753155301413262762162
Austria,2009,251618135221134231131113121826111084214113453569220598684426511222123153111022351115324493111191511041915177371823301951831127531851286112011554241193065304211622373323111742171122213276414423038233323112151825261135313124941200122128272186895102471010213213321311301747413139512743355
Austria,2010,262113212539275231811522223212140322417112194241541831551929121123818126201221144311212451592315513110102415339446112122524131251382111132341975161762115421971182145168212702461311176104111312122771242531210252981271162134351152114121132172033111422128821413321371231145421381981
Austria,2011,4754121021816383437419811476511851792451121001641111914281853142562244718810911324123512238471331182191234284514315331262352326433101111121281112721792515144111339525403115635288812223622390849453823341271172224578535732321322033543743125112133151823223391434543419527155
Austria,2012,138103213429419168323936222215249210302211215311718141114812218425324111125612471147061189414412246313514137162123022158120239561561412221911132581660595181111447810122348222031050262611414234842835521312271334214121521573111532216126791540564013214141414254161151213128313713022720436
Austria,2013,191841615255215730182114732920120141342182091211611980492711512716711230178514443214749131271177161931016102114134136327521201663312311551193111122031176533492606217253217112811102128613118315119253491401143048333301721222211510333201944116717149338131126132824131312922124845
Austria,2014,13521125132214116515115119974772425711121927111741612113241663212813123229922217182381211723078560532131712821823141733965331303725822121162282154101259112919308137163511171172247141214212212121175874237112011262121126617414212516911214021233211173101335610221340521017161351691242142184112715215921172113125104
Austria,2015,64989103292064992133361129241511955116956176403182214523410214651401703951472110231287561247150214343341912114941002017181696
Austria,2016,659315374172015161170179221172734214315333062451481257710513635110612899792487521132531176221952865147527321518403341191261126517170
Austria,2017,8***6**6**58**6512*1632****13*7987**10146*776*5*23*****717*5615*20**116178*5***27******387**82*650**3818*13302313*11122*34*1010*521*155*24**88**4210327*****90**58**88***811*****12*236***22489133811176**8119**9*****74**278*5**6
Austria,2018,*305131051994877*6286*11**119**21**1258*10******43496**21*9*9**2715**912***************10119*1012*****811*12***723817*8*****18***1566710***1389***12*22*62831056****1223358
Belgium,1999,121112671279919321081412155136185416131725104435129218163253583142214159775882171424727012194220163221162988114324203412141328688351112642121232752914735983031218915335200512469131642024221320117212251117261459313216131321462416163848269333191796117023225511752221417351101471815421698179129411344152965789711864271633311162631261125512112669131829311451248115242422172175721135834441127212311
Belgium,2000,24575339185828222209122512823357171638493140650292113571032053113511392361424135351138513761713421050171216163155465112821514131445910361034167233421263865956151249597397444351489203187028712561960110227116811487355625782661192137531932027127129861341202287681280142153961932421832110110322712470212162224926142233453819918744452701054665361235522843143278246361128117161654122011739629177261311229283192464362719555843211133121704474311511293498022111551178030312614121
Belgium,2001,1208114055215642141721305034411195581148301036328231711216051634923117104425513516111251012932125511627213012113901499242214141263141678721681081315125923821382166512567101178871511429292756750911114218785916137341571219227222157620321922719592227534219411612012161996211221818672216140451327251916611213882112132211087616211101203342417321117115236184812796889619242266146376139532553
Belgium,2002,154152221111541173241108922719323346245182613219224944737181082520811871222310316714207713219526286152138133591462919331137132225133538101883111485051111212415153121446151526147516314621817945730111251141411431223529764468231519361522821282142210817141916162941513381433133641315521418248171383264121021118211146319138171013041156573341741472113022487033114131339910521932411591320129
Belgium,2003,252141464511202911152141737261721143523821351222513113192414242221311717101614227363182261251263252251332854212928346135571112853101445572412218140312151323533221241151073815261251440111354152241511392363312521912141411221641182228313142228114413165591153111564263542211635142266111531291612111518163164111101612688119222212311612836512161481137172210284274018
Belgium,2004,1517143131564413191134128168115633241171844142335112571111116125815459124194945129726182812244631629196432125713122151461122313413313055132381669332711314211824162201521511411219113936813323112411151211252129124418199518171942112112217169322214323241247119334110927192634823719268761811711111163717111611021612795123232934126213349131268304211841732103328145199172816581121302010221813141615523111419
Belgium,2005,9216102571201032761971028123981456357194181711613133113296531211112121579202853107170211376118531511734421242352643011172132074951496512132549231322641103547413425321136760901116027717276113968111106018852541281103810155331721162356731971221641121185161611561118221413151165361416511122114954942201111647192156152512587316921131612722211281611
Belgium,2006,23728451113441093411214013452218715176271623111114401453296164272116101122181124125131242414181131511182131546157182771816159132391416110697315263161103561322267333232139573151231178332274273242615128101181510251812812446634141133427731711964542713811082481022441141102521115239431314183113622422151241371612121504142733
Belgium,2007,415149141716422316423464152721788112031672291003121127815021212498208322332512545482112116165109241513111211021621114141910201112172011211812221731624122512615211112241325141012299811232163116321146310681128224395634512911420143221242811331253102853375188412574132131142132827126112012511691441124622410122416711221029109272
Belgium,2008,511195399211171231262824120311204229413222652111112615234223261031442108624167273842102427186574131247112582210240426316711114321315953554947101621525441171114112510321111241605129123211141332226136342211113113012553111321313316411928111611212910218576121542745415136187129114374182212413616119616151
Belgium,2009,14149713431782463141314722135548202461123557713631051618216961320131729117315922951066623126211115212183111514111617114410528163274225782325101813236183111103611334012259543421071918128410101535745211101721713205581511512422158103201612554225122511771322276333514681121724120131171291224257173123712211123712344457614261211116181431002121057122211221326176
Belgium,2010,661523304496416437871555324103031510114210926563171392121719111174116347911746522227360825355223393119626247103019501821952413201723982614621314020119319516122211272221263122711497165891311176181102917199242114511109121374917312563373416310222117934111169141818614343221112230121219493173231043111641331171471282223571511108632392233610325253551367216211832552109689231112261617317581163
Belgium,2011,11720153862932313746259128565382395113512021417351358265178201240735318522333172125421601198391403281612281165291631164111167121194102107458278111114642022346634846215701118210581492951517421361172151153211442411721024482161213134216163333215312013193183111309214255411546431322241821762326017120128589120191515344225341681613722983431324134352114712734291122424520141358413212021316
Belgium,2012,211155123122122116291714102331611823256523151713111136210211529724911425711221412413541755412213012610261432111411186331313149621211121129431162254119246710011355232122556324143922015711394117836636211541121708481187283131122425328126667910812615114232511431625212296201101235123301551961771855752566711315447311231109847012241611616289313732482192311733320321124617619442541137
Belgium,2013,1814322393656479331939513727313111010312145217221121114111669157161632330415243113131341227840221271162357141126442117108141122488715149442610932322117968311273849351475262232195157282225113742241314241541597424116113444432117124667264271416762555931346521812645141914394311311743107911285612165391225924827333120123111518732927532277
Belgium,2014,12654462621113561311004222523122157959237133315164914114118010272181297421972226141155141413111111661631447683044033781172241313261191010746221137753411789127281493161413121172112242721541610431542514512103421638341897102201312533556215333556191911023238871361145181511217410113312451251138
Belgium,2015,111823537211206213313172375181035515202115511728629331211221227110139510671714321112312231132394111321351219436217979231295924915149318157824813133111155156171531119441873397853270614013223441017362113113222233191247191882293491166620411211461008512313335741727815911074828115621113245311061261231336823201127401102763621950410511447431121125211213692711113
Belgium,2016,121131021967631631511811577158391942152253102811352743272911194213439521131651171271031222785515397687322213761337318134531118313633235359176232453706110129181249181745211333104483157161557134138131331976142621131324733686111163133651166621341311352451137381081071291620532611202
Belgium,2017,1646145210*347171010**8*22**54166425117*115**7*29*5**271987***18**18*4550*26486*771427*37**75181085126*15**96*3412221418***325171013*7072**2155****37*46***301216711*8****1724***9843716*622*****591556*62*11*7764365**70*102369**1128*264327**13226*4184645**6*6657*619242535**45*108*252*7**6**199*13390**205*5********1425*56143925167407**
Belgium,2018,1815***15**43*301410105*25103735210*2024654250580517***4020*10145*4041*6311148**816*20****62514155*437*11**2814*292010*116**550*5**6*106255*77300**30551101511475*155***555*13311014101064332713*67**301659109*5512**30*7710101101065**5265450**87**5130**10*29954*153015158
Bosnia and Herzegovina,2006,1111611
Bosnia and Herzegovina,2007,123734445
Bosnia and Herzegovina,2008,4121733
Bosnia and Herzegovina,2009,122111
Bosnia and Herzegovina,2010,51112
Bosnia and Herzegovina,2011,1112331
Bosnia and Herzegovina,2012,12111712
Bosnia and Herzegovina,2013,133321111
Bosnia and Herzegovina,2014,111113121
Bosnia and Herzegovina,2015,11533
Bosnia and Herzegovina,2016,6225314
Bosnia and Herzegovina,2017,55****5****************18**20**
Bosnia and Herzegovina,2018,9*515*530*138*3447*5*8**149**31***85*8*14**65
Bulgaria,1999,824109212312131112105141371062211113111922111113343335
Bulgaria,2000,14111381112747934111131522156161533436121542737150272434823
Bulgaria,2001,311013270146614114216124822161224221147352486814575157386341171524
Bulgaria,2002,181111619637651014223491212121141502117722723411437116118191495
Bulgaria,2003,6231121261722952311111517052131681151111418211017
Bulgaria,2004,1916321217212131111102154112561141246101110842439215131113131185
Bulgaria,2005,134112313332215841111515111325211412441212116125811
Bulgaria,2006,11113418111413322522191117311520111113126211518591
Bulgaria,2007,21411211261121124121111147311128161413121111
Bulgaria,2008,1111210210224122114223111151128211111211131256121
Bulgaria,2009,12111321122114393313112111161212116112016113381232
Bulgaria,2010,1211223115122571335111612312332114101851132512311241711132111319
Bulgaria,2011,55725131011311114141113122313018211111
Bulgaria,2012,421535111156274111123691133255216162116111012181121
Bulgaria,2013,81171236292011671241663792141613521134612618333113151363515861342213243111324284111122115385714818121412127
Bulgaria,2014,3113727121221821249181316111351121500951141726212222417184212388162421731714963233221936325931113122424314143
Bulgaria,2015,275132333151213615812112132216135222913677557611335212112532191211296825950718474111160112160374
Bulgaria,2016,61222621312052286209146269814310779066811213113035741281401561285111585641211742130
Bulgaria,2017,445***163127*3959124*****324080*39**1457*12*5440*
Bulgaria,2018,50*13*79**12*5614415915112
Canada,1999,1246451261339714105111292110721815391132756111332721431871013101757654885331982931676661136342513112981532773114731143522334467415493818252411785232929185621513121184675172928684935145411205178314521122124727109132312916226515124101612342013213257212222251037267300159211175245117257112123251123162536102813215712314631253114535431342126270351120664961781215118122330891159316371391012621111118438201253722712118177331719911122512563612101211414351131697624522782468212511912211178513217423313218228510822216625522331153727286023120183525133111227165884762127120520105
Canada,2000,1889329324341557981316117612251132086512255513511131418161612011011514231681828171522932152544121211331224262224121121833103894211646311220112101262107131437123106311716982722263911422415328119124991641431121741002110316202934139141311491423104421511811449134125441915219820133116213128721218715271315161116811314699221461025743156616351215178828451055615912537110415932035174783391677210819761131111223241317262132181523224211214331232136241161331237121313221117192171111769226502714523721453218221127119148446211483612348283753281118302418025278535121100221931332515227440421394115282111517711081216023519494523821101127146116734529323737216834115213114701439912
Canada,2001,3811312464142054821017649111232926541711264221166850181915311242130302341312294238232647436614630326133919617158111753757117228354012051674237881614113213163269452135364326816819813052242926721217131062022641135625577912817631612227210232149187713652182236202172211443881215221136134511022526572516248317172513183334186138718581217124051686481441771236272141316161526451122322151621172162681494352875251611324516366115391392217737153474415443137413111992038351111152391275515124151120134153914428264421411471524161321177428232321511129761925189146161987315812048363522981845544136297113212572812434327132214921623319721055235526
Canada,2002,125233617218744118119182226102543924172342911142513395222313912569217171531213231224460821818122277388119361453706354245201923327712249184225138845411722672642574137223111727129171831641710510135229325341510921240348503251472172442151552681836166945019321223714311110714521853177363213226121136585852111631115213784162213226116221415732911717512018181641319317192112194138611924020206120413616921152192119524224228513222112139396225811415912154014157391245714432393341928331127313132792240632331104452161281027101171917224131102125125115441234149574112162229534652101011076682725142074334241102957613101681511318453560186619
Canada,2003,13186101183112330283631121149514127161111112135731210378144614724122551477261163324019115111249294311174165714852428442131111564217232172212147125282429211621225616311457150339108327170110535144224284145634462142131911421537214511321523105722162437931116339112610769110661683277169296101015477425234351231221883413860135732114492171515821442291154535613145132221933118212121222311361537321137241231412101126438346645141162152284533471686461371173521510234031412234296113333735101792277126193721722847189610324827198862120222103512628782024281842222442320515864351183134623815461481121122724413192452339121711561620615410063166910
Canada,2004,141411186175771181813872103735311161510144111211278131222406167215171112133131225121202171846222232634015121417102418123475113131918271233281413132530275151911847214612313637148116517314822226152211610211291726841971201931793192313313116127121839278157113438111304152112482111553323625283710248730231931113313421587114683711362427141162813401719211751442113943111712211236104451522201111826512211811930173204191511315117481226414311119339131148192921123513182276253152117417121616118615214271102230512109143133233117253118525213173368139638311638154425
Canada,2005,202217142181121111115113633713152985101737901174432710134491315161036123722318292610311911114943631631113419242412383832373534812210236584121224793221311112163217334210975181156152214292154354714713221913071811833311585617134116151810015611006116156441221631574133334162146173852011512702052121041514113101651224236117111131192204241521940212191610164524415127221917115158231128161213141191512233026346551958453422318252292264434156111041209115341144310241562838412230119116174354316221517191471359934193683633593
Canada,2006,66810164131111112194303661611315811131110191351117031225953710144312313112111171104232521623121102126143528213321534928164643249133416161823163382151292282265222121231317158151811971902010421021638311171722482422417122102542123641925273811102113155131211221274731531312134105130221831223116171837111435391242362335152112149721582112674111632112732153917181134712242411124282124142013711411239132474251472217213261413744151219219166421291319221291722653253641621313632123111191217141265734741341225311418331371113323432211413924876117311117281020116
Canada,2007,2412511218158151411413131451158112744256732741111151147232111131118551147761931613722163741310181711947613832041101149110317114321314198331412111221352222112101113151318111151313106112131107311512112925251761662923235145371218120831264131382218241481112113265981911281544457451155131219911212913306281023827135762336276121481321116517611211182115392913831263210153112444122101131229240113162246386662924111061131082103830352285512232757903201220571762011128722955891159325181015331358232671114421310441114216121314101313432432373357151157038421191815123328812
Canada,2008,216341113612622122627818315431441597226713353512135592151123021065320611117111131118116131073381304392942221675182101119116846121223051336136386278144127212931007265726514235426404101921601583329915547319127236179122330137421511712012113035214269265633181414221222013121062116419221283276122555832171213691633942213153343125651141623288422128750683471711012723451412392492184813201221362421014121611397631310234203612622142117124132618531984341031112207133141262336651594713332611241181474221325112231576314514292171321172515299401131323433521911431138132331114222457953731621445427224171343836227143325722222129
Canada,2009,213675145159111418112121217113211093175243111104121687033744487026220144414515281373620061329214131314615172394367212251516619491532527427123321217472143193241513111197817321022296211194091339641132222951244645291317238231421251668464041015352124122312410216663611144311822912716161111141413910511247284815244223115331036142475887099746132115424562954224137141231217316171114112112162574655120391231321131310741919134112323913137127622213112207411107411816321515194133663934142136521145241220537121513252173461171212514731215167221373711123616831211346712212317512276
Canada,2010,1763402138191642181261113810117311512435111111915981196121616489421311110143161494412572622852454341222564211414745474658522325532815481034653134116323056542556493172429438433235449121111597412161311124259312317212137362134221611464320945313327268522847201132388105631512682955917152111055521312121243103313422971144247111958148468214785780318204631210347255331236327916113317234621229141141191295326113712316183311154292174222265111149262291366756414267411332601131142827221210238126115143219131123153294331124181025719458427242371234622175110922143511532583143124521417371126244925620521252271114302252940844113142791172921
Canada,2011,34517325345265911381120413125237015231483119157821152826324142524631274451821921519741253795114111153111102127114942125745907074276011515210173114431114616420252127821864342384532423113311315223859169524634432015610137274827165887013951210351231035312475131214111270135111312231931681123138482624252524141115332132153012471661513638573552124615103243446421121110211181134511616123918142482541413201521345422203443228206861744353341437268316103311111148601116523231265961911188919565535857331181624542816485523331123683587782212243223313111124941861912233517321520212861442314610113738166
Canada,2012,491947175248415151112010311311124106761151375143763378832364524215621649195126624287100212264144617251255240216181020224741285393619261172333251262910572782119144735105222244461112144234174121519912444181192131463720212891223122251181523411849682322811124912820915431121141214912616979433843101011273369103774123926915060301247641750122234673142220121329514127021435224437451813211413123651642313112221273731310532219161230140152101028631233413614929361331475321871402621242191511029570131216602221141112437462222292973051846220125301376147213411721
Canada,2013,268353293361101214512122421912121819162156111012736264135471336261111215925283443142442462521771913415785122166421794315262610124123291313232493122216212154622123642119831624923461414621243112814643221112232212292231982217110127910826121122611171125138341592547113116113619112322154331617128254121425141513260217273717147354181230121322121113115123192412152235111032471236151220352202014149693441238252111320128121125410911953
Canada,2014,6412223130813691344841212530761139828115515127540843016111175331335376414582031551021513382111132128386311286240112129788513715286112491119312365822912121686498535132312228941115013176191456522210158696861203821505162631916495114153621412151111166393695151331234196532518382417245139491921231211166312211145853337781191123213842859322593235321201511131601211151073412214713361266943912245327222061910832254629121725262161315723
Canada,2015,1255731092131121727120271155245331381113531328311215144162923533111218729745322110151271541345453221512422252082231411205424774130365628241454120419242604318864256123141131711249681214189211713531145413955644884131953216168251311023237485623716521222193264417231951434322710502121124189124125413131113162132491220273522612741012111824711141011717216221120704131821957222237923632238107111161184369189621032112512583802176531564223724112412426217413162811053718591112
Canada,2016,54171216120311151448110141415392391715342261111468673143811891775193441241461211212173211242141120162551221113329212619214620141993314065100292024343419212662111712614852121205914247266552642318526413579316115534427421771871613153351102211311411518261513110813451216357317161124246412681373511005126322162547101129101012243218524261102314551112359485214351616234711517871723118901153141216815221111430130262116193547782416211211120103261151259152711119113614524140182166888561421082574469384442321669113418161232810
Canada,2017,5562285*23***9*11*1046686*7950**13202*1371129725*30*40*****5**63**2016676*37286*66191925*9*12214*12914*1428*813***108**204**651310221215**91055094*679176*7**1929**838*1115*1650*13110677*1635*142*37*79**1564*88617***125**7*17710365*15**29*2310**1501422814*51428**6212521*4075*12226*2558566514**92012*411241038*774988*281***191368**46537**179*201105438*1743235*6179**17*59**8886042883852760256833111*3614**17*8*10395****249126*308631*5164938*291511038714*1816020*84**18***658*1313**19*76321619717**8**156158100*14**82076146533565753159*56*12531*67**47*8***332315**27379169*31995512105933**12511371292012*115*511217775173318*13295*
Canada,2018,14765*11*1319382316127176*341725689107201071319201567***1260*152292*54692103**14128*65*5012553311411*45**610*20628575*15*246217*712941*23*275***8*273*69*51199142**95221*138621410172256*112***53**
Croatia,2003,1211611
Croatia,2004,21113554211132411484141
Croatia,2005,2211186143142511
Croatia,2006,1112231111
Croatia,2007,4411147341111210
Croatia,2008,113174713712
Croatia,2009,113123111111171
Croatia,2010,1321111729131132111123232
Croatia,2011,12114115181441429111611216816111131121
Croatia,2012,20513121122117122171481111131821012191589241464548415140314
Croatia,2013,21121711332111753641911241871131120261114114101143610124
Croatia,2014,6454513213213111112413211352221211115221143112
Croatia,2015,241131111115562112351714411132311123
Croatia,2016,313865274108451241121116111220111161502131312161113328111427621156
Croatia,2017,*5*63***19**115727****5***147***26****61***********5662010*274544***15*9**8
Croatia,2018,****10***12*96356**********3718
Cyprus,2001,111154151381118171342413681516211214119418511126241
Cyprus,2002,113325311171241322132416113133991151612311355221112257372198
Cyprus,2003,45112112113888195712017118249111316111734235711113611011113113211181
Cyprus,2004,53121185510256180147454752335359229117151111161111414953273651222511126618118340134872404402123293114109101625212623152226196336816123291176281
Cyprus,2005,1111102413832842452132175911181594211171241459977130221918839153511132235616631842411152911713218542743226418812451522101
Cyprus,2006,21910635352131653615593117362717961242461537612111831621274011131141928727541313347920274113910512917521528125711313317133331623641115851311
Cyprus,2007,8458111211121322208194221232182142548919330134727623343137171272122611234113311577133762020782017113203119121841141112116811911921558123302713
Cyprus,2008,325207644243111510216125164111112272301128301819661112743932121031746512511212148701132834113277217241211911111211664613
Cyprus,2009,211326172182133403518106988151710516115174216827212981215686351026159911112183510202221211224278208111411381443913252319741312221113
Cyprus,2010,191210932311310168923723117173611292116113110777111341952101127111411191188183115218117417119395251214321672221197
Cyprus,2011,216223911341118215126311219113121213213427814143317254125122111151111115116815487514212715312413627111124462128
Cyprus,2012,132181482112111131113121171713482111156315711773612821153113511161455213171
Cyprus,2013,12211211711122118437219116311081242111123114211033434608569171051
Cyprus,2014,42418211755101311211391116112870311113142411512121222211023882645
Cyprus,2015,5176128151118311347110111111210111651431141220587413921211112233434103101193310
Cyprus,2016,112313713111221311172211831728121631341427158183222171211085112131763201111919373901131211210182
Cyprus,2017,****910*62434181045*7*1319**2445***7**20*129*21927**28**10101929*****18**115*8*18*9**24**11*5*6546*215*****251412*40**12*5**24812*2420
Cyprus,2018,*95**5927*2099*105*471018***8***9**1527295517*55**2210***121322**9039*
Czech Rep.,1999,1818172143114619117115315410206534104421141182511213121269814742112541108104643731426411131417746414129112171862111530164926211711015112510
Czech Rep.,2000,31130101373216215321723321151488111147531221643025010174021188213521383438233014194445611111171575251087684110160310873622910353526284411715115821272953262312461111567111
Czech Rep.,2001,552210717136138411301211111640100713620303282307111334641443161956118512121461216922163132241101113522918114205119752428573749201113111111891533089378134202511597107160613221312531551896192416189038518815631026111176131793
Czech Rep.,2002,333382741768310961241251440217935611264011214217213256225211522424173264018222433137182117151012315169232424915721235315111311121233111021181835111318221111316331147664711112
Czech Rep.,2003,547822414129328611112611361325141224575461143111356315447104017130921733113233556175111171164111125601117112133111136482123331115111120291021
Czech Rep.,2004,22555164016111101112532723814561734927626313338171512914194718141212618114371175733815104275115131110221151522142113233855161831367192143231614110402231221442242139218
Czech Rep.,2005,1211178433741389613952811174752112823316216111162281217411717533714188512811432222115172111461123597361413271119121132311181212261
Czech Rep.,2006,12111312222212413122715122131162511116166313123291241614121171723111222110212442813611692243737212111911118114326244317651191147161110373111311119521
Czech Rep.,2007,6221515104525821111315144228511851410112161212236224251032122411221541523711220132312211131112110411824128483192132142
Czech Rep.,2008,12111151166711185611246112821081155233113131112315101118351111251216103183131329818551316212233411111111
Czech Rep.,2009,3313371121518617131232412212033348112111614551315113151226221111125328312711214232675112
Czech Rep.,2010,11122164251111213421112114148211111511311125
Czech Rep.,2011,31122111211116151111413151321221232143812111113211151622121111111244111
Czech Rep.,2012,11251212213727191211145211741111141141212431112271
Czech Rep.,2013,242131113136134871211211413115351211011123221101111111111141211
Czech Rep.,2014,11132611623211611121111213115431111312511131211231213461311221212
Czech Rep.,2015,13625711431311221924611121152131443123216211613811611232111411111112671
Czech Rep.,2016,8211134431115111152322610411291211311331242723241134213321535111116111511317
Czech Rep.,2017,***5*265*8****5***5****6*10******6165**6****58**10***627***6****188**5*8***209
Czech Rep.,2018,*12**55*524*7*86**5******58****7**9****6**15***7***6**16*19****24**7**16
Denmark,1999,15101271311753721189653751273111204123616111522471193218451312712121312111221564141411221189134442111114411136115581119212311151841315251322321104111
Denmark,2000,411121671929211131113310311154138116315031933111717121111112011174401122711711632129510111121311110512311471672521832121141323461241167655240144320112412214462112824221082132239352352298218231335201372423242525
Denmark,2001,41125653874926363314581381182118124341145325812107211582411606327321411313641125643931319252152714362212121294311863183146166313344146431695192265916277256142351111242613101422932425912773113051161311810711191012532823311319616321991189154123
Denmark,2002,246121312431842107311092341277697111032113111611123331122123141186161774222614482113101354629153552211121172311218443611116122212219311511611141311818266671683213832216681651102551244105363158101327164395171111511155121244115211012
Denmark,2003,1411511492874135111712962152181231112616252281424244212141113127256416123429332931142382543121654246121743411161121421303181251011113823115221231543244123111248611232291112014753333111111220141334
Denmark,2004,23141151113811115311012111311512275211153111661091111416681321391072877112111612721363211114111720711182432211313193731312224414111018197121823112232121212171911141145162
Denmark,2005,11412134133823122358111236218111153118312652144411151311312512211311222251212421261415714514161154612432765182133318314112491621222541105131017121141111
Denmark,2006,521111111323101112711614682013314113514445111341131111362311414111211151231134551632125114241131131316217521121123314414215411281221014
Denmark,2007,211112912311812212171111035229812141122432141171113123411476412135330113311311171215112122231112125086111111151111181112121315131311111654
Denmark,2008,5211136152711273112243121110821311948491212855751182211131128157141521146214911341312111113311211704518161451512212821124241
Denmark,2009,11152312171042139242101314511323131217511082711112122111141151212922151111231122103055151323313512111643211547130131131211411153723124111217423221222111164312161311511
Denmark,2010,612313118431821564212317321122213111910933711171211111911212125124244121225451222013364511291210212533212021580211226211111171323128811423151
Denmark,2011,1445111122121124145121123211327741212541112511212314322532543132243413210242212115141222539022431217452162221111911312741132663813111192935254102161
Denmark,2012,172223541135251121248105268221192712610107114811511816121210161411111111011212951511132415911115374419251842311611112314511261441261941334436713911111621267214149411113174638
Denmark,2013,1111417944121361522332516491422154233243111111146131294610211001121153931172661111431432117119161121293543413410321351251143113931217122510130172311111122101232152117231417391219138374630102411113377397912112533221443534
Denmark,2014,1181371033251110677111119512612471102422611121711110221311040373111312114411175831210411119290111155233622122320312126123191012185721168632132011839101139101051779113381143515156157761141164143231481131111112184
Denmark,2015,41575332163113710818121111182131618211220063243213320213128527156141142423886225114113420222429194836149013151532121318963721227228215116014111481823698518812129128223744951101215217126951633
Denmark,2016,916212836145324319371101617761135831321611112101144421111391225271979233135725171156916171052254117122311144661213111934113673822512132311322117911416383131320552011712269411
Denmark,2017,*****516******21*10*5*****12191122***10***41****8**************63**29**813*******9*6*928**25**5**6****11*******75*34***7**18*******8177*81065512*****7***7*9**
Denmark,2018,10*5*15**4841**6*******824*5815***5*9*18*75918****288*127*5225**4367***********22******15********11****146767***
Estonia,2003,13
Estonia,2004,1
Estonia,2005,311
Estonia,2006,12311
Estonia,2007,21
Estonia,2008,11
Estonia,2009,123211241
Estonia,2010,131
Estonia,2011,213111122111
Estonia,2012,1112111184111
Estonia,2013,71171213141131
Estonia,2014,2114222482111122273
Estonia,2015,111122621821103123111725
Estonia,2016,211113
Estonia,2017,****5*6********7
Estonia,2018,***************
Finland,1999,112275211312782184219184112102119128712311322111145312151113812713112112141514121213214213211121011212211535
Finland,2000,52142422924826141375216654123126210161344331915438121171233320913712142334144261121164716613211323418112712132
Finland,2001,18768199432137111318501210612851211164152103361321881321115745113621211111144545131511142615433224141
Finland,2002,1228122111413211645411327126134212548191383185311161013120125134225391742641046111111233110111865317121241941111222113210164111255121
Finland,2003,11192422271661436273321112229351192610118113671127411461714111138551542316652421554233531107511831172049331123413621161691432241116171
Finland,2004,552610154113113651911881211626138422412310213211411141121617764122229311332121213819641717311228138175261222171614123625711182114681201245261511211337
Finland,2005,551122123125510118413366515225303151831524181131532211328193135713891015263315255139327229562111162422923241621213921311112213317342964532251612157432117
Finland,2006,9151471225181820596612415336125211221361746414114131111183217127121312124113111411279511719421760239613235112421223732644131684121513
Finland,2007,6141121235713212111123231226231111522122212221121442517218285510123222112181115616
Finland,2008,4224321856131161533147325141161623231112211111324211321112621121213352397124191123142131115164212141244381434312221064215111411
Finland,2009,7951453521232121244112216766111533621871189413510114152117751041111385197131221235321624111351103829441315562191121122111711431714116335721141412231
Finland,2010,263313964111424112121112711262512176152401652441227853424518126321121152623111211021158112152717016181411110311142440215012113423144762215191248511314412
Finland,2011,152411119121111135125113761312131264231316111111471494193711122153223122117113417611113941115111325921511243412143517397191811911014110119231361112516614024
Finland,2012,221161112714111271132121102221514116233176111238521264471121622441311611711314161123117519212236233811241314165271171121192753110113213712122151126
Finland,2013,22231142849416641119211115463271102111374311551531621121154926441221558214811162106331111621261141316212345215621621194313615643131443165821411711491212011531
Finland,2014,11147514218252118436238719111101211111313313110136221641881412288811118152111111101121236181811141631113315412275111133149473193811143116610321017114224871125530132
Finland,2015,4622636625211990995285141036171161251153242443122391193219221933271210621123204221111113635525931525681623116229571549081512522571232117134113411615242411517333446613111111161331611341
Finland,2016,8416213932399111323223121451021147171321102496527022264613924111341532111121256181458561221012161121013281133115414912291334249271326148647170136412521455131192311374141
Finland,2017,**125***6**56**9****5*****25*********13*58****5***34*7**30*******78*8*5529*6*****68**2863*6114*8*672157****7**527*175**12***5**7351105*6110*33*****348*************
Finland,2018,***5**10*****42**56***6***8***58*****9**5***37*****7*6**55*97*****11***7****87**56*13*16*6***
France,1999,240109311931318231733425152188781226197121630112616177112113793141033134372242315420312212938213341617212431189138210317211616291711763254109929163322115313491312431131143711105115278013316721254111721819022147113210250171151006413111941623241081276502331191268411316051021113591051941271202052314559311573121415067145481491604116561271488527786331391537165141632262122118342311612496511151521413612095633691394831424313796692286
France,2000,3111499325142143611261416261271561774342411931114829191411737411161133173491733483324414354311126371432186682721701483684114771912223125153101424263023414214313181237799352281519820295121249551231216513621282338173994711971181358205115484328382251413161520352023921025352728202923114612257242343736426459113319215201572612255364411211512691622736316389195261831041238353816711710912211314828551332531122996110621849471411173415320219910445971191537425183111151340
France,2001,13185193522471423777101228026213612828052264965342613136293482204119084310268292378928842813711123711453541286111215164167183150774142912115223317322464712467142129912571232288399244110625911510555652344192861648182180391357611473519811667621162505455155324744411733265848834140267213119583254234316632554191438156361285332398113135484236681911124708891928143373321946613223918911163121209122362362213382132577268251638650851591321313423249076
France,2002,1212513886427420312101063141244453067527121637509325175714461450215187868340510722118670112262201823251420025725714441123231871440814453912111641461113135859518111766156281312371651217152711411612611739523944154144294142791247815827210960152221284316291042263415030356812010152221226033931374511592124619635214344521593963212238691141116079393729414553266273632824317337125810267142093911411151221028133189329153821911133133636211111709541346491621114381525228146428416622381102633114014104619260
France,2003,1212654172322413214449218511028349115645118171326731721046611114425244411144652992222512922312412993541824443291733103674616122854416342163484982259716434912030429542715656147236115310499729632333561971314203311377555244210835522521207187283681405911210788503417042261530321745991511411814117651561143161893350186579126626911662203111731014111142192160311005926361531051841241388103275342311826411498227537459421201221201308921119418112628353206
France,2004,39317533364639520143113101431099010425161561141618161239331262119792231648914568110914241213779124649233867922813242621134318105628543435221225878021722271112421475811513338224872622671114101356585518613313581395252241789454826123368126244111911517327110662071362871264482511934662122114138128351279850123166149727163417366286115831246421151591469125756323189239813515201018020112968217742203921024411244312048302305132627125162250322141245140228349085181416131702413181184465220798818615010183
France,2005,3106614342156321349277362113436011201121542313309669374278311290664597425190281912245265121156141331121111254154126679136823338192461351545111013139911296123173222897044812454148124269181312171128311967514152141500635100412941313951183671424118210778966523164375480108563724231175451194252584344121143923218414753011368108621444924331022531731144228121822864422133539881722743192424064103167432155164122771648312410514223
France,2006,1511669552655243181615511257307195174250112041843317234408194201316014932158413511128064313522289516288414312552891026835175333149446205951667310113381192442333190125191939112335263989125572112721528512315111419613353214421063642053020525131441191810717913596252164115183818582213720224553211815116661267119312041618145148373673646927242311418322311210632341510161423564838719662334104417911615840621
France,2007,3415133428619339014132141234720111372722651117814818320312711121361214171536322914981641905555236151272917152091535330136512123306147775202142612263312912362521321937711116111481832763451763425630232661221031041941634214246223497718185410121695194171141616842217151238887365217542111308611348323236113244341711210124506912166245911625853196777226922315830
France,2008,14924911618411614240160632312242419261359124177924192191182433235188411511412117564261213210148234123271614178845493624814222275315187153262111508546815652222117404733351784856712002610631112166135523918130983058419238322312767516642738535191414231438625531242212491815122145112269322217421741203121811255881612416272736226217111261205110311114449177214240107531573112815232756381136582461426423
France,2009,52383982101252749219552171121991355843381281270424613622628026149148026191281533817951064116666732176114811182339412279121092724791631508311179632914146192118368201841615923411931141641190264683510137113492456111519864118463374930914312113425350542970763212514121370111643328186349622462251016683631567159821441602755433513352112132901063321412132177110372733694018328117811393214384411339511514319157442183071225709127451314351222643265112581341025412111443151431102
France,2010,6028210203146340223549824294223231311551831122333141111913147296033419115321114745125213604634041185239289124174117811241111214945211273131104861111364011420413775129671314364312710356382943212173119222961136314721344155122446431777699698671131267614874222142023411172948915721522743221548054629252360101201038218175735611194184918583984457314659988269685108412515128113232116426342129771815066855818236041078131221597468129271464110110112421737615
France,2011,15252165120151782892192535615751603375218151216277012443519203401611416102541797117513123912183105661170993101847934412043713531768716926256916151314180216171321720640158635138641111473547562371413421611614044351310542121249511081202812123915315353142315836512415530867526274117401561633311234921343151973311135915197131581041053141191252917516525125181210213113116741015121228177721713234043481621953641237435042210617320691343301269121173180221111669673227423676
France,2012,9613361312534521125401391215311176221171622141412121317125661631513559320197271696220528857229949278105382046991681502486968939610713767279153155471112963311603731782171210251826197729334770914112613787111926114231177514711512392415915728112671178161331856241123071254051173272557012161941186137460101764822267621419410492142671281411301151475572651441863113163801111147155114731583261520875103116719486616778213639412558017185391102192124109606644562746418145251211023130658117571664339287237
France,2013,9129169385143261130339138011337441743152416107879107116619135581548626187146591111118125185358121136111221979521317121532110331041622287911750164221620571681346313867455212952011121312678453752315525512258364331440136143219106155462461691829795261114434224531682511934048131501109231288881190632144914139312584715164685211419213140324991201331775314321173724541833942313931677801101279622727106137718071331412391718578185771291345149655216421441871183381862109891395549119506124216548
France,2014,6422817423615137211383381542458752229488530140518144589551666453121952829761334381462024573161793474712186217206167952192216642132122231411181512155765175112769511127953277171261831111732343491191170228321037023220311345887121323258315759412817851685118447218156261116719651128224316911089613193251111583341345810051013966517185202614041425943101912171141491314863391792349323915132241922312443193494231113141528208227111388897487115115011761162572001932136432714385863282442419406148076242118298554944021213545341341703121
France,2015,24741411430668198720225611993241499212022121542411101161639636211161176767141234129201853312012106210231810792541475459922727699370173335442061142339231415866423950110416151025166492532224610227029155148171273814388174212131363047747017252115118161544427459112212113124162401512346884661273113223119672793154195599422699431244427141199415916429374545037186344897187291615233701391496681256172352515321499141312901231816251322211941635651329410052428120233521319573141176212525811864335341975324122862
France,2016,3223137601533891429832186180184138222840234292162978966123329211521265546725324255167421226703514443035011893542094211652153439231392336454216151415209251135100122001375431771711671268172932250853355914332197714813321689127127288108165471237123414610445211412141453291131612301719837230634314547711179134126140191011815131671361362224022513149911107141312861052154292293126183636951237614282901532231211161814531393127108315794023411232510715612310824926447220482940178181101112228617410430982783827816261316414111343718931463838
France,2017,421171539237512*3515*5510340474348*33358997108*5*61*26511868255816041**786625103447336*30124227228311952195*175401715116759715155*111124281225*40*9405118400*10708108144*27**10159489421698374148257*205792505473152146121363177121947*40*283341931811141615*499127142116054360165*401537*62530930519210666745*5214632366400767*531107159*15220*106333648905387335214**50205192*14467*30*73*1791243622050*219135150232927493813137510031357197156511724168361961273012863429902092596057925126*2057344262651745*705*233013511469524115162083171001054835*2210478943657955010*70385135524137543151346**981125800
France,2018,505452309535100010525513047030185200101551010501602552952401905015575195456521559020105557570235102104606516552501351514077585530410205605325701254101305152852255510404054041044015652755205555170305520952010715657013545575070103020215651523030405553529510251102050275540151040490152028528540558016560515522515225101555155558011008030510515
Germany,1999,396525337111525148263716211323317244619922021216122114253344863711742266214704375117410062502617371114832514310150378241121042736121331013612728142292163823194153312210531634043456457355618310119011606771366223616235414219453710011171889389915841162124181173284310118182484111561287013293828782147653223367371211868511125191022111643772295110813313223819481048111231121115783211124275225251520231552161571644115232116556821321110213426360096512461111248053511022312138
Germany,2000,12710957102916140647111818131116127506711116112201141519126133122442113853541891515423182131203919236962223332661251285245134630154261326282415431272131375137112142201071156342119614611166210105244812611312715041052122122016188421933241771518754371623711512386114777858185111298633112957867530720216101051973364310147530201138406452732110533210515131239311172595794441111836014893399441911413123191516218203165164147433143163253210631618296412931962521715905311961282621316039817322611556310532372337310821131120
Germany,2001,10011341452021391224411531118111723114584201338112664965924753114216168849873591297909116460464849232615815011071938513773117416787467813299121122911865182611146580641121983225219413218416662352197273117254011111212373769031145104465841575867005512381491434715427745727102523447114110338232523233349123866052021522313302754715548112521220718241113298328611283296583163131122828245132417431051231272810201112712281226424124019148212413210192428102615928129713412611249220486142610190654102423306361344330138383161781873116096232301
Germany,2002,481812427226981124741194932820413373971504719511669694551122810177670157625562548352116551451112933167631396922281362917400262497738661501208147113911874664351085161421124061631405711327313441101212013213471118912979971002157223311488358548511388146191154372041412223181162247536528880552542841143311633707381811756131550461236254313813185442311811991029716011176496672129273451867111081143583160423167974586414752362321101102165121625574164306425025711126348690564121061816733244176581152438193611119325129011162847324
Germany,2003,12323116832116446584135214541221662189261712854214208465451319781215158982873354322589214744131623181134401255103424213281352164271621319182272137130654778595411421663512053521111562041212510110271165710584131473913261739949711191721633221182013111141104222825434914252207102138133537593327861446161577528518102135918262161822547161391481652127119187713129828911441120177201431343152081441993969132111336104142081003712617416241521927140119111414198351314351181733313411102211502827101275400
Germany,2004,17202162171535150421541325159843044114222245151663426152612830591144654410914571223193191410112762110911716125683218301257187041222331141320139310127472551156202332893665138237129166531232607531345165113231211173645131211451811051928626531291488642470958311411415223012141312697281734412127219361342153124143271660661711723434105118165319325122294113137925511647202125922793221531119367131131110218723332521557803935101191928881227496
Germany,2005,69111571425795252142727354121418211842541150134448351267755159698433712111122383887134253235724142234431914814821919318831361194851171123714348112253417224185231112351413288184861614291043655281252738610264195122212689153266181184587755111326286129121171112072618212112641515951351215130204448546661627596140350311411124149823141522131125157233341234611615133153732105158721326377933210536548731521612126972101519925124
Germany,2006,481114162754115931112401911728544131104843851410519111352317414210031256534511172932926912113315735312361323351034125321610121638333328111372687714162101364441812220532302521117832291715893152447313345114335644113035924111403318218522620306131921529114275345112413612126386653182941711572413322139121264451514914110152371181032147423378363132612122116025161143635149925812333617555542910
Germany,2007,366412315112521074211116111111194115261533235013716101069618335616134814532312112621291692527233113267222134119182481111422524468421639113223121115511297651521364012935161125115211391141112418116533513384311116154130513396671552321314111924831937148176112174286526711783191726692161269717061173230610566859633215051224611118337043111459
Germany,2008,1242633615344210104834149592121023631159195421233118187228363041163411141142343101114166310212142137111747691111158531019643741397241313898711273614471223833115462115355146451351591803388821514126827111123913330215411311122671108413662614324749428141422114123121411237122971094528216612683111522867102142713832898103321512151544153138331424
Germany,2009,28124751451261941319216133151882242122114192317219610181222118132331216440712360132121032179721381641111125131462943291186552165398316218136347189439711913415131514213719627231711011589215332614326156337425360569262223114345514834711192165661947413174291515317364296154067717514711171051231242112545354792138173100241816416171131728621741113343542639957292245001265719147912771423127
Germany,2010,15116819125716123271662111054326513171419941424819212527527215151441221213226421532175221214413156723672558411040232766151258546210342111377721952111711264020334216721223102631252117141445411738523726585212497141561562490159511867857571364139122368211112831912133660865100131121134231171395822302128865129233736898512242296616318313196402441213119138012125378692452281922486519713545116142210
Germany,2011,32341611421390113229483151315123515365191220481812217724392117211109821928116421195441116791211025561430626415511062291721118161354726111312020193759110521762232222371265148208718441695414991431038571113112464997132325348187132141133564241211123324052654601567917131313953254174714042741411240322153351293672362152411848824119105513992033123543471811176382174345335311349569132145331132441331113231145371
Germany,2012,10252912114674142874411814546512257017144241263619144111969592372233101151035281591124184111172248821204121371022711211102380315156497753745565281461193160212391821611499815449531732721649655414461948424191341581513214517761383031778998662104419521151569143128371446361141721539111132366141746121329116734020184143559230304100161443942342053303111626258269163251164481116668829281691171353764772216423446923527201971823131183015781090431341
Germany,2013,918904198320811183751656102292613138118418221711381019226233603302417220916329377410877373584353113413031712529343116152258128316362863741471691766272616124189104516272257362517436751011225141203420414016101813971121313811644082463511404570904114283231816504572318252543016139143131812112308453389323111561280411143195214613542332243148122211044410255192219121387912711195311132157063412123692446678216667268816214610236185217714046222237238467624216417131372662221544591402355281168711912501311152810476
Germany,2014,111432144122825473113113019416510992312281339133137335111243312161331378614502201079531141578611321213333281913107833652131664519217811495591096521212585654411510119131572235537138211923163179031314391591252132702721119143332105544251361032398381802934205366367771322611366164321242174298321136141413421043118762032021842724414188131287115445625012013768124533581451513211511254748261391294018573631925521151835320749103742211588102112109672541514572130349442824191122512743723112622522161650256505198819181281830523326121034525963621451206869
Germany,2015,1373127781121121863120234522941111448771103552011151632941131994916962226819314354208771310294447708297136533258761268911401111471808415924127352273994895108226181671645268323414510831212619881176456517621611115345193184883215116628215724849159731169542941313381985351210227242171159641914115101211111513216401263623042412712566336343451760419922921306245421882461331540312661696497012334921308631224060113213444219262424802234411116181882111231042281207221891546232609470238716975183585893030524218250147746180853401797157121751335674914272214233134312859611161711807052332392618147262747391381081311681274411922315135110272112515288815
Germany,2016,4133465262715522251111151166611585135011021175718821221155641311793380481112901514111131257111215911712526413225451141433166669821961983302611772212906114109265120701919748311102823141646631387321492151329934363812503813184410101481257811731200929246111102611225723547365949907115606315261991167931334216352115130252911622402341362081637252441569991301581197961949179423169013620113104591771360126929198133263626868762511753098421814293591310129193301682516969113721111688111231316482174328173822278184093686052811131586768321231110222494742161192121134833735928561351326410361716921689187111582192450361011112131832433534316178713841938103769216222484299264303212361449968120161401442254851114976
Germany,2017,57*6425010314220679***151405326*6951245*22612187*7*474*282373133411698361015174791113044328*107*261510430****2372910389621013912*277**8*333180107538*951718206420714923106*69711174131106309*927450724*29*22*232*107911321476956*2722**2515*1356409*42*11*107*6334414**70720141274538591035*107729611911029794**76343178110926214*10520156*6682**161613*20030623846146417102658*11677*550*177888*258130279***6**1271761001331*56*1936818*68*3837*94144240316016344175148082101662761796**112281518733132*994830*1759*815897367**33058*713**301829***503252456122313331697223814*2113660*10912951251493709*19*148112613*8764*1733452
Germany,2018,72822**1621*21263116**8741677411***851306**56**4795213410864*12**19341613857211163445*11524047687207710*618*766327*72*677371011261150*640057*12845272173*1145*5**10*103*60*295712755229*32117615*231001240*798*121267026**895*20231262713100**73104*19107669*1672*1323*506203959778299763308424*782560139*10366746*1761010*81672265*12**1369683224566*2792230*973*6*55*56059*31913452227650884670*1269**6724100845**6642957409128*1914416**5269163488712735936871817*1325757917542*289*9*25*7844**20*16910
Greece,1999,21125112203412316413161244211646111141384122
Greece,2000,9525119515887293
Greece,2001,492110223254148118641210234263291811013317842242419155643311122671455376111524718113
Greece,2002,13231151551137211991211930111976133219616135211885230515111161522311215287722191777208141401918
Greece,2003,22153672173141113111111693418144281932226528223182411150345491164927624911943221184361142238111124454441011981116122031556421431122126321948949814
Greece,2004,135996411171335436121221223124133111113143253925428421262313123157621115121141202115122831686111441081341172111121910815693135781372111132131111067921
Greece,2005,94317153182511313515314212131154119542432115171212823938312911256361199662281595344812426299447121154531311215136247425211115236321489521495291429362732111101121163923113111
Greece,2006,122126142136722146111413225251371110413111321111419252393111226211135316132238155319112232341311410173411139513427734370252477394417272301647221041184209715116141394822117142810623413423821011117
Greece,2007,5114111893182630112113361110523133423131418192223221873172915619211412110102112110112072140122618172631677813492315263441121111111264511110511113884377251421382415413118113421091507112871191113715613973619
Greece,2008,13121021313212181113912063437381435012249326612219412250219121321106118603151123491110348924123428111061280324311161657311413513172021517738610212228327012111131114157861311261025118143571942781628304659716538711211107738115716
Greece,2009,542231114230311941106151113371783114524115888015814176594197911221162268413413696131283851112112192137116927121018483265213161611214171876811272513412154415741110105111045101234856111133212332513111311214124116105
Greece,2010,7134591126252217162251712421112112183151277738283122711132129331615461628711429845731145320332462157101278392376630222414821123269133153185121226041210191046262112352117322531641024924162161928630
Greece,2011,38261201112102524412931432321262711116256111214194316121331261124133341332534317611012142511114146541555332522131221163811652351120132114771071529312634145184512153333211658115
Greece,2012,142359100138143111263511272642851611171387115191182242121371335123152231676116412209138119231465112312135131518614542112411313731421734283141137578249257294228166111512112434952174142671693121413153
Greece,2013,2819332714133204531013122201053415196161122121242411612248610159653110310211118712321616122437109132118611728589242441229131634232814211392111391045313125621330323868102107173105119221151111242861181232103256141205121245110217224331174142117
Greece,2014,536369331333435615131459511401111313111152211316141224191736221243112221231732181631112216333612117122161571551193444127422213131170316173211857313412124255961111193123052215115121684121810521711133122173512292161532
Greece,2015,6147254412431121111251223311211133618141211649751176712211214412442112311453112126791833114104101069212613211221513148374353321361162371551112114635463521237194411212562871631822131423813212431155151441011333333114211247539152482542164317
Greece,2016,41042110551075105693143751117265511010105259803101111151725152610114271318504354520182142131059545515357104011560120569107151520551220810512119100314345966101060216015274412014565535016052527704335451201025115270245252
Greece,2017,1551555500555105105555058051075101205101521511055510155052555555105185555515525545655602555105545130520510670555530540572051020101351554551514050555553080955405511070655155754025054055561051052011559056405207522517595
Greece,2018,4051555513510101040515551070156752205105355151020115105516653045101551555107405415551555902520105001406955551251255201510145701556555255555256530302058051055515105535510594510558301025
Hungary,1999,28187114827192418823160117529316151131514112121421142291915104031214211312116124326141511110141211017112131666914832919173419116133535751125471111419897173512075111
Hungary,2000,1298841312253213820118251123164856916413331101186143135212813751442111679822122163293332843149718212377172332148115144219111219943531123515914328115353110
Hungary,2001,75332013341233142223316192211513727273351226152016431318615721181231244952423217424183111322475271163310285118223211133133625511178818301424942
Hungary,2002,1313745212323161912257113611532819742826412111010613821111116126303117371924771316221139552612141341811384213431901743211910139
Hungary,2003,4111521827441431952011216111729413366133513271111710276142241137102331186372211122161776182135379622
Hungary,2004,67244433216213112211711311321518275101923114821111411222327132717341814152516132105210712013416152723122315112991
Hungary,2005,11432361062231217614412511564521711111221115111419281311211114313136111116221121121111462421224
Hungary,2006,11713381221223011182533653731111921415113031012134218161216122612111789261221821028429123117141718111131161161414141143641256
Hungary,2007,197211111152112145223112821101167112116142151211111211562101198941175522739133110112331441111411181162161113214111121671452103
Hungary,2008,161911171111410751341110211811112171011949346321822153221551131111271111646211232165793232122230122358
Hungary,2009,115211393972344215321110428132111811142134531112225534551576311511914411175213728511754582192177191711157412212
Hungary,2010,225322311852131145211133213161141115331157686124745214511214722213154281215621233315247141111101511961121125133
Hungary,2011,611123291413561111481112323185191151451114111131483564111121132211225211523937
Hungary,2012,171215135512111913611111219154144242345416821127414111529662619113211312753121224137
Hungary,2013,74433122015247405441161203518022135013476042143211054232114711034722822314129334283831611840111282412117391187142322582341937221812241516629312111121915011448312172932418131143111027964266618312714921019
Hungary,2014,185117176424265518299112163712294711122253741831791151122611215267856246245182663112151207151472269643028528920495633699102414311121436522511116371312322358411610641410625612352328842833353711817121563014
Hungary,2015,22162300215730177482117788112311251231383711311131144661563571723311956144613811839128108328471858156128277164834017132412364411113115821101211234626451763228111123515792344311844642191627731018133654310553659282561511891221024654423162122418605521520212719412313120135112316
Hungary,2016,10201869510228112139011337741213225212012139307161413513534413373128242621514916686854278846121711152124113511318181306363243183747455741111881824729256919220011951714224
Hungary,2017,*5315*119****81612*32**14***169108*8113***5**47***79**1689*10***6190
Hungary,2018,*81020**20515
Iceland,2001,1411111
Iceland,2002,351119311511
Iceland,2003,1171113115
Iceland,2004,121112161112151
Iceland,2005,11122122111143111
Iceland,2006,11212111
Iceland,2007,1211111
Iceland,2008,111111123111113111
Iceland,2009,111211111
Iceland,2010,1111111111
Iceland,2011,1111112141111314
Iceland,2012,211114122112211111111
Iceland,2013,110113195222182
Iceland,2014,10515515551555555
Iceland,2015,11171411113232121122111761751213111121121121
Iceland,2016,11213957241193133111119611511111191118231112149
Iceland,2017,****39***1410*12***26*512**18*64**85*******1811**95***6********7*****5
Iceland,2018,****6**7*9***95*7*7***9******5*********************18**25**5**
Ireland,1999,341213295032455132111712172212123141411356251137241111512141112231210531941496314242117721311241132181224629825556212181441211555623072111112883211921923124122116513124571541190315629121854136161
Ireland,2000,2510132833162013112924810211211151217117121113071839256437212233011531101141611162781213616194232861158410321640165120171119113288111341541135123123137233111714231114982522102131111112311313112328581051363703085423121275
Ireland,2001,1134910511963216132311111391716031261361291993241782621811843131322318284172611394917362252217195811011101112201418125648537132921241213729111315112191812014113403751314418383681221523630841127112431732739151130286421161019227137236111215367326
Ireland,2002,25120731282932512211011212708252252114131369132213691412118335117182022721368329411814241712710295614151272111540113419131837154233944817101143066823920137216211187312776114311925521431315161118142310981110153620289137223109191353186131121211
Ireland,2003,131015113112862121862610381215441115221717516141131106223422333311181313213172141129174016242272352149125331961132113131914121118181011241858631149117114146131231221151316312162211194416316120511818922111617242542302231851323212145
Ireland,2004,15181451153137211225173421974152335116170841181031551058561736242111121542313167173116106447122046221414732143183551223122221562674461131543415144711061121139121113666821251241219938262321111141246
Ireland,2005,10603312612428146710811311412357717312326122821343211412322115415921312931238721413837416133521124181513119322322211246685233142142312362246426351573113215112220111232311972
Ireland,2006,1042222193313224315112217818366251171821317141112121219953148514756241954221331514284212114080122136411416171121712319182293365136266514111622481981215937461143542231211302151531014134355
Ireland,2007,64512062125202361111162633212014335224102422214411315102113325152472825971044613120108311477130141126227056142112270883112314278434151211112671353218608432111111196582111621012611142511178292121
Ireland,2008,1225821521512617111167192871027225111211116182111921114523112133681116211012512321312325171152133212617144831173821211123227241292361913771134485101118412313921186651291892561912216
Ireland,2009,121132124315141221712410283371131132215345211962161431182211913122241512218371141322351211081066921811186912011231021341511113191614342262412634
Ireland,2010,233161712231311379131124344421568211112171522439211123111476522826454231112141032613518156313121111389122121111111521211282164413611723134
Ireland,2011,17153121131114515918111111221122114412322120314322171111111311312141111111265532412313211317123116141211115212
Ireland,2012,2241113321181111121211231521311213312161211122411226412215112171111331193121178733410411151211122511111111
Ireland,2013,235211111811212551111341711661152112231743191418215211111112511392111312101311131561161262
Ireland,2014,213231316253161122112212111712911911135112321102171524111110148631315122131342151211515121012311124
Ireland,2015,771136202114132091125231111163118111233174183128191519161131231121119313335911214311463521102411162319132525243111722652322211312261165
Ireland,2016,3512115117355321341841221133216110468102132122213110125137715782292314433122115212192425113127111285161151224215212121719153611166
Ireland,2017,*6*5**96*8**7*6*5**67*11*****2217**7*11**37**65********4011********69**20***19**13*8*8********47***5***9**6***21***1613271569**5*15**5*612*814**
Ireland,2018,***2037*****15212526198*****5*******27*1750*28*******625*13*16*****6**158*28****565**10*15*11***55***43*2112*66*
Italy,2008,34145326132318264427473914521655423822414138132266474131376232153234333452164524171223228711968878354212116111621243223367457211071122325681433111311732511881121882521311910111115219199371367091512434145833222126326597621964219122152449154722351342626141682356192276142818175162556355
Italy,2009,15105552555105520252555105702540355551020511510151510156601065553055305155510515510102306052055551030101510302402010155855102551515556051025108055115560101051055510105551555101010555205555402010355101555545557515105545155101351555510202051010
Italy,2010,13484101591524332121286421128112356411111851814553171263143142111474941381308321412932171516134635611155232111252111116533071322215561182412320813910514010112323197731131719615025631327838652122651911323121711952214146046211370355721062481982151311133710815
Italy,2011,127852273081801091016911512330613195135061522482831782471374141540344135925127120104312318198137185312219303511125853214224389183239111042423415119841451852120221212081814331322431308351131915293117771248301111121113385431157431710512120110541642125955961159166662141419115221069230372196223118293212636812143743191774114562171217339612103213191113644171421575532421799624121211861421592512
Italy,2012,6259137321149641113144334173949421401446237913774445116251932154421154171622282221379248922333221802711841825221109111413117541549134385623273182145262471104123627113184220951615511786541391312152925211343816141710931515424368441111519561358961613341710285153416986555139511132655145186133121315124246112211613151441615019230267111366102784113
Italy,2013,4128255228752314316461302157437218265252952111281117331013129937272071851114114532381252837292142517144133182632129310732923111706111018517061331381181632221933647461175611163381475222321119311292432158171312715535611712827526477721182432931161164153911421111754299317414143171153548707413113294311124736299112554763432618377833
Italy,2014,24313336337711910131146423318269146675115540556015249513132397421091680261356231113132893044371311520213111931892368313346076957648796172107913237630314650712137825209025917420233311032313988661341332761326138331613324192871284515732241321220521573121201323059147461161721026499841111738756458129055539241121133762455142144111212012214962342184135104511531215521414303216
Italy,2015,1291167214331915217673613534159115115124444281643715309423312219223452382122378111129141834117226205733472191319846213921423221492110519159048486431464744202406124826395673152411539842814673123556241473513196916812283129271191421513541611114194213730447311373914010222621343051121130939146255645491821719445193159423128913271309272411658004048145231739939201927442110482164585112101448127227431114355313453013
Italy,2016,221967318110115331243103819201225286112474382135781335352253554592246581666111932226687109315432147531758191314039080113331141491382512373748128475916179342755204163443274898201831554179966133122101412011537264016493970123184325241289922118173616111830316325113334213162416561277110011245253114171466123159441021191135252184873950130331319730567252372003883063061256443919319841258412861489148413076111016854112110184112163207112460510912163251782133424315844275
Italy,2017,824****615404181911025*11*21291074805***18259*45295575830160*515311591345*1662062554412441091087*519*20**2069*1809**68411359934929969105088*101*6366*9415158**687075155*4671388*1642935*2540*301306820631345*1751110436349*12170137746887*3513305153668*928**101350180101205*5863343323247080725521046312953079432520152035**88715121935***20115*15251173578****281721829*32*82410773**65282678108931138*10*842*511559*2560**10731521*695023549211725310*10*94*1025810412*2201085224214275*
Italy,2018,355655453045530503552555251014540255455801070101553515103601510105401901752304151052010063545955306502553053055520703551010205205156523514010356901801301065101201302010101055354010536515101585513058058035951510952020202015101051515102801955853510705514035185101959051051535755
Japan,2002,33311111741525141213411211161
Japan,2003,11282133181311131141224111132111513141
Japan,2004,14211112134156211711235115131222112
Japan,2005,2072212012611212932411281132218224
Japan,2006,166213233721115121111121162111621131111335
Japan,2007,3521111121311111512132211514211112211213311225
Japan,2008,1112131108251211211111801611111111215216113141215211111979631581
Japan,2009,131111138082426311323213113312252131122173410124271114711216314332412132
Japan,2010,11381524111616911814123311341121114611223224115114311292813917221115113371911221511215912
Japan,2011,16111281725332311171726213221413661132172352666193722711202124128202342511114612
Japan,2012,729218413522213518421555311311130112311111725113114164411018114111123211412118131112324512121530521
Japan,2013,114314214331317151111843565541344165612061215430251281114331241913335141241217320256531416213731611626101213324151421613921231381120
Japan,2014,5856455632317422450113514211172381291111311732122616325112411319258221415794112115424131158321195971231321031731112116124226119389121724510974121
Japan,2015,118111781184311211221221743117731211362111112128813241215393675288521413164232211411113112169381115822722621122301115
Japan,2016,133751765341048175917137110122313713941113557077919762211256511643151211161011267117182761781133121116111452621223411533111119015520112381112761261023012515182253
Japan,2017,******33*56***6***127**86*35798*8*****1056280**8*3511*8*1966140**1018285969**8*2626**5**105*2301866**7133***6085*735216****136***126*137***92*9***537**6*3361*327**277*1313155519112**10*7**
Japan,2018,*43*154742**614024***6*7412*106*3780*****1728**31*1777139*1643*75577*5753536**14264****10798*
Latvia,2003,12
Latvia,2005,17
Latvia,2006,111
Latvia,2007,111
Latvia,2008,3131
Latvia,2009,121113
Latvia,2010,51119121121
Latvia,2011,1410422131111111
Latvia,2012,2342213112155115203
Latvia,2013,118310113011484212
Latvia,2014,58131103413124712213146167
Latvia,2015,71135159519
Latvia,2016,241141481212122415151517169
Latvia,2017,****5*****6*8****5****
Latvia,2018,5*************
Liechtenstein,1999,1383225623
Liechtenstein,2000,21
Liechtenstein,2001,19115181324331
Liechtenstein,2002,1111541114
Liechtenstein,2003,114411122327223
Liechtenstein,2004,1112211152
Liechtenstein,2005,41111311311214
Liechtenstein,2006,12211112
Liechtenstein,2007,1113
Liechtenstein,2008,21141
Liechtenstein,2009,51111711163
Liechtenstein,2010,13323212
Liechtenstein,2011,12111122
Liechtenstein,2012,2113311151
Liechtenstein,2013,25222118111101
Liechtenstein,2014,42121111
Liechtenstein,2015,11141113132111122171111
Liechtenstein,2016,6112112211111211
Liechtenstein,2017,****7******6*****11**
Liechtenstein,2018,5******13*
Lithuania,2004,13121461
Lithuania,2005,1211811
Lithuania,2006,3212113141111
Lithuania,2007,2933112121283
Lithuania,2008,111132111261413
Lithuania,2009,2611413
Lithuania,2010,1116116521471061
Lithuania,2011,122256414213225171230311123
Lithuania,2012,13141211191612121117218141
Lithuania,2013,21821312411125154
Lithuania,2014,111111431411621115281219211
Lithuania,2015,1114135213142321938136
Lithuania,2016,1112113151211113463
Lithuania,2017,*4010***401013****68***7*499*****
Lithuania,2018,23**5***5***7**511*****
Luxembourg,1999,56211192141212261131212121273428111
Luxembourg,2000,313111142134113111126121232151228811111059142
Luxembourg,2001,111733111161111011141101164103351211258591124771369
Luxembourg,2002,111432213451145322322812128041612112128131151844634432184148123312123201
Luxembourg,2003,42211116121141113212311011121111111783354443831112145114211291483282311311421323138124354121111121412181111
Luxembourg,2004,141429133152114272344231416181412393141241311116738111110217111612581171152312123963440131454721112211
Luxembourg,2005,21111619134311214231191216321321123212211335111314237121131231241111124511111121115111762323
Luxembourg,2006,21111111112122116221141116236311111111151112921111311811
Luxembourg,2007,112121611221211123331212112111111115211111641
Luxembourg,2008,31231211111112121111166111114421311616113
Luxembourg,2009,1151111221011311112411512121225111181211111311231144111211441
Luxembourg,2010,313321115923161441121112141212311912212115231112211
Luxembourg,2011,6112413601111311241113123143112236411102837635421168313171102187111514131118113111111221100
Luxembourg,2012,12112129481571111115014111911111221411315262101321161689112111011157113214111126162101114
Luxembourg,2013,1165193341215111913481212175131111661311732121161211211311621111116115115611181122133
Luxembourg,2014,131111125331265111111194122422610111315213232374132511102615123139111114821171112
Luxembourg,2015,511111121219111114152162772152714121281131014131611343375114111141111115611123122112
Luxembourg,2016,461121132311111262611319231115211212922544111041214121119432510253172313114322571171514162642110148112195433
Luxembourg,2017,5***1321****162517****156*14**11**16*491027**11*****8****10*5313****27******7*1422***25518*5***8*65**12**6*11**5**5*13**51917********11*12**1517****
Luxembourg,2018,108520155155*520*2551012*5235*206*9*25515*10*
Malta,2003,7263911654411122112161612
Malta,2004,1511771111554758011233341274227171148512214
Malta,2005,11211173819112121141321371224611282426216347412511345144
Malta,2006,3115151151321318211145112135924251511414541142131363221111
Malta,2007,91942427322911213323111141526114122113857631417117411552611132
Malta,2008,11121523111282177201221914216131822122116121210913191533045341013128415012173
Malta,2009,23061124121121915223112014782216104112426151821211
Malta,2010,32229111111221143112
Malta,2011,2112152452418154633234410
Malta,2012,1311781115220121312411110150152370475
Malta,2013,2119321511176412211123202691137381966111422814712211126
Malta,2014,1215171371861591121442568213431702211811151515112251303512
Malta,2015,674311157411211261873614111621818018181882131126726221011121114
Malta,2016,251313062611114238382127294234163145112327114131171175012311317
Malta,2017,**5**28*31**6******8*****26******13****36**1228*42**21****6*****5**
Malta,2018,**5*5***13**266***33*23******5***510****11*23**636**10***30**619*18*287******
Montenegro,2005,1
Montenegro,2006,5
Montenegro,2007,1
Montenegro,2008,1111
Montenegro,2009,521
Montenegro,2010,322
Montenegro,2011,31754911118241513111
Montenegro,2012,18695111233191295927191135121769214114601114530114
Montenegro,2013,80411215111213253251131119728177116834749175251083717234831119
Montenegro,2014,142414122134121394211111112588442143411549327
Montenegro,2015,3427911153711111311414112721812115111241715101221
Montenegro,2016,227241391811231103165
Montenegro,2017,*46*15****5***13*28**7*73****7*
Montenegro,2018,*9559****49****808*1219810******869***7*94338*
Netherlands,1999,53142211281341713622011356417251623028375335212291306172275122013211213550161148827131322215213311822111117351961261931435131395024291261811085112161818111529851110421129713311312811159418031291441221392322732141712633137311148431181192168111468181420411044154212268110144881472372332112513131610844482212611383122072053332990245153792211019102051112529053415231516105332111217716522313213813325615258119711161123773631406228634918128109616781874575610821102243875427029
Netherlands,2000,362445214276838021263926016210319621214370218746282296521104498162121811325108273222232212085143352251912123189184593115974753123820419078205261183100153051244921015412111136811171551101035174601015610714392610912181603281536333922811063440771621111131213341669136231322733110898123431256461018817731827011144121348237641149120416549821968515272251244334611218152655101230287911039127341223151120215611691151208228613821324824217115161
Netherlands,2001,18554194576112518117524108251131084104883102221521392144138513513223824161263112163233411956453261412911350211542399595532219201461332354123116371105710635211177241983422996491211521221954698412844146935621174424102373941114351714233115339227470205241876516101520312036939921439211712211924275811663195911413275411154811789193121314165121615718413112121172211984157151417222571211232913181143331041783389425751216533135131945244912227
Netherlands,2002,210011819814512592115533765141211312422105117132313181464612236126945149232221411432264410524111164427111211824887124749151576021391213421611911833915520634861133110834104105232714225646381159103281212147295221734491622241523146442182455929756206513331932031428336217401715423179158235313114211203172949255110322324142536132311202241413174186127122682424122711123942251
Netherlands,2003,96199222978543141112424251411829164221215311122112011823111273712312111122190103016111513516492639142148413222115226428276841237121432015653881232316426512265141155511131036235113513233114148185161106139231116125711419421161697312333112249411181535457120116101212611191131125185211321911412444241416314215
Netherlands,2004,31122771312424651212174339192201113112762647122211223521021089111711232051239271784753180729516217191932313148215418139111038125228271191063162411121167104231528132423323110352111214367311142111121153222113202536261521701211126415513131412922323179891211444112
Netherlands,2005,391311177127322312331719401242828152511916111111152114181118113933811101340111513352744117926542421321611242213112512412461271116123512219125231301530171217114113721422421166129129142414264714511038125136115534119235532942117112524451114351611817110275349112131112123821310721011223122616172221
Netherlands,2006,6012983011133112127173133317154511148371113123735785842074183741113224431113610531494113512291821113912874213233421224124228141321415322117132630423472771117261217131925171229212328912114411111891215428311154241195412016121843211611416211092281137131538331681114230276151111834126611713136122981
Netherlands,2007,7961315112216134132210283261167113116518116111282241072112112001231251092319144263741722212312967711032701118212623349291615522232288633614352311422653114164213124143211101313921015101111141116162168287112884615131311216112216610691
Netherlands,2008,581587166431141147254142117313177121371122322222223293102131241152111832191018415221210489931411221191711836555973264171311355612131232272187823201441111317199161141231611261132211011971871629391523810281133121415143356152821415262
Netherlands,2009,9412142102910420621165200963175711151991051624130114821823251211214173211351315212328197323311121132184114311545140227319571113661886774241245611211631526251814143141194374914210451211711294771411153131951422411101945631339391352158143556621117425161585414132352514
Netherlands,2010,27912271792614216641512911431272266193610711212389012135511111113242222121219724234836618420721242112171112131115128282212323044142251105521392232221193961838134617131561130224227127935111910684114116262156164114813830211231018214536916132220210310462862111211554948113314111111099161520151361534411511992429128
Netherlands,2011,3116168418113013319533882417281111534137387815911151813010216211131050163141161211324826334158641184302311199321423492414279241410218161132412791853068119211021132911526172621124125632715776311548221282262451313343103119422258291312246116120811244523128231112365011117151111228117691050209161418146
Netherlands,2012,6111883498910231148515148211101918111861141173311191211851171121743134810232816684614141151082161339876731223414211191398492132571247213182231233122281129181412011118464126115254447268981322813523621901110112339145789154712144263117310269121185134259912111137883724111
Netherlands,2013,121151411411223910301454218213115131773453142163816310148212131116821222128811165214101517426211382115156151314357132772517114235125344271062211861525148121561131322417210711041935391378111114113181263116548214791713881422361151413214101113166517377611130814335625421484137116111052535145165111721967461412
Netherlands,2014,2164131543922311032529240515117122321513210131574131151153858517125443221529941131141345163711918181111233911711330885133395452311153620140238171289528424255153949748191426141541927113193242311171127111121112710211432121112711421252121423261312212322593443173
Netherlands,2015,660142158121025142402114414091127375711412199217641105523123591011098141252522632317015142512018843615104105371113010527714154535134298341131662215885217111614452311439115612141481155110101219241351331455201224406373501217113313831051621711520121455213123411121248827307314193412063351361163332157
Netherlands,2016,1521343494112236361103234202563621239871122773727042115114181898515725231121621982111164189336232510512673416564511444399111031114341219192732812144139371152962231711542132551323211283520610452149624113215301076561401029413229168111259462165711136522453132612113135131426251127114613348191711318
Netherlands,2017,10***35515527*1856110*139755910**2012255*****510*2032*161310801016610*515552678512*5*156201038530*1185156*5*75751061160720152*10**105115255514*52510255514075805515220513105*481555*513***5*10563053230655105051555315710*385735**50*3540755*7*20*207300520515*101019101015195*30*3555*21435345*5*513402492*2930*5
Netherlands,2018,29208202251225193527442919136118103353413366610152126181064985231091314986591769351088118141816632753143690124864061016995105727148942200810190471206625610356221924681315555254816139393277164652166365910851882342923565105111689547
New Zealand,2000,1026112191113163712111331121215241551215313293413
New Zealand,2001,110141211821341154331112212461181161125135151011221102512181439115104113857111122122913116
New Zealand,2002,1621111195181131111112122432228292112122117813211111111121111112511131124113121139
New Zealand,2003,1141314119181434141221221113321323811131612475111192191011111113111393
New Zealand,2004,1841412111151116516112121112141141112311111028211514439161
New Zealand,2005,51241731514124112231411111311111224211112121111126
New Zealand,2006,11522473232421211521431213311111112
New Zealand,2007,117113311112321111111314214141211121
New Zealand,2008,4122111161211114731131212111111211114213114
New Zealand,2009,13421117121311164111101232819141114115134
New Zealand,2010,11417141122114113211121111342143111
New Zealand,2011,4211112223111111111152214611113111213223
New Zealand,2012,212131312111328111410112811111611611
New Zealand,2013,11114512314112661511431312814311211121731
New Zealand,2014,51111131511142132212411131111235131211131311
New Zealand,2015,1111112511111131121511211013172311221341164713374122311
New Zealand,2016,51131351321712461212393111131227111121112211
New Zealand,2017,***************6613***7******8656**********
New Zealand,2018,***65****7***559*10**************17********
Norway,1999,1218331322382812653268851228357124131231111911221551141561184261284619191112145601311211243791231152123321241711291243431162731871763913714201111111041133314234991119156132651819161132922
Norway,2000,31423811669473275712131135563212041115191342765114445836454455182972718591191146142692313114561664259241211763291111264712031218378372716105112133945642316927142325331511221222745112112116562513164
Norway,2001,21501201154111014231081313911318811254314251028118439113415113231014441111113176148184123123742270439111133120101298145124321221095145712431251125112212710145171632282120410116423162227814431221112210395121371621854252129121732331539421212112042172316617
Norway,2002,181132918114101404244412410053232213358121184918418282832271181112311691612631610122119721384165381134242829519512381711351615232123221132221444124416521418112031191172366141494133130513740919496164223551891019761911264315541416551111543184129112171220161629181149424723322461511581642117175051563185733173151110225191420154
Norway,2003,16752111921116112812235427821121158200122441113335254116201412216411731547232681419101595263662392314267518116131631596183115879512223143346345114121524817133514235571119722744848552111571381311433232562528727311355591248252403478717622381692311311261612937271323321942112128511151769111251714162324331357130137316611951761614012193
Norway,2004,12111731391171592179711411041641314893101613264232441913111117423423914921022192053103141414443234117111211311111521611611223152331118129125124315112113825101111626201421155311612228111211162942153512265135110311106124511474792373514
Norway,2005,3212542346145212423154259211524224213111323117341015911097142724187112657138111023044311122121473118244112921810219552312914112251281228331073151613311357222241511123188310511044582127112092221412222195511212464181122
Norway,2006,1223148633921128111312711322111123146325120411241121311114572216028312211721111611325555223291236101312126101266111117321263742263121595311710313121212273292611352465521212149422153192111011312121321525233
Norway,2007,12172122473126111672111920122124242141331852992231123211232115179124430321125224141233183231155335511481181441519161631432121241513253113120172191211461229323323511971091191211191077411111232111212133
Norway,2008,151236122181132151332111124011126526135915237344212116221144532168321636916434113191479132141361501181135810168165128413311731254373174825138645211119563215213916511111427115161548301371274676119111416126311365321574246299478653128381155811381110843113312
Norway,2009,661137511983116132811319411121162110321214957308360331430681404511510218344211121653320172664104126397135111420825151444111222571475221815244161221213920423142121654219234121716673031342511516312368436912234111349212591592371292731777153661624311462502211393352335312312451894391112
Norway,2010,159513312612712123191523346122229331111027656810243105122564901921138192414130291631391611324114130112147482124012183589535791353351022579112831224115104215622931111135113220425397110145124117516323421251685341111451437544111373646511146518441261232718
Norway,2011,253156921729831519113213161664131225265451513038312611533301574589851315344312112413111121171711911331537315331116653190115291743845512541111701414346721312154413329341119771612121111351111331251112511524322513275141263113613191286251243113115
Norway,2012,44243328154265523351202163313111233821601116113139514241314628141174211129414831611224311221241529336142812518321231132611662712121415131223221248225661011310512011133119112522411812351416110516116413219423151121194112661234846111311223112121143614114
Norway,2013,1511521311221201772975876234441218301061748444421312221531211327212827732811011611643121413312312243281158731418363321623412314178446377122132732211127271217323232121173222511114740631332812211120113105322911428111158213111112112081461122352622158286334812163503612111421271952832115911110366
Norway,2014,3211909122116731110451351221621012121721145311237224125211611661149445151191213114111571339815932413116115412111151161422211781131061662331633023261119012617322111691032212212048836112231467224505423392517231711235411184922266113733111313711
Norway,2015,22501111243231748485831214112551984303710445132411271182211511621111361253526311241212532630133017653601727111430023131121125911111151178214421201114112141353910112405944820143246206541855710128610133914254332516196464651125251
Norway,2016,462112141111332915112431161411241131152041442361531915127441911231158111612311624514141218114634011113136361141311112731891112639124211212121131213732356421519115341724
Norway,2017,*5**9**5*****1087*152111**5************5*****9***1565*******31*****7****6*10**8****131710***6****5*9***********44205**11****72927*****14
Norway,2018,55***9*285*14*1520***20619****55**6**5****5***11115*76**10********5*6*6***7*655*
Poland,1999,13217154114122113111185462341501473615136123111138314417224291111675213213711532544726714211421214611
Poland,2000,14124121182311354277267211835445223221513322331342531212411912352438123515411936191811137
Poland,2001,21396311125111155224112812311448751221426151489173617411156421937526225138027121152471131163194211818461122331122134710210
Poland,2002,2383221314154030265211111720132713248525231252542923061411104142113141188215121111181234142212131311012
Poland,2003,465182117431611112665412124381194121314111142103314321731791311171111812413131511281
Poland,2004,82211212123111421731722318162211112131121725412441121211111111254612
Poland,2005,231814412151111313151412831307154111111111228751821121122116
Poland,2006,883213613111222279112112112211123111513172134116112
Poland,2007,122162824952112211111811161116123114321133411711142313113144
Poland,2008,261117123111114112241111121351112612221131413121212112477121717532121124
Poland,2009,11911452121121211425353262633164061132115091211256625321103813742252232982338042631611138712132212163
Poland,2010,21231412110515211242112112631122109216117103711145341111152241131241932311131727022115712111229831
Poland,2011,211111102216119271180121221136111272111741215112644082113425111141181111441114082
Poland,2012,12521611422312215126128211116432912632231321116872234374422811321123163802121432022271333121211
Poland,2013,31114111051118011811171451411121111323583162104801292382451211471111475111511614718411211841
Poland,2014,411316211212284741275926313417612553236311111219321191414146111111321116121135041639541192153261
Poland,2015,232222111582147254661026131712771121513201610661123534257605544726161161582814181310136139911
Poland,2016,2311301153181111184831057112011331718112319114714622253381124475929171111526111618
Poland,2017,***19220***5*41********121*6*5*16*******5**8********59***6*****
Poland,2018,5*530*10***5**5160*5***12010*5******16*10*1207*129
Portugal,1999,115216211121711211111331111
Portugal,2000,1131311123224121312112211212111316211
Portugal,2001,611122113221411531115
Portugal,2002,41111121131117315134251142141421
Portugal,2003,121113125112111213161112
Portugal,2004,111111111111331213
Portugal,2005,211111111111111411115131
Portugal,2006,111111111111111111111621
Portugal,2007,1121141191114211121311211
Portugal,2008,11322221211121331
Portugal,2009,122111111111212153211
Portugal,2010,41112111111112212111111141112
Portugal,2011,12324112115113311312211111211111112124215181
Portugal,2012,116132212411711111111122222211313211
Portugal,2013,15136312111347131011161251136211141141134112123371151133
Portugal,2014,1621231133331211112117111412411113111444112313111
Portugal,2015,17711285143813111741215124111213114171813112233311213150116111
Portugal,2016,315111131211591211341122132211574115297313131711124115141282214130121614415188922111
Portugal,2017,**5******8*5***59*52256*5***21*35*5*******106****20**19**24**5**
Portugal,2018,55155555105555
Rep. of Korea,1999,1
Rep. of Korea,2001,111151
Rep. of Korea,2002,81
Rep. of Korea,2003,11115324151
Rep. of Korea,2004,411118127115
Rep. of Korea,2005,11262111482115411111144911222
Rep. of Korea,2006,11128223211112113111061221
Rep. of Korea,2007,11516259153362772314191115441185221312212237511
Rep. of Korea,2008,117321113711110103223131432831117
Rep. of Korea,2009,13116141111131123121311522221218113112111421
Rep. of Korea,2010,33141833213711112121511714113711213211612112
Rep. of Korea,2011,71222111131311642612112213516810335221114245311127
Rep. of Korea,2012,123121211111132142131131321211111241211113642422153812101135716373230212412911244325121229
Rep. of Korea,2013,1153417111625161131334731314315319511222144511111812131963131112513921411212113211
Rep. of Korea,2014,12125411201611211111661111110181234051662415762657112178621111104151610111814661068693331321194151312617266127141122112312292838257212
Rep. of Korea,2015,622122132618321195972218137121125241314115147411521145321117110383439142126111111731511262269224402221012334362335212227513215681381561523
Rep. of Korea,2016,982223724114051101972512112111310114331382141719134241183321237126111131216074124438114861211251416723112182441411111814121921528142305219336819549771121014116511613561233216121914161834237228614746
Rep. of Korea,2017,**27**13*166*3115102220377*7*8**13*75*5**1128519**7121089145*10*11***95**21**38*25371612****11727*12248114459*****3114859****19**31267*******326**145****25*5*7*******67*****17715**44**7112*15**5***136134*60****46*20*9
Rep. of Korea,2018,3318*7*2273571***5*133*126296***74*104**5**16*23274411*51710820181915210438**42*442861319156*23*1149582**16186***72*6*135*61217*8**18213**8417*216******6548**5***19**276*2716*679*17***185*2622287131
Romania,1999,311111321763110621722381141113266421341412221222123112124
Romania,2000,114223122110232424271115831222121531112522151169205111184111171
Romania,2001,14291112382182105511143113132194215275631673911413481921512171318353331128132213116713113231
Romania,2002,51331125554381113523166711141111211012316791411131551411312811
Romania,2003,314211012018431327261212611118118111210123113211111211111821
Romania,2004,185122211413213412141211112242191113211031121816138112821
Romania,2005,15211192122119221111161111131112525493123511711132194131217123
Romania,2006,1111112212118151213113111431111112111131231061114162
Romania,2007,1131523112631113131115133612022128112111
Romania,2008,11311181212115215114213113172311121111143211681631221
Romania,2009,12114418121321331511911731116115114911111310213111241612815121131
Romania,2010,1311315115129314139121112719432102222115121318195421325617152724
Romania,2011,1161131131421151121432243252124143121251554112111416111113112323715121541111331112417313193
Romania,2012,3211723311121121171613221304811165173012219271415342111112152111601469744621173111181417241110211111151179
Romania,2013,1139173144831121125211251131431914151222211110121033341112
Romania,2014,11221511641213110133024211252811211252171814716331121121156114181163401121111112212
Romania,2015,4522221211213361311812123111111113259131111131111255512712321211111111111123
Romania,2016,11111127671111133114111733103511213212216311113121241
Romania,2017,****9*****120*367*10247******5**19**12**18***94187*50*212812*9****8**7**********
Romania,2018,*88*52***28929*******5*73*2733*2632******5****531*
Serbia and Kosovo: S/RES/1244 (1999),2003,41533873101411
Serbia and Kosovo: S/RES/1244 (1999),2004,2113
Serbia and Kosovo: S/RES/1244 (1999),2005,41121223
Serbia and Kosovo: S/RES/1244 (1999),2006,12
Serbia and Kosovo: S/RES/1244 (1999),2007,6111
Serbia and Kosovo: S/RES/1244 (1999),2008,11511621142
Serbia and Kosovo: S/RES/1244 (1999),2009,115232112721242411232
Serbia and Kosovo: S/RES/1244 (1999),2010,113461125521410268161411363121629
Serbia and Kosovo: S/RES/1244 (1999),2011,14120362141222100415122621101175597142152372622032721136472421771171616133
Serbia and Kosovo: S/RES/1244 (1999),2012,113413314150447116411311134411121523415417513329911336841445142147115
Serbia and Kosovo: S/RES/1244 (1999),2013,554896341152141513897113318381319153512046179153121416222148141345111065421181072118149143420331081104143293411016354433321034139968121
Serbia and Kosovo: S/RES/1244 (1999),2014,2213163335192252128814036012184531759411237444188726731153195167521374161911522925241091540621583421249222113013214812437329214112643446
Serbia and Kosovo: S/RES/1244 (1999),2015,1114472726331142612562133191237
Serbia and Kosovo: S/RES/1244 (1999),2016,21011256491311153112531215
Serbia and Kosovo: S/RES/1244 (1999),2017,611*5*11*****3212*****65**18***16***17**
Serbia and Kosovo: S/RES/1244 (1999),2018,**520*20*13237**275387*135*620*6***7*
Slovakia,1999,2941220121251332122319134
Slovakia,2000,31512117114621121111811813411513151102
Slovakia,2001,41132621021227303126711898422124115354213142122199411121823774154281113567627104321212
Slovakia,2002,61131161116631127701113113962722588351156867965310121349871141273234212836161117349831516541326911351503023521015911021581116
Slovakia,2003,1210153169228131041135416572113208911361331141151136987312111361014291143112371184304313957032823631266122108143712131231151251631241514516711
Slovakia,2004,419405721211276125714664751733312271126112171373125511211532335551127311752911116441093241213119964589311085577227371347220259116985
Slovakia,2005,177931141601422235254161416214107525191972311632122192141911125301617292283015228341414228
Slovakia,2006,2429572162123122213581632222177161131012122241411162029211238532011
Slovakia,2007,761832810238168111111132912411341111108726713524114123111231181510261242234113131739
Slovakia,2008,12631111022910454313410110224121141242111212125115121815335103163
Slovakia,2009,58111814355217211111311561122523191956143114432131212121110322111112228
Slovakia,2010,111425191214211181334581341137311911171312175132524113
Slovakia,2011,8111811312141141151241111211281016
Slovakia,2012,1522112112124262141272112711162113131811
Slovakia,2013,15232111191101421121114
Slovakia,2014,1131313211415124
Slovakia,2015,121124110343121
Slovakia,2016,121211111116
Slovakia,2017,***7***6*7*******57*
Slovakia,2018,***7******6**
Slovenia,1999,511221114179123113213645311112141121131206
Slovenia,2000,1121657401222123316114119634826311831451413741126311536162122241151112023261664426131112
Slovenia,2001,1113327371611149442112071814572012894212116121108128733183
Slovenia,2002,113110487142227131111612811071531145429
Slovenia,2003,123425122521212213209222713317227284241615311243113561211
Slovenia,2004,321522543616411321916213131110461014114151241832352829
Slovenia,2005,118124131271114161449227141248123442436420642176107921481233
Slovenia,2006,13212411132211636441822321311311
Slovenia,2007,2529221321411191624151
Slovenia,2008,61441572112217451272136311112
Slovenia,2009,11111332121131811131712111
Slovenia,2010,112126411143161111111311
Slovenia,2011,12211332124121183121151111241123
Slovenia,2012,13125153152143111111111113351113112
Slovenia,2013,2214211111311112213213
Slovenia,2014,351174126271141251311111113122153
Slovenia,2015,214133122118551111111131171
Slovenia,2016,2621113315154216911108951311564211021314312
Slovenia,2017,******14**178*12**776*****8*35*19*9****17**19913*514**8****74**102***16
Slovenia,2018,17**5*25720**7**56******2536*12**67551106*112**16*18121920*1620*66***2714***7**
Spain,1999,43252011311922261716111152469241100601114511701011953206828812417113914818331436112912721132473104112429141243324121853313417322211852188153442639231111121141411828342259612659341471794212131135684109691
Spain,2000,5640523210313033146514145372253991128111168463416311710141451251871781342017291434411245664121628119332763452119394245183113525135551371697224866431177265361119241161131123
Spain,2001,41411263161395716161412111372136142410214301416132137251111384319512454170112423221024122721512411241111132431113568913211821242544123213422123962513115351216119331232141110371
Spain,2002,36316651220613617911611126181111121422115135911187418221110216113131528101511223151617171291110123571483111312211310225212313116241621121131111331132241112221115713215993229121831110261
Spain,2003,121171512467614533173383513317215012412410126731451311843712161212012111216213616717215311441131141144651116411511384413012214311763121131241127103478121211210166211414719215213826311411
Spain,2004,24316111129531171271239801141112212734915253512375622116215145112137286138127211224114391392121432297871412133121165522712215742117264126114843225116186151113133275111217112911131231441941421
Spain,2005,32111115541191215071983121821924155112128211111168411121414115312521215364601461131331452125111217427121144323124162112310943121117427331821114311125128224825223422212912131
Spain,2006,6133119121111243237272331231214119153511131151511317542211451121011149214232541111311185411445116845473283111464151311251511277251683122522511413121416221411311112311
Spain,2007,351281328370943341413364441161131841121211711124262112521310112110948111421015021142311128828257221414314192125331211211441231741068428132618728251214119426131421198115321511811932841
Spain,2008,10642152111111714114122328915346216862122668942252431582633102155221213132241337111121133121051513471212342564219113151161244121301114112344611899122151338328273413111101041351171621249131101151117843118
Spain,2009,14213213811325425112231241114272201111201145018281111139221116168511339316111711121101121410424411232341174243426116122111142101112621111411174846422382611211111110121232
Spain,2010,161124141153116581297115197113810215231414232741161722412351119225216731223115845111221311534161514411213121111122118516514134221221411311431741351315723144
Spain,2011,210141329631311411112181112315132121331318106161042718211713123412312249228116419171421811811191612112241861863242146133162127717231163112261147113281242155511122511552351212113101313131011210113
Spain,2012,47611161373211231111215121161413313114292292522162382222123212611973112231674111824274111212132111541011244273392122216261711141125116111311422128115251382610511175135321
Spain,2013,8149112110179292962223411225113131516131268102218161123623942240310217124621134236332412911143512141645515211110825211413211212211121151531461431415117221319112295381131431431623111229242113217963
Spain,2014,1114131212881175510941112761222114621211132415421101332318158354218852311154412821211451211645111152571511912201111425294832847232373016159182719113313621256111232126534522218112524812251411013111112358111292313222
Spain,2015,1161211271144418741262923211464161111118451622134221363126122111211347919165515211010326413521510182512241133590372158132271471285104291111237121233513250192317919971111142184472121571871062132155411752122816532222113123431535
Spain,2016,1111271163129121615615113531015123812152512074348376211592237341132172481243691217766110522222082645511161637643313161291161211811196113153481431331661142355211289561174261111148250435411442115322101434332141512931411411213211025541310389213441101615153151813634651414163117
Spain,2017,1311**55*154012576***292558520***810*19**57*103*6*14525**47153822680885*25*8*5*15**59*79*5*89*1042*1855301935*735581065*55***17*5172*71917*5*62711**1881216*1121478*****5*3530*65*5***5*44108*1041*2520156*20231*6994113829***6101510*10*516451352*106619**22122612312**2224***203*51397*1548*2075*25*271225*53615
Spain,2018,26*51615413*9203719*275381636**40*1990*9*1275**63167*357*4311*1441**36***41*2056435124*****57157*6164840**11*2212*1202*8*62211473119***169*16*5011937*158*52*111853*********14*146*166*30*372**101973*21***8445750*252010*1191125551378491560*41**1824*7*1214639154117*59602455****745*1713818712411**14**
Sweden,1999,131344133223244221634111123331651151423220427414312301178676474212642211712364117221282701471860714731021217415321217187625461161953546210213331212281134821341313212103245513234211212163311217324713724312944415145221214661162113130314
Sweden,2000,2721431111117913101712018477424414313563533382259276271831105141247221192234426125936216411213182619542831312101112472713116114131791210813247122812294526242745711412744413391242111072615192915391404067213431051117728113422134123172111819182793094011339194347941
Sweden,2001,183311041961911120111181331521327112714272435605540774677361111231244772383881153621411223128712651411115151111715121161613133217912411021162423116338267530251272740194473184174114122318118151730110503861694774351111124562112442019213142261532954910143112783644241657822351514259414711455271636181311131021211622502112657116441132133654182065821270213154
Sweden,2002,2010342251197315311112335422221165322236111552611162231844711011314151434518143291518322232193528419112981346916814511151863341422112611351461121777118392913839773081219647442112614321602522661618229844354911508481141215112411781659169354232173042151117313556495091442562733475116373829132183113651124542416122751112229253813515110637113351552821818467401593771132143744401378223131013530256134745322220691414621972181405139134411231395122610145855227113412696
Sweden,2003,14221174429106720116651411281275025115531337111481964544622528323111221447615367218531006121433223212114946105492429801116314117311512319822628183193512182465962321433412754151013403342724556221356436261689138117719574410323172755101594291773111682157213178492645035147122853136245127341481353514515012127226118423341641440171341231834157311611925325115289873154147110123461320186531069311822281383742122215234404102483972793143
Sweden,2004,362191067113947116940211683043457441212241131151531593201312113033442471264411287212431324727193872624231331718244231036129220154144087158231477892391232112375291771485211312682841115623522342111481305319722418119202426174423317851141111221221351024902434151136940511612511103811191356154013241101613182821015715323354860637701326380240122210512314718221912453405232236128215161231631527111276271347712723
Sweden,2005,222111115121112125222742411033933515626916729174513211316226491653167211021782861112635137122149121233471121603522121141415131401311126461151335723520754135131141013275145014134271361443136188714562030534339744111213539315474640157241161101117123114313821142733914111362291431710112948692192796911133262522251093534151053462111198283618024118521514136223382618246141211111
Sweden,2006,234214128861641044613535344225118414310341349221132245578443153241042313302342110591441141226433218211221121182192261720206246836232612823672521585637133518161213155153426532332746139211111119242321018361437318162916941872461613139040110546131554104313721720314841951119523408509323118229171321114122127357912522223314310934476303342321121038892151
Sweden,2007,418371223121412134510223113334214683205441213529283621346818369229233406159312611251522182815155343335215431941149746143543121242101233161571830826129714842215121114164396271323327924676992119272413734366122677912181332144211101651511619126310185186639211148432733163827236625484411573133162812211723142017441115299244122746311393245245482623592915
Sweden,2008,511214127659474819914863426513317919522873117772151141734731115231133143335012129251721831113131182401931291225124462425353166225114232617518933101349115323631228846417211271411862291603871336643332627321541132601814190442852113111381101836415463301211161614229315212610460144213631348412353081034012541131184664358419834794155912331562011248215226185
Sweden,2009,114558118611282593661414111172446211131281046111425633117366673427331615167512131081172232657241192567516122125117223211551221872315101712362303972521522112531883431219321412813135182115111041382568221443726334182181511031124786812412103283225118564427611342311523672345116414111258184734192183141386481133866102119103212410101619211142421992918961561152112416331943597142527412593721242192112123292302452981
Sweden,2010,1621125921851124716113431222124211910816196122612512553413116826464614318221649820017011320924961117417546230211843114234518164371412757356283110511272738812326122131601314141185361211223360262313411417537611261813274239519351161389183933224413181814728126351133112953124178960957103113842412790613213231124121792813142346261341630911236814111354557117412190321312208991467108310191191012213135241932752392132552213124181431684
Sweden,2011,2337728282953112438221712312279264111271138221115928223649138110121236137329121110761182697112113486432131372176233135699831515011781116273139352453614324411316223619519291092414416910271112754131671771334661113334244121251396211419113240126121332716198025664206171811247124026261326219116461311515211041210494182727134231112139613671152444592613516671510411214829141852272181162134412432220017186116238862121418116392404214811131578711
Sweden,2012,143819281112414325316432695271298142926771229112571727412710719525312111131481019259239111856164138415513213120421732441022281366509311628440481525292221252257116614277521821566234338525121138282112811103219195121252572528342204334166532884764162472341986214361125766519846731693019685431326241130216721139529402361434227551725782389741751583164328713391334234111911301154722
Sweden,2013,25121704202027304277242323573122411352478335313371615451283118027031311929113125062131109311111541143463182102343139271411113458721381232371716321431291236310552201521884418822211201925724418133472122157723112110252172524212293643111163722213602034814623719100491824412132572251502552102123143117522264271213954112869371122622023338418912142311192192112911411431323442482211611113102132410015491189193881962454118213422119312131118
Sweden,2014,473573451381193111111822225927244142206521616118031172727340218397381141153584123346136415625431115124371411352119923457341291667511210122161123362138110714268172725125311973172211455128102952229526115861292621178161411213123227512723412129361041633414316110152274228834681153621287612313120211803156934252031232232911564181173115316951160173194382124141411111847132191371359142522111532479251713392642
Sweden,2015,2881491221527156174271391351116130312251131818218332141211428682110163210292622615524912826111131663451431471204346597493160101324746912394621712313341103418114433321661622294611932011984081962213916561726013312587236439631212505232191111913031971461827171143568451691152936952712636408117736531321162321135214917250253353621210918142464333504472465754212915501121522116741721514411134228253311512917399232178265025173311149191255259296212124633817534523612959111711340107740323
Sweden,2016,12211201614231241341211154581112492591513318119211511619622011741621212591151214413133444291155112323614462882511114215730363643768930412681013255147319438212164823131186695151948312172013131110020235323811413331262640111151431181035612120118229321315161438185220113341317324917470161111625923411411331911713937122073118242168421352513227935263462081131228112810051481152177535242471571111442611
Sweden,2017,30101********15*106*7758*1222**15266****1010*36*208*161114*28206***61024147176*121919*15*14517739**7*171426*290631868**5**101*64314325*144***11*10******16*****26**5759125***13*40***69***54070711*89*6***13***35*13*13*5**2625*113*231352425165**1914169*21*22*2891298523****7258914***1012417533191152111*610722369762863026*34171951715368**19846**7*319***82****8614*49462*6*1315**32*
Sweden,2018,130*615*23*17247*72557**3318*45*511*211268*246*53151930***5***13**115*9*2611*185***7651*34*5056353127*14*119*6155286**22*2419421921*****3654*20*5***174*40283**409405112631*36*811*8423410**2709*125277767*36*9183516574*15215273145***21*27*2026*25*7***57**20**2616915716*294463*124314435*112*10915*5610256316191428224*1876114629469*56**605*475*48*1417*12142254*1626***7
Switzerland,1999,1387153918211537153361374913144113512521412602212971162101831475138201921685794212736461514207391613921184231521136139522629121310611114413124193635115111268133101111611462312833143314837123413476231271153215202411264364243448823220214231325112383628819354121142512701049433143629614917211128299963925131201071927364377141219771482210102153112412111149911589121241447101
Switzerland,2000,54115214611610663211973394361813233291742614411141111381613121311282617711121216243221133157154217631241611417294312108431361211162182612456121410182722141723401142417322217135961112213315603520213121061137471812140192192384225111833521144420613391243124327493621551146255779253848921912912168133181114521419246611156413322452945814295829152172
Switzerland,2001,531161278714214849148223018241575510320755111554261145321232121183421423622323332101028306182115187268126231352510847202349132176121243121625511511330715252497223211420114026218145471455117131491113113418711256734141291835913522218274015611171151596027791514113971125911851912818652111563827222343021415745929844112285119631106511121
Switzerland,2002,2019074111155104646152711662172551188282231151121843116410622329161352615162185726353624338235121444599262561341281479122165142394113762107611017432451512281118159439142099436103862611365711287457113912913368316251711745465412252606771121553011214267272466188016612939133131110692143921203161111412001208195163671516194127910927873634991214352943262133861614818512461977432121255619117332783564118126158
Switzerland,2003,297816759523613673731142277885169161158111053512414427261631511366176721020651237101659122431201020722619201727218264164912683645822214615611249252816162518471932241411917161711324921110836254018522434282419269613714854444147212711361013629216434114888118196351113371741122197311891712825412412231294231421418162132103071423119292312723137631272821317123129342934842112723511823110961833416113218715183127
Switzerland,2004,165178535301912711114571111122813119481172128112216612614522140141016121251118221214431072471112112416151175440151111123113321514103122233921427170731142471117145666255262075115112220191825616122422151161813172502122478243034817317521128211282241253114151311081515182451374535158111313555218243558821211521210419197612131242559815611113321401113416117632727177161291523442633036415776524184121412312471224403611
Switzerland,2005,5148483512727162141817442150827151273811820655537823337110611141233027814171119143311221411111111192111923015251211311621111112663114511333412310171452241721131614313323127181621252257231323112112112412611831811143121710131020151115754134715612154327291638311732744924143742291482751103162
Switzerland,2006,5293323714431255134317825116211191232977202931413461244162641771114364141324416811122165211251821144111325831211215410222248617113310222212732211273711112114212715112181036511253821271546286421212621149311353111175129312316317125113322571911205178261152564162751253430821171521359677
Switzerland,2007,2471466136231143174211221052911591010131582141061515542114911145069214141121211371152161202015192211120315734211393781741131223169742511612141148111716131201212212321117445127321735115986191132156272225035141053217753263423411431776316662124712116112214351142332214426249213112841163
Switzerland,2008,4521532418343311431217412491219112841517122212239161102117561511016139165131719141212191580711111251714881212010413218191984211192553216371124204015612189621255252313512277535712236032725062123237121832103312223111811111111848323613819111313112231591322611368478112811297103264415117321132
Switzerland,2009,2133210034117154211251212114612142341312737211101212261119711244131266681332661797114122962135413135128211672641302137819812310711191106409142144212191141133314138171425311322111294269242124116413112274221018111312732710214383242321318141239129912118171413413113373962292173101175431243213314715615731333950322
Switzerland,2010,9468225151643522069558914428129114101112025736185711103615211182113113491774512231151211310613210235127212651210521125161016226143523583113132409411292212117127921551192011297216627155533442235111201011513231813213455135141622452271413181712213641801192941142221265833126516514121113931432115111155113382712121119272
Switzerland,2011,9211041831251339281511171732101602143133423639605141813119311103321231323128514511991112111271281278102529711212111671196141235610552336195114283315281017717161122745184103118821010821399053351585417412731598611501434212333251132159122142516421215231739393561151772611111189214311012240121204514161934454235202529105711
Switzerland,2012,398892701167160171124112013641197322215061763713874234134291718313926811114422517118611521612322517939716133421196112326213140152116142151025131421511712341792871331144162745424162332711271611102113245297511834512130164281732740146124101315169247818136316226111910374311251121201182135225148737521362127462721263411178144333711110611341812147411731191
Switzerland,2013,13411237156227114164770112523894161121511751645121311673721933940956361541822103226341151821141573428212110411042171812944105654445591986511232113621135511650722237723916211674141112816351751711146623741114405729391421378231245610511617174201251114272123314272101871011214125253326834113219751042241011216122932212119634437532152148243115326533673
Switzerland,2014,512197022551551121813332713071312317548157546812141770129012133341224410119361781161714314131354396171142314221411135321323733012135111439112139425718581136110316114211191344663221423613119456122010210059411232551165135321714214815121213741114613951412142111311293185345125853743165114147153142371111315
Switzerland,2015,134204211233281251215137993341979422315532501928321123218220530441335941162160228497111053034728212018577594118128573953415221845520317116123122612353321171323648921103252764261411041921011282112730260451013687317610115215221017510907327157171981493681261299715360312888110361041231347457111481410334225511616673311
Switzerland,2016,814321143513923121933402357713212662139412312216420139851127110915921297131612724201531926611524323212242624111214841026123371621336125143142139151921511246329673123421635151216581747111715924221522242161322141312110119347910229461117457396741023541111164111124365247152113117353143412012141115151041101110637153761191311822036213551408410144
Switzerland,2017,7*27*19*****37*366*****65123639**5*92**6*7714932475253**12954248712*3835155838**1222*187967089149285*5*81417***2013*22*59**201126*13**7*16**13*664642862225*5*102328104****231680*78**96111810*1664***2298**129***9715710784*21721*45*30*202059**1087*621***530*915*23245**5*5*616**81**9*7*75*386*9721145****5*813*5*
Switzerland,2018,***9476*2519*34*9***4111*6312**67*91***5**7595**1023914**42****92*13***2142***2956****635*16*****55810085201320**10*5766*7*5*19689*23722271812****23255711711108**52*16*5271118*8*9104*12****985*8*18**23505**26*********78*17**913325252*825429855**11*8620868*28431726*4957*
The former Yugoslav Rep. of Macedonia,2005,623
The former Yugoslav Rep. of Macedonia,2006,3
The former Yugoslav Rep. of Macedonia,2007,125
The former Yugoslav Rep. of Macedonia,2008,111111
The former Yugoslav Rep. of Macedonia,2009,21321
The former Yugoslav Rep. of Macedonia,2010,119411101121111141
The former Yugoslav Rep. of Macedonia,2011,13111149571321321172611111401214
The former Yugoslav Rep. of Macedonia,2012,3193174616221214446232123283632124
The former Yugoslav Rep. of Macedonia,2013,18212419451755911161011441245164415811251227122238121113
The former Yugoslav Rep. of Macedonia,2014,3911163311111222252
The former Yugoslav Rep. of Macedonia,2015,920131311113695534913173121685523
The former Yugoslav Rep. of Macedonia,2016,11731111713382128824113141032512
The former Yugoslav Rep. of Macedonia,2017,*****8**
The former Yugoslav Rep. of Macedonia,2018,*********
Turkey,1999,221422222011845172112111134301671213023461123
Turkey,2000,2121175952613721137319111371111125513233209135191147
Turkey,2001,2011211131121214825122112311913115142
Turkey,2002,1937842031113167324110511174612394151401188116722313462112128716221114
Turkey,2003,123774213315218378234105415821072255515412173374012634019183
Turkey,2004,17234311111161254924881413981812112273181144742156183112402
Turkey,2005,13641102112311968954529111312101614733301034381271113
Turkey,2006,212485111032754452155236153151291113241121134374321391158211156222132421269
Turkey,2007,41711113324178121511381111113017399101011161111156341111415114612291121103145327811182797241
Turkey,2008,11213113181931111031113226651013755136150126184713116219911123516433021325351213711341911
Turkey,2009,114113281163215123114135622114171852132621284229132113221025432131241981212241321851313113
Turkey,2010,314519677511823171231214113361921224412218833312122511291314111258141842111533212235122121511634
Turkey,2011,34731761211221711182520615121312240152225151024212216443722443535815218811442131752473137135353101402121179111014195313
Turkey,2012,34272161181321284386221590641311114231212341141598211548426075712115324211471141133511523172469376815022065241362211628228145425266047725
Turkey,2013,118150631147521197411712151262944211197134033351151192678175132171219909363571501451111563141197872133212221791568941444111182124713664511292236149113126113429338201416113521311
Turkey,2014,24051312131172216215141411562221522442241112101536512835896711415753121118508412115412754111623557962069611421611143939643732961391931137102462585252059451676111733221360126928141431321013
Turkey,2015,12305183795431111122108108312461416131244213312114331342256911431024183115101515145121822132822928413105512931113171631634136296754453927
Turkey,2016,26111613144219621218151651121341915712110627287446227111223151872319261318161457711913111552113211512226541197374212242306320
Turkey,2017,***3916*30733**51427*242618**103158**14*6614622***812427482410118*****150******9***107194028215811**5**29**23*7420*78***1228***5**5239*81****66*151750*61*97*67666312*156**866*5513**7121*****
Turkey,2018,299*9*19**37656527**1815****10*10**85**3456*****101215192174*12612**218202*20****108199*16**24101410*10138*81038*****74659*13*
USA (EOIR),1999,9214213285410296421316287351712118122216561111922243125333104113742133121318159241311177213314811234621921111741511282126424198171118131111181412411253502414271241611213223919317501645181321111185117182121501125134762111111126322411658101123461521112613211134421921717114271315110911193223951281147319961712423912121611111271171172510518315812111011221251224515411385
USA (EOIR),2000,28231802181241312126158109912912392161729362746124411710112221916467136163823242916349245915623729861533316201313316161131737513153124295192221211017323722102211221121141521437118312113911112322212116324738216575431211061461712331521118615226181056114291581272211421323322933841141113179241533916221122711342143148144113851391281136111161532171551222741986116743216251394513433619176182921112513121113117134311171
USA (EOIR),2001,11736515402624211041125113161326234131218101011622161124412626121351711491073127131448321221010611014822322642433121213415244215210198611023741792021213118564353792175281538188248117652492411311953116122151451115925113739934111646198111311712301021524121121162361921113181891311132211123163123513311212136893121842928451422113117824245143593320157173341722539131251131119171141137126623561513827121121216162627112411111193
USA (EOIR),2002,39206122596931549518217276112621118351311208224346511161325596132811211013281417311222742931623121101128176510311251113929621311271412111232263316161281121246132211111351414111629128116111242162515412115121201241588114134914573681631623523610221662225221561938293141210145411118111474117111896664413737155521312511111113244371213515616443141121259164157310278126462141211110815235135011966119142013115375776127153671123466852440216251215122733338451161
USA (EOIR),2003,2231231161414272149349275132502031161161112171917576456114141751154613401225551110241141013311418112644372212213311312330111441154317111412242171186512748101215155553111141138307947815446239910531512259181535221613725996112552812842120952163283528221118151224091765525121268253821568182394412410151317316761477154253313251435746422120240184287131756125855811211231424138143501319216284277174522251229113722515111421614148917112131519610161495013687135249
USA (EOIR),2004,11151426210621102247311412226312211142588311211851067315123321101253161912310131161331239226361643116628412152131122072112146112114324511121211634242521651010161222146361151112415181916588553242523344232122191122546241815641521492374284227111811724832152211511021262110185421414512729361137513115113820122602114511101523398154155131148382178161391393142812461521124422041111289116291325913217108233522254711013710
USA (EOIR),2005,723121154136212161451231191292615665311312211221626217741727415142514126515315141010623628872733110255122211324123411061152217412141261254253113542641226153363766244210117129113113185148111051415291417591413751412432141321334132710143128511012613452225741511611562821121072531511174531181326563135239424321113122593167131131828232913102111754432518736242585112921412662671333111632136101
USA (EOIR),2006,2531951112121041154116511335312142211153418523102562129619517623215117333255101726125114212373211251191581724131071912222012133446111911242122426522612332213241652311332441101123133102351433812961143818313222226263652776111173111111913312311233111324521021172061524121133381591725111144171131231411330312324336492131217113213109149113110292615231411443475822332816558121753187132114214172
USA (EOIR),2007,233223313120284676341841282331114616411232419692442451121323184317116211717113131011812972511225192441821425113431425612335158811822435112325311613211702913143171915535319831878214171131522111022853121218166658615112166361223491731611312116102066762111661111461315222111106119620114423114122428311223138894241121111317412125831195261141112215414159232512611312611421287231112113411283423
USA (EOIR),2008,83106617111155912516129547221133173614413217816148331511438229121210205148312225172522939548211514111182116384512530121411141859116128932201441204153112512411196892815155372771212717712325316241314536171211213611122224193126968522122816318224351142115411121224161374921153245233945212121169371071629324211327992913411625227812017106634461631116133514148159121441431311325172121253121231584513311618111101211368411195221134
USA (EOIR),2009,17215111141422011120456944953734113242212368356148254719211418211281411313112133527314413143161372341782622111915758392141102222141113122252111111020236131239221214152211124333102125318551512217483125844931322212341395161114237326732171355271541610223111295614112217111183168251142331022164129965234111571217123321711152112011485715154911119152114731113132418717963521492418172292451231322219153352361272112211321084414211222581321121034213163882
USA (EOIR),2010,175232211931411235915133113341923331118111761813912116422112573368161722120043191127120311391661257211131314179618011111321311255221113152722161511723216211211211622295471051631811146153161521622252243243103311524131161717331115121039161112915361771141413342211566119320325919851230283105111213632816120512132221916110103181721111441621381632413411233138311861531627102205111122111114211013141441241111151911154112212625122134522138551213105232315241356129167322
USA (EOIR),2011,2848251231361063202129713512224202112312848121771415112121417224112511112557822241616102132263101141920111429334556121172111112091232112151941214415120316413310322516911610721342724715203282252211410122165121311312212411088524732294123947753498131111615431263491517832027531128131151912119712032151712125441213122122141115282628510218334447628922731821111177321544844452357182532321719101254112151336173222141246831627866316123591
USA (EOIR),2012,6251141118202646624113819115173312916632912602115313921231321161710114710151617113212125121141653123811651165112143422121253173191727211261582114143413129131314264251933194412614121151043112181121165422418381811117512582411312623724462241136123119271722124526134111512011213929183291625117321221321914109451241122141442134129422321911121115318223221213117253393292220311225812411816234111822511022123021592118135479852
USA (EOIR),2013,664137354191241571351866260946246129115261561156682082418359419915326178107331146256114188676575214441620152316133301099387557512300433384259192648511170566271428173066513117914810515567321061245177582074481261148562535684888444612429
USA (EOIR),2014,1981317316866771697645603157561118819163312885232518161251212952147181114310387294263994221321642716611175203126548841265643210855299614647651025448105137391087143651861175181069231157461406716389471947515165129201348221272822813131362910
USA (EOIR),2015,81381577768673515175114111871520138289946322612926148961317131147896215211957941258138935192571061178741417697468518940616711138094351761627511142944199291146121116229826116819446143211121513648248648724685766163042241010121291
USA (EOIR),2016,17137444929959439595185419737936494107413102559324841357274551125910244281312555983846903922419751145190241810114181641035351051156669787853346071782421571374851411105134821006413155192851502875376115141270412312687013418724756325641216214208669094625547103769715111613174
USA (EOIR),2017,5312213308111730*2322*538161238823410991561648*22823150*6475692197319395213992261198513569*833686554582558971741938412825538840377142215017*69208728444085838810*98662037*3161474661013*87917166141314331321621619259157299**7291752066522352155521385262271913137611673*1011114228142046516489781101714112674193943*21032*103931136*311461991844192232126322479
USA (EOIR),2018,*18874217026343818148710174717011098149848710152850*1372002634*1664171068*85*432517*5*521
USA (INS/DHS),2000,22824023291658697451717601351078511958713134281455816467823917181860311353384111212622276894981610945128548891351492433662629426818930716914219483814738657620141961197486191896314673186166197724208501635157101472328710096120982823164873216539752787991036312591547614718611018609111103188327626589731262073661892579491016255818155726
USA (INS/DHS),2001,12163681417451127115114051819168101721883995477314347118991362644257849556251814214655575113867111013561716243930329206599191161322414062724535991112110241771161127975102661141640934513171035857781312687911071078616911898163714773554861911231419351138317599228758305614161547918472913123171210325139771122117496859262291031298791158936272178461311570775727151
USA (INS/DHS),2002,141852965611314353213492121211191394764175381126241601533242711720634139826109771212145251107297118252415154441651674016771134141425114481210227215829122980149449565916391131251432121862816904272874168131317441124201511095089241965327576252011115932038317568613525160271489299685385317532121921152832915859049201767352222368931295137
USA (INS/DHS),2003,7344313414538848399577467492345175517513052551371518201215132343233502414391151841157561072691811110394121925878365085156356199937297187162672726291261736256164363031988212851141831120551252747936941901214226415112752386312591969237934891327290226011521412107172028053916370106564201722127152321214353264810205314113241477432623516847762814145561515271261037910305425158141
USA (INS/DHS),2004,654975184307821136313013327555183291137789724610561915159810431184319853955246131151779386165932111351577143067181727921193272717973282227471278193710778725242913724679216834720921311914115144211011224171781819241145601142732477151657584481414151093396566342511275157253428162418512982028201231586213296238167193110131966615423
USA (INS/DHS),2005,31410311251242613366723112142121193224212341121125213120123518213713712254432211471118732165115102112923649314119514115012326221238191764524221221228193725248227382325112532312119293942189263815211337615321776141151181983220411810451214285427810172352012435274112512210745635121612141221251221118231042132412792185421142152144519322251643524611924141732642127116411281432950128331414135631021222414119250317328293535521531131210123133897211129623235914114811538181654223614216474225329119523431
USA (INS/DHS),2006,1404622113710482151431445022636717716147312878161441235011117107812708831131622411111516410491951031310721111656267252292515277145624105376177121365312717117201113551325111131314311446433657120625617247128515165114542710561533271418178213821614463710718736311355112136719261328310452625173111915116472253222315441082751914111421611083526843187113195111325218912358211604247118234161348124114462246734192763215327185511142674106921452153731001432
USA (INS/DHS),2007,1338299114211311226141616111312142367224327141231203112918521915984115241122216111149656022313117351221311041641113161251442124152181431251519796461321223271211177315113391474222311941923141613851375109153394314431583622914614491243311911536412647233211416555162393921432212161519392031017983041216812131135993141841129773610272111532945271014113628458151232123365433630151588221556262118213371411371574221227103401511133322137757610231272121411626157054832472491419121605735315504
USA (INS/DHS),2008,42016151665242109195361312133321553215157436391542110115313843096651510921151542021912172731323622222021955941139226781616138364012171251332655610711895473163161213234015250138172311320112182168231015555187118711811711512331659116113111213232226359263129413824212228738213435872713142352210392121631215212189011161861171211020936431431196521133417117236252414172103721223123712205219449231377514192317124288432431814213135325235262281119610239412488210161872164482142441427492420161460111
USA (INS/DHS),2009,142110223217385183214832832211151252333110142910341473114112323253811982266121221521263583921194746632192915431324661231321230221701287454718185321811235362111316122727351710636934481133212761212844761612223103745215211166101443952477317024710752123113116113341212038613222141221411117323312446921529272713411062210326131112223117125113429428161252115215324211254338101963364261182142121179441612111122122323132193223242155188
USA (INS/DHS),2010,11006521710192111411182121718223110111328117678112121322162516814156142221122473123361315972752410151311751849318179215111714312522218262217713234172716112113653101231582363221123921115510702141187611111317616121131273655519659311232319122221213561420667924125416869135921415531052526611912114713331111111721013612916541120238623178115421261912428118129171526532530253111939918939111341181112533252218124312111916322843672312274112121151140110351124743938247912041241428441103113112282
USA (INS/DHS),2011,1216931011250411461144727719919104117267110811310151614797313592333100242794101163111451232310614331541176113121216121570212113861133225142112161264314271141131213484522210312611515912101502721621367577117811565031312245611111314433622417101165613171031261494278121717182572111123576325952252912520123204171211491123110422024323211271126432109172563641010251328182779939348312831712141252581163466351137311263161751312371066271831468342217713136173216432162531551737731233410111191017712321491123531232561321614192522010811441241454120411092771226611131324291
USA (INS/DHS),2012,218272916164181533225127841119184112331102562192661143512231515121214254921220332216259391637129204310848252631161172421110593724613212189912130213121584210173211311147641275721224740157521412531414569102213711112163221131251729237103125208116172413113454110120123687243817175314115123810221222742183521289135510211611816141631913141402123389111421317361916778411471291701855718123635411518240731395131142484481211187964271448611331174716215910280166264311611461351538116542172271510671259131892167121136121081317511496683313191204363411212521211717663871
USA (INS/DHS),2013,51822111613413118712823312951741013410301271194781791544214513371085656153821323944211021964359912126513851918025184210214123213219111311012322676175151611356435275121102411525315562220758154061143641411733608119311133111710313435148173171345411262151512011192111211611553211081151221220525204219116621631265735492141345421823519168511119292022226624421182152563744313362737461111602492341618132504721457111941329311458184911145111221826011111224106181611343191331313312111310631013152161017115314257631311681516257124992063169411191613165157174919431
USA (INS/DHS),2014,2218231357235154111322221062250132522128171468562313222141563912224345527121111062221131372781227281810543882028621112941012038151142111176119138812322211403411131321130373261561410931081740173031734917214363511671419928222820911181142318112251301186112406211603121131351112091197143474118181112264713323961518913870431320489418421684161084241104321312317212114128392655333118152152191231242111117623211133124165442121431187527474113107174521223649381421471535112121185826814861390773119121443978157430126111215111376131533911027466921110913216571215369415485151263821214312112419712311110373621082131181442728317012911118
USA (INS/DHS),2015,25101151310114823809231123270112451364571186264117479032245201653855673811141341193913123113812261722524612544111149764041234262618161443111317312135132054551257666717311921141335126972371051531181631250227937287214131155112271213141345033212667121933191641142181721210318818777911325121068123702211320828313421380601515117923212111620111231852516424623610371542161848128162932151521765816932222281105111601013223261511531965213642267810171081193351212410211314232156911431126224123211925289866642518611139612072881309391422394531165272134954369101632121512213127762175119619823157111313815659397611965124615119151522205724152522131115617232332410291590279921243266222145124109410116
USA (INS/DHS),2016,117436421532291819415171313912492611039642222446183311212722685242101213413526431461583811082256239182171544336223621273121833382192461129934113618731881113551411174033356410441314315291332436103511137910322879191194154124515021612416565292737792907242222438413624181341521639123211761119257412111225171178987142202164111104922113363820251922131210217251945272051411181111013310644330173127811174558114686303415402641402424213410716212577664112131162412131317225874162731256134130182114403991052681725318224927104811107821733514232210061511188515121001284714713325971104114212131113703411615165342477416237612115951161311297810255182341412499418581851202652225371311242012130139153329184352
USA (INS/DHS),2017,105355*988*30452236105107*2378*18*8113332925*2522565183415719***940*444*21*8*2823*73081121*530961*5*5612**6304512310126*23*29212632**11*1212999379**249**17*1059129*10956878110167511954330527275756*32*11*104066512407*26983833*96*65322**1030598130651961110***2612*948*38**74031218*18974253128*297149193104511*289*1919*79396151810275577136863826*223213144*******1142108*61476886*2023175252087440*66*11**868529*242633*10589629259*402715512518227**1353*27706*5414*301241*1372391522517*3715*5*634*11**819268*902**2211898710*1141359126710171629281221431132865**2410*4052216403611721*8332625528*614621*****7137*6*32*9**22*5271161623*94913684316*812*157623*812276*2348**216*1121523718122140752*556122*2087017190110129234*34042554512*5*12*31341616268**104715104620**13170**3223200510730*634291049186*35154824*855
USA (INS/DHS),2018,29*10**61*529*268249135**17178727**12***175*781113*6****871947714076*****532186**10535677*22**2727*7*4714**3940671554***771410**2473053156*23*221327830*3014*7864301152757719883523*5*161413179**15155*20277487810*5078914617812195*9*41*717831*44***1621*1518*8191016***271164561012959*37184*812864**12*14572432313***10*242022*6*12***651851410*5*42*6*8*11135*74431081*81*462226624567**5100141218831126716**58*5712261421*11*7**2487853*587*17031*307342*5*175765881849**621556
United Kingdom of Great Britain and Northern Ireland,1999,9562551020165751557605385653808352101565455104520385101555680415458045254852555135102851525954575255525152510151555295210120195035152024057030252158852051301595160525251340195452404601407071540150160654085305510101539011030505035530203957513514016565245101351254510135245157512030535901155
United Kingdom of Great Britain and Northern Ireland,2000,245305601155117540240910456575258555235755520259551706598545155555125549511036530555320358033010040170805255519534580165105653553755357065245553565185215535553256565257555605401651905175152102043020351108030504077510060510753070026512021536025805501530204752556057652525520205385
United Kingdom of Great Britain and Northern Ireland,2001,8154545253054551552530302040605105051026510570130451155101105401070195554010101035595200105510955155005552052051001038011030655251540576015102551045510451004555304157053653102012535135355251019033030525035145106554301501551010154254555430620101202040520045205104550353451014540535152513072530565202702803510020802054556054025151451545155053512540530100670155555205515510155120155351020515530107552014550851705556515510101156570460555752010255190151905120235102540185405109030150154030515105755557510
United Kingdom of Great Britain and Northern Ireland,2002,59173759238467180652192663110414713417429118783086412711158288207534919123930151369022087515845102587116232819842586261149253532111268561541826422547151017298252417066614134012934961703105533134130915833263432703452412177013615148221127211431016983640501111457133154215992281468511644336714398111048910317923182490115627621106425224995078521134517277110115037251478235188616172531315020681261189623714237530072512317537716683803448144361334413641252440423268581151031051539828939106471303319148316787132873907143460110841126375521231712110228112211532362002851179324212114672222791546338573
United Kingdom of Great Britain and Northern Ireland,2003,4431248520853081910331301140292523411554243121612126814212641415225124292324111477626162081227411322364237413710372279861228141102145261717793935121429020082046147911529125533134194481139621143829131547658217655218116541631477216235156016161227561325298923814116167475129141920371250151129144545183241205470108114791231495634523104593419914241037618495067591043619086362119209207212932117572168202401247547945712113791714011237142122540822114691621241012403245718198815702528436169421125214419111122333732568351413625195411201
United Kingdom of Great Britain and Northern Ireland,2004,91101751844120827235122011426074201162844232723402326409173138245223451314816116251053404442115218239323214132974112371818237715427334117319913611160284431893745512545182144336333114151521317151381202356012135402211273519922151129502821110117941810353611184310259159612834140227211719872321003619291342230131472084241423322693033411361142354119820112782712197462715514311117811811711332284339542124112819621343913589228129512437116713111210235103326672912946537135191
United Kingdom of Great Britain and Northern Ireland,2005,1720920243111973117164122323191751491210421011714111714181031361118223637815911137313258532812122610145641115431526327824215223122275384112731121434613169174254221711259401093417111271179187255271134211112251193111221592314451723341395125391611423519415114371941421131234133141121218731291630972118120114720216479420321623814812229221412091533227861297611113222351512311410310211416617161314163142331151616436372264861872113533837426718254101920429711462311513501201921788647153172871661027
United Kingdom of Great Britain and Northern Ireland,2006,601205211111741601023166421228431213491241220419851261115610145415355422258126431231351011273593136202124645221616716109322715415346117526110711131081193151103155563914221912281323715977342252140114141211241205142953782122310141652111733101201128151972211050154326091143856614371216133826391536161150821112810512281141026892422548215251119114171114271535101996121751513281236511112181164211
United Kingdom of Great Britain and Northern Ireland,2007,29155320244421451171511961051734113426634103351162719141952113923172910211211818716528216152734112116213181331811122341104178102892158413625815716412201329216116112699141210172419513371513065171171132921239235452119133115132519123451141117324521997386954411510824138014118732111214152161115514511022751084736712581163237362610321649505099122147354168226562181131081883291717112421135292296611131813716941477
United Kingdom of Great Britain and Northern Ireland,2008,231412317431671312701010183221281143312532168811516111541591763226711442225238232583840130361283112107521177162142913529161248224031174618711102183397115101196113267289611052121038613146144822224120517962932119235262111717123117111642811150417714311241122444141681731301082998711135842111610211224151025355411407316411119171219734621312251751426346611922511912311882117114122021094213416124982418
United Kingdom of Great Britain and Northern Ireland,2009,5308271781258613141107153171126146611001411423135132211463241331324371174173312682111114771811212415529144124011702211311417156212127611912171118736334128633512116827261195871272161111221276195131391325776311617110491531413411341519175223112551835215121261202623921213251416111133196683219122203481502961182111649157353872157412173561621730337201763395138204231241223265118754719312342262032615111091313311838383513
United Kingdom of Great Britain and Northern Ireland,2010,530111161140233951921126211939262218341631391143542121314315161129542857172731113811711349589109248189127161743911178115333122111012411922241610234151111818986914214733582121161426512615521959251155921983230161122616496116381131513106116116520121127116191152591931252191212212131363933125312613615613151071342511150154222519212761112944111531929291166496333147231452092461101362132312211146212623420151161711223276603114135320126135173
United Kingdom of Great Britain and Northern Ireland,2011,79420821155553512412210657207124161170919113929492165718512232514267614779311912751824446232436212364511811493711445612111331401674333539612191237721013712113322961616101297611123232213692110528101211688551213126366318299511011032554062153250245751221824435284711371120123912651117612702181246918111694863036615243695555473131171544125848241011250211137223311811128125616131723411165012412811211121341412514111
United Kingdom of Great Britain and Northern Ireland,2012,213226432258167121163042449120314413301162112894398314926764411211272322953234512134837714214971088712231311025341156444562522421124115332111358412127094011547515694361105041155912131181151222831129674918111266327103136844798121786742331434324371231412165457611217511911177220219911915711121133732021312441111331518584329433133267191411271207914114891271311106810198911120512315552111201015245291058115110731521511244659519113529
United Kingdom of Great Britain and Northern Ireland,2013,1137845815575132812122262294231154687513954117112132619127611111050177461638413214312321124122234911459124347115115323478119151173622142722266128723236521101861821913129011754176152615191144202246414631114141312132393125221243102162564812965133229111136114411323225315194103631141246111124812283211143117242784511704426912111321103123213113211511766141688218012621414542113211211912291722134291231217321712103210819109149111145
United Kingdom of Great Britain and Northern Ireland,2014,42713221521621612141518232711923420375321129261172454517722731123612426130252122154111411441222381376104157121221161292101336821851201331518115132412261731717918301139115130141832953141311910331133742132021224125155413215115142168111115811921215348321242111215133193421731112221259452341411120144114471811151625191427111317423181103397634967396114205371161726821186212833241651211122881043027512313114512641357211215204111615341585133241352336212
United Kingdom of Great Britain and Northern Ireland,2015,3081371946212125112521643615116101154952961252761835121344361011522512118139291121721313159242231451226705341111161245174123465661511221244492412058739339233137488141210912168688921111324575340576441011793141252112112193215211185213192061210131586081425121124281111245908372222116198391318111637211231154193107621221094610131114259142121516138212721126441111144124171190111511525442715245747214194654531135
United Kingdom of Great Britain and Northern Ireland,2016,2625313641172336114051774740518171873251141231561341462921487153166113148291211112946621177754122238552114211774713111403714233611142244241116143821171731313232453811418106331811021513611353328351113563261111113531257319131022226428141862113241471101271323390376112631811319322216152202821921087222136821619134201831710511910349121515221715212157211298451315111851511229133562207412157312211123431217659611221751123023115121224151361437114881155241322
United Kingdom of Great Britain and Northern Ireland,2017,*511164**11*94******6*169279*10*55272*929338**17123***21159*138126*301529710*4612241**28***114****86816*18610512*7162*****33157149****13*16**12320***6913525418621**55238*193*651071*1051158***5179*34616*****34*6186**221025*15***12***5615***5**1123*154225*4180**10*6321*130***6*145***109*3551109**97*13728796*30*****23**958824517*7*104544247*18**27429132*108**7307**12473258***26*69**178*****24*611****21357***5309*97*177*9***131*69***92319****462383*25525**4093**156**87***13292*
United Kingdom of Great Britain and Northern Ireland,2018,*15*87**14110**25****1281210*568*14**60*27722****21762410221145120131331719*188***7637911214546**19*65*8185*152451999*206279881165101158*****11***551****1225**11*8513161*17641298825*736698912815*193175**1224712714*243**38*9***59****1030***8*7952818*23*216524**15717*9**96*96873199211116214*10*****56131****5181156*5**938**510*162450*****79620*30*5103010****115*728284911*2820****50*532417627****10
