station,datetime,obs_type,obs_value,TMAX_F,month,country_code
CA006106362,1212,1315,-22,-7,12,5
CA006101872,1212,1315,-20,-4,12,5
CA006106362,1213,1315,-19,-3,12,5
CA006150689,1212,1315,-19,-3,12,5
CA006101872,130,1315,-19,-2,1,5
CA006106362,118,1315,-19,-2,1,5
CA006106362,119,1315,-19,-2,1,5
CA006158350,1212,1315,-19,-2,12,5
SZ000006717,1203,1315,-18,-1,12,12
CA006110549,1212,1315,-18,-1,12,5
CA006166416,1212,1315,-18,0,12,5
CA006106362,115,1315,-17,1,1,5
CA006106362,130,1315,-17,1,1,5
CA006101872,118,1315,-17,2,1,5
CA006106362,1211,1315,-17,2,12,5
CA006101872,1213,1315,-17,2,12,5
SZ000006717,117,1315,-16,3,1,12
CA006137735,1212,1315,-16,3,12,5
SZ000006717,116,1315,-16,3,1,12
SZ000006717,1231,1315,-16,4,12,12
CA006150689,130,1315,-16,4,1,5
CA006106362,1219,1315,-16,4,12,5
CA006101872,1219,1315,-16,4,12,5
SZ000006717,1207,1315,-15,4,12,12
SZ000006717,103,1315,-15,5,1,12
CA006101872,116,1315,-15,5,1,5
SZ000006717,1208,1315,-15,5,12,12
CA006106362,1209,1315,-15,5,12,5
SZ000006717,1221,1315,-15,5,12,12
SZ000006717,118,1315,-15,5,1,12
CA006150689,1213,1315,-15,5,12,5
SZ000006717,1220,1315,-15,6,12,12
CA006150689,1219,1315,-14,6,12,5
CA006106362,1218,1315,-14,6,12,5
CA006106362,1214,1315,-14,6,12,5
CA006148100,1213,1315,-14,6,12,5
CA006106362,129,1315,-14,6,1,5
CA006106362,1210,1315,-14,6,12,5
CA006101872,1214,1315,-14,6,12,5
SZ000006717,104,1315,-14,7,1,12
SZ000006717,1206,1315,-14,7,12,12
CA006110549,118,1315,-14,7,1,5
CA006101872,119,1315,-14,7,1,5
CA006166416,1213,1315,-14,7,12,5
CA006106362,116,1315,-14,7,1,5
CA006106362,114,1315,-14,7,1,5
CA006101872,114,1315,-14,7,1,5
CA006101872,115,1315,-14,7,1,5
CA006150689,1214,1315,-14,7,12,5
CA006106362,112,1315,-14,7,1,5
SZ000006717,302,1315,-14,7,3,12
CA006122845,1213,1315,-13,8,12,5
CA006166416,118,1315,-13,8,1,5
CA006158350,118,1315,-13,8,1,5
CA006166416,130,1315,-13,8,1,5
CA006166416,119,1315,-13,8,1,5
CA006150689,115,1315,-13,8,1,5
CA006106362,108,1315,-13,8,1,5
CA006150689,119,1315,-13,8,1,5
CA006101872,1218,1315,-13,8,12,5
CA006137735,1213,1315,-13,9,12,5
CA006101872,1211,1315,-13,9,12,5
CA006166416,1214,1315,-13,9,12,5
CA006106362,109,1315,-12,10,1,5
CA006122845,1212,1315,-12,10,12,5
CA006166416,115,1315,-12,10,1,5
CA006166416,112,1315,-12,10,1,5
CA006166416,1219,1315,-12,10,12,5
CA006101872,1210,1315,-12,10,12,5
CA006158350,115,1315,-12,10,1,5
CA006158350,1213,1315,-12,10,12,5
SZ000006717,1209,1315,-12,10,12,12
SZ000006717,1121,1315,-12,11,11,12
SZ000006717,1122,1315,-12,11,11,12
CA006101872,108,1315,-12,11,1,5
CA006101872,112,1315,-12,11,1,5
CA006148100,1212,1315,-12,11,12,5
SZ000006717,1230,1315,-12,11,12,12
SZ000006717,1210,1315,-12,11,12,12
SZ000006717,112,1315,-12,11,1,12
CA006158350,129,1315,-11,12,1,5
CA006106362,128,1315,-11,12,1,5
CA006106362,1231,1315,-11,12,12,5
CA006110549,1214,1315,-11,12,12,5
CA006101872,109,1315,-11,12,1,5
CA006110549,130,1315,-11,12,1,5
CA006150689,114,1315,-11,12,1,5
CA006166416,1209,1315,-11,12,12,5
CA006166416,114,1315,-11,12,1,5
CA006101872,1209,1315,-11,12,12,5
CA006101872,129,1315,-11,12,1,5
CA006110549,129,1315,-11,13,1,5
SZ000006717,307,1315,-11,13,3,12
CA006139520,129,1315,-11,13,1,5
CA006110549,113,1315,-11,13,1,5
CA006110549,119,1315,-11,13,1,5
CA006166416,1218,1315,-11,13,12,5
CA006101872,117,1315,-11,13,1,5
CA006150689,118,1315,-11,13,1,5
CA006106362,110,1315,-11,13,1,5
CA006106362,117,1315,-11,13,1,5
AU000005901,1231,1315,-10,13,12,3
SZ000006717,1219,1315,-10,13,12,12
CA006110549,112,1315,-10,14,1,5
CA006110549,210,1315,-10,14,2,5
CA006101872,111,1315,-10,14,1,5
CA006106362,111,1315,-10,14,1,5
SZ000006717,207,1315,-10,14,2,12
CA006110549,1218,1315,-10,14,12,5
CA006101872,220,1315,-10,14,2,5
CA006158350,114,1315,-10,14,1,5
SZ000006717,102,1315,-10,14,1,12
CA006158350,119,1315,-10,14,1,5
SZ000006717,1204,1315,-10,14,12,12
CA006150689,1211,1315,-10,14,12,5
SZ000006717,301,1315,-10,14,3,12
SZ000006717,306,1315,-10,15,3,12
CA006158350,210,1315,-9,15,2,5
CA006150689,112,1315,-9,15,1,5
CA006106362,1204,1315,-9,15,12,5
CA006166416,129,1315,-9,15,1,5
CA006158350,112,1315,-9,15,1,5
CA006150689,1209,1315,-9,15,12,5
CA006148100,1219,1315,-9,15,12,5
CA006150689,1218,1315,-9,15,12,5
CA006110549,1213,1315,-9,15,12,5
CA006153192,1213,1315,-9,15,12,5
CA006101872,121,1315,-9,15,1,5
CA006110549,1208,1315,-9,15,12,5
CA006101872,110,1315,-9,15,1,5
SZ000006717,1123,1315,-9,15,11,12
SZ000006717,1213,1315,-9,16,12,12
CA006137735,118,1315,-9,16,1,5
CA006139520,1213,1315,-9,16,12,5
CA006148100,314,1315,-9,16,3,5
CA006106362,220,1315,-9,16,2,5
CA006137735,130,1315,-9,16,1,5
CA006150689,117,1315,-9,16,1,5
CA006166416,116,1315,-9,16,1,5
SZ000006717,1205,1315,-9,16,12,12
CA006106362,121,1315,-9,16,1,5
CA006153192,129,1315,-9,16,1,5
CA006166416,117,1315,-9,16,1,5
GME00125218,1231,1315,-9,16,12,10
SZ000006717,1211,1315,-9,16,12,12
SZ000006717,1124,1315,-8,17,11,12
CA006150689,121,1315,-8,17,1,5
CA006158350,1214,1315,-8,17,12,5
CA006110549,117,1315,-8,17,1,5
CA006106362,1217,1315,-8,17,12,5
CA006158350,117,1315,-8,17,1,5
CA006101872,1216,1315,-8,17,12,5
CA006110549,1230,1315,-8,17,12,5
CA006101872,107,1315,-8,17,1,5
CA006139520,130,1315,-8,17,1,5
CA006137735,1214,1315,-8,17,12,5
CA006148100,1214,1315,-8,17,12,5
CA006166416,1211,1315,-8,17,12,5
CA006158350,113,1315,-8,17,1,5
CA006110549,115,1315,-8,17,1,5
CA006158350,1218,1315,-8,17,12,5
CA006158350,1130,1315,-8,17,11,5
CA006110549,1211,1315,-8,17,12,5
CA006137735,129,1315,-8,17,1,5
SZ000006717,101,1315,-8,17,1,12
CA006139520,119,1315,-8,18,1,5
CA006139520,314,1315,-8,18,3,5
CA006166416,108,1315,-8,18,1,5
CA006139520,1130,1315,-8,18,11,5
CA006150689,129,1315,-8,18,1,5
SZ000006717,1005,1315,-8,18,10,12
CA006101872,1204,1315,-8,18,12,5
USC00288878,130,1315,-8,18,1,14
CA006106362,1205,1315,-8,18,12,5
USC00288878,1214,1315,-8,18,12,14
CA006110549,1209,1315,-8,18,12,5
USC00288878,1213,1315,-8,18,12,14
CA006153192,118,1315,-8,18,1,5
CA006150689,116,1315,-8,18,1,5
CA006166416,110,1315,-8,18,1,5
CA006150689,110,1315,-8,18,1,5
CA006106362,223,1315,-8,18,2,5
CA006153192,1212,1315,-8,18,12,5
SZ000006717,1006,1315,-8,18,10,12
EZE00100082,1231,1315,-8,18,12,8
SZ000006717,303,1315,-7,19,3,12
SZ000006717,1004,1315,-7,19,10,12
SZ000006717,113,1315,-7,19,1,12
CA006166416,1217,1315,-7,19,12,5
CA006166416,1118,1315,-7,19,11,5
CA006122845,115,1315,-7,19,1,5
CA006106362,1220,1315,-7,19,12,5
CA006106362,314,1315,-7,19,3,5
CA006110549,116,1315,-7,19,1,5
CA006101872,1217,1315,-7,19,12,5
CA006101872,225,1315,-7,19,2,5
CA006139520,117,1315,-7,19,1,5
CA006110549,127,1315,-7,19,1,5
CA006139520,118,1315,-7,19,1,5
CA006106362,122,1315,-7,19,1,5
CA006106362,225,1315,-7,19,2,5
CA006139520,102,1315,-7,19,1,5
CA006110549,1215,1315,-7,19,12,5
CA006166416,102,1315,-7,19,1,5
CA006106362,1216,1315,-7,19,12,5
SZ000006717,1229,1315,-7,19,12,12
SZ000006717,401,1315,-7,20,4,12
SZ000006717,204,1315,-7,20,2,12
CA006137735,1219,1315,-7,20,12,5
CA006166416,111,1315,-7,20,1,5
CA006153192,130,1315,-7,20,1,5
CA006110549,1130,1315,-7,20,11,5
CA006122845,1219,1315,-7,20,12,5
SZ000006717,1218,1315,-7,20,12,12
CA006122845,118,1315,-7,20,1,5
CA006110549,121,1315,-7,20,1,5
CA006158350,130,1315,-7,20,1,5
USC00288878,1212,1315,-7,20,12,14
CA006122845,129,1315,-7,20,1,5
CA006106362,1225,1315,-7,20,12,5
CA006158350,1211,1315,-7,20,12,5
SZ000006717,1009,1315,-7,20,10,12
CA006153192,115,1315,-7,20,1,5
CA006110549,120,1315,-7,20,1,5
CA006106362,219,1315,-7,20,2,5
CA006158350,102,1315,-7,20,1,5
CA006166416,314,1315,-7,20,3,5
CA006110549,114,1315,-7,20,1,5
CA006137735,314,1315,-7,20,3,5
CA006110549,314,1315,-7,20,3,5
SZ000006717,1212,1315,-7,20,12,12
CA006106362,202,1315,-7,20,2,5
CA006150689,122,1315,-7,20,1,5
CA006122845,121,1315,-7,20,1,5
CA006158350,121,1315,-7,20,1,5
CA006101872,122,1315,-7,20,1,5
SZ000006717,1214,1315,-7,20,12,12
CA006150689,108,1315,-7,20,1,5
SZ000006717,1125,1315,-7,20,11,12
GME00125218,1209,1315,-6,20,12,10
SZ000006717,1228,1315,-6,20,12,12
SZ000006717,524,1315,-6,20,5,12
SZ000006717,212,1315,-6,20,2,12
GM000004204,1231,1315,-6,21,12,9
SZ000006717,1227,1315,-6,21,12,12
CA006166416,109,1315,-6,21,1,5
CA006101872,219,1315,-6,21,2,5
CA006150689,111,1315,-6,21,1,5
CA006166416,121,1315,-6,21,1,5
CA006166416,122,1315,-6,21,1,5
SZ000006717,105,1315,-6,21,1,12
CA006106362,222,1315,-6,21,2,5
CA006158350,314,1315,-6,21,3,5
CA006106362,205,1315,-6,21,2,5
CA006153192,119,1315,-6,21,1,5
CA006139520,112,1315,-6,21,1,5
CA006122845,119,1315,-6,21,1,5
CA006139520,101,1315,-6,21,1,5
CA006101872,306,1315,-6,21,3,5
CA006150689,220,1315,-6,21,2,5
CA006101872,1119,1315,-6,21,11,5
BE000006447,121,1315,-6,21,1,4
SZ000006717,214,1315,-6,21,2,12
SZ000006717,119,1315,-6,21,1,12
SZ000006717,205,1315,-6,21,2,12
SZ000006717,308,1315,-6,22,3,12
SZ000006717,1011,1315,-6,22,10,12
CA006158350,1230,1315,-6,22,12,5
CA006166416,1231,1315,-6,22,12,5
CA006153192,112,1315,-6,22,1,5
CA006150689,109,1315,-6,22,1,5
CA006106362,1118,1315,-6,22,11,5
CA006166416,128,1315,-6,22,1,5
CA006110549,1118,1315,-6,22,11,5
CA006158350,107,1315,-6,22,1,5
CA006139520,128,1315,-6,22,1,5
CA006106362,1221,1315,-6,22,12,5
CA006139520,115,1315,-6,22,1,5
CA006110549,108,1315,-6,22,1,5
CA006158350,128,1315,-6,22,1,5
USC00288878,119,1315,-6,22,1,14
CA006110549,122,1315,-6,22,1,5
CA006150689,315,1315,-6,22,3,5
CA006137735,112,1315,-6,22,1,5
CA006158350,127,1315,-6,22,1,5
CA006158350,108,1315,-6,22,1,5
CA006153192,314,1315,-6,22,3,5
CA006150689,1216,1315,-6,22,12,5
CA006106362,101,1315,-6,22,1,5
CA006106362,125,1315,-6,22,1,5
CA006122845,112,1315,-6,22,1,5
CA006166416,1204,1315,-6,22,12,5
CA006153192,121,1315,-6,22,1,5
UK000047811,103,1315,-6,22,1,13
CA006110549,1217,1315,-6,22,12,5
USC00288878,120,1315,-6,22,1,14
CA006110549,1219,1315,-6,22,12,5
CA006158350,303,1315,-6,22,3,5
USC00288878,118,1315,-6,22,1,14
CA006101872,221,1315,-6,22,2,5
SZ000006717,501,1315,-6,22,5,12
USC00288878,116,1315,-6,22,1,14
CA006110549,111,1315,-6,22,1,5
CA006101872,307,1315,-6,22,3,5
CA006158350,1215,1315,-6,22,12,5
CA006122845,130,1315,-6,22,1,5
CA006122845,1214,1315,-6,22,12,5
CA006122845,110,1315,-6,22,1,5
CA006101872,222,1315,-6,22,2,5
CA006101872,1118,1315,-6,22,11,5
CA006150689,1204,1315,-6,22,12,5
CA006148100,1130,1315,-6,22,11,5
SZ000006717,126,1315,-6,22,1,12
SZ000006717,305,1315,-5,22,3,12
AU000005901,106,1315,-5,22,1,3
AU000005901,107,1315,-5,22,1,3
SZ000006717,1222,1315,-5,22,12,12
UK000056225,103,1315,-5,22,1,13
SZ000006717,1103,1315,-5,22,11,12
AU000005901,1222,1315,-5,22,12,3
EZE00100082,106,1315,-5,23,1,8
CA006150689,221,1315,-5,23,2,5
CA006153192,114,1315,-5,23,1,5
CA006166416,101,1315,-5,23,1,5
CA006166416,103,1315,-5,23,1,5
CA006158350,1208,1315,-5,23,12,5
CA006158350,110,1315,-5,23,1,5
CA006148100,1209,1315,-5,23,12,5
CA006148100,1204,1315,-5,23,12,5
SZ000006717,201,1315,-5,23,2,12
CA006106362,1230,1315,-5,23,12,5
CA006110549,125,1315,-5,23,1,5
CA006158350,122,1315,-5,23,1,5
CA006153192,1214,1315,-5,23,12,5
CA006122845,314,1315,-5,23,3,5
CA006122845,114,1315,-5,23,1,5
CA006137735,114,1315,-5,23,1,5
CA006137735,315,1315,-5,23,3,5
GM000004204,121,1315,-5,23,1,9
CA006153192,1219,1315,-5,23,12,5
CA006158350,120,1315,-5,23,1,5
SZ000006717,1201,1315,-5,23,12,12
CA006139520,111,1315,-5,23,1,5
CA006101872,1230,1315,-5,23,12,5
CA006110549,128,1315,-5,23,1,5
CA006150689,1217,1315,-5,23,12,5
CA006106362,1119,1315,-5,23,11,5
CA006137735,102,1315,-5,23,1,5
CA006150689,219,1315,-5,23,2,5
GME00125218,122,1315,-5,23,1,10
GME00125218,121,1315,-5,23,1,10
SZ000006717,228,1315,-5,23,2,12
SZ000006717,304,1315,-5,23,3,12
SZ000006717,1012,1315,-5,23,10,12
GME00125218,106,1315,-5,23,1,10
EZE00100082,121,1315,-5,23,1,8
SZ000006717,1113,1315,-5,24,11,12
EZE00100082,1210,1315,-5,24,12,8
SZ000006717,1013,1315,-4,24,10,12
SZ000006717,1128,1315,-4,24,11,12
SZ000006717,215,1315,-4,24,2,12
CA006166416,220,1315,-4,24,2,5
CA006148100,1218,1315,-4,24,12,5
CA006106362,227,1315,-4,24,2,5
CA006110549,303,1315,-4,24,3,5
CA006148100,1211,1315,-4,24,12,5
CA006166416,1216,1315,-4,24,12,5
CA006150689,1231,1315,-4,24,12,5
CA006148100,1216,1315,-4,24,12,5
CA006158350,116,1315,-4,24,1,5
CA006139520,122,1315,-4,24,1,5
USC00288878,129,1315,-4,24,1,14
CA006110549,107,1315,-4,24,1,5
CA006139520,1214,1315,-4,24,12,5
GM000004204,106,1315,-4,24,1,9
CA006110549,1201,1315,-4,24,12,5
CA006139520,123,1315,-4,24,1,5
CA006158350,1210,1315,-4,24,12,5
CA006166416,221,1315,-4,24,2,5
CA006110549,110,1315,-4,24,1,5
CA006153192,102,1315,-4,24,1,5
CA006101872,315,1315,-4,24,3,5
CA006101872,223,1315,-4,24,2,5
CA006166416,125,1315,-4,24,1,5
CA006148100,315,1315,-4,24,3,5
CA006166416,315,1315,-4,24,3,5
AU000005901,120,1315,-4,24,1,3
BE000006447,120,1315,-4,24,1,4
CA006158350,318,1315,-4,24,3,5
CA006150689,102,1315,-4,24,1,5
CA006166416,124,1315,-4,24,1,5
CA006110549,123,1315,-4,24,1,5
CA006158350,111,1315,-4,24,1,5
SZ000006717,227,1315,-4,24,2,12
SZ000006717,106,1315,-4,24,1,12
SZ000006717,114,1315,-4,24,1,12
SZ000006717,109,1315,-4,24,1,12
SZ000006717,111,1315,-4,25,1,12
SZ000006717,1223,1315,-4,25,12,12
EZE00100082,123,1315,-4,25,1,8
SZ000006717,216,1315,-4,25,2,12
SZ000006717,1105,1315,-4,25,11,12
CA006153192,117,1315,-4,25,1,5
CA006166416,123,1315,-4,25,1,5
CA006150689,1210,1315,-4,25,12,5
CA006122845,117,1315,-4,25,1,5
CA006158350,225,1315,-4,25,2,5
CA006101872,226,1315,-4,25,2,5
CA006166416,1210,1315,-4,25,12,5
CA006101872,1205,1315,-4,25,12,5
CA006158350,1204,1315,-4,25,12,5
CA006153192,122,1315,-4,25,1,5
SZ000006717,1127,1315,-4,25,11,12
CA006106362,315,1315,-4,25,3,5
CA006122845,315,1315,-4,25,3,5
USC00288878,1219,1315,-4,25,12,14
CA006158350,1219,1315,-4,25,12,5
CA006139520,1219,1315,-4,25,12,5
CA006148100,221,1315,-4,25,2,5
CA006137735,111,1315,-4,25,1,5
CA006122845,111,1315,-4,25,1,5
USC00288878,115,1315,-4,25,1,14
CA006101872,1231,1315,-4,25,12,5
CA006139520,110,1315,-4,25,1,5
CA006139520,121,1315,-4,25,1,5
CA006110549,109,1315,-4,25,1,5
CA006166416,1119,1315,-4,25,11,5
CA006137735,116,1315,-4,25,1,5
CA006139520,108,1315,-4,25,1,5
CA006137735,122,1315,-4,25,1,5
CA006166416,107,1315,-4,25,1,5
CA006148100,304,1315,-4,25,3,5
CA006122845,304,1315,-4,25,3,5
BE000006447,1231,1315,-4,25,12,4
CA006137735,121,1315,-4,25,1,5
CA006101872,125,1315,-4,25,1,5
AU000005901,121,1315,-4,25,1,3
BE000006447,1209,1315,-4,25,12,4
SZ000006717,1120,1315,-4,25,11,12
AU000005901,108,1315,-4,25,1,3
GME00125218,313,1315,-4,25,3,10
GM000004204,1209,1315,-4,25,12,9
SZ000006717,1217,1315,-4,25,12,12
SZ000006717,1202,1315,-4,25,12,12
EZE00100082,113,1315,-4,26,1,8
SZ000006717,1226,1315,-4,26,12,12
SZ000006717,1216,1315,-4,26,12,12
GM000004204,122,1315,-4,26,1,9
AU000005901,1209,1315,-4,26,12,3
SZ000006717,330,1315,-4,26,3,12
SZ000006717,331,1315,-4,26,3,12
GME00125218,1210,1315,-4,26,12,10
SZ000006717,131,1315,-4,26,1,12
GME00125218,120,1315,-4,26,1,10
SZ000006717,115,1315,-4,26,1,12
AU000005901,1221,1315,-4,26,12,3
EZE00100082,313,1315,-3,26,3,8
SZ000006717,221,1315,-3,26,2,12
CA006101872,205,1315,-3,26,2,5
CA006139520,116,1315,-3,26,1,5
CA006106362,105,1315,-3,26,1,5
CA006148100,318,1315,-3,26,3,5
CA006137735,1130,1315,-3,26,11,5
CA006110549,1210,1315,-3,26,12,5
CA006166416,215,1315,-3,26,2,5
CA006153192,111,1315,-3,26,1,5
CA006106362,1107,1315,-3,26,11,5
CA006101872,304,1315,-3,26,3,5
CA006106362,107,1315,-3,26,1,5
SZ000006717,122,1315,-3,26,1,12
CA006150689,107,1315,-3,26,1,5
SZ000006717,409,1315,-3,26,4,12
SZ000006717,125,1315,-3,26,1,12
CA006148100,1217,1315,-3,26,12,5
CA006158350,1216,1315,-3,26,12,5
CA006158350,1229,1315,-3,26,12,5
CA006122845,101,1315,-3,26,1,5
CA006166416,222,1315,-3,26,2,5
CA006148100,1231,1315,-3,26,12,5
CA006150689,103,1315,-3,26,1,5
CA006106362,123,1315,-3,26,1,5
GM000004204,113,1315,-3,26,1,9
CA006153192,315,1315,-3,26,3,5
CA006101872,309,1315,-3,26,3,5
CA006153192,128,1315,-3,26,1,5
CA006148100,1205,1315,-3,26,12,5
CA006148100,220,1315,-3,26,2,5
CA006122845,102,1315,-3,26,1,5
GM000004204,1210,1315,-3,26,12,9
CA006106362,103,1315,-3,26,1,5
CA006139520,114,1315,-3,26,1,5
CA006148100,222,1315,-3,26,2,5
CA006150689,1205,1315,-3,26,12,5
CA006106362,221,1315,-3,26,2,5
SZ000006717,1119,1315,-3,26,11,12
SZ000006717,422,1315,-3,26,4,12
BE000006447,104,1315,-3,26,1,4
SZ000006717,1215,1315,-3,26,12,12
EZE00100082,122,1315,-3,26,1,8
AU000005901,122,1315,-3,26,1,3
GME00125218,1206,1315,-3,27,12,10
EZE00100082,1222,1315,-3,27,12,8
EZE00100082,117,1315,-3,27,1,8
EZE00100082,1221,1315,-3,27,12,8
GME00125218,105,1315,-3,27,1,10
BE000006447,1208,1315,-3,27,12,4
SZ000006717,405,1315,-3,27,4,12
EZE00100082,120,1315,-3,27,1,8
SZ000006717,203,1315,-3,27,2,12
CA006101872,131,1315,-3,27,1,5
CA006137735,1209,1315,-3,27,12,5
EZE00100082,1227,1315,-3,27,12,8
CA006137735,1204,1315,-3,27,12,5
CA006139520,124,1315,-3,27,1,5
CA006106362,104,1315,-3,27,1,5
CA006139520,1212,1315,-3,27,12,5
CA006137735,1216,1315,-3,27,12,5
CA006122845,1216,1315,-3,27,12,5
CA006122845,108,1315,-3,27,1,5
CA006122845,103,1315,-3,27,1,5
GM000004204,105,1315,-3,27,1,9
CA006106362,102,1315,-3,27,1,5
CA006150689,128,1315,-3,27,1,5
USC00288878,128,1315,-3,27,1,14
CA006101872,123,1315,-3,27,1,5
CA006158350,101,1315,-3,27,1,5
SZ000006717,502,1315,-3,27,5,12
CA006101872,124,1315,-3,27,1,5
CA006101872,128,1315,-3,27,1,5
UK000047811,102,1315,-3,27,1,13
SZ000006717,1129,1315,-3,27,11,12
EZE00100082,105,1315,-3,27,1,8
CA006158350,103,1315,-3,27,1,5
CA006158350,1118,1315,-3,27,11,5
CA006158350,315,1315,-3,27,3,5
CA006150689,316,1315,-3,27,3,5
CA006166416,219,1315,-3,27,2,5
CA006137735,1218,1315,-3,27,12,5
USC00288878,113,1315,-3,27,1,14
UK000047811,114,1315,-3,27,1,13
CA006150689,307,1315,-3,27,3,5
CA006122845,307,1315,-3,27,3,5
CA006150689,306,1315,-3,27,3,5
CA006122845,305,1315,-3,27,3,5
CA006158350,316,1315,-3,27,3,5
CA006158350,222,1315,-3,27,2,5
CA006137735,1217,1315,-3,27,12,5
CA006166416,304,1315,-3,27,3,5
CA006158350,109,1315,-3,27,1,5
CA006122845,109,1315,-3,27,1,5
CA006150689,1118,1315,-3,27,11,5
CA006158350,304,1315,-3,27,3,5
UK000047811,116,1315,-3,27,1,13
CA006150689,1119,1315,-3,27,11,5
CA006106362,206,1315,-3,27,2,5
CA006153192,116,1315,-3,27,1,5
SZ000006717,1106,1315,-3,27,11,12
SZ000006717,1224,1315,-3,27,12,12
SZ000006717,223,1315,-3,27,2,12
SZ000006717,1118,1315,-3,27,11,12
SZ000006717,412,1315,-3,27,4,12
SZ000006717,1114,1315,-3,27,11,12
SZ000006717,406,1315,-3,27,4,12
GME00125218,117,1315,-3,27,1,10
SZ000006717,319,1315,-3,27,3,12
SZ000006717,220,1315,-3,27,2,12
GME00125218,114,1315,-2,28,1,10
SZ000006717,226,1315,-2,28,2,12
EZE00100082,1209,1315,-2,28,12,8
SZ000006717,1126,1315,-2,28,11,12
SZ000006717,129,1315,-2,28,1,12
BE000006447,1204,1315,-2,28,12,4
SZ000006717,108,1315,-2,28,1,12
GM000004204,120,1315,-2,28,1,9
SZ000006717,402,1315,-2,28,4,12
BE000006447,1227,1315,-2,28,12,4
SZ000006717,1130,1315,-2,28,11,12
GME00125218,119,1315,-2,28,1,10
BE000006447,115,1315,-2,28,1,4
GME00125218,1221,1315,-2,28,12,10
GM000004204,1205,1315,-2,28,12,9
SZ000006717,202,1315,-2,28,2,12
SZ000006717,616,1315,-2,28,6,12
GM000004204,115,1315,-2,28,1,9
BE000006447,1230,1315,-2,28,12,4
SZ000006717,219,1315,-2,28,2,12
SZ000006717,110,1315,-2,28,1,12
GM000004204,119,1315,-2,28,1,9
CA006150689,304,1315,-2,28,3,5
CA006150689,215,1315,-2,28,2,5
CA006148100,211,1315,-2,28,2,5
CA006148100,1119,1315,-2,28,11,5
CA006158350,1217,1315,-2,28,12,5
CA006101872,227,1315,-2,28,2,5
CA006150689,125,1315,-2,28,1,5
CA006110549,1216,1315,-2,28,12,5
CA006122845,128,1315,-2,28,1,5
CA006150689,222,1315,-2,28,2,5
CA006148100,327,1315,-2,28,3,5
CA006110549,202,1315,-2,28,2,5
CA006148100,316,1315,-2,28,3,5
CA006166416,307,1315,-2,28,3,5
CA006148100,202,1315,-2,28,2,5
USC00288878,1220,1315,-2,28,12,14
CA006139520,1211,1315,-2,28,12,5
CA006166416,316,1315,-2,28,3,5
CA006122845,1218,1315,-2,28,12,5
CA006139520,315,1315,-2,28,3,5
ITE00100554,1224,1315,-2,28,12,11
CA006153192,1218,1315,-2,28,12,5
CA006166416,202,1315,-2,28,2,5
CA006158350,219,1315,-2,28,2,5
CA006110549,1204,1315,-2,28,12,5
CA006166416,205,1315,-2,28,2,5
CA006148100,1210,1315,-2,28,12,5
CA006101872,202,1315,-2,28,2,5
USC00288878,1231,1315,-2,28,12,14
CA006110549,124,1315,-2,28,1,5
CA006110549,101,1315,-2,28,1,5
CA006158350,123,1315,-2,28,1,5
USC00288878,117,1315,-2,28,1,14
CA006106362,124,1315,-2,28,1,5
CA006137735,110,1315,-2,28,1,5
CA006139520,1230,1315,-2,28,12,5
EIE00101859,121,1315,-2,28,1,7
GM000004204,117,1315,-2,28,1,9
SZ000006717,1225,1315,-2,28,12,12
AU000005901,313,1315,-2,28,3,3
GME00125218,1227,1315,-2,28,12,10
GME00125218,1205,1315,-2,28,12,10
SZ000006717,324,1315,-2,28,3,12
SZ000006717,320,1315,-2,28,3,12
ITE00100554,1228,1315,-2,28,12,11
SZ000006717,1117,1315,-2,28,11,12
AU000005901,1207,1315,-2,28,12,3
SZ000006717,1008,1315,-2,28,10,12
GM000004204,114,1315,-2,28,1,9
GM000004204,313,1315,-2,28,3,9
SZ000006717,1107,1315,-2,28,11,12
ITE00100554,107,1315,-2,28,1,11
EZE00100082,114,1315,-2,28,1,8
SZ000006717,217,1315,-2,29,2,12
GM000004204,1206,1315,-2,29,12,9
EZE00100082,1206,1315,-2,29,12,8
GME00125218,1207,1315,-2,29,12,10
EZE00100082,1226,1315,-2,29,12,8
EZE00100082,1223,1315,-2,29,12,8
SZ000006717,1010,1315,-2,29,10,12
GM000004204,1221,1315,-2,29,12,9
AU000005901,105,1315,-2,29,1,3
GME00125218,115,1315,-2,29,1,10
SZ000006717,410,1315,-2,29,4,12
AU000005901,1226,1315,-2,29,12,3
AU000005901,1208,1315,-2,29,12,3
GM000004204,1207,1315,-2,29,12,9
CA006110549,221,1315,-2,29,2,5
CA006110549,222,1315,-2,29,2,5
CA006110549,102,1315,-2,29,1,5
CA006158350,124,1315,-2,29,1,5
CA006137735,128,1315,-2,29,1,5
CA006150689,124,1315,-2,29,1,5
CA006122845,327,1315,-2,29,3,5
CA006148100,326,1315,-2,29,3,5
CA006122845,328,1315,-2,29,3,5
CA006150689,327,1315,-2,29,3,5
CA006153192,110,1315,-2,29,1,5
CA006148100,215,1315,-2,29,2,5
CA006122845,123,1315,-2,29,1,5
CA006148100,205,1315,-2,29,2,5
CA006139520,1204,1315,-2,29,12,5
CA006153192,1231,1315,-2,29,12,5
USC00288878,103,1315,-2,29,1,14
CA006166416,105,1315,-2,29,1,5
CA006110549,1231,1315,-2,29,12,5
CA006139520,103,1315,-2,29,1,5
CA006139520,1205,1315,-2,29,12,5
CA006139520,1216,1315,-2,29,12,5
CA006153192,1216,1315,-2,29,12,5
CA006110549,1119,1315,-2,29,11,5
CA006166416,1205,1315,-2,29,12,5
CA006139520,109,1315,-2,29,1,5
CA006153192,109,1315,-2,29,1,5
CA006137735,1211,1315,-2,29,12,5
CA006106362,1116,1315,-2,29,11,5
CA006166416,1115,1315,-2,29,11,5
CA006106362,1115,1315,-2,29,11,5
UK000056225,120,1315,-2,29,1,13
CA006158350,220,1315,-2,29,2,5
CA006139520,1207,1315,-2,29,12,5
CA006150689,202,1315,-2,29,2,5
CA006101872,316,1315,-2,29,3,5
CA006110549,304,1315,-2,29,3,5
CA006122845,116,1315,-2,29,1,5
CA006148100,305,1315,-2,29,3,5
CA006137735,101,1315,-2,29,1,5
CA006110549,315,1315,-2,29,3,5
CA006150689,101,1315,-2,29,1,5
CA006148100,1221,1315,-2,29,12,5
CA006106362,306,1315,-2,29,3,5
CA006158350,1209,1315,-2,29,12,5
CA006148100,306,1315,-2,29,3,5
CA006166416,306,1315,-2,29,3,5
CA006153192,101,1315,-2,29,1,5
CA006101872,318,1315,-2,29,3,5
CA006148100,307,1315,-2,29,3,5
CA006106362,126,1315,-2,29,1,5
CA006150689,227,1315,-2,29,2,5
CA006101872,228,1315,-2,29,2,5
CA006122845,318,1315,-2,29,3,5
SZ000006717,523,1315,-2,29,5,12
GM000004204,1124,1315,-2,29,11,9
UK000056225,112,1315,-2,29,1,13
SZ000006717,121,1315,-2,29,1,12
GME00125218,302,1315,-2,29,3,10
GM000004204,1204,1315,-2,29,12,9
AU000005901,1210,1315,-2,29,12,3
ITE00100554,1229,1315,-2,29,12,11
SZ000006717,327,1315,-2,29,3,12
SZ000006717,1028,1315,-2,29,10,12
BE000006447,114,1315,-2,29,1,4
AU000005901,1225,1315,-2,29,12,3
GM000004204,104,1315,-2,29,1,9
GME00125218,1222,1315,-2,29,12,10
SZ000006717,222,1315,-1,29,2,12
AU000005901,123,1315,-1,29,1,3
SZ000006717,314,1315,-1,29,3,12
EZE00100082,118,1315,-1,29,1,8
GME00125218,1124,1315,-1,29,11,10
GME00125218,1204,1315,-1,29,12,10
GM000004204,302,1315,-1,30,3,9
AU000005901,1206,1315,-1,30,12,3
GM000004204,1227,1315,-1,30,12,9
EZE00100082,1214,1315,-1,30,12,8
SZ000006717,120,1315,-1,30,1,12
SZ000006717,316,1315,-1,30,3,12
AU000005901,1124,1315,-1,30,11,3
SZ000006717,416,1315,-1,30,4,12
BE000006447,112,1315,-1,30,1,4
EZE00100082,104,1315,-1,30,1,8
EZE00100082,302,1315,-1,30,3,8
SZ000006717,1115,1315,-1,30,11,12
ITE00100554,1226,1315,-1,30,12,11
ITE00100554,1230,1315,-1,30,12,11
BE000006447,119,1315,-1,30,1,4
UK000056225,116,1315,-1,30,1,13
UK000056225,114,1315,-1,30,1,13
USC00288878,108,1315,-1,30,1,14
CA006106362,305,1315,-1,30,3,5
USC00288878,104,1315,-1,30,1,14
CA006122845,1211,1315,-1,30,12,5
CA006106362,131,1315,-1,30,1,5
CA006110549,1117,1315,-1,30,11,5
CA006137735,1231,1315,-1,30,12,5
CA006148100,206,1315,-1,30,2,5
CA006101872,1121,1315,-1,30,11,5
CA006148100,313,1315,-1,30,3,5
USC00288878,211,1315,-1,30,2,14
USC00288878,1201,1315,-1,30,12,14
USC00288878,210,1315,-1,30,2,14
CA006153192,1211,1315,-1,30,12,5
USC00288878,131,1315,-1,30,1,14
CA006110549,106,1315,-1,30,1,5
CA006153192,1130,1315,-1,30,11,5
CA006153192,1204,1315,-1,30,12,5
UK000056225,113,1315,-1,30,1,13
USC00288878,1215,1315,-1,30,12,14
CA006148100,1207,1315,-1,30,12,5
EIE00101859,116,1315,-1,30,1,7
CA006137735,1210,1315,-1,30,12,5
CA006148100,328,1315,-1,30,3,5
CA006158350,327,1315,-1,30,3,5
CA006158350,1223,1315,-1,30,12,5
CA006139520,327,1315,-1,30,3,5
GME00125218,301,1315,-1,30,3,10
CA006106362,318,1315,-1,30,3,5
USC00288878,112,1315,-1,30,1,14
CA006139520,326,1315,-1,30,3,5
USC00288878,1209,1315,-1,30,12,14
CA006110549,1229,1315,-1,30,12,5
CA006137735,318,1315,-1,30,3,5
CA006153192,124,1315,-1,30,1,5
CA006137735,117,1315,-1,30,1,5
CA006158350,1207,1315,-1,30,12,5
CA006148100,1220,1315,-1,30,12,5
SZ000006717,1104,1315,-1,30,11,12
CA006148100,1230,1315,-1,30,12,5
CA006166416,327,1315,-1,30,3,5
SZ000006717,403,1315,-1,30,4,12
CA006153192,1217,1315,-1,30,12,5
CA006139520,126,1315,-1,30,1,5
CA006101872,1115,1315,-1,30,11,5
CA006158350,126,1315,-1,30,1,5
CA006137735,123,1315,-1,30,1,5
CA006153192,123,1315,-1,30,1,5
CA006153192,327,1315,-1,30,3,5
CA006153192,316,1315,-1,30,3,5
CA006166416,1230,1315,-1,30,12,5
BE000006447,118,1315,-1,30,1,4
UK000056225,102,1315,-1,30,1,13
GME00125218,1230,1315,-1,30,12,10
SZ000006717,1116,1315,-1,30,11,12
SZ000006717,328,1315,-1,30,3,12
GME00125218,113,1315,-1,30,1,10
EZE00100082,1208,1315,-1,30,12,8
GM000004204,118,1315,-1,30,1,9
BE000006447,113,1315,-1,30,1,4
GME00125218,317,1315,-1,30,3,10
GME00125218,1208,1315,-1,30,12,10
EZE00100082,107,1315,-1,30,1,8
EZE00100082,314,1315,-1,30,3,8
BE000006447,102,1315,-1,30,1,4
AU000005901,1224,1315,-1,30,12,3
SZ000006717,225,1315,-1,30,2,12
GM000004204,1222,1315,-1,30,12,9
EZE00100082,119,1315,-1,30,1,8
SZ000006717,404,1315,-1,30,4,12
GME00125218,315,1315,-1,30,3,10
GME00125218,104,1315,-1,31,1,10
EZE00100082,1124,1315,-1,31,11,8
AU000005901,318,1315,-1,31,3,3
EZE00100082,301,1315,-1,31,3,8
GME00125218,116,1315,-1,31,1,10
GME00125218,118,1315,-1,31,1,10
AU000005901,125,1315,-1,31,1,3
SZ000006717,617,1315,-1,31,6,12
UK000056225,101,1315,-1,31,1,13
UK000056225,117,1315,-1,31,1,13
SZ000006717,107,1315,-1,31,1,12
EZE00100082,1224,1315,-1,31,12,8
CA006110549,219,1315,-1,31,2,5
CA006122845,313,1315,-1,31,3,5
CA006122845,326,1315,-1,31,3,5
CA006139520,316,1315,-1,31,3,5
CA006148100,204,1315,-1,31,2,5
CA006101872,1107,1315,-1,31,11,5
CA006122845,1231,1315,-1,31,12,5
CA006106362,1120,1315,-1,31,11,5
CA006110549,1221,1315,-1,31,12,5
CA006166416,1221,1315,-1,31,12,5
CA006153192,108,1315,-1,31,1,5
CA006166416,223,1315,-1,31,2,5
CA006150689,314,1315,-1,31,3,5
CA006153192,1209,1315,-1,31,12,5
CA006150689,205,1315,-1,31,2,5
UK000047811,1205,1315,-1,31,12,13
CA006139520,222,1315,-1,31,2,5
AU000005901,1230,1315,-1,31,12,3
CA006101872,1116,1315,-1,31,11,5
CA006139520,221,1315,-1,31,2,5
CA006122845,1217,1315,-1,31,12,5
CA006158350,1231,1315,-1,31,12,5
CA006158350,221,1315,-1,31,2,5
CA006139520,306,1315,-1,31,3,5
AU000005901,124,1315,-1,31,1,3
CA006153192,222,1315,-1,31,2,5
CA006106362,316,1315,-1,31,3,5
CA006101872,327,1315,-1,31,3,5
CA006158350,326,1315,-1,31,3,5
CA006153192,326,1315,-1,31,3,5
CA006122845,316,1315,-1,31,3,5
CA006148100,1202,1315,-1,31,12,5
CA006101872,305,1315,-1,31,3,5
CA006122845,222,1315,-1,31,2,5
CA006106362,1202,1315,-1,31,12,5
CA006150689,123,1315,-1,31,1,5
CA006110549,105,1315,-1,31,1,5
CA006122845,205,1315,-1,31,2,5
CA006139520,125,1315,-1,31,1,5
CA006139520,318,1315,-1,31,3,5
CA006150689,318,1315,-1,31,3,5
CA006139520,304,1315,-1,31,3,5
CA006166416,227,1315,-1,31,2,5
CA006106362,301,1315,-1,31,3,5
CA006158350,224,1315,-1,31,2,5
CA006158350,319,1315,-1,31,3,5
CA006139520,1218,1315,-1,31,12,5
CA006158350,1201,1315,-1,31,12,5
CA006110549,126,1315,-1,31,1,5
CA006166416,305,1315,-1,31,3,5
CA006166416,1130,1315,-1,31,11,5
CA006101872,206,1315,-1,31,2,5
ITE00100554,122,1315,-1,31,1,11
GM000004204,301,1315,-1,31,3,9
CA006110549,220,1315,-1,31,2,5
CA006148100,226,1315,-1,31,2,5
CA006137735,1205,1315,-1,31,12,5
CA006110549,1205,1315,-1,31,12,5
UK000056225,1230,1315,-1,31,12,13
CA006106362,1203,1315,-1,31,12,5
CA006106362,307,1315,-1,31,3,5
CA006166416,211,1315,-1,31,2,5
CA006122845,107,1315,-1,31,1,5
CA006139520,220,1315,-1,31,2,5
CA006110549,211,1315,-1,31,2,5
CA006110549,307,1315,-1,31,3,5
CA006153192,220,1315,-1,31,2,5
CA006148100,1203,1315,-1,31,12,5
CA006158350,307,1315,-1,31,3,5
EIE00101859,103,1315,-1,31,1,7
CA006137735,119,1315,-1,31,1,5
CA006122845,221,1315,-1,31,2,5
UK000056225,1231,1315,0,31,12,13
GM000004204,1226,1315,0,31,12,9
ITE00100554,108,1315,0,31,1,11
EZE00100082,304,1315,0,31,3,8
UK000056225,119,1315,0,31,1,13
ITE00100554,1227,1315,0,31,12,11
EZE00100082,228,1315,0,31,2,8
GM000004204,1208,1315,0,31,12,9
AU000005901,1227,1315,0,31,12,3
AU000005901,1205,1315,0,31,12,3
BE000006447,103,1315,0,31,1,4
GME00125218,103,1315,0,31,1,10
SZ000006717,1112,1315,0,31,11,12
GME00125218,1226,1315,0,31,12,10
BE000006447,116,1315,0,31,1,4
SZ000006717,429,1315,0,31,4,12
EZE00100082,108,1315,0,31,1,8
EZE00100082,1118,1315,0,31,11,8
AU000005901,301,1315,0,31,3,3
BE000006447,117,1315,0,31,1,4
SZ000006717,329,1315,0,31,3,12
SZ000006717,1021,1315,0,31,10,12
EI000003969,117,1315,0,31,1,6
SZ000006717,310,1315,0,31,3,12
SZ000006717,224,1315,0,31,2,12
SZ000006717,127,1315,0,31,1,12
GM000004204,116,1315,0,31,1,9
EZE00100082,1125,1315,0,32,11,8
EI000003969,103,1315,0,32,1,6
BE000006447,1205,1315,0,32,12,4
ITE00100550,1230,1315,0,32,12,11
GM000004204,1230,1315,0,32,12,9
AU000005901,1125,1315,0,32,11,3
EZE00100082,1230,1315,0,32,12,8
GME00125218,228,1315,0,32,2,10
GM000004204,303,1315,0,32,3,9
GME00125218,303,1315,0,32,3,10
EI000003969,102,1315,0,32,1,6
SZ000006717,1020,1315,0,32,10,12
UK000056225,111,1315,0,32,1,13
EI000003969,112,1315,0,32,1,6
UK000056225,118,1315,0,32,1,13
ITE00100550,1229,1315,0,32,12,11
CA006101872,1122,1315,0,32,11,5
UK000047811,117,1315,0,32,1,13
EIE00101859,114,1315,0,32,1,7
CA006122845,1205,1315,0,32,12,5
CA006101872,1221,1315,0,32,12,5
CA006110549,1220,1315,0,32,12,5
CA006137735,124,1315,0,32,1,5
CA006150689,223,1315,0,32,2,5
SZ000006717,325,1315,0,32,3,12
CA006137735,103,1315,0,32,1,5
CA006106362,1224,1315,0,32,12,5
CA006110549,225,1315,0,32,2,5
CA006106362,302,1315,0,32,3,5
CA006150689,211,1315,0,32,2,5
USC00288878,318,1315,0,32,3,14
CA006153192,125,1315,0,32,1,5
CA006106362,319,1315,0,32,3,5
CA006106362,228,1315,0,32,2,5
USC00288878,127,1315,0,32,1,14
GM000004204,103,1315,0,32,1,9
CA006158350,317,1315,0,32,3,5
EIE00101859,117,1315,0,32,1,7
CA006106362,226,1315,0,32,2,5
SZ000006717,321,1315,0,32,3,12
CA006153192,103,1315,0,32,1,5
GM000004204,317,1315,0,32,3,9
CA006106362,211,1315,0,32,2,5
AU000005901,302,1315,0,32,3,3
UK000047811,112,1315,0,32,1,13
CA006101872,1220,1315,0,32,12,5
EI000003969,113,1315,0,32,1,6
CA006137735,1119,1315,0,32,11,5
CA006101872,1114,1315,0,32,11,5
USC00288878,1217,1315,0,32,12,14
CA006137735,1230,1315,0,32,12,5
USC00288878,125,1315,0,32,1,14
CA006106362,304,1315,0,32,3,5
ITE00100554,123,1315,0,32,1,11
CA006106362,1114,1315,0,32,11,5
CA006122845,126,1315,0,32,1,5
CA006139520,305,1315,0,32,3,5
EIE00101859,120,1315,0,32,1,7
CA006148100,219,1315,0,32,2,5
EZE00100082,116,1315,0,32,1,8
EIE00101859,113,1315,0,32,1,7
CA006153192,1210,1315,0,32,12,5
CA006158350,305,1315,0,32,3,5
CA006148100,1224,1315,0,32,12,5
USC00288878,109,1315,0,32,1,14
USC00288878,220,1315,0,32,2,14
CA006101872,126,1315,0,32,1,5
CA006158350,1205,1315,0,32,12,5
CA006101872,1207,1315,0,32,12,5
CA006137735,316,1315,0,32,3,5
USC00288878,1216,1315,0,32,12,14
SZ000006717,326,1315,0,32,3,12
CA006148100,1115,1315,0,32,11,5
CA006153192,221,1315,0,32,2,5
EZE00100082,109,1315,0,32,1,8
CA006139520,1217,1315,0,32,12,5
CA006137735,221,1315,0,32,2,5
USC00288878,123,1315,0,32,1,14
CA006122845,1230,1315,0,32,12,5
CA006122845,306,1315,0,32,3,5
CA006158350,306,1315,0,32,3,5
EIE00101859,119,1315,0,32,1,7
CA006153192,215,1315,0,32,2,5
CA006158350,206,1315,0,32,2,5
CA006139520,313,1315,0,32,3,5
CA006139520,204,1315,0,32,2,5
EI000003969,115,1315,0,32,1,6
CA006106362,312,1315,0,32,3,5
CA006158350,106,1315,0,32,1,5
CA006106362,204,1315,0,32,2,5
CA006153192,107,1315,0,32,1,5
CA006150689,309,1315,0,32,3,5
CA006158350,205,1315,0,32,2,5
CA006110549,209,1315,0,32,2,5
USC00288878,114,1315,0,32,1,14
CA006137735,105,1315,0,32,1,5
CA006110549,205,1315,0,32,2,5
CA006106362,313,1315,0,32,3,5
USC00288878,1208,1315,0,32,12,14
CA006106362,1127,1315,0,32,11,5
EIE00101859,115,1315,0,32,1,7
CA006139520,107,1315,0,32,1,5
CA006106362,502,1315,0,32,5,5
CA006122845,308,1315,0,32,3,5
AU000005901,1204,1315,0,32,12,3
CA006122845,125,1315,0,32,1,5
CA006110549,203,1315,0,32,2,5
CA006137735,115,1315,0,32,1,5
EZE00100082,303,1315,0,32,3,8
GME00125218,307,1315,0,32,3,10
EZE00100082,1225,1315,0,32,12,8
SZ000006717,218,1315,0,32,2,12
EZE00100082,317,1315,0,32,3,8
EZE00100082,316,1315,0,33,3,8
AU000005901,303,1315,0,33,3,3
GM000004204,1220,1315,0,33,12,9
EZE00100082,318,1315,0,33,3,8
SZ000006717,318,1315,0,33,3,12
AU000005901,1126,1315,0,33,11,3
GME00125218,318,1315,0,33,3,10
SZ000006717,1024,1315,0,33,10,12
SZ000006717,1023,1315,0,33,10,12
AU000005901,114,1315,0,33,1,3
GME00125218,314,1315,0,33,3,10
EI000003969,116,1315,0,33,1,6
AU000005901,109,1315,0,33,1,3
GM000004204,228,1315,0,33,2,9
SZ000006717,208,1315,0,33,2,12
AU000005901,118,1315,0,33,1,3
SZ000006717,415,1315,0,33,4,12
SZ000006717,428,1315,0,33,4,12
AU000005901,113,1315,0,33,1,3
SZ000006717,1016,1315,0,33,10,12
ITE00100550,1231,1315,0,33,12,11
SZ000006717,206,1315,0,33,2,12
AU000005901,104,1315,0,33,1,3
GME00125218,123,1315,0,33,1,10
UK000056225,1225,1315,0,33,12,13
UK000056225,1227,1315,0,33,12,13
ITE00100550,123,1315,0,33,1,11
AU000005901,119,1315,0,33,1,3
SZ000006717,1029,1315,0,33,10,12
GME00125218,1225,1315,0,33,12,10
UK000056225,115,1315,0,33,1,13
AU000005901,117,1315,0,33,1,3
GME00125218,102,1315,1,33,1,10
EIE00101859,118,1315,1,33,1,7
UK000047811,113,1315,1,33,1,13
CA006139520,1209,1315,1,33,12,5
CA006137735,222,1315,1,33,2,5
CA006166416,1220,1315,1,33,12,5
CA006150689,326,1315,1,33,3,5
EIE00101859,112,1315,1,33,1,7
CA006148100,322,1315,1,33,3,5
CA006101872,1113,1315,1,33,11,5
CA006110549,316,1315,1,33,3,5
BE000006447,1228,1315,1,33,12,4
CA006110549,1202,1315,1,33,12,5
CA006148100,1112,1315,1,33,11,5
CA006166416,1107,1315,1,33,11,5
CA006137735,1221,1315,1,33,12,5
CA006158350,204,1315,1,33,2,5
USC00288878,316,1315,1,33,3,14
CA006101872,1202,1315,1,33,12,5
EIE00101859,1231,1315,1,33,12,7
UK000047811,111,1315,1,33,1,13
CA006122845,104,1315,1,33,1,5
CA006153192,306,1315,1,33,3,5
CA006122845,1210,1315,1,33,12,5
CA006110549,306,1315,1,33,3,5
CA006122845,1209,1315,1,33,12,5
AU000005901,1118,1315,1,33,11,3
CA006110549,131,1315,1,33,1,5
CA006150689,126,1315,1,33,1,5
CA006153192,309,1315,1,33,3,5
CA006166416,126,1315,1,33,1,5
CA006106362,326,1315,1,33,3,5
CA006139520,215,1315,1,33,2,5
CA006110549,328,1315,1,33,3,5
CA006137735,1207,1315,1,33,12,5
CA006150689,1115,1315,1,33,11,5
CA006139520,206,1315,1,33,2,5
EZE00100082,1207,1315,1,33,12,8
CA006150689,308,1315,1,33,3,5
CA006148100,308,1315,1,33,3,5
CA006158350,211,1315,1,33,2,5
USC00288878,315,1315,1,33,3,14
CA006137735,211,1315,1,33,2,5
CA006137735,107,1315,1,33,1,5
EIE00101859,104,1315,1,33,1,7
SZ000006717,315,1315,1,33,3,12
CA006101872,301,1315,1,33,3,5
CA006106362,1106,1315,1,33,11,5
ITE00100554,1231,1315,1,33,12,11
CA006150689,105,1315,1,33,1,5
CA006166416,1106,1315,1,33,11,5
CA006158350,125,1315,1,33,1,5
CA006139520,1231,1315,1,33,12,5
CA006101872,314,1315,1,33,3,5
CA006150689,319,1315,1,33,3,5
CA006148100,319,1315,1,33,3,5
CA006139520,202,1315,1,33,2,5
UK000047811,1130,1315,1,33,11,13
AU000005901,228,1315,1,33,2,3
EIE00101859,318,1315,1,33,3,7
CA006122845,219,1315,1,33,2,5
CA006122845,206,1315,1,33,2,5
CA006153192,202,1315,1,33,2,5
CA006158350,308,1315,1,33,3,5
CA006137735,327,1315,1,33,3,5
CA006122845,312,1315,1,33,3,5
CA006148100,321,1315,1,33,3,5
CA006166416,1121,1315,1,33,11,5
CA006110549,327,1315,1,33,3,5
CA006139520,321,1315,1,33,3,5
CA006166416,131,1315,1,33,1,5
CA006101872,218,1315,1,33,2,5
CA006110549,103,1315,1,33,1,5
SZ000006717,209,1315,1,33,2,12
EI000003969,114,1315,1,33,1,6
EI000003969,1202,1315,1,33,12,6
EZE00100082,1205,1315,1,33,12,8
GME00125218,1214,1315,1,33,12,10
SZ000006717,309,1315,1,33,3,12
UK000056225,1226,1315,1,33,12,13
ITE00100554,106,1315,1,33,1,11
GM000004204,112,1315,1,34,1,9
SZ000006717,503,1315,1,34,5,12
ITE00100554,105,1315,1,34,1,11
EZE00100082,115,1315,1,34,1,8
GM000004204,307,1315,1,34,3,9
SZ000006717,407,1315,1,34,4,12
GME00125218,1224,1315,1,34,12,10
GM000004204,304,1315,1,34,3,9
GME00125218,304,1315,1,34,3,10
EZE00100082,124,1315,1,34,1,8
GME00125218,1220,1315,1,34,12,10
GM000004204,102,1315,1,34,1,9
UK000056225,312,1315,1,34,3,13
SZ000006717,615,1315,1,34,6,12
GM000004204,1225,1315,1,34,12,9
EI000003969,118,1315,1,34,1,6
ITE00100550,1228,1315,1,34,12,11
SZ000006717,519,1315,1,34,5,12
AU000005901,314,1315,1,34,3,3
ITE00100554,124,1315,1,34,1,11
ITE00100554,110,1315,1,34,1,11
SZ000006717,925,1315,1,34,9,12
GM000004204,1203,1315,1,34,12,9
ITE00100554,109,1315,1,34,1,11
GM000004204,315,1315,1,34,3,9
GME00125218,112,1315,1,34,1,10
EZE00100082,1106,1315,1,34,11,8
CA006158350,328,1315,1,34,3,5
CA006150689,1230,1315,1,34,12,5
CA006153192,205,1315,1,34,2,5
CA006139520,219,1315,1,34,2,5
CA006106362,329,1315,1,34,3,5
CA006153192,304,1315,1,34,3,5
CA006139520,105,1315,1,34,1,5
USC00288878,1211,1315,1,34,12,14
CA006150689,305,1315,1,34,3,5
CA006110549,218,1315,1,34,2,5
CA006122845,220,1315,1,34,2,5
CA006158350,309,1315,1,34,3,5
CA006153192,105,1315,1,34,1,5
CA006122845,1130,1315,1,34,11,5
CA006110549,1223,1315,1,34,12,5
USC00288878,111,1315,1,34,1,14
CA006106362,406,1315,1,34,4,5
CA006153192,1230,1315,1,34,12,5
USC00288878,110,1315,1,34,1,14
CA006139520,1210,1315,1,34,12,5
EIE00101859,102,1315,1,34,1,7
CA006139520,1203,1315,1,34,12,5
USC00288878,107,1315,1,34,1,14
CA006150689,131,1315,1,34,1,5
EIE00101859,317,1315,1,34,3,7
CA006122845,1119,1315,1,34,11,5
CA006106362,1130,1315,1,34,11,5
CA006158350,203,1315,1,34,2,5
CA006101872,1120,1315,1,34,11,5
EZE00100082,103,1315,1,34,1,8
UK000056225,317,1315,1,34,3,13
CA006110549,226,1315,1,34,2,5
CA006122845,226,1315,1,34,2,5
CA006150689,104,1315,1,34,1,5
EZE00100082,1121,1315,1,34,11,8
CA006166416,226,1315,1,34,2,5
UK000047811,101,1315,1,34,1,13
CA006166416,319,1315,1,34,3,5
CA006166416,1127,1315,1,34,11,5
CA006166416,1203,1315,1,34,12,5
CA006110549,318,1315,1,34,3,5
EIE00101859,319,1315,1,34,3,7
CA006153192,211,1315,1,34,2,5
CA006158350,320,1315,1,34,3,5
UK000047811,115,1315,1,34,1,13
CA006166416,104,1315,1,34,1,5
CA006110549,317,1315,1,34,3,5
CA006110549,1203,1315,1,34,12,5
CA006122845,122,1315,1,34,1,5
CA006166416,326,1315,1,34,3,5
USC00288878,1205,1315,1,34,12,14
CA006158350,1202,1315,1,34,12,5
CA006101872,313,1315,1,34,3,5
CA006122845,309,1315,1,34,3,5
CA006166416,1202,1315,1,34,12,5
CA006166416,1113,1315,1,34,11,5
CA006106362,309,1315,1,34,3,5
CA006150689,1221,1315,1,34,12,5
CA006153192,1221,1315,1,34,12,5
BE000006447,1220,1315,1,34,12,4
CA006110549,215,1315,1,34,2,5
USC00288878,124,1315,1,34,1,14
CA006158350,227,1315,1,34,2,5
CA006122845,204,1315,1,34,2,5
CA006148100,1118,1315,1,34,11,5
CA006139520,104,1315,1,34,1,5
CA006110549,1115,1315,1,34,11,5
SZ000006717,608,1315,1,34,6,12
SZ000006717,1014,1315,1,34,10,12
USC00288878,314,1315,1,34,3,14
CA006158350,1228,1315,1,34,12,5
SZ000006717,427,1315,1,34,4,12
BE000006447,1206,1315,1,34,12,4
EZE00100082,125,1315,1,34,1,8
SZ000006717,430,1315,1,34,4,12
SZ000006717,420,1315,1,34,4,12
UK000056225,1201,1315,1,34,12,13
EZE00100082,1204,1315,1,34,12,8
GM000004204,318,1315,1,34,3,9
GM000004204,1214,1315,1,34,12,9
GME00125218,1203,1315,1,34,12,10
GM000004204,123,1315,1,34,1,9
GME00125218,1228,1315,1,34,12,10
EZE00100082,322,1315,1,34,3,8
BE000006447,105,1315,1,34,1,4
SZ000006717,211,1315,1,35,2,12
GME00125218,1229,1315,1,35,12,10
GME00125218,1118,1315,1,35,11,10
SZ000006717,130,1315,1,35,1,12
EI000003969,111,1315,1,35,1,6
ITE00100554,125,1315,1,35,1,11
SZ000006717,527,1315,2,35,5,12
EZE00100082,1220,1315,2,35,12,8
SZ000006717,123,1315,2,35,1,12
GME00125218,1125,1315,2,35,11,10
GME00125218,1106,1315,2,35,11,10
AU000005901,1223,1315,2,35,12,3
ITE00100554,121,1315,2,35,1,11
AU000005901,1228,1315,2,35,12,3
SZ000006717,213,1315,2,35,2,12
SZ000006717,1025,1315,2,35,10,12
GME00125218,1121,1315,2,35,11,10
SZ000006717,1108,1315,2,35,11,12
UK000056225,316,1315,2,35,3,13
SZ000006717,1015,1315,2,35,10,12
GME00125218,316,1315,2,35,3,10
GM000004204,227,1315,2,35,2,9
EZE00100082,1123,1315,2,35,11,8
GM000004204,1118,1315,2,35,11,9
ITE00100554,1201,1315,2,35,12,11
CA006110549,313,1315,2,35,3,5
CA006166416,1207,1315,2,35,12,5
CA006101872,312,1315,2,35,3,5
EZE00100082,1203,1315,2,35,12,8
CA006110549,1207,1315,2,35,12,5
CA006158350,104,1315,2,35,1,5
CA006106362,1113,1315,2,35,11,5
CA006122845,211,1315,2,35,2,5
CA006139520,1202,1315,2,35,12,5
CA006153192,126,1315,2,35,1,5
CA006166416,313,1315,2,35,3,5
CA006137735,1202,1315,2,35,12,5
CA006166416,1224,1315,2,35,12,5
CA006153192,318,1315,2,35,3,5
CA006101872,211,1315,2,35,2,5
EIE00101859,320,1315,2,35,3,7
CA006110549,312,1315,2,35,3,5
CA006158350,325,1315,2,35,3,5
CA006110549,1121,1315,2,35,11,5
USC00288878,322,1315,2,35,3,14
CA006150689,312,1315,2,35,3,5
CA006148100,312,1315,2,35,3,5
CA006153192,313,1315,2,35,3,5
CA006137735,1220,1315,2,35,12,5
CA006122845,1224,1315,2,35,12,5
USC00288878,223,1315,2,35,2,14
CA006122845,1220,1315,2,35,12,5
EI000003969,101,1315,2,35,1,6
USC00288878,306,1315,2,35,3,14
CA006158350,214,1315,2,35,2,5
CA006122845,322,1315,2,35,3,5
CA006153192,1119,1315,2,35,11,5
USC00288878,102,1315,2,35,1,14
CA006148100,325,1315,2,35,3,5
CA006166416,312,1315,2,35,3,5
ITE00100550,108,1315,2,35,1,11
USC00288878,101,1315,2,35,1,14
BE000006447,1229,1315,2,35,12,4
CA006122845,502,1315,2,35,5,5
CA006110549,325,1315,2,35,3,5
CA006166416,318,1315,2,35,3,5
CA006150689,320,1315,2,35,3,5
CA006139520,1221,1315,2,35,12,5
UK000047811,110,1315,2,35,1,13
CA006110549,305,1315,2,35,3,5
CA006137735,328,1315,2,35,3,5
CA006122845,1221,1315,2,35,12,5
CA006153192,307,1315,2,35,3,5
ITE00100554,118,1315,2,35,1,11
CA006101872,308,1315,2,35,3,5
CA006166416,309,1315,2,35,3,5
CA006122845,105,1315,2,35,1,5
CA006110549,217,1315,2,35,2,5
CA006166416,206,1315,2,35,2,5
CA006139520,319,1315,2,35,3,5
CA006101872,329,1315,2,35,3,5
CA006122845,319,1315,2,35,3,5
CA006150689,206,1315,2,35,2,5
ITE00100554,1203,1315,2,35,12,11
CA006101872,319,1315,2,35,3,5
CA006158350,105,1315,2,35,1,5
CA006122845,1228,1315,2,35,12,5
CA006153192,219,1315,2,35,2,5
CA006166416,218,1315,2,35,2,5
BE000006447,301,1315,2,35,3,4
CA006158350,1220,1315,2,35,12,5
CA006101872,405,1315,2,35,4,5
CA006122845,1204,1315,2,35,12,5
CA006106362,405,1315,2,35,4,5
CA006139520,307,1315,2,35,3,5
CA006158350,202,1315,2,35,2,5
CA006137735,305,1315,2,35,3,5
UK000047811,118,1315,2,35,1,13
EZE00100082,305,1315,2,35,3,8
GM000004204,314,1315,2,35,3,9
ITE00100554,1202,1315,2,35,12,11
ITE00100554,120,1315,2,35,1,11
GM000004204,312,1315,2,35,3,9
ITE00100554,1223,1315,2,35,12,11
EZE00100082,315,1315,2,35,3,8
EZE00100082,112,1315,2,35,1,8
AU000005901,112,1315,2,35,1,3
BE000006447,1221,1315,2,35,12,4
BE000006447,101,1315,2,35,1,4
UK000056225,110,1315,2,35,1,13
BE000006447,312,1315,2,35,3,4
SZ000006717,323,1315,2,35,3,12
GM000004204,305,1315,2,35,3,9
EZE00100082,306,1315,2,35,3,8
AU000005901,306,1315,2,35,3,3
GM000004204,1121,1315,2,35,11,9
SZ000006717,514,1315,2,35,5,12
EZE00100082,1228,1315,2,35,12,8
AU000005901,304,1315,2,35,3,3
SZ000006717,521,1315,2,36,5,12
ITE00100554,1208,1315,2,36,12,11
ITE00100554,307,1315,2,36,3,11
BE000006447,314,1315,2,36,3,4
GME00125218,227,1315,2,36,2,10
AU000005901,319,1315,2,36,3,3
SZ000006717,1111,1315,2,36,11,12
ITE00100550,118,1315,2,36,1,11
GME00125218,322,1315,2,36,3,10
ITE00100554,1204,1315,2,36,12,11
BE000006447,308,1315,2,36,3,4
BE000006447,1226,1315,2,36,12,4
AU000005901,1220,1315,2,36,12,3
CA006139520,211,1315,2,36,2,5
USC00288878,122,1315,2,36,1,14
CA006137735,321,1315,2,36,3,5
CA006166416,308,1315,2,36,3,5
SZ000006717,426,1315,2,36,4,12
CA006158350,209,1315,2,36,2,5
CA006137735,108,1315,2,36,1,5
CA006150689,226,1315,2,36,2,5
USC00288878,1118,1315,2,36,11,14
CA006158350,321,1315,2,36,3,5
CA006137735,322,1315,2,36,3,5
ITE00100554,306,1315,2,36,3,11
CA006137735,307,1315,2,36,3,5
CA006158350,322,1315,2,36,3,5
USC00288878,1119,1315,2,36,11,14
CA006110549,427,1315,2,36,4,5
CA006122845,1203,1315,2,36,12,5
CA006148100,320,1315,2,36,3,5
CA006153192,1205,1315,2,36,12,5
CA006137735,1203,1315,2,36,12,5
USC00288878,1230,1315,2,36,12,14
CA006139520,322,1315,2,36,3,5
USC00288878,319,1315,2,36,3,14
EIE00101859,321,1315,2,36,3,7
UK000047811,119,1315,2,36,1,13
CA006153192,312,1315,2,36,3,5
CA006150689,204,1315,2,36,2,5
CA006122845,1207,1315,2,36,12,5
CA006158350,215,1315,2,36,2,5
UK000047811,120,1315,2,36,1,13
CA006106362,411,1315,2,36,4,5
CA006166416,204,1315,2,36,2,5
CA006158350,1113,1315,2,36,11,5
SZ000006717,828,1315,2,36,8,12
UK000056225,1229,1315,2,36,12,13
CA006150689,1220,1315,2,36,12,5
CA006110549,1113,1315,2,36,11,5
CA006153192,1202,1315,2,36,12,5
CA006150689,1202,1315,2,36,12,5
CA006106362,216,1315,2,36,2,5
CA006166416,1112,1315,2,36,11,5
CA006110549,104,1315,2,36,1,5
CA006110549,1112,1315,2,36,11,5
USC00288878,303,1315,2,36,3,14
CA006139520,205,1315,2,36,2,5
USC00288878,1218,1315,2,36,12,14
BE000006447,1225,1315,2,36,12,4
CA006137735,220,1315,2,36,2,5
CA006158350,218,1315,2,36,2,5
USC00288878,121,1315,2,36,1,14
CA006150689,1107,1315,2,36,11,5
CA006153192,206,1315,2,36,2,5
CA006150689,1106,1315,2,36,11,5
CA006122845,215,1315,2,36,2,5
CA006148100,502,1315,2,36,5,5
CA006166416,207,1315,2,36,2,5
CA006166416,1116,1315,2,36,11,5
CA006139520,1220,1315,2,36,12,5
CA006158350,312,1315,2,36,3,5
CA006110549,1116,1315,2,36,11,5
CA006110549,502,1315,2,36,5,5
USC00288878,1202,1315,2,36,12,14
CA006148100,207,1315,2,36,2,5
CA006110549,223,1315,2,36,2,5
CA006137735,109,1315,2,36,1,5
CA006137735,1224,1315,2,36,12,5
CA006158350,313,1315,2,36,3,5
GME00125218,312,1315,2,36,3,10
BE000006447,313,1315,2,36,3,4
GME00125218,306,1315,2,36,3,10
AU000005901,316,1315,2,36,3,3
EI000003969,104,1315,2,36,1,6
BE000006447,1202,1315,2,36,12,4
BE000006447,1207,1315,2,36,12,4
EI000003969,314,1315,2,36,3,6
UK000056225,1207,1315,2,36,12,13
EZE00100082,1229,1315,2,36,12,8
GME00125218,1223,1315,2,36,12,10
ITE00100550,121,1315,2,36,1,11
UK000056225,318,1315,2,36,3,13
GM000004204,306,1315,2,36,3,9
ITE00100554,114,1315,2,36,1,11
AU000005901,1229,1315,2,36,12,3
UK000056225,1202,1315,2,36,12,13
EZE00100082,1122,1315,2,36,11,8
AU000005901,1127,1315,2,36,11,3
GME00125218,101,1315,2,36,1,10
BE000006447,307,1315,2,36,3,4
EZE00100082,1127,1315,2,36,11,8
EZE00100082,1216,1315,2,36,12,8
GM000004204,1125,1315,2,36,11,9
GM000004204,1228,1315,2,36,12,9
ITE00100550,107,1315,2,36,1,11
EI000003969,119,1315,2,36,1,6
GM000004204,316,1315,2,36,3,9
ITE00100554,1211,1315,2,36,12,11
AU000005901,1106,1315,2,36,11,3
ITE00100554,113,1315,2,36,1,11
GM000004204,1106,1315,2,36,11,9
AU000005901,1121,1315,2,36,11,3
ITE00100550,106,1315,2,36,1,11
ITE00100554,111,1315,2,36,1,11
EI000003969,313,1315,2,36,3,6
ITE00100554,1210,1315,2,36,12,11
UK000056225,313,1315,3,37,3,13
GME00125218,305,1315,3,37,3,10
GM000004204,1229,1315,3,37,12,9
BE000006447,302,1315,3,37,3,4
UK000056225,1206,1315,3,37,12,13
UK000056225,311,1315,3,37,3,13
ITE00100550,1226,1315,3,37,12,11
CA006137735,125,1315,3,37,1,5
UK000047811,1231,1315,3,37,12,13
USC00288878,307,1315,3,37,3,14
BE000006447,306,1315,3,37,3,4
CA006150689,313,1315,3,37,3,5
CA006106362,1223,1315,3,37,12,5
GME00125218,309,1315,3,37,3,10
CA006148100,309,1315,3,37,3,5
UK000047811,312,1315,3,37,3,13
CA006153192,308,1315,3,37,3,5
CA006139520,312,1315,3,37,3,5
UK000047811,317,1315,3,37,3,13
CA006137735,304,1315,3,37,3,5
CA006139520,308,1315,3,37,3,5
CA006158350,311,1315,3,37,3,5
CA006158350,228,1315,3,37,2,5
CA006153192,1207,1315,3,37,12,5
CA006166416,201,1315,3,37,2,5
AU000005901,322,1315,3,37,3,3
CA006150689,225,1315,3,37,2,5
SZ000006717,417,1315,3,37,4,12
CA006158350,1119,1315,3,37,11,5
CA006110549,1224,1315,3,37,12,5
CA006150689,207,1315,3,37,2,5
CA006148100,1121,1315,3,37,11,5
CA006106362,1129,1315,3,37,11,5
CA006158350,323,1315,3,37,3,5
EZE00100082,102,1315,3,37,1,8
CA006148100,402,1315,3,37,4,5
CA006122845,402,1315,3,37,4,5
CA006110549,206,1315,3,37,2,5
CA006150689,1121,1315,3,37,11,5
CA006122845,325,1315,3,37,3,5
CA006101872,1127,1315,3,37,11,5
CA006153192,410,1315,3,37,4,5
CA006148100,212,1315,3,37,2,5
CA006101872,212,1315,3,37,2,5
CA006137735,326,1315,3,37,3,5
CA006106362,427,1315,3,37,4,5
UK000047811,1206,1315,3,37,12,13
ITE00100550,1227,1315,3,37,12,11
UK000047811,1230,1315,3,37,12,13
CA006139520,1228,1315,3,37,12,5
AU000005901,102,1315,3,37,1,3
CA006110549,1106,1315,3,37,11,5
CA006101872,1106,1315,3,37,11,5
CA006106362,402,1315,3,37,4,5
CA006139520,405,1315,3,37,4,5
USC00288878,105,1315,3,37,1,14
CA006153192,320,1315,3,37,3,5
UK000047811,104,1315,3,37,1,13
EIE00101859,1207,1315,3,37,12,7
CA006150689,1112,1315,3,37,11,5
ITE00100554,104,1315,3,37,1,11
EZE00100082,319,1315,3,37,3,8
EZE00100082,214,1315,3,37,2,8
BE000006447,1203,1315,3,37,12,4
CA006137735,1118,1315,3,37,11,5
CA006101872,204,1315,3,37,2,5
CA006110549,204,1315,3,37,2,5
CA006106362,215,1315,3,37,2,5
ITE00100550,120,1315,3,37,1,11
CA006122845,1202,1315,3,37,12,5
CA006150689,1113,1315,3,37,11,5
USC00288878,202,1315,3,37,2,14
CA006137735,215,1315,3,37,2,5
CA006158350,226,1315,3,37,2,5
AU000005901,205,1315,3,37,2,3
CA006158350,1203,1315,3,37,12,5
AU000005901,1201,1315,3,37,12,3
CA006166416,320,1315,3,37,3,5
EZE00100082,227,1315,3,37,2,8
EI000003969,120,1315,3,37,1,6
GME00125218,319,1315,3,37,3,10
AU000005901,1219,1315,3,37,12,3
GM000004204,1224,1315,3,37,12,9
SZ000006717,1022,1315,3,37,10,12
ITE00100554,112,1315,3,37,1,11
GME00125218,321,1315,3,37,3,10
BE000006447,1223,1315,3,37,12,4
ITE00100550,110,1315,3,37,1,11
EZE00100082,101,1315,3,37,1,8
ITE00100554,1126,1315,3,37,11,11
GME00125218,1126,1315,3,37,11,10
GM000004204,101,1315,3,37,1,9
AU000005901,317,1315,3,37,3,3
AU000005901,1107,1315,3,37,11,3
SZ000006717,311,1315,3,37,3,12
GME00125218,1213,1315,3,37,12,10
GME00125218,1122,1315,3,38,11,10
AU000005901,1123,1315,3,38,11,3
EI000003969,318,1315,3,38,3,6
SZ000006717,317,1315,3,38,3,12
GM000004204,309,1315,3,38,3,9
AU000005901,305,1315,3,38,3,3
AU000005901,1129,1315,3,38,11,3
SZ000006717,517,1315,3,38,5,12
EI000003969,1206,1315,3,38,12,6
ITE00100554,206,1315,3,38,2,11
SZ000006717,1018,1315,3,38,10,12
SZ000006717,128,1315,3,38,1,12
GME00125218,1123,1315,3,38,11,10
BE000006447,315,1315,3,38,3,4
UK000056225,307,1315,3,38,3,13
ITE00100550,1223,1315,3,38,12,11
EZE00100082,310,1315,3,38,3,8
EZE00100082,1126,1315,3,38,11,8
UK000056225,1208,1315,3,38,12,13
CA006158350,502,1315,3,38,5,5
CA006139520,1119,1315,3,38,11,5
UK000047811,121,1315,3,38,1,13
CA006110549,1228,1315,3,38,12,5
CA006153192,204,1315,3,38,2,5
AU000005901,1203,1315,3,38,12,3
AU000005901,103,1315,3,38,1,3
CA006150689,1203,1315,3,38,12,5
CA006106362,1121,1315,3,38,11,5
UK000056225,314,1315,3,38,3,13
USC00288878,1210,1315,3,38,12,14
CA006166416,1114,1315,3,38,11,5
CA006153192,1203,1315,3,38,12,5
CA006106362,1227,1315,3,38,12,5
USC00288878,1221,1315,3,38,12,14
CA006101872,1203,1315,3,38,12,5
CA006158350,207,1315,3,38,2,5
CA006106362,1128,1315,3,38,11,5
CA006106362,1226,1315,3,38,12,5
USC00288878,1204,1315,3,38,12,14
GME00125218,107,1315,3,38,1,10
CA006166416,1228,1315,3,38,12,5
CA006153192,209,1315,3,38,2,5
CA006148100,209,1315,3,38,2,5
CA006166416,1122,1315,3,38,11,5
CA006110549,422,1315,3,38,4,5
CA006106362,1122,1315,3,38,11,5
UK000047811,313,1315,3,38,3,13
CA006158350,1221,1315,3,38,12,5
GM000004204,1126,1315,3,38,11,9
CA006106362,308,1315,3,38,3,5
CA006110549,308,1315,3,38,3,5
CA006110549,1127,1315,3,38,11,5
CA006150689,212,1315,3,38,2,5
CA006148100,1127,1315,3,38,11,5
ITE00100554,1127,1315,3,38,11,11
CA006101872,1128,1315,3,38,11,5
ITE00100554,1225,1315,3,38,12,11
CA006137735,308,1315,3,38,3,5
EIE00101859,1206,1315,3,38,12,7
CA006148100,410,1315,3,38,4,5
CA006137735,219,1315,3,38,2,5
CA006166416,329,1315,3,38,3,5
CA006148100,329,1315,3,38,3,5
CA006122845,329,1315,3,38,3,5
CA006153192,104,1315,3,38,1,5
CA006106362,327,1315,3,38,3,5
CA006106362,1207,1315,3,38,12,5
CA006110549,326,1315,3,38,3,5
CA006158350,1224,1315,3,38,12,5
CA006150689,1224,1315,3,38,12,5
CA006153192,325,1315,3,38,3,5
CA006139520,325,1315,3,38,3,5
ITE00100550,111,1315,3,38,1,11
EIE00101859,316,1315,3,38,3,7
CA006110549,224,1315,3,38,2,5
CA006106362,1228,1315,3,38,12,5
CA006150689,323,1315,3,38,3,5
CA006150689,302,1315,3,38,3,5
CA006153192,1220,1315,3,38,12,5
CA006166416,225,1315,3,38,2,5
USC00288878,321,1315,3,38,3,14
USC00288878,225,1315,3,38,2,14
CA006122845,227,1315,3,38,2,5
BE000006447,228,1315,3,38,2,4
CA006110549,319,1315,3,38,3,5
CA006150689,228,1315,3,38,2,5
CA006158350,324,1315,3,38,3,5
USC00288878,1224,1315,3,38,12,14
CA006158350,223,1315,3,38,2,5
CA006150689,405,1315,3,38,4,5
CA006110549,402,1315,3,38,4,5
CA006158350,217,1315,3,38,2,5
CA006137735,1112,1315,3,38,11,5
EI000003969,1231,1315,3,38,12,6
GME00125218,1211,1315,3,38,12,10
EZE00100082,1128,1315,3,38,11,8
EI000003969,315,1315,3,38,3,6
GME00125218,1129,1315,3,38,11,10
ITE00100554,117,1315,3,38,1,11
SZ000006717,312,1315,3,38,3,12
SZ000006717,423,1315,3,38,4,12
ITE00100554,102,1315,3,38,1,11
EI000003969,1207,1315,3,38,12,6
SZ000006717,515,1315,4,38,5,12
SZ000006717,1026,1315,4,38,10,12
GME00125218,320,1315,4,38,3,10
GM000004204,1123,1315,4,38,11,9
GM000004204,1223,1315,4,38,12,9
SZ000006717,525,1315,4,38,5,12
BE000006447,1124,1315,4,38,11,4
SZ000006717,1102,1315,4,38,11,12
ITE00100550,1210,1315,4,38,12,11
BE000006447,1117,1315,4,38,11,4
BE000006447,317,1315,4,38,3,4
EI000003969,311,1315,4,38,3,6
BE000006447,122,1315,4,39,1,4
EZE00100082,320,1315,4,39,3,8
SZ000006717,1019,1315,4,39,10,12
EI000003969,312,1315,4,39,3,6
SZ000006717,1003,1315,4,39,10,12
EI000003969,308,1315,4,39,3,6
SZ000006717,708,1315,4,39,7,12
BE000006447,1129,1315,4,39,11,4
BE000006447,1219,1315,4,39,12,4
ITE00100550,125,1315,4,39,1,11
AU000005901,1130,1315,4,39,11,3
EZE00100082,1213,1315,4,39,12,8
BE000006447,1224,1315,4,39,12,4
UK000056225,301,1315,4,39,3,13
EZE00100082,1120,1315,4,39,11,8
GM000004204,321,1315,4,39,3,9
UK000056225,320,1315,4,39,3,13
ITE00100554,1209,1315,4,39,12,11
GM000004204,1122,1315,4,39,11,9
UK000056225,315,1315,4,39,3,13
UK000056225,319,1315,4,39,3,13
SZ000006717,728,1315,4,39,7,12
ITE00100550,104,1315,4,39,1,11
ITE00100550,122,1315,4,39,1,11
ITE00100550,103,1315,4,39,1,11
EZE00100082,1119,1315,4,39,11,8
UK000056225,1205,1315,4,39,12,13
BE000006447,1210,1315,4,39,12,4
AU000005901,1214,1315,4,39,12,3
GM000004204,1127,1315,4,39,11,9
GME00125218,308,1315,4,39,3,10
CA006110549,329,1315,4,39,3,5
CA006101872,423,1315,4,39,4,5
CA006158350,1106,1315,4,39,11,5
CA006150689,1116,1315,4,39,11,5
UK000047811,1202,1315,4,39,12,13
CA006106362,1206,1315,4,39,12,5
SZ000006717,516,1315,4,39,5,12
UK000047811,314,1315,4,39,3,13
UK000056225,1218,1315,4,39,12,13
CA006139520,320,1315,4,39,3,5
CA006106362,328,1315,4,39,3,5
USC00288878,320,1315,4,39,3,14
SZ000006717,1109,1315,4,39,11,12
CA006110549,401,1315,4,39,4,5
CA006158350,410,1315,4,39,4,5
CA006110549,1107,1315,4,39,11,5
CA006150689,325,1315,4,39,3,5
UK000056225,1203,1315,4,39,12,13
CA006166416,325,1315,4,39,3,5
UK000047811,318,1315,4,39,3,13
CA006158350,1112,1315,4,39,11,5
SZ000006717,1027,1315,4,39,10,12
CA006137735,312,1315,4,39,3,5
CA006106362,423,1315,4,39,4,5
CA006122845,423,1315,4,39,4,5
CA006122845,321,1315,4,39,3,5
CA006122845,501,1315,4,39,5,5
SZ000006717,1110,1315,4,39,11,12
CA006148100,1129,1315,4,39,11,5
EZE00100082,1129,1315,4,39,11,8
EZE00100082,1115,1315,4,39,11,8
CA006148100,323,1315,4,39,3,5
CA006101872,502,1315,4,39,5,5
CA006153192,424,1315,4,39,4,5
CA006166416,502,1315,4,39,5,5
CA006101872,404,1315,4,39,4,5
CA006148100,424,1315,4,39,4,5
CA006106362,1112,1315,4,39,11,5
CA006148100,1128,1315,4,39,11,5
CA006106362,503,1315,4,39,5,5
CA006137735,424,1315,4,39,4,5
CA006158350,405,1315,4,39,4,5
CA006166416,1120,1315,4,39,11,5
CA006101872,1123,1315,4,39,11,5
CA006139520,1112,1315,4,39,11,5
EIE00101859,101,1315,4,39,1,7
CA006166416,405,1315,4,39,4,5
CA006110549,324,1315,4,39,3,5
CA006139520,328,1315,4,39,3,5
CA006153192,328,1315,4,39,3,5
CA006110549,1114,1315,4,39,11,5
CA006153192,323,1315,4,39,3,5
CA006139520,209,1315,4,39,2,5
CA006106362,218,1315,4,39,2,5
EI000003969,121,1315,4,39,1,6
CA006166416,301,1315,4,39,3,5
CA006137735,306,1315,4,39,3,5
CA006166416,212,1315,4,39,2,5
CA006158350,302,1315,4,39,3,5
CA006148100,225,1315,4,39,2,5
CA006137735,206,1315,4,39,2,5
CA006106362,311,1315,4,39,3,5
CA006148100,223,1315,4,39,2,5
EZE00100082,307,1315,4,39,3,8
CA006137735,205,1315,4,39,2,5
CA006137735,204,1315,4,39,2,5
USC00288878,304,1315,4,39,3,14
CA006153192,305,1315,4,39,3,5
UK000047811,310,1315,4,39,3,13
CA006110549,227,1315,4,39,2,5
CA006137735,202,1315,4,39,2,5
CA006101872,311,1315,4,39,3,5
CA006148100,227,1315,4,39,2,5
USC00288878,126,1315,4,39,1,14
BE000006447,318,1315,4,39,3,4
EI000003969,1203,1315,4,39,12,6
ITE00100554,1206,1315,4,39,12,11
ITE00100554,126,1315,4,39,1,11
SZ000006717,1007,1315,4,39,10,12
ITE00100550,1220,1315,4,39,12,11
SZ000006717,210,1315,4,39,2,12
AU000005901,101,1315,4,39,1,3
EZE00100082,1211,1315,4,39,12,8
EI000003969,1218,1315,4,39,12,6
EI000003969,1219,1315,4,39,12,6
GME00125218,1127,1315,4,39,11,10
EI000003969,317,1315,4,39,3,6
ITE00100554,119,1315,4,39,1,11
ITE00100554,1125,1315,4,39,11,11
GM000004204,1213,1315,4,39,12,9
SZ000006717,1001,1315,4,40,10,12
ITE00100550,1209,1315,4,40,12,11
SZ000006717,921,1315,4,40,9,12
EZE00100082,1113,1315,4,40,11,8
ITE00100550,109,1315,4,40,1,11
GM000004204,1128,1315,4,40,11,9
GME00125218,1128,1315,4,40,11,10
EZE00100082,126,1315,4,40,1,8
GME00125218,1120,1315,4,40,11,10
UK000056225,1228,1315,4,40,12,13
BE000006447,1128,1315,4,40,11,4
UK000056225,306,1315,4,40,3,13
BE000006447,1222,1315,4,40,12,4
GME00125218,401,1315,4,40,4,10
ITE00100554,1207,1315,4,40,12,11
EZE00100082,1212,1315,4,40,12,8
SZ000006717,411,1315,4,40,4,12
UK000056225,310,1315,4,40,3,13
ITE00100550,124,1315,4,40,1,11
CA006122845,323,1315,4,40,3,5
CA006122845,1118,1315,4,40,11,5
CA006148100,1116,1315,4,40,11,5
CA006158350,208,1315,4,40,2,5
CA006122845,507,1315,4,40,5,5
UK000047811,315,1315,4,40,3,13
CA006153192,1115,1315,4,40,11,5
UK000047811,319,1315,4,40,3,13
SZ000006717,413,1315,4,40,4,12
CA006137735,1115,1315,4,40,11,5
CA006166416,328,1315,4,40,3,5
UK000056225,109,1315,4,40,1,13
CA006148100,1114,1315,4,40,11,5
EIE00101859,122,1315,4,40,1,7
CA006150689,214,1315,4,40,2,5
CA006153192,1118,1315,4,40,11,5
CA006106362,207,1315,4,40,2,5
CA006158350,503,1315,4,40,5,5
CA006158350,424,1315,4,40,4,5
CA006148100,228,1315,4,40,2,5
CA006122845,320,1315,4,40,3,5
CA006148100,208,1315,4,40,2,5
USC00288878,106,1315,4,40,1,14
CA006148100,423,1315,4,40,4,5
CA006158350,1127,1315,4,40,11,5
UK000047811,320,1315,4,40,3,13
CA006110549,321,1315,4,40,3,5
AU000005901,1128,1315,4,40,11,3
CA006153192,226,1315,4,40,2,5
CA006153192,321,1315,4,40,3,5
CA006166416,321,1315,4,40,3,5
EZE00100082,321,1315,4,40,3,8
CA006158350,428,1315,4,40,4,5
CA006106362,212,1315,4,40,2,5
CA006137735,319,1315,4,40,3,5
CA006153192,212,1315,4,40,2,5
USC00288878,317,1315,4,40,3,14
CA006158350,212,1315,4,40,2,5
USC00288878,208,1315,4,40,2,14
CA006101872,322,1315,4,40,3,5
CA006101872,207,1315,4,40,2,5
CA006153192,322,1315,4,40,3,5
CA006166416,209,1315,4,40,2,5
CA006166416,322,1315,4,40,3,5
CA006122845,225,1315,4,40,2,5
EIE00101859,105,1315,4,40,1,7
CA006110549,212,1315,4,40,2,5
UK000056225,104,1315,4,40,1,13
SZ000006717,919,1315,4,40,9,12
CA006148100,216,1315,4,40,2,5
GM000004204,308,1315,4,40,3,9
SZ000006717,313,1315,4,40,3,12
ITE00100554,1205,1315,4,40,12,11
EIE00101859,313,1315,4,40,3,7
UK000047811,308,1315,4,40,3,13
EI000003969,110,1315,4,40,1,6
EIE00101859,123,1315,4,40,1,7
CA006166416,411,1315,4,40,4,5
GM000004204,1211,1315,4,40,12,9
CA006137735,313,1315,4,40,3,5
CA006110549,309,1315,4,40,3,5
CA006101872,1225,1315,4,40,12,5
CA006148100,1228,1315,4,40,12,5
UK000047811,1218,1315,4,40,12,13
USC00288878,221,1315,4,40,2,14
USC00288878,310,1315,4,40,3,14
CA006148100,1106,1315,4,40,11,5
CA006150689,329,1315,4,40,3,5
CA006101872,1228,1315,4,40,12,5
CA006101872,326,1315,4,40,3,5
UK000047811,307,1315,4,40,3,13
CA006101872,1206,1315,4,40,12,5
CA006137735,325,1315,4,40,3,5
UK000047811,1217,1315,4,40,12,13
CA006137735,410,1315,4,40,4,5
CA006148100,1113,1315,4,40,11,5
USC00288878,324,1315,4,40,3,14
CA006150689,201,1315,4,40,2,5
ITE00100554,103,1315,4,40,1,11
ITE00100550,105,1315,4,40,1,11
AU000005901,213,1315,4,40,2,3
GME00125218,310,1315,4,40,3,10
AU000005901,323,1315,4,40,3,3
EZE00100082,216,1315,4,40,2,8
AU000005901,1120,1315,4,40,11,3
GME00125218,311,1315,4,40,3,10
GM000004204,1120,1315,4,40,11,9
ITE00100554,116,1315,4,40,1,11
BE000006447,1125,1315,4,40,11,4
UK000056225,1110,1315,4,40,11,13
ITE00100554,1128,1315,5,40,11,11
UK000056225,1120,1315,5,40,11,13
ITE00100554,308,1315,5,40,3,11
ITE00100550,1225,1315,5,40,12,11
EZE00100082,1110,1315,5,40,11,8
SZ000006717,707,1315,5,40,7,12
ITE00100554,1129,1315,5,40,11,11
EZE00100082,312,1315,5,40,3,8
EI000003969,1205,1315,5,40,12,6
UK000056225,305,1315,5,40,3,13
BE000006447,111,1315,5,40,1,4
BE000006447,316,1315,5,40,3,4
ITE00100550,1126,1315,5,40,11,11
EI000003969,227,1315,5,40,2,6
EI000003969,316,1315,5,40,3,6
EZE00100082,1130,1315,5,40,11,8
SZ000006717,922,1315,5,40,9,12
BE000006447,1218,1315,5,40,12,4
ITE00100554,1130,1315,5,40,11,11
UK000056225,308,1315,5,40,3,13
GM000004204,1129,1315,5,41,11,9
AU000005901,110,1315,5,41,1,3
ITE00100550,1222,1315,5,41,12,11
UK000056225,1219,1315,5,41,12,13
SZ000006717,424,1315,5,41,4,12
BE000006447,303,1315,5,41,3,4
ITE00100554,205,1315,5,41,2,11
SZ000006717,929,1315,5,41,9,12
ITE00100554,101,1315,5,41,1,11
SZ000006717,618,1315,5,41,6,12
GME00125218,1012,1315,5,41,10,10
ITE00100550,1207,1315,5,41,12,11
ITE00100554,127,1315,5,41,1,11
SZ000006717,730,1315,5,41,7,12
SZ000006717,604,1315,5,41,6,12
SZ000006717,522,1315,5,41,5,12
BE000006447,311,1315,5,41,3,4
EI000003969,319,1315,5,41,3,6
GME00125218,515,1315,5,41,5,10
UK000056225,309,1315,5,41,3,13
EZE00100082,220,1315,5,41,2,8
EZE00100082,201,1315,5,41,2,8
EZE00100082,215,1315,5,41,2,8
CA006158350,401,1315,5,41,4,5
CA006122845,214,1315,5,41,2,5
UK000047811,109,1315,5,41,1,13
CA006106362,320,1315,5,41,3,5
CA006139520,323,1315,5,41,3,5
CA006101872,411,1315,5,41,4,5
CA006153192,1112,1315,5,41,11,5
CA006150689,1225,1315,5,41,12,5
EZE00100082,212,1315,5,41,2,8
CA006110549,408,1315,5,41,4,5
CA006150689,209,1315,5,41,2,5
CA006166416,406,1315,5,41,4,5
CA006122845,1115,1315,5,41,11,5
CA006122845,411,1315,5,41,4,5
CA006148100,411,1315,5,41,4,5
EZE00100082,1219,1315,5,41,12,8
CA006139520,410,1315,5,41,4,5
CA006106362,418,1315,5,41,4,5
CA006101872,406,1315,5,41,4,5
EZE00100082,401,1315,5,41,4,8
BE000006447,227,1315,5,41,2,4
CA006166416,402,1315,5,41,4,5
BE000006447,226,1315,5,41,2,4
CA006139520,1224,1315,5,41,12,5
CA006122845,405,1315,5,41,4,5
CA006158350,422,1315,5,41,4,5
CA006158350,402,1315,5,41,4,5
AU000005901,1115,1315,5,41,11,3
CA006110549,322,1315,5,41,3,5
CA006110549,423,1315,5,41,4,5
CA006148100,218,1315,5,41,2,5
CA006150689,218,1315,5,41,2,5
CA006122845,212,1315,5,41,2,5
CA006150689,216,1315,5,41,2,5
CA006150689,423,1315,5,41,4,5
CA006158350,413,1315,5,41,4,5
CA006166416,1225,1315,5,41,12,5
CA006106362,1123,1315,5,41,11,5
CA006110549,411,1315,5,41,4,5
CA006122845,218,1315,5,41,2,5
CA006110549,311,1315,5,41,3,5
CA006166416,1129,1315,5,41,11,5
CA006122845,124,1315,5,41,1,5
ITE00100550,205,1315,5,41,2,11
CA006137735,309,1315,5,41,3,5
CA006148100,1206,1315,5,41,12,5
CA006150689,1127,1315,5,41,11,5
SZ000006717,918,1315,5,41,9,12
CA006150689,301,1315,5,41,3,5
GME00125218,201,1315,5,41,2,10
SZ000006717,927,1315,5,41,9,12
CA006148100,1223,1315,5,41,12,5
UK000047811,311,1315,5,41,3,13
CA006150689,1207,1315,5,41,12,5
CA006110549,1206,1315,5,41,12,5
CA006166416,311,1315,5,41,3,5
CA006101872,1129,1315,5,41,11,5
CA006150689,208,1315,5,41,2,5
CA006106362,209,1315,5,41,2,5
CA006101872,1130,1315,5,41,11,5
CA006110549,1126,1315,5,41,11,5
CA006153192,319,1315,5,41,3,5
CA006110549,1129,1315,5,41,11,5
CA006122845,1127,1315,5,41,11,5
CA006158350,427,1315,5,41,4,5
CA006137735,209,1315,5,41,2,5
ITE00100550,113,1315,5,41,1,11
CA006110549,301,1315,5,41,3,5
CA006166416,208,1315,5,41,2,5
UK000047811,316,1315,5,41,3,13
GME00125218,1212,1315,5,41,12,10
CA006122845,523,1315,5,41,5,5
UK000056225,1127,1315,5,41,11,13
EZE00100082,1116,1315,5,41,11,8
EI000003969,320,1315,5,41,3,6
SZ000006717,322,1315,5,41,3,12
GM000004204,322,1315,5,41,3,9
EZE00100082,111,1315,5,41,1,8
EZE00100082,1103,1315,5,41,11,8
AU000005901,307,1315,5,41,3,3
ITE00100550,119,1315,5,41,1,11
SZ000006717,408,1315,5,41,4,12
SZ000006717,928,1315,5,41,9,12
UK000056225,228,1315,5,41,2,13
ITE00100550,1211,1315,5,41,12,11
ITE00100554,1220,1315,5,41,12,11
BE000006447,304,1315,5,41,3,4
EI000003969,309,1315,5,42,3,6
GM000004204,1212,1315,5,42,12,9
EZE00100082,218,1315,5,42,2,8
GM000004204,107,1315,5,42,1,9
AU000005901,1213,1315,5,42,12,3
GME00125218,1215,1315,5,42,12,10
UK000056225,226,1315,5,42,2,13
UK000056225,1116,1315,5,42,11,13
EZE00100082,110,1315,5,42,1,8
EZE00100082,205,1315,5,42,2,8
SZ000006717,702,1315,5,42,7,12
GME00125218,212,1315,5,42,2,10
GME00125218,1219,1315,5,42,12,10
GME00125218,1117,1315,5,42,11,10
SZ000006717,805,1315,5,42,8,12
GM000004204,1130,1315,5,42,11,9
SZ000006717,926,1315,5,42,9,12
UK000056225,1129,1315,5,42,11,13
AU000005901,126,1315,5,42,1,3
UK000056225,1217,1315,5,42,12,13
EI000003969,310,1315,5,42,3,6
GME00125218,1110,1315,5,42,11,10
SZ000006717,419,1315,5,42,4,12
GME00125218,1107,1315,5,42,11,10
AU000005901,227,1315,5,42,2,3
ITE00100550,112,1315,6,42,1,11
EZE00100082,1105,1315,6,42,11,8
SZ000006717,1031,1315,6,42,10,12
BE000006447,321,1315,6,42,3,4
ITE00100550,102,1315,6,42,1,11
GME00125218,111,1315,6,42,1,10
EZE00100082,309,1315,6,42,3,8
GME00125218,524,1315,6,42,5,10
SZ000006717,620,1315,6,42,6,12
ITE00100550,117,1315,6,42,1,11
EZE00100082,217,1315,6,42,2,8
GM000004204,1012,1315,6,42,10,9
AU000005901,1218,1315,6,42,12,3
EZE00100082,1215,1315,6,42,12,8
UK000056225,1128,1315,6,42,11,13
GM000004204,1219,1315,6,42,12,9
GME00125218,124,1315,6,42,1,10
SZ000006717,609,1315,6,42,6,12
AU000005901,216,1315,6,42,2,3
GM000004204,515,1315,6,42,5,9
GM000004204,401,1315,6,42,4,9
USC00288878,1113,1315,6,42,11,14
USC00288878,305,1315,6,42,3,14
UK000047811,129,1315,6,42,1,13
UK000047811,1203,1315,6,42,12,13
CA006122845,202,1315,6,42,2,5
GM000004204,1107,1315,6,42,11,9
CA006110549,404,1315,6,42,4,5
USC00288878,1203,1315,6,42,12,14
CA006106362,1105,1315,6,42,11,5
CA006153192,1206,1315,6,42,12,5
CA006106362,1104,1315,6,42,11,5
CA006148100,406,1315,6,42,4,5
UK000056225,1204,1315,6,42,12,13
CA006122845,223,1315,6,42,2,5
UK000047811,1204,1315,6,42,12,13
CA006122845,515,1315,6,42,5,5
CA006110549,201,1315,6,42,2,5
EI000003969,307,1315,6,42,3,6
CA006106362,201,1315,6,42,2,5
CA006148100,201,1315,6,42,2,5
SZ000006717,1002,1315,6,42,10,12
USC00288878,309,1315,6,42,3,14
CA006106362,325,1315,6,42,3,5
CA006166416,216,1315,6,42,2,5
USC00288878,308,1315,6,42,3,14
CA006153192,1224,1315,6,42,12,5
USC00288878,222,1315,6,42,2,14
CA006158350,201,1315,6,42,2,5
CA006150689,406,1315,6,42,4,5
CA006139520,309,1315,6,42,3,5
CA006101872,216,1315,6,42,2,5
ITE00100550,1125,1315,6,42,11,11
USC00288878,1229,1315,6,42,12,14
CA006101872,215,1315,6,42,2,5
USC00288878,328,1315,6,42,3,14
CA006166416,1128,1315,6,42,11,5
CA006158350,1128,1315,6,42,11,5
CA006150689,1128,1315,6,42,11,5
CA006139520,1128,1315,6,42,11,5
CA006137735,1128,1315,6,42,11,5
CA006137735,226,1315,6,42,2,5
CA006139520,226,1315,6,42,2,5
CA006110549,1128,1315,6,42,11,5
CA006137735,1228,1315,6,42,12,5
UK000047811,1127,1315,6,42,11,13
CA006137735,1121,1315,6,42,11,5
USC00288878,1225,1315,6,42,12,14
CA006106362,208,1315,6,42,2,5
GME00125218,1105,1315,6,42,11,10
CA006139520,423,1315,6,42,4,5
UK000047811,226,1315,6,42,2,13
CA006158350,423,1315,6,42,4,5
CA006166416,423,1315,6,42,4,5
CA006166416,228,1315,6,42,2,5
CA006137735,1127,1315,6,42,11,5
CA006110549,320,1315,6,42,3,5
UK000047811,1126,1315,6,42,11,13
GM000004204,1215,1315,6,42,12,9
CA006101872,209,1315,6,42,2,5
CA006101872,208,1315,6,42,2,5
USC00288878,327,1315,6,42,3,14
USC00288878,207,1315,6,42,2,14
CA006150689,1129,1315,6,42,11,5
CA006150689,1114,1315,6,42,11,5
SZ000006717,804,1315,6,42,8,12
CA006106362,401,1315,6,42,4,5
CA006148100,507,1315,6,42,5,5
USC00288878,1207,1315,6,42,12,14
EIE00101859,1202,1315,6,42,12,7
CA006158350,1115,1315,6,42,11,5
CA006166416,323,1315,6,42,3,5
SZ000006717,803,1315,6,42,8,12
SZ000006717,504,1315,6,42,5,12
CA006139520,1129,1315,6,42,11,5
CA006148100,1105,1315,6,42,11,5
CA006166416,1206,1315,6,42,12,5
CA006158350,1116,1315,6,42,11,5
CA006150689,1130,1315,6,42,11,5
CA006150689,502,1315,6,42,5,5
CA006150689,1120,1315,6,42,11,5
CA006110549,1120,1315,6,42,11,5
CA006148100,311,1315,6,42,3,5
CA006150689,322,1315,6,42,3,5
CA006106362,504,1315,6,42,5,5
UK000047811,309,1315,6,42,3,13
USC00288878,212,1315,6,42,2,14
CA006150689,503,1315,6,42,5,5
CA006153192,503,1315,6,42,5,5
CA006158350,329,1315,6,42,3,5
ITE00100550,1204,1315,6,42,12,11
BE000006447,319,1315,6,42,3,4
EI000003969,228,1315,6,42,2,6
ITE00100550,302,1315,6,42,3,11
SZ000006717,513,1315,6,42,5,12
GM000004204,1105,1315,6,42,11,9
GM000004204,319,1315,6,42,3,9
SZ000006717,629,1315,6,42,6,12
AU000005901,1202,1315,6,42,12,3
ITE00100554,302,1315,6,42,3,11
UK000056225,225,1315,6,42,2,13
EZE00100082,1114,1315,6,42,11,8
ITE00100554,303,1315,6,42,3,11
EZE00100082,202,1315,6,42,2,8
GME00125218,1130,1315,6,42,11,10
GME00125218,215,1315,6,42,2,10
ITE00100550,115,1315,6,42,1,11
EZE00100082,226,1315,6,42,2,8
EZE00100082,1104,1315,6,42,11,8
EI000003969,1127,1315,6,42,11,6
SZ000006717,512,1315,6,42,5,12
UK000056225,1121,1315,6,42,11,13
SZ000006717,421,1315,6,43,4,12
EI000003969,1128,1315,6,43,11,6
BE000006447,1121,1315,6,43,11,4
BE000006447,1120,1315,6,43,11,4
UK000056225,302,1315,6,43,3,13
AU000005901,1119,1315,6,43,11,3
AU000005901,217,1315,6,43,2,3
GME00125218,504,1315,6,43,5,10
GME00125218,204,1315,6,43,2,10
GME00125218,412,1315,6,43,4,10
GME00125218,1113,1315,6,43,11,10
BE000006447,110,1315,6,43,1,4
SZ000006717,1017,1315,6,43,10,12
ITE00100554,213,1315,6,43,2,11
SZ000006717,706,1315,6,43,7,12
GM000004204,111,1315,6,43,1,9
BE000006447,1213,1315,6,43,12,4
GME00125218,203,1315,6,43,2,10
ITE00100550,1208,1315,6,43,12,11
ITE00100550,101,1315,6,43,1,11
AU000005901,1114,1315,6,43,11,3
ITE00100550,1205,1315,6,43,12,11
UK000056225,1124,1315,6,43,11,13
EZE00100082,203,1315,6,43,2,8
ITE00100550,1221,1315,6,43,12,11
ITE00100550,114,1315,6,43,1,11
AU000005901,312,1315,6,43,3,3
BE000006447,320,1315,6,43,3,4
EI000003969,226,1315,6,43,2,6
EZE00100082,308,1315,6,43,3,8
UK000056225,303,1315,6,43,3,13
SZ000006717,920,1315,6,43,9,12
SZ000006717,720,1315,6,43,7,12
GME00125218,226,1315,6,43,2,10
GM000004204,226,1315,6,43,2,9
CA006166416,1123,1315,6,43,11,5
CA006158350,1129,1315,6,43,11,5
CA006101872,302,1315,6,43,3,5
CA006166416,1223,1315,6,43,12,5
CA006122845,1129,1315,6,43,11,5
USC00288878,1223,1315,6,43,12,14
GM000004204,126,1315,6,43,1,9
USC00288878,323,1315,6,43,3,14
CA006150689,1206,1315,6,43,12,5
CA006106362,413,1315,6,43,4,5
CA006139520,1115,1315,6,43,11,5
UK000047811,330,1315,6,43,3,13
CA006137735,126,1315,6,43,1,5
EIE00101859,314,1315,6,43,3,7
UK000047811,306,1315,6,43,3,13
CA006150689,1122,1315,6,43,11,5
CA006150689,321,1315,6,43,3,5
CA006137735,207,1315,6,43,2,5
CA006148100,523,1315,6,43,5,5
CA006153192,131,1315,6,43,1,5
CA006166416,424,1315,6,43,4,5
CA006110549,405,1315,6,43,4,5
CA006122845,228,1315,6,43,2,5
CA006153192,405,1315,6,43,4,5
EIE00101859,106,1315,6,43,1,7
EIE00101859,1110,1315,6,43,11,7
CA006158350,403,1315,6,43,4,5
CA006158350,310,1315,6,43,3,5
CA006158350,406,1315,6,43,4,5
UK000056225,227,1315,6,43,2,13
CA006122845,508,1315,6,43,5,5
CA006139520,1226,1315,6,43,12,5
CA006153192,227,1315,6,43,2,5
CA006110549,1222,1315,6,43,12,5
EZE00100082,1107,1315,6,43,11,8
CA006158350,408,1315,6,43,4,5
ITE00100554,1124,1315,6,43,11,11
CA006110549,515,1315,6,43,5,5
CA006137735,104,1315,6,43,1,5
EZE00100082,204,1315,6,43,2,8
CA006122845,1113,1315,6,43,11,5
CA006150689,330,1315,6,43,3,5
CA006153192,1113,1315,6,43,11,5
CA006158350,1107,1315,6,43,11,5
CA006106362,404,1315,6,43,4,5
EI000003969,206,1315,6,43,2,6
CA006148100,213,1315,6,43,2,5
USC00288878,1130,1315,6,43,11,14
CA006166416,503,1315,6,43,5,5
CA006122845,131,1315,6,43,1,5
EZE00100082,1117,1315,6,43,11,8
EI000003969,109,1315,6,43,1,6
CA006101872,328,1315,6,43,3,5
CA006139520,212,1315,6,43,2,5
CA006139520,1118,1315,6,43,11,5
CA006150689,213,1315,6,43,2,5
CA006148100,1120,1315,6,43,11,5
CA006150689,1223,1315,6,43,12,5
CA006110549,503,1315,6,43,5,5
CA006101872,330,1315,6,43,3,5
CA006153192,329,1315,6,43,3,5
UK000047811,1229,1315,6,43,12,13
CA006106362,330,1315,6,43,3,5
CA006148100,214,1315,6,43,2,5
UK000047811,1224,1315,6,43,12,13
CA006110549,213,1315,6,43,2,5
CA006158350,1117,1315,6,43,11,5
ITE00100550,1206,1315,6,43,12,11
ITE00100554,204,1315,6,43,2,11
UK000056225,1125,1315,6,43,11,13
ITE00100550,306,1315,6,43,3,11
GME00125218,1103,1315,6,43,11,10
GM000004204,1103,1315,6,43,11,9
ITE00100550,1127,1315,6,43,11,11
GME00125218,108,1315,6,43,1,10
SZ000006717,625,1315,6,43,6,12
GME00125218,127,1315,6,43,1,10
GM000004204,201,1315,6,43,2,9
UK000056225,1111,1315,6,43,11,13
EZE00100082,524,1315,6,43,5,8
ITE00100550,304,1315,6,43,3,11
SZ000006717,824,1315,6,43,8,12
EZE00100082,1218,1315,6,43,12,8
AU000005901,204,1315,6,43,2,3
SZ000006717,124,1315,6,43,1,12
EI000003969,1204,1315,6,44,12,6
GM000004204,212,1315,6,44,2,9
ITE00100554,301,1315,6,44,3,11
GME00125218,125,1315,6,44,1,10
GME00125218,523,1315,6,44,5,10
AU000005901,111,1315,6,44,1,3
GME00125218,1104,1315,6,44,11,10
SZ000006717,729,1315,6,44,7,12
GM000004204,1117,1315,6,44,11,9
GME00125218,126,1315,6,44,1,10
EI000003969,1122,1315,6,44,11,6
UK000056225,1117,1315,6,44,11,13
GME00125218,1216,1315,6,44,12,10
ITE00100550,303,1315,6,44,3,11
GM000004204,1110,1315,6,44,11,9
BE000006447,203,1315,6,44,2,4
SZ000006717,705,1315,6,44,7,12
EZE00100082,127,1315,6,44,1,8
SZ000006717,520,1315,6,44,5,12
EI000003969,1121,1315,6,44,11,6
SZ000006717,917,1315,6,44,9,12
EZE00100082,412,1315,6,44,4,8
AU000005901,1103,1315,6,44,11,3
BE000006447,1211,1315,6,44,12,4
AU000005901,201,1315,6,44,2,3
EI000003969,1230,1315,6,44,12,6
EZE00100082,323,1315,7,44,3,8
EZE00100082,1012,1315,7,44,10,8
GME00125218,225,1315,7,44,2,10
UK000056225,121,1315,7,44,1,13
GM000004204,524,1315,7,44,5,9
AU000005901,214,1315,7,44,2,3
ITE00100554,228,1315,7,44,2,11
UK000056225,1122,1315,7,44,11,13
EZE00100082,219,1315,7,44,2,8
CA006110549,214,1315,7,44,2,5
EIE00101859,322,1315,7,44,3,7
CA006166416,214,1315,7,44,2,5
EIE00101859,1122,1315,7,44,11,7
CA006137735,212,1315,7,44,2,5
CA006122845,406,1315,7,44,4,5
CA006122845,1206,1315,7,44,12,5
CA006101872,321,1315,7,44,3,5
USC00288878,227,1315,7,44,2,14
CA006139520,131,1315,7,44,1,5
CA006110549,323,1315,7,44,3,5
USC00288878,216,1315,7,44,2,14
CA006166416,1031,1315,7,44,10,5
UK000047811,108,1315,7,44,1,13
CA006139520,1127,1315,7,44,11,5
CA006110549,1225,1315,7,44,12,5
CA006137735,131,1315,7,44,1,5
CA006122845,422,1315,7,44,4,5
ITE00100554,115,1315,7,44,1,11
CA006158350,131,1315,7,44,1,5
CA006153192,208,1315,7,44,2,5
CA006110549,228,1315,7,44,2,5
USC00288878,313,1315,7,44,3,14
USC00288878,215,1315,7,44,2,14
CA006106362,214,1315,7,44,2,5
CA006148100,1225,1315,7,44,12,5
CA006101872,1224,1315,7,44,12,5
CA006137735,320,1315,7,44,3,5
CA006150689,424,1315,7,44,4,5
EI000003969,1228,1315,7,44,12,6
CA006122845,1226,1315,7,44,12,5
UK000047811,1120,1315,7,44,11,13
CA006150689,1228,1315,7,44,12,5
CA006158350,1222,1315,7,44,12,5
USC00288878,1206,1315,7,44,12,14
CA006110549,1227,1315,7,44,12,5
CA006122845,509,1315,7,44,5,5
CA006158350,1111,1315,7,44,11,5
CA006150689,1123,1315,7,44,11,5
CA006158350,1114,1315,7,44,11,5
CA006166416,213,1315,7,44,2,5
CA006158350,213,1315,7,44,2,5
CA006101872,408,1315,7,44,4,5
CA006122845,209,1315,7,44,2,5
CA006158350,216,1315,7,44,2,5
EIE00101859,107,1315,7,44,1,7
CA006153192,1228,1315,7,44,12,5
EIE00101859,124,1315,7,44,1,7
CA006150689,410,1315,7,44,4,5
USC00288878,1222,1315,7,44,12,14
ITE00100554,129,1315,7,44,1,11
UK000047811,1108,1315,7,44,11,13
BE000006447,1126,1315,7,44,11,4
CA006122845,1112,1315,7,44,11,5
CA006150689,1226,1315,7,44,12,5
SZ000006717,709,1315,7,44,7,12
CA006148100,403,1315,7,44,4,5
CA006122845,1106,1315,7,44,11,5
CA006153192,1128,1315,7,44,11,5
CA006137735,329,1315,7,44,3,5
EIE00101859,1208,1315,7,44,12,7
USC00288878,329,1315,7,44,3,14
CA006110549,302,1315,7,44,3,5
EZE00100082,207,1315,7,44,2,8
USC00288878,228,1315,7,44,2,14
CA006158350,301,1315,7,44,3,5
CA006148100,301,1315,7,44,3,5
UK000047811,206,1315,7,44,2,13
CA006137735,1129,1315,7,44,11,5
USC00288878,206,1315,7,44,2,14
EIE00101859,111,1315,7,44,1,7
CA006150689,311,1315,7,44,3,5
CA006166416,302,1315,7,44,3,5
CA006150689,328,1315,7,44,3,5
CA006101872,1223,1315,7,44,12,5
UK000047811,1228,1315,7,44,12,13
CA006158350,1226,1315,7,44,12,5
USC00288878,326,1315,7,44,3,14
CA006150689,403,1315,7,44,4,5
ITE00100550,1218,1315,7,44,12,11
SZ000006717,425,1315,7,44,4,12
AU000005901,1110,1315,7,44,11,3
GM000004204,311,1315,7,44,3,9
BE000006447,1212,1315,7,44,12,4
GM000004204,1119,1315,7,44,11,9
GME00125218,202,1315,7,44,2,10
GME00125218,1119,1315,7,44,11,10
AU000005901,202,1315,7,44,2,3
GM000004204,412,1315,7,44,4,9
BE000006447,211,1315,7,44,2,4
GME00125218,525,1315,7,44,5,10
AU000005901,207,1315,7,44,2,3
BE000006447,109,1315,7,44,1,4
AU000005901,320,1315,7,44,3,3
GME00125218,1111,1315,7,44,11,10
SZ000006717,526,1315,7,44,5,12
SZ000006717,816,1315,7,44,8,12
GM000004204,125,1315,7,45,1,9
GM000004204,523,1315,7,45,5,9
GME00125218,207,1315,7,45,2,10
ITE00100554,130,1315,7,45,1,11
AU000005901,1212,1315,7,45,12,3
GME00125218,1112,1315,7,45,11,10
GME00125218,408,1315,7,45,4,10
ITE00100554,214,1315,7,45,2,11
ITE00100550,1130,1315,7,45,11,11
GM000004204,207,1315,7,45,2,9
BE000006447,131,1315,7,45,1,4
AU000005901,405,1315,7,45,4,3
GME00125218,405,1315,7,45,4,10
ITE00100550,1129,1315,7,45,11,11
EZE00100082,1112,1315,7,45,11,8
GM000004204,124,1315,7,45,1,9
UK000056225,304,1315,7,45,3,13
GM000004204,203,1315,7,45,2,9
AU000005901,1116,1315,7,45,11,3
EZE00100082,224,1315,7,45,2,8
SZ000006717,1030,1315,7,45,10,12
AU000005901,1005,1315,7,45,10,3
GME00125218,407,1315,7,45,4,10
UK000056225,321,1315,7,45,3,13
EZE00100082,213,1315,7,45,2,8
BE000006447,1107,1315,7,45,11,4
EI000003969,1120,1315,7,45,11,6
CA006137735,223,1315,7,45,2,5
UK000047811,1123,1315,7,45,11,13
UK000056225,1123,1315,7,45,11,13
CA006137735,423,1315,7,45,4,5
CA006148100,503,1315,7,45,5,5
UK000047811,1116,1315,7,45,11,13
CA006153192,413,1315,7,45,4,5
CA006101872,201,1315,7,45,2,5
CA006101872,1227,1315,7,45,12,5
CA006158350,1122,1315,7,45,11,5
CA006122845,302,1315,7,45,3,5
CA006122845,409,1315,7,45,4,5
CA006139520,207,1315,7,45,2,5
CA006101872,323,1315,7,45,3,5
EIE00101859,312,1315,7,45,3,7
CA006150689,402,1315,7,45,4,5
UK000047811,1219,1315,7,45,12,13
CA006137735,1116,1315,7,45,11,5
CA006122845,503,1315,7,45,5,5
UK000047811,105,1315,7,45,1,13
EIE00101859,1121,1315,7,45,11,7
CA006110549,216,1315,7,45,2,5
CA006106362,424,1315,7,45,4,5
CA006139520,214,1315,7,45,2,5
CA006166416,410,1315,7,45,4,5
CA006137735,323,1315,7,45,3,5
CA006148100,1107,1315,7,45,11,5
CA006150689,411,1315,7,45,4,5
CA006110549,501,1315,7,45,5,5
CA006106362,412,1315,7,45,4,5
CA006153192,1107,1315,7,45,11,5
CA006122845,410,1315,7,45,4,5
CA006110549,410,1315,7,45,4,5
CA006158350,411,1315,7,45,4,5
BE000006447,1122,1315,7,45,11,4
CA006110549,1122,1315,7,45,11,5
CA006106362,422,1315,7,45,4,5
CA006153192,218,1315,7,45,2,5
CA006122845,424,1315,7,45,4,5
CA006139520,223,1315,7,45,2,5
CA006137735,1114,1315,7,45,11,5
CA006122845,201,1315,7,45,2,5
CA006137735,1113,1315,7,45,11,5
CA006110549,208,1315,7,45,2,5
CA006148100,302,1315,7,45,3,5
EZE00100082,1201,1315,7,45,12,8
CA006122845,517,1315,7,45,5,5
CA006110549,428,1315,7,45,4,5
UK000047811,216,1315,7,45,2,13
USC00288878,1120,1315,7,45,11,14
ITE00100554,304,1315,7,45,3,11
CA006166416,403,1315,7,45,4,5
CA006122845,1120,1315,7,45,11,5
CA006110549,406,1315,7,45,4,5
CA006137735,406,1315,7,45,4,5
CA006110549,407,1315,7,45,4,5
UK000047811,227,1315,7,45,2,13
CA006150689,1227,1315,7,45,12,5
CA006122845,427,1315,7,45,4,5
EIE00101859,315,1315,7,45,3,7
CA006122845,417,1315,7,45,4,5
CA006139520,1126,1315,7,45,11,5
CA006158350,1126,1315,7,45,11,5
CA006110549,403,1315,7,45,4,5
UK000047811,1227,1315,7,45,12,13
CA006148100,405,1315,7,45,4,5
CA006106362,1108,1315,7,45,11,5
CA006122845,1121,1315,7,45,11,5
EIE00101859,1117,1315,7,45,11,7
CA006110549,429,1315,7,45,4,5
CA006166416,1227,1315,7,45,12,5
CA006122845,408,1315,7,45,4,5
CA006122845,311,1315,7,45,3,5
CA006139520,225,1315,7,45,2,5
UK000047811,305,1315,7,45,3,13
CA006110549,310,1315,7,45,3,5
CA006137735,225,1315,7,45,2,5
EIE00101859,1201,1315,7,45,12,7
CA006110549,1105,1315,7,45,11,5
AU000005901,212,1315,7,45,2,3
GM000004204,205,1315,7,45,2,9
BE000006447,1127,1315,7,45,11,4
BE000006447,1123,1315,7,45,11,4
EI000003969,305,1315,7,45,3,6
AU000005901,219,1315,7,45,2,3
GM000004204,1218,1315,7,45,12,9
ITE00100554,1122,1315,7,45,11,11
EI000003969,1208,1315,7,45,12,6
SZ000006717,518,1315,7,45,5,12
GME00125218,1011,1315,7,45,10,10
BE000006447,305,1315,7,45,3,4
BE000006447,204,1315,7,45,2,4
AU000005901,1104,1315,7,45,11,3
EI000003969,1227,1315,7,45,12,6
AU000005901,1113,1315,7,45,11,3
GME00125218,219,1315,7,45,2,10
ITE00100550,308,1315,7,45,3,11
BE000006447,1118,1315,7,45,11,4
EI000003969,1124,1315,7,45,11,6
ITE00100550,1201,1315,7,45,12,11
BE000006447,106,1315,7,45,1,4
GM000004204,1112,1315,7,45,11,9
GM000004204,225,1315,7,45,2,9
GM000004204,504,1315,7,45,5,9
GME00125218,1218,1315,7,45,12,10
ITE00100550,1128,1315,8,46,11,11
AU000005901,401,1315,8,46,4,3
EZE00100082,1007,1315,8,46,10,8
GME00125218,1201,1315,8,46,12,10
AU000005901,1105,1315,8,46,11,3
EZE00100082,1109,1315,8,46,11,8
BE000006447,331,1315,8,46,3,4
GME00125218,220,1315,8,46,2,10
AU000005901,1215,1315,8,46,12,3
GME00125218,205,1315,8,46,2,10
GM000004204,1104,1315,8,46,11,9
ITE00100550,204,1315,8,46,2,11
GM000004204,1011,1315,8,46,10,9
GM000004204,204,1315,8,46,2,9
AU000005901,127,1315,8,46,1,3
EI000003969,1217,1315,8,46,12,6
GM000004204,320,1315,8,46,3,9
SZ000006717,802,1315,8,46,8,12
GME00125218,110,1315,8,46,1,10
BE000006447,1130,1315,8,46,11,4
GME00125218,1109,1315,8,46,11,10
EI000003969,1110,1315,8,46,11,6
GM000004204,405,1315,8,46,4,9
EZE00100082,208,1315,8,46,2,8
EZE00100082,128,1315,8,46,1,8
EI000003969,303,1315,8,46,3,6
EZE00100082,221,1315,8,46,2,8
ITE00100554,215,1315,8,46,2,11
EZE00100082,1108,1315,8,46,11,8
EZE00100082,410,1315,8,46,4,8
SZ000006717,603,1315,8,46,6,12
EZE00100082,504,1315,8,46,5,8
USC00288878,1117,1315,8,46,11,14
EIE00101859,1205,1315,8,46,12,7
EIE00101859,1228,1315,8,46,12,7
BE000006447,1106,1315,8,46,11,4
CA006166416,422,1315,8,46,4,5
CA006150689,413,1315,8,46,4,5
EIE00101859,125,1315,8,46,1,7
CA006122845,1223,1315,8,46,12,5
CA006106362,321,1315,8,46,3,5
CA006122845,330,1315,8,46,3,5
EIE00101859,1120,1315,8,46,11,7
CA006106362,213,1315,8,46,2,5
CA006110549,421,1315,8,46,4,5
USC00288878,1115,1315,8,46,11,14
UK000056225,1115,1315,8,46,11,13
CA006158350,330,1315,8,46,3,5
EIE00101859,109,1315,8,46,1,7
EIE00101859,108,1315,8,46,1,7
CA006106362,322,1315,8,46,3,5
BE000006447,1119,1315,8,46,11,4
CA006110549,504,1315,8,46,5,5
CA006101872,422,1315,8,46,4,5
USC00288878,205,1315,8,46,2,14
CA006139520,329,1315,8,46,3,5
CA006166416,1226,1315,8,46,12,5
UK000047811,321,1315,8,46,3,13
CA006148100,330,1315,8,46,3,5
CA006101872,1012,1315,8,46,10,5
CA006139520,1116,1315,8,46,11,5
GM000004204,108,1315,8,46,1,9
CA006153192,1116,1315,8,46,11,5
USC00288878,312,1315,8,46,3,14
CA006122845,1116,1315,8,46,11,5
EIE00101859,1203,1315,8,46,12,7
CA006101872,1112,1315,8,46,11,5
UK000056225,1221,1315,8,46,12,13
EIE00101859,1128,1315,8,46,11,7
CA006122845,1105,1315,8,46,11,5
CA006166416,408,1315,8,46,4,5
CA006101872,424,1315,8,46,4,5
CA006150689,1105,1315,8,46,11,5
CA006153192,1129,1315,8,46,11,5
UK000047811,1128,1315,8,46,11,13
CA006158350,1104,1315,8,46,11,5
CA006106362,509,1315,8,46,5,5
CA006137735,402,1315,8,46,4,5
GM000004204,215,1315,8,46,2,9
CA006158350,409,1315,8,46,4,5
USC00288878,1112,1315,8,46,11,14
GME00125218,409,1315,8,46,4,10
CA006110549,1226,1315,8,46,12,5
CA006101872,320,1315,8,46,3,5
CA006153192,223,1315,8,46,2,5
CA006106362,409,1315,8,46,4,5
CA006122845,1126,1315,8,46,11,5
SZ000006717,823,1315,8,46,8,12
EIE00101859,1230,1315,8,46,12,7
CA006153192,228,1315,8,46,2,5
UK000056225,1104,1315,8,46,11,13
CA006101872,1105,1315,8,46,11,5
AU000005901,927,1315,8,46,9,3
GM000004204,110,1315,8,46,1,9
CA006137735,502,1315,8,46,5,5
CA006158350,1206,1315,8,46,12,5
UK000047811,208,1315,8,46,2,13
CA006153192,207,1315,8,46,2,5
UK000047811,1110,1315,8,46,11,13
AU000005901,203,1315,8,46,2,3
CA006153192,423,1315,8,46,4,5
CA006148100,1226,1315,8,46,12,5
CA006122845,1114,1315,8,46,11,5
USC00288878,226,1315,8,46,2,14
CA006101872,1023,1315,8,46,10,5
CA006148100,514,1315,8,46,5,5
EIE00101859,1126,1315,8,46,11,7
USC00288878,204,1315,8,46,2,14
USC00288878,424,1315,8,46,4,14
SZ000006717,528,1315,8,46,5,12
SZ000006717,703,1315,8,46,7,12
EI000003969,1117,1315,8,46,11,6
GM000004204,202,1315,8,46,2,9
EI000003969,1118,1315,8,46,11,6
SZ000006717,905,1315,8,46,9,12
GME00125218,224,1315,8,46,2,10
SZ000006717,628,1315,8,46,6,12
GME00125218,109,1315,8,46,1,10
BE000006447,514,1315,8,46,5,4
EI000003969,1123,1315,8,46,11,6
ITE00100550,307,1315,8,46,3,11
GM000004204,503,1315,8,46,5,9
UK000056225,1222,1315,8,46,12,13
ITE00100554,202,1315,8,46,2,11
EI000003969,1116,1315,8,46,11,6
GM000004204,1111,1315,8,46,11,9
GME00125218,131,1315,8,46,1,10
GME00125218,323,1315,8,46,3,10
EZE00100082,225,1315,8,46,2,8
ITE00100550,1224,1315,8,46,12,11
EZE00100082,222,1315,8,46,2,8
AU000005901,1216,1315,8,46,12,3
ITE00100550,1122,1315,8,46,11,11
GME00125218,402,1315,8,46,4,10
BE000006447,1105,1315,8,46,11,4
AU000005901,1012,1315,8,46,10,3
BE000006447,1217,1315,8,46,12,4
GM000004204,210,1315,8,46,2,9
ITE00100550,126,1315,8,46,1,11
AU000005901,1211,1315,8,46,12,3
GM000004204,1113,1315,8,46,11,9
EZE00100082,210,1315,8,46,2,8
EZE00100082,130,1315,8,46,1,8
ITE00100554,128,1315,8,46,1,11
GME00125218,218,1315,8,46,2,10
SZ000006717,414,1315,8,47,4,12
ITE00100554,1222,1315,8,47,12,11
GM000004204,410,1315,8,47,4,9
UK000056225,1126,1315,8,47,11,13
AU000005901,406,1315,8,47,4,3
EI000003969,202,1315,8,47,2,6
UK000056225,1105,1315,8,47,11,13
EI000003969,105,1315,8,47,1,6
EI000003969,306,1315,8,47,3,6
GM000004204,109,1315,8,47,1,9
SZ000006717,529,1315,8,47,5,12
ITE00100554,203,1315,8,47,2,11
ITE00100550,301,1315,8,47,3,11
SZ000006717,916,1315,8,47,9,12
EZE00100082,1005,1315,8,47,10,8
UK000047811,1122,1315,8,47,11,13
USC00288878,429,1315,8,47,4,14
CA006101872,1226,1315,8,47,12,5
UK000047811,106,1315,8,47,1,13
CA006153192,225,1315,8,47,2,5
SZ000006717,1101,1315,8,47,11,12
UK000047811,1119,1315,8,47,11,13
CA006139520,228,1315,8,47,2,5
CA006106362,1031,1315,8,47,10,5
EI000003969,204,1315,8,47,2,6
CA006153192,1127,1315,8,47,11,5
EIE00101859,1127,1315,8,47,11,7
CA006139520,502,1315,8,47,5,5
UK000047811,228,1315,8,47,2,13
UK000047811,201,1315,8,47,2,13
UK000047811,302,1315,8,47,3,13
USC00288878,201,1315,8,47,2,14
EIE00101859,1123,1315,8,47,11,7
CA006106362,1125,1315,8,47,11,5
UK000047811,225,1315,8,47,2,13
EZE00100082,503,1315,8,47,5,8
EIE00101859,1125,1315,8,47,11,7
EIE00101859,1229,1315,8,47,12,7
GME00125218,503,1315,8,47,5,10
GM000004204,1004,1315,8,47,10,9
EIE00101859,1204,1315,8,47,12,7
CA006106362,1126,1315,8,47,11,5
CA006148100,1227,1315,8,47,12,5
UK000047811,304,1315,8,47,3,13
CA006153192,1121,1315,8,47,11,5
SZ000006717,621,1315,8,47,6,12
UK000047811,1121,1315,8,47,11,13
CA006139520,427,1315,8,47,4,5
UK000047811,107,1315,8,47,1,13
UK000056225,202,1315,8,47,2,13
EIE00101859,1129,1315,8,47,11,7
GM000004204,1201,1315,8,47,12,9
USC00288878,203,1315,8,47,2,14
CA006110549,207,1315,8,47,2,5
ITE00100550,1203,1315,8,47,12,11
CA006137735,1223,1315,8,47,12,5
GM000004204,407,1315,8,47,4,9
CA006106362,403,1315,8,47,4,5
CA006101872,403,1315,8,47,4,5
GM000004204,525,1315,8,47,5,9
EIE00101859,323,1315,8,47,3,7
EZE00100082,525,1315,8,47,5,8
CA006153192,402,1315,8,47,4,5
EI000003969,130,1315,8,47,1,6
AU000005901,524,1315,8,47,5,3
CA006148100,401,1315,8,47,4,5
UK000056225,1106,1315,8,47,11,13
UK000047811,512,1315,8,47,5,13
GME00125218,331,1315,8,47,3,10
UK000056225,1224,1315,8,47,12,13
EIE00101859,311,1315,8,47,3,7
UK000047811,130,1315,8,47,1,13
CA006158350,331,1315,8,47,3,5
EIE00101859,126,1315,8,47,1,7
CA006153192,403,1315,8,47,4,5
CA006101872,1108,1315,8,47,11,5
EI000003969,513,1315,8,47,5,6
AU000005901,115,1315,8,47,1,3
CA006122845,216,1315,8,47,2,5
CA006148100,408,1315,8,47,4,5
CA006106362,408,1315,8,47,4,5
CA006148100,409,1315,8,47,4,5
BE000006447,1112,1315,8,47,11,4
CA006150689,409,1315,8,47,4,5
SZ000006717,924,1315,8,47,9,12
UK000047811,1111,1315,8,47,11,13
ITE00100554,1010,1315,8,47,10,11
CA006166416,409,1315,8,47,4,5
BE000006447,1111,1315,8,47,11,4
GME00125218,410,1315,8,47,4,10
CA006101872,325,1315,8,47,3,5
GM000004204,310,1315,8,47,3,9
UK000047811,1109,1315,8,47,11,13
GME00125218,129,1315,8,47,1,10
ITE00100550,129,1315,8,47,1,11
ITE00100554,217,1315,8,47,2,11
EIE00101859,1111,1315,8,47,11,7
CA006153192,1106,1315,8,47,11,5
CA006122845,403,1315,8,47,4,5
GME00125218,417,1315,8,47,4,10
UK000056225,108,1315,8,47,1,13
UK000047811,328,1315,8,47,3,13
EI000003969,125,1315,8,47,1,6
CA006139520,213,1315,8,47,2,5
USC00288878,219,1315,8,47,2,14
CA006137735,311,1315,8,47,3,5
EIE00101859,1118,1315,8,47,11,7
CA006137735,1106,1315,8,47,11,5
CA006110549,330,1315,8,47,3,5
UK000047811,124,1315,8,47,1,13
CA006148100,515,1315,8,47,5,5
CA006166416,330,1315,8,47,3,5
CA006139520,311,1315,8,47,3,5
EI000003969,1225,1315,8,47,12,6
AU000005901,129,1315,8,47,1,3
UK000056225,424,1315,8,47,4,13
SZ000006717,624,1315,8,47,6,12
GME00125218,1007,1315,8,47,10,10
SZ000006717,627,1315,8,47,6,12
EZE00100082,1111,1315,8,47,11,8
SZ000006717,807,1315,8,47,8,12
EI000003969,321,1315,8,47,3,6
GME00125218,1217,1315,8,47,12,10
GM000004204,220,1315,8,47,2,9
SZ000006717,505,1315,8,47,5,12
GM000004204,331,1315,8,47,3,9
EI000003969,108,1315,8,47,1,6
GM000004204,1029,1315,8,47,10,9
ITE00100554,1218,1315,8,47,12,11
GM000004204,1109,1315,8,47,11,9
GME00125218,1108,1315,8,47,11,10
GM000004204,224,1315,8,47,2,9
EZE00100082,129,1315,8,47,1,8
GME00125218,1114,1315,8,47,11,10
ITE00100550,127,1315,8,47,1,11
ITE00100554,1217,1315,8,47,12,11
ITE00100554,1219,1315,8,47,12,11
AU000005901,412,1315,8,47,4,3
AU000005901,224,1315,8,47,2,3
BE000006447,225,1315,8,47,2,4
ITE00100550,1124,1315,8,47,11,11
GME00125218,1029,1315,8,47,10,10
AU000005901,116,1315,8,47,1,3
ITE00100550,319,1315,8,47,3,11
SZ000006717,726,1315,9,47,7,12
AU000005901,1109,1315,9,47,11,3
EZE00100082,407,1315,9,47,4,8
EZE00100082,1217,1315,9,47,12,8
UK000056225,1212,1315,9,47,12,13
EZE00100082,1010,1315,9,47,10,8
GM000004204,1006,1315,9,47,10,9
ITE00100550,206,1315,9,47,2,11
EI000003969,1222,1315,9,47,12,6
GM000004204,1005,1315,9,47,10,9
GM000004204,402,1315,9,47,4,9
BE000006447,224,1315,9,47,2,4
EI000003969,328,1315,9,48,3,6
ITE00100554,318,1315,9,48,3,11
SZ000006717,717,1315,9,48,7,12
ITE00100550,309,1315,9,48,3,11
ITE00100550,214,1315,9,48,2,11
EZE00100082,328,1315,9,48,3,8
UK000056225,1003,1315,9,48,10,13
BE000006447,1103,1315,9,48,11,4
EZE00100082,411,1315,9,48,4,8
EI000003969,1229,1315,9,48,12,6
EZE00100082,405,1315,9,48,4,8
BE000006447,1104,1315,9,48,11,4
SZ000006717,825,1315,9,48,8,12
ITE00100550,1123,1315,9,48,11,11
GME00125218,411,1315,9,48,4,10
SZ000006717,614,1315,9,48,6,12
AU000005901,410,1315,9,48,4,3
BE000006447,125,1315,9,48,1,4
GME00125218,505,1315,9,48,5,10
EI000003969,304,1315,9,48,3,6
SZ000006717,801,1315,9,48,8,12
SZ000006717,626,1315,9,48,6,12
GM000004204,219,1315,9,48,2,9
GME00125218,130,1315,9,48,1,10
BE000006447,123,1315,9,48,1,4
GM000004204,323,1315,9,48,3,9
UK000056225,130,1315,9,48,1,13
GM000004204,1108,1315,9,48,11,9
AU000005901,1011,1315,9,48,10,3
EZE00100082,311,1315,9,48,3,8
GME00125218,214,1315,9,48,2,10
SZ000006717,710,1315,9,48,7,12
CA006110549,528,1315,9,48,5,5
CA006166416,1023,1315,9,48,10,5
CA006158350,429,1315,9,48,4,5
EIE00101859,110,1315,9,48,1,7
CA006148100,427,1315,9,48,4,5
CA006153192,502,1315,9,48,5,5
CA006158350,407,1315,9,48,4,5
EIE00101859,1209,1315,9,48,12,7
UK000047811,1105,1315,9,48,11,13
CA006110549,1111,1315,9,48,11,5
CA006122845,518,1315,9,48,5,5
CA006148100,501,1315,9,48,5,5
CA006150689,401,1315,9,48,4,5
CA006166416,504,1315,9,48,5,5
BE000006447,221,1315,9,48,2,4
CA006101872,503,1315,9,48,5,5
CA006137735,330,1315,9,48,3,5
CA006139520,1223,1315,9,48,12,5
CA006110549,1031,1315,9,48,10,5
BE000006447,207,1315,9,48,2,4
SZ000006717,610,1315,9,48,6,12
CA006101872,508,1315,9,48,5,5
CA006153192,406,1315,9,48,4,5
UK000047811,205,1315,9,48,2,13
CA006166416,429,1315,9,48,4,5
UK000047811,1207,1315,9,48,12,13
CA006158350,404,1315,9,48,4,5
CA006139520,208,1315,9,48,2,5
CA006166416,404,1315,9,48,4,5
GM000004204,516,1315,9,48,5,9
GME00125218,403,1315,9,48,4,10
GM000004204,403,1315,9,48,4,9
CA006153192,521,1315,9,48,5,5
CA006166416,1105,1315,9,48,11,5
CA006153192,311,1315,9,48,3,5
CA006122845,301,1315,9,48,3,5
EIE00101859,310,1315,9,48,3,7
EZE00100082,1009,1315,9,48,10,8
UK000047811,1226,1315,9,48,12,13
CA006148100,1023,1315,9,48,10,5
CA006150689,515,1315,9,48,5,5
EIE00101859,1130,1315,9,48,11,7
UK000047811,329,1315,9,48,3,13
USC00288878,1107,1315,9,48,11,14
CA006122845,516,1315,9,48,5,5
SZ000006717,808,1315,9,48,8,12
EIE00101859,127,1315,9,48,1,7
GM000004204,1009,1315,9,48,10,9
CA006148100,404,1315,9,48,4,5
CA006101872,214,1315,9,48,2,5
UK000047811,1118,1315,9,48,11,13
UK000056225,1223,1315,9,48,12,13
CA006106362,323,1315,9,48,3,5
CA006110549,1103,1315,9,48,11,5
UK000047811,123,1315,9,48,1,13
AU000005901,1117,1315,9,48,11,3
CA006137735,213,1315,9,48,2,5
USC00288878,1121,1315,9,48,11,14
USC00288878,213,1315,9,48,2,14
EIE00101859,1220,1315,9,48,12,7
ITE00100554,1123,1315,9,48,11,11
GME00125218,223,1315,9,48,2,10
CA006122845,213,1315,9,48,2,5
UK000056225,1008,1315,9,48,10,13
EIE00101859,1215,1315,9,48,12,7
CA006101872,410,1315,9,48,4,5
CA006158350,1227,1315,9,48,12,5
CA006166416,509,1315,9,48,5,5
UK000047811,1002,1315,9,48,10,13
UK000047811,1117,1315,9,48,11,13
CA006106362,410,1315,9,48,4,5
CA006139520,424,1315,9,48,4,5
CA006158350,1121,1315,9,48,11,5
CA006110549,418,1315,9,48,4,5
USC00288878,1122,1315,9,48,11,14
CA006110549,409,1315,9,48,4,5
CA006158350,1120,1315,9,48,11,5
UK000047811,214,1315,9,48,2,13
GME00125218,1006,1315,9,48,10,10
CA006148100,422,1315,9,48,4,5
CA006137735,1206,1315,9,48,12,5
CA006110549,930,1315,9,48,9,5
GM000004204,209,1315,9,48,2,9
CA006158350,513,1315,9,48,5,5
CA006122845,514,1315,9,48,5,5
CA006166416,413,1315,9,48,4,5
GM000004204,213,1315,9,48,2,9
CA006139520,201,1315,9,48,2,5
EIE00101859,1124,1315,9,48,11,7
CA006106362,515,1315,9,48,5,5
CA006137735,201,1315,9,48,2,5
EIE00101859,1227,1315,9,48,12,7
EIE00101859,1221,1315,9,48,12,7
EIE00101859,1119,1315,9,48,11,7
UK000047811,1225,1315,9,48,12,13
GM000004204,223,1315,9,48,2,9
GME00125218,210,1315,9,48,2,10
BE000006447,1116,1315,9,48,11,4
ITE00100550,1216,1315,9,48,12,11
GM000004204,214,1315,9,48,2,9
GME00125218,502,1315,9,48,5,10
GM000004204,131,1315,9,48,1,9
ITE00100554,314,1315,9,48,3,11
GME00125218,416,1315,9,48,4,10
SZ000006717,711,1315,9,48,7,12
ITE00100550,213,1315,9,48,2,11
AU000005901,206,1315,9,48,2,3
GME00125218,209,1315,9,48,2,10
AU000005901,310,1315,9,48,3,3
GM000004204,130,1315,9,48,1,9
GM000004204,1007,1315,9,48,10,9
GME00125218,516,1315,9,48,5,10
UK000056225,1118,1315,9,48,11,13
ITE00100554,1212,1315,9,48,12,11
UK000056225,213,1315,9,48,2,13
BE000006447,124,1315,9,48,1,4
SZ000006717,806,1315,9,48,8,12
ITE00100554,216,1315,9,48,2,11
UK000056225,330,1315,9,48,3,13
GME00125218,208,1315,9,48,2,10
UK000056225,1119,1315,9,48,11,13
BE000006447,206,1315,9,48,2,4
EZE00100082,406,1315,9,49,4,8
EI000003969,1125,1315,9,49,11,6
SZ000006717,714,1315,9,49,7,12
UK000056225,521,1315,9,49,5,13
ITE00100550,1214,1315,9,49,12,11
EZE00100082,209,1315,9,49,2,8
EI000003969,1209,1315,9,49,12,6
EZE00100082,1006,1315,9,49,10,8
BE000006447,1215,1315,9,49,12,4
SZ000006717,622,1315,9,49,6,12
BE000006447,1216,1315,9,49,12,4
UK000056225,1101,1315,9,49,11,13
EZE00100082,517,1315,9,49,5,8
EZE00100082,402,1315,9,49,4,8
ITE00100550,207,1315,9,49,2,11
EZE00100082,131,1315,9,49,1,8
EZE00100082,417,1315,9,49,4,8
EZE00100082,515,1315,9,49,5,8
SZ000006717,923,1315,9,49,9,12
AU000005901,402,1315,9,49,4,3
BE000006447,126,1315,9,49,1,4
AU000005901,220,1315,9,49,2,3
BE000006447,1108,1315,9,49,11,4
ITE00100550,1217,1315,9,49,12,11
GME00125218,1005,1315,9,49,10,10
AU000005901,1112,1315,9,49,11,3
UK000056225,1209,1315,9,49,12,13
BE000006447,401,1315,9,49,4,4
EI000003969,1101,1315,9,49,11,6
AU000005901,315,1315,9,49,3,3
GM000004204,127,1315,9,49,1,9
UK000056225,512,1315,9,49,5,13
AU000005901,223,1315,9,49,2,3
BE000006447,222,1315,9,49,2,4
SZ000006717,531,1315,9,49,5,12
CA006158350,506,1315,9,49,5,5
CA006139520,401,1315,9,49,4,5
CA006122845,510,1315,9,49,5,5
SZ000006717,607,1315,9,49,6,12
CA006137735,218,1315,9,49,2,5
CA006153192,330,1315,9,49,3,5
UK000047811,301,1315,9,49,3,13
UK000047811,1115,1315,9,49,11,13
USC00288878,1116,1315,9,49,11,14
UK000047811,1027,1315,9,49,10,13
EIE00101859,308,1315,9,49,3,7
CA006106362,501,1315,9,49,5,5
GM000004204,417,1315,9,49,4,9
CA006153192,214,1315,9,49,2,5
CA006153192,1223,1315,9,49,12,5
AU000005901,502,1315,9,49,5,3
UK000047811,1106,1315,9,49,11,13
GM000004204,218,1315,9,49,2,9
CA006158350,501,1315,9,49,5,5
CA006110549,506,1315,9,49,5,5
CA006106362,511,1315,9,49,5,5
CA006110549,523,1315,9,49,5,5
EIE00101859,206,1315,9,49,2,7
EIE00101859,207,1315,9,49,2,7
CA006158350,419,1315,9,49,4,5
EIE00101859,1218,1315,9,49,12,7
CA006101872,213,1315,9,49,2,5
CA006150689,1023,1315,9,49,10,5
CA006110549,509,1315,9,49,5,5
UK000047811,1125,1315,9,49,11,13
UK000047811,1208,1315,9,49,12,13
UK000047811,1212,1315,9,49,12,13
EIE00101859,324,1315,9,49,3,7
GME00125218,1009,1315,9,49,10,10
CA006137735,1105,1315,9,49,11,5
EI000003969,1119,1315,9,49,11,6
CA006122845,1023,1315,9,49,10,5
EIE00101859,203,1315,9,49,2,7
CA006106362,516,1315,9,49,5,5
ITE00100554,1216,1315,9,49,12,11
CA006122845,1227,1315,9,49,12,5
UK000056225,124,1315,9,49,1,13
UK000047811,202,1315,9,49,2,13
CA006148100,1126,1315,9,49,11,5
CA006150689,509,1315,9,49,5,5
CA006122845,1225,1315,9,49,12,5
EIE00101859,325,1315,9,49,3,7
CA006153192,216,1315,9,49,2,5
CA006150689,429,1315,9,49,4,5
CA006137735,208,1315,9,49,2,5
EIE00101859,1219,1315,9,49,12,7
BE000006447,1214,1315,9,49,12,4
CA006106362,510,1315,9,49,5,5
CA006153192,201,1315,9,49,2,5
UK000047811,326,1315,9,49,3,13
CA006148100,1031,1315,9,49,10,5
CA006148100,1122,1315,9,49,11,5
AU000005901,130,1315,9,49,1,3
CA006137735,403,1315,9,49,4,5
UK000047811,1124,1315,9,49,11,13
UK000047811,122,1315,9,49,1,13
CA006153192,1114,1315,9,49,11,5
UK000056225,203,1315,9,49,2,13
UK000056225,327,1315,9,49,3,13
UK000056225,205,1315,9,49,2,13
UK000047811,210,1315,9,49,2,13
UK000047811,203,1315,9,49,2,13
UK000047811,1003,1315,9,49,10,13
CA006166416,418,1315,9,49,4,5
CA006110549,413,1315,9,49,4,5
CA006137735,216,1315,9,49,2,5
CA006150689,408,1315,9,49,4,5
GM000004204,1216,1315,10,49,12,9
UK000056225,201,1315,10,49,2,13
GME00125218,213,1315,10,49,2,10
GM000004204,221,1315,10,49,2,9
GM000004204,416,1315,10,49,4,9
EZE00100082,223,1315,10,49,2,8
SZ000006717,830,1315,10,49,8,12
ITE00100554,1107,1315,10,49,11,11
UK000056225,1102,1315,10,49,11,13
UK000056225,1112,1315,10,49,11,13
AU000005901,218,1315,10,49,2,3
BE000006447,128,1315,10,49,1,4
GME00125218,128,1315,10,49,1,10
BE000006447,220,1315,10,49,2,4
EZE00100082,413,1315,10,49,4,8
ASN00086071,727,1315,10,49,7,2
AU000005901,211,1315,10,49,2,3
GM000004204,1217,1315,10,49,12,9
EZE00100082,1023,1315,10,49,10,8
UK000056225,218,1315,10,49,2,13
GM000004204,129,1315,10,49,1,9
EI000003969,217,1315,10,49,2,6
SZ000006717,507,1315,10,49,5,12
AU000005901,221,1315,10,49,2,3
BE000006447,1102,1315,10,49,11,4
AU000005901,128,1315,10,49,1,3
UK000056225,224,1315,10,49,2,13
ITE00100554,1221,1315,10,49,12,11
UK000056225,520,1315,10,49,5,13
EI000003969,329,1315,10,49,3,6
EI000003969,301,1315,10,49,3,6
ITE00100554,1104,1315,10,49,11,11
BE000006447,212,1315,10,49,2,4
EI000003969,211,1315,10,49,2,6
ITE00100550,116,1315,10,49,1,11
BE000006447,330,1315,10,50,3,4
ITE00100550,128,1315,10,50,1,11
ITE00100550,202,1315,10,50,2,11
SZ000006717,831,1315,10,50,8,12
GM000004204,409,1315,10,50,4,9
ITE00100550,1111,1315,10,50,11,11
GME00125218,406,1315,10,50,4,10
EI000003969,1126,1315,10,50,11,6
SZ000006717,829,1315,10,50,8,12
ITE00100550,203,1315,10,50,2,11
GM000004204,128,1315,10,50,1,9
BE000006447,127,1315,10,50,1,4
UK000056225,522,1315,10,50,5,13
UK000056225,1004,1315,10,50,10,13
GME00125218,1028,1315,10,50,10,10
BE000006447,205,1315,10,50,2,4
GME00125218,1004,1315,10,50,10,10
SZ000006717,930,1315,10,50,9,12
AU000005901,215,1315,10,50,2,3
EI000003969,1027,1315,10,50,10,6
BE000006447,129,1315,10,50,1,4
EZE00100082,927,1315,10,50,9,8
SZ000006717,910,1315,10,50,9,12
BE000006447,1028,1315,10,50,10,4
BE000006447,201,1315,10,50,2,4
SZ000006717,725,1315,10,50,7,12
UK000056225,1011,1315,10,50,10,13
GME00125218,413,1315,10,50,4,10
SZ000006717,904,1315,10,50,9,12
UK000056225,210,1315,10,50,2,13
EZE00100082,330,1315,10,50,3,8
EZE00100082,409,1315,10,50,4,8
UK000056225,217,1315,10,50,2,13
UK000056225,105,1315,10,50,1,13
EZE00100082,1011,1315,10,50,10,8
UK000056225,328,1315,10,50,3,13
SZ000006717,418,1315,10,50,4,12
AU000005901,1006,1315,10,50,10,3
SZ000006717,606,1315,10,50,6,12
CA006106362,1009,1315,10,50,10,5
CA006153192,408,1315,10,50,4,5
ITE00100550,1104,1315,10,50,11,11
USC00288878,325,1315,10,50,3,14
CA006139520,1206,1315,10,50,12,5
CA006166416,1126,1315,10,50,11,5
EI000003969,122,1315,10,50,1,6
BE000006447,223,1315,10,50,2,4
EIE00101859,1214,1315,10,50,12,7
UK000047811,1102,1315,10,50,11,13
EIE00101859,309,1315,10,50,3,7
GM000004204,406,1315,10,50,4,9
BE000006447,1008,1315,10,50,10,4
CA006166416,1005,1315,10,50,10,5
CA006158350,1007,1315,10,50,10,5
CA006101872,427,1315,10,50,4,5
CA006122845,527,1315,10,50,5,5
EI000003969,1210,1315,10,50,12,6
CA006158350,1225,1315,10,50,12,5
GM000004204,208,1315,10,50,2,9
EIE00101859,208,1315,10,50,2,7
CA006166416,1007,1315,10,50,10,5
EIE00101859,307,1315,10,50,3,7
UK000047811,1222,1315,10,50,12,13
AU000005901,225,1315,10,50,2,3
CA006150689,508,1315,10,50,5,5
EIE00101859,210,1315,10,50,2,7
CA006106362,514,1315,10,50,5,5
CA006158350,1123,1315,10,50,11,5
CA006139520,1113,1315,10,50,11,5
CA006158350,1124,1315,10,50,11,5
CA006158350,425,1315,10,50,4,5
CA006166416,425,1315,10,50,4,5
CA006137735,1225,1315,10,50,12,5
CA006110549,1123,1315,10,50,11,5
GM000004204,1114,1315,10,50,11,9
CA006122845,1031,1315,10,50,10,5
CA006139520,227,1315,10,50,2,5
CA006101872,1125,1315,10,50,11,5
USC00288878,1114,1315,10,50,11,14
CA006166416,1125,1315,10,50,11,5
UK000056225,107,1315,10,50,1,13
CA006153192,1122,1315,10,50,11,5
UK000047811,513,1315,10,50,5,13
CA006139520,216,1315,10,50,2,5
CA006166416,515,1315,10,50,5,5
UK000047811,1104,1315,10,50,11,13
CA006101872,1126,1315,10,50,11,5
EZE00100082,416,1315,10,50,4,8
EIE00101859,128,1315,10,50,1,7
CA006166416,508,1315,10,50,5,5
CA006139520,507,1315,10,50,5,5
CA006110549,514,1315,10,50,5,5
UK000047811,204,1315,10,50,2,13
CA006122845,1107,1315,10,50,11,5
CA006122845,531,1315,10,50,5,5
CA006122845,511,1315,10,50,5,5
USC00288878,218,1315,10,50,2,14
CA006153192,419,1315,10,50,4,5
GME00125218,1010,1315,10,50,10,10
USC00288878,330,1315,10,50,3,14
CA006153192,1105,1315,10,50,11,5
EZE00100082,1029,1315,10,50,10,8
CA006137735,1120,1315,10,50,11,5
EIE00101859,205,1315,10,50,2,7
EIE00101859,1116,1315,10,50,11,7
CA006101872,1011,1315,10,50,10,5
CA006139520,503,1315,10,50,5,5
UK000047811,327,1315,10,50,3,13
USC00288878,1105,1315,10,50,11,14
CA006148100,1024,1315,10,50,10,5
CA006101872,504,1315,10,50,5,5
UK000047811,303,1315,10,50,3,13
CA006158350,504,1315,10,50,5,5
CA006153192,213,1315,10,50,2,5
EIE00101859,1226,1315,10,50,12,7
ITE00100550,310,1315,10,50,3,11
EIE00101859,1223,1315,10,50,12,7
USC00288878,209,1315,10,50,2,14
CA006166416,1012,1315,10,50,10,5
SZ000006717,724,1315,10,50,7,12
CA006153192,404,1315,10,50,4,5
CA006110549,507,1315,10,50,5,5
CA006106362,507,1315,10,50,5,5
CA006101872,507,1315,10,50,5,5
UK000047811,1031,1315,10,50,10,13
EIE00101859,1210,1315,10,50,12,7
UK000047811,1221,1315,10,50,12,13
USC00288878,1226,1315,10,50,12,14
CA006153192,523,1315,10,50,5,5
EIE00101859,1211,1315,10,50,12,7
USC00288878,217,1315,10,50,2,14
ITE00100550,1107,1315,10,50,11,11
UK000047811,207,1315,10,50,2,13
USC00288878,301,1315,10,50,3,14
USC00288878,224,1315,10,50,2,14
CA006110549,415,1315,10,50,4,5
EI000003969,1211,1315,10,50,12,6
EI000003969,1003,1315,10,50,10,6
USC00288878,1227,1315,10,50,12,14
EIE00101859,1216,1315,10,50,12,7
CA006139520,1105,1315,10,50,11,5
CA006106362,1102,1315,10,50,11,5
SZ000006717,506,1315,10,50,5,12
ITE00100554,1121,1315,10,50,11,11
EZE00100082,1028,1315,10,50,10,8
AU000005901,324,1315,10,50,3,3
EZE00100082,418,1315,10,50,4,8
EI000003969,1213,1315,10,50,12,6
ITE00100554,1215,1315,10,50,12,11
GM000004204,1010,1315,10,50,10,9
EI000003969,1201,1315,10,50,12,6
BE000006447,1110,1315,10,50,11,4
GM000004204,1008,1315,10,50,10,9
BE000006447,411,1315,10,50,4,4
EZE00100082,324,1315,10,50,3,8
AU000005901,1010,1315,10,50,10,3
EZE00100082,331,1315,10,50,3,8
BE000006447,1005,1315,10,50,10,4
SZ000006717,915,1315,10,50,9,12
GM000004204,517,1315,10,50,5,9
BE000006447,405,1315,10,50,4,4
ASN00086071,924,1315,10,50,9,2
SZ000006717,826,1315,10,50,8,12
BE000006447,1109,1315,10,50,11,4
UK000056225,221,1315,10,50,2,13
SZ000006717,605,1315,10,50,6,12
ITE00100554,212,1315,10,50,2,11
EI000003969,330,1315,10,50,3,6
UK000056225,329,1315,10,50,3,13
ITE00100550,1219,1315,10,50,12,11
EI000003969,1105,1315,10,50,11,6
UK000056225,1002,1315,10,50,10,13
ITE00100550,305,1315,10,50,3,11
ITE00100554,1214,1315,10,50,12,11
UK000056225,513,1315,10,50,5,13
BE000006447,202,1315,10,50,2,4
EI000003969,1008,1315,10,50,10,6
ITE00100554,1112,1315,10,50,11,11
EI000003969,514,1315,10,50,5,6
ITE00100550,1112,1315,10,50,11,11
EI000003969,1212,1315,10,50,12,6
BE000006447,209,1315,10,50,2,4
UK000056225,514,1315,10,50,5,13
BE000006447,210,1315,10,50,2,4
GME00125218,330,1315,10,51,3,10
AU000005901,1009,1315,10,51,10,3
SZ000006717,508,1315,10,51,5,12
GME00125218,221,1315,10,51,2,10
BE000006447,108,1315,10,51,1,4
AU000005901,1108,1315,10,51,11,3
GM000004204,927,1315,10,51,9,9
BE000006447,208,1315,10,51,2,4
EI000003969,214,1315,10,51,2,6
BE000006447,1113,1315,10,51,11,4
ITE00100554,1111,1315,10,51,11,11
GME00125218,1116,1315,10,51,11,10
ITE00100554,1113,1315,10,51,11,11
SZ000006717,510,1315,10,51,5,12
AU000005901,525,1315,10,51,5,3
EI000003969,1112,1315,10,51,11,6
AU000005901,1111,1315,10,51,11,3
GM000004204,1116,1315,10,51,11,9
AU000005901,416,1315,10,51,4,3
UK000056225,129,1315,10,51,1,13
GM000004204,222,1315,10,51,2,9
BE000006447,130,1315,10,51,1,4
SZ000006717,530,1315,10,51,5,12
AU000005901,1013,1315,10,51,10,3
AU000005901,222,1315,10,51,2,3
EZE00100082,523,1315,10,51,5,8
EI000003969,215,1315,10,51,2,6
UK000056225,1210,1315,10,51,12,13
EI000003969,203,1315,10,51,2,6
SZ000006717,602,1315,10,51,6,12
GM000004204,502,1315,10,51,5,9
SZ000006717,727,1315,10,51,7,12
ITE00100554,319,1315,10,51,3,11
EI000003969,426,1315,10,51,4,6
BE000006447,107,1315,10,51,1,4
GME00125218,429,1315,10,51,4,10
EI000003969,208,1315,10,51,2,6
UK000056225,322,1315,10,51,3,13
AU000005901,505,1315,10,51,5,3
EI000003969,1004,1315,10,51,10,6
ASN00086071,1212,1315,10,51,12,2
BE000006447,309,1315,10,51,3,4
GME00125218,428,1315,10,51,4,10
UK000056225,420,1315,10,51,4,13
UK000056225,211,1315,10,51,2,13
UK000056225,204,1315,10,51,2,13
ITE00100554,207,1315,10,51,2,11
GME00125218,517,1315,10,51,5,10
EZE00100082,1008,1315,10,51,10,8
AU000005901,1008,1315,10,51,10,3
GME00125218,1202,1315,10,51,12,10
GME00125218,1008,1315,10,51,10,10
ITE00100550,228,1315,10,51,2,11
BE000006447,1009,1315,10,51,10,4
UK000056225,208,1315,10,51,2,13
UK000056225,1220,1315,10,51,12,13
ASN00086071,731,1315,10,51,7,2
ITE00100554,201,1315,10,51,2,11
BE000006447,213,1315,10,51,2,4
GME00125218,1003,1315,10,51,10,10
AU000005901,503,1315,10,51,5,3
UK000056225,212,1315,10,51,2,13
GME00125218,418,1315,11,51,4,10
UK000047811,1112,1315,11,51,11,13
CA006139520,409,1315,11,51,4,5
CA006137735,227,1315,11,51,2,5
EIE00101859,1224,1315,11,51,12,7
EIE00101859,209,1315,11,51,2,7
UK000047811,215,1315,11,51,2,13
EIE00101859,202,1315,11,51,2,7
UK000047811,410,1315,11,51,4,13
CA006110549,1124,1315,11,51,11,5
UK000047811,217,1315,11,51,2,13
CA006139520,301,1315,11,51,3,5
CA006153192,301,1315,11,51,3,5
CA006148100,517,1315,11,51,5,5
CA006148100,425,1315,11,51,4,5
CA006158350,418,1315,11,51,4,5
CA006148100,522,1315,11,51,5,5
UK000047811,408,1315,11,51,4,13
UK000047811,213,1315,11,51,2,13
UK000047811,1209,1315,11,51,12,13
CA006101872,1009,1315,11,51,10,5
EIE00101859,1225,1315,11,51,12,7
GM000004204,1028,1315,11,51,10,9
BE000006447,1004,1315,11,51,10,4
CA006137735,228,1315,11,51,2,5
CA006166416,427,1315,11,51,4,5
EIE00101859,326,1315,11,51,3,7
CA006150689,427,1315,11,51,4,5
GME00125218,927,1315,11,51,9,10
CA006148100,508,1315,11,51,5,5
CA006110549,526,1315,11,51,5,5
GME00125218,404,1315,11,51,4,10
ITE00100554,1116,1315,11,51,11,11
CA006106362,1011,1315,11,51,10,5
CA006122845,522,1315,11,51,5,5
UK000047811,223,1315,11,51,2,13
CA006139520,402,1315,11,51,4,5
BE000006447,1010,1315,11,51,10,4
UK000047811,1006,1315,11,51,10,13
CA006158350,523,1315,11,51,5,5
CA006150689,523,1315,11,51,5,5
UK000047811,1007,1315,11,51,10,13
CA006153192,302,1315,11,51,3,5
EI000003969,1129,1315,11,51,11,6
EIE00101859,1222,1315,11,51,12,7
UK000047811,218,1315,11,51,2,13
CA006139520,302,1315,11,51,3,5
GM000004204,413,1315,11,51,4,9
UK000047811,1213,1315,11,51,12,13
CA006106362,1101,1315,11,51,11,5
EIE00101859,1217,1315,11,51,12,7
BE000006447,522,1315,11,51,5,4
EIE00101859,204,1315,11,51,2,7
CA006106362,1010,1315,11,51,10,5
EIE00101859,1212,1315,11,51,12,7
UK000047811,1211,1315,11,51,12,13
CA006110549,425,1315,11,51,4,5
CA006158350,1023,1315,11,51,10,5
CA006101872,402,1315,11,51,4,5
CA006158350,1105,1315,11,51,11,5
UK000047811,1113,1315,11,51,11,13
UK000047811,412,1315,11,51,4,13
AU000005901,210,1315,11,51,2,3
CA006137735,514,1315,11,51,5,5
UK000047811,424,1315,11,51,4,13
CA006137735,214,1315,11,51,2,5
CA006139520,1106,1315,11,51,11,5
CA006139520,1114,1315,11,51,11,5
UK000047811,1004,1315,11,51,10,13
UK000047811,224,1315,11,51,2,13
UK000047811,1210,1315,11,51,12,13
SZ000006717,827,1315,11,51,8,12
SZ000006717,913,1315,11,51,9,12
EZE00100082,206,1315,11,51,2,8
ASN00086071,906,1315,11,51,9,2
EZE00100082,404,1315,11,51,4,8
ITE00100554,305,1315,11,51,3,11
EI000003969,205,1315,11,51,2,6
SZ000006717,511,1315,11,51,5,12
EZE00100082,325,1315,11,51,3,8
UK000056225,222,1315,11,51,2,13
UK000056225,523,1315,11,51,5,13
EZE00100082,1013,1315,11,51,10,8
AU000005901,1029,1315,11,51,10,3
UK000056225,1009,1315,11,51,10,13
EI000003969,212,1315,11,51,2,6
EI000003969,1115,1315,11,51,11,6
EI000003969,327,1315,11,51,3,6
BE000006447,322,1315,11,51,3,4
BE000006447,523,1315,11,52,5,4
EI000003969,1114,1315,11,52,11,6
SZ000006717,713,1315,11,52,7,12
GME00125218,514,1315,11,52,5,10
BE000006447,1006,1315,11,52,10,4
GME00125218,211,1315,11,52,2,10
BE000006447,214,1315,11,52,2,4
AU000005901,226,1315,11,52,2,3
EI000003969,207,1315,11,52,2,6
GME00125218,1025,1315,11,52,10,10
GM000004204,411,1315,11,52,4,9
SZ000006717,712,1315,11,52,7,12
BE000006447,402,1315,11,52,4,4
GME00125218,328,1315,11,52,3,10
AU000005901,926,1315,11,52,9,3
ITE00100554,131,1315,11,52,1,11
EI000003969,218,1315,11,52,2,6
UK000056225,1010,1315,11,52,10,13
GM000004204,1003,1315,11,52,10,9
ITE00100554,1115,1315,11,52,11,11
AU000005901,417,1315,11,52,4,3
UK000056225,1007,1315,11,52,10,13
ITE00100550,130,1315,11,52,1,11
ITE00100550,1121,1315,11,52,11,11
EI000003969,421,1315,11,52,4,6
ITE00100550,212,1315,11,52,2,11
ITE00100550,316,1315,11,52,3,11
EZE00100082,1004,1315,11,52,10,8
GM000004204,1025,1315,11,52,10,9
AU000005901,331,1315,11,52,3,3
ITE00100550,315,1315,11,52,3,11
ITE00100550,131,1315,11,52,1,11
BE000006447,1201,1315,11,52,12,4
EZE00100082,403,1315,11,52,4,8
AU000005901,404,1315,11,52,4,3
ITE00100550,217,1315,11,52,2,11
EI000003969,1224,1315,11,52,12,6
ITE00100550,216,1315,11,52,2,11
BE000006447,218,1315,11,52,2,4
ITE00100550,318,1315,11,52,3,11
EI000003969,209,1315,11,52,2,6
ITE00100550,1113,1315,11,52,11,11
EI000003969,216,1315,11,52,2,6
EI000003969,1103,1315,11,52,11,6
CA006139520,1121,1315,11,52,11,5
CA006110549,1012,1315,11,52,10,5
CA006110549,522,1315,11,52,5,5
CA006101872,522,1315,11,52,5,5
CA006153192,528,1315,11,52,5,5
UK000056225,1108,1315,11,52,11,13
CA006110549,1125,1315,11,52,11,5
CA006110549,1023,1315,11,52,10,5
ASN00074128,729,1315,11,52,7,2
ASN00074128,716,1315,11,52,7,2
CA006148100,1005,1315,11,52,10,5
ASN00086071,925,1315,11,52,9,2
CA006148100,1026,1315,11,52,10,5
CA006139520,522,1315,11,52,5,5
USC00288878,1129,1315,11,52,11,14
CA006139520,1030,1315,11,52,10,5
CA006101872,1031,1315,11,52,10,5
UK000047811,1101,1315,11,52,11,13
CA006150689,1126,1315,11,52,11,5
SZ000006717,611,1315,11,52,6,12
CA006150689,1024,1315,11,52,10,5
CA006110549,1006,1315,11,52,10,5
CA006122845,1005,1315,11,52,10,5
USC00288878,1123,1315,11,52,11,14
CA006101872,1010,1315,11,52,10,5
UK000047811,1029,1315,11,52,10,13
UK000047811,1114,1315,11,52,11,13
UK000047811,524,1315,11,52,5,13
EZE00100082,1027,1315,11,52,10,8
CA006158350,1031,1315,11,52,10,5
SZ000006717,619,1315,11,52,6,12
USC00288878,1025,1315,11,52,10,14
CA006110549,1005,1315,11,52,10,5
CA006148100,1007,1315,11,52,10,5
CA006158350,1012,1315,11,52,10,5
AU000005901,1028,1315,11,52,10,3
CA006137735,523,1315,11,52,5,5
ASN00086071,728,1315,11,52,7,2
CA006110549,1028,1315,11,52,10,5
UK000047811,1107,1315,11,52,11,13
CA006153192,1012,1315,11,52,10,5
USC00288878,1106,1315,11,52,11,14
EZE00100082,1102,1315,11,52,11,8
CA006150689,1012,1315,11,52,10,5
USC00288878,1127,1315,11,52,11,14
CA006158350,522,1315,11,52,5,5
CA006153192,522,1315,11,52,5,5
CA006148100,1025,1315,11,52,10,5
GM000004204,1202,1315,11,52,12,9
ASN00086071,709,1315,11,52,7,2
CA006158350,507,1315,11,52,5,5
GM000004204,330,1315,11,52,3,9
CA006166416,514,1315,11,52,5,5
EI000003969,225,1315,11,52,2,6
GM000004204,206,1315,11,52,2,9
CA006150689,514,1315,11,52,5,5
CA006139520,514,1315,11,52,5,5
CA006139520,330,1315,11,52,3,5
CA006137735,503,1315,11,52,5,5
USC00288878,503,1315,11,52,5,14
CA006158350,421,1315,11,52,4,5
EIE00101859,201,1315,11,52,2,7
CA006139520,508,1315,11,52,5,5
CA006139520,218,1315,11,52,2,5
CA006150689,422,1315,11,52,4,5
EIE00101859,129,1315,11,52,1,7
CA006122845,513,1315,11,52,5,5
CA006110549,508,1315,11,52,5,5
CA006150689,504,1315,11,52,5,5
UK000056225,131,1315,11,52,1,13
UK000056225,1211,1315,11,52,12,13
EIE00101859,1213,1315,11,52,12,7
CA006150689,425,1315,11,52,4,5
CA006150689,404,1315,11,52,4,5
GM000004204,418,1315,11,52,4,9
GM000004204,404,1315,11,52,4,9
CA006101872,418,1315,11,52,4,5
UK000047811,222,1315,11,52,2,13
CA006158350,414,1315,11,52,4,5
EIE00101859,130,1315,11,52,1,7
CA006166416,501,1315,11,52,5,5
BE000006447,416,1315,11,52,4,4
CA006110549,416,1315,11,52,4,5
CA006101872,413,1315,11,52,4,5
UK000056225,122,1315,11,52,1,13
CA006150689,412,1315,11,52,4,5
CA006158350,515,1315,11,52,5,5
UK000047811,425,1315,11,52,4,13
CA006150689,501,1315,11,52,5,5
UK000047811,411,1315,11,52,4,13
CA006139520,411,1315,11,52,4,5
USC00288878,1228,1315,11,52,12,14
CA006101872,515,1315,11,52,5,5
CA006101872,409,1315,11,52,4,5
BE000006447,409,1315,11,52,4,4
EI000003969,224,1315,11,52,2,6
USC00288878,406,1315,11,52,4,14
UK000056225,125,1315,11,52,1,13
CA006139520,406,1315,11,52,4,5
CA006101872,412,1315,11,52,4,5
UK000047811,1220,1315,11,52,12,13
AU000005901,131,1315,11,52,1,3
CA006153192,507,1315,11,52,5,5
EZE00100082,211,1315,11,52,2,8
BE000006447,310,1315,11,52,3,4
UK000056225,128,1315,11,52,1,13
EIE00101859,211,1315,11,52,2,7
CA006137735,507,1315,11,52,5,5
CA006148100,429,1315,11,52,4,5
USC00288878,311,1315,11,52,3,14
UK000047811,212,1315,11,52,2,13
UK000047811,209,1315,11,52,2,13
USC00288878,214,1315,11,52,2,14
ITE00100554,208,1315,11,52,2,11
ITE00100554,310,1315,11,52,3,11
ITE00100550,201,1315,11,52,2,11
BE000006447,1012,1315,11,52,10,4
EI000003969,1220,1315,11,52,12,6
ITE00100550,218,1315,11,52,2,11
ITE00100554,218,1315,11,52,2,11
ASN00086071,717,1315,11,52,7,2
UK000056225,1109,1315,11,52,11,13
UK000056225,223,1315,11,52,2,13
EZE00100082,926,1315,11,52,9,8
ITE00100550,314,1315,11,52,3,11
BE000006447,408,1315,11,52,4,4
UK000056225,1107,1315,11,52,11,13
GME00125218,206,1315,11,52,2,10
EI000003969,131,1315,11,52,1,6
AU000005901,403,1315,11,52,4,3
SZ000006717,911,1315,11,52,9,12
AU000005901,407,1315,11,52,4,3
GM000004204,328,1315,11,52,3,9
GME00125218,222,1315,11,52,2,10
ITE00100554,1106,1315,11,52,11,11
SZ000006717,704,1315,11,52,7,12
GM000004204,926,1315,11,52,9,9
EI000003969,409,1315,11,52,4,6
GM000004204,408,1315,11,52,4,9
EI000003969,1109,1315,11,52,11,6
ITE00100554,1114,1315,11,53,11,11
ASN00086071,730,1315,11,53,7,2
EI000003969,1111,1315,11,53,11,6
ITE00100554,211,1315,11,53,2,11
BE000006447,219,1315,11,53,2,4
GME00125218,422,1315,11,53,4,10
BE000006447,328,1315,11,53,3,4
AU000005901,1027,1315,11,53,10,3
ASN00086071,707,1315,11,53,7,2
EI000003969,1214,1315,11,53,12,6
UK000056225,1216,1315,11,53,12,13
ITE00100554,1108,1315,12,53,11,11
ITE00100550,211,1315,12,53,2,11
BE000006447,524,1315,12,53,5,4
ASN00086071,708,1315,12,53,7,2
SZ000006717,701,1315,12,53,7,12
AU000005901,1016,1315,12,53,10,3
BE000006447,404,1315,12,53,4,4
AU000005901,1014,1315,12,53,10,3
GME00125218,926,1315,12,53,9,10
UK000056225,515,1315,12,53,5,13
BE000006447,329,1315,12,53,3,4
AU000005901,325,1315,12,53,3,3
GME00125218,1102,1315,12,53,11,10
ASN00086071,801,1315,12,53,8,2
BE000006447,501,1315,12,53,5,4
EI000003969,302,1315,12,53,3,6
GME00125218,430,1315,12,53,4,10
UK000056225,216,1315,12,53,2,13
UK000056225,206,1315,12,53,2,13
AU000005901,928,1315,12,53,9,3
SZ000006717,715,1315,12,53,7,12
BE000006447,403,1315,12,53,4,4
BE000006447,406,1315,12,53,4,4
UK000056225,410,1315,12,53,4,13
UK000056225,220,1315,12,53,2,13
CA006148100,510,1315,12,53,5,5
CA006148100,528,1315,12,53,5,5
CA006166416,1025,1315,12,53,10,5
UK000047811,414,1315,12,53,4,13
UK000047811,525,1315,12,53,5,13
CA006158350,528,1315,12,53,5,5
BE000006447,407,1315,12,53,4,4
CA006158350,415,1315,12,53,4,5
CA006158350,1025,1315,12,53,10,5
CA006148100,1012,1315,12,53,10,5
BE000006447,515,1315,12,53,5,4
CA006106362,1012,1315,12,53,10,5
CA006150689,506,1315,12,53,5,5
EI000003969,411,1315,12,53,4,6
CA006153192,1226,1315,12,53,12,5
ASN00066062,808,1315,12,53,8,2
UK000056225,207,1315,12,53,2,13
UK000047811,409,1315,12,53,4,13
CA006158350,930,1315,12,53,9,5
UK000056225,409,1315,12,53,4,13
CA006106362,1015,1315,12,53,10,5
UK000047811,125,1315,12,53,1,13
EIE00101859,1113,1315,12,53,11,7
CA006106362,417,1315,12,53,4,5
UK000047811,128,1315,12,53,1,13
CA006148100,509,1315,12,53,5,5
CA006137735,515,1315,12,53,5,5
CA006153192,1225,1315,12,53,12,5
UK000047811,1216,1315,12,53,12,13
UK000047811,523,1315,12,53,5,13
UK000047811,211,1315,12,53,2,13
CA006166416,523,1315,12,53,5,5
CA006101872,501,1315,12,53,5,5
UK000047811,420,1315,12,53,4,13
EIE00101859,212,1315,12,53,2,7
UK000047811,421,1315,12,53,4,13
CA006106362,1029,1315,12,53,10,5
CA006122845,1029,1315,12,53,10,5
UK000047811,127,1315,12,53,1,13
USC00288878,302,1315,12,53,3,14
CA006122845,1024,1315,12,53,10,5
UK000047811,324,1315,12,53,3,13
CA006158350,1125,1315,12,53,11,5
CA006122845,1022,1315,12,53,10,5
BE000006447,1101,1315,12,53,11,4
USC00288878,521,1315,12,53,5,14
CA006122845,425,1315,12,53,4,5
CA006166416,1003,1315,12,53,10,5
CA006150689,1125,1315,12,53,11,5
CA006137735,1031,1315,12,53,10,5
CA006148100,1125,1315,12,53,11,5
ASN00086071,729,1315,12,53,7,2
UK000047811,1223,1315,12,53,12,13
EIE00101859,213,1315,12,53,2,7
CA006122845,1007,1315,12,53,10,5
ITE00100554,1213,1315,12,53,12,11
CA006106362,415,1315,12,53,4,5
CA006122845,208,1315,12,53,2,5
CA006148100,1111,1315,12,53,11,5
CA006158350,1110,1315,12,53,11,5
UK000047811,1129,1315,12,53,11,13
CA006106362,517,1315,12,53,5,5
CA006158350,1024,1315,12,53,10,5
CA006122845,418,1315,12,53,4,5
EIE00101859,131,1315,12,53,1,7
ITE00100554,1119,1315,12,53,11,11
CA006150689,1008,1315,12,53,10,5
CA006148100,1011,1315,12,53,10,5
EI000003969,1108,1315,12,53,11,6
CA006166416,507,1315,12,53,5,5
ASN00086071,803,1315,12,53,8,2
CA006137735,1024,1315,12,53,10,5
CA006139520,521,1315,12,53,5,5
CA006158350,514,1315,12,53,5,5
CA006139520,1011,1315,12,53,10,5
CA006148100,521,1315,12,53,5,5
CA006110549,1011,1315,12,53,10,5
CA006158350,1005,1315,12,53,10,5
BE000006447,1011,1315,12,53,10,4
CA006122845,401,1315,12,53,4,5
UK000047811,419,1315,12,53,4,13
ITE00100550,1120,1315,12,53,11,11
CA006101872,430,1315,12,53,4,5
ITE00100554,1007,1315,12,53,10,11
GM000004204,1102,1315,12,53,11,9
EI000003969,525,1315,12,53,5,6
GME00125218,1013,1315,12,53,10,10
UK000056225,324,1315,12,53,3,13
EI000003969,123,1315,12,53,1,6
EI000003969,223,1315,12,53,2,6
EI000003969,1226,1315,12,53,12,6
EI000003969,1107,1315,12,53,11,6
ITE00100554,1103,1315,12,53,11,11
GME00125218,1014,1315,12,53,10,10
AU000005901,409,1315,12,53,4,3
UK000056225,127,1315,12,53,1,13
UK000056225,219,1315,12,53,2,13
SZ000006717,912,1315,12,53,9,12
UK000056225,1215,1315,12,53,12,13
UK000056225,1103,1315,12,53,11,13
SZ000006717,716,1315,12,53,7,12
AU000005901,1007,1315,12,53,10,3
AU000005901,504,1315,12,53,5,3
ITE00100554,210,1315,12,53,2,11
ITE00100554,309,1315,12,53,3,11
EI000003969,1005,1315,12,53,10,6
BE000006447,1003,1315,12,53,10,4
EI000003969,1106,1315,12,53,11,6
BE000006447,1029,1315,12,53,10,4
ITE00100550,317,1315,12,54,3,11
ITE00100550,208,1315,12,54,2,11
ITE00100550,215,1315,12,54,2,11
AU000005901,308,1315,12,54,3,3
BE000006447,1007,1315,12,54,10,4
SZ000006717,817,1315,12,54,8,12
GM000004204,1030,1315,12,54,10,9
ITE00100550,1114,1315,12,54,11,11
SZ000006717,601,1315,12,54,6,12
BE000006447,516,1315,12,54,5,4
GME00125218,1031,1315,12,54,10,10
ITE00100550,1215,1315,12,54,12,11
EI000003969,515,1315,12,54,5,6
EZE00100082,1202,1315,12,54,12,8
ITE00100550,1202,1315,12,54,12,11
EI000003969,1216,1315,12,54,12,6
EI000003969,1223,1315,12,54,12,6
EI000003969,522,1315,12,54,5,6
UK000056225,326,1315,12,54,3,13
UK000056225,209,1315,12,54,2,13
SZ000006717,731,1315,12,54,7,12
GME00125218,1115,1315,12,54,11,10
EZE00100082,1030,1315,12,54,10,8
ASN00086071,804,1315,12,54,8,2
BE000006447,502,1315,12,54,5,4
EI000003969,425,1315,12,54,4,6
BE000006447,410,1315,12,54,4,4
GM000004204,211,1315,12,54,2,9
EZE00100082,516,1315,12,54,5,8
UK000056225,408,1315,12,54,4,13
UK000056225,1026,1315,12,54,10,13
GM000004204,1020,1315,12,54,10,9
CA006139520,1031,1315,12,54,10,5
USC00288878,504,1315,12,54,5,14
CA006139520,1023,1315,12,54,10,5
CA006158350,1022,1315,12,54,10,5
CA006137735,522,1315,12,54,5,5
CA006148100,1003,1315,12,54,10,5
EIE00101859,228,1315,12,54,2,7
UK000047811,1028,1315,12,54,10,13
USC00288878,1007,1315,12,54,10,14
EI000003969,1025,1315,12,54,10,6
EZE00100082,430,1315,12,54,4,8
CA006150689,1025,1315,12,54,10,5
UK000047811,1025,1315,12,54,10,13
UK000047811,1024,1315,12,54,10,13
USC00288878,428,1315,12,54,4,14
CA006137735,1226,1315,12,54,12,5
UK000047811,1026,1315,12,54,10,13
UK000047811,520,1315,12,54,5,13
EZE00100082,505,1315,12,54,5,8
CA006106362,506,1315,12,54,5,5
CA006158350,1028,1315,12,54,10,5
CA006150689,1007,1315,12,54,10,5
UK000047811,1214,1315,12,54,12,13
USC00288878,1125,1315,12,54,11,14
UK000047811,131,1315,12,54,1,13
SZ000006717,509,1315,12,54,5,12
UK000047811,1201,1315,12,54,12,13
CA006137735,302,1315,12,54,3,5
UK000056225,214,1315,12,54,2,13
CA006137735,1007,1315,12,54,10,5
CA006106362,425,1315,12,54,4,5
UK000056225,123,1315,12,54,1,13
CA006139520,1225,1315,12,54,12,5
UK000047811,514,1315,12,54,5,13
CA006122845,404,1315,12,54,4,5
SZ000006717,623,1315,12,54,6,12
CA006148100,418,1315,12,54,4,5
CA006137735,517,1315,12,54,5,5
CA006137735,405,1315,12,54,4,5
CA006122845,1111,1315,12,54,11,5
UK000047811,417,1315,12,54,4,13
CA006166416,1111,1315,12,54,11,5
UK000047811,407,1315,12,54,4,13
CA006153192,409,1315,12,54,4,5
CA006150689,1011,1315,12,54,10,5
CA006150689,430,1315,12,54,4,5
USC00288878,1004,1315,12,54,10,14
CA006110549,417,1315,12,54,4,5
CA006110549,412,1315,12,54,4,5
UK000047811,221,1315,12,54,2,13
UK000047811,515,1315,12,54,5,13
UK000047811,413,1315,12,54,4,13
CA006148100,516,1315,12,54,5,5
CA006110549,414,1315,12,54,4,5
CA006110549,516,1315,12,54,5,5
UK000047811,415,1315,12,54,4,13
CA006122845,528,1315,12,54,5,5
CA006148100,417,1315,12,54,4,5
CA006101872,425,1315,12,54,4,5
UK000047811,403,1315,12,54,4,13
USC00288878,402,1315,12,54,4,14
USC00288878,1008,1315,12,54,10,14
CA006110549,424,1315,12,54,4,5
UK000047811,1215,1315,12,54,12,13
CA006148100,1009,1315,12,54,10,5
CA006166416,1009,1315,12,54,10,5
UK000047811,1103,1315,12,54,11,13
CA006110549,926,1315,12,54,9,5
UK000047811,325,1315,12,54,3,13
CA006148100,1010,1315,12,54,10,5
BE000006447,421,1315,12,54,4,4
CA006166416,1108,1315,12,54,11,5
CA006106362,518,1315,12,54,5,5
EIE00101859,1105,1315,12,54,11,7
UK000047811,1019,1315,12,54,10,13
EI000003969,107,1315,12,54,1,6
CA006106362,524,1315,12,54,5,5
CA006166416,401,1315,12,54,4,5
CA006153192,1120,1315,12,54,11,5
CA006137735,1107,1315,12,54,11,5
UK000047811,219,1315,12,54,2,13
ITE00100550,401,1315,12,54,4,11
ASN00074128,709,1315,12,54,7,2
CA006110549,419,1315,12,54,4,5
EIE00101859,327,1315,12,54,3,7
CA006153192,411,1315,12,54,4,5
EI000003969,129,1315,12,54,1,6
AU000005901,208,1315,12,54,2,3
GM000004204,1013,1315,12,54,10,9
AU000005901,311,1315,12,54,3,3
EI000003969,106,1315,12,54,1,6
SZ000006717,914,1315,12,54,9,12
EI000003969,521,1315,12,54,5,6
EI000003969,1102,1315,12,54,11,6
ASN00086071,716,1315,12,54,7,2
BE000006447,415,1315,12,54,4,4
EZE00100082,1022,1315,12,54,10,8
EI000003969,1104,1315,12,54,11,6
UK000056225,425,1315,12,54,4,13
SZ000006717,718,1315,12,54,7,12
BE000006447,1031,1315,12,54,10,4
ASN00066062,707,1315,12,54,7,2
SZ000006717,907,1315,12,54,9,12
EI000003969,1024,1315,12,54,10,6
EI000003969,1221,1315,12,54,12,6
EI000003969,213,1315,12,54,2,6
ITE00100554,209,1315,12,54,2,11
ASN00086071,820,1315,12,54,8,2
EZE00100082,329,1315,12,54,3,8
ITE00100554,220,1315,12,54,2,11
SZ000006717,723,1315,12,54,7,12
EI000003969,429,1315,12,54,4,6
EI000003969,1028,1315,12,54,10,6
AU000005901,330,1315,12,54,3,3
ITE00100550,209,1315,12,54,2,11
AU000005901,1026,1315,12,54,10,3
ITE00100554,1014,1315,12,54,10,11
GME00125218,1023,1315,12,54,10,10
EI000003969,1007,1315,12,54,10,6
GM000004204,1021,1315,12,54,10,9
EI000003969,124,1315,12,54,1,6
EI000003969,420,1315,12,54,4,6
GME00125218,216,1315,12,54,2,10
SZ000006717,630,1315,12,54,6,12
BE000006447,412,1315,12,54,4,4
GM000004204,1031,1315,13,55,10,9
GME00125218,1030,1315,13,55,10,10
AU000005901,1018,1315,13,55,10,3
GME00125218,325,1315,13,55,3,10
EZE00100082,1016,1315,13,55,10,8
GM000004204,1027,1315,13,55,10,9
GME00125218,415,1315,13,55,4,10
EZE00100082,1026,1315,13,55,10,8
GM000004204,422,1315,13,55,4,9
EI000003969,1215,1315,13,55,12,6
UK000056225,215,1315,13,55,2,13
GM000004204,428,1315,13,55,4,9
UK000056225,1130,1315,13,55,11,13
SZ000006717,906,1315,13,55,9,12
EI000003969,210,1315,13,55,2,6
ASN00066062,708,1315,13,55,7,2
UK000056225,411,1315,13,55,4,13
EZE00100082,1014,1315,13,55,10,8
UK000056225,413,1315,13,55,4,13
UK000056225,414,1315,13,55,4,13
ASN00086071,627,1315,13,55,6,2
EI000003969,221,1315,13,55,2,6
ITE00100554,219,1315,13,55,2,11
SZ000006717,613,1315,13,55,6,12
ITE00100550,1105,1315,13,55,11,11
SZ000006717,821,1315,13,55,8,12
EZE00100082,1025,1315,13,55,10,8
SZ000006717,901,1315,13,55,9,12
UK000056225,930,1315,13,55,9,13
SZ000006717,909,1315,13,55,9,12
EZE00100082,925,1315,13,55,9,8
UK000047811,428,1315,13,55,4,13
ITE00100550,210,1315,13,55,2,11
CA006122845,1122,1315,13,55,11,5
ASN00074128,708,1315,13,55,7,2
ASN00074128,803,1315,13,55,8,2
CA006150689,1108,1315,13,55,11,5
ITE00100550,1108,1315,13,55,11,11
EIE00101859,401,1315,13,55,4,7
CA006101872,1007,1315,13,55,10,5
CA006110549,517,1315,13,55,5,5
CA006153192,1126,1315,13,55,11,5
UK000047811,405,1315,13,55,4,13
CA006150689,1111,1315,13,55,11,5
UK000047811,1015,1315,13,55,10,13
UK000047811,1017,1315,13,55,10,13
CA006153192,429,1315,13,55,4,5
UK000047811,1018,1315,13,55,10,13
CA006110549,511,1315,13,55,5,5
CA006150689,522,1315,13,55,5,5
CA006158350,508,1315,13,55,5,5
CA006101872,1101,1315,13,55,11,5
ASN00074128,717,1315,13,55,7,2
UK000047811,322,1315,13,55,3,13
UK000047811,522,1315,13,55,5,13
UK000047811,323,1315,13,55,3,13
EIE00101859,225,1315,13,55,2,7
CA006153192,501,1315,13,55,5,5
CA006101872,523,1315,13,55,5,5
CA006106362,523,1315,13,55,5,5
EIE00101859,1104,1315,13,55,11,7
CA006148100,518,1315,13,55,5,5
AU000005901,209,1315,13,55,2,3
ASN00074128,801,1315,13,55,8,2
CA006158350,1006,1315,13,55,10,5
CA006150689,1005,1315,13,55,10,5
ASN00066062,806,1315,13,55,8,2
ASN00074128,702,1315,13,55,7,2
CA006148100,1004,1315,13,55,10,5
UK000047811,416,1315,13,55,4,13
CA006153192,515,1315,13,55,5,5
CA006139520,515,1315,13,55,5,5
CA006122845,1012,1315,13,55,10,5
UK000047811,220,1315,13,55,2,13
GME00125218,423,1315,13,55,4,10
CA006153192,514,1315,13,55,5,5
CA006148100,416,1315,13,55,4,5
CA006110549,1009,1315,13,55,10,5
EI000003969,126,1315,13,55,1,6
UK000047811,126,1315,13,55,1,13
CA006166416,1010,1315,13,55,10,5
CA006110549,1010,1315,13,55,10,5
ITE00100550,1009,1315,13,55,10,11
EIE00101859,218,1315,13,55,2,7
CA006122845,926,1315,13,55,9,5
ASN00074128,926,1315,13,55,9,2
CA006148100,511,1315,13,55,5,5
CA006139520,416,1315,13,55,4,5
UK000047811,1008,1315,13,55,10,13
EIE00101859,214,1315,13,55,2,7
EIE00101859,410,1315,13,55,4,7
EI000003969,1113,1315,13,55,11,6
UK000056225,1113,1315,13,55,11,13
UK000047811,1014,1315,13,55,10,13
CA006110549,527,1315,13,55,5,5
CA006106362,1008,1315,13,55,10,5
CA006166416,528,1315,13,55,5,5
EIE00101859,1114,1315,13,55,11,7
CA006148100,1008,1315,13,55,10,5
USC00288878,412,1315,13,55,4,14
CA006158350,1008,1315,13,55,10,5
CA006166416,1008,1315,13,55,10,5
CA006101872,516,1315,13,55,5,5
ASN00074128,628,1315,13,55,6,2
CA006137735,425,1315,13,55,4,5
CA006148100,527,1315,13,55,5,5
EIE00101859,227,1315,13,55,2,7
CA006137735,1122,1315,13,55,11,5
CA006158350,521,1315,13,55,5,5
CA006122845,1030,1315,13,55,10,5
CA006150689,507,1315,13,55,5,5
CA006158350,519,1315,13,55,5,5
GM000004204,1024,1315,13,55,10,9
CA006101872,1030,1315,13,55,10,5
CA006101872,506,1315,13,55,5,5
USC00288878,1027,1315,13,55,10,14
CA006166416,1024,1315,13,55,10,5
CA006148100,1028,1315,13,55,10,5
CA006101872,1003,1315,13,55,10,5
CA006106362,1003,1315,13,55,10,5
CA006122845,1003,1315,13,55,10,5
CA006122845,521,1315,13,55,5,5
BE000006447,1030,1315,13,55,10,4
UK000047811,1023,1315,13,55,10,13
UK000047811,1030,1315,13,55,10,13
CA006153192,504,1315,13,55,5,5
CA006101872,1024,1315,13,55,10,5
CA006158350,1003,1315,13,55,10,5
EIE00101859,306,1315,13,55,3,7
CA006158350,1026,1315,13,55,10,5
CA006139520,1227,1315,13,55,12,5
CA006122845,1026,1315,13,55,10,5
CA006153192,1025,1315,13,55,10,5
CA006122845,1025,1315,13,55,10,5
CA006137735,1025,1315,13,55,10,5
CA006137735,301,1315,13,55,3,5
EIE00101859,301,1315,13,55,3,7
EI000003969,1029,1315,13,55,10,6
EI000003969,326,1315,13,55,3,6
UK000056225,412,1315,13,55,4,13
UK000056225,1019,1315,13,55,10,13
UK000056225,1005,1315,13,55,10,13
EI000003969,222,1315,13,55,2,6
SZ000006717,908,1315,13,55,9,12
AU000005901,1004,1315,13,55,10,3
EI000003969,1026,1315,13,55,10,6
AU000005901,1015,1315,13,55,10,3
UK000056225,407,1315,13,55,4,13
UK000056225,524,1315,13,55,5,13
SZ000006717,815,1315,13,55,8,12
GM000004204,1022,1315,13,55,10,9
EZE00100082,408,1315,13,55,4,8
EI000003969,414,1315,13,55,4,6
GM000004204,1001,1315,13,55,10,9
EI000003969,412,1315,13,55,4,6
ITE00100550,1106,1315,13,55,11,11
ASN00086071,702,1315,13,55,7,2
GM000004204,430,1315,13,55,4,9
ITE00100554,316,1315,13,55,3,11
ITE00100554,330,1315,13,55,3,11
ASN00086071,705,1315,13,55,7,2
UK000056225,1018,1315,13,55,10,13
EZE00100082,1015,1315,13,55,10,8
ITE00100550,1115,1315,13,55,11,11
UK000056225,106,1315,13,55,1,13
SZ000006717,822,1315,13,55,8,12
BE000006447,324,1315,13,55,3,4
GME00125218,1020,1315,13,55,10,10
ITE00100550,220,1315,13,55,2,11
EI000003969,418,1315,13,55,4,6
UK000056225,1023,1315,13,56,10,13
EI000003969,524,1315,13,56,5,6
BE000006447,323,1315,13,56,3,4
AU000005901,328,1315,13,56,3,3
AU000005901,418,1315,13,56,4,3
ASN00066062,730,1315,13,56,7,2
GM000004204,415,1315,13,56,4,9
GME00125218,1021,1315,13,56,10,10
GM000004204,925,1315,13,56,9,9
ITE00100554,1013,1315,13,56,10,11
AU000005901,925,1315,13,56,9,3
UK000056225,325,1315,13,56,3,13
GM000004204,216,1315,13,56,2,9
BE000006447,414,1315,13,56,4,4
EZE00100082,616,1315,13,56,6,8
EI000003969,323,1315,13,56,3,6
UK000056225,1027,1315,13,56,10,13
EI000003969,415,1315,13,56,4,6
ITE00100554,315,1315,13,56,3,11
ASN00066062,801,1315,13,56,8,2
EI000003969,523,1315,13,56,5,6
UK000056225,421,1315,13,56,4,13
EI000003969,413,1315,13,56,4,6
ITE00100554,501,1315,13,56,5,11
UK000056225,331,1315,13,56,3,13
CA006150689,418,1315,13,56,4,5
CA006158350,426,1315,13,56,4,5
UK000047811,426,1315,13,56,4,13
CA006137735,1003,1315,13,56,10,5
CA006148100,525,1315,13,56,5,5
USC00288878,1111,1315,13,56,11,14
USC00288878,1028,1315,13,56,10,14
CA006158350,525,1315,13,56,5,5
CA006110549,1029,1315,13,56,10,5
UK000047811,1001,1315,13,56,10,13
CA006153192,418,1315,13,56,4,5
CA006148100,1029,1315,13,56,10,5
GM000004204,514,1315,13,56,5,9
UK000047811,1009,1315,13,56,10,13
USC00288878,1108,1315,13,56,11,14
USC00288878,1023,1315,13,56,10,14
CA006137735,521,1315,13,56,5,5
EIE00101859,1112,1315,13,56,11,7
CA006122845,426,1315,13,56,4,5
CA006148100,426,1315,13,56,4,5
CA006148100,415,1315,13,56,4,5
EIE00101859,1115,1315,13,56,11,7
EI000003969,219,1315,13,56,2,6
EIE00101859,1017,1315,13,56,10,7
USC00288878,1124,1315,13,56,11,14
CA006166416,926,1315,13,56,9,5
UK000056225,126,1315,13,56,1,13
EIE00101859,513,1315,13,56,5,7
CA006150689,419,1315,13,56,4,5
UK000056225,1012,1315,13,56,10,13
CA006137735,1008,1315,13,56,10,5
CA006122845,416,1315,13,56,4,5
EIE00101859,217,1315,13,56,2,7
CA006150689,1009,1315,13,56,10,5
CA006150689,1028,1315,13,56,10,5
UK000056225,1214,1315,13,56,12,13
EI000003969,127,1315,13,56,1,6
CA006158350,923,1315,13,56,9,5
CA006166416,1028,1315,13,56,10,5
EIE00101859,1026,1315,13,56,10,7
CA006137735,1012,1315,13,56,10,5
CA006101872,514,1315,13,56,5,5
CA006153192,422,1315,13,56,4,5
EIE00101859,215,1315,13,56,2,7
CA006101872,1015,1315,13,56,10,5
EIE00101859,409,1315,13,56,4,7
CA006158350,520,1315,13,56,5,5
CA006166416,419,1315,13,56,4,5
CA006122845,1011,1315,13,56,10,5
CA006148100,412,1315,13,56,4,5
CA006148100,1030,1315,13,56,10,5
EIE00101859,226,1315,13,56,2,7
ASN00074128,712,1315,13,56,7,2
USC00288878,401,1315,13,56,4,14
UK000056225,1213,1315,13,56,12,13
EZE00100082,518,1315,13,56,5,8
CA006166416,430,1315,13,56,4,5
UK000047811,1005,1315,13,56,10,13
EIE00101859,328,1315,13,56,3,7
ASN00074128,730,1315,13,56,7,2
EIE00101859,1023,1315,13,56,10,7
USC00288878,1101,1315,13,56,11,14
EIE00101859,1019,1315,13,56,10,7
EI000003969,322,1315,13,56,3,6
EIE00101859,1106,1315,13,56,11,7
EIE00101859,331,1315,13,56,3,7
CA006148100,504,1315,13,56,5,5
UK000047811,930,1315,13,56,9,13
CA006150689,1101,1315,13,56,11,5
CA006148100,1101,1315,13,56,11,5
USC00288878,403,1315,13,56,4,14
GME00125218,522,1315,13,56,5,10
EIE00101859,1020,1315,13,56,10,7
EZE00100082,1031,1315,13,56,10,8
GME00125218,609,1315,13,56,6,10
CA006139520,517,1315,13,56,5,5
EI000003969,128,1315,13,56,1,6
CA006158350,914,1315,13,56,9,5
EIE00101859,1103,1315,13,56,11,7
ASN00086071,715,1315,13,56,7,2
EIE00101859,1029,1315,13,56,10,7
ASN00074128,718,1315,13,56,7,2
CA006153192,1227,1315,13,56,12,5
CA006148100,1104,1315,13,56,11,5
CA006106362,1005,1315,13,56,10,5
CA006158350,1004,1315,13,56,10,5
CA006137735,1227,1315,13,56,12,5
CA006148100,1102,1315,13,56,11,5
EIE00101859,1005,1315,13,56,10,7
CA006166416,1004,1315,13,56,10,5
CA006158350,509,1315,13,56,5,5
CA006101872,401,1315,13,56,4,5
AU000005901,1020,1315,13,56,10,3
ITE00100554,1118,1315,13,56,11,11
AU000005901,326,1315,13,56,3,3
EZE00100082,617,1315,13,56,6,8
ASN00086071,912,1315,13,56,9,2
EI000003969,516,1315,13,56,5,6
UK000056225,1024,1315,13,56,10,13
ASN00066062,802,1315,13,56,8,2
AU000005901,309,1315,13,56,3,3
ITE00100550,1110,1315,13,56,11,11
AU000005901,918,1315,14,56,9,3
AU000005901,709,1315,14,56,7,3
SZ000006717,810,1315,14,56,8,12
BE000006447,1019,1315,14,56,10,4
AU000005901,517,1315,14,56,5,3
ASN00086071,724,1315,14,56,7,2
AU000005901,329,1315,14,56,3,3
AU000005901,1030,1315,14,56,10,3
ASN00066062,731,1315,14,56,7,2
EI000003969,416,1315,14,56,4,6
EI000003969,1006,1315,14,56,10,6
GME00125218,414,1315,14,56,4,10
EI000003969,427,1315,14,56,4,6
ITE00100554,1105,1315,14,56,11,11
GME00125218,929,1315,14,56,9,10
AU000005901,413,1315,14,56,4,3
BE000006447,422,1315,14,56,4,4
EZE00100082,1021,1315,14,56,10,8
BE000006447,327,1315,14,56,3,4
EZE00100082,928,1315,14,56,9,8
ITE00100554,312,1315,14,56,3,11
ASN00086071,703,1315,14,56,7,2
GM000004204,1115,1315,14,56,11,9
GM000004204,429,1315,14,56,4,9
GME00125218,925,1315,14,56,9,10
GM000004204,1014,1315,14,56,10,9
AU000005901,327,1315,14,56,3,3
EI000003969,406,1315,14,57,4,6
SZ000006717,719,1315,14,57,7,12
SZ000006717,721,1315,14,57,7,12
EI000003969,410,1315,14,57,4,6
ITE00100554,222,1315,14,57,2,11
ASN00066062,803,1315,14,57,8,2
ASN00086071,1004,1315,14,57,10,2
EI000003969,404,1315,14,57,4,6
EI000003969,1130,1315,14,57,11,6
EI000003969,408,1315,14,57,4,6
EI000003969,1009,1315,14,57,10,6
GM000004204,1019,1315,14,57,10,9
EZE00100082,414,1315,14,57,4,8
GME00125218,217,1315,14,57,2,10
UK000056225,1006,1315,14,57,10,13
EZE00100082,415,1315,14,57,4,8
UK000056225,427,1315,14,57,4,13
GME00125218,324,1315,14,57,3,10
BE000006447,217,1315,14,57,2,4
BE000006447,1021,1315,14,57,10,4
ITE00100550,1103,1315,14,57,11,11
GME00125218,426,1315,14,57,4,10
GME00125218,518,1315,14,57,5,10
GME00125218,708,1315,14,57,7,10
GM000004204,324,1315,14,57,3,9
UK000056225,323,1315,14,57,3,13
ITE00100550,221,1315,14,57,2,11
GM000004204,522,1315,14,57,5,9
UK000056225,419,1315,14,57,4,13
GM000004204,329,1315,14,57,3,9
UK000056225,426,1315,14,57,4,13
ITE00100554,327,1315,14,57,3,11
SZ000006717,809,1315,14,57,8,12
CA006150689,1026,1315,14,57,10,5
CA006153192,1023,1315,14,57,10,5
CA006150689,1031,1315,14,57,10,5
CA006158350,1011,1315,14,57,10,5
SZ000006717,811,1315,14,57,8,12
EIE00101859,417,1315,14,57,4,7
CA006153192,1026,1315,14,57,10,5
CA006122845,1010,1315,14,57,10,5
CA006139520,1120,1315,14,57,11,5
EIE00101859,1101,1315,14,57,11,7
CA006166416,1011,1315,14,57,10,5
CA006137735,1011,1315,14,57,10,5
CA006166416,1026,1315,14,57,10,5
CA006110549,1102,1315,14,57,11,5
CA006150689,1010,1315,14,57,10,5
CA006110549,420,1315,14,57,4,5
CA006158350,1030,1315,14,57,10,5
EIE00101859,219,1315,14,57,2,7
EIE00101859,1031,1315,14,57,10,7
CA006166416,914,1315,14,57,9,5
EIE00101859,305,1315,14,57,3,7
CA006137735,409,1315,14,57,4,5
ASN00074128,802,1315,14,57,8,2
CA006153192,401,1315,14,57,4,5
EIE00101859,408,1315,14,57,4,7
CA006139520,408,1315,14,57,4,5
CA006137735,408,1315,14,57,4,5
ASN00086071,806,1315,14,57,8,2
ASN00074128,703,1315,14,57,7,2
ASN00074128,917,1315,14,57,9,2
UK000047811,401,1315,14,57,4,13
EZE00100082,1018,1315,14,57,10,8
CA006148100,1015,1315,14,57,10,5
UK000047811,406,1315,14,57,4,13
ASN00074128,704,1315,14,57,7,2
EIE00101859,1018,1315,14,57,10,7
ASN00074128,805,1315,14,57,8,2
EIE00101859,1107,1315,14,57,11,7
EIE00101859,403,1315,14,57,4,7
CA006153192,517,1315,14,57,5,5
EIE00101859,1016,1315,14,57,10,7
SZ000006717,902,1315,14,57,9,12
CA006150689,1109,1315,14,57,11,5
UK000047811,1016,1315,14,57,10,13
UK000056225,403,1315,14,57,4,13
ASN00074128,907,1315,14,57,9,2
CA006122845,1015,1315,14,57,10,5
CA006110549,1015,1315,14,57,10,5
CA006139520,1024,1315,14,57,10,5
CA006101872,416,1315,14,57,4,5
UK000047811,1012,1315,14,57,10,13
USC00288878,520,1315,14,57,5,14
UK000056225,415,1315,14,57,4,13
EIE00101859,1027,1315,14,57,10,7
CA006110549,1013,1315,14,57,10,5
EIE00101859,414,1315,14,57,4,7
CA006139520,523,1315,14,57,5,5
ASN00086071,521,1315,14,57,5,2
CA006122845,1014,1315,14,57,10,5
BE000006447,413,1315,14,57,4,4
CA006148100,1014,1315,14,57,10,5
BE000006447,1020,1315,14,57,10,4
CA006166416,412,1315,14,57,4,5
EIE00101859,329,1315,14,57,3,7
CA006150689,516,1315,14,57,5,5
CA006122845,412,1315,14,57,4,5
EI000003969,1019,1315,14,57,10,6
EI000003969,630,1315,14,57,6,6
CA006110549,331,1315,14,57,3,5
CA006137735,411,1315,14,57,4,5
ASN00086071,923,1315,14,57,9,2
EIE00101859,303,1315,14,57,3,7
EI000003969,331,1315,14,57,3,6
CA006166416,516,1315,14,57,5,5
CA006158350,416,1315,14,57,4,5
CA006106362,522,1315,14,57,5,5
ITE00100554,1120,1315,14,57,11,11
EIE00101859,512,1315,14,57,5,7
EZE00100082,422,1315,14,57,4,8
BE000006447,215,1315,14,57,2,4
CA006106362,513,1315,14,57,5,5
CA006137735,429,1315,14,57,4,5
EIE00101859,1007,1315,14,57,10,7
CA006122845,429,1315,14,57,4,5
CA006153192,1005,1315,14,57,10,5
CA006137735,501,1315,14,57,5,5
CA006110549,512,1315,14,57,5,5
EIE00101859,1009,1315,14,57,10,7
USC00288878,1128,1315,14,57,11,14
CA006139520,1122,1315,14,57,11,5
UK000047811,614,1315,14,57,6,13
CA006166416,510,1315,14,57,5,5
CA006110549,513,1315,14,57,5,5
EI000003969,201,1315,14,57,2,6
CA006166416,511,1315,14,57,5,5
ASN00086071,617,1315,14,57,6,2
CA006110549,1008,1315,14,57,10,5
CA006137735,508,1315,14,57,5,5
CA006137735,427,1315,14,57,4,5
UK000047811,501,1315,14,57,5,13
CA006153192,425,1315,14,57,4,5
CA006110549,1007,1315,14,57,10,5
CA006153192,427,1315,14,57,4,5
CA006153192,1003,1315,14,57,10,5
EIE00101859,1004,1315,14,57,10,7
CA006106362,429,1315,14,57,4,5
CA006139520,1003,1315,14,57,10,5
USC00288878,930,1315,14,57,9,14
CA006137735,1123,1315,14,57,11,5
ASN00074128,619,1315,14,57,6,2
ITE00100550,1006,1315,14,57,10,11
ITE00100550,1119,1315,14,57,11,11
GME00125218,1027,1315,14,57,10,10
GM000004204,1023,1315,14,57,10,9
ITE00100550,402,1315,14,57,4,11
BE000006447,1001,1315,14,57,10,4
EZE00100082,326,1315,14,57,3,8
EZE00100082,1019,1315,14,57,10,8
ITE00100550,312,1315,14,57,3,11
ITE00100554,1018,1315,14,57,10,11
GM000004204,217,1315,14,57,2,9
GME00125218,1022,1315,14,57,10,10
ITE00100550,1011,1315,14,57,10,11
GM000004204,505,1315,14,57,5,9
ASN00086071,611,1315,14,57,6,2
ITE00100550,1212,1315,14,57,12,11
AU000005901,321,1315,14,57,3,3
GM000004204,426,1315,14,57,4,9
AU000005901,1019,1315,14,57,10,3
ASN00086071,905,1315,14,57,9,2
ASN00066062,907,1315,14,57,9,2
EI000003969,430,1315,14,57,4,6
BE000006447,924,1315,14,57,9,4
ITE00100554,221,1315,14,57,2,11
BE000006447,927,1315,14,57,9,4
UK000056225,725,1315,14,57,7,13
BE000006447,926,1315,14,57,9,4
BE000006447,1013,1315,14,57,10,4
GM000004204,615,1315,14,57,6,9
GME00125218,1001,1315,14,57,10,10
ASN00074128,925,1315,14,58,9,2
UK000056225,916,1315,14,58,9,13
ITE00100554,1117,1315,14,58,11,11
EI000003969,1001,1315,14,58,10,6
EI000003969,325,1315,14,58,3,6
BE000006447,925,1315,14,58,9,4
UK000056225,516,1315,14,58,5,13
ITE00100554,1028,1315,14,58,10,11
ASN00066062,804,1315,14,58,8,2
ITE00100550,331,1315,14,58,3,11
ASN00074128,731,1315,14,58,7,2
ASN00086071,628,1315,14,58,6,2
ITE00100554,1110,1315,14,58,11,11
EI000003969,1013,1315,14,58,10,6
UK000056225,1029,1315,14,58,10,13
GM000004204,501,1315,14,58,5,9
EI000003969,925,1315,14,58,9,6
ASN00086071,618,1315,14,58,6,2
BE000006447,326,1315,14,58,3,4
ASN00086071,630,1315,14,58,6,2
EI000003969,1002,1315,14,58,10,6
ASN00066062,821,1315,14,58,8,2
EI000003969,1016,1315,14,58,10,6
ITE00100554,329,1315,14,58,3,11
ASN00086071,805,1315,14,58,8,2
ASN00086071,907,1315,14,58,9,2
ASN00086071,811,1315,14,58,8,2
AU000005901,422,1315,14,58,4,3
ITE00100554,401,1315,14,58,4,11
ASN00066062,709,1315,14,58,7,2
ASN00086071,822,1315,14,58,8,2
EI000003969,407,1315,14,58,4,6
EIE00101859,404,1315,14,58,4,7
CA006137735,1005,1315,14,58,10,5
EI000003969,512,1315,14,58,5,6
EIE00101859,1015,1315,14,58,10,7
ASN00074128,806,1315,14,58,8,2
AU000005901,408,1315,14,58,4,3
EIE00101859,1008,1315,14,58,10,7
CA006110549,1104,1315,14,58,11,5
EZE00100082,1017,1315,14,58,10,8
USC00288878,1013,1315,14,58,10,14
CA006139520,1005,1315,14,58,10,5
CA006148100,1109,1315,14,58,11,5
GME00125218,329,1315,14,58,3,10
CA006150689,927,1315,14,58,9,5
EIE00101859,1109,1315,14,58,11,7
USC00288878,1006,1315,14,58,10,14
GME00125218,501,1315,14,58,5,10
EIE00101859,407,1315,14,58,4,7
CA006122845,520,1315,14,58,5,5
CA006110549,1110,1315,14,58,11,5
EIE00101859,1102,1315,14,58,11,7
EIE00101859,224,1315,14,58,2,7
CA006137735,1126,1315,14,58,11,5
CA006150689,415,1315,14,58,4,5
CA006166416,415,1315,14,58,4,5
CA006166416,1102,1315,14,58,11,5
GM000004204,730,1315,14,58,7,9
UK000047811,427,1315,14,58,4,13
ASN00086071,528,1315,14,58,5,2
UK000047811,516,1315,14,58,5,13
CA006150689,1104,1315,14,58,11,5
CA006122845,1008,1315,14,58,10,5
EIE00101859,905,1315,14,58,9,7
CA006139520,1107,1315,14,58,11,5
CA006110549,426,1315,14,58,4,5
UK000047811,331,1315,14,58,3,13
CA006166416,1014,1315,14,58,10,5
USC00288878,410,1315,14,58,4,14
EIE00101859,1006,1315,14,58,10,7
USC00288878,411,1315,14,58,4,14
EIE00101859,923,1315,14,58,9,7
CA006101872,1008,1315,14,58,10,5
EIE00101859,330,1315,14,58,3,7
ASN00086071,711,1315,14,58,7,2
CA006166416,518,1315,14,58,5,5
EIE00101859,1014,1315,14,58,10,7
ASN00074128,924,1315,14,58,9,2
CA006150689,1014,1315,14,58,10,5
CA006148100,524,1315,14,58,5,5
ASN00074128,711,1315,14,58,7,2
EIE00101859,413,1315,14,58,4,7
CA006166416,1104,1315,14,58,11,5
CA006148100,1108,1315,14,58,11,5
CA006148100,413,1315,14,58,4,5
USC00288878,1126,1315,14,58,11,14
CA006158350,430,1315,14,58,4,5
USC00288878,425,1315,14,58,4,14
CA006166416,517,1315,14,58,5,5
CA006158350,524,1315,14,58,5,5
ASN00074128,629,1315,14,58,6,2
CA006110549,518,1315,14,58,5,5
EIE00101859,402,1315,14,58,4,7
EIE00101859,929,1315,14,58,9,7
CA006158350,527,1315,14,58,5,5
CA006158350,926,1315,14,58,9,5
CA006137735,422,1315,14,58,4,5
CA006150689,1003,1315,14,58,10,5
CA006122845,1123,1315,14,58,11,5
CA006106362,508,1315,14,58,5,5
USC00288878,1024,1315,14,58,10,14
CA006148100,1123,1315,14,58,11,5
EIE00101859,1003,1315,14,58,10,7
EIE00101859,302,1315,14,58,3,7
ASN00074128,914,1315,14,58,9,2
UK000047811,423,1315,14,58,4,13
EIE00101859,220,1315,14,58,2,7
CA006166416,1029,1315,14,58,10,5
ASN00086071,829,1315,14,58,8,2
CA006158350,1010,1315,14,58,10,5
EIE00101859,1030,1315,14,58,10,7
CA006139520,1026,1315,14,58,10,5
USC00288878,1030,1315,14,58,10,14
ASN00074128,621,1315,14,58,6,2
CA006137735,1026,1315,14,58,10,5
CA006101872,513,1315,14,58,5,5
CA006137735,914,1315,14,58,9,5
ASN00074128,822,1315,14,58,8,2
CA006110549,519,1315,14,58,5,5
CA006153192,1029,1315,14,58,10,5
CA006137735,1029,1315,14,58,10,5
CA006101872,1029,1315,14,58,10,5
USC00288878,1026,1315,14,58,10,14
UK000047811,422,1315,14,58,4,13
CA006158350,1009,1315,14,58,10,5
CA006158350,1027,1315,14,58,10,5
ASN00086071,821,1315,14,58,8,2
GME00125218,1024,1315,14,58,10,10
EIE00101859,1024,1315,14,58,10,7
CA006122845,1028,1315,14,58,10,5
CA006137735,1009,1315,14,58,10,5
CA006153192,1028,1315,14,58,10,5
USC00288878,505,1315,14,58,5,14
CA006148100,419,1315,14,58,4,5
CA006148100,910,1315,14,58,9,5
CA006110549,521,1315,14,58,5,5
EIE00101859,1010,1315,14,58,10,7
EIE00101859,1028,1315,14,58,10,7
EIE00101859,304,1315,14,58,3,7
CA006110549,1003,1315,14,58,10,5
CA006101872,1001,1315,14,58,10,5
EIE00101859,514,1315,14,58,5,7
CA006148100,926,1315,14,58,9,5
CA006148100,914,1315,14,58,9,5
BE000006447,1023,1315,14,58,10,4
UK000047811,521,1315,14,58,5,13
ASN00086071,926,1315,14,58,9,2
CA006148100,520,1315,14,58,5,5
CA006122845,1101,1315,14,58,11,5
CA006150689,513,1315,14,58,5,5
CA006153192,520,1315,14,58,5,5
EIE00101859,422,1315,14,58,4,7
USC00288878,508,1315,14,58,5,14
EIE00101859,222,1315,14,58,2,7
EIE00101859,930,1315,14,58,9,7
ASN00086071,823,1315,14,58,8,2
CA006166416,522,1315,14,58,5,5
CA006166416,416,1315,14,58,4,5
EIE00101859,416,1315,14,58,4,7
EIE00101859,1012,1315,14,58,10,7
CA006139520,1010,1315,14,58,10,5
CA006150689,1004,1315,14,58,10,5
ASN00074128,814,1315,14,58,8,2
EIE00101859,216,1315,14,58,2,7
USC00288878,1001,1315,14,58,10,14
UK000056225,1025,1315,14,58,10,13
EI000003969,220,1315,14,58,2,6
BE000006447,503,1315,14,58,5,4
ASN00086071,710,1315,14,58,7,2
ITE00100554,317,1315,14,58,3,11
GME00125218,427,1315,14,58,4,10
ASN00086071,701,1315,14,58,7,2
EZE00100082,502,1315,14,58,5,8
ASN00086071,629,1315,14,58,6,2
BE000006447,1002,1315,14,58,10,4
BE000006447,615,1315,14,58,6,4
GME00125218,730,1315,14,58,7,10
BE000006447,1114,1315,14,58,11,4
ASN00086071,902,1315,14,58,9,2
AU000005901,411,1315,14,58,4,3
EZE00100082,1020,1315,14,58,10,8
EZE00100082,614,1315,14,58,6,8
GM000004204,617,1315,14,58,6,9
BE000006447,1022,1315,15,58,10,4
AU000005901,415,1315,15,58,4,3
UK000056225,1114,1315,15,58,11,13
EI000003969,715,1315,15,58,7,6
ITE00100554,402,1315,15,58,4,11
GM000004204,423,1315,15,58,4,9
GM000004204,1018,1315,15,58,10,9
EI000003969,615,1315,15,58,6,6
SZ000006717,818,1315,15,58,8,12
EI000003969,1015,1315,15,58,10,6
EI000003969,526,1315,15,58,5,6
UK000056225,511,1315,15,58,5,13
ASN00086071,714,1315,15,58,7,2
EZE00100082,327,1315,15,58,3,8
SZ000006717,812,1315,15,58,8,12
BE000006447,1115,1315,15,58,11,4
BE000006447,325,1315,15,58,3,4
ITE00100554,1102,1315,15,58,11,11
ASN00066062,714,1315,15,58,7,2
ITE00100550,219,1315,15,59,2,11
ITE00100550,313,1315,15,59,3,11
EI000003969,417,1315,15,59,4,6
ITE00100554,925,1315,15,59,9,11
EI000003969,1010,1315,15,59,10,6
UK000056225,923,1315,15,59,9,13
UK000056225,1001,1315,15,59,10,13
GME00125218,804,1315,15,59,8,10
EI000003969,1031,1315,15,59,10,6
SZ000006717,612,1315,15,59,6,12
ASN00086071,620,1315,15,59,6,2
SZ000006717,813,1315,15,59,8,12
GM000004204,929,1315,15,59,9,9
BE000006447,517,1315,15,59,5,4
ASN00086071,502,1315,15,59,5,2
ITE00100554,1008,1315,15,59,10,11
ITE00100554,1011,1315,15,59,10,11
ASN00086071,802,1315,15,59,8,2
GME00125218,1026,1315,15,59,10,10
ASN00086071,527,1315,15,59,5,2
ASN00066062,522,1315,15,59,5,2
GM000004204,414,1315,15,59,4,9
AU000005901,1031,1315,15,59,10,3
ASN00086071,814,1315,15,59,8,2
CA006139520,520,1315,15,59,5,5
CA006110549,1108,1315,15,59,11,5
ASN00086071,520,1315,15,59,5,2
EIE00101859,1025,1315,15,59,10,7
CA006106362,1025,1315,15,59,10,5
CA006158350,1108,1315,15,59,11,5
EIE00101859,1108,1315,15,59,11,7
CA006110549,520,1315,15,59,5,5
ASN00074128,705,1315,15,59,7,2
CA006158350,1109,1315,15,59,11,5
ASN00086071,613,1315,15,59,6,2
EIE00101859,927,1315,15,59,9,7
AU000005901,1017,1315,15,59,10,3
CA006106362,1109,1315,15,59,11,5
EIE00101859,908,1315,15,59,9,7
UK000047811,725,1315,15,59,7,13
UK000047811,404,1315,15,59,4,13
AU000005901,1025,1315,15,59,10,3
ASN00090015,707,1315,15,59,7,2
CA006139520,1025,1315,15,59,10,5
CA006139520,1022,1315,15,59,10,5
ITE00100554,1006,1315,15,59,10,11
CA006122845,1004,1315,15,59,10,5
UK000047811,1020,1315,15,59,10,13
AU000005901,1023,1315,15,59,10,3
AU000005901,1021,1315,15,59,10,3
CA006137735,1004,1315,15,59,10,5
EIE00101859,1021,1315,15,59,10,7
UK000047811,1022,1315,15,59,10,13
CA006153192,1031,1315,15,59,10,5
ASN00074128,715,1315,15,59,7,2
CA006153192,1004,1315,15,59,10,5
CA006122845,1104,1315,15,59,11,5
ASN00090015,715,1315,15,59,7,2
CA006110549,1101,1315,15,59,11,5
CA006158350,1102,1315,15,59,11,5
CA006148100,930,1315,15,59,9,5
CA006101872,1005,1315,15,59,10,5
CA006122845,1102,1315,15,59,11,5
CA006101872,509,1315,15,59,5,5
CA006166416,1101,1315,15,59,11,5
CA006158350,1101,1315,15,59,11,5
CA006153192,914,1315,15,59,9,5
CA006122845,207,1315,15,59,2,5
CA006158350,518,1315,15,59,5,5
CA006158350,107,1315,-21,-6,1,5
CA006110549,108,1315,-17,2,1,5
CA006110549,215,1315,-17,2,2,5
CA006110549,106,1315,-16,3,1,5
CA006158350,114,1315,-16,3,1,5
CA006150689,115,1315,-16,3,1,5
CA006150689,108,1315,-16,3,1,5
CA006148100,216,1315,-16,4,2,5
CA006106362,1220,1315,-16,4,12,5
CA006150689,105,1315,-16,4,1,5
CA006110549,105,1315,-15,5,1,5
CA006150689,106,1315,-15,5,1,5
CA006106362,1229,1315,-15,5,12,5
SZ000006717,1120,1315,-15,5,11,12
CA006158350,106,1315,-14,6,1,5
CA006106362,1221,1315,-14,6,12,5
CA006106362,216,1315,-14,7,2,5
CA006158350,215,1315,-14,7,2,5
CA006150689,1221,1315,-13,8,12,5
CA006158350,108,1315,-13,8,1,5
CA006153192,216,1315,-13,8,2,5
USC00288878,108,1315,-13,8,1,14
CA006106362,1215,1315,-13,8,12,5
CA006106362,1214,1315,-13,9,12,5
CA006110549,115,1315,-13,9,1,5
CA006106362,1228,1315,-13,9,12,5
CA006139520,1220,1315,-13,9,12,5
CA006166416,1228,1315,-13,9,12,5
CA006137735,1220,1315,-12,10,12,5
CA006148100,108,1315,-12,10,1,5
CA006110549,109,1315,-12,10,1,5
CA006106362,207,1315,-12,10,2,5
CA006110549,216,1315,-12,11,2,5
CA006148100,205,1315,-12,11,2,5
SZ000006717,110,1315,-12,11,1,12
CA006166416,1220,1315,-11,12,12,5
CA006158350,317,1315,-11,12,3,5
CA006166416,1221,1315,-11,12,12,5
CA006106362,1213,1315,-11,12,12,5
CA006148100,105,1315,-11,12,1,5
CA006110549,1220,1315,-11,12,12,5
SZ000006717,1129,1315,-11,13,11,12
CA006158350,225,1315,-11,13,2,5
CA006150689,216,1315,-11,13,2,5
CA006158350,1214,1315,-11,13,12,5
SZ000006717,314,1315,-10,13,3,12
SZ000006717,1121,1315,-10,13,11,12
CA006158350,1220,1315,-10,14,12,5
CA006150689,1214,1315,-10,14,12,5
CA006158350,204,1315,-10,14,2,5
CA006166416,1214,1315,-10,14,12,5
CA006106362,1231,1315,-10,14,12,5
CA006110549,205,1315,-10,14,2,5
CA006106362,202,1315,-10,14,2,5
CA006106362,203,1315,-10,14,2,5
CA006150689,1215,1315,-10,14,12,5
CA006148100,122,1315,-10,14,1,5
CA006148100,1215,1315,-9,15,12,5
CA006148100,203,1315,-9,15,2,5
CA006150689,1228,1315,-9,15,12,5
CA006148100,1220,1315,-9,15,12,5
CA006148100,109,1315,-9,15,1,5
SZ000006717,1126,1315,-9,15,11,12
CA006106362,201,1315,-9,15,2,5
CA006158350,105,1315,-9,15,1,5
CA006150689,1220,1315,-9,15,12,5
CA006158350,121,1315,-9,15,1,5
SZ000006717,1130,1315,-9,15,11,12
CA006150689,205,1315,-9,15,2,5
CA006153192,108,1315,-9,15,1,5
SZ000006717,1128,1315,-9,15,11,12
SZ000006717,204,1315,-9,15,2,12
SZ000006717,309,1315,-9,16,3,12
CA006158350,216,1315,-9,16,2,5
CA006148100,1212,1315,-9,16,12,5
CA006150689,109,1315,-9,16,1,5
CA006148100,206,1315,-9,16,2,5
CA006150689,1229,1315,-9,16,12,5
CA006148100,115,1315,-9,16,1,5
CA006158350,325,1315,-9,16,3,5
CA006110549,122,1315,-9,16,1,5
CA006148100,1214,1315,-9,16,12,5
CA006166416,1215,1315,-9,16,12,5
USC00288878,1221,1315,-9,16,12,14
CA006158350,205,1315,-9,16,2,5
CA006148100,106,1315,-8,17,1,5
SZ000006717,1202,1315,-8,17,12,12
CA006110549,206,1315,-8,17,2,5
CA006106362,206,1315,-8,17,2,5
CA006148100,123,1315,-8,17,1,5
CA006150689,206,1315,-8,17,2,5
CA006166416,1229,1315,-8,17,12,5
CA006139520,1229,1315,-8,17,12,5
SZ000006717,315,1315,-8,17,3,12
CA006110549,1214,1315,-8,17,12,5
SZ000006717,214,1315,-8,17,2,12
SZ000006717,112,1315,-8,17,1,12
SZ000006717,227,1315,-8,17,2,12
SZ000006717,1217,1315,-8,17,12,12
SZ000006717,111,1315,-8,18,1,12
SZ000006717,1127,1315,-8,18,11,12
SZ000006717,308,1315,-8,18,3,12
SZ000006717,102,1315,-8,18,1,12
SZ000006717,101,1315,-8,18,1,12
SZ000006717,316,1315,-8,18,3,12
CA006148100,1213,1315,-8,18,12,5
CA006106362,1217,1315,-8,18,12,5
CA006110549,1228,1315,-8,18,12,5
CA006158350,122,1315,-8,18,1,5
CA006110549,1230,1315,-8,18,12,5
CA006148100,215,1315,-8,18,2,5
CA006158350,206,1315,-8,18,2,5
CA006148100,202,1315,-8,18,2,5
CA006150689,202,1315,-8,18,2,5
SZ000006717,1201,1315,-8,18,12,12
SZ000006717,215,1315,-8,18,2,12
SZ000006717,226,1315,-8,18,2,12
SZ000006717,313,1315,-7,19,3,12
CA006148100,1228,1315,-7,19,12,5
USC00288878,216,1315,-7,19,2,14
CA006153192,123,1315,-7,19,1,5
SZ000006717,218,1315,-7,19,2,12
USC00288878,105,1315,-7,19,1,14
SZ000006717,113,1315,-7,19,1,12
CA006150689,203,1315,-7,19,2,5
CA006148100,1211,1315,-7,19,12,5
CA006110549,1229,1315,-7,19,12,5
CA006158350,109,1315,-7,19,1,5
CA006150689,125,1315,-7,19,1,5
CA006153192,1221,1315,-7,19,12,5
CA006150689,127,1315,-7,19,1,5
CA006148100,1221,1315,-7,19,12,5
CA006139520,1212,1315,-7,19,12,5
CA006153192,106,1315,-7,19,1,5
SZ000006717,319,1315,-7,19,3,12
SZ000006717,109,1315,-7,19,1,12
SZ000006717,301,1315,-7,20,3,12
SZ000006717,311,1315,-7,20,3,12
CA006153192,109,1315,-7,20,1,5
CA006106362,309,1315,-7,20,3,5
CA006110549,1215,1315,-7,20,12,5
CA006153192,205,1315,-7,20,2,5
CA006158350,203,1315,-7,20,2,5
CA006122845,1214,1315,-7,20,12,5
USC00288878,205,1315,-7,20,2,14
CA006106362,307,1315,-7,20,3,5
CA006137735,1229,1315,-7,20,12,5
CA006139520,1213,1315,-7,20,12,5
CA006139520,1227,1315,-7,20,12,5
CA006158350,1228,1315,-7,20,12,5
USC00288878,107,1315,-7,20,1,14
SZ000006717,203,1315,-7,20,2,12
SZ000006717,1216,1315,-6,20,12,12
SZ000006717,1208,1315,-6,21,12,12
SZ000006717,324,1315,-6,21,3,12
CA006158350,1210,1315,-6,21,12,5
SZ000006717,310,1315,-6,21,3,12
CA006106362,208,1315,-6,21,2,5
CA006148100,1231,1315,-6,21,12,5
CA006122845,1215,1315,-6,21,12,5
SZ000006717,403,1315,-6,21,4,12
CA006110549,1213,1315,-6,21,12,5
CA006150689,126,1315,-6,21,1,5
SZ000006717,404,1315,-6,21,4,12
CA006158350,201,1315,-6,21,2,5
CA006148100,326,1315,-6,21,3,5
CA006139520,1211,1315,-6,21,12,5
CA006106362,308,1315,-6,21,3,5
CA006158350,1229,1315,-6,21,12,5
CA006110549,1216,1315,-6,21,12,5
CA006150689,320,1315,-6,21,3,5
CA006150689,124,1315,-6,21,1,5
CA006148100,1229,1315,-6,21,12,5
CA006139520,1228,1315,-6,21,12,5
CA006150689,122,1315,-6,21,1,5
CA006122845,1212,1315,-6,21,12,5
SZ000006717,225,1315,-6,21,2,12
SZ000006717,228,1315,-6,21,2,12
CA006106362,319,1315,-6,22,3,5
SZ000006717,117,1315,-6,22,1,12
CA006166416,1217,1315,-6,22,12,5
CA006153192,122,1315,-6,22,1,5
CA006137735,1214,1315,-6,22,12,5
CA006158350,123,1315,-6,22,1,5
CA006153192,1215,1315,-6,22,12,5
CA006110549,320,1315,-6,22,3,5
CA006148100,127,1315,-6,22,1,5
CA006137735,1215,1315,-6,22,12,5
CA006139520,1215,1315,-6,22,12,5
CA006158350,226,1315,-6,22,2,5
CA006106362,1218,1315,-6,22,12,5
CA006110549,317,1315,-6,22,3,5
USC00288878,109,1315,-6,22,1,14
CA006137735,1211,1315,-6,22,12,5
CA006110549,307,1315,-6,22,3,5
CA006158350,1230,1315,-6,22,12,5
CA006153192,203,1315,-6,22,2,5
SZ000006717,317,1315,-6,22,3,12
SZ000006717,307,1315,-6,22,3,12
SZ000006717,326,1315,-5,22,3,12
SZ000006717,306,1315,-5,22,3,12
SZ000006717,1122,1315,-5,22,11,12
SZ000006717,318,1315,-5,23,3,12
SZ000006717,1214,1315,-5,23,12,12
CA006110549,226,1315,-5,23,2,5
AU000005901,1221,1315,-5,23,12,3
CA006110549,1231,1315,-5,23,12,5
CA006150689,1218,1315,-5,23,12,5
CA006153192,1214,1315,-5,23,12,5
CA006166416,1231,1315,-5,23,12,5
CA006150689,307,1315,-5,23,3,5
CA006148100,124,1315,-5,23,1,5
USC00288878,204,1315,-5,23,2,14
CA006110549,1221,1315,-5,23,12,5
CA006158350,126,1315,-5,23,1,5
CA006158350,202,1315,-5,23,2,5
USC00288878,115,1315,-5,23,1,14
CA006106362,320,1315,-5,23,3,5
CA006158350,104,1315,-5,23,1,5
CA006158350,307,1315,-5,23,3,5
CA006158350,1212,1315,-5,23,12,5
CA006153192,1212,1315,-5,23,12,5
CA006148100,126,1315,-5,23,1,5
AU000005901,1222,1315,-5,23,12,3
CA006150689,1217,1315,-5,23,12,5
CA006158350,1215,1315,-5,23,12,5
CA006110549,308,1315,-5,23,3,5
USC00288878,121,1315,-5,23,1,14
CA006110549,1217,1315,-5,23,12,5
SZ000006717,1228,1315,-5,23,12,12
SZ000006717,1231,1315,-5,23,12,12
SZ000006717,131,1315,-5,23,1,12
SZ000006717,211,1315,-5,23,2,12
SZ000006717,323,1315,-5,24,3,12
SZ000006717,1118,1315,-5,24,11,12
SZ000006717,302,1315,-4,24,3,12
CA006158350,127,1315,-4,24,1,5
CA006106362,1201,1315,-4,24,12,5
CA006153192,1229,1315,-4,24,12,5
CA006148100,320,1315,-4,24,3,5
CA006110549,127,1315,-4,24,1,5
CA006153192,115,1315,-4,24,1,5
CA006137735,1231,1315,-4,24,12,5
CA006106362,209,1315,-4,24,2,5
CA006110549,319,1315,-4,24,3,5
CA006139520,1231,1315,-4,24,12,5
CA006148100,317,1315,-4,24,3,5
CA006158350,309,1315,-4,24,3,5
CA006110549,321,1315,-4,24,3,5
CA006110549,202,1315,-4,24,2,5
CA006153192,1213,1315,-4,24,12,5
CA006158350,1213,1315,-4,24,12,5
CA006166416,1213,1315,-4,24,12,5
CA006110549,110,1315,-4,24,1,5
CA006148100,309,1315,-4,24,3,5
CA006139520,1214,1315,-4,24,12,5
CA006148100,104,1315,-4,24,1,5
CA006150689,129,1315,-4,24,1,5
SZ000006717,1119,1315,-4,24,11,12
CA006148100,125,1315,-4,24,1,5
CA006148100,116,1315,-4,24,1,5
CA006137735,1228,1315,-4,24,12,5
SZ000006717,1229,1315,-4,24,12,12
SZ000006717,402,1315,-4,24,4,12
SZ000006717,210,1315,-4,24,2,12
SZ000006717,1117,1315,-4,24,11,12
AU000005901,1224,1315,-4,25,12,3
SZ000006717,409,1315,-4,25,4,12
SZ000006717,124,1315,-4,25,1,12
CA006148100,226,1315,-4,25,2,5
CA006122845,1228,1315,-4,25,12,5
CA006148100,220,1315,-4,25,2,5
CA006150689,1211,1315,-4,25,12,5
CA006106362,323,1315,-4,25,3,5
CA006106362,1124,1315,-4,25,11,5
CA006150689,1212,1315,-4,25,12,5
CA006122845,1229,1315,-4,25,12,5
CA006106362,321,1315,-4,25,3,5
CA006150689,321,1315,-4,25,3,5
CA006148100,308,1315,-4,25,3,5
CA006148100,102,1315,-4,25,1,5
CA006153192,1228,1315,-4,25,12,5
CA006150689,123,1315,-4,25,1,5
CA006106362,1122,1315,-4,25,11,5
SZ000006717,320,1315,-4,25,3,12
SZ000006717,1211,1315,-4,25,12,12
CA006110549,129,1315,-4,25,1,5
CA006122845,1213,1315,-4,25,12,5
SZ000006717,305,1315,-4,25,3,12
CA006110549,1210,1315,-4,25,12,5
CA006150689,1213,1315,-4,25,12,5
CA006153192,1220,1315,-4,25,12,5
CA006158350,1231,1315,-4,25,12,5
CA006122845,1231,1315,-4,25,12,5
CA006166416,1212,1315,-4,25,12,5
CA006110549,203,1315,-4,25,2,5
CA006148100,319,1315,-4,25,3,5
CA006148100,110,1315,-4,25,1,5
CA006150689,209,1315,-4,25,2,5
CA006150689,319,1315,-4,25,3,5
CA006148100,307,1315,-4,25,3,5
SZ000006717,105,1315,-4,25,1,12
SZ000006717,1026,1315,-4,26,10,12
SZ000006717,1124,1315,-4,26,11,12
EZE00100082,222,1315,-3,26,2,8
CA006153192,206,1315,-3,26,2,5
CA006106362,1219,1315,-3,26,12,5
CA006137735,1213,1315,-3,26,12,5
CA006158350,1211,1315,-3,26,12,5
CA006150689,1231,1315,-3,26,12,5
CA006110549,1212,1315,-3,26,12,5
USC00288878,203,1315,-3,26,2,14
CA006106362,1226,1315,-3,26,12,5
SZ000006717,213,1315,-3,26,2,12
CA006158350,212,1315,-3,26,2,5
CA006106362,205,1315,-3,26,2,5
CA006158350,1227,1315,-3,26,12,5
CA006148100,103,1315,-3,26,1,5
CA006137735,1221,1315,-3,26,12,5
CA006122845,1211,1315,-3,26,12,5
USC00288878,1228,1315,-3,26,12,14
CA006148100,1217,1315,-3,26,12,5
CA006137735,309,1315,-3,26,3,5
CA006122845,1221,1315,-3,26,12,5
CA006158350,318,1315,-3,26,3,5
SZ000006717,104,1315,-3,26,1,12
CA006166416,1211,1315,-3,26,12,5
CA006137735,1212,1315,-3,26,12,5
CA006150689,208,1315,-3,26,2,5
CA006158350,128,1315,-3,26,1,5
USC00288878,106,1315,-3,26,1,14
SZ000006717,325,1315,-3,26,3,12
SZ000006717,220,1315,-3,26,2,12
GME00125218,222,1315,-3,26,2,10
AU000005901,1219,1315,-3,26,12,3
SZ000006717,106,1315,-3,26,1,12
SZ000006717,327,1315,-3,27,3,12
AU000005901,1225,1315,-3,27,12,3
SZ000006717,405,1315,-3,27,4,12
SZ000006717,408,1315,-3,27,4,12
SZ000006717,415,1315,-3,27,4,12
CA006148100,1123,1315,-3,27,11,5
CA006148100,310,1315,-3,27,3,5
CA006150689,227,1315,-3,27,2,5
CA006137735,1227,1315,-3,27,12,5
EZE00100082,1224,1315,-3,27,12,8
CA006150689,306,1315,-3,27,3,5
CA006148100,306,1315,-3,27,3,5
CA006150689,207,1315,-3,27,2,5
CA006110549,326,1315,-3,27,3,5
CA006137735,317,1315,-3,27,3,5
CA006148100,1218,1315,-3,27,12,5
CA006139520,1221,1315,-3,27,12,5
CA006137735,320,1315,-3,27,3,5
CA006158350,1217,1315,-3,27,12,5
CA006110549,306,1315,-3,27,3,5
CA006148100,217,1315,-3,27,2,5
SZ000006717,918,1315,-3,27,9,12
CA006148100,117,1315,-3,27,1,5
AU000005901,1215,1315,-3,27,12,3
CA006106362,1212,1315,-3,27,12,5
CA006150689,113,1315,-3,27,1,5
CA006106362,1210,1315,-3,27,12,5
CA006150689,110,1315,-3,27,1,5
SZ000006717,304,1315,-3,27,3,12
SZ000006717,1029,1315,-3,27,10,12
SZ000006717,1015,1315,-3,27,10,12
SZ000006717,221,1315,-2,28,2,12
SZ000006717,201,1315,-2,28,2,12
AU000005901,1216,1315,-2,28,12,3
AU000005901,1223,1315,-2,28,12,3
SZ000006717,401,1315,-2,28,4,12
SZ000006717,224,1315,-2,28,2,12
SZ000006717,223,1315,-2,28,2,12
SZ000006717,330,1315,-2,28,3,12
SZ000006717,116,1315,-2,28,1,12
SZ000006717,205,1315,-2,28,2,12
SZ000006717,208,1315,-2,28,2,12
SZ000006717,1215,1315,-2,28,12,12
CA006158350,1216,1315,-2,28,12,5
CA006150689,309,1315,-2,28,3,5
CA006137735,1217,1315,-2,28,12,5
CA006158350,124,1315,-2,28,1,5
CA006153192,1231,1315,-2,28,12,5
CA006110549,212,1315,-2,28,2,5
USC00288878,1230,1315,-2,28,12,14
USC00288878,226,1315,-2,28,2,14
CA006139520,1225,1315,-2,28,12,5
CA006148100,1226,1315,-2,28,12,5
CA006139520,1217,1315,-2,28,12,5
CA006106362,226,1315,-2,28,2,5
USC00288878,207,1315,-2,28,2,14
CA006148100,209,1315,-2,28,2,5
CA006166416,1227,1315,-2,28,12,5
USC00288878,215,1315,-2,28,2,14
CA006148100,208,1315,-2,28,2,5
CA006153192,215,1315,-2,28,2,5
CA006153192,317,1315,-2,28,3,5
CA006148100,213,1315,-2,28,2,5
USC00288878,1229,1315,-2,28,12,14
CA006148100,1227,1315,-2,28,12,5
CA006110549,131,1315,-2,28,1,5
CA006139520,1218,1315,-2,28,12,5
CA006158350,304,1315,-2,28,3,5
CA006148100,201,1315,-2,28,2,5
CA006166416,1201,1315,-2,28,12,5
CA006158350,110,1315,-2,28,1,5
CA006148100,207,1315,-2,28,2,5
GME00125218,221,1315,-2,28,2,10
AU000005901,101,1315,-2,28,1,3
SZ000006717,1025,1315,-2,28,10,12
SZ000006717,421,1315,-2,28,4,12
EZE00100082,221,1315,-2,28,2,8
SZ000006717,410,1315,-2,28,4,12
EZE00100082,107,1315,-2,28,1,8
SZ000006717,1209,1315,-2,28,12,12
SZ000006717,107,1315,-2,29,1,12
SZ000006717,217,1315,-2,29,2,12
SZ000006717,1018,1315,-2,29,10,12
SZ000006717,502,1315,-2,29,5,12
CA006110549,1211,1315,-2,29,12,5
CA006106362,317,1315,-2,29,3,5
USC00288878,127,1315,-2,29,1,14
CA006110549,305,1315,-2,29,3,5
CA006148100,129,1315,-2,29,1,5
CA006158350,207,1315,-2,29,2,5
CA006122845,1227,1315,-2,29,12,5
CA006150689,201,1315,-2,29,2,5
CA006153192,124,1315,-2,29,1,5
CA006110549,207,1315,-2,29,2,5
CA006153192,309,1315,-2,29,3,5
CA006158350,319,1315,-2,29,3,5
CA006150689,104,1315,-2,29,1,5
CA006150689,308,1315,-2,29,3,5
CA006158350,125,1315,-2,29,1,5
CA006153192,125,1315,-2,29,1,5
CA006153192,1211,1315,-2,29,12,5
CA006110549,126,1315,-2,29,1,5
USC00288878,1231,1315,-2,29,12,14
USC00288878,1214,1315,-2,29,12,14
CA006106362,1222,1315,-2,29,12,5
CA006148100,1201,1315,-2,29,12,5
CA006110549,103,1315,-2,29,1,5
CA006158350,1225,1315,-2,29,12,5
CA006166416,1122,1315,-2,29,11,5
SZ000006717,303,1315,-2,29,3,12
CA006148100,118,1315,-2,29,1,5
CA006106362,1123,1315,-2,29,11,5
EZE00100082,1225,1315,-2,29,12,8
CA006106362,322,1315,-2,29,3,5
CA006158350,326,1315,-2,29,3,5
SZ000006717,406,1315,-2,29,4,12
SZ000006717,129,1315,-2,29,1,12
AU000005901,108,1315,-2,29,1,3
SZ000006717,407,1315,-2,29,4,12
AU000005901,1226,1315,-2,29,12,3
SZ000006717,130,1315,-2,29,1,12
SZ000006717,108,1315,-1,29,1,12
SZ000006717,515,1315,-1,30,5,12
SZ000006717,206,1315,-1,30,2,12
SZ000006717,328,1315,-1,30,3,12
SZ000006717,1110,1315,-1,30,11,12
GM000004204,1225,1315,-1,30,12,9
EZE00100082,1130,1315,-1,30,11,8
CA006158350,102,1315,-1,30,1,5
CA006158350,308,1315,-1,30,3,5
CA006110549,1218,1315,-1,30,12,5
CA006106362,1121,1315,-1,30,11,5
CA006148100,1122,1315,-1,30,11,5
SZ000006717,1027,1315,-1,30,10,12
USC00288878,128,1315,-1,30,1,14
SZ000006717,811,1315,-1,30,8,12
SZ000006717,212,1315,-1,30,2,12
CA006148100,324,1315,-1,30,3,5
CA006150689,221,1315,-1,30,2,5
CA006150689,213,1315,-1,30,2,5
CA006137735,1218,1315,-1,30,12,5
CA006150689,310,1315,-1,30,3,5
CA006110549,111,1315,-1,30,1,5
CA006137735,308,1315,-1,30,3,5
CA006153192,201,1315,-1,30,2,5
CA006166416,1123,1315,-1,30,11,5
CA006106362,1227,1315,-1,30,12,5
SZ000006717,1227,1315,-1,30,12,12
CA006110549,1227,1315,-1,30,12,5
CA006166416,1218,1315,-1,30,12,5
USC00288878,1213,1315,-1,30,12,14
CA006166416,1124,1315,-1,30,11,5
CA006106362,221,1315,-1,30,2,5
CA006150689,102,1315,-1,30,1,5
CA006158350,1122,1315,-1,30,11,5
CA006158350,321,1315,-1,30,3,5
CA006110549,1122,1315,-1,30,11,5
USC00288878,122,1315,-1,30,1,14
USC00288878,1220,1315,-1,30,12,14
USC00288878,206,1315,-1,30,2,14
CA006106362,306,1315,-1,30,3,5
CA006153192,104,1315,-1,30,1,5
CA006139520,1210,1315,-1,30,12,5
CA006148100,321,1315,-1,30,3,5
USC00288878,123,1315,-1,30,1,14
CA006137735,1226,1315,-1,30,12,5
CA006153192,105,1315,-1,30,1,5
CA006153192,209,1315,-1,30,2,5
CA006106362,1211,1315,-1,30,12,5
CA006122845,1226,1315,-1,30,12,5
CA006122845,1220,1315,-1,30,12,5
CA006166416,1226,1315,-1,30,12,5
CA006158350,320,1315,-1,30,3,5
CA006139520,1226,1315,-1,30,12,5
USC00288878,1211,1315,-1,30,12,14
CA006153192,320,1315,-1,30,3,5
GME00125218,1130,1315,-1,30,11,10
SZ000006717,1230,1315,-1,30,12,12
AU000005901,122,1315,-1,30,1,3
SZ000006717,1123,1315,-1,30,11,12
EZE00100082,1215,1315,-1,30,12,8
SZ000006717,123,1315,-1,30,1,12
SZ000006717,216,1315,-1,30,2,12
GM000004204,222,1315,-1,30,2,9
GM000004204,1224,1315,-1,30,12,9
SZ000006717,1114,1315,-1,30,11,12
UK000056225,1231,1315,-1,31,12,13
GME00125218,1225,1315,-1,31,12,10
SZ000006717,1116,1315,-1,31,11,12
CA006158350,208,1315,-1,31,2,5
CA006153192,208,1315,-1,31,2,5
CA006158350,305,1315,-1,31,3,5
CA006150689,112,1315,-1,31,1,5
CA006158350,220,1315,-1,31,2,5
CA006148100,305,1315,-1,31,3,5
CA006148100,219,1315,-1,31,2,5
CA006110549,208,1315,-1,31,2,5
CA006153192,202,1315,-1,31,2,5
SZ000006717,1223,1315,-1,31,12,12
CA006106362,1105,1315,-1,31,11,5
CA006150689,1227,1315,-1,31,12,5
CA006158350,1201,1315,-1,31,12,5
CA006158350,310,1315,-1,31,3,5
SZ000006717,103,1315,-1,31,1,12
CA006153192,307,1315,-1,31,3,5
CA006110549,102,1315,-1,31,1,5
CA006137735,310,1315,-1,31,3,5
CA006158350,306,1315,-1,31,3,5
CA006166416,1225,1315,-1,31,12,5
CA006148100,131,1315,-1,31,1,5
CA006158350,213,1315,-1,31,2,5
AU000005901,105,1315,-1,31,1,3
CA006148100,111,1315,-1,31,1,5
CA006148100,227,1315,-1,31,2,5
CA006137735,1225,1315,-1,31,12,5
CA006148100,1219,1315,-1,31,12,5
GM000004204,221,1315,-1,31,2,9
CA006137735,326,1315,-1,31,3,5
CA006153192,319,1315,-1,31,3,5
CA006150689,119,1315,-1,31,1,5
CA006153192,1123,1315,-1,31,11,5
CA006150689,317,1315,-1,31,3,5
CA006153192,1217,1315,-1,31,12,5
SZ000006717,121,1315,-1,31,1,12
CA006150689,118,1315,-1,31,1,5
CA006110549,123,1315,-1,31,1,5
CA006148100,322,1315,-1,31,3,5
CA006150689,116,1315,-1,31,1,5
CA006148100,1124,1315,-1,31,11,5
CA006137735,319,1315,-1,31,3,5
USC00288878,124,1315,-1,31,1,14
CA006110549,1123,1315,-1,31,11,5
BE000006447,1223,1315,0,31,12,4
SZ000006717,1210,1315,0,31,12,12
BE000006447,1221,1315,0,31,12,4
GM000004204,1130,1315,0,31,11,9
SZ000006717,1225,1315,0,31,12,12
SZ000006717,114,1315,0,31,1,12
AU000005901,107,1315,0,31,1,3
SZ000006717,516,1315,0,31,5,12
GME00125218,1222,1315,0,31,12,10
SZ000006717,1226,1315,0,31,12,12
SZ000006717,312,1315,0,31,3,12
SZ000006717,219,1315,0,31,2,12
SZ000006717,525,1315,0,32,5,12
SZ000006717,329,1315,0,32,3,12
SZ000006717,1028,1315,0,32,10,12
SZ000006717,321,1315,0,32,3,12
SZ000006717,513,1315,0,32,5,12
CA006148100,101,1315,0,32,1,5
CA006150689,1124,1315,0,32,11,5
CA006153192,1218,1315,0,32,12,5
CA006150689,322,1315,0,32,3,5
CA006158350,103,1315,0,32,1,5
CA006150689,1123,1315,0,32,11,5
CA006158350,117,1315,0,32,1,5
CA006158350,1221,1315,0,32,12,5
CA006148100,407,1315,0,32,4,5
BE000006447,1222,1315,0,32,12,4
USC00288878,1215,1315,0,32,12,14
CA006150689,117,1315,0,32,1,5
CA006110549,104,1315,0,32,1,5
CA006106362,1130,1315,0,32,11,5
CA006110549,1226,1315,0,32,12,5
CA006137735,321,1315,0,32,3,5
USC00288878,1212,1315,0,32,12,14
CA006110549,124,1315,0,32,1,5
USC00288878,217,1315,0,32,2,14
SZ000006717,128,1315,0,32,1,12
CA006153192,326,1315,0,32,3,5
CA006150689,326,1315,0,32,3,5
CA006150689,1226,1315,0,32,12,5
SZ000006717,1218,1315,0,32,12,12
CA006110549,1124,1315,0,32,11,5
USC00288878,308,1315,0,32,3,14
CA006158350,1226,1315,0,32,12,5
CA006158350,218,1315,0,32,2,5
CA006139520,1201,1315,0,32,12,5
CA006153192,207,1315,0,32,2,5
CA006110549,1225,1315,0,32,12,5
EZE00100082,1122,1315,0,32,11,8
EZE00100082,1222,1315,0,32,12,8
CA006153192,226,1315,0,32,2,5
CA006150689,131,1315,0,32,1,5
CA006158350,1218,1315,0,32,12,5
GME00125218,1224,1315,0,32,12,10
CA006153192,220,1315,0,32,2,5
CA006148100,214,1315,0,32,2,5
CA006153192,1227,1315,0,32,12,5
SZ000006717,127,1315,0,32,1,12
SZ000006717,222,1315,0,32,2,12
CA006148100,327,1315,0,32,3,5
EZE00100082,101,1315,0,32,1,8
EZE00100082,1226,1315,0,32,12,8
SZ000006717,120,1315,0,32,1,12
SZ000006717,411,1315,0,32,4,12
SZ000006717,429,1315,0,32,4,12
EZE00100082,1223,1315,0,32,12,8
SZ000006717,202,1315,0,33,2,12
AU000005901,221,1315,0,33,2,3
AU000005901,121,1315,0,33,1,3
SZ000006717,501,1315,0,33,5,12
AU000005901,103,1315,0,33,1,3
GME00125218,1122,1315,0,33,11,10
GM000004204,1226,1315,0,33,12,9
SZ000006717,119,1315,0,33,1,12
SZ000006717,118,1315,0,33,1,12
GM000004204,1222,1315,0,33,12,9
SZ000006717,422,1315,0,33,4,12
GME00125218,1223,1315,0,33,12,10
GME00125218,1201,1315,0,33,12,10
SZ000006717,503,1315,0,33,5,12
GM000004204,1223,1315,0,33,12,9
SZ000006717,122,1315,0,33,1,12
ITE00100550,101,1315,0,33,1,11
GM000004204,1221,1315,0,33,12,9
CA006158350,217,1315,1,33,2,5
USC00288878,1222,1315,1,33,12,14
CA006122845,1218,1315,1,33,12,5
CA006137735,1123,1315,1,33,11,5
CA006150689,217,1315,1,33,2,5
CA006150689,1201,1315,1,33,12,5
CA006122845,1201,1315,1,33,12,5
CA006137735,1201,1315,1,33,12,5
CA006106362,217,1315,1,33,2,5
CA006148100,221,1315,1,33,2,5
SZ000006717,322,1315,1,33,3,12
CA006106362,214,1315,1,33,2,5
CA006148100,212,1315,1,33,2,5
CA006106362,215,1315,1,33,2,5
CA006106362,327,1315,1,33,3,5
USC00288878,117,1315,1,33,1,14
CA006153192,1122,1315,1,33,11,5
CA006148100,328,1315,1,33,3,5
CA006148100,329,1315,1,33,3,5
CA006150689,305,1315,1,33,3,5
CA006106362,220,1315,1,33,2,5
CA006153192,321,1315,1,33,3,5
CA006148100,1210,1315,1,33,12,5
CA006150689,226,1315,1,33,2,5
CA006158350,1123,1315,1,33,11,5
CA006150689,228,1315,1,33,2,5
CA006166416,1222,1315,1,33,12,5
GME00125218,1215,1315,1,33,12,10
CA006148100,316,1315,1,33,3,5
CA006158350,131,1315,1,33,1,5
CA006158350,129,1315,1,33,1,5
SZ000006717,1213,1315,1,33,12,12
USC00288878,202,1315,1,33,2,14
CA006110549,407,1315,1,33,4,5
CA006139520,1124,1315,1,33,11,5
CA006153192,126,1315,1,33,1,5
CA006158350,1124,1315,1,33,11,5
CA006148100,130,1315,1,33,1,5
CA006150689,130,1315,1,33,1,5
EZE00100082,1120,1315,1,33,11,8
USC00288878,1226,1315,1,33,12,14
CA006153192,127,1315,1,33,1,5
SZ000006717,504,1315,1,33,5,12
SZ000006717,1103,1315,1,33,11,12
SZ000006717,514,1315,1,33,5,12
AU000005901,222,1315,1,33,2,3
SZ000006717,1125,1315,1,33,11,12
SZ000006717,1212,1315,1,33,12,12
SZ000006717,517,1315,1,33,5,12
SZ000006717,1111,1315,1,33,11,12
AU000005901,1130,1315,1,33,11,3
SZ000006717,1023,1315,1,33,10,12
GME00125218,1226,1315,1,34,12,10
EZE00100082,105,1315,1,34,1,8
SZ000006717,425,1315,1,34,4,12
GM000004204,1215,1315,1,34,12,9
AU000005901,1217,1315,1,34,12,3
SZ000006717,115,1315,1,34,1,12
GME00125218,106,1315,1,34,1,10
BE000006447,221,1315,1,34,2,4
GME00125218,1120,1315,1,34,11,10
SZ000006717,423,1315,1,34,4,12
SZ000006717,430,1315,1,34,4,12
CA006158350,1209,1315,1,34,12,5
CA006148100,1222,1315,1,34,12,5
AU000005901,104,1315,1,34,1,3
CA006106362,310,1315,1,34,3,5
CA006150689,328,1315,1,34,3,5
CA006148100,313,1315,1,34,3,5
CA006153192,310,1315,1,34,3,5
UK000056225,1130,1315,1,34,11,13
UK000056225,228,1315,1,34,2,13
CA006153192,213,1315,1,34,2,5
USC00288878,326,1315,1,34,3,14
CA006153192,1225,1315,1,34,12,5
CA006150689,111,1315,1,34,1,5
CA006150689,313,1315,1,34,3,5
CA006158350,228,1315,1,34,2,5
CA006110549,1222,1315,1,34,12,5
CA006153192,228,1315,1,34,2,5
CA006148100,228,1315,1,34,2,5
USC00288878,318,1315,1,34,3,14
USC00288878,116,1315,1,34,1,14
USC00288878,110,1315,1,34,1,14
CA006158350,227,1315,1,34,2,5
CA006106362,312,1315,1,34,3,5
UK000056225,227,1315,1,34,2,13
CA006150689,330,1315,1,34,3,5
CA006158350,1219,1315,1,34,12,5
USC00288878,126,1315,1,34,1,14
CA006148100,330,1315,1,34,3,5
CA006153192,117,1315,1,34,1,5
CA006110549,228,1315,1,34,2,5
CA006106362,331,1315,1,34,3,5
CA006153192,305,1315,1,34,3,5
CA006139520,1122,1315,1,34,11,5
UK000047811,228,1315,1,34,2,13
CA006137735,306,1315,1,34,3,5
SZ000006717,912,1315,1,34,9,12
CA006110549,329,1315,1,34,3,5
CA006153192,129,1315,1,34,1,5
USC00288878,129,1315,1,34,1,14
CA006148100,315,1315,1,34,3,5
USC00288878,317,1315,1,34,3,14
CA006122845,1219,1315,1,34,12,5
CA006158350,115,1315,1,34,1,5
CA006110549,101,1315,1,34,1,5
CA006148100,112,1315,1,34,1,5
USC00288878,104,1315,1,34,1,14
CA006137735,307,1315,1,34,3,5
CA006153192,1226,1315,1,34,12,5
USC00288878,309,1315,1,34,3,14
SZ000006717,1222,1315,1,34,12,12
CA006150689,1219,1315,1,34,12,5
USC00288878,319,1315,1,34,3,14
CA006158350,327,1315,1,34,3,5
CA006158350,1125,1315,1,34,11,5
CA006150689,220,1315,1,34,2,5
USC00288878,325,1315,1,34,3,14
SZ000006717,1024,1315,1,34,10,12
GME00125218,315,1315,1,34,3,10
GM000004204,106,1315,1,34,1,9
BE000006447,1224,1315,1,35,12,4
EZE00100082,220,1315,1,35,2,8
EZE00100082,1221,1315,1,35,12,8
SZ000006717,1112,1315,1,35,11,12
GM000004204,1122,1315,1,35,11,9
GM000004204,1120,1315,1,35,11,9
AU000005901,106,1315,1,35,1,3
GME00125218,306,1315,1,35,3,10
EZE00100082,315,1315,2,35,3,8
SZ000006717,1203,1315,2,35,12,12
GM000004204,1201,1315,2,35,12,9
GM000004204,1118,1315,2,35,11,9
BE000006447,1130,1315,2,35,11,4
GME00125218,305,1315,2,35,3,10
AU000005901,102,1315,2,35,1,3
AU000005901,1201,1315,2,35,12,3
UK000047811,1231,1315,2,35,12,13
CA006110549,213,1315,2,35,2,5
CA006150689,327,1315,2,35,3,5
CA006150689,1225,1315,2,35,12,5
CA006153192,1219,1315,2,35,12,5
CA006110549,224,1315,2,35,2,5
CA006153192,217,1315,2,35,2,5
CA006158350,219,1315,2,35,2,5
CA006139520,1219,1315,2,35,12,5
SZ000006717,331,1315,2,35,3,12
CA006106362,1225,1315,2,35,12,5
CA006150689,1222,1315,2,35,12,5
CA006137735,1219,1315,2,35,12,5
CA006106362,1026,1315,2,35,10,5
CA006158350,112,1315,2,35,1,5
CA006110549,1104,1315,2,35,11,5
CA006158350,211,1315,2,35,2,5
CA006110549,227,1315,2,35,2,5
CA006139520,1123,1315,2,35,11,5
CA006166416,1103,1315,2,35,11,5
CA006150689,215,1315,2,35,2,5
CA006158350,111,1315,2,35,1,5
CA006110549,1219,1315,2,35,12,5
SZ000006717,125,1315,2,35,1,12
USC00288878,305,1315,2,35,3,14
CA006148100,1130,1315,2,35,11,5
USC00288878,103,1315,2,35,1,14
CA006158350,322,1315,2,35,3,5
CA006137735,330,1315,2,35,3,5
CA006153192,110,1315,2,35,1,5
SZ000006717,903,1315,2,35,9,12
CA006137735,305,1315,2,35,3,5
CA006110549,310,1315,2,35,3,5
CA006137735,407,1315,2,35,4,5
CA006158350,209,1315,2,35,2,5
CA006166416,1121,1315,2,35,11,5
CA006139520,1130,1315,2,35,11,5
CA006158350,1121,1315,2,35,11,5
USC00288878,310,1315,2,35,3,14
CA006106362,1027,1315,2,35,10,5
SZ000006717,1115,1315,2,35,11,12
SZ000006717,815,1315,2,35,8,12
AU000005901,114,1315,2,35,1,3
EZE00100082,1118,1315,2,35,11,8
SZ000006717,1014,1315,2,35,10,12
SZ000006717,1017,1315,2,35,10,12
SZ000006717,1016,1315,2,35,10,12
SZ000006717,1219,1315,2,35,12,12
UK000056225,1230,1315,2,35,12,13
GME00125218,1221,1315,2,35,12,10
GM000004204,314,1315,2,35,3,9
GM000004204,315,1315,2,35,3,9
SZ000006717,1104,1315,2,35,11,12
SZ000006717,1220,1315,2,35,12,12
GME00125218,220,1315,2,35,2,10
GM000004204,1212,1315,2,35,12,9
SZ000006717,518,1315,2,35,5,12
GME00125218,303,1315,2,35,3,10
GM000004204,220,1315,2,35,2,9
SZ000006717,126,1315,2,36,1,12
ITE00100554,123,1315,2,36,1,11
SZ000006717,1207,1315,2,36,12,12
SZ000006717,1224,1315,2,36,12,12
AU000005901,1218,1315,2,36,12,3
SZ000006717,529,1315,2,36,5,12
SZ000006717,812,1315,2,36,8,12
SZ000006717,601,1315,2,36,6,12
GM000004204,107,1315,2,36,1,9
AU000005901,1122,1315,2,36,11,3
AU000005901,1123,1315,2,36,11,3
GME00125218,113,1315,2,36,1,10
GM000004204,310,1315,2,36,3,9
GME00125218,1121,1315,2,36,11,10
AU000005901,1204,1315,2,36,12,3
GME00125218,1118,1315,2,36,11,10
CA006166416,1105,1315,2,36,11,5
CA006153192,313,1315,2,36,3,5
CA006110549,1125,1315,2,36,11,5
CA006153192,308,1315,2,36,3,5
CA006148100,1031,1315,2,36,10,5
USC00288878,114,1315,2,36,1,14
CA006158350,329,1315,2,36,3,5
CA006150689,329,1315,2,36,3,5
CA006153192,306,1315,2,36,3,5
CA006110549,1121,1315,2,36,11,5
CA006158350,116,1315,2,36,1,5
USC00288878,1210,1315,2,36,12,14
CA006110549,130,1315,2,36,1,5
SZ000006717,523,1315,2,36,5,12
USC00288878,131,1315,2,36,1,14
CA006106362,330,1315,2,36,3,5
CA006110549,118,1315,2,36,1,5
SZ000006717,424,1315,2,36,4,12
EZE00100082,1218,1315,2,36,12,8
CA006158350,1105,1315,2,36,11,5
EZE00100082,1201,1315,2,36,12,8
CA006153192,116,1315,2,36,1,5
CA006158350,118,1315,2,36,1,5
CA006148100,1121,1315,2,36,11,5
CA006158350,101,1315,2,36,1,5
CA006158350,328,1315,2,36,3,5
UK000056225,1219,1315,2,36,12,13
CA006106362,1103,1315,2,36,11,5
USC00288878,209,1315,2,36,2,14
CA006148100,1225,1315,2,36,12,5
CA006153192,111,1315,2,36,1,5
USC00288878,125,1315,2,36,1,14
CA006153192,1124,1315,2,36,11,5
USC00288878,102,1315,2,36,1,14
CA006150689,323,1315,2,36,3,5
CA006106362,328,1315,2,36,3,5
CA006153192,328,1315,2,36,3,5
CA006110549,328,1315,2,36,3,5
CA006150689,312,1315,2,36,3,5
CA006166416,1219,1315,2,36,12,5
CA006150689,212,1315,2,36,2,5
CA006137735,1122,1315,2,36,11,5
CA006110549,309,1315,2,36,3,5
CA006158350,1104,1315,2,36,11,5
CA006106362,324,1315,2,36,3,5
CA006150689,1122,1315,2,36,11,5
CA006150689,324,1315,2,36,3,5
GME00125218,1212,1315,2,36,12,10
GM000004204,306,1315,2,36,3,9
GM000004204,305,1315,2,36,3,9
AU000005901,315,1315,2,36,3,3
EZE00100082,1121,1315,2,36,11,8
AU000005901,109,1315,2,36,1,3
ITE00100554,1219,1315,2,36,12,11
GME00125218,107,1315,2,36,1,10
UK000056225,110,1315,2,36,1,13
SZ000006717,531,1315,2,36,5,12
ITE00100554,104,1315,2,36,1,11
BE000006447,1231,1315,2,36,12,4
SZ000006717,1221,1315,2,36,12,12
EZE00100082,1119,1315,2,36,11,8
EZE00100082,219,1315,2,36,2,8
SZ000006717,720,1315,2,36,7,12
GME00125218,310,1315,2,36,3,10
AU000005901,1203,1315,2,36,12,3
EZE00100082,1128,1315,2,36,11,8
EZE00100082,1129,1315,2,36,11,8
EZE00100082,113,1315,2,36,1,8
AU000005901,1202,1315,3,37,12,3
GME00125218,314,1315,3,37,3,10
GM000004204,303,1315,3,37,3,9
SZ000006717,512,1315,3,37,5,12
SZ000006717,1013,1315,3,37,10,12
BE000006447,1225,1315,3,37,12,4
GME00125218,105,1315,3,37,1,10
ITE00100550,123,1315,3,37,1,11
EZE00100082,1209,1315,3,37,12,8
SZ000006717,911,1315,3,37,9,12
CA006153192,1201,1315,3,37,12,5
CA006137735,1124,1315,3,37,11,5
CA006106362,326,1315,3,37,3,5
CA006106362,313,1315,3,37,3,5
EZE00100082,316,1315,3,37,3,8
ITE00100554,1205,1315,3,37,12,11
CA006106362,305,1315,3,37,3,5
CA006158350,315,1315,3,37,3,5
EZE00100082,1123,1315,3,37,11,8
CA006150689,219,1315,3,37,2,5
CA006148100,312,1315,3,37,3,5
GME00125218,1209,1315,3,37,12,10
CA006150689,1206,1315,3,37,12,5
USC00288878,1217,1315,3,37,12,14
USC00288878,225,1315,3,37,2,14
CA006153192,324,1315,3,37,3,5
CA006158350,324,1315,3,37,3,5
CA006153192,227,1315,3,37,2,5
CA006148100,323,1315,3,37,3,5
GM000004204,1121,1315,3,37,11,9
CA006150689,331,1315,3,37,3,5
CA006106362,1126,1315,3,37,11,5
CA006106362,315,1315,3,37,3,5
CA006106362,1117,1315,3,37,11,5
CA006158350,323,1315,3,37,3,5
CA006110549,322,1315,3,37,3,5
CA006137735,1222,1315,3,37,12,5
EZE00100082,1212,1315,3,37,12,8
CA006137735,328,1315,3,37,3,5
CA006122845,1222,1315,3,37,12,5
GM000004204,113,1315,3,37,1,9
CA006153192,131,1315,3,37,1,5
EZE00100082,106,1315,3,37,1,8
CA006150689,103,1315,3,37,1,5
UK000047811,110,1315,3,37,1,13
ITE00100550,122,1315,3,37,1,11
CA006148100,113,1315,3,37,1,5
CA006106362,1102,1315,3,37,11,5
CA006110549,119,1315,3,37,1,5
AU000005901,128,1315,3,37,1,3
CA006110549,209,1315,3,37,2,5
CA006158350,1224,1315,3,37,12,5
USC00288878,208,1315,3,37,2,14
CA006150689,214,1315,3,37,2,5
CA006153192,212,1315,3,37,2,5
CA006150689,101,1315,3,37,1,5
UK000047811,111,1315,3,37,1,13
CA006150689,1105,1315,3,37,11,5
CA006158350,214,1315,3,37,2,5
CA006110549,1224,1315,3,37,12,5
SZ000006717,1030,1315,3,37,10,12
GM000004204,1209,1315,3,37,12,9
AU000005901,1129,1315,3,37,11,3
SZ000006717,530,1315,3,37,5,12
GM000004204,321,1315,3,37,3,9
GME00125218,1129,1315,3,37,11,10
EZE00100082,311,1315,3,37,3,8
AU000005901,1220,1315,3,37,12,3
EZE00100082,1203,1315,3,37,12,8
ITE00100554,101,1315,3,37,1,11
GME00125218,1123,1315,3,37,11,10
SZ000006717,420,1315,3,37,4,12
EZE00100082,223,1315,3,37,2,8
GME00125218,1128,1315,3,37,11,10
AU000005901,330,1315,3,37,3,3
GME00125218,323,1315,3,37,3,10
ITE00100550,121,1315,3,37,1,11
ITE00100554,109,1315,3,37,1,11
EZE00100082,1216,1315,3,37,12,8
GME00125218,1119,1315,3,37,11,10
AU000005901,120,1315,3,38,1,3
AU000005901,1205,1315,3,38,12,3
AU000005901,1120,1315,3,38,11,3
GM000004204,105,1315,3,38,1,9
GM000004204,214,1315,3,38,2,9
SZ000006717,1012,1315,3,38,10,12
SZ000006717,801,1315,3,38,8,12
BE000006447,1120,1315,3,38,11,4
UK000056225,302,1315,3,38,3,13
SZ000006717,1019,1315,3,38,10,12
ITE00100550,120,1315,3,38,1,11
SZ000006717,1109,1315,3,38,11,12
ITE00100550,210,1315,3,38,2,11
USC00288878,1227,1315,3,38,12,14
CA006150689,210,1315,3,38,2,5
CA006148100,1103,1315,3,38,11,5
CA006150689,1103,1315,3,38,11,5
GM000004204,323,1315,3,38,3,9
CA006139520,1121,1315,3,38,11,5
CA006166416,1206,1315,3,38,12,5
CA006148100,1024,1315,3,38,10,5
AU000005901,226,1315,3,38,2,3
CA006148100,210,1315,3,38,2,5
CA006110549,1105,1315,3,38,11,5
USC00288878,1125,1315,3,38,11,14
USC00288878,111,1315,3,38,1,14
CA006139520,1222,1315,3,38,12,5
CA006158350,1222,1315,3,38,12,5
CA006148100,1105,1315,3,38,11,5
GME00125218,321,1315,3,38,3,10
CA006153192,112,1315,3,38,1,5
USC00288878,408,1315,3,38,4,14
CA006158350,313,1315,3,38,3,5
CA006106362,1203,1315,3,38,12,5
CA006110549,327,1315,3,38,3,5
CA006137735,327,1315,3,38,3,5
CA006158350,130,1315,3,38,1,5
BE000006447,109,1315,3,38,1,4
EIE00101859,1231,1315,3,38,12,7
CA006158350,312,1315,3,38,3,5
CA006148100,314,1315,3,38,3,5
CA006158350,311,1315,3,38,3,5
CA006148100,1117,1315,3,38,11,5
CA006110549,116,1315,3,38,1,5
CA006153192,314,1315,3,38,3,5
CA006158350,314,1315,3,38,3,5
CA006148100,402,1315,3,38,4,5
CA006153192,103,1315,3,38,1,5
CA006137735,316,1315,3,38,3,5
CA006158350,113,1315,3,38,1,5
CA006166416,1031,1315,3,38,10,5
CA006148100,331,1315,3,38,3,5
CA006150689,316,1315,3,38,3,5
USC00288878,101,1315,3,38,1,14
UK000047811,304,1315,3,38,3,13
SZ000006717,414,1315,3,38,4,12
CA006158350,1202,1315,3,38,12,5
UK000047811,303,1315,3,38,3,13
CA006153192,119,1315,3,38,1,5
CA006166416,1102,1315,3,38,11,5
ITE00100554,113,1315,3,38,1,11
GME00125218,110,1315,3,38,1,10
CA006137735,322,1315,3,38,3,5
CA006166416,407,1315,3,38,4,5
GM000004204,1128,1315,3,38,11,9
CA006150689,407,1315,3,38,4,5
CA006106362,407,1315,3,38,4,5
CA006106362,1224,1315,3,38,12,5
CA006148100,1224,1315,3,38,12,5
ITE00100550,109,1315,3,38,1,11
CA006106362,1127,1315,3,38,11,5
USC00288878,218,1315,3,38,2,14
CA006153192,219,1315,3,38,2,5
CA006158350,407,1315,3,38,4,5
CA006110549,1223,1315,3,38,12,5
AU000005901,1121,1315,3,38,11,3
GM000004204,309,1315,3,38,3,9
SZ000006717,1004,1315,3,38,10,12
AU000005901,223,1315,3,38,2,3
UK000056225,216,1315,3,38,2,13
ITE00100554,111,1315,3,38,1,11
EZE00100082,1202,1315,3,38,12,8
EZE00100082,331,1315,3,38,3,8
EZE00100082,102,1315,3,38,1,8
GME00125218,309,1315,4,38,3,10
GME00125218,322,1315,4,38,3,10
GME00125218,214,1315,4,38,2,10
GM000004204,322,1315,4,38,3,9
SZ000006717,520,1315,4,38,5,12
GM000004204,110,1315,4,38,1,9
BE000006447,112,1315,4,38,1,4
BE000006447,228,1315,4,38,2,4
ITE00100554,1227,1315,4,38,12,11
AU000005901,1209,1315,4,38,12,3
GM000004204,1129,1315,4,38,11,9
SZ000006717,1003,1315,4,38,10,12
AU000005901,113,1315,4,38,1,3
UK000056225,1118,1315,4,38,11,13
ITE00100554,108,1315,4,38,1,11
GME00125218,1202,1315,4,38,12,10
SZ000006717,1102,1315,4,38,11,12
ITE00100554,127,1315,4,38,1,11
SZ000006717,207,1315,4,39,2,12
SZ000006717,928,1315,4,39,9,12
EZE00100082,215,1315,4,39,2,8
EZE00100082,103,1315,4,39,1,8
SZ000006717,505,1315,4,39,5,12
UK000056225,217,1315,4,39,2,13
SZ000006717,926,1315,4,39,9,12
ITE00100550,107,1315,4,39,1,11
AU000005901,110,1315,4,39,1,3
AU000005901,123,1315,4,39,1,3
SZ000006717,909,1315,4,39,9,12
UK000056225,226,1315,4,39,2,13
SZ000006717,519,1315,4,39,5,12
UK000056225,1119,1315,4,39,11,13
ITE00100550,103,1315,4,39,1,11
EZE00100082,110,1315,4,39,1,8
AU000005901,116,1315,4,39,1,3
SZ000006717,930,1315,4,39,9,12
ITE00100550,106,1315,4,39,1,11
CA006153192,1121,1315,4,39,11,5
USC00288878,210,1315,4,39,2,14
CA006150689,314,1315,4,39,3,5
CA006153192,315,1315,4,39,3,5
USC00288878,1202,1315,4,39,12,14
UK000056225,301,1315,4,39,3,13
BE000006447,301,1315,4,39,3,4
SZ000006717,925,1315,4,39,9,12
CA006110549,1103,1315,4,39,11,5
CA006158350,210,1315,4,39,2,5
CA006150689,315,1315,4,39,3,5
CA006110549,125,1315,4,39,1,5
UK000047811,227,1315,4,39,2,13
CA006150689,1121,1315,4,39,11,5
CA006106362,228,1315,4,39,2,5
CA006166416,1224,1315,4,39,12,5
CA006106362,314,1315,4,39,3,5
CA006148100,1026,1315,4,39,10,5
CA006110549,219,1315,4,39,2,5
CA006153192,329,1315,4,39,3,5
GME00125218,318,1315,4,39,3,10
CA006137735,329,1315,4,39,3,5
CA006137735,324,1315,4,39,3,5
EZE00100082,1229,1315,4,39,12,8
CA006153192,330,1315,4,39,3,5
CA006158350,330,1315,4,39,3,5
CA006110549,1201,1315,4,39,12,5
CA006153192,407,1315,4,39,4,5
CA006158350,1130,1315,4,39,11,5
AU000005901,311,1315,4,39,3,3
CA006110549,331,1315,4,39,3,5
CA006106362,425,1315,4,39,4,5
CA006110549,220,1315,4,39,2,5
CA006166416,1117,1315,4,39,11,5
USC00288878,130,1315,4,39,1,14
CA006158350,316,1315,4,39,3,5
CA006110549,1209,1315,4,39,12,5
CA006106362,227,1315,4,39,2,5
CA006148100,1025,1315,4,39,10,5
CA006106362,212,1315,4,39,2,5
CA006153192,101,1315,4,39,1,5
CA006166416,1106,1315,4,39,11,5
CA006106362,1206,1315,4,39,12,5
UK000047811,212,1315,4,39,2,13
CA006153192,322,1315,4,39,3,5
CA006137735,1130,1315,4,39,11,5
SZ000006717,814,1315,4,39,8,12
UK000047811,1230,1315,4,39,12,13
CA006166416,424,1315,4,39,4,5
CA006148100,1126,1315,4,39,11,5
CA006110549,1206,1315,4,39,12,5
EZE00100082,1217,1315,4,39,12,8
EZE00100082,104,1315,4,39,1,8
EZE00100082,1220,1315,4,39,12,8
GM000004204,1119,1315,4,39,11,9
GM000004204,219,1315,4,39,2,9
ITE00100554,1231,1315,4,39,12,11
GME00125218,311,1315,4,39,3,10
ITE00100554,102,1315,4,39,1,11
ITE00100554,122,1315,4,39,1,11
ITE00100550,102,1315,4,39,1,11
SZ000006717,427,1315,4,39,4,12
EZE00100082,1125,1315,4,39,11,8
SZ000006717,524,1315,4,39,5,12
GM000004204,1202,1315,4,39,12,9
EZE00100082,1227,1315,4,39,12,8
GM000004204,1231,1315,4,39,12,9
GME00125218,1231,1315,4,39,12,10
SZ000006717,602,1315,4,39,6,12
EZE00100082,214,1315,4,39,2,8
EZE00100082,1231,1315,4,39,12,8
GM000004204,1123,1315,4,39,11,9
SZ000006717,522,1315,4,39,5,12
GME00125218,1126,1315,4,39,11,10
AU000005901,111,1315,4,39,1,3
GME00125218,316,1315,4,39,3,10
GME00125218,1203,1315,4,39,12,10
BE000006447,1220,1315,4,39,12,4
AU000005901,201,1315,4,39,2,3
SZ000006717,209,1315,4,40,2,12
UK000056225,319,1315,4,40,3,13
SZ000006717,426,1315,4,40,4,12
ITE00100554,1130,1315,4,40,11,11
EZE00100082,128,1315,4,40,1,8
EZE00100082,1124,1315,4,40,11,8
EZE00100082,323,1315,4,40,3,8
SZ000006717,920,1315,4,40,9,12
GM000004204,311,1315,4,40,3,9
GME00125218,320,1315,4,40,3,10
GME00125218,1125,1315,4,40,11,10
GME00125218,111,1315,4,40,1,10
GME00125218,1229,1315,4,40,12,10
EZE00100082,1228,1315,4,40,12,8
GME00125218,219,1315,4,40,2,10
GME00125218,102,1315,4,40,1,10
AU000005901,115,1315,4,40,1,3
USC00288878,1216,1315,4,40,12,14
CA006110549,1025,1315,4,40,10,5
CA006106362,1031,1315,4,40,10,5
GM000004204,1127,1315,4,40,11,9
CA006166416,1027,1315,4,40,10,5
USC00288878,306,1315,4,40,3,14
CA006166416,1026,1315,4,40,10,5
SZ000006717,1113,1315,4,40,11,12
SZ000006717,929,1315,4,40,9,12
EZE00100082,317,1315,4,40,3,8
CA006153192,327,1315,4,40,3,5
SZ000006717,831,1315,4,40,8,12
CA006148100,1206,1315,4,40,12,5
AU000005901,1227,1315,4,40,12,3
CA006166416,406,1315,4,40,4,5
CA006137735,1210,1315,4,40,12,5
CA006122845,1217,1315,4,40,12,5
CA006148100,502,1315,4,40,5,5
UK000047811,305,1315,4,40,3,13
CA006110549,1117,1315,4,40,11,5
UK000047811,216,1315,4,40,2,13
UK000047811,104,1315,4,40,1,13
USC00288878,307,1315,4,40,3,14
CA006106362,1029,1315,4,40,10,5
USC00288878,213,1315,4,40,2,14
CA006148100,425,1315,4,40,4,5
CA006153192,1222,1315,4,40,12,5
EZE00100082,321,1315,4,40,3,8
CA006139520,1116,1315,4,40,11,5
USC00288878,1219,1315,4,40,12,14
CA006158350,331,1315,4,40,3,5
UK000056225,304,1315,4,40,3,13
USC00288878,201,1315,4,40,2,14
CA006106362,213,1315,4,40,2,5
UK000056225,111,1315,4,40,1,13
CA006139520,1129,1315,4,40,11,5
CA006106362,316,1315,4,40,3,5
CA006153192,130,1315,4,40,1,5
USC00288878,1105,1315,4,40,11,14
USC00288878,1126,1315,4,40,11,14
CA006106362,1113,1315,4,40,11,5
USC00288878,1203,1315,4,40,12,14
CA006158350,221,1315,4,40,2,5
CA006148100,1204,1315,4,40,12,5
CA006106362,219,1315,4,40,2,5
BE000006447,1119,1315,4,40,11,4
CA006110549,323,1315,4,40,3,5
CA006137735,402,1315,4,40,4,5
UK000056225,1129,1315,4,40,11,13
USC00288878,320,1315,4,40,3,14
CA006110549,221,1315,4,40,2,5
CA006150689,1025,1315,4,40,10,5
CA006153192,214,1315,4,40,2,5
CA006106362,1205,1315,4,40,12,5
CA006110549,315,1315,4,40,3,5
UK000047811,226,1315,4,40,2,13
CA006106362,1112,1315,4,40,11,5
USC00288878,112,1315,4,40,1,14
AU000005901,321,1315,4,40,3,3
CA006166416,425,1315,4,40,4,5
UK000047811,108,1315,4,40,1,13
CA006166416,1025,1315,4,40,10,5
CA006158350,408,1315,4,40,4,5
AU000005901,1128,1315,4,40,11,3
GME00125218,1220,1315,4,40,12,10
SZ000006717,604,1315,4,40,6,12
GM000004204,1229,1315,4,40,12,9
GME00125218,1127,1315,4,40,11,10
GM000004204,1203,1315,4,40,12,9
GME00125218,103,1315,4,40,1,10
EZE00100082,1127,1315,4,40,11,8
GM000004204,1126,1315,4,40,11,9
ITE00100554,107,1315,5,40,1,11
GME00125218,1115,1315,5,40,11,10
AU000005901,1111,1315,5,40,11,3
BE000006447,213,1315,5,40,2,4
SZ000006717,521,1315,5,40,5,12
EZE00100082,108,1315,5,40,1,8
BE000006447,1117,1315,5,40,11,4
SZ000006717,927,1315,5,40,9,12
ITE00100550,104,1315,5,40,1,11
SZ000006717,1001,1315,5,40,10,12
ITE00100554,1202,1315,5,40,12,11
SZ000006717,917,1315,5,40,9,12
ITE00100550,207,1315,5,40,2,11
ITE00100550,209,1315,5,40,2,11
ITE00100554,1212,1315,5,41,12,11
GME00125218,328,1315,5,41,3,10
ITE00100550,1231,1315,5,41,12,11
ITE00100550,108,1315,5,41,1,11
GME00125218,223,1315,5,41,2,10
GM000004204,1125,1315,5,41,11,9
SZ000006717,1010,1315,5,41,10,12
BE000006447,127,1315,5,41,1,4
UK000056225,218,1315,5,41,2,13
GME00125218,215,1315,5,41,2,10
UK000056225,305,1315,5,41,3,13
BE000006447,1129,1315,5,41,11,4
SZ000006717,527,1315,5,41,5,12
BE000006447,309,1315,5,41,3,4
SZ000006717,1022,1315,5,41,10,12
SZ000006717,725,1315,5,41,7,12
UK000056225,108,1315,5,41,1,13
EZE00100082,310,1315,5,41,3,8
GME00125218,1217,1315,5,41,12,10
EZE00100082,1115,1315,5,41,11,8
GM000004204,102,1315,5,41,1,9
AU000005901,329,1315,5,41,3,3
SZ000006717,923,1315,5,41,9,12
ITE00100554,112,1315,5,41,1,11
EZE00100082,328,1315,5,41,3,8
ITE00100554,126,1315,5,41,1,11
UK000056225,212,1315,5,41,2,13
EZE00100082,1027,1315,5,41,10,8
SZ000006717,1009,1315,5,41,10,12
ITE00100554,103,1315,5,41,1,11
UK000047811,1229,1315,5,41,12,13
CA006110549,214,1315,5,41,2,5
AU000005901,1026,1315,5,41,10,3
CA006110549,217,1315,5,41,2,5
CA006158350,401,1315,5,41,4,5
CA006153192,221,1315,5,41,2,5
CA006110549,330,1315,5,41,3,5
CA006166416,1116,1315,5,41,11,5
CA006158350,1103,1315,5,41,11,5
SZ000006717,708,1315,5,41,7,12
CA006158350,1116,1315,5,41,11,5
CA006110549,1027,1315,5,41,10,5
USC00288878,118,1315,5,41,1,14
CA006110549,1024,1315,5,41,10,5
CA006139520,1224,1315,5,41,12,5
UK000047811,214,1315,5,41,2,13
ITE00100550,208,1315,5,41,2,11
CA006110549,117,1315,5,41,1,5
CA006137735,1117,1315,5,41,11,5
CA006166416,1126,1315,5,41,11,5
CA006110549,1202,1315,5,41,12,5
AU000005901,220,1315,5,41,2,3
CA006158350,402,1315,5,41,4,5
CA006110549,1204,1315,5,41,12,5
GME00125218,1228,1315,5,41,12,10
CA006110549,1130,1315,5,41,11,5
CA006137735,311,1315,5,41,3,5
CA006158350,1031,1315,5,41,10,5
CA006106362,1204,1315,5,41,12,5
CA006137735,1031,1315,5,41,10,5
ITE00100554,1230,1315,5,41,12,11
CA006122845,1210,1315,5,41,12,5
USC00288878,228,1315,5,41,2,14
ITE00100550,215,1315,5,41,2,11
UK000047811,306,1315,5,41,3,13
UK000047811,301,1315,5,41,3,13
SZ000006717,1005,1315,5,41,10,12
UK000047811,109,1315,5,41,1,13
AU000005901,1118,1315,5,41,11,3
CA006110549,312,1315,5,41,3,5
CA006158350,1223,1315,5,41,12,5
CA006110549,1026,1315,5,41,10,5
CA006150689,1106,1315,5,41,11,5
CA006153192,301,1315,5,41,3,5
UK000056225,313,1315,5,41,3,13
GME00125218,101,1315,5,41,1,10
GME00125218,1211,1315,5,41,12,10
EZE00100082,127,1315,5,41,1,8
EZE00100082,1111,1315,5,41,11,8
SZ000006717,614,1315,5,41,6,12
SZ000006717,803,1315,5,41,8,12
ITE00100554,121,1315,5,41,1,11
UK000056225,303,1315,5,41,3,13
BE000006447,305,1315,5,41,3,4
ITE00100550,1130,1315,5,41,11,11
BE000006447,314,1315,5,41,3,4
UK000056225,312,1315,5,41,3,13
SZ000006717,1031,1315,5,41,10,12
ITE00100554,210,1315,5,41,2,11
EZE00100082,322,1315,5,42,3,8
EZE00100082,327,1315,5,42,3,8
GME00125218,1227,1315,5,42,12,10
GME00125218,1216,1315,5,42,12,10
EZE00100082,1126,1315,5,42,11,8
SZ000006717,617,1315,5,42,6,12
ITE00100550,211,1315,5,42,2,11
SZ000006717,1002,1315,5,42,10,12
SZ000006717,1011,1315,5,42,10,12
GM000004204,1228,1315,5,42,12,9
GME00125218,127,1315,5,42,1,10
GME00125218,1111,1315,5,42,11,10
UK000056225,1229,1315,5,42,12,13
BE000006447,1201,1315,5,42,12,4
GM000004204,223,1315,5,42,2,9
EZE00100082,1211,1315,5,42,12,8
GM000004204,1217,1315,5,42,12,9
UK000056225,430,1315,5,42,4,13
ITE00100550,124,1315,5,42,1,11
GME00125218,131,1315,5,42,1,10
GM000004204,112,1315,5,42,1,9
GM000004204,104,1315,5,42,1,9
BE000006447,1202,1315,5,42,12,4
GM000004204,1124,1315,5,42,11,9
GM000004204,111,1315,5,42,1,9
EZE00100082,131,1315,5,42,1,8
UK000056225,125,1315,6,42,1,13
ITE00100550,105,1315,6,42,1,11
EZE00100082,111,1315,6,42,1,8
BE000006447,302,1315,6,42,3,4
GME00125218,112,1315,6,42,1,10
GME00125218,304,1315,6,42,3,10
SZ000006717,901,1315,6,42,9,12
GME00125218,1124,1315,6,42,11,10
SZ000006717,615,1315,6,42,6,12
UK000056225,219,1315,6,42,2,13
EZE00100082,114,1315,6,42,1,8
GM000004204,1227,1315,6,42,12,9
BE000006447,1208,1315,6,42,12,4
AU000005901,1211,1315,6,42,12,3
UK000047811,302,1315,6,42,3,13
BE000006447,1230,1315,6,42,12,4
UK000047811,217,1315,6,42,2,13
CA006153192,316,1315,6,42,3,5
CA006122845,1224,1315,6,42,12,5
CA006137735,313,1315,6,42,3,5
CA006158350,1102,1315,6,42,11,5
CA006139520,1024,1315,6,42,10,5
AU000005901,224,1315,6,42,2,3
CA006153192,402,1315,6,42,4,5
ITE00100554,1203,1315,6,42,12,11
CA006137735,315,1315,6,42,3,5
SZ000006717,1105,1315,6,42,11,12
USC00288878,227,1315,6,42,2,14
CA006166416,1203,1315,6,42,12,5
UK000047811,218,1315,6,42,2,13
CA006153192,403,1315,6,42,4,5
CA006106362,1024,1315,6,42,10,5
CA006153192,118,1315,6,42,1,5
CA006139520,1103,1315,6,42,11,5
SZ000006717,813,1315,6,42,8,12
GME00125218,228,1315,6,42,2,10
CA006150689,1203,1315,6,42,12,5
CA006148100,1203,1315,6,42,12,5
CA006106362,301,1315,6,42,3,5
CA006153192,1105,1315,6,42,11,5
CA006166416,1113,1315,6,42,11,5
CA006122845,1205,1315,6,42,12,5
AU000005901,316,1315,6,42,3,3
USC00288878,220,1315,6,42,2,14
GM000004204,103,1315,6,42,1,9
UK000047811,319,1315,6,42,3,13
CA006148100,222,1315,6,42,2,5
CA006150689,1224,1315,6,42,12,5
CA006153192,1031,1315,6,42,10,5
CA006153192,102,1315,6,42,1,5
CA006148100,1030,1315,6,42,10,5
ITE00100554,211,1315,6,42,2,11
USC00288878,1225,1315,6,42,12,14
CA006110549,324,1315,6,42,3,5
BE000006447,220,1315,6,42,2,4
CA006139520,1105,1315,6,42,11,5
UK000047811,105,1315,6,42,1,13
CA006153192,1130,1315,6,42,11,5
CA006150689,1126,1315,6,42,11,5
EZE00100082,225,1315,6,42,2,8
CA006110549,1031,1315,6,42,10,5
GME00125218,324,1315,6,42,3,10
CA006137735,331,1315,6,42,3,5
ITE00100554,106,1315,6,42,1,11
UK000056225,309,1315,6,42,3,13
CA006148100,424,1315,6,42,4,5
ITE00100554,114,1315,6,42,1,11
USC00288878,327,1315,6,42,3,14
CA006148100,1205,1315,6,42,12,5
CA006110549,502,1315,6,42,5,5
CA006158350,406,1315,6,42,4,5
CA006137735,312,1315,6,42,3,5
CA006139520,1031,1315,6,42,10,5
ITE00100554,1204,1315,6,42,12,11
ITE00100550,1203,1315,6,42,12,11
ITE00100554,1225,1315,6,42,12,11
GME00125218,213,1315,6,42,2,10
SZ000006717,730,1315,6,42,7,12
SZ000006717,1108,1315,6,42,11,12
AU000005901,225,1315,6,42,2,3
AU000005901,1231,1315,6,42,12,3
UK000056225,1220,1315,6,42,12,13
ITE00100550,225,1315,6,42,2,11
UK000056225,225,1315,6,42,2,13
SZ000006717,1204,1315,6,42,12,12
EZE00100082,304,1315,6,42,3,8
EZE00100082,1219,1315,6,42,12,8
AU000005901,328,1315,6,42,3,3
SZ000006717,1106,1315,6,42,11,12
GM000004204,1111,1315,6,42,11,9
GME00125218,301,1315,6,42,3,10
BE000006447,1211,1315,6,42,12,4
AU000005901,423,1315,6,43,4,3
AU000005901,1027,1315,6,43,10,3
BE000006447,1121,1315,6,43,11,4
AU000005901,112,1315,6,43,1,3
SZ000006717,1205,1315,6,43,12,12
ITE00100554,1210,1315,6,43,12,11
SZ000006717,1020,1315,6,43,10,12
ITE00100550,206,1315,6,43,2,11
GM000004204,225,1315,6,43,2,9
GME00125218,1026,1315,6,43,10,10
GME00125218,104,1315,6,43,1,10
AU000005901,1229,1315,6,43,12,3
GM000004204,320,1315,6,43,3,9
SZ000006717,829,1315,6,43,8,12
EZE00100082,124,1315,6,43,1,8
ITE00100554,120,1315,6,43,1,11
GM000004204,126,1315,6,43,1,9
GME00125218,109,1315,6,43,1,10
EZE00100082,125,1315,6,43,1,8
SZ000006717,703,1315,6,43,7,12
ITE00100550,115,1315,6,43,1,11
EZE00100082,329,1315,6,43,3,8
ITE00100550,1201,1315,6,43,12,11
BE000006447,310,1315,6,43,3,4
GME00125218,225,1315,6,43,2,10
GM000004204,131,1315,6,43,1,9
GME00125218,327,1315,6,43,3,10
GM000004204,213,1315,6,43,2,9
GM000004204,215,1315,6,43,2,9
AU000005901,219,1315,6,43,2,3
ITE00100554,208,1315,6,43,2,11
GME00125218,312,1315,6,43,3,10
AU000005901,304,1315,6,43,3,3
AU000005901,1127,1315,6,43,11,3
BE000006447,304,1315,6,43,3,4
SZ000006717,924,1315,6,43,9,12
ITE00100554,1216,1315,6,43,12,11
ITE00100554,215,1315,6,43,2,11
AU000005901,214,1315,6,43,2,3
GME00125218,108,1315,6,43,1,10
EZE00100082,314,1315,6,43,3,8
CA006153192,323,1315,6,43,3,5
UK000056225,220,1315,6,43,2,13
CA006150689,424,1315,6,43,4,5
EIE00101859,301,1315,6,43,3,7
CA006106362,1207,1315,6,43,12,5
CA006150689,301,1315,6,43,3,5
CA006106362,1101,1315,6,43,11,5
CA006153192,210,1315,6,43,2,5
CA006158350,301,1315,6,43,3,5
CA006148100,1113,1315,6,43,11,5
UK000047811,307,1315,6,43,3,13
UK000056225,307,1315,6,43,3,13
CA006110549,1116,1315,6,43,11,5
CA006150689,425,1315,6,43,4,5
CA006150689,302,1315,6,43,3,5
UK000047811,1207,1315,6,43,12,13
CA006148100,501,1315,6,43,5,5
GME00125218,1210,1315,6,43,12,10
GME00125218,126,1315,6,43,1,10
CA006153192,113,1315,6,43,1,5
CA006106362,1030,1315,6,43,10,5
CA006158350,1025,1315,6,43,10,5
UK000056225,306,1315,6,43,3,13
CA006150689,303,1315,6,43,3,5
CA006110549,120,1315,6,43,1,5
CA006148100,1027,1315,6,43,10,5
CA006166416,426,1315,6,43,4,5
CA006166416,1112,1315,6,43,11,5
CA006150689,1117,1315,6,43,11,5
BE000006447,101,1315,6,43,1,4
CA006148100,1106,1315,6,43,11,5
CA006150689,1026,1315,6,43,10,5
GME00125218,1110,1315,6,43,11,10
USC00288878,221,1315,6,43,2,14
UK000056225,320,1315,6,43,3,13
CA006110549,316,1315,6,43,3,5
CA006158350,1126,1315,6,43,11,5
UK000056225,213,1315,6,43,2,13
USC00288878,1218,1315,6,43,12,14
CA006110549,314,1315,6,43,3,5
CA006122845,1206,1315,6,43,12,5
CA006148100,1119,1315,6,43,11,5
UK000047811,1118,1315,6,43,11,13
CA006110549,425,1315,6,43,4,5
CA006153192,1206,1315,6,43,12,5
CA006158350,1206,1315,6,43,12,5
EZE00100082,112,1315,6,43,1,8
CA006158350,1203,1315,6,43,12,5
EZE00100082,227,1315,6,43,2,8
CA006148100,1120,1315,6,43,11,5
UK000056225,109,1315,6,43,1,13
CA006106362,1025,1315,6,43,10,5
UK000047811,211,1315,6,43,2,13
CA006148100,119,1315,6,43,1,5
AU000005901,124,1315,6,43,1,3
GM000004204,1026,1315,6,43,10,9
CA006139520,1120,1315,6,43,11,5
CA006110549,201,1315,6,43,2,5
UK000047811,1116,1315,6,43,11,13
BE000006447,1214,1315,6,43,12,4
SZ000006717,1107,1315,6,43,11,12
ITE00100554,1211,1315,6,43,12,11
EZE00100082,226,1315,6,43,2,8
ITE00100550,1205,1315,6,43,12,11
EZE00100082,126,1315,6,43,1,8
SZ000006717,413,1315,6,43,4,12
EZE00100082,1210,1315,6,43,12,8
SZ000006717,528,1315,6,43,5,12
BE000006447,308,1315,6,43,3,4
BE000006447,1027,1315,6,43,10,4
EZE00100082,1029,1315,6,43,10,8
EZE00100082,1026,1315,6,43,10,8
ITE00100550,126,1315,6,43,1,11
SZ000006717,922,1315,6,43,9,12
ITE00100550,113,1315,6,43,1,11
EZE00100082,216,1315,6,43,2,8
GME00125218,117,1315,6,43,1,10
ITE00100554,115,1315,6,43,1,11
BE000006447,214,1315,6,43,2,4
ITE00100554,119,1315,6,43,1,11
GM000004204,326,1315,6,43,3,9
AU000005901,1124,1315,6,43,11,3
GM000004204,430,1315,6,43,4,9
BE000006447,106,1315,6,43,1,4
GME00125218,216,1315,6,43,2,10
ITE00100554,317,1315,6,43,3,11
AU000005901,1024,1315,6,43,10,3
GM000004204,109,1315,6,43,1,9
AU000005901,312,1315,6,43,3,3
GME00125218,326,1315,6,43,3,10
GME00125218,329,1315,6,43,3,10
SZ000006717,830,1315,6,43,8,12
AU000005901,215,1315,6,43,2,3
GME00125218,125,1315,6,43,1,10
SZ000006717,828,1315,6,43,8,12
UK000056225,1207,1315,6,43,12,13
GME00125218,1028,1315,6,43,10,10
ITE00100554,1214,1315,6,43,12,11
ITE00100554,319,1315,6,44,3,11
SZ000006717,412,1315,6,44,4,12
GM000004204,218,1315,6,44,2,9
SZ000006717,822,1315,6,44,8,12
BE000006447,303,1315,6,44,3,4
GM000004204,108,1315,6,44,1,9
ITE00100550,114,1315,6,44,1,11
EZE00100082,1028,1315,6,44,10,8
AU000005901,322,1315,6,44,3,3
BE000006447,306,1315,6,44,3,4
ITE00100550,1202,1315,6,44,12,11
AU000005901,1119,1315,6,44,11,3
GME00125218,204,1315,6,44,2,10
BE000006447,313,1315,6,44,3,4
AU000005901,1028,1315,6,44,10,3
ITE00100554,1221,1315,6,44,12,11
AU000005901,213,1315,6,44,2,3
GME00125218,1027,1315,6,44,10,10
AU000005901,1126,1315,6,44,11,3
EZE00100082,318,1315,6,44,3,8
EZE00100082,201,1315,6,44,2,8
BE000006447,218,1315,6,44,2,4
AU000005901,1125,1315,7,44,11,3
BE000006447,1128,1315,7,44,11,4
ITE00100554,105,1315,7,44,1,11
UK000056225,1127,1315,7,44,11,13
SZ000006717,1007,1315,7,44,10,12
UK000056225,105,1315,7,44,1,13
GME00125218,1230,1315,7,44,12,10
GM000004204,1220,1315,7,44,12,9
SZ000006717,603,1315,7,44,6,12
UK000056225,211,1315,7,44,2,13
UK000056225,1120,1315,7,44,11,13
ITE00100554,1207,1315,7,44,12,11
UK000056225,1221,1315,7,44,12,13
GM000004204,216,1315,7,44,2,9
UK000056225,318,1315,7,44,3,13
GME00125218,130,1315,7,44,1,10
CA006150689,223,1315,7,44,2,5
CA006150689,402,1315,7,44,4,5
CA006137735,1026,1315,7,44,10,5
UK000047811,1201,1315,7,44,12,13
CA006148100,223,1315,7,44,2,5
UK000047811,314,1315,7,44,3,13
CA006158350,222,1315,7,44,2,5
CA006137735,314,1315,7,44,3,5
CA006110549,1203,1315,7,44,12,5
CA006166416,1130,1315,7,44,11,5
CA006106362,1114,1315,7,44,11,5
UK000056225,104,1315,7,44,1,13
CA006110549,1120,1315,7,44,11,5
CA006158350,119,1315,7,44,1,5
BE000006447,222,1315,7,44,2,4
USC00288878,1122,1315,7,44,11,14
ITE00100550,221,1315,7,44,2,11
USC00288878,214,1315,7,44,2,14
UK000047811,128,1315,7,44,1,13
SZ000006717,508,1315,7,44,5,12
ITE00100554,1129,1315,7,44,11,11
CA006158350,501,1315,7,44,5,5
SZ000006717,910,1315,7,44,9,12
CA006110549,1112,1315,7,44,11,5
CA006153192,1103,1315,7,44,11,5
CA006106362,426,1315,7,44,4,5
CA006150689,1027,1315,7,44,10,5
UK000047811,210,1315,7,44,2,13
CA006137735,1103,1315,7,44,11,5
CA006106362,503,1315,7,44,5,5
ITE00100554,1206,1315,7,44,12,11
ITE00100554,201,1315,7,44,2,11
CA006110549,1102,1315,7,44,11,5
CA006166416,502,1315,7,44,5,5
EZE00100082,306,1315,7,44,3,8
CA006150689,224,1315,7,44,2,5
USC00288878,1123,1315,7,44,11,14
CA006106362,210,1315,7,44,2,5
CA006148100,224,1315,7,44,2,5
CA006158350,1117,1315,7,44,11,5
USC00288878,311,1315,7,44,3,14
EZE00100082,117,1315,7,44,1,8
CA006110549,1126,1315,7,44,11,5
CA006110549,1118,1315,7,44,11,5
EZE00100082,224,1315,7,44,2,8
CA006158350,1120,1315,7,44,11,5
USC00288878,1201,1315,7,44,12,14
USC00288878,119,1315,7,44,1,14
UK000047811,219,1315,7,44,2,13
USC00288878,219,1315,7,44,2,14
CA006166416,427,1315,7,44,4,5
USC00288878,1223,1315,7,44,12,14
CA006153192,1210,1315,7,44,12,5
CA006139520,1205,1315,7,44,12,5
CA006158350,120,1315,7,44,1,5
CA006166416,1210,1315,7,44,12,5
UK000047811,320,1315,7,44,3,13
CA006166416,1205,1315,7,44,12,5
CA006148100,406,1315,7,44,4,5
CA006158350,302,1315,7,44,3,5
CA006150689,1113,1315,7,44,11,5
CA006158350,1204,1315,7,44,12,5
CA006137735,1224,1315,7,44,12,5
CA006166416,1204,1315,7,44,12,5
CA006158350,1106,1315,7,44,11,5
GM000004204,1027,1315,7,44,10,9
GME00125218,302,1315,7,44,3,10
ITE00100554,1208,1315,7,44,12,11
GM000004204,124,1315,7,44,1,9
GM000004204,422,1315,7,44,4,9
ITE00100550,309,1315,7,44,3,11
BE000006447,1123,1315,7,44,11,4
ITE00100550,116,1315,7,44,1,11
BE000006447,320,1315,7,44,3,4
GME00125218,218,1315,7,44,2,10
AU000005901,131,1315,7,44,1,3
ITE00100550,125,1315,7,44,1,11
BE000006447,1127,1315,7,44,11,4
GM000004204,316,1315,7,44,3,9
GM000004204,1211,1315,7,44,12,9
GM000004204,307,1315,7,44,3,9
GME00125218,1218,1315,7,44,12,10
ITE00100550,127,1315,7,44,1,11
BE000006447,125,1315,7,44,1,4
GME00125218,124,1315,7,44,1,10
BE000006447,1122,1315,7,44,11,4
BE000006447,311,1315,7,44,3,4
GM000004204,117,1315,7,44,1,9
ITE00100554,1213,1315,7,44,12,11
BE000006447,312,1315,7,44,3,4
EZE00100082,1110,1315,7,44,11,8
GM000004204,308,1315,7,44,3,9
AU000005901,127,1315,7,44,1,3
GM000004204,224,1315,7,44,2,9
SZ000006717,418,1315,7,44,4,12
SZ000006717,1008,1315,7,44,10,12
GME00125218,226,1315,7,44,2,10
BE000006447,110,1315,7,44,1,4
EZE00100082,204,1315,7,44,2,8
SZ000006717,1206,1315,7,44,12,12
EZE00100082,218,1315,7,44,2,8
EZE00100082,209,1315,7,44,2,8
GM000004204,204,1315,7,44,2,9
ITE00100550,201,1315,7,45,2,11
ITE00100550,1212,1315,7,45,12,11
BE000006447,322,1315,7,45,3,4
SZ000006717,916,1315,7,45,9,12
BE000006447,219,1315,7,45,2,4
GM000004204,328,1315,7,45,3,9
ITE00100550,204,1315,7,45,2,11
GME00125218,224,1315,7,45,2,10
GM000004204,327,1315,7,45,3,9
GM000004204,1230,1315,7,45,12,9
GME00125218,317,1315,7,45,3,10
AU000005901,521,1315,7,45,5,3
ITE00100550,1120,1315,7,45,11,11
ITE00100554,1222,1315,7,45,12,11
AU000005901,1230,1315,7,45,12,3
GME00125218,1025,1315,7,45,10,10
AU000005901,314,1315,7,45,3,3
GME00125218,1208,1315,7,45,12,10
SZ000006717,821,1315,7,45,8,12
GM000004204,313,1315,7,45,3,9
GM000004204,101,1315,7,45,1,9
BE000006447,1226,1315,7,45,12,4
GME00125218,430,1315,7,45,4,10
AU000005901,1228,1315,7,45,12,3
ITE00100550,1213,1315,7,45,12,11
GM000004204,116,1315,7,45,1,9
GME00125218,1024,1315,7,45,10,10
GM000004204,304,1315,7,45,3,9
GM000004204,125,1315,7,45,1,9
AU000005901,125,1315,7,45,1,3
SZ000006717,1006,1315,7,45,10,12
EZE00100082,1025,1315,7,45,10,8
EZE00100082,213,1315,7,45,2,8
EZE00100082,401,1315,7,45,4,8
SZ000006717,721,1315,7,45,7,12
GM000004204,324,1315,7,45,3,9
SZ000006717,806,1315,7,45,8,12
SZ000006717,919,1315,7,45,9,12
ITE00100554,116,1315,7,45,1,11
GME00125218,209,1315,7,45,2,10
GME00125218,313,1315,7,45,3,10
AU000005901,216,1315,7,45,2,3
GM000004204,1110,1315,7,45,11,9
EZE00100082,1230,1315,7,45,12,8
CA006137735,1116,1315,7,45,11,5
CA006153192,1113,1315,7,45,11,5
CA006122845,1203,1315,7,45,12,5
SZ000006717,802,1315,7,45,8,12
USC00288878,301,1315,7,45,3,14
CA006158350,1113,1315,7,45,11,5
CA006122845,1225,1315,7,45,12,5
CA006148100,1115,1315,7,45,11,5
CA006150689,1031,1315,7,45,10,5
ITE00100550,302,1315,7,45,3,11
CA006139520,1115,1315,7,45,11,5
UK000047811,207,1315,7,45,2,13
CA006110549,1101,1315,7,45,11,5
CA006166416,409,1315,7,45,4,5
ITE00100550,1211,1315,7,45,12,11
UK000047811,312,1315,7,45,3,13
CA006148100,1116,1315,7,45,11,5
CA006137735,1206,1315,7,45,12,5
UK000047811,313,1315,7,45,3,13
CA006110549,1119,1315,7,45,11,5
CA006148100,426,1315,7,45,4,5
CA006110549,223,1315,7,45,2,5
CA006122845,1204,1315,7,45,12,5
CA006137735,1204,1315,7,45,12,5
CA006150689,222,1315,7,45,2,5
UK000047811,213,1315,7,45,2,13
CA006139520,1204,1315,7,45,12,5
UK000047811,220,1315,7,45,2,13
UK000056225,126,1315,7,45,1,13
SZ000006717,726,1315,7,45,7,12
CA006158350,1024,1315,7,45,10,5
UK000056225,124,1315,7,45,1,13
CA006150689,1210,1315,7,45,12,5
UK000047811,321,1315,7,45,3,13
USC00288878,1106,1315,7,45,11,14
CA006106362,522,1315,7,45,5,5
CA006110549,313,1315,7,45,3,5
CA006158350,223,1315,7,45,2,5
UK000056225,223,1315,7,45,2,13
CA006148100,403,1315,7,45,4,5
CA006153192,1116,1315,7,45,11,5
UK000056225,308,1315,7,45,3,13
CA006158350,403,1315,7,45,4,5
UK000047811,225,1315,7,45,2,13
UK000047811,223,1315,7,45,2,13
UK000047811,403,1315,7,45,4,13
CA006166416,413,1315,7,45,4,5
SZ000006717,810,1315,7,45,8,12
CA006166416,1129,1315,7,45,11,5
CA006158350,1026,1315,7,45,10,5
ITE00100554,131,1315,7,45,1,11
BE000006447,224,1315,7,45,2,4
CA006158350,224,1315,7,45,2,5
EZE00100082,312,1315,7,45,3,8
AU000005901,323,1315,7,45,3,3
EZE00100082,1024,1315,7,45,10,8
BE000006447,126,1315,7,45,1,4
ITE00100554,1116,1315,7,45,11,11
GM000004204,1216,1315,7,45,12,9
ITE00100550,110,1315,7,45,1,11
ITE00100550,119,1315,7,45,1,11
GM000004204,205,1315,7,45,2,9
GME00125218,116,1315,7,45,1,10
ITE00100550,219,1315,7,45,2,11
ITE00100550,202,1315,7,45,2,11
AU000005901,227,1315,8,46,2,3
BE000006447,1207,1315,8,46,12,4
GM000004204,301,1315,8,46,3,9
EZE00100082,1103,1315,8,46,11,8
BE000006447,307,1315,8,46,3,4
GM000004204,302,1315,8,46,3,9
EZE00100082,309,1315,8,46,3,8
BE000006447,1227,1315,8,46,12,4
ITE00100550,1219,1315,8,46,12,11
GM000004204,130,1315,8,46,1,9
AU000005901,327,1315,8,46,3,3
EZE00100082,313,1315,8,46,3,8
BE000006447,102,1315,8,46,1,4
AU000005901,1115,1315,8,46,11,3
GME00125218,208,1315,8,46,2,10
AU000005901,119,1315,8,46,1,3
ITE00100550,118,1315,8,46,1,11
GM000004204,1210,1315,8,46,12,9
AU000005901,126,1315,8,46,1,3
EZE00100082,119,1315,8,46,1,8
AU000005901,1210,1315,8,46,12,3
GM000004204,127,1315,8,46,1,9
GM000004204,226,1315,8,46,2,9
SZ000006717,510,1315,8,46,5,12
GM000004204,1115,1315,8,46,11,9
EZE00100082,130,1315,8,46,1,8
AU000005901,303,1315,8,46,3,3
GM000004204,209,1315,8,46,2,9
SZ000006717,707,1315,8,46,7,12
SZ000006717,913,1315,8,46,9,12
EZE00100082,326,1315,8,46,3,8
BE000006447,223,1315,8,46,2,4
ITE00100550,226,1315,8,46,2,11
BE000006447,104,1315,8,46,1,4
BE000006447,105,1315,8,46,1,4
BE000006447,111,1315,8,46,1,4
BE000006447,1126,1315,8,46,11,4
BE000006447,124,1315,8,46,1,4
SZ000006717,1021,1315,8,46,10,12
UK000056225,128,1315,8,46,1,13
ITE00100550,1121,1315,8,46,11,11
BE000006447,103,1315,8,46,1,4
SZ000006717,606,1315,8,46,6,12
ITE00100554,1201,1315,8,46,12,11
ITE00100550,203,1315,8,46,2,11
EZE00100082,301,1315,8,46,3,8
AU000005901,1025,1315,8,46,10,3
CA006158350,303,1315,8,46,3,5
GM000004204,1218,1315,8,46,12,9
EZE00100082,1204,1315,8,46,12,8
GME00125218,331,1315,8,46,3,10
CA006150689,1205,1315,8,46,12,5
CA006153192,1026,1315,8,46,10,5
GM000004204,317,1315,8,46,3,9
UK000047811,1108,1315,8,46,11,13
USC00288878,322,1315,8,46,3,14
CA006158350,1115,1315,8,46,11,5
CA006158350,1119,1315,8,46,11,5
CA006153192,1025,1315,8,46,10,5
CA006139520,1025,1315,8,46,10,5
ITE00100550,1210,1315,8,46,12,11
CA006153192,1120,1315,8,46,11,5
USC00288878,324,1315,8,46,3,14
USC00288878,1127,1315,8,46,11,14
CA006110549,406,1315,8,46,4,5
CA006106362,406,1315,8,46,4,5
UK000047811,323,1315,8,46,3,13
SZ000006717,727,1315,8,46,7,12
CA006106362,302,1315,8,46,3,5
USC00288878,330,1315,8,46,3,14
UK000047811,123,1315,8,46,1,13
EIE00101859,1211,1315,8,46,12,7
UK000047811,215,1315,8,46,2,13
CA006150689,1004,1315,8,46,10,5
USC00288878,1124,1315,8,46,11,14
CA006153192,1204,1315,8,46,12,5
CA006148100,1207,1315,8,46,12,5
CA006158350,1205,1315,8,46,12,5
CA006158350,502,1315,8,46,5,5
GME00125218,205,1315,8,46,2,10
UK000047811,106,1315,8,46,1,13
CA006139520,1117,1315,8,46,11,5
USC00288878,328,1315,8,46,3,14
BE000006447,116,1315,8,46,1,4
UK000056225,403,1315,8,46,4,13
GM000004204,1028,1315,8,46,10,9
GME00125218,422,1315,8,46,4,10
AU000005901,1022,1315,8,46,10,3
UK000056225,224,1315,8,46,2,13
CA006137735,1105,1315,8,46,11,5
CA006106362,329,1315,8,46,3,5
CA006137735,425,1315,8,46,4,5
UK000047811,202,1315,8,46,2,13
CA006158350,1027,1315,8,46,10,5
EIE00101859,1229,1315,8,46,12,7
UK000047811,1214,1315,8,46,12,13
CA006110549,1030,1315,8,46,10,5
EZE00100082,109,1315,8,46,1,8
CA006153192,1117,1315,8,46,11,5
UK000047811,402,1315,8,46,4,13
CA006153192,1203,1315,8,46,12,5
USC00288878,407,1315,8,46,4,14
UK000047811,1121,1315,8,46,11,13
ITE00100550,117,1315,8,46,1,11
CA006148100,409,1315,8,46,4,5
CA006137735,323,1315,8,46,3,5
UK000047811,1124,1315,8,46,11,13
CA006137735,1126,1315,8,46,11,5
UK000056225,321,1315,8,46,3,13
CA006153192,312,1315,8,46,3,5
CA006139520,1023,1315,8,46,10,5
ITE00100554,1121,1315,8,46,11,11
CA006148100,1112,1315,8,46,11,5
CA006139520,1126,1315,8,46,11,5
CA006153192,302,1315,8,46,3,5
UK000056225,1223,1315,8,46,12,13
SZ000006717,618,1315,8,46,6,12
AU000005901,401,1315,8,46,4,3
BE000006447,225,1315,8,46,2,4
GME00125218,308,1315,8,46,3,10
BE000006447,1219,1315,8,46,12,4
ITE00100550,1218,1315,8,46,12,11
EZE00100082,123,1315,8,46,1,8
SZ000006717,709,1315,8,46,7,12
AU000005901,218,1315,8,46,2,3
AU000005901,117,1315,8,46,1,3
AU000005901,1023,1315,8,46,10,3
EZE00100082,1023,1315,8,46,10,8
ITE00100550,131,1315,8,46,1,11
ITE00100554,1223,1315,8,46,12,11
EZE00100082,330,1315,8,46,3,8
ITE00100554,1118,1315,8,46,11,11
ITE00100550,130,1315,8,46,1,11
BE000006447,123,1315,8,46,1,4
ITE00100550,112,1315,8,46,1,11
ITE00100550,1129,1315,8,46,11,11
ITE00100550,1204,1315,8,46,12,11
SZ000006717,419,1315,8,47,4,12
BE000006447,217,1315,8,47,2,4
ITE00100554,318,1315,8,47,3,11
BE000006447,1114,1315,8,47,11,4
GM000004204,402,1315,8,47,4,9
ITE00100554,1218,1315,8,47,12,11
BE000006447,1026,1315,8,47,10,4
EZE00100082,116,1315,8,47,1,8
AU000005901,522,1315,8,47,5,3
EZE00100082,118,1315,8,47,1,8
GM000004204,1025,1315,8,47,10,9
BE000006447,321,1315,8,47,3,4
BE000006447,1228,1315,8,47,12,4
ITE00100554,118,1315,8,47,1,11
SZ000006717,526,1315,8,47,5,12
UK000056225,406,1315,8,47,4,13
ITE00100550,1221,1315,8,47,12,11
ITE00100554,227,1315,8,47,2,11
ITE00100554,1123,1315,8,47,11,11
ITE00100554,130,1315,8,47,1,11
BE000006447,203,1315,8,47,2,4
SZ000006717,416,1315,8,47,4,12
UK000056225,310,1315,8,47,3,13
ITE00100554,1120,1315,8,47,11,11
SZ000006717,908,1315,8,47,9,12
ITE00100554,1224,1315,8,47,12,11
UK000056225,1121,1315,8,47,11,13
SZ000006717,417,1315,8,47,4,12
CA006139520,1026,1315,8,47,10,5
AU000005901,1116,1315,8,47,11,3
CA006139520,1030,1315,8,47,10,5
UK000047811,201,1315,8,47,2,13
CA006106362,1208,1315,8,47,12,5
UK000047811,1130,1315,8,47,11,13
EIE00101859,109,1315,8,47,1,7
ITE00100554,1209,1315,8,47,12,11
CA006166416,1120,1315,8,47,11,5
ITE00100550,205,1315,8,47,2,11
GM000004204,318,1315,8,47,3,9
CA006150689,1130,1315,8,47,11,5
USC00288878,1209,1315,8,47,12,14
UK000047811,126,1315,8,47,1,13
UK000047811,318,1315,8,47,3,13
UK000047811,1120,1315,8,47,11,13
ITE00100554,125,1315,8,47,1,11
CA006150689,1024,1315,8,47,10,5
UK000056225,123,1315,8,47,1,13
CA006148100,1023,1315,8,47,10,5
CA006166416,1119,1315,8,47,11,5
CA006166416,1030,1315,8,47,10,5
AU000005901,305,1315,8,47,3,3
CA006110549,1115,1315,8,47,11,5
GME00125218,212,1315,8,47,2,10
CA006106362,224,1315,8,47,2,5
CA006139520,1206,1315,8,47,12,5
CA006166416,1110,1315,8,47,11,5
CA006139520,1110,1315,8,47,11,5
CA006148100,522,1315,8,47,5,5
CA006166416,522,1315,8,47,5,5
UK000056225,215,1315,8,47,2,13
ITE00100554,219,1315,8,47,2,11
CA006110549,1106,1315,8,47,11,5
EIE00101859,219,1315,8,47,2,7
ITE00100550,216,1315,8,47,2,11
CA006110549,1205,1315,8,47,12,5
ITE00100550,217,1315,8,47,2,11
CA006106362,523,1315,8,47,5,5
AU000005901,212,1315,8,47,2,3
CA006166416,1115,1315,8,47,11,5
EIE00101859,101,1315,8,47,1,7
UK000047811,1221,1315,8,47,12,13
EZE00100082,305,1315,8,47,3,8
EIE00101859,305,1315,8,47,3,7
CA006148100,1101,1315,8,47,11,5
GME00125218,1114,1315,8,47,11,10
CA006166416,1101,1315,8,47,11,5
CA006166416,1114,1315,8,47,11,5
BE000006447,208,1315,8,47,2,4
SZ000006717,1101,1315,8,47,11,12
USC00288878,1101,1315,8,47,11,14
CA006166416,1207,1315,8,47,12,5
USC00288878,303,1315,8,47,3,14
CA006148100,303,1315,8,47,3,5
CA006110549,303,1315,8,47,3,5
CA006148100,1102,1315,8,47,11,5
ITE00100550,1206,1315,8,47,12,11
GME00125218,227,1315,8,47,2,10
CA006150689,120,1315,8,47,1,5
UK000047811,1204,1315,8,47,12,13
CA006158350,1129,1315,8,47,11,5
CA006166416,410,1315,8,47,4,5
CA006148100,1127,1315,8,47,11,5
UK000047811,1213,1315,8,47,12,13
UK000047811,1215,1315,8,47,12,13
CA006137735,501,1315,8,47,5,5
BE000006447,117,1315,8,47,1,4
UK000047811,401,1315,8,47,4,13
CA006137735,502,1315,8,47,5,5
ITE00100554,401,1315,8,47,4,11
UK000056225,1215,1315,8,47,12,13
CA006150689,409,1315,8,47,4,5
EIE00101859,107,1315,8,47,1,7
CA006153192,331,1315,8,47,3,5
CA006153192,409,1315,8,47,4,5
CA006150689,426,1315,8,47,4,5
EIE00101859,111,1315,8,47,1,7
UK000056225,428,1315,8,47,4,13
CA006166416,402,1315,8,47,4,5
CA006150689,502,1315,8,47,5,5
GME00125218,114,1315,8,47,1,10
EIE00101859,1210,1315,8,47,12,7
CA006166416,1004,1315,8,47,10,5
EIE00101859,1212,1315,8,47,12,7
EIE00101859,1230,1315,8,47,12,7
CA006158350,426,1315,8,47,4,5
CA006166416,503,1315,8,47,5,5
SZ000006717,915,1315,8,47,9,12
CA006106362,1129,1315,8,47,11,5
UK000047811,118,1315,8,47,1,13
CA006153192,1126,1315,8,47,11,5
UK000056225,429,1315,8,47,4,13
ITE00100550,111,1315,8,47,1,11
UK000056225,1128,1315,8,47,11,13
UK000047811,430,1315,8,47,4,13
CA006166416,501,1315,8,47,5,5
GME00125218,1116,1315,8,47,11,10
GME00125218,1117,1315,8,47,11,10
SZ000006717,619,1315,8,47,6,12
ITE00100554,302,1315,8,47,3,11
ITE00100554,209,1315,8,47,2,11
BE000006447,1215,1315,8,47,12,4
AU000005901,209,1315,8,47,2,3
BE000006447,1229,1315,8,47,12,4
ITE00100554,1226,1315,8,47,12,11
BE000006447,215,1315,8,47,2,4
ITE00100554,303,1315,8,47,3,11
EZE00100082,205,1315,8,47,2,8
ITE00100550,1207,1315,8,47,12,11
ITE00100554,1220,1315,8,47,12,11
AU000005901,1207,1315,8,47,12,3
GM000004204,114,1315,8,47,1,9
GM000004204,227,1315,8,47,2,9
BE000006447,211,1315,8,47,2,4
AU000005901,1212,1315,8,47,12,3
ITE00100554,202,1315,8,47,2,11
UK000056225,1222,1315,8,47,12,13
GM000004204,1009,1315,8,47,10,9
BE000006447,212,1315,8,47,2,4
AU000005901,217,1315,8,47,2,3
BE000006447,118,1315,8,47,1,4
BE000006447,1118,1315,8,47,11,4
AU000005901,118,1315,8,47,1,3
ITE00100550,1209,1315,8,47,12,11
ITE00100550,1230,1315,8,47,12,11
UK000056225,402,1315,9,47,4,13
GM000004204,212,1315,9,47,2,9
GME00125218,515,1315,9,47,5,10
GM000004204,1024,1315,9,47,10,9
BE000006447,1125,1315,9,47,11,4
EZE00100082,1214,1315,9,47,12,8
GME00125218,1214,1315,9,47,12,10
ITE00100554,1119,1315,9,47,11,11
GME00125218,129,1315,9,47,1,10
BE000006447,1216,1315,9,47,12,4
BE000006447,1124,1315,9,47,11,4
UK000056225,314,1315,9,47,3,13
BE000006447,210,1315,9,48,2,4
ITE00100554,218,1315,9,48,2,11
ITE00100554,212,1315,9,48,2,11
SZ000006717,902,1315,9,48,9,12
ITE00100554,228,1315,9,48,2,11
ITE00100550,301,1315,9,48,3,11
ITE00100554,1125,1315,9,48,11,11
EZE00100082,228,1315,9,48,2,8
BE000006447,128,1315,9,48,1,4
UK000056225,107,1315,9,48,1,13
ITE00100554,220,1315,9,48,2,11
SZ000006717,706,1315,9,48,7,12
ITE00100554,1108,1315,9,48,11,11
ITE00100550,319,1315,9,48,3,11
ITE00100550,128,1315,9,48,1,11
BE000006447,1217,1315,9,48,12,4
BE000006447,1109,1315,9,48,11,4
SZ000006717,731,1315,9,48,7,12
UK000056225,408,1315,9,48,4,13
AU000005901,1214,1315,9,48,12,3
ITE00100550,218,1315,9,48,2,11
SZ000006717,824,1315,9,48,8,12
UK000056225,210,1315,9,48,2,13
UK000056225,214,1315,9,48,2,13
GME00125218,128,1315,9,48,1,10
EZE00100082,522,1315,9,48,5,8
ITE00100550,222,1315,9,48,2,11
UK000056225,1123,1315,9,48,11,13
UK000056225,102,1315,9,48,1,13
BE000006447,227,1315,9,48,2,4
EZE00100082,212,1315,9,48,2,8
UK000056225,1024,1315,9,48,10,13
ITE00100554,110,1315,9,48,1,11
AU000005901,1117,1315,9,48,11,3
ITE00100550,1208,1315,9,48,12,11
UK000056225,221,1315,9,48,2,13
BE000006447,119,1315,9,48,1,4
ITE00100550,1122,1315,9,48,11,11
EZE00100082,206,1315,9,48,2,8
EZE00100082,1117,1315,9,48,11,8
CA006106362,1106,1315,9,48,11,5
CA006137735,426,1315,9,48,4,5
CA006158350,1127,1315,9,48,11,5
CA006150689,1127,1315,9,48,11,5
CA006110549,1110,1315,9,48,11,5
CA006110549,1127,1315,9,48,11,5
CA006148100,1110,1315,9,48,11,5
CA006150689,1204,1315,9,48,12,5
SZ000006717,819,1315,9,48,8,12
CA006166416,430,1315,9,48,4,5
CA006158350,1118,1315,9,48,11,5
CA006148100,503,1315,9,48,5,5
CA006139520,1119,1315,9,48,11,5
CA006150689,1119,1315,9,48,11,5
CA006166416,920,1315,9,48,9,5
UK000047811,1119,1315,9,48,11,13
CA006137735,1120,1315,9,48,11,5
GM000004204,1117,1315,9,48,11,9
UK000047811,1024,1315,9,48,10,13
CA006106362,504,1315,9,48,5,5
CA006137735,424,1315,9,48,4,5
CA006166416,1024,1315,9,48,10,5
CA006137735,1121,1315,9,48,11,5
CA006106362,1003,1315,9,48,10,5
SZ000006717,613,1315,9,48,6,12
GME00125218,1011,1315,9,48,10,10
CA006106362,921,1315,9,48,9,5
CA006110549,430,1315,9,48,4,5
USC00288878,1026,1315,9,48,10,14
CA006106362,1116,1315,9,48,11,5
CA006150689,1112,1315,9,48,11,5
CA006158350,1112,1315,9,48,11,5
CA006139520,1203,1315,9,48,12,5
CA006137735,1203,1315,9,48,12,5
CA006110549,1113,1315,9,48,11,5
CA006106362,515,1315,9,48,5,5
CA006139520,1113,1315,9,48,11,5
CA006139520,1027,1315,9,48,10,5
UK000047811,1113,1315,9,48,11,13
CA006153192,501,1315,9,48,5,5
CA006150689,1114,1315,9,48,11,5
CA006158350,1005,1315,9,48,10,5
UK000056225,1201,1315,9,48,12,13
CA006158350,1101,1315,9,48,11,5
CA006158350,1030,1315,9,48,10,5
CA006158350,425,1315,9,48,4,5
UK000056225,1124,1315,9,48,11,13
CA006166416,423,1315,9,48,4,5
CA006166416,403,1315,9,48,4,5
CA006153192,303,1315,9,48,3,5
UK000047811,404,1315,9,48,4,13
UK000047811,107,1315,9,48,1,13
USC00288878,321,1315,9,48,3,14
EIE00101859,106,1315,9,48,1,7
CA006153192,414,1315,9,48,4,5
CA006166416,414,1315,9,48,4,5
CA006148100,301,1315,9,48,3,5
ITE00100554,1228,1315,9,48,12,11
EIE00101859,303,1315,9,48,3,7
CA006150689,1207,1315,9,48,12,5
CA006158350,415,1315,9,48,4,5
UK000047811,1210,1315,9,48,12,13
EIE00101859,103,1315,9,48,1,7
EZE00100082,307,1315,9,48,3,8
UK000056225,1213,1315,9,48,12,13
UK000047811,322,1315,9,48,3,13
EIE00101859,1213,1315,9,48,12,7
EIE00101859,108,1315,9,48,1,7
UK000056225,1209,1315,9,48,12,13
EIE00101859,1209,1315,9,48,12,7
USC00288878,113,1315,9,48,1,14
EIE00101859,228,1315,9,48,2,7
CA006153192,406,1315,9,48,4,5
ITE00100554,313,1315,9,48,3,11
UK000047811,316,1315,9,48,3,13
GM000004204,1208,1315,9,48,12,9
UK000047811,114,1315,9,48,1,13
EIE00101859,1217,1315,9,48,12,7
UK000047811,222,1315,9,48,2,13
UK000047811,119,1315,9,48,1,13
UK000047811,209,1315,9,48,2,13
UK000047811,308,1315,9,48,3,13
CA006110549,210,1315,9,48,2,5
UK000047811,1206,1315,9,48,12,13
GM000004204,312,1315,9,48,3,9
UK000047811,1212,1315,9,48,12,13
UK000047811,102,1315,9,48,1,13
EIE00101859,1206,1315,9,48,12,7
UK000047811,120,1315,9,48,1,13
EIE00101859,306,1315,9,48,3,7
UK000047811,121,1315,9,48,1,13
EIE00101859,225,1315,9,48,2,7
EIE00101859,1218,1315,9,48,12,7
EIE00101859,102,1315,9,48,1,7
CA006153192,1224,1315,9,48,12,5
CA006148100,120,1315,9,48,1,5
EIE00101859,218,1315,9,48,2,7
UK000047811,122,1315,9,48,1,13
USC00288878,409,1315,9,48,4,14
USC00288878,329,1315,9,48,3,14
UK000056225,1218,1315,9,48,12,13
CA006158350,409,1315,9,48,4,5
CA006153192,1205,1315,9,48,12,5
UK000047811,409,1315,9,48,4,13
GME00125218,402,1315,9,48,4,10
BE000006447,1218,1315,9,48,12,4
SZ000006717,820,1315,9,48,8,12
GME00125218,123,1315,9,48,1,10
SZ000006717,729,1315,9,48,7,12
ITE00100554,128,1315,9,48,1,11
AU000005901,129,1315,9,48,1,3
AU000005901,203,1315,9,48,2,3
ITE00100554,217,1315,9,48,2,11
ITE00100550,1216,1315,9,48,12,11
BE000006447,226,1315,9,48,2,4
EZE00100082,1213,1315,9,48,12,8
GM000004204,329,1315,9,48,3,9
GME00125218,1219,1315,9,48,12,10
EZE00100082,521,1315,9,48,5,8
SZ000006717,805,1315,9,48,8,12
GME00125218,1204,1315,9,48,12,10
GM000004204,1204,1315,9,48,12,9
ITE00100554,1126,1315,9,48,11,11
SZ000006717,630,1315,9,48,6,12
ITE00100554,1122,1315,9,48,11,11
ITE00100554,406,1315,9,48,4,11
GME00125218,307,1315,9,48,3,10
GM000004204,201,1315,9,48,2,9
EZE00100082,1116,1315,9,49,11,8
ITE00100550,220,1315,9,49,2,11
EZE00100082,516,1315,9,49,5,8
EZE00100082,122,1315,9,49,1,8
BE000006447,204,1315,9,49,2,4
SZ000006717,506,1315,9,49,5,12
BE000006447,108,1315,9,49,1,4
ITE00100554,221,1315,9,49,2,11
ITE00100550,315,1315,9,49,3,11
ITE00100550,1226,1315,9,49,12,11
BE000006447,1210,1315,9,49,12,4
ITE00100554,226,1315,9,49,2,11
EZE00100082,115,1315,9,49,1,8
BE000006447,107,1315,9,49,1,4
UK000056225,401,1315,9,49,4,13
UK000056225,122,1315,9,49,1,13
SZ000006717,825,1315,9,49,8,12
AU000005901,1029,1315,9,49,10,3
UK000056225,322,1315,9,49,3,13
BE000006447,209,1315,9,49,2,4
ITE00100554,225,1315,9,49,2,11
AU000005901,309,1315,9,49,3,3
GME00125218,118,1315,9,49,1,10
GM000004204,1103,1315,9,49,11,9
BE000006447,216,1315,9,49,2,4
SZ000006717,809,1315,9,49,8,12
ITE00100550,1217,1315,9,49,12,11
BE000006447,1028,1315,9,49,10,4
SZ000006717,509,1315,9,49,5,12
ITE00100550,1227,1315,9,49,12,11
UK000056225,502,1315,9,49,5,13
ITE00100554,124,1315,9,49,1,11
ITE00100554,316,1315,9,49,3,11
EZE00100082,211,1315,9,49,2,8
GME00125218,1017,1315,9,49,10,10
CA006106362,516,1315,9,49,5,5
BE000006447,129,1315,9,49,1,4
CA006110549,1111,1315,9,49,11,5
CA006166416,921,1315,9,49,9,5
USC00288878,426,1315,9,49,4,14
UK000047811,311,1315,9,49,3,13
CA006110549,921,1315,9,49,9,5
EIE00101859,227,1315,9,49,2,7
UK000047811,224,1315,9,49,2,13
CA006110549,920,1315,9,49,9,5
GME00125218,1016,1315,9,49,10,10
UK000047811,407,1315,9,49,4,13
CA006106362,1128,1315,9,49,11,5
AU000005901,301,1315,9,49,3,3
UK000047811,1123,1315,9,49,11,13
UK000047811,309,1315,9,49,3,13
EIE00101859,304,1315,9,49,3,7
EIE00101859,1215,1315,9,49,12,7
EIE00101859,1214,1315,9,49,12,7
UK000056225,202,1315,9,49,2,13
CA006110549,402,1315,9,49,4,5
CA006106362,402,1315,9,49,4,5
GM000004204,1011,1315,9,49,10,9
CA006158350,513,1315,9,49,5,5
USC00288878,1005,1315,9,49,10,14
GM000004204,1114,1315,9,49,11,9
UK000056225,1226,1315,9,49,12,13
USC00288878,304,1315,9,49,3,14
USC00288878,331,1315,9,49,3,14
UK000056225,331,1315,9,49,3,13
EIE00101859,307,1315,9,49,3,7
ITE00100550,303,1315,9,49,3,11
USC00288878,120,1315,9,49,1,14
CA006150689,403,1315,9,49,4,5
GM000004204,1116,1315,9,49,11,9
CA006166416,1127,1315,9,49,11,5
UK000047811,129,1315,9,49,1,13
CA006110549,1029,1315,9,49,10,5
CA006110549,301,1315,9,49,3,5
UK000056225,1126,1315,9,49,11,13
EIE00101859,1216,1315,9,49,12,7
EIE00101859,302,1315,9,49,3,7
CA006148100,1129,1315,9,49,11,5
UK000056225,129,1315,9,49,1,13
CA006106362,303,1315,9,49,3,5
EZE00100082,308,1315,9,49,3,8
CA006150689,503,1315,9,49,5,5
UK000056225,1125,1315,9,49,11,13
UK000056225,1113,1315,9,49,11,13
UK000047811,1127,1315,9,49,11,13
UK000056225,1122,1315,9,49,11,13
CA006106362,505,1315,9,49,5,5
CA006106362,502,1315,9,49,5,5
CA006110549,424,1315,9,49,4,5
CA006106362,424,1315,9,49,4,5
UK000056225,1206,1315,9,49,12,13
EZE00100082,324,1315,9,49,3,8
UK000056225,207,1315,9,49,2,13
CA006137735,1207,1315,9,49,12,5
CA006139520,1207,1315,9,49,12,5
BE000006447,1203,1315,9,49,12,4
EZE00100082,1022,1315,9,49,10,8
UK000056225,1224,1315,9,49,12,13
SZ000006717,722,1315,9,49,7,12
EIE00101859,104,1315,9,49,1,7
GME00125218,423,1315,9,49,4,10
UK000047811,127,1315,9,49,1,13
SZ000006717,728,1315,9,49,7,12
EIE00101859,323,1315,9,49,3,7
CA006158350,423,1315,9,49,4,5
UK000047811,208,1315,9,49,2,13
USC00288878,1224,1315,9,49,12,14
UK000056225,1108,1315,9,49,11,13
EIE00101859,1207,1315,9,49,12,7
EIE00101859,1208,1315,9,49,12,7
USC00288878,212,1315,9,49,2,14
CA006158350,414,1315,9,49,4,5
EIE00101859,112,1315,9,49,1,7
EIE00101859,110,1315,9,49,1,7
AU000005901,1208,1315,9,49,12,3
CA006110549,1208,1315,9,49,12,5
CA006158350,1207,1315,9,49,12,5
CA006137735,1024,1315,9,49,10,5
UK000047811,1122,1315,9,49,11,13
EIE00101859,215,1315,9,49,2,7
GM000004204,123,1315,9,49,1,9
GM000004204,115,1315,9,49,1,9
GM000004204,128,1315,9,49,1,9
UK000056225,114,1315,9,49,1,13
CA006150689,1110,1315,9,49,11,5
EIE00101859,1204,1315,9,49,12,7
UK000047811,101,1315,9,49,1,13
CA006106362,1110,1315,9,49,11,5
CA006148100,410,1315,9,49,4,5
UK000047811,1223,1315,9,49,12,13
UK000047811,317,1315,9,49,3,13
CA006150689,1120,1315,9,49,11,5
UK000047811,1218,1315,9,49,12,13
CA006158350,424,1315,9,49,4,5
CA006148100,1107,1315,9,49,11,5
UK000047811,115,1315,9,49,1,13
GME00125218,1009,1315,10,49,10,10
GME00125218,120,1315,10,49,1,10
BE000006447,429,1315,10,49,4,4
EZE00100082,1017,1315,10,49,10,8
ITE00100550,1220,1315,10,49,12,11
GM000004204,1219,1315,10,49,12,9
ITE00100550,224,1315,10,49,2,11
AU000005901,331,1315,10,49,3,3
GM000004204,516,1315,10,49,5,9
GME00125218,1031,1315,10,49,10,10
ITE00100550,1229,1315,10,49,12,11
GM000004204,1214,1315,10,49,12,9
UK000056225,311,1315,10,49,3,13
AU000005901,1110,1315,10,49,11,3
ITE00100550,1223,1315,10,49,12,11
GM000004204,1029,1315,10,49,10,9
ITE00100550,1126,1315,10,49,11,11
ITE00100550,129,1315,10,49,1,11
ITE00100554,1109,1315,10,49,11,11
GME00125218,1010,1315,10,49,10,10
GME00125218,1029,1315,10,49,10,10
GM000004204,120,1315,10,49,1,9
ITE00100554,402,1315,10,49,4,11
ITE00100554,206,1315,10,49,2,11
GME00125218,1103,1315,10,49,11,10
GME00125218,119,1315,10,49,1,10
EZE00100082,422,1315,10,49,4,8
BE000006447,113,1315,10,49,1,4
AU000005901,1017,1315,10,49,10,3
BE000006447,1212,1315,10,49,12,4
ITE00100550,314,1315,10,49,3,11
ITE00100554,324,1315,10,49,3,11
SZ000006717,807,1315,10,49,8,12
ITE00100550,214,1315,10,49,2,11
UK000056225,121,1315,10,49,1,13
SZ000006717,704,1315,10,49,7,12
SZ000006717,511,1315,10,49,5,12
ITE00100550,324,1315,10,49,3,11
BE000006447,1110,1315,10,49,11,4
BE000006447,325,1315,10,49,3,4
EZE00100082,1030,1315,10,50,10,8
AU000005901,523,1315,10,50,5,3
ITE00100550,310,1315,10,50,3,11
SZ000006717,904,1315,10,50,9,12
ASN00086071,729,1315,10,50,7,2
AU000005901,210,1315,10,50,2,3
GM000004204,514,1315,10,50,5,9
GM000004204,211,1315,10,50,2,9
EZE00100082,121,1315,10,50,1,8
ITE00100550,1222,1315,10,50,12,11
EZE00100082,302,1315,10,50,3,8
GME00125218,1112,1315,10,50,11,10
EZE00100082,1205,1315,10,50,12,8
SZ000006717,921,1315,10,50,9,12
UK000056225,127,1315,10,50,1,13
EZE00100082,320,1315,10,50,3,8
EZE00100082,430,1315,10,50,4,8
BE000006447,1014,1315,10,50,10,4
EZE00100082,1112,1315,10,50,11,8
UK000056225,119,1315,10,50,1,13
BE000006447,1115,1315,10,50,11,4
UK000056225,501,1315,10,50,5,13
BE000006447,401,1315,10,50,4,4
BE000006447,1010,1315,10,50,10,4
GM000004204,1030,1315,10,50,10,9
UK000056225,118,1315,10,50,1,13
ITE00100554,216,1315,10,50,2,11
UK000056225,201,1315,10,50,2,13
ASN00086071,611,1315,10,50,6,2
CA006153192,1115,1315,10,50,11,5
UK000047811,1117,1315,10,50,11,13
UK000047811,1226,1315,10,50,12,13
EIE00101859,1227,1315,10,50,12,7
GME00125218,1023,1315,10,50,10,10
CA006137735,1115,1315,10,50,11,5
AU000005901,1018,1315,10,50,10,3
CA006110549,1023,1315,10,50,10,5
CA006153192,1024,1315,10,50,10,5
ITE00100550,1119,1315,10,50,11,11
UK000047811,1013,1315,10,50,10,13
EIE00101859,322,1315,10,50,3,7
CA006137735,1119,1315,10,50,11,5
AU000005901,130,1315,10,50,1,3
CA006153192,1119,1315,10,50,11,5
USC00288878,1121,1315,10,50,11,14
CA006106362,1119,1315,10,50,11,5
EIE00101859,308,1315,10,50,3,7
ITE00100550,311,1315,10,50,3,11
CA006137735,503,1315,10,50,5,5
USC00288878,323,1315,10,50,3,14
ITE00100554,309,1315,10,50,3,11
UK000047811,124,1315,10,50,1,13
EIE00101859,1219,1315,10,50,12,7
UK000047811,1219,1315,10,50,12,13
GME00125218,121,1315,10,50,1,10
GME00125218,319,1315,10,50,3,10
UK000047811,315,1315,10,50,3,13
UK000047811,125,1315,10,50,1,13
EIE00101859,320,1315,10,50,3,7
CA006166416,523,1315,10,50,5,5
CA006148100,918,1315,10,50,9,5
AU000005901,208,1315,10,50,2,3
BE000006447,1209,1315,10,50,12,4
EIE00101859,113,1315,10,50,1,7
UK000047811,1209,1315,10,50,12,13
GME00125218,1109,1315,10,50,11,10
EIE00101859,115,1315,10,50,1,7
CA006153192,223,1315,10,50,2,5
UK000047811,1129,1315,10,50,11,13
CA006158350,410,1315,10,50,4,5
CA006153192,224,1315,10,50,2,5
CA006110549,423,1315,10,50,4,5
UK000047811,1225,1315,10,50,12,13
UK000056225,1225,1315,10,50,12,13
GME00125218,115,1315,10,50,1,10
UK000047811,206,1315,10,50,2,13
CA006106362,1115,1315,10,50,11,5
EIE00101859,116,1315,10,50,1,7
UK000047811,408,1315,10,50,4,13
CA006158350,1111,1315,10,50,11,5
CA006148100,920,1315,10,50,9,5
CA006110549,426,1315,10,50,4,5
ITE00100554,205,1315,10,50,2,11
EIE00101859,224,1315,10,50,2,7
EIE00101859,222,1315,10,50,2,7
CA006139520,1208,1315,10,50,12,5
CA006148100,1108,1315,10,50,11,5
EIE00101859,217,1315,10,50,2,7
CA006137735,1205,1315,10,50,12,5
EIE00101859,1205,1315,10,50,12,7
SZ000006717,629,1315,10,50,6,12
UK000047811,1205,1315,10,50,12,13
CA006139520,1106,1315,10,50,11,5
CA006106362,1107,1315,10,50,11,5
UK000056225,101,1315,10,50,1,13
CA006150689,1107,1315,10,50,11,5
CA006153192,416,1315,10,50,4,5
EIE00101859,1203,1315,10,50,12,7
EIE00101859,220,1315,10,50,2,7
EIE00101859,1224,1315,10,50,12,7
CA006110549,1207,1315,10,50,12,5
SZ000006717,719,1315,10,50,7,12
EIE00101859,214,1315,10,50,2,7
UK000047811,103,1315,10,50,1,13
UK000047811,221,1315,10,50,2,13
EIE00101859,105,1315,10,50,1,7
CA006150689,414,1315,10,50,4,5
SZ000006717,804,1315,10,50,8,12
CA006106362,414,1315,10,50,4,5
EIE00101859,1201,1315,10,50,12,7
CA006137735,1030,1315,10,50,10,5
EIE00101859,226,1315,10,50,2,7
CA006106362,1120,1315,10,50,11,5
CA006148100,1029,1315,10,50,10,5
UK000047811,1112,1315,10,50,11,13
CA006110549,1114,1315,10,50,11,5
CA006150689,515,1315,10,50,5,5
CA006150689,1005,1315,10,50,10,5
UK000047811,1126,1315,10,50,11,13
EZE00100082,303,1315,10,50,3,8
ITE00100554,1027,1315,10,50,10,11
ITE00100550,1125,1315,10,50,11,11
USC00288878,1113,1315,10,50,11,14
UK000047811,1125,1315,10,50,11,13
CA006106362,1004,1315,10,50,10,5
EIE00101859,1226,1315,10,50,12,7
CA006148100,1004,1315,10,50,10,5
CA006148100,921,1315,10,50,9,5
UK000047811,428,1315,10,50,4,13
UK000047811,1228,1315,10,50,12,13
ITE00100550,1228,1315,10,50,12,11
UK000056225,1228,1315,10,50,12,13
UK000047811,331,1315,10,50,3,13
UK000047811,501,1315,10,50,5,13
CA006158350,516,1315,10,50,5,5
CA006150689,501,1315,10,50,5,5
UK000047811,405,1315,10,50,4,13
CA006110549,501,1315,10,50,5,5
EIE00101859,118,1315,10,50,1,7
CA006153192,120,1315,10,50,1,5
CA006158350,1114,1315,10,50,11,5
CA006148100,1114,1315,10,50,11,5
ITE00100554,1127,1315,10,50,11,11
CA006106362,403,1315,10,50,4,5
GME00125218,201,1315,10,50,2,10
BE000006447,1012,1315,10,50,10,4
GME00125218,401,1315,10,50,4,10
BE000006447,120,1315,10,50,1,4
GME00125218,419,1315,10,50,4,10
UK000056225,209,1315,10,50,2,13
GM000004204,331,1315,10,50,3,9
EZE00100082,208,1315,10,50,2,8
GM000004204,423,1315,10,50,4,9
EZE00100082,217,1315,10,50,2,8
EZE00100082,129,1315,10,50,1,8
GME00125218,516,1315,10,50,5,10
AU000005901,1019,1315,10,50,10,3
UK000056225,117,1315,10,50,1,13
ITE00100550,1128,1315,10,50,11,11
SZ000006717,808,1315,10,50,8,12
UK000056225,1214,1315,10,50,12,13
SZ000006717,605,1315,10,50,6,12
BE000006447,430,1315,10,50,4,4
ITE00100554,1022,1315,10,51,10,11
GM000004204,1017,1315,10,51,10,9
SZ000006717,701,1315,10,51,7,12
BE000006447,513,1315,10,51,5,4
GM000004204,122,1315,10,51,1,9
GM000004204,1205,1315,10,51,12,9
AU000005901,306,1315,10,51,3,3
SZ000006717,616,1315,10,51,6,12
GM000004204,118,1315,10,51,1,9
GM000004204,406,1315,10,51,4,9
BE000006447,315,1315,10,51,3,4
BE000006447,1213,1315,10,51,12,4
ITE00100550,1027,1315,10,51,10,11
BE000006447,130,1315,10,51,1,4
BE000006447,114,1315,10,51,1,4
GME00125218,211,1315,10,51,2,10
ITE00100554,301,1315,10,51,3,11
UK000056225,404,1315,10,51,4,13
BE000006447,1116,1315,10,51,11,4
BE000006447,514,1315,10,51,5,4
ITE00100554,314,1315,10,51,3,11
UK000056225,1025,1315,10,51,10,13
ITE00100554,207,1315,10,51,2,11
GM000004204,1031,1315,10,51,10,9
GME00125218,1030,1315,10,51,10,10
GME00125218,522,1315,10,51,5,10
ITE00100554,214,1315,10,51,2,11
GM000004204,522,1315,10,51,5,9
EZE00100082,1031,1315,10,51,10,8
UK000056225,222,1315,10,51,2,13
UK000056225,1116,1315,10,51,11,13
AU000005901,324,1315,10,51,3,3
GME00125218,1206,1315,10,51,12,10
SZ000006717,817,1315,10,51,8,12
ITE00100554,1229,1315,10,51,12,11
BE000006447,115,1315,10,51,1,4
SZ000006717,705,1315,10,51,7,12
AU000005901,1021,1315,10,51,10,3
EZE00100082,120,1315,10,51,1,8
AU000005901,1030,1315,10,51,10,3
ITE00100554,1128,1315,10,51,11,11
GM000004204,228,1315,10,51,2,9
UK000056225,106,1315,10,51,1,13
UK000056225,116,1315,10,51,1,13
BE000006447,131,1315,10,51,1,4
BE000006447,207,1315,10,51,2,4
ITE00100550,1028,1315,10,51,10,11
ITE00100550,1123,1315,10,51,11,11
BE000006447,323,1315,10,51,3,4
GM000004204,129,1315,10,51,1,9
SZ000006717,626,1315,10,51,6,12
BE000006447,1011,1315,10,51,10,4
GME00125218,122,1315,10,51,1,10
EZE00100082,523,1315,10,51,5,8
UK000056225,103,1315,10,51,1,13
CA006148100,302,1315,11,51,3,5
USC00288878,1205,1315,11,51,12,14
GM000004204,1213,1315,11,51,12,9
CA006166416,515,1315,11,51,5,5
CA006137735,1127,1315,11,51,11,5
GM000004204,119,1315,11,51,1,9
USC00288878,1107,1315,11,51,11,14
CA006139520,1029,1315,11,51,10,5
CA006153192,1127,1315,11,51,11,5
GM000004204,1112,1315,11,51,11,9
CA006166416,1029,1315,11,51,10,5
CA006137735,406,1315,11,51,4,5
BE000006447,1206,1315,11,51,12,4
EIE00101859,216,1315,11,51,2,7
EIE00101859,119,1315,11,51,1,7
CA006110549,1004,1315,11,51,10,5
CA006158350,1028,1315,11,51,10,5
CA006153192,404,1315,11,51,4,5
CA006166416,514,1315,11,51,5,5
CA006158350,1004,1315,11,51,10,5
UK000047811,429,1315,11,51,4,13
EZE00100082,203,1315,11,51,2,8
CA006148100,430,1315,11,51,4,5
CA006139520,1114,1315,11,51,11,5
USC00288878,402,1315,11,51,4,14
CA006166416,1005,1315,11,51,10,5
UK000047811,1220,1315,11,51,12,13
CA006137735,1027,1315,11,51,10,5
EIE00101859,1220,1315,11,51,12,7
UK000047811,330,1315,11,51,3,13
GME00125218,1213,1315,11,51,12,10
CA006150689,406,1315,11,51,4,5
CA006110549,1128,1315,11,51,11,5
EIE00101859,212,1315,11,51,2,7
UK000047811,1222,1315,11,51,12,13
CA006158350,413,1315,11,51,4,5
USC00288878,1104,1315,11,51,11,14
EIE00101859,1202,1315,11,51,12,7
CA006158350,1208,1315,11,51,12,5
CA006148100,413,1315,11,51,4,5
UK000047811,1102,1315,11,51,11,13
EIE00101859,1225,1315,11,51,12,7
UK000047811,112,1315,11,51,1,13
CA006150689,1102,1315,11,51,11,5
SZ000006717,905,1315,11,51,9,12
EIE00101859,114,1315,11,51,1,7
USC00288878,222,1315,11,51,2,14
CA006122845,1207,1315,11,51,12,5
CA006137735,1101,1315,11,51,11,5
CA006106362,223,1315,11,51,2,5
UK000047811,410,1315,11,51,4,13
CA006139520,1112,1315,11,51,11,5
EIE00101859,117,1315,11,51,1,7
USC00288878,416,1315,11,51,4,14
UK000047811,1128,1315,11,51,11,13
UK000047811,1111,1315,11,51,11,13
CA006158350,522,1315,11,51,5,5
BE000006447,1204,1315,11,51,12,4
CA006153192,1030,1315,11,51,10,5
CA006110549,522,1315,11,51,5,5
UK000056225,115,1315,11,51,1,13
EIE00101859,221,1315,11,51,2,7
CA006150689,410,1315,11,51,4,5
CA006158350,1110,1315,11,51,11,5
EIE00101859,223,1315,11,51,2,7
CA006153192,426,1315,11,51,4,5
UK000047811,1211,1315,11,51,12,13
GM000004204,1023,1315,11,51,10,9
EIE00101859,313,1315,11,51,3,7
EIE00101859,319,1315,11,51,3,7
EIE00101859,309,1315,11,51,3,7
UK000047811,1227,1315,11,51,12,13
CA006137735,1025,1315,11,51,10,5
EIE00101859,121,1315,11,51,1,7
ITE00100554,320,1315,11,51,3,11
UK000056225,130,1315,11,51,1,13
CA006110549,503,1315,11,51,5,5
UK000056225,1227,1315,11,51,12,13
ITE00100550,313,1315,11,51,3,11
EIE00101859,1228,1315,11,51,12,7
UK000047811,131,1315,11,51,1,13
GM000004204,121,1315,11,51,1,9
EIE00101859,315,1315,11,51,3,7
EZE00100082,1208,1315,11,51,12,8
ITE00100554,1113,1315,11,51,11,11
ITE00100550,320,1315,11,51,3,11
EZE00100082,403,1315,11,51,4,8
ASN00086071,719,1315,11,51,7,2
ITE00100550,323,1315,11,51,3,11
ASN00086071,716,1315,11,51,7,2
BE000006447,121,1315,11,51,1,4
EZE00100082,1018,1315,11,51,10,8
ITE00100550,317,1315,11,51,3,11
ITE00100554,129,1315,11,51,1,11
ITE00100550,1127,1315,11,51,11,11
UK000056225,330,1315,11,51,3,13
ITE00100550,308,1315,11,51,3,11
GME00125218,517,1315,11,51,5,10
BE000006447,1111,1315,11,51,11,4
GME00125218,330,1315,11,51,3,10
ITE00100554,304,1315,11,51,3,11
BE000006447,319,1315,11,51,3,4
ITE00100554,1028,1315,11,51,10,11
ITE00100550,318,1315,11,51,3,11
AU000005901,405,1315,11,51,4,3
BE000006447,1029,1315,11,51,10,4
SZ000006717,607,1315,11,51,6,12
SZ000006717,702,1315,11,51,7,12
AU000005901,326,1315,11,51,3,3
ITE00100550,227,1315,11,52,2,11
EZE00100082,517,1315,11,52,5,8
ASN00086071,819,1315,11,52,8,2
BE000006447,122,1315,11,52,1,4
GM000004204,1206,1315,11,52,12,9
SZ000006717,816,1315,11,52,8,12
ITE00100550,405,1315,11,52,4,11
AU000005901,204,1315,11,52,2,3
ITE00100550,1225,1315,11,52,12,11
BE000006447,402,1315,11,52,4,4
ITE00100550,1118,1315,11,52,11,11
GME00125218,514,1315,11,52,5,10
ITE00100550,1224,1315,11,52,12,11
EZE00100082,1019,1315,11,52,10,8
GM000004204,203,1315,11,52,2,9
EZE00100082,520,1315,11,52,5,8
ITE00100550,305,1315,11,52,3,11
ITE00100550,1026,1315,11,52,10,11
ITE00100554,1112,1315,11,52,11,11
GME00125218,325,1315,11,52,3,10
BE000006447,205,1315,11,52,2,4
GME00125218,1205,1315,11,52,12,10
ITE00100550,223,1315,11,52,2,11
CA006153192,1110,1315,11,52,11,5
CA006158350,416,1315,11,52,4,5
UK000056225,324,1315,11,52,3,13
UK000056225,1210,1315,11,52,12,13
CA006110549,915,1315,11,52,9,5
CA006110549,222,1315,11,52,2,5
EIE00101859,318,1315,11,52,3,7
USC00288878,424,1315,11,52,4,14
CA006110549,410,1315,11,52,4,5
USC00288878,1117,1315,11,52,11,14
CA006153192,425,1315,11,52,4,5
EIE00101859,206,1315,11,52,2,7
BE000006447,318,1315,11,52,3,4
CA006106362,920,1315,11,52,9,5
CA006110549,1129,1315,11,52,11,5
BE000006447,1205,1315,11,52,12,4
CA006153192,1106,1315,11,52,11,5
CA006158350,517,1315,11,52,5,5
EIE00101859,1110,1315,11,52,11,7
EIE00101859,1222,1315,11,52,12,7
CA006148100,411,1315,11,52,4,5
CA006106362,914,1315,11,52,9,5
CA006150689,1208,1315,11,52,12,5
CA006148100,1208,1315,11,52,12,5
CA006153192,222,1315,11,52,2,5
USC00288878,1118,1315,11,52,11,14
USC00288878,1103,1315,11,52,11,14
USC00288878,314,1315,11,52,3,14
CA006166416,1208,1315,11,52,12,5
CA006166416,521,1315,11,52,5,5
CA006106362,531,1315,11,52,5,5
EZE00100082,1021,1315,11,52,10,8
ASN00090015,729,1315,11,52,7,2
EIE00101859,122,1315,11,52,1,7
USC00288878,1031,1315,11,52,10,14
CA006139520,1102,1315,11,52,11,5
UK000056225,112,1315,11,52,1,13
SZ000006717,827,1315,11,52,8,12
UK000047811,1101,1315,11,52,11,13
ASN00086071,720,1315,11,52,7,2
CA006137735,522,1315,11,52,5,5
EIE00101859,324,1315,11,52,3,7
UK000047811,1109,1315,11,52,11,13
CA006153192,1101,1315,11,52,11,5
USC00288878,1206,1315,11,52,12,14
UK000047811,1105,1315,11,52,11,13
CA006106362,411,1315,11,52,4,5
ASN00086071,619,1315,11,52,6,2
CA006158350,1109,1315,11,52,11,5
UK000047811,502,1315,11,52,5,13
CA006148100,505,1315,11,52,5,5
EIE00101859,1221,1315,11,52,12,7
CA006148100,1005,1315,11,52,10,5
CA006158350,503,1315,11,52,5,5
CA006106362,1005,1315,11,52,10,5
UK000056225,1015,1315,11,52,10,13
CA006150689,427,1315,11,52,4,5
CA006153192,1004,1315,11,52,10,5
UK000047811,1014,1315,11,52,10,13
CA006158350,1029,1315,11,52,10,5
CA006137735,303,1315,11,52,3,5
UK000047811,203,1315,11,52,2,13
UK000047811,1025,1315,11,52,10,13
UK000056225,203,1315,11,52,2,13
UK000056225,316,1315,11,52,3,13
GM000004204,404,1315,11,52,4,9
CA006166416,1003,1315,11,52,10,5
USC00288878,1025,1315,11,52,10,14
GM000004204,515,1315,11,52,5,9
USC00288878,1116,1315,11,52,11,14
GM000004204,1015,1315,11,52,10,9
CA006110549,1003,1315,11,52,10,5
EIE00101859,327,1315,11,52,3,7
UK000047811,1028,1315,11,52,10,13
CA006158350,430,1315,11,52,4,5
UK000047811,117,1315,11,52,1,13
ITE00100550,1214,1315,11,52,12,11
EIE00101859,203,1315,11,52,2,7
UK000047811,130,1315,11,52,1,13
CA006166416,1128,1315,11,52,11,5
CA006148100,1128,1315,11,52,11,5
USC00288878,1114,1315,11,52,11,14
CA006166416,504,1315,11,52,5,5
EIE00101859,1124,1315,11,52,11,7
CA006106362,1010,1315,11,52,10,5
BE000006447,330,1315,11,52,3,4
CA006110549,403,1315,11,52,4,5
CA006166416,516,1315,11,52,5,5
EIE00101859,1125,1315,11,52,11,7
EIE00101859,120,1315,11,52,1,7
SZ000006717,627,1315,11,52,6,12
BE000006447,326,1315,11,52,3,4
EZE00100082,1105,1315,11,52,11,8
UK000056225,204,1315,11,52,2,13
ITE00100550,1109,1315,11,52,11,11
ASN00086071,1005,1315,11,52,10,2
ITE00100554,224,1315,11,52,2,11
ASN00086071,730,1315,11,52,7,2
UK000056225,409,1315,11,52,4,13
GME00125218,1102,1315,11,52,11,10
SZ000006717,818,1315,11,52,8,12
SZ000006717,628,1315,11,52,6,12
AU000005901,403,1315,11,52,4,3
ITE00100550,1116,1315,11,52,11,11
EZE00100082,1104,1315,11,52,11,8
GM000004204,319,1315,11,52,3,9
EZE00100082,1020,1315,11,52,10,8
AU000005901,205,1315,11,52,2,3
EZE00100082,404,1315,11,52,4,8
GM000004204,325,1315,11,52,3,9
UK000056225,1117,1315,11,52,11,13
GME00125218,1018,1315,11,52,10,10
ITE00100550,406,1315,11,52,4,11
GM000004204,1016,1315,11,52,10,9
ASN00086071,722,1315,11,53,7,2
ITE00100550,304,1315,11,53,3,11
BE000006447,324,1315,11,53,3,4
SZ000006717,625,1315,11,53,6,12
ASN00086071,811,1315,11,53,8,2
ITE00100554,1025,1315,11,53,10,11
SZ000006717,609,1315,11,53,6,12
ITE00100554,310,1315,11,53,3,11
GM000004204,524,1315,11,53,5,9
AU000005901,517,1315,11,53,5,3
GME00125218,1015,1315,11,53,10,10
ITE00100554,1026,1315,11,53,10,11
AU000005901,1112,1315,12,53,11,3
EZE00100082,1114,1315,12,53,11,8
EZE00100082,1016,1315,12,53,10,8
BE000006447,1013,1315,12,53,10,4
BE000006447,512,1315,12,53,5,4
BE000006447,504,1315,12,53,5,4
AU000005901,1020,1315,12,53,10,3
ITE00100550,322,1315,12,53,3,11
AU000005901,211,1315,12,53,2,3
SZ000006717,608,1315,12,53,6,12
GME00125218,403,1315,12,53,4,10
SZ000006717,507,1315,12,53,5,12
ITE00100550,316,1315,12,53,3,11
BE000006447,206,1315,12,53,2,4
ASN00066062,610,1315,12,53,6,2
ASN00086071,610,1315,12,53,6,2
UK000056225,512,1315,12,53,5,13
EZE00100082,1015,1315,12,53,10,8
ITE00100554,405,1315,12,53,4,11
EZE00100082,325,1315,12,53,3,8
GM000004204,208,1315,12,53,2,9
ITE00100550,307,1315,12,53,3,11
UK000056225,1026,1315,12,53,10,13
EZE00100082,423,1315,12,53,4,8
GME00125218,521,1315,12,53,5,10
EIE00101859,123,1315,12,53,1,7
CA006153192,1027,1315,12,53,10,5
USC00288878,1006,1315,12,53,10,14
EIE00101859,202,1315,12,53,2,7
UK000047811,1012,1315,12,53,10,13
CA006158350,920,1315,12,53,9,5
UK000047811,1009,1315,12,53,10,13
CA006158350,1023,1315,12,53,10,5
EIE00101859,205,1315,12,53,2,7
ASN00090015,1010,1315,12,53,10,2
ASN00086071,708,1315,12,53,7,2
SZ000006717,611,1315,12,53,6,12
EZE00100082,524,1315,12,53,5,8
UK000047811,1010,1315,12,53,10,13
ASN00086071,709,1315,12,53,7,2
CA006148100,1003,1315,12,53,10,5
CA006150689,920,1315,12,53,9,5
UK000056225,113,1315,12,53,1,13
ASN00086071,614,1315,12,53,6,2
EIE00101859,128,1315,12,53,1,7
CA006137735,1102,1315,12,53,11,5
CA006150689,1029,1315,12,53,10,5
BE000006447,1015,1315,12,53,10,4
UK000056225,1014,1315,12,53,10,13
EIE00101859,207,1315,12,53,2,7
UK000047811,1015,1315,12,53,10,13
EIE00101859,204,1315,12,53,2,7
USC00288878,1027,1315,12,53,10,14
USC00288878,1102,1315,12,53,11,14
UK000047811,204,1315,12,53,2,13
CA006166416,915,1315,12,53,9,5
UK000056225,206,1315,12,53,2,13
CA006106362,918,1315,12,53,9,5
UK000047811,1103,1315,12,53,11,13
CA006148100,919,1315,12,53,9,5
USC00288878,211,1315,12,53,2,14
BE000006447,1104,1315,12,53,11,4
BE000006447,1016,1315,12,53,10,4
CA006153192,1005,1315,12,53,10,5
CA006106362,922,1315,12,53,9,5
ASN00090015,722,1315,12,53,7,2
EIE00101859,213,1315,12,53,2,7
CA006137735,920,1315,12,53,9,5
ASN00086071,721,1315,12,53,7,2
CA006153192,920,1315,12,53,9,5
UK000047811,116,1315,12,53,1,13
USC00288878,1204,1315,12,53,12,14
EIE00101859,1119,1315,12,53,11,7
CA006166416,1107,1315,12,53,11,5
EZE00100082,319,1315,12,53,3,8
UK000056225,1217,1315,12,53,12,13
UK000047811,406,1315,12,53,4,13
CA006148100,1109,1315,12,53,11,5
EIE00101859,321,1315,12,53,3,7
UK000056225,1216,1315,12,53,12,13
ITE00100554,1107,1315,12,53,11,11
ITE00100554,1111,1315,12,53,11,11
CA006148100,516,1315,12,53,5,5
EIE00101859,1128,1315,12,53,11,7
EIE00101859,1130,1315,12,53,11,7
CA006150689,1115,1315,12,53,11,5
USC00288878,401,1315,12,53,4,14
EIE00101859,1117,1315,12,53,11,7
EIE00101859,1126,1315,12,53,11,7
UK000047811,324,1315,12,53,3,13
CA006158350,427,1315,12,53,4,5
CA006150689,1116,1315,12,53,11,5
UK000056225,323,1315,12,53,3,13
UK000047811,1208,1315,12,53,12,13
CA006158350,1107,1315,12,53,11,5
EIE00101859,1223,1315,12,53,12,7
CA006150689,1109,1315,12,53,11,5
CA006106362,410,1315,12,53,4,5
UK000047811,1114,1315,12,53,11,13
EIE00101859,310,1315,12,53,3,7
CA006153192,502,1315,12,53,5,5
ITE00100550,331,1315,12,53,3,11
EIE00101859,1129,1315,12,53,11,7
UK000047811,310,1315,12,53,3,13
EIE00101859,316,1315,12,53,3,7
EIE00101859,1123,1315,12,53,11,7
CA006137735,409,1315,12,53,4,5
USC00288878,503,1315,12,53,5,14
CA006110549,409,1315,12,53,4,5
CA006137735,1112,1315,12,53,11,5
USC00288878,302,1315,12,53,3,14
EIE00101859,326,1315,12,53,3,7
CA006137735,1113,1315,12,53,11,5
CA006106362,409,1315,12,53,4,5
EIE00101859,413,1315,12,53,4,7
AU000005901,325,1315,12,53,3,3
UK000056225,1030,1315,12,53,10,13
AU000005901,1031,1315,12,53,10,3
AU000005901,206,1315,12,53,2,3
GM000004204,1018,1315,12,53,10,9
GM000004204,217,1315,12,53,2,9
ASN00086071,530,1315,12,53,5,2
GME00125218,217,1315,12,53,2,10
GME00125218,505,1315,12,53,5,10
BE000006447,403,1315,12,53,4,4
BE000006447,501,1315,12,53,5,4
GM000004204,1102,1315,12,53,11,9
SZ000006717,906,1315,12,53,9,12
GM000004204,401,1315,12,53,4,9
ITE00100554,315,1315,12,53,3,11
ITE00100554,1124,1315,12,53,11,11
ASN00086071,627,1315,12,53,6,2
ITE00100554,1023,1315,12,53,10,11
ITE00100550,312,1315,12,53,3,11
ASN00066062,719,1315,12,53,7,2
EZE00100082,514,1315,12,53,5,8
UK000056225,120,1315,12,53,1,13
EZE00100082,1108,1315,12,53,11,8
ASN00086071,815,1315,12,53,8,2
EZE00100082,1207,1315,12,53,12,8
AU000005901,1213,1315,12,53,12,3
SZ000006717,710,1315,12,53,7,12
UK000056225,1208,1315,12,53,12,13
AU000005901,307,1315,12,53,3,3
GME00125218,406,1315,12,53,4,10
GME00125218,421,1315,12,54,4,10
GME00125218,523,1315,12,54,5,10
ITE00100550,321,1315,12,54,3,11
ITE00100550,1025,1315,12,54,10,11
ITE00100550,1029,1315,12,54,10,11
AGE00135039,311,1315,12,54,3,1
BE000006447,404,1315,12,54,4,4
ITE00100550,525,1315,12,54,5,11
AGE00135039,104,1315,12,54,1,1
GME00125218,206,1315,12,54,2,10
AU000005901,516,1315,12,54,5,3
ITE00100554,307,1315,12,54,3,11
ITE00100554,409,1315,12,54,4,11
BE000006447,331,1315,12,54,3,4
AU000005901,526,1315,12,54,5,3
AGE00135039,113,1315,12,54,1,1
UK000056225,514,1315,12,54,5,13
GM000004204,1019,1315,12,54,10,9
SZ000006717,724,1315,12,54,7,12
SZ000006717,612,1315,12,54,6,12
BE000006447,1017,1315,12,54,10,4
ASN00066062,723,1315,12,54,7,2
BE000006447,317,1315,12,54,3,4
GM000004204,517,1315,12,54,5,9
AU000005901,1103,1315,12,54,11,3
UK000056225,1013,1315,12,54,10,13
AU000005901,1104,1315,12,54,11,3
GM000004204,206,1315,12,54,2,9
UK000047811,531,1315,12,54,5,13
CA006150689,516,1315,12,54,5,5
CA006148100,529,1315,12,54,5,5
EIE00101859,124,1315,12,54,1,7
SZ000006717,622,1315,12,54,6,12
EIE00101859,328,1315,12,54,3,7
CA006153192,503,1315,12,54,5,5
UK000056225,315,1315,12,54,3,13
CA006106362,915,1315,12,54,9,5
ASN00086071,804,1315,12,54,8,2
UK000056225,1028,1315,12,54,10,13
EIE00101859,1122,1315,12,54,11,7
UK000047811,1030,1315,12,54,10,13
ASN00090015,728,1315,12,54,7,2
ITE00100554,1217,1315,12,54,12,11
EIE00101859,1118,1315,12,54,11,7
USC00288878,1028,1315,12,54,10,14
EIE00101859,1121,1315,12,54,11,7
CA006153192,517,1315,12,54,5,5
UK000047811,325,1315,12,54,3,13
USC00288878,312,1315,12,54,3,14
UK000056225,205,1315,12,54,2,13
UK000047811,205,1315,12,54,2,13
CA006150689,1030,1315,12,54,10,5
ASN00086071,726,1315,12,54,7,2
EIE00101859,317,1315,12,54,3,7
USC00288878,1119,1315,12,54,11,14
EIE00101859,126,1315,12,54,1,7
CA006153192,1102,1315,12,54,11,5
UK000047811,1011,1315,12,54,10,13
ITE00100550,306,1315,12,54,3,11
CA006158350,521,1315,12,54,5,5
CA006158350,1128,1315,12,54,11,5
CA006158350,921,1315,12,54,9,5
UK000047811,113,1315,12,54,1,13
CA006139520,921,1315,12,54,9,5
CA006137735,921,1315,12,54,9,5
EIE00101859,406,1315,12,54,4,7
UK000047811,1224,1315,12,54,12,13
EIE00101859,412,1315,12,54,4,7
ITE00100554,213,1315,12,54,2,11
EIE00101859,407,1315,12,54,4,7
USC00288878,411,1315,12,54,4,14
UK000056225,1211,1315,12,54,12,13
CA006150689,522,1315,12,54,5,5
CA006150689,1129,1315,12,54,11,5
CA006158350,918,1315,12,54,9,5
CA006110549,918,1315,12,54,9,5
ASN00090015,917,1315,12,54,9,2
USC00288878,410,1315,12,54,4,14
ASN00086071,917,1315,12,54,9,2
BE000006447,1107,1315,12,54,11,4
CA006137735,1106,1315,12,54,11,5
USC00288878,417,1315,12,54,4,14
CA006150689,915,1315,12,54,9,5
EZE00100082,202,1315,12,54,2,8
CA006148100,915,1315,12,54,9,5
CA006148100,523,1315,12,54,5,5
CA006150689,523,1315,12,54,5,5
CA006150689,1128,1315,12,54,11,5
ASN00086071,715,1315,12,54,7,2
CA006110549,922,1315,12,54,9,5
CA006148100,922,1315,12,54,9,5
CA006150689,1101,1315,12,54,11,5
CA006137735,1208,1315,12,54,12,5
EIE00101859,208,1315,12,54,2,7
CA006166416,528,1315,12,54,5,5
EIE00101859,1113,1315,12,54,11,7
CA006110549,528,1315,12,54,5,5
USC00288878,501,1315,12,54,5,14
UK000056225,208,1315,12,54,2,13
ASN00066062,722,1315,12,54,7,2
USC00288878,1004,1315,12,54,10,14
UK000056225,1027,1315,12,54,10,13
UK000047811,1115,1315,12,54,11,13
SZ000006717,428,1315,12,54,4,12
CA006137735,1004,1315,12,54,10,5
CA006139520,1127,1315,12,54,11,5
CA006166416,922,1315,12,54,9,5
CA006110549,521,1315,12,54,5,5
CA006158350,923,1315,12,54,9,5
CA006150689,1108,1315,12,54,11,5
CA006158350,1108,1315,12,54,11,5
EIE00101859,1116,1315,12,54,11,7
EIE00101859,130,1315,12,54,1,7
ASN00086071,624,1315,12,54,6,2
CA006148100,423,1315,12,54,4,5
EIE00101859,1127,1315,12,54,11,7
CA006137735,423,1315,12,54,4,5
EIE00101859,210,1315,12,54,2,7
EZE00100082,1206,1315,12,54,12,8
GME00125218,203,1315,12,54,2,10
AU000005901,310,1315,12,54,3,3
GME00125218,202,1315,12,54,2,10
ITE00100554,311,1315,12,54,3,11
BE000006447,316,1315,12,54,3,4
EZE00100082,1109,1315,12,54,11,8
ASN00086071,616,1315,12,54,6,2
EZE00100082,1102,1315,12,54,11,8
ASN00086071,612,1315,12,54,6,2
ASN00086071,727,1315,12,54,7,2
ASN00086071,625,1315,12,54,6,2
ASN00086071,908,1315,12,54,9,2
GM000004204,521,1315,12,54,5,9
GM000004204,1207,1315,12,54,12,9
GME00125218,1207,1315,12,54,12,10
ASN00086071,609,1315,12,54,6,2
ASN00086071,817,1315,12,54,8,2
GM000004204,1109,1315,12,54,11,9
EZE00100082,519,1315,12,54,5,8
GM000004204,403,1315,12,54,4,9
SZ000006717,823,1315,12,54,8,12
BE000006447,1108,1315,12,54,11,4
BE000006447,511,1315,12,54,5,4
ITE00100550,212,1315,12,54,2,11
ASN00086071,723,1315,12,54,7,2
ASN00066062,729,1315,12,54,7,2
EZE00100082,1106,1315,12,54,11,8
ITE00100554,525,1315,12,54,5,11
ITE00100554,1103,1315,12,54,11,11
GM000004204,419,1315,12,54,4,9
GME00125218,1105,1315,12,54,11,10
ITE00100554,305,1315,12,54,3,11
AGE00135039,123,1315,12,54,1,1
AU000005901,202,1315,12,54,2,3
AGE00135039,124,1315,12,54,1,1
AU000005901,422,1315,12,54,4,3
GME00125218,1101,1315,12,54,11,10
UK000056225,1114,1315,12,54,11,13
GME00125218,502,1315,12,54,5,10
EZE00100082,515,1315,12,54,5,8
AU000005901,415,1315,12,54,4,3
ASN00086071,710,1315,12,54,7,2
BE000006447,405,1315,13,55,4,4
GME00125218,405,1315,13,55,4,10
GM000004204,1010,1315,13,55,10,9
ASN00086071,809,1315,13,55,8,2
AU000005901,313,1315,13,55,3,3
SZ000006717,723,1315,13,55,7,12
GME00125218,1022,1315,13,55,10,10
ITE00100554,331,1315,13,55,3,11
GM000004204,523,1315,13,55,5,9
BE000006447,515,1315,13,55,5,4
ITE00100554,1030,1315,13,55,10,11
ASN00086071,517,1315,13,55,5,2
BE000006447,327,1315,13,55,3,4
ITE00100550,1111,1315,13,55,11,11
BE000006447,1025,1315,13,55,10,4
ASN00086071,626,1315,13,55,6,2
ASN00086071,818,1315,13,55,8,2
ASN00086071,728,1315,13,55,7,2
ASN00086071,907,1315,13,55,9,2
UK000056225,131,1315,13,55,1,13
UK000056225,1016,1315,13,55,10,13
UK000056225,503,1315,13,55,5,13
ASN00086071,812,1315,13,55,8,2
ITE00100554,1029,1315,13,55,10,11
SZ000006717,826,1315,13,55,8,12
ASN00086071,601,1315,13,55,6,2
BE000006447,328,1315,13,55,3,4
UK000056225,410,1315,13,55,4,13
UK000047811,1107,1315,13,55,11,13
UK000047811,507,1315,13,55,5,13
CA006137735,1023,1315,13,55,10,5
UK000056225,317,1315,13,55,3,13
UK000047811,1203,1315,13,55,12,13
EIE00101859,1104,1315,13,55,11,7
CA006153192,1112,1315,13,55,11,5
CA006158350,1003,1315,13,55,10,5
CA006148100,531,1315,13,55,5,5
CA006166416,1023,1315,13,55,10,5
UK000047811,503,1315,13,55,5,13
UK000047811,920,1315,13,55,9,13
AU000005901,317,1315,13,55,3,3
EIE00101859,415,1315,13,55,4,7
GME00125218,1104,1315,13,55,11,10
CA006153192,1207,1315,13,55,12,5
SZ000006717,620,1315,13,55,6,12
EIE00101859,405,1315,13,55,4,7
CA006150689,926,1315,13,55,9,5
UK000056225,1212,1315,13,55,12,13
EIE00101859,325,1315,13,55,3,7
UK000047811,427,1315,13,55,4,13
CA006166416,1108,1315,13,55,11,5
USC00288878,517,1315,13,55,5,14
EIE00101859,1031,1315,13,55,10,7
CA006148100,530,1315,13,55,5,5
UK000047811,412,1315,13,55,4,13
UK000047811,1016,1315,13,55,10,13
UK000056225,325,1315,13,55,3,13
USC00288878,223,1315,13,55,2,14
EIE00101859,1111,1315,13,55,11,7
UK000047811,530,1315,13,55,5,13
EIE00101859,211,1315,13,55,2,7
ASN00066062,625,1315,13,55,6,2
CA006150689,504,1315,13,55,5,5
UK000047811,525,1315,13,55,5,13
UK000047811,326,1315,13,55,3,13
AU000005901,518,1315,13,55,5,3
ASN00090015,718,1315,13,55,7,2
EIE00101859,1120,1315,13,55,11,7
EIE00101859,408,1315,13,55,4,7
UK000047811,1110,1315,13,55,11,13
EIE00101859,125,1315,13,55,1,7
CA006110549,1005,1315,13,55,10,5
UK000047811,617,1315,13,55,6,13
USC00288878,502,1315,13,55,5,14
CA006148100,528,1315,13,55,5,5
EIE00101859,311,1315,13,55,3,7
EZE00100082,420,1315,13,55,4,8
CA006137735,1114,1315,13,55,11,5
EZE00100082,1013,1315,13,55,10,8
CA006137735,403,1315,13,55,4,5
CA006166416,918,1315,13,55,9,5
CA006158350,527,1315,13,55,5,5
EIE00101859,201,1315,13,55,2,7
EIE00101859,1102,1315,13,55,11,7
CA006137735,918,1315,13,55,9,5
CA006158350,514,1315,13,55,5,5
ASN00090015,810,1315,13,55,8,2
UK000047811,422,1315,13,55,4,13
EIE00101859,209,1315,13,55,2,7
GME00125218,519,1315,13,55,5,10
EIE00101859,131,1315,13,55,1,7
EZE00100082,1012,1315,13,55,10,8
EIE00101859,329,1315,13,55,3,7
ASN00090015,807,1315,13,55,8,2
CA006148100,414,1315,13,55,4,5
UK000047811,411,1315,13,55,4,13
EIE00101859,1112,1315,13,55,11,7
CA006110549,414,1315,13,55,4,5
ASN00090015,811,1315,13,55,8,2
CA006148100,416,1315,13,55,4,5
UK000047811,1202,1315,13,55,12,13
CA006122845,1208,1315,13,55,12,5
CA006137735,1129,1315,13,55,11,5
EIE00101859,1115,1315,13,55,11,7
UK000047811,1106,1315,13,55,11,13
CA006139520,1004,1315,13,55,10,5
EIE00101859,127,1315,13,55,1,7
USC00288878,1024,1315,13,55,10,14
CA006158350,404,1315,13,55,4,5
CA006106362,404,1315,13,55,4,5
CA006110549,413,1315,13,55,4,5
GM000004204,1105,1315,13,55,11,9
CA006106362,524,1315,13,55,5,5
GME00125218,1019,1315,13,55,10,10
ITE00100550,325,1315,13,55,3,11
ASN00086071,717,1315,13,55,7,2
BE000006447,502,1315,13,55,5,4
GME00125218,1106,1315,13,55,11,10
ASN00066062,721,1315,13,55,7,2
GM000004204,210,1315,13,55,2,9
GM000004204,1014,1315,13,55,10,9
AU000005901,228,1315,13,55,2,3
GME00125218,524,1315,13,55,5,10
BE000006447,1024,1315,13,55,10,4
ITE00100550,330,1315,13,55,3,11
GM000004204,330,1315,13,55,3,9
ITE00100550,1110,1315,13,55,11,11
AGE00135039,103,1315,13,55,1,1
GM000004204,1108,1315,13,55,11,9
AU000005901,1015,1315,13,55,10,3
GME00125218,520,1315,13,55,5,10
GME00125218,404,1315,13,55,4,10
ITE00100554,1110,1315,13,55,11,11
AGE00135039,111,1315,13,55,1,1
AGE00135039,120,1315,13,55,1,1
ITE00100550,1124,1315,13,55,11,11
ITE00100550,1112,1315,13,55,11,11
ITE00100550,1022,1315,13,55,10,11
AGE00135039,116,1315,13,55,1,1
AU000005901,318,1315,13,55,3,3
ITE00100554,308,1315,13,55,3,11
AU000005901,308,1315,13,55,3,3
AU000005901,1114,1315,13,55,11,3
AGE00135039,129,1315,13,55,1,1
ITE00100554,312,1315,13,55,3,11
ITE00100550,1117,1315,13,55,11,11
AGE00135039,102,1315,13,55,1,1
ITE00100550,228,1315,13,55,2,11
ITE00100550,1019,1315,13,55,10,11
ITE00100550,1103,1315,13,55,11,11
AGE00135039,122,1315,13,55,1,1
ITE00100554,1018,1315,13,55,10,11
GM000004204,202,1315,13,55,2,9
BE000006447,201,1315,13,55,2,4
AGE00135039,310,1315,13,55,3,1
EZE00100082,210,1315,13,56,2,8
GME00125218,503,1315,13,56,5,10
BE000006447,329,1315,13,56,3,4
BE000006447,1030,1315,13,56,10,4
GME00125218,210,1315,13,56,2,10
EZE00100082,518,1315,13,56,5,8
BE000006447,1031,1315,13,56,10,4
ASN00086071,1010,1315,13,56,10,2
GME00125218,424,1315,13,56,4,10
ASN00086071,531,1315,13,56,5,2
ASN00086071,620,1315,13,56,6,2
AU000005901,520,1315,13,56,5,3
GM000004204,502,1315,13,56,5,9
UK000056225,1202,1315,13,56,12,13
SZ000006717,610,1315,13,56,6,12
ASN00086071,1011,1315,13,56,10,2
ITE00100550,329,1315,13,56,3,11
UK000056225,1112,1315,13,56,11,13
SZ000006717,711,1315,13,56,7,12
ITE00100550,328,1315,13,56,3,11
BE000006447,202,1315,13,56,2,4
BE000006447,509,1315,13,56,5,4
ASN00086071,529,1315,13,56,5,2
ITE00100550,1108,1315,13,56,11,11
SZ000006717,621,1315,13,56,6,12
ASN00066062,801,1315,13,56,8,2
ITE00100554,404,1315,13,56,4,11
ITE00100550,327,1315,13,56,3,11
CA006137735,922,1315,13,56,9,5
UK000047811,928,1315,13,56,9,13
CA006139520,922,1315,13,56,9,5
CA006153192,918,1315,13,56,9,5
UK000056225,405,1315,13,56,4,13
EZE00100082,526,1315,13,56,5,8
CA006110549,1107,1315,13,56,11,5
CA006158350,922,1315,13,56,9,5
GM000004204,424,1315,13,56,4,9
EIE00101859,1107,1315,13,56,11,7
EIE00101859,419,1315,13,56,4,7
CA006137735,1109,1315,13,56,11,5
ASN00090015,927,1315,13,56,9,2
UK000056225,1103,1315,13,56,11,13
USC00288878,418,1315,13,56,4,14
UK000047811,922,1315,13,56,9,13
ASN00086071,628,1315,13,56,6,2
ASN00086071,813,1315,13,56,8,2
UK000056225,1204,1315,13,56,12,13
EIE00101859,1103,1315,13,56,11,7
USC00288878,1108,1315,13,56,11,14
CA006137735,1128,1315,13,56,11,5
UK000056225,422,1315,13,56,4,13
UK000056225,407,1315,13,56,4,13
EIE00101859,1105,1315,13,56,11,7
CA006158350,429,1315,13,56,4,5
USC00288878,425,1315,13,56,4,14
CA006148100,823,1315,13,56,8,5
GME00125218,411,1315,13,56,4,10
CA006150689,404,1315,13,56,4,5
EZE00100082,1107,1315,13,56,11,8
CA006166416,416,1315,13,56,4,5
EIE00101859,411,1315,13,56,4,7
CA006150689,411,1315,13,56,4,5
UK000047811,416,1315,13,56,4,13
GME00125218,1108,1315,13,56,11,10
ASN00090015,1005,1315,13,56,10,2
ASN00090015,818,1315,13,56,8,2
CA006153192,417,1315,13,56,4,5
UK000047811,921,1315,13,56,9,13
CA006166416,417,1315,13,56,4,5
CA006106362,911,1315,13,56,9,5
CA006137735,1005,1315,13,56,10,5
CA006139520,1128,1315,13,56,11,5
UK000047811,1104,1315,13,56,11,13
CA006158350,526,1315,13,56,5,5
UK000047811,512,1315,13,56,5,13
ITE00100550,1030,1315,13,56,10,11
CA006158350,515,1315,13,56,5,5
BE000006447,510,1315,13,56,5,4
EIE00101859,312,1315,13,56,3,7
ASN00086071,807,1315,13,56,8,2
USC00288878,1112,1315,13,56,11,14
CA006150689,1023,1315,13,56,10,5
UK000047811,414,1315,13,56,4,13
CA006153192,1023,1315,13,56,10,5
USC00288878,518,1315,13,56,5,14
CA006137735,529,1315,13,56,5,5
EIE00101859,414,1315,13,56,4,7
UK000047811,1217,1315,13,56,12,13
CA006153192,1029,1315,13,56,10,5
UK000047811,1031,1315,13,56,10,13
ASN00090015,730,1315,13,56,7,2
EIE00101859,314,1315,13,56,3,7
EIE00101859,1029,1315,13,56,10,7
UK000047811,1216,1315,13,56,12,13
UK000047811,1023,1315,13,56,10,13
UK000047811,1029,1315,13,56,10,13
GME00125218,518,1315,13,56,5,10
EIE00101859,1015,1315,13,56,10,7
CA006158350,508,1315,13,56,5,5
CA006148100,504,1315,13,56,5,5
CA006166416,505,1315,13,56,5,5
ASN00090015,530,1315,13,56,5,2
ASN00090015,808,1315,13,56,8,2
EIE00101859,1114,1315,13,56,11,7
UK000047811,1008,1315,13,56,10,13
UK000047811,1026,1315,13,56,10,13
GM000004204,519,1315,13,56,5,9
CA006110549,1020,1315,13,56,10,5
EIE00101859,1026,1315,13,56,10,7
CA006158350,528,1315,13,56,5,5
ASN00090015,625,1315,13,56,6,2
ASN00086071,718,1315,13,56,7,2
EIE00101859,129,1315,13,56,1,7
CA006166416,1010,1315,13,56,10,5
CA006110549,504,1315,13,56,5,5
EIE00101859,1101,1315,13,56,11,7
UK000047811,511,1315,13,56,5,13
CA006158350,507,1315,13,56,5,5
ASN00090015,1011,1315,13,56,10,2
UK000047811,1027,1315,13,56,10,13
UK000056225,1109,1315,13,56,11,13
ASN00090015,809,1315,13,56,8,2
USC00288878,1109,1315,13,56,11,14
UK000047811,329,1315,13,56,3,13
UK000056225,1115,1315,13,56,11,13
UK000056225,921,1315,13,56,9,13
UK000056225,1203,1315,13,56,12,13
GM000004204,1022,1315,13,56,10,9
GM000004204,505,1315,13,56,5,9
ITE00100554,117,1315,13,56,1,11
ASN00086071,927,1315,13,56,9,2
ITE00100554,321,1315,13,56,3,11
GM000004204,518,1315,13,56,5,9
GM000004204,405,1315,13,56,4,9
ITE00100554,204,1315,13,56,2,11
EZE00100082,405,1315,13,56,4,8
GME00125218,1014,1315,13,56,10,10
ASN00086071,731,1315,13,56,7,2
GM000004204,1106,1315,13,56,11,9
ITE00100554,306,1315,13,56,3,11
UK000056225,1106,1315,13,56,11,13
BE000006447,414,1315,13,56,4,4
GM000004204,520,1315,13,56,5,9
ASN00086071,816,1315,13,56,8,2
ITE00100554,222,1315,13,56,2,11
EZE00100082,402,1315,13,56,4,8
BE000006447,524,1315,14,56,5,4
BE000006447,1112,1315,14,56,11,4
GME00125218,420,1315,14,56,4,10
GME00125218,1107,1315,14,56,11,10
GM000004204,1104,1315,14,56,11,9
SZ000006717,907,1315,14,56,9,12
AGE00135039,127,1315,14,56,1,1
AGE00135039,130,1315,14,56,1,1
ITE00100554,1024,1315,14,56,10,11
GME00125218,811,1315,14,56,8,10
GME00125218,1021,1315,14,56,10,10
EZE00100082,207,1315,14,56,2,8
AGE00135039,105,1315,14,56,1,1
ITE00100550,326,1315,14,56,3,11
ITE00100550,1215,1315,14,56,12,11
ASN00086071,621,1315,14,56,6,2
ASN00086071,713,1315,14,56,7,2
AGE00135039,119,1315,14,56,1,1
ASN00066062,731,1315,14,56,7,2
AU000005901,1109,1315,14,56,11,3
BE000006447,406,1315,14,56,4,4
BE000006447,422,1315,14,56,4,4
AGE00135039,118,1315,14,56,1,1
GME00125218,1020,1315,14,56,10,10
GME00125218,412,1315,14,56,4,10
GME00125218,207,1315,14,56,2,10
ASN00086071,613,1315,14,56,6,2
BE000006447,516,1315,14,56,5,4
BE000006447,503,1315,14,56,5,4
GME00125218,408,1315,14,56,4,10
BE000006447,423,1315,14,56,4,4
GM000004204,412,1315,14,56,4,9
ITE00100554,1104,1315,14,56,11,11
BE000006447,1113,1315,14,57,11,4
UK000056225,1010,1315,14,57,10,13
ASN00086071,820,1315,14,57,8,2
UK000056225,511,1315,14,57,5,13
ITE00100554,1115,1315,14,57,11,11
BE000006447,1023,1315,14,57,10,4
BE000006447,1103,1315,14,57,11,4
GM000004204,415,1315,14,57,4,9
AU000005901,919,1315,14,57,9,3
UK000056225,513,1315,14,57,5,13
GME00125218,501,1315,14,57,5,10
BE000006447,1102,1315,14,57,11,4
ITE00100550,1113,1315,14,57,11,11
UK000056225,1105,1315,14,57,11,13
UK000056225,1031,1315,14,57,10,13
SZ000006717,623,1315,14,57,6,12
ITE00100550,1024,1315,14,57,10,11
AU000005901,1016,1315,14,57,10,3
UK000056225,1110,1315,14,57,11,13
ITE00100550,213,1315,14,57,2,11
AU000005901,424,1315,14,57,4,3
UK000056225,1107,1315,14,57,11,13
GM000004204,1107,1315,14,57,11,9
ITE00100550,1018,1315,14,57,10,11
ASN00086071,518,1315,14,57,5,2
ASN00090015,814,1315,14,57,8,2
UK000047811,423,1315,14,57,4,13
SZ000006717,712,1315,14,57,7,12
ASN00066062,717,1315,14,57,7,2
ASN00090015,711,1315,14,57,7,2
CA006137735,416,1315,14,57,4,5
ASN00066062,718,1315,14,57,7,2
ASN00090015,726,1315,14,57,7,2
CA006148100,824,1315,14,57,8,5
ASN00066062,720,1315,14,57,7,2
UK000047811,911,1315,14,57,9,13
ASN00086071,912,1315,14,57,9,2
ASN00086071,629,1315,14,57,6,2
UK000047811,413,1315,14,57,4,13
ASN00066062,725,1315,14,57,7,2
EIE00101859,420,1315,14,57,4,7
ASN00090015,716,1315,14,57,7,2
EIE00101859,910,1315,14,57,9,7
ASN00086071,910,1315,14,57,9,2
CA006158350,411,1315,14,57,4,5
CA006106362,423,1315,14,57,4,5
EIE00101859,416,1315,14,57,4,7
USC00288878,1207,1315,14,57,12,14
ASN00090015,723,1315,14,57,7,2
ASN00090015,713,1315,14,57,7,2
EIE00101859,410,1315,14,57,4,7
EIE00101859,1106,1315,14,57,11,7
CA006153192,410,1315,14,57,4,5
ASN00066062,530,1315,14,57,5,2
USC00288878,1110,1315,14,57,11,14
BE000006447,1101,1315,14,57,11,4
AU000005901,519,1315,14,57,5,3
EZE00100082,1101,1315,14,57,11,8
CA006137735,528,1315,14,57,5,5
EIE00101859,402,1315,14,57,4,7
CA006150689,430,1315,14,57,4,5
CA006106362,528,1315,14,57,5,5
CA006106362,430,1315,14,57,4,5
USC00288878,403,1315,14,57,4,14
UK000047811,1002,1315,14,57,10,13
CA006166416,1109,1315,14,57,11,5
UK000047811,929,1315,14,57,9,13
ASN00086071,929,1315,14,57,9,2
UK000047811,927,1315,14,57,9,13
ITE00100554,1102,1315,14,57,11,11
EIE00101859,1009,1315,14,57,10,7
EIE00101859,926,1315,14,57,9,7
EIE00101859,331,1315,14,57,3,7
EIE00101859,1010,1315,14,57,10,7
CA006153192,1114,1315,14,57,11,5
CA006110549,514,1315,14,57,5,5
UK000047811,514,1315,14,57,5,13
GM000004204,1021,1315,14,57,10,9
CA006166416,531,1315,14,57,5,5
CA006150689,531,1315,14,57,5,5
UK000047811,504,1315,14,57,5,13
ASN00090015,1112,1315,14,57,11,2
UK000056225,327,1315,14,57,3,13
CA006139520,915,1315,14,57,9,5
EIE00101859,1013,1315,14,57,10,7
BE000006447,517,1315,14,57,5,4
ASN00090015,610,1315,14,57,6,2
GME00125218,1012,1315,14,57,10,10
EIE00101859,1030,1315,14,57,10,7
EIE00101859,1011,1315,14,57,10,7
CA006106362,1011,1315,14,57,10,5
CA006166416,530,1315,14,57,5,5
CA006153192,526,1315,14,57,5,5
UK000047811,528,1315,14,57,5,13
CA006158350,925,1315,14,57,9,5
CA006158350,915,1315,14,57,9,5
CA006158350,618,1315,14,57,6,5
CA006153192,1129,1315,14,57,11,5
CA006150689,918,1315,14,57,9,5
CA006153192,1107,1315,14,57,11,5
CA006153192,522,1315,14,57,5,5
EIE00101859,1108,1315,14,57,11,7
CA006139520,919,1315,14,57,9,5
CA006150689,919,1315,14,57,9,5
ASN00086071,1108,1315,14,57,11,2
CA006158350,919,1315,14,57,9,5
CA006166416,919,1315,14,57,9,5
CA006139520,920,1315,14,57,9,5
EIE00101859,1027,1315,14,57,10,7
EIE00101859,920,1315,14,57,9,7
CA006153192,921,1315,14,57,9,5
CA006150689,922,1315,14,57,9,5
CA006110549,1108,1315,14,57,11,5
CA006139520,1108,1315,14,57,11,5
EIE00101859,921,1315,14,57,9,7
BE000006447,1105,1315,14,57,11,4
BE000006447,1106,1315,14,57,11,4
AGE00135039,126,1315,14,57,1,1
BE000006447,1009,1315,14,57,10,4
ITE00100554,1021,1315,14,57,10,11
EZE00100082,1011,1315,14,57,10,8
EZE00100082,1007,1315,14,57,10,8
AGE00135039,314,1315,14,57,3,1
AGE00135039,112,1315,14,57,1,1
AU000005901,1108,1315,14,57,11,3
EZE00100082,415,1315,14,57,4,8
AGE00135039,313,1315,14,57,3,1
ITE00100554,1020,1315,14,57,10,11
AGE00135039,312,1315,14,57,3,1
ASN00066062,626,1315,14,57,6,2
GME00125218,415,1315,14,57,4,10
ASN00086071,909,1315,14,57,9,2
ASN00086071,705,1315,14,57,7,2
AU000005901,524,1315,14,57,5,3
EZE00100082,1014,1315,14,57,10,8
AU000005901,302,1315,14,57,3,3
ITE00100554,203,1315,14,57,2,11
ASN00066062,602,1315,14,57,6,2
GM000004204,1012,1315,14,57,10,9
AU000005901,918,1315,14,57,9,3
BE000006447,1018,1315,14,57,10,4
ASN00086071,711,1315,14,57,7,2
ASN00086071,724,1315,14,57,7,2
ITE00100554,407,1315,14,58,4,11
BE000006447,505,1315,14,58,5,4
ITE00100554,1101,1315,14,58,11,11
UK000056225,1012,1315,14,58,10,13
ITE00100554,1105,1315,14,58,11,11
UK000056225,1205,1315,14,58,12,13
UK000056225,1011,1315,14,58,10,13
UK000056225,1111,1315,14,58,11,13
ITE00100550,1102,1315,14,58,11,11
ASN00090015,717,1315,14,58,7,2
EZE00100082,413,1315,14,58,4,8
GME00125218,1113,1315,14,58,11,10
UK000056225,1102,1315,14,58,11,13
UK000056225,523,1315,14,58,5,13
EZE00100082,506,1315,14,58,5,8
ASN00066062,818,1315,14,58,8,2
ASN00066062,730,1315,14,58,7,2
UK000056225,920,1315,14,58,9,13
EZE00100082,419,1315,14,58,4,8
ITE00100554,1031,1315,14,58,10,11
UK000056225,419,1315,14,58,4,13
ITE00100554,1215,1315,14,58,12,11
ASN00086071,630,1315,14,58,6,2
ASN00066062,531,1315,14,58,5,2
AGE00135039,115,1315,14,58,1,1
SZ000006717,718,1315,14,58,7,12
UK000056225,326,1315,14,58,3,13
EZE00100082,421,1315,14,58,4,8
EIE00101859,1028,1315,14,58,10,7
UK000056225,1104,1315,14,58,11,13
EIE00101859,1109,1315,14,58,11,7
ASN00090015,707,1315,14,58,7,2
ASN00090015,715,1315,14,58,7,2
ASN00090015,1113,1315,14,58,11,2
UK000056225,1029,1315,14,58,10,13
UK000047811,706,1315,14,58,7,13
ASN00066062,630,1315,14,58,6,2
ASN00086071,1014,1315,14,58,10,2
ASN00090015,1024,1315,14,58,10,2
UK000047811,1001,1315,14,58,10,13
ASN00090015,820,1315,14,58,8,2
CA006148100,822,1315,14,58,8,5
EIE00101859,927,1315,14,58,9,7
UK000047811,926,1315,14,58,9,13
CA006158350,926,1315,14,58,9,5
EIE00101859,925,1315,14,58,9,7
UK000047811,923,1315,14,58,9,13
EIE00101859,923,1315,14,58,9,7
EIE00101859,922,1315,14,58,9,7
CA006150689,921,1315,14,58,9,5
USC00288878,1128,1315,14,58,11,14
UK000047811,919,1315,14,58,9,13
EIE00101859,919,1315,14,58,9,7
CA006148100,907,1315,14,58,9,5
ASN00066062,908,1315,14,58,9,2
CA006153192,919,1315,14,58,9,5
UK000047811,908,1315,14,58,9,13
EIE00101859,909,1315,14,58,9,7
CA006110549,919,1315,14,58,9,5
ASN00090015,910,1315,14,58,9,2
CA006106362,919,1315,14,58,9,5
ASN00090015,919,1315,14,58,9,2
EIE00101859,911,1315,14,58,9,7
EIE00101859,918,1315,14,58,9,7
ASN00090015,918,1315,14,58,9,2
UK000047811,914,1315,14,58,9,13
CA006139520,1003,1315,14,58,10,5
EIE00101859,1024,1315,14,58,10,7
EIE00101859,1004,1315,14,58,10,7
UK000056225,1005,1315,14,58,10,13
ASN00086071,725,1315,14,58,7,2
UK000056225,1023,1315,14,58,10,13
CA006106362,1023,1315,14,58,10,5
UK000056225,1021,1315,14,58,10,13
ASN00090015,727,1315,14,58,7,2
EIE00101859,1020,1315,14,58,10,7
CA006106362,1020,1315,14,58,10,5
ITE00100554,1019,1315,14,58,10,11
EIE00101859,1018,1315,14,58,10,7
UK000047811,1017,1315,14,58,10,13
USC00288878,1014,1315,14,58,10,14
EIE00101859,1014,1315,14,58,10,7
CA006158350,1013,1315,14,58,10,5
CA006106362,1013,1315,14,58,10,5
USC00288878,1012,1315,14,58,10,14
USC00288878,1011,1315,14,58,10,14
CA006158350,1010,1315,14,58,10,5
GM000004204,811,1315,14,58,8,9
ASN00090015,1009,1315,14,58,10,2
EIE00101859,1008,1315,14,58,10,7
UK000047811,1007,1315,14,58,10,13
GME00125218,1007,1315,14,58,10,10
CA006158350,1006,1315,14,58,10,5
CA006150689,1006,1315,14,58,10,5
CA006153192,1208,1315,14,58,12,5
ASN00066062,816,1315,14,58,8,2
CA006148100,1006,1315,14,58,10,5
CA006139520,1005,1315,14,58,10,5
CA006158350,1014,1315,14,58,10,5
ASN00090015,708,1315,14,58,7,2
CA006110549,302,1315,14,58,3,5
CA006158350,530,1315,14,58,5,5
UK000047811,419,1315,14,58,4,13
CA006137735,516,1315,14,58,5,5
CA006166416,509,1315,14,58,5,5
UK000056225,524,1315,14,58,5,13
CA006148100,427,1315,14,58,4,5
UK000056225,413,1315,14,58,4,13
EIE00101859,404,1315,14,58,4,7
EIE00101859,409,1315,14,58,4,7
CA006166416,404,1315,14,58,4,5
CA006158350,531,1315,14,58,5,5
CA006153192,516,1315,14,58,5,5
CA006137735,414,1315,14,58,4,5
UK000047811,415,1315,14,58,4,13
CA006137735,410,1315,14,58,4,5
CA006110549,530,1315,14,58,5,5
CA006150689,524,1315,14,58,5,5
USC00288878,224,1315,14,58,2,14
UK000047811,426,1315,14,58,4,13
CA006150689,517,1315,14,58,5,5
CA006158350,504,1315,14,58,5,5
EIE00101859,418,1315,14,58,4,7
CA006153192,529,1315,14,58,5,5
CA006153192,528,1315,14,58,5,5
EIE00101859,401,1315,14,58,4,7
ITE00100550,422,1315,14,58,4,11
UK000047811,616,1315,14,58,6,13
EIE00101859,421,1315,14,58,4,7
CA006110549,523,1315,14,58,5,5
CA006148100,508,1315,14,58,5,5
GM000004204,421,1315,14,58,4,9
EIE00101859,330,1315,14,58,3,7
UK000047811,513,1315,14,58,5,13
CA006153192,427,1315,14,58,4,5
CA006106362,416,1315,14,58,4,5
ASN00090015,608,1315,14,58,6,2
CA006106362,427,1315,14,58,4,5
CA006158350,505,1315,14,58,5,5
CA006150689,413,1315,14,58,4,5
CA006166416,411,1315,14,58,4,5
CA006148100,514,1315,14,58,5,5
USC00288878,316,1315,14,58,3,14
CA006158350,525,1315,14,58,5,5
CA006110549,505,1315,14,58,5,5
UK000047811,508,1315,14,58,5,13
CA006158350,523,1315,14,58,5,5
CA006137735,413,1315,14,58,4,5
CA006150689,416,1315,14,58,4,5
GM000004204,531,1315,14,58,5,9
UK000056225,415,1315,14,58,4,13
AGE00135039,309,1315,14,58,3,1
EZE00100082,513,1315,14,58,5,8
GME00125218,512,1315,14,58,5,10
AGE00135039,306,1315,14,58,3,1
ASN00066062,609,1315,14,58,6,2
AGE00135039,125,1315,14,58,1,1
UK000056225,1007,1315,14,58,10,13
ITE00100554,223,1315,14,58,2,11
ITE00100550,1020,1315,14,58,10,11
AGE00135039,106,1315,14,58,1,1
AU000005901,1102,1315,14,58,11,3
AGE00135039,108,1315,14,58,1,1
AGE00135039,207,1315,14,58,2,1
AGE00135039,206,1315,14,58,2,1
UK000056225,411,1315,14,58,4,13
AGE00135039,217,1315,14,58,2,1
AU000005901,1014,1315,14,58,10,3
ASN00086071,707,1315,14,58,7,2
AGE00135039,224,1315,14,58,2,1
AU000005901,421,1315,14,58,4,3
AU000005901,1101,1315,14,58,11,3
ASN00066062,724,1315,15,58,7,2
AU000005901,1011,1315,15,58,10,3
UK000056225,416,1315,15,58,4,13
ITE00100554,1114,1315,15,58,11,11
GM000004204,207,1315,15,58,2,9
EZE00100082,1113,1315,15,58,11,8
ASN00066062,627,1315,15,58,6,2
GM000004204,1101,1315,15,58,11,9
AU000005901,1206,1315,15,58,12,3
GM000004204,513,1315,15,58,5,9
AU000005901,1012,1315,15,58,10,3
ITE00100554,1117,1315,15,58,11,11
GME00125218,531,1315,15,58,5,10
BE000006447,911,1315,15,58,9,4
ASN00086071,808,1315,15,58,8,2
ASN00066062,716,1315,15,58,7,2
ITE00100554,403,1315,15,58,4,11
UK000056225,922,1315,15,58,9,13
EZE00100082,406,1315,15,58,4,8
UK000056225,515,1315,15,58,5,13
BE000006447,421,1315,15,58,4,4
UK000056225,923,1315,15,58,9,13
AGE00135039,209,1315,15,59,2,1
ITE00100554,410,1315,15,59,4,11
ITE00100550,523,1315,15,59,5,11
GM000004204,512,1315,15,59,5,9
ASN00086071,712,1315,15,59,7,2
UK000056225,911,1315,15,59,9,13
ASN00086071,1013,1315,15,59,10,2
EZE00100082,916,1315,15,59,9,8
GM000004204,1006,1315,15,59,10,9
ASN00086071,1114,1315,15,59,11,2
ASN00086071,810,1315,15,59,8,2
AU000005901,1105,1315,15,59,11,3
AU000005901,319,1315,15,59,3,3
EZE00100082,503,1315,15,59,5,8
EZE00100082,919,1315,15,59,9,8
UK000056225,504,1315,15,59,5,13
GM000004204,411,1315,15,59,4,9
GME00125218,1013,1315,15,59,10,10
ASN00086071,714,1315,15,59,7,2
GM000004204,1020,1315,15,59,10,9
ITE00100554,325,1315,15,59,3,11
GM000004204,503,1315,15,59,5,9
ASN00086071,821,1315,15,59,8,2
EZE00100082,1008,1315,15,59,10,8
GME00125218,418,1315,15,59,4,10
UK000056225,1009,1315,15,59,10,13
UK000056225,1022,1315,15,59,10,13
EZE00100082,918,1315,15,59,9,8
GM000004204,526,1315,15,59,5,9
UK000056225,1008,1315,15,59,10,13
UK000056225,1006,1315,15,59,10,13
UK000056225,505,1315,15,59,5,13
ITE00100554,323,1315,15,59,3,11
CA006137735,907,1315,15,59,9,5
CA006150689,528,1315,15,59,5,5
CA006166416,607,1315,15,59,6,5
ITE00100550,401,1315,15,59,4,11
ASN00090015,709,1315,15,59,7,2
CA006158350,518,1315,15,59,5,5
CA006139520,1101,1315,15,59,11,5
ASN00090015,529,1315,15,59,5,2
CA006106362,529,1315,15,59,5,5
ASN00090015,815,1315,15,59,8,2
EIE00101859,1021,1315,15,59,10,7
CA006110549,907,1315,15,59,9,5
ASN00090015,813,1315,15,59,8,2
CA006153192,413,1315,15,59,4,5
ASN00090015,908,1315,15,59,9,2
CA006153192,1010,1315,15,59,10,5
CA006166416,911,1315,15,59,9,5
ASN00090015,724,1315,15,59,7,2
ASN00090015,911,1315,15,59,9,2
CA006106362,525,1315,15,59,5,5
CA006137735,430,1315,15,59,4,5
UK000047811,420,1315,15,59,4,13
UK000047811,910,1315,15,59,9,13
EIE00101859,1003,1315,15,59,10,7
CA006148100,1010,1315,15,59,10,5
AGE00135039,208,1315,15,59,2,1
CA006137735,1110,1315,15,59,11,5
ASN00090015,626,1315,15,59,6,2
UK000047811,328,1315,15,59,3,13
ITE00100550,1021,1315,15,59,10,11
ASN00090015,909,1315,15,59,9,2
EIE00101859,1019,1315,15,59,10,7
CA006137735,523,1315,15,59,5,5
CA006106362,509,1315,15,59,5,5
CA006106362,420,1315,15,59,4,5
UK000047811,1021,1315,15,59,10,13
EIE00101859,1012,1315,15,59,10,7
EIE00101859,1022,1315,15,59,10,7
EIE00101859,1025,1315,15,59,10,7
AGE00135039,303,1315,15,59,3,1
CA006158350,428,1315,15,59,4,5
EIE00101859,417,1315,15,59,4,7
ASN00090015,531,1315,15,59,5,2
EIE00101859,1005,1315,15,59,10,7
AGE00135039,307,1315,15,59,3,1
AU000005901,402,1315,15,59,4,3
UK000047811,930,1315,15,59,9,13
ASN00090015,930,1315,15,59,9,2
BE000006447,417,1315,15,59,4,4
AGE00135039,404,1315,15,59,4,1
CA006110549,515,1315,15,59,5,5
CA006148100,825,1315,15,59,8,5
EIE00101859,403,1315,15,59,4,7
AU000005901,515,1315,15,59,5,3
GME00125218,513,1315,15,59,5,10
CA006110549,822,1315,15,59,8,5
CA006110549,416,1315,15,59,4,5
ASN00090015,912,1315,15,59,9,2
CA006148100,515,1315,15,59,5,5
ASN00090015,710,1315,15,59,7,2
ASN00086071,1025,1315,15,59,10,2
ASN00090015,719,1315,15,59,7,2
ASN00090015,1111,1315,15,59,11,2
CA006158350,529,1315,15,59,5,5
AGE00135039,222,1315,15,59,2,1
CA006166416,529,1315,15,59,5,5
CA006106362,1109,1315,15,59,11,5
BE000006447,410,1315,15,59,4,4
AGE00135039,223,1315,15,59,2,1
UK000047811,510,1315,15,59,5,13
CA006166416,517,1315,15,59,5,5
CA006153192,1012,1315,15,59,10,5
EIE00101859,1023,1315,15,59,10,7
ASN00090015,720,1315,15,59,7,2
UK000047811,418,1315,15,59,4,13
CA006150689,530,1315,15,59,5,5
ITE00100550,1023,1315,15,59,10,11
UK000047811,901,1315,15,59,9,13
CA006158350,1012,1315,15,59,10,5
ASN00090015,517,1315,15,59,5,2
ASN00066062,819,1315,15,59,8,2
UK000047811,1005,1315,15,59,10,13
USC00288878,414,1315,15,59,4,14
CA006106362,824,1315,15,59,8,5
ASN00066062,727,1315,15,59,7,2
CA006139520,1107,1315,15,59,11,5
ASN00066062,628,1315,15,59,6,2
EIE00101859,924,1315,15,59,9,7
UK000047811,505,1315,15,59,5,13
UK000047811,925,1315,15,59,9,13
UK000047811,917,1315,15,59,9,13
UK000047811,916,1315,15,59,9,13
CA006110549,1010,1315,15,59,10,5
CA006137735,1108,1315,15,59,11,5
ASN00090015,916,1315,15,59,9,2
CA006137735,919,1315,15,59,9,5
ASN00086071,922,1315,15,59,9,2
EIE00101859,1007,1315,15,59,10,7
CA006166416,925,1315,15,59,9,5
CA006148100,628,1315,15,59,6,5
EIE00101859,916,1315,15,59,9,7
ASN00090015,630,1315,15,59,6,2
EIE00101859,915,1315,15,59,9,7
CA006153192,1128,1315,15,59,11,5
CA006148100,926,1315,15,59,9,5
BE000006447,522,1315,15,59,5,4
ASN00090015,921,1315,15,59,9,2
EIE00101859,912,1315,15,59,9,7
AGE00135039,110,1315,15,59,1,1
GM000004204,1013,1315,15,59,10,9
AGE00135039,117,1315,15,59,1,1
EIE00101859,917,1315,15,59,9,7
CA006150689,505,1315,15,59,5,5
CA006106362,1108,1315,15,59,11,5
EIE00101859,1017,1315,15,59,10,7
UK000056225,414,1315,15,59,4,13
SZ000006717,715,1315,15,59,7,12
ASN00086071,704,1315,15,59,7,2
AU000005901,404,1315,15,59,4,3
ASN00086071,928,1315,15,59,9,2
BE000006447,420,1315,15,59,4,4
GM000004204,903,1315,15,59,9,9
AU000005901,1009,1315,15,59,10,3
GME00125218,617,1315,15,59,6,10
ASN00066062,728,1315,15,59,7,2
AU000005901,1007,1315,15,59,10,3
UK000056225,412,1315,15,59,4,13
ITE00100554,322,1315,15,59,3,11
ASN00086071,801,1315,15,59,8,2
ASN00086071,528,1315,15,59,5,2
ASN00086071,1012,1315,15,59,10,2
SZ000006717,914,1315,15,59,9,12
ASN00066062,928,1315,15,59,9,2
ASN00066062,710,1315,15,59,7,2
BE000006447,507,1315,15,59,5,4
BE000006447,506,1315,15,59,5,4
ASN00066062,701,1315,15,59,7,2
EZE00100082,412,1315,15,59,4,8
ITE00100550,1031,1315,15,59,10,11
EZE00100082,1009,1315,15,59,10,8
ASN00066062,802,1315,15,59,8,2
EZE00100082,411,1315,15,59,4,8
ASN00066062,815,1315,15,59,8,2
GME00125218,510,1315,15,60,5,10
AU000005901,1106,1315,15,60,11,3
GME00125218,726,1315,15,60,7,10
ASN00066062,821,1315,15,60,8,2
GME00125218,526,1315,15,60,5,10
AU000005901,506,1315,15,60,5,3
GME00125218,725,1315,15,60,7,10
GM000004204,420,1315,15,60,4,9
ITE00100550,423,1315,15,60,4,11
EZE00100082,424,1315,15,60,4,8
ASN00090015,816,1315,15,60,8,2
ASN00086071,1117,1315,15,60,11,2
ASN00090015,819,1315,15,60,8,2
UK000056225,919,1315,15,60,9,13
UK000056225,915,1315,15,60,9,13
ASN00086071,918,1315,15,60,9,2
UK000056225,510,1315,15,60,5,13
GME00125218,708,1315,15,60,7,10
BE000006447,617,1315,15,60,6,4
GME00125218,724,1315,15,60,7,10
AU000005901,1107,1315,15,60,11,3
ASN00066062,713,1315,15,60,7,2
ASN00066062,714,1315,15,60,7,2
BE000006447,923,1315,15,60,9,4
ASN00086071,803,1315,15,60,8,2
GM000004204,410,1315,15,60,4,9
UK000056225,930,1315,15,60,9,13
UK000056225,1004,1315,15,60,10,13
ASN00086071,806,1315,15,60,8,2
AU000005901,1113,1315,15,60,11,3
GM000004204,1007,1315,15,60,10,9
ASN00086071,1113,1315,16,60,11,2
GME00125218,413,1315,16,60,4,10
AU000005901,514,1315,16,60,5,3
UK000056225,507,1315,16,60,5,13
GM000004204,510,1315,16,60,5,9
ITE00100554,1106,1315,16,60,11,11
ASN00086071,1023,1315,16,60,10,2
ITE00100550,407,1315,16,60,4,11
GM000004204,506,1315,16,60,5,9
ASN00086071,606,1315,16,60,6,2
ASN00086071,617,1315,16,60,6,2
ITE00100550,424,1315,16,60,4,11
AGE00135039,302,1315,16,60,3,1
UK000056225,509,1315,16,60,5,13
AGE00135039,109,1315,16,60,1,1
ASN00086071,911,1315,16,60,9,2
ASN00086071,802,1315,16,60,8,2
AGE00135039,308,1315,16,60,3,1
AGE00135039,321,1315,16,60,3,1
ASN00086071,1024,1315,16,60,10,2
CA006106362,823,1315,16,60,8,5
USC00288878,1029,1315,16,60,10,14
USC00288878,1010,1315,16,60,10,14
CA006137735,505,1315,16,60,5,5
USC00288878,430,1315,16,60,4,14
ASN00066062,922,1315,16,60,9,2
UK000047811,604,1315,16,60,6,13
CA006150689,514,1315,16,60,5,5
USC00288878,1115,1315,16,60,11,14
ASN00090015,601,1315,16,60,6,2
CA006110549,411,1315,16,60,4,5
CA006137735,1029,1315,16,60,10,5
ASN00090015,817,1315,16,60,8,2
UK000047811,610,1315,16,60,6,13
CA006158350,1009,1315,16,60,10,5
USC00288878,504,1315,16,60,5,14
CA006153192,601,1315,16,60,6,5
UK000047811,615,1315,16,60,6,13
ASN00066062,611,1315,16,60,6,2
ASN00066062,726,1315,16,60,7,2
UK000047811,524,1315,16,60,5,13
AU000005901,513,1315,16,60,5,3
ITE00100550,403,1315,16,60,4,11
ASN00090015,629,1315,16,60,6,2
USC00288878,522,1315,16,60,5,14
CA006139520,1109,1315,16,60,11,5
CA006158350,506,1315,16,60,5,5
CA006148100,517,1315,16,60,5,5
ASN00066062,629,1315,16,60,6,2
GM000004204,918,1315,16,60,9,9
CA006139520,1013,1315,16,60,10,5
UK000047811,918,1315,16,60,9,13
ASN00066062,715,1315,16,60,7,2
CA006158350,417,1315,16,60,4,5
CA006158350,612,1315,16,60,6,5
SZ000006717,713,1315,16,60,7,12
CA006153192,430,1315,16,60,4,5
CA006166416,824,1315,16,60,8,5
ASN00090015,1012,1315,16,60,10,2
CA006150689,824,1315,16,60,8,5
CA006110549,824,1315,16,60,8,5
UK000047811,417,1315,16,60,4,13
ASN00090015,611,1315,16,60,6,2
ITE00100550,415,1315,16,60,4,11
CA006158350,601,1315,16,60,6,5
CA006106362,613,1315,16,60,6,5
USC00288878,529,1315,16,60,5,14
CA006153192,922,1315,16,60,9,5
CA006137735,1003,1315,16,60,10,5
ASN00090015,721,1315,16,60,7,2
CA006153192,1109,1315,16,60,11,5
UK000047811,509,1315,16,60,5,13
EIE00101859,1006,1315,16,60,10,7
EIE00101859,503,1315,16,60,5,7
UK000047811,527,1315,16,60,5,13
BE000006447,409,1315,16,60,4,4
UK000047811,327,1315,16,60,3,13
ASN00090015,624,1315,16,60,6,2
BE000006447,521,1315,16,60,5,4
ASN00090015,519,1315,16,60,5,2
CA006158350,509,1315,16,60,5,5
USC00288878,1120,1315,16,60,11,14
CA006166416,1020,1315,16,60,10,5
CA006150689,507,1315,16,60,5,5
CA006150689,509,1315,16,60,5,5
UK000047811,1004,1315,16,60,10,13
ASN00090015,627,1315,16,60,6,2
CA006158350,1020,1315,16,60,10,5
ASN00090015,928,1315,16,60,9,2
EIE00101859,908,1315,16,60,9,7
UK000047811,1006,1315,16,60,10,13
CA006106362,908,1315,16,60,9,5
CA006106362,501,1315,16,60,5,5
ASN00090015,812,1315,16,60,8,2
USC00288878,1208,1315,16,60,12,14
EIE00101859,1002,1315,16,60,10,7
UK000056225,328,1315,16,60,3,13
EIE00101859,914,1315,16,60,9,7
CA006166416,507,1315,16,60,5,5
CA006148100,925,1315,16,60,9,5
ASN00090015,907,1315,16,60,9,2
CA006110549,917,1315,16,60,9,5
CA006148100,914,1315,16,60,9,5
USC00288878,523,1315,16,60,5,14
CA006166416,1006,1315,16,60,10,5
CA006148100,619,1315,16,60,6,5
CA006158350,510,1315,16,60,5,5
ASN00090015,612,1315,16,60,6,2
GME00125218,903,1315,16,60,9,10
CA006158350,924,1315,16,60,9,5
UK000047811,915,1315,16,60,9,13
EIE00101859,928,1315,16,60,9,7
ASN00090015,705,1315,16,60,7,2
UK000047811,1022,1315,16,60,10,13
UK000047811,924,1315,16,60,9,13
CA006106362,925,1315,16,60,9,5
USC00288878,427,1315,16,60,4,14
ASN00090015,628,1315,16,60,6,2
CA006106362,917,1315,16,60,9,5
ASN00090015,803,1315,16,60,8,2
AU000005901,207,1315,16,60,2,3
UK000047811,903,1315,16,60,9,13
ASN00090015,712,1315,16,60,7,2
ASN00086071,921,1315,16,60,9,2
ASN00086071,608,1315,16,60,6,2
ITE00100550,1014,1315,16,60,10,11
ASN00086071,706,1315,16,60,7,2
ITE00100554,502,1315,16,60,5,11
ASN00086071,607,1315,16,60,6,2
ASN00086071,702,1315,16,60,7,2
BE000006447,917,1315,16,60,9,4
ASN00066062,817,1315,16,60,8,2
SZ000006717,624,1315,16,60,6,12
ASN00086071,1107,1315,16,60,11,2
ASN00066062,622,1315,16,60,6,2
UK000056225,916,1315,16,60,9,13
GME00125218,530,1315,16,60,5,10
GME00125218,703,1315,16,60,7,10
UK000056225,828,1315,16,60,8,13
UK000056225,616,1315,16,60,6,13
GME00125218,1008,1315,16,60,10,10
AU000005901,320,1315,16,60,3,3
SZ000006717,717,1315,16,60,7,12
GME00125218,721,1315,16,60,7,10
GME00125218,730,1315,16,60,7,10
UK000056225,417,1315,16,60,4,13
ASN00066062,621,1315,16,61,6,2
ASN00066062,624,1315,16,61,6,2
UK000056225,924,1315,16,61,9,13
GM000004204,408,1315,16,61,4,9
UK000056225,423,1315,16,61,4,13
UK000056225,508,1315,16,61,5,13
AGE00135039,210,1315,16,61,2,1
EZE00100082,416,1315,16,61,4,8
GM000004204,1113,1315,16,61,11,9
ITE00100550,524,1315,16,61,5,11
AGE00135039,405,1315,16,61,4,1
AGE00135039,305,1315,16,61,3,1
GM000004204,730,1315,16,61,7,9
AGE00135039,409,1315,16,61,4,1
AGE00135039,1129,1315,16,61,11,1
EZE00100082,728,1315,16,61,7,8
ASN00066062,520,1315,16,61,5,2
ASN00086071,1109,1315,16,61,11,2
ITE00100554,327,1315,16,61,3,11
GM000004204,418,1315,16,61,4,9
AGE00135039,221,1315,16,61,2,1
GME00125218,709,1315,16,61,7,10
AGE00135039,323,1315,16,61,3,1
GM000004204,413,1315,16,61,4,9
SZ000006717,714,1315,16,61,7,12
EZE00100082,912,1315,16,61,9,8
ITE00100554,326,1315,16,61,3,11
EZE00100082,525,1315,16,61,5,8
ITE00100550,1101,1315,16,61,11,11
AGE00135039,226,1315,16,61,2,1
ASN00090015,623,1315,16,61,6,2
CA006139520,1011,1315,16,61,10,5
CA006166416,926,1315,16,61,9,5
EIE00101859,502,1315,16,61,5,7
ASN00090015,1126,1315,16,61,11,2
ASN00066062,820,1315,16,61,8,2
CA006150689,529,1315,16,61,5,5
UK000056225,329,1315,16,61,3,13
UK000047811,815,1315,16,61,8,13
UK000047811,816,1315,16,61,8,13
UK000047811,529,1315,16,61,5,13
ASN00086071,814,1315,16,61,8,2
CA006137735,504,1315,16,61,5,5
UK000047811,817,1315,16,61,8,13
UK000056225,1101,1315,16,61,11,13
CA006110549,925,1315,16,61,9,5
GM000004204,530,1315,16,61,5,9
UK000047811,806,1315,16,61,8,13
UK000047811,812,1315,16,61,8,13
UK000047811,516,1315,16,61,5,13
ASN00090015,725,1315,16,61,7,2
ASN00086071,519,1315,16,61,5,2
ASN00090015,926,1315,16,61,9,2
CA006110549,926,1315,16,61,9,5
CA006110549,516,1315,16,61,5,5
UK000047811,421,1315,16,61,4,13
UK000047811,727,1315,16,61,7,13
UK000047811,807,1315,16,61,8,13
CA006148100,1011,1315,16,61,10,5
ASN00066062,711,1315,16,61,7,2
ASN00086071,916,1315,16,61,9,2
ASN00090015,703,1315,16,61,7,2
UK000047811,702,1315,16,61,7,13
EIE00101859,929,1315,16,61,9,7
EIE00101859,511,1315,16,61,5,7
ASN00066062,712,1315,16,61,7,2
CA006148100,1012,1315,16,61,10,5
ASN00090015,1025,1315,16,61,10,2
UK000047811,828,1315,16,61,8,13
CA006137735,302,1315,16,61,3,5
ASN00086071,1115,1315,16,61,11,2
CA006139520,618,1315,16,61,6,5
ASN00090015,714,1315,16,61,7,2
CA006150689,417,1315,16,61,4,5
CA006153192,915,1315,16,61,9,5
ASN00086071,618,1315,16,61,6,2
ASN00090015,929,1315,16,61,9,2
ASN00090015,1022,1315,16,61,10,2
UK000047811,705,1315,16,61,7,13
ASN00090015,706,1315,16,61,7,2
CA006106362,913,1315,16,61,9,5
CA006148100,913,1315,16,61,9,5
EIE00101859,913,1315,16,61,9,7
UK000047811,909,1315,16,61,9,13
UK000047811,913,1315,16,61,9,13
CA006158350,420,1315,16,61,4,5
UK000047811,1019,1315,16,61,10,13
CA006153192,523,1315,16,61,5,5
CA006148100,1013,1315,16,61,10,5
UK000056225,914,1315,16,61,9,13
UK000047811,905,1315,16,61,9,13
BE000006447,1021,1315,16,61,10,4
ASN00090015,905,1315,16,61,9,2
CA006153192,1003,1315,16,61,10,5
CA006110549,825,1315,16,61,8,5
UK000047811,902,1315,16,61,9,13
CA006166416,823,1315,16,61,8,5
ASN00090015,514,1315,16,61,5,2
ASN00090015,823,1315,16,61,8,2
CA006158350,1011,1315,16,61,10,5
CA006137735,1107,1315,16,61,11,5
CA006153192,505,1315,16,61,5,5
CA006166416,1011,1315,16,61,10,5
EIE00101859,1016,1315,16,61,10,7
ASN00066062,601,1315,16,61,6,2
CA006110549,823,1315,16,61,8,5
ASN00090015,822,1315,16,61,8,2
USC00288878,514,1315,16,61,5,14
ASN00090015,731,1315,16,61,7,2
CA006166416,822,1315,16,61,8,5
ASN00086071,603,1315,16,61,6,2
UK000056225,1001,1315,16,61,10,13
ASN00086071,623,1315,16,61,6,2
EZE00100082,811,1315,16,61,8,8
BE000006447,415,1315,16,61,4,4
ASN00066062,912,1315,16,61,9,2
ITE00100554,408,1315,16,61,4,11
ITE00100550,1115,1315,16,61,11,11
AU000005901,814,1315,16,61,8,3
ASN00066062,913,1315,16,61,9,2
AU000005901,1010,1315,16,61,10,3
ITE00100550,425,1315,16,61,4,11
ASN00086071,406,1315,16,61,4,2
ITE00100550,515,1315,16,61,5,11
AU000005901,406,1315,16,61,4,3
GM000004204,501,1315,16,61,5,9
ASN00086071,622,1315,16,61,6,2
ITE00100550,521,1315,16,61,5,11
EZE00100082,501,1315,16,61,5,8
EZE00100082,1006,1315,16,61,10,8
ITE00100550,1114,1315,16,61,11,11
GM000004204,525,1315,16,61,5,9
GME00125218,506,1315,16,61,5,10
GME00125218,525,1315,16,62,5,10
ASN00066062,702,1315,16,62,7,2
EZE00100082,530,1315,16,62,5,8
BE000006447,1020,1315,16,62,10,4
BE000006447,1007,1315,16,62,10,4
BE000006447,1019,1315,16,62,10,4
BE000006447,424,1315,16,62,4,4
EZE00100082,703,1315,16,62,7,8
UK000056225,615,1315,16,62,6,13
UK000056225,421,1315,16,62,4,13
UK000056225,420,1315,16,62,4,13
UK000056225,910,1315,16,62,9,13
ASN00090015,1117,1315,16,62,11,2
ASN00066062,911,1315,16,62,9,2
UK000056225,604,1315,16,62,6,13
GME00125218,507,1315,16,62,5,10
UK000056225,907,1315,16,62,9,13
EZE00100082,410,1315,16,62,4,8
BE000006447,518,1315,16,62,5,4
UK000056225,913,1315,16,62,9,13
ASN00066062,822,1315,16,62,8,2
ITE00100550,1013,1315,16,62,10,11
AGE00135039,131,1315,16,62,1,1
AGE00135039,212,1315,16,62,2,1
UK000056225,1003,1315,16,62,10,13
EZE00100082,801,1315,16,62,8,8
ITE00100554,1013,1315,16,62,10,11
ASN00066062,707,1315,16,62,7,2
GME00125218,820,1315,16,62,8,10
ASN00066062,810,1315,16,62,8,2
AGE00135039,205,1315,16,62,2,1
ASN00066062,612,1315,16,62,6,2
GME00125218,1006,1315,16,62,10,10
AGE00135039,329,1315,16,62,3,1
BE000006447,523,1315,16,62,5,4
AGE00135039,1122,1315,16,62,11,1
AU000005901,503,1315,16,62,5,3
AGE00135039,403,1315,16,62,4,1
EZE00100082,511,1315,16,62,5,8
GM000004204,511,1315,16,62,5,9
ASN00066062,929,1315,16,62,9,2
AGE00135039,1124,1315,16,62,11,1
AGE00135039,322,1315,16,62,3,1
AGE00135039,320,1315,16,62,3,1
AGE00135039,216,1315,16,62,2,1
ITE00100550,404,1315,16,62,4,11
ASN00086071,1112,1315,16,62,11,2
UK000056225,520,1315,16,62,5,13
GM000004204,507,1315,16,62,5,9
BE000006447,418,1315,17,62,4,4
GM000004204,1008,1315,17,62,10,9
ASN00066062,924,1315,17,62,9,2
BE000006447,924,1315,17,62,9,4
UK000056225,917,1315,17,62,9,13
GME00125218,812,1315,17,62,8,10
UK000056225,723,1315,17,62,7,13
UK000056225,521,1315,17,62,5,13
EZE00100082,708,1315,17,62,7,8
UK000056225,1017,1315,17,62,10,13
UK000056225,528,1315,17,62,5,13
ITE00100554,1017,1315,17,62,10,11
ITE00100554,523,1315,17,62,5,11
AU000005901,416,1315,17,62,4,3
GME00125218,915,1315,17,62,9,10
UK000056225,611,1315,17,62,6,13
UK000047811,523,1315,17,62,5,13
CA006148100,524,1315,17,62,5,5
CA006137735,525,1315,17,62,5,5
UK000047811,613,1315,17,62,6,13
UK000056225,805,1315,17,62,8,13
ASN00090015,614,1315,17,62,6,2
UK000047811,611,1315,17,62,6,13
ASN00090015,403,1315,17,62,4,2
ASN00086071,520,1315,17,62,5,2
UK000047811,425,1315,17,62,4,13
UK000047811,521,1315,17,62,5,13
CA006148100,525,1315,17,62,5,5
UK000047811,614,1315,17,62,6,13
ASN00066062,808,1315,17,62,8,2
UK000047811,703,1315,17,62,7,13
ASN00090015,1121,1315,17,62,11,2
BE000006447,914,1315,17,62,9,4
ASN00090015,619,1315,17,62,6,2
UK000047811,912,1315,17,62,9,13
EIE00101859,501,1315,17,62,5,7
UK000047811,1018,1315,17,62,10,13
CA006110549,619,1315,17,62,6,5
EIE00101859,508,1315,17,62,5,7
CA006166416,908,1315,17,62,9,5
ASN00090015,128,1315,17,62,1,2
UK000056225,1019,1315,17,62,10,13
CA006137735,509,1315,17,62,5,5
CA006106362,612,1315,17,62,6,5
CA006150689,1020,1315,17,62,10,5
UK000047811,906,1315,17,62,9,13
CA006148100,509,1315,17,62,5,5
CA006166416,419,1315,17,62,4,5
CA006137735,1006,1315,17,62,10,5
ASN00090015,906,1315,17,62,9,2
ASN00090015,620,1315,17,62,6,2
CA006158350,1022,1315,17,62,10,5
UK000047811,907,1315,17,62,9,13
ASN00090015,915,1315,17,62,9,2
UK000047811,618,1315,17,62,6,13
CA006148100,507,1315,17,62,5,5
USC00288878,1013,1315,17,62,10,14
CA006106362,926,1315,17,62,9,5
ASN00090015,1014,1315,17,62,10,2
CA006150689,925,1315,17,62,9,5
CA006137735,628,1315,17,62,6,5
USC00288878,1130,1315,17,62,11,14
CA006166416,924,1315,17,62,9,5
CA006148100,924,1315,17,62,9,5
CA006106362,927,1315,17,62,9,5
EIE00101859,504,1315,17,62,5,7
EIE00101859,422,1315,17,62,4,7
ASN00090015,616,1315,17,62,6,2
ASN00090015,427,1315,17,62,4,2
UK000047811,608,1315,17,62,6,13
ASN00090015,920,1315,17,62,9,2
CA006166416,1013,1315,17,62,10,5
UK000047811,701,1315,17,62,7,13
CA006150689,1013,1315,17,62,10,5
ASN00090015,702,1315,17,62,7,2
CA006148100,618,1315,17,62,6,5
UK000047811,506,1315,17,62,5,13
CA006137735,427,1315,17,62,4,5
CA006166416,917,1315,17,62,9,5
EIE00101859,510,1315,17,62,5,7
UK000056225,418,1315,17,62,4,13
UK000047811,1020,1315,17,62,10,13
ASN00086071,1006,1315,17,62,10,2
CA006150689,823,1315,17,62,8,5
UK000056225,427,1315,17,62,4,13
CA006137735,823,1315,17,62,8,5
CA006153192,1009,1315,17,62,10,5
EIE00101859,429,1315,17,62,4,7
ASN00066062,823,1315,17,62,8,2
CA006106362,822,1315,17,62,8,5
EIE00101859,1001,1315,17,62,10,7
UK000047811,515,1315,17,62,5,13
UK000047811,424,1315,17,62,4,13
CA006110549,531,1315,17,62,5,5
ASN00090015,516,1315,17,62,5,2
ASN00090015,621,1315,17,62,6,2
USC00288878,1111,1315,17,62,11,14
CA006106362,517,1315,17,62,5,5
EIE00101859,424,1315,17,62,4,7
UK000047811,813,1315,17,62,8,13
ASN00066062,813,1315,17,62,8,2
CA006106362,413,1315,17,62,4,5
ASN00086071,527,1315,17,62,5,2
USC00288878,412,1315,17,62,4,14
CA006158350,823,1315,17,62,8,5
CA006137735,824,1315,17,62,8,5
CA006139520,823,1315,17,62,8,5
CA006137735,825,1315,17,62,8,5
UK000047811,1003,1315,17,62,10,13
ASN00086071,1127,1315,17,62,11,2
ASN00090015,604,1315,17,62,6,2
ASN00086071,604,1315,17,62,6,2
CA006166416,825,1315,17,62,8,5
CA006150689,825,1315,17,62,8,5
ASN00090015,830,1315,17,62,8,2
ASN00090015,825,1315,17,62,8,2
CA006153192,604,1315,17,62,6,5
UK000047811,612,1315,17,62,6,13
UK000047811,831,1315,17,62,8,13
CA006158350,418,1315,17,62,4,5
ASN00090015,602,1315,17,62,6,2
CA006106362,1012,1315,17,62,10,5
GM000004204,813,1315,17,62,8,9
ASN00066062,814,1315,17,62,8,2
BE000006447,1022,1315,17,62,10,4
ASN00086071,427,1315,17,62,4,2
BE000006447,526,1315,17,62,5,4
EZE00100082,505,1315,17,62,5,8
ITE00100550,409,1315,17,62,4,11
ITE00100550,1107,1315,17,62,11,11
EZE00100082,726,1315,17,62,7,8
SZ000006717,716,1315,17,62,7,12
BE000006447,1004,1315,17,62,10,4
AU000005901,912,1315,17,62,9,3
GME00125218,912,1315,17,62,9,10
GME00125218,416,1315,17,62,4,10
GME00125218,913,1315,17,62,9,10
ASN00066062,704,1315,17,62,7,2
GM000004204,801,1315,17,62,8,9
BE000006447,407,1315,17,62,4,4
AU000005901,811,1315,17,62,8,3
ITE00100550,410,1315,17,62,4,11
ASN00086071,522,1315,17,62,5,2
ASN00066062,812,1315,17,62,8,2
BE000006447,412,1315,17,62,4,4
ASN00066062,603,1315,17,62,6,2
BE000006447,811,1315,17,62,8,4
GME00125218,616,1315,17,62,6,10
EZE00100082,425,1315,17,62,4,8
ASN00066062,521,1315,17,62,5,2
EZE00100082,512,1315,17,62,5,8
ASN00066062,518,1315,17,62,5,2
AGE00135039,410,1315,17,63,4,1
AGE00135039,1120,1315,17,63,11,1
EZE00100082,812,1315,17,63,8,8
AGE00135039,1101,1315,17,63,11,1
GME00125218,601,1315,17,63,6,10
AGE00135039,202,1315,17,63,2,1
AGE00135039,315,1315,17,63,3,1
UK000056225,912,1315,17,63,9,13
AGE00135039,328,1315,17,63,3,1
AGE00135039,325,1315,17,63,3,1
AU000005901,1008,1315,17,63,10,3
GME00125218,417,1315,17,63,4,10
BE000006447,525,1315,17,63,5,4
AGE00135039,1121,1315,17,63,11,1
GME00125218,727,1315,17,63,7,10
AGE00135039,1125,1315,17,63,11,1
AGE00135039,1031,1315,17,63,10,1
AGE00135039,1123,1315,17,63,11,1
AU000005901,413,1315,17,63,4,3
BE000006447,519,1315,17,63,5,4
AGE00135039,1028,1315,17,63,10,1
AGE00135039,220,1315,17,63,2,1
BE000006447,527,1315,17,63,5,4
AGE00135039,213,1315,17,63,2,1
GME00125218,909,1315,17,63,9,10
AGE00135039,330,1315,17,63,3,1
AGE00135039,407,1315,17,63,4,1
EZE00100082,1010,1315,17,63,10,8
AGE00135039,215,1315,17,63,2,1
AGE00135039,1030,1315,17,63,10,1
GME00125218,508,1315,17,63,5,10
ASN00086071,425,1315,17,63,4,2
GME00125218,918,1315,17,63,9,10
EZE00100082,507,1315,17,63,5,8
BE000006447,408,1315,17,63,4,4
ASN00066062,923,1315,17,63,9,2
UK000056225,926,1315,17,63,9,13
ASN00086071,903,1315,17,63,9,2
AU000005901,525,1315,17,63,5,3
ITE00100550,516,1315,17,63,5,11
ASN00066062,623,1315,17,63,6,2
BE000006447,508,1315,17,63,5,4
UK000056225,730,1315,17,63,7,13
GM000004204,916,1315,17,63,9,9
GM000004204,416,1315,17,63,4,9
ASN00086071,924,1315,17,63,9,2
GM000004204,904,1315,17,63,9,9
BE000006447,920,1315,17,63,9,4
ITE00100550,1105,1315,17,63,11,11
CA006137735,411,1315,17,63,4,5
ASN00086071,703,1315,17,63,7,2
UK000047811,803,1315,17,63,8,13
ASN00090015,605,1315,17,63,6,2
CA006150689,1012,1315,17,63,10,5
CA006110549,618,1315,17,63,6,5
CA006106362,815,1315,17,63,8,5
ASN00090015,804,1315,17,63,8,2
CA006139520,918,1315,17,63,9,5
CA006153192,605,1315,17,63,6,5
CA006166416,907,1315,17,63,9,5
CA006110549,1012,1315,17,63,10,5
CA006166416,524,1315,17,63,5,5
UK000047811,830,1315,17,63,8,13
CA006153192,612,1315,17,63,6,5
CA006106362,1017,1315,17,63,10,5
CA006150689,908,1315,17,63,9,5
ASN00090015,402,1315,17,63,4,2
UK000047811,810,1315,17,63,8,13
CA006158350,907,1315,17,63,9,5
UK000047811,619,1315,17,63,6,13
ASN00086071,1103,1315,17,63,11,2
CA006110549,509,1315,17,63,5,5
UK000047811,526,1315,17,63,5,13
UK000047811,809,1315,17,63,8,13
ASN00090015,1013,1315,17,63,10,2
EIE00101859,906,1315,17,63,9,7
CA006148100,526,1315,17,63,5,5
CA006150689,911,1315,17,63,9,5
UK000047811,808,1315,17,63,8,13
EZE00100082,709,1315,17,63,7,8
ASN00086071,905,1315,17,63,9,2
CA006110549,913,1315,17,63,9,5
CA006166416,1022,1315,17,63,10,5
UK000047811,606,1315,17,63,6,13
CA006150689,525,1315,17,63,5,5
CA006137735,524,1315,17,63,5,5
CA006150689,510,1315,17,63,5,5
CA006150689,914,1315,17,63,9,5
CA006106362,222,1315,17,63,2,5
ASN00090015,704,1315,17,63,7,2
USC00288878,524,1315,17,63,5,14
ASN00090015,126,1315,17,63,1,2
CA006166416,1012,1315,17,63,10,5
UK000047811,605,1315,17,63,6,13
ASN00086071,428,1315,17,63,4,2
CA006137735,301,1315,17,63,3,5
UK000047811,804,1315,17,63,8,13
USC00288878,1009,1315,17,63,10,14
USC00288878,923,1315,17,63,9,14
USC00288878,1015,1315,17,63,10,14
UK000047811,601,1315,17,63,6,13
ASN00086071,1026,1315,17,63,10,2
CA006153192,504,1315,17,63,5,5
ASN00090015,1026,1315,17,63,10,2
BE000006447,817,1315,17,63,8,4
CA006158350,824,1315,17,63,8,5
UK000047811,731,1315,17,63,7,13
ASN00090015,801,1315,17,63,8,2
CA006106362,825,1315,17,63,8,5
UK000047811,602,1315,17,63,6,13
USC00288878,1007,1315,17,63,10,14
CA006153192,530,1315,17,63,5,5
USC00288878,1030,1315,17,63,10,14
USC00288878,817,1315,17,63,8,14
CA006153192,1108,1315,17,63,11,5
UK000047811,801,1315,17,63,8,13
EIE00101859,505,1315,17,63,5,7
EIE00101859,430,1315,17,63,4,7
CA006150689,924,1315,17,63,9,5
ASN00090015,603,1315,17,63,6,2
EIE00101859,930,1315,17,63,9,7
CA006150689,822,1315,17,63,8,5
CA006158350,822,1315,17,63,8,5
EIE00101859,423,1315,17,63,4,7
CA006137735,515,1315,17,63,5,5
CA006158350,628,1315,17,63,6,5
ASN00090015,821,1315,17,63,8,2
CA006153192,1011,1315,17,63,10,5
CA006139520,925,1315,17,63,9,5
CA006137735,926,1315,17,63,9,5
ASN00086071,701,1315,17,63,7,2
ASN00090015,1114,1315,17,63,11,2
USC00288878,924,1315,17,63,9,14
CA006150689,423,1315,17,63,4,5
ASN00090015,701,1315,17,63,7,2
ASN00086071,521,1315,17,63,5,2
GME00125218,810,1315,17,63,8,10
GM000004204,618,1315,17,63,6,9
ITE00100554,329,1315,17,63,3,11
BE000006447,916,1315,17,63,9,4
BE000006447,812,1315,17,63,8,4
ASN00086071,823,1315,17,63,8,2
ITE00100550,1104,1315,17,63,11,11
ASN00086071,602,1315,17,63,6,2
AU000005901,412,1315,17,63,4,3
ASN00086071,516,1315,17,63,5,2
ASN00066062,519,1315,17,63,5,2
ASN00066062,706,1315,17,63,7,2
AU000005901,1006,1315,17,63,10,3
ASN00086071,1118,1315,17,63,11,2
GME00125218,723,1315,17,63,7,10
ASN00086071,605,1315,17,63,6,2
ASN00066062,803,1315,17,63,8,2
BE000006447,829,1315,17,63,8,4
ASN00086071,919,1315,17,63,9,2
EZE00100082,720,1315,17,63,7,8
ASN00066062,930,1315,17,63,9,2
ASN00086071,1130,1315,17,63,11,2
ASN00066062,529,1315,17,63,5,2
ASN00086071,1119,1315,17,63,11,2
EZE00100082,814,1315,17,63,8,8
ITE00100554,412,1315,17,63,4,11
UK000056225,815,1315,17,63,8,13
GME00125218,511,1315,17,63,5,10
ASN00066062,703,1315,17,63,7,2
BE000006447,1003,1315,17,63,10,4
BE000006447,918,1315,17,63,9,4
EZE00100082,903,1315,17,63,9,8
ITE00100550,526,1315,18,64,5,11
UK000056225,617,1315,18,64,6,13
GME00125218,410,1315,18,64,4,10
AGE00135039,1128,1315,18,64,11,1
AGE00135039,214,1315,18,64,2,1
GME00125218,813,1315,18,64,8,10
AGE00135039,201,1315,18,64,2,1
ASN00090015,1006,1315,18,64,10,2
ITE00100550,408,1315,18,64,4,11
ITE00100550,1017,1315,18,64,10,11
ITE00100554,411,1315,18,64,4,11
BE000006447,720,1315,18,64,7,4
ITE00100550,416,1315,18,64,4,11
AGE00135039,406,1315,18,64,4,1
ITE00100550,1106,1315,18,64,11,11
ASN00086071,1110,1315,18,64,11,2
ITE00100554,1016,1315,18,64,10,11
AGE00135039,411,1315,18,64,4,1
AGE00135039,1119,1315,18,64,11,1
UK000056225,809,1315,18,64,8,13
AGE00135039,219,1315,18,64,2,1
UK000056225,814,1315,18,64,8,13
GME00125218,904,1315,18,64,9,10
BE000006447,1006,1315,18,64,10,4
GM000004204,812,1315,18,64,8,9
UK000056225,928,1315,18,64,9,13
GM000004204,709,1315,18,64,7,9
ASN00066062,804,1315,18,64,8,2
ASN00066062,829,1315,18,64,8,2
GME00125218,916,1315,18,64,9,10
GM000004204,726,1315,18,64,7,9
UK000056225,902,1315,18,64,9,13
ASN00066062,805,1315,18,64,8,2
ASN00066062,1013,1315,18,64,10,2
GM000004204,617,1315,18,64,6,9
ITE00100554,501,1315,18,64,5,11
ASN00066062,705,1315,18,64,7,2
UK000056225,927,1315,18,64,9,13
GM000004204,919,1315,18,64,9,9
ASN00086071,822,1315,18,64,8,2
ASN00086071,1111,1315,18,64,11,2
BE000006447,915,1315,18,64,9,4
ASN00066062,1006,1315,18,64,10,2
ASN00066062,830,1315,18,64,8,2
ASN00086071,831,1315,18,64,8,2
ASN00086071,308,1315,18,64,3,2
ASN00086071,1015,1315,18,64,10,2
ASN00086071,514,1315,18,64,5,2
UK000056225,525,1315,18,64,5,13
UK000056225,529,1315,18,64,5,13
BE000006447,903,1315,18,64,9,4
ASN00086071,913,1315,18,64,9,2
ITE00100554,524,1315,18,64,5,11
UK000056225,1020,1315,18,64,10,13
ASN00086071,1126,1315,18,64,11,2
EIE00101859,811,1315,18,64,8,7
ASN00066062,811,1315,18,64,8,2
ITE00100554,430,1315,18,64,4,11
CA006150689,607,1315,18,64,6,5
CA006148100,1020,1315,18,64,10,5
BE000006447,1005,1315,18,64,10,4
CA006153192,1020,1315,18,64,10,5
CA006137735,531,1315,18,64,5,5
UK000047811,829,1315,18,64,8,13
EZE00100082,723,1315,18,64,7,8
ASN00090015,515,1315,18,64,5,2
CA006106362,907,1315,18,64,9,5
CA006148100,601,1315,18,64,6,5
CA006148100,821,1315,18,64,8,5
CA006158350,604,1315,18,64,6,5
ASN00090015,1102,1315,18,64,11,2
UK000047811,811,1315,18,64,8,13
ASN00066062,613,1315,18,64,6,2
EIE00101859,818,1315,18,64,8,7
CA006158350,825,1315,18,64,8,5
CA006166416,510,1315,18,64,5,5
ASN00090015,1101,1315,18,64,11,2
CA006148100,815,1315,18,64,8,5
CA006137735,530,1315,18,64,5,5
CA006139520,606,1315,18,64,6,5
CA006153192,831,1315,18,64,8,5
ASN00066062,606,1315,18,64,6,2
CA006139520,1012,1315,18,64,10,5
CA006137735,517,1315,18,64,5,5
EIE00101859,428,1315,18,64,4,7
CA006158350,929,1315,18,64,9,5
CA006137735,1012,1315,18,64,10,5
CA006148100,510,1315,18,64,5,5
CA006166416,428,1315,18,64,4,5
CA006110549,510,1315,18,64,5,5
USC00288878,1020,1315,18,64,10,14
ASN00066062,620,1315,18,64,6,2
CA006148100,830,1315,18,64,8,5
CA006106362,607,1315,18,64,6,5
CA006106362,1009,1315,18,64,10,5
EIE00101859,905,1315,18,64,9,7
ASN00090015,607,1315,18,64,6,2
UK000047811,517,1315,18,64,5,13
ASN00090015,824,1315,18,64,8,2
ASN00090015,518,1315,18,64,5,2
UK000047811,904,1315,18,64,9,13
EIE00101859,512,1315,18,64,5,7
CA006148100,1009,1315,18,64,10,5
EIE00101859,813,1315,18,64,8,7
UK000047811,827,1315,18,64,8,13
EIE00101859,509,1315,18,64,5,7
ASN00090015,829,1315,18,64,8,2
EIE00101859,515,1315,18,64,5,7
EIE00101859,907,1315,18,64,9,7
USC00288878,404,1315,18,64,4,14
CA006148100,404,1315,18,64,4,5
UK000047811,630,1315,18,64,6,13
ASN00066062,617,1315,18,64,6,2
UK000047811,802,1315,18,64,8,13
CA006158350,617,1315,18,64,6,5
ASN00090015,520,1315,18,64,5,2
CA006153192,1013,1315,18,64,10,5
USC00288878,1016,1315,18,64,10,14
CA006139520,1010,1315,18,64,10,5
CA006158350,917,1315,18,64,9,5
CA006148100,917,1315,18,64,9,5
ASN00090015,805,1315,18,64,8,2
CA006166416,618,1315,18,64,6,5
CA006148100,1017,1315,18,64,10,5
CA006158350,916,1315,18,64,9,5
ASN00090015,806,1315,18,64,8,2
EZE00100082,618,1315,18,64,6,8
ITE00100550,411,1315,18,64,4,11
EIE00101859,507,1315,18,64,5,7
CA006166416,914,1315,18,64,9,5
USC00288878,505,1315,18,64,5,14
UK000047811,704,1315,18,64,7,13
CA006148100,616,1315,18,64,6,5
GME00125218,801,1315,18,64,8,10
GM000004204,425,1315,18,64,4,9
UK000047811,729,1315,18,64,7,13
EIE00101859,425,1315,18,64,4,7
ASN00090015,522,1315,18,64,5,2
ITE00100550,522,1315,18,64,5,11
CA006106362,628,1315,18,64,6,5
UK000047811,728,1315,18,64,7,13
CA006110549,924,1315,18,64,9,5
CA006106362,924,1315,18,64,9,5
ASN00090015,504,1315,18,64,5,2
CA006110549,927,1315,18,64,9,5
CA006148100,927,1315,18,64,9,5
CA006148100,1015,1315,18,64,10,5
CA006150689,927,1315,18,64,9,5
CA006150689,405,1315,18,64,4,5
CA006158350,927,1315,18,64,9,5
CA006158350,422,1315,18,64,4,5
ASN00090015,1123,1315,18,64,11,2
CA006166416,927,1315,18,64,9,5
ASN00090015,609,1315,18,64,6,2
CA006148100,405,1315,18,64,4,5
GM000004204,921,1315,18,64,9,9
CA006150689,913,1315,18,64,9,5
ASN00066062,618,1315,18,64,6,2
UK000047811,707,1315,18,64,7,13
CA006158350,911,1315,18,64,9,5
CA006137735,619,1315,18,64,6,5
CA006148100,412,1315,18,64,4,5
CA006158350,412,1315,18,64,4,5
CA006166416,525,1315,18,64,5,5
CA006106362,508,1315,18,64,5,5
CA006150689,928,1315,18,64,9,5
CA006150689,1010,1315,18,64,10,5
CA006148100,908,1315,18,64,9,5
UK000056225,706,1315,18,64,7,13
CA006137735,508,1315,18,64,5,5
USC00288878,1019,1315,18,64,10,14
CA006148100,1019,1315,18,64,10,5
CA006106362,526,1315,18,64,5,5
USC00288878,1018,1315,18,64,10,14
CA006166416,508,1315,18,64,5,5
BE000006447,706,1315,18,64,7,4
BE000006447,1008,1315,18,64,10,4
GME00125218,818,1315,18,64,8,10
ASN00086071,1202,1315,18,64,12,2
BE000006447,816,1315,18,64,8,4
UK000056225,702,1315,18,64,7,13
BE000006447,416,1315,18,64,4,4
GM000004204,727,1315,18,64,7,9
GM000004204,723,1315,18,64,7,9
BE000006447,411,1315,18,64,4,4
ASN00066062,708,1315,18,64,7,2
ITE00100554,429,1315,18,64,4,11
ITE00100550,421,1315,18,64,4,11
ITE00100554,515,1315,18,64,5,11
ASN00066062,604,1315,18,64,6,2
GME00125218,425,1315,18,64,4,10
BE000006447,520,1315,18,64,5,4
ASN00086071,525,1315,18,64,5,2
GM000004204,417,1315,18,64,4,9
UK000056225,816,1315,18,64,8,13
EZE00100082,702,1315,18,64,7,8
ITE00100554,422,1315,18,64,4,11
AGE00135039,417,1315,18,64,4,1
EZE00100082,904,1315,18,64,9,8
AGE00135039,1113,1315,18,64,11,1
AGE00135039,1026,1315,18,64,10,1
GM000004204,829,1315,18,64,8,9
AGE00135039,1114,1315,18,64,11,1
AGE00135039,1115,1315,18,64,11,1
AGE00135039,1029,1315,18,64,10,1
ASN00066062,927,1315,18,64,9,2
GM000004204,601,1315,18,64,6,9
ITE00100550,1016,1315,18,64,10,11
AGE00135039,316,1315,18,64,3,1
AGE00135039,1116,1315,18,64,11,1
AGE00135039,324,1315,18,64,3,1
AGE00135039,418,1315,18,64,4,1
AGE00135039,507,1315,18,64,5,1
BE000006447,925,1315,18,64,9,4
UK000056225,807,1315,18,64,8,13
AGE00135039,412,1315,18,64,4,1
AGE00135039,508,1315,18,64,5,1
BE000006447,805,1315,18,64,8,4
ITE00100550,501,1315,18,64,5,11
AGE00135039,227,1315,18,64,2,1
AU000005901,903,1315,18,64,9,3
AGE00135039,203,1315,18,64,2,1
EZE00100082,913,1315,18,64,9,8
AGE00135039,1103,1315,18,64,11,1
ASN00086071,615,1315,18,64,6,2
ITE00100554,424,1315,18,64,4,11
AGE00135039,413,1315,18,64,4,1
ASN00066062,406,1315,18,65,4,2
EZE00100082,721,1315,18,65,7,8
BE000006447,807,1315,18,65,8,4
AU000005901,920,1315,18,65,9,3
GM000004204,806,1315,18,65,8,9
BE000006447,419,1315,18,65,4,4
ASN00086071,405,1315,18,65,4,2
ITE00100550,518,1315,18,65,5,11
ASN00090015,831,1315,18,65,8,2
GM000004204,508,1315,18,65,5,9
UK000056225,618,1315,18,65,6,13
UK000056225,929,1315,18,65,9,13
ASN00066062,1014,1315,18,65,10,2
GM000004204,912,1315,18,65,9,9
UK000056225,918,1315,18,65,9,13
ITE00100554,328,1315,18,65,3,11
UK000056225,901,1315,18,65,9,13
AU000005901,425,1315,18,65,4,3
BE000006447,413,1315,18,65,4,4
BE000006447,919,1315,18,65,9,4
UK000056225,925,1315,18,65,9,13
AU000005901,1013,1315,18,65,10,3
EZE00100082,418,1315,18,65,4,8
AU000005901,507,1315,18,65,5,3
ITE00100554,330,1315,18,65,3,11
ASN00066062,709,1315,18,65,7,2
ASN00066062,619,1315,18,65,6,2
ASN00086071,1220,1315,18,65,12,2
ASN00066062,1005,1315,18,65,10,2
UK000056225,516,1315,18,65,5,13
ASN00066062,807,1315,18,65,8,2
ASN00086071,127,1315,18,65,1,2
ASN00066062,806,1315,18,65,8,2
EZE00100082,806,1315,18,65,8,8
CA006158350,619,1315,18,65,6,5
CA006148100,607,1315,18,65,6,5
CA006153192,619,1315,18,65,6,5
EIE00101859,824,1315,18,65,8,7
CA006148100,1022,1315,18,65,10,5
USC00288878,922,1315,18,65,9,14
CA006153192,515,1315,18,65,5,5
CA006166416,1009,1315,18,65,10,5
CA006139520,926,1315,18,65,9,5
ASN00086071,515,1315,18,65,5,2
CA006137735,822,1315,18,65,8,5
ASN00090015,615,1315,18,65,6,2
CA006153192,907,1315,18,65,9,5
USC00288878,313,1315,18,65,3,14
EIE00101859,514,1315,18,65,5,7
ASN00090015,1124,1315,18,65,11,2
CA006106362,514,1315,18,65,5,5
CA006148100,910,1315,18,65,9,5
CA006110549,908,1315,18,65,9,5
ASN00090015,1129,1315,18,65,11,2
ASN00086071,1201,1315,18,65,12,2
CA006139520,824,1315,18,65,8,5
CA006150689,601,1315,18,65,6,5
ASN00090015,1001,1315,18,65,10,2
ASN00090015,506,1315,18,65,5,2
ASN00090015,922,1315,18,65,9,2
USC00288878,929,1315,18,65,9,14
CA006110549,1017,1315,18,65,10,5
CA006110549,605,1315,18,65,6,5
UK000056225,1018,1315,18,65,10,13
CA006150689,917,1315,18,65,9,5
CA006158350,605,1315,18,65,6,5
ASN00090015,1007,1315,18,65,10,2
CA006110549,508,1315,18,65,5,5
USC00288878,916,1315,18,65,9,14
CA006150689,1017,1315,18,65,10,5
EIE00101859,901,1315,18,65,9,7
UK000056225,506,1315,18,65,5,13
USC00288878,1023,1315,18,65,10,14
ASN00066062,902,1315,18,65,9,2
GME00125218,618,1315,18,65,6,10
CA006110549,1009,1315,18,65,10,5
ASN00090015,606,1315,18,65,6,2
ASN00086071,1009,1315,18,65,10,2
CA006153192,510,1315,18,65,5,5
CA006110549,914,1315,18,65,9,5
ASN00090015,419,1315,18,65,4,2
ASN00090015,1018,1315,18,65,10,2
CA006158350,1018,1315,18,65,10,5
CA006148100,1018,1315,18,65,10,5
ASN00090015,1118,1315,18,65,11,2
CA006158350,602,1315,18,65,6,5
CA006158350,830,1315,18,65,8,5
ASN00086071,830,1315,18,65,8,2
CA006150689,1009,1315,18,65,10,5
CA006158350,629,1315,18,65,6,5
CA006110549,417,1315,18,65,4,5
CA006150689,910,1315,18,65,9,5
CA006148100,417,1315,18,65,4,5
ASN00066062,1027,1315,18,65,10,2
ASN00090015,305,1315,18,65,3,2
ASN00066062,616,1315,18,65,6,2
EIE00101859,426,1315,18,65,4,7
CA006158350,603,1315,18,65,6,5
CA006150689,612,1315,18,65,6,5
EIE00101859,506,1315,18,65,5,7
EIE00101859,827,1315,18,65,8,7
EIE00101859,616,1315,18,65,6,7
ASN00086071,118,1315,18,65,1,2
CA006150689,508,1315,18,65,5,5
CA006110549,911,1315,18,65,9,5
EIE00101859,828,1315,18,65,8,7
CA006148100,911,1315,18,65,9,5
GME00125218,919,1315,18,65,9,10
ASN00066062,119,1315,18,65,1,2
CA006148100,421,1315,18,65,4,5
ASN00086071,930,1315,18,65,9,2
ASN00086071,119,1315,18,65,1,2
ASN00090015,304,1315,18,65,3,2
ASN00090015,407,1315,18,65,4,2
CA006110549,604,1315,18,65,6,5
ASN00090015,330,1315,18,65,3,2
EIE00101859,807,1315,18,65,8,7
UK000047811,818,1315,18,65,8,13
ASN00086071,402,1315,18,65,4,2
UK000047811,805,1315,18,65,8,13
EIE00101859,516,1315,18,65,5,7
ASN00086071,805,1315,18,65,8,2
CA006110549,1109,1315,18,65,11,5
ASN00086071,403,1315,18,65,4,2
UK000056225,803,1315,18,65,8,13
ASN00090015,404,1315,18,65,4,2
ASN00090015,524,1315,18,65,5,2
ASN00086071,524,1315,18,65,5,2
CA006110549,1011,1315,18,65,10,5
CA006137735,1011,1315,18,65,10,5
CA006110549,404,1315,18,65,4,5
CA006110549,808,1315,18,65,8,5
CA006150689,412,1315,18,65,4,5
CA006166416,412,1315,18,65,4,5
ASN00066062,809,1315,18,65,8,2
ASN00066062,1011,1315,18,65,10,2
ASN00090015,414,1315,18,65,4,2
CA006110549,529,1315,18,65,5,5
ASN00090015,426,1315,18,65,4,2
UK000047811,814,1315,18,65,8,13
USC00288878,429,1315,18,65,4,14
ASN00086071,327,1315,18,65,3,2
ASN00090015,1130,1315,18,65,11,2
CA006158350,813,1315,18,65,8,5
ASN00090015,1110,1315,18,65,11,2
BE000006447,818,1315,18,65,8,4
BE000006447,810,1315,18,65,8,4
CA006110549,517,1315,18,65,5,5
ASN00086071,1209,1315,18,65,12,2
EIE00101859,809,1315,18,65,8,7
ASN00090015,415,1315,18,65,4,2
AU000005901,812,1315,18,65,8,3
UK000047811,520,1315,18,65,5,13
CA006158350,816,1315,18,65,8,5
ASN00090015,523,1315,18,65,5,2
ASN00090015,1107,1315,18,65,11,2
BE000006447,730,1315,18,65,7,4
CA006166416,405,1315,18,65,4,5
UK000047811,730,1315,18,65,7,13
GM000004204,409,1315,18,65,4,9
ASN00090015,521,1315,18,65,5,2
EZE00100082,730,1315,18,65,7,8
ASN00090015,802,1315,18,65,8,2
ASN00066062,918,1315,18,65,9,2
AU000005901,411,1315,18,65,4,3
ASN00066062,515,1315,18,65,5,2
ITE00100550,402,1315,18,65,4,11
BE000006447,814,1315,18,65,8,4
ASN00066062,1007,1315,18,65,10,2
ASN00066062,1012,1315,18,65,10,2
UK000056225,804,1315,18,65,8,13
BE000006447,804,1315,18,65,8,4
ITE00100554,1011,1315,18,65,10,11
BE000006447,921,1315,18,65,9,4
GME00125218,815,1315,18,65,8,10
AGE00135039,1102,1315,18,65,11,1
ASN00086071,319,1315,18,65,3,2
GM000004204,708,1315,18,65,7,9
EZE00100082,510,1315,18,65,5,8
GME00125218,829,1315,18,65,8,10
EZE00100082,502,1315,18,65,5,8
EZE00100082,508,1315,18,65,5,8
AGE00135039,1130,1315,18,65,11,1
AGE00135039,523,1315,18,65,5,1
ASN00086071,926,1315,18,65,9,2
AGE00135039,426,1315,18,65,4,1
GME00125218,814,1315,18,65,8,10
AGE00135039,1127,1315,18,65,11,1
AGE00135039,327,1315,18,65,3,1
ITE00100550,517,1315,18,65,5,11
BE000006447,618,1315,18,65,6,4
AGE00135039,1112,1315,18,65,11,1
GM000004204,702,1315,18,65,7,9
GM000004204,724,1315,19,65,7,9
BE000006447,910,1315,19,65,9,4
ASN00086071,416,1315,19,65,4,2
ASN00066062,1015,1315,19,65,10,2
AU000005901,813,1315,19,65,8,3
UK000056225,829,1315,19,65,8,13
GM000004204,913,1315,19,65,9,9
UK000056225,827,1315,19,65,8,13
ITE00100554,425,1315,19,65,4,11
UK000056225,909,1315,19,66,9,13
ASN00086071,1120,1315,19,66,11,2
UK000056225,808,1315,19,66,8,13
ASN00066062,614,1315,19,66,6,2
EZE00100082,920,1315,19,66,9,8
UK000056225,530,1315,19,66,5,13
ASN00066062,516,1315,19,66,5,2
EZE00100082,426,1315,19,66,4,8
EZE00100082,921,1315,19,66,9,8
ASN00086071,314,1315,19,66,3,2
ASN00066062,827,1315,19,66,8,2
ITE00100554,1010,1315,19,66,10,11
BE000006447,731,1315,19,66,7,4
BE000006447,813,1315,19,66,8,4
ASN00066062,901,1315,19,66,9,2
UK000056225,605,1315,19,66,6,13
ASN00066062,605,1315,19,66,6,2
EZE00100082,813,1315,19,66,8,8
GME00125218,925,1315,19,66,9,10
ASN00066062,528,1315,19,66,5,2
ASN00066062,1001,1315,19,66,10,2
UK000056225,906,1315,19,66,9,13
GME00125218,926,1315,19,66,9,10
GME00125218,720,1315,19,66,7,10
EZE00100082,414,1315,19,66,4,8
BE000006447,815,1315,19,66,8,4
GM000004204,616,1315,19,66,6,9
ASN00066062,1114,1315,19,66,11,2
ITE00100550,1008,1315,19,66,10,11
BE000006447,912,1315,19,66,9,4
AU000005901,805,1315,19,66,8,3
AU000005901,427,1315,19,66,4,3
ASN00066062,824,1315,19,66,8,2
ASN00086071,523,1315,19,66,5,2
BE000006447,806,1315,19,66,8,4
ASN00086071,505,1315,19,66,5,2
ITE00100554,1009,1315,19,66,10,11
BE000006447,704,1315,19,66,7,4
GME00125218,921,1315,19,66,9,10
AU000005901,511,1315,19,66,5,3
EIE00101859,814,1315,19,66,8,7
EIE00101859,902,1315,19,66,9,7
ASN00090015,109,1315,19,66,1,2
CA006153192,518,1315,19,66,5,5
USC00288878,506,1315,19,66,5,14
GME00125218,917,1315,19,66,9,10
ASN00066062,903,1315,19,66,9,2
CA006137735,917,1315,19,66,9,5
CA006150689,518,1315,19,66,5,5
CA006150689,804,1315,19,66,8,5
CA006158350,1007,1315,19,66,10,5
ASN00090015,425,1315,19,66,4,2
CA006106362,428,1315,19,66,4,5
ASN00090015,118,1315,19,66,1,2
ASN00066062,921,1315,19,66,9,2
ASN00090015,405,1315,19,66,4,2
ASN00090015,617,1315,19,66,6,2
UK000047811,726,1315,19,66,7,13
EIE00101859,617,1315,19,66,6,7
CA006150689,1003,1315,19,66,10,5
CA006166416,815,1315,19,66,8,5
CA006158350,831,1315,19,66,8,5
EIE00101859,803,1315,19,66,8,7
ASN00090015,1205,1315,19,66,12,2
ASN00090015,618,1315,19,66,6,2
CA006137735,618,1315,19,66,6,5
ASN00090015,1125,1315,19,66,11,2
ASN00066062,522,1315,19,66,5,2
CA006158350,611,1315,19,66,6,5
CA006153192,411,1315,19,66,4,5
CA006153192,618,1315,19,66,6,5
ASN00090015,1004,1315,19,66,10,2
EIE00101859,707,1315,19,66,7,7
EZE00100082,607,1315,19,66,6,8
ASN00066062,909,1315,19,66,9,2
CA006139520,924,1315,19,66,9,5
CA006166416,619,1315,19,66,6,5
BE000006447,705,1315,19,66,7,4
CA006137735,924,1315,19,66,9,5
ASN00090015,924,1315,19,66,9,2
CA006137735,913,1315,19,66,9,5
CA006150689,526,1315,19,66,5,5
CA006158350,928,1315,19,66,9,5
ASN00090015,202,1315,19,66,2,2
EIE00101859,427,1315,19,66,4,7
CA006148100,809,1315,19,66,8,5
CA006158350,913,1315,19,66,9,5
CA006148100,606,1315,19,66,6,5
EIE00101859,829,1315,19,66,8,7
CA006139520,907,1315,19,66,9,5
CA006153192,508,1315,19,66,5,5
CA006166416,813,1315,19,66,8,5
BE000006447,703,1315,19,66,7,4
EIE00101859,904,1315,19,66,9,7
CA006166416,612,1315,19,66,6,5
CA006148100,905,1315,19,66,9,5
ASN00086071,328,1315,19,66,3,2
ASN00090015,408,1315,19,66,4,2
USC00288878,1129,1315,19,66,11,14
USC00288878,927,1315,19,66,9,14
CA006148100,629,1315,19,66,6,5
CA006137735,925,1315,19,66,9,5
USC00288878,507,1315,19,66,5,14
UK000047811,724,1315,19,66,7,13
UK000056225,728,1315,19,66,7,13
EIE00101859,810,1315,19,66,8,7
CA006150689,619,1315,19,66,6,5
EIE00101859,812,1315,19,66,8,7
USC00288878,530,1315,19,66,5,14
ASN00090015,429,1315,19,66,4,2
EIE00101859,817,1315,19,66,8,7
EIE00101859,517,1315,19,66,5,7
EIE00101859,819,1315,19,66,8,7
ASN00066062,1218,1315,19,66,12,2
ASN00090015,319,1315,19,66,3,2
USC00288878,823,1315,19,66,8,14
CA006139520,822,1315,19,66,8,5
EIE00101859,603,1315,19,66,6,7
CA006148100,820,1315,19,66,8,5
USC00288878,415,1315,19,66,4,14
EIE00101859,822,1315,19,66,8,7
CA006150689,428,1315,19,66,4,5
EIE00101859,513,1315,19,66,5,7
USC00288878,603,1315,19,66,6,14
ASN00090015,308,1315,19,66,3,2
CA006137735,514,1315,19,66,5,5
ASN00090015,826,1315,19,66,8,2
UK000056225,424,1315,19,66,4,13
CA006153192,531,1315,19,66,5,5
USC00288878,315,1315,19,66,3,14
ASN00086071,1206,1315,19,66,12,2
ASN00090015,1115,1315,19,66,11,2
CA006153192,823,1315,19,66,8,5
ASN00090015,315,1315,19,66,3,2
EIE00101859,825,1315,19,66,8,7
AU000005901,806,1315,19,66,8,3
AGE00135039,1111,1315,19,66,11,1
ITE00100554,516,1315,19,66,5,11
AGE00135039,1126,1315,19,66,11,1
GM000004204,815,1315,19,66,8,9
ITE00100554,1015,1315,19,66,10,11
GM000004204,605,1315,19,66,6,9
GM000004204,917,1315,19,66,9,9
BE000006447,802,1315,19,66,8,4
AGE00135039,1117,1315,19,66,11,1
AGE00135039,416,1315,19,66,4,1
AGE00135039,506,1315,19,66,5,1
GM000004204,805,1315,19,66,8,9
AGE00135039,326,1315,19,66,3,1
AGE00135039,228,1315,19,66,2,1
AGE00135039,427,1315,19,66,4,1
ITE00100550,1010,1315,19,66,10,11
AGE00135039,522,1315,19,66,5,1
ITE00100550,502,1315,19,66,5,11
AGE00135039,509,1315,19,66,5,1
AGE00135039,331,1315,19,66,3,1
EZE00100082,818,1315,19,66,8,8
ITE00100550,430,1315,19,66,4,11
AGE00135039,301,1315,19,66,3,1
AGE00135039,510,1315,19,66,5,1
BE000006447,830,1315,19,66,8,4
AGE00135039,1118,1315,19,66,11,1
GME00125218,817,1315,19,66,8,10
AGE00135039,419,1315,19,66,4,1
GM000004204,721,1315,19,66,7,9
BE000006447,913,1315,19,66,9,4
UK000056225,806,1315,19,66,8,13
GM000004204,817,1315,19,66,8,9
ASN00086071,201,1315,19,66,2,2
ASN00086071,906,1315,19,66,9,2
ASN00086071,329,1315,19,66,3,2
UK000056225,707,1315,19,66,7,13
BE000006447,908,1315,19,66,9,4
GME00125218,805,1315,19,66,8,10
ASN00066062,426,1315,19,66,4,2
EZE00100082,528,1315,19,66,5,8
BE000006447,702,1315,19,66,7,4
GM000004204,703,1315,19,66,7,9
UK000056225,704,1315,19,66,7,13
UK000056225,820,1315,19,66,8,13
EZE00100082,725,1315,19,66,7,8
UK000056225,729,1315,19,66,7,13
GM000004204,720,1315,19,66,7,9
UK000056225,630,1315,19,66,6,13
BE000006447,701,1315,19,67,7,4
ITE00100554,522,1315,19,67,5,11
ITE00100554,1012,1315,19,67,10,11
UK000056225,612,1315,19,67,6,13
ITE00100554,1014,1315,19,67,10,11
UK000056225,908,1315,19,67,9,13
UK000056225,703,1315,19,67,7,13
UK000056225,519,1315,19,67,5,13
ASN00066062,925,1315,19,67,9,2
ASN00066062,825,1315,19,67,8,2
UK000056225,905,1315,19,67,9,13
UK000056225,522,1315,19,67,5,13
ASN00086071,526,1315,19,67,5,2
BE000006447,809,1315,19,67,8,4
UK000056225,904,1315,19,67,9,13
GM000004204,818,1315,19,67,8,9
GM000004204,614,1315,19,67,6,9
BE000006447,808,1315,19,67,8,4
UK000056225,531,1315,19,67,5,13
AU000005901,414,1315,19,67,4,3
GM000004204,728,1315,19,67,7,9
ASN00066062,523,1315,19,67,5,2
ASN00066062,1204,1315,19,67,12,2
ASN00066062,1115,1315,19,67,11,2
BE000006447,926,1315,19,67,9,4
ITE00100554,926,1315,19,67,9,11
BE000006447,425,1315,19,67,4,4
ASN00066062,1113,1315,19,67,11,2
ASN00066062,1124,1315,19,67,11,2
UK000047811,609,1315,19,67,6,13
CA006153192,423,1315,19,67,4,5
ASN00086071,1217,1315,19,67,12,2
ASN00090015,925,1315,19,67,9,2
UK000056225,1002,1315,19,67,10,13
ASN00090015,1217,1315,19,67,12,2
CA006137735,1013,1315,19,67,10,5
ASN00090015,322,1315,19,67,3,2
UK000047811,621,1315,19,67,6,13
CA006148100,912,1315,19,67,9,5
CA006158350,519,1315,19,67,5,5
CA006110549,628,1315,19,67,6,5
CA006110549,1013,1315,19,67,10,5
EIE00101859,808,1315,19,67,8,7
ASN00090015,1220,1315,19,67,12,2
ASN00090015,527,1315,19,67,5,2
USC00288878,508,1315,19,67,5,14
ASN00090015,622,1315,19,67,6,2
USC00288878,925,1315,19,67,9,14
EIE00101859,826,1315,19,67,8,7
CA006166416,526,1315,19,67,5,5
EZE00100082,809,1315,19,67,8,8
CA006158350,1019,1315,19,67,10,5
EIE00101859,602,1315,19,67,6,7
CA006158350,910,1315,19,67,9,5
CA006148100,928,1315,19,67,9,5
CA006150689,1011,1315,19,67,10,5
ASN00090015,1020,1315,19,67,10,2
CA006137735,417,1315,19,67,4,5
EIE00101859,708,1315,19,67,7,7
GM000004204,426,1315,19,67,4,9
CA006150689,1018,1315,19,67,10,5
CA006166416,628,1315,19,67,6,5
EIE00101859,609,1315,19,67,6,7
CA006158350,820,1315,19,67,8,5
CA006153192,824,1315,19,67,8,5
ASN00086071,1224,1315,19,67,12,2
ASN00090015,507,1315,19,67,5,2
EIE00101859,620,1315,19,67,6,7
CA006150689,629,1315,19,67,6,5
CA006137735,601,1315,19,67,6,5
ASN00090015,314,1315,19,67,3,2
ITE00100554,421,1315,19,67,4,11
UK000047811,629,1315,19,67,6,13
ASN00090015,505,1315,19,67,5,2
USC00288878,915,1315,19,67,9,14
USC00288878,515,1315,19,67,5,14
CA006110549,802,1315,19,67,8,5
EIE00101859,823,1315,19,67,8,7
EZE00100082,727,1315,19,67,7,8
EZE00100082,802,1315,19,67,8,8
ASN00090015,318,1315,19,67,3,2
ASN00090015,119,1315,19,67,1,2
CA006148100,1016,1315,19,67,10,5
UK000047811,819,1315,19,67,8,13
CA006110549,524,1315,19,67,5,5
CA006158350,1016,1315,19,67,10,5
CA006110549,427,1315,19,67,4,5
CA006137735,1010,1315,19,67,10,5
CA006106362,412,1315,19,67,4,5
CA006106362,507,1315,19,67,5,5
ASN00090015,1202,1315,19,67,12,2
CA006150689,628,1315,19,67,6,5
CA006153192,628,1315,19,67,6,5
ASN00090015,1207,1315,19,67,12,2
CA006139520,913,1315,19,67,9,5
ITE00100550,519,1315,19,67,5,11
UK000047811,522,1315,19,67,5,13
CA006110549,525,1315,19,67,5,5
EIE00101859,704,1315,19,67,7,7
CA006137735,914,1315,19,67,9,5
CA006158350,1001,1315,19,67,10,5
EIE00101859,820,1315,19,67,8,7
CA006158350,1015,1315,19,67,10,5
CA006110549,611,1315,19,67,6,5
ASN00086071,915,1315,19,67,9,2
CA006166416,1017,1315,19,67,10,5
EIE00101859,806,1315,19,67,8,7
ASN00066062,525,1315,19,67,5,2
UK000047811,821,1315,19,67,8,13
CA006137735,915,1315,19,67,9,5
ASN00090015,127,1315,19,67,1,2
EIE00101859,615,1315,19,67,6,7
CA006137735,507,1315,19,67,5,5
ASN00090015,1218,1315,19,67,12,2
CA006158350,1017,1315,19,67,10,5
ASN00086071,1121,1315,19,67,11,2
CA006158350,419,1315,19,67,4,5
USC00288878,428,1315,19,67,4,14
CA006153192,424,1315,19,67,4,5
CA006158350,815,1315,19,67,8,5
CA006137735,606,1315,19,67,6,5
CA006158350,1021,1315,19,67,10,5
CA006110549,1022,1315,19,67,10,5
UK000047811,518,1315,19,67,5,13
CA006110549,816,1315,19,67,8,5
EIE00101859,815,1315,19,67,8,7
CA006139520,816,1315,19,67,8,5
ASN00090015,903,1315,19,67,9,2
GM000004204,814,1315,19,67,8,9
ASN00090015,828,1315,19,67,8,2
CA006150689,816,1315,19,67,8,5
UK000047811,603,1315,19,67,6,13
ASN00086071,301,1315,19,67,3,2
USC00288878,928,1315,19,67,9,14
CA006110549,905,1315,19,67,9,5
GM000004204,722,1315,19,67,7,9
USC00288878,413,1315,19,67,4,14
CA006139520,1009,1315,19,67,10,5
CA006166416,518,1315,19,67,5,5
ASN00090015,424,1315,19,67,4,2
ASN00090015,1127,1315,19,67,11,2
GM000004204,830,1315,19,67,8,9
CA006106362,510,1315,19,67,5,5
EIE00101859,831,1315,19,67,8,7
CA006148100,829,1315,19,67,8,5
CA006150689,815,1315,19,67,8,5
CA006158350,606,1315,19,67,6,5
CA006148100,418,1315,19,67,4,5
CA006166416,604,1315,19,67,6,5
ASN00090015,1208,1315,19,67,12,2
EIE00101859,903,1315,19,67,9,7
EIE00101859,606,1315,19,67,6,7
CA006110549,829,1315,19,67,8,5
AGE00135039,515,1315,20,67,5,1
ASN00086071,824,1315,20,67,8,2
BE000006447,922,1315,20,67,9,4
AGE00135039,503,1315,20,67,5,1
ITE00100554,918,1315,20,67,9,11
AGE00135039,516,1315,20,67,5,1
ASN00086071,925,1315,20,67,9,2
ASN00086071,426,1315,20,67,4,2
ASN00086071,1105,1315,20,67,11,2
AGE00135039,420,1315,20,67,4,1
EZE00100082,729,1315,20,67,7,8
AGE00135039,504,1315,20,67,5,1
GME00125218,426,1315,20,67,4,10
AU000005901,913,1315,20,67,9,3
BE000006447,616,1315,20,67,6,4
AGE00135039,421,1315,20,67,4,1
UK000056225,701,1315,20,67,7,13
ASN00066062,826,1315,20,67,8,2
UK000056225,813,1315,20,67,8,13
AU000005901,618,1315,20,67,6,3
BE000006447,726,1315,20,67,7,4
GM000004204,731,1315,20,67,7,9
ITE00100550,530,1315,20,67,5,11
GME00125218,806,1315,20,67,8,10
EZE00100082,817,1315,20,67,8,8
UK000056225,705,1315,20,67,7,13
ASN00066062,524,1315,20,67,5,2
EZE00100082,625,1315,20,67,6,8
EZE00100082,724,1315,20,67,7,8
ASN00066062,828,1315,20,67,8,2
GME00125218,1003,1315,20,67,10,10
BE000006447,719,1315,20,67,7,4
BE000006447,721,1315,20,67,7,4
UK000056225,830,1315,20,67,8,13
ASN00086071,414,1315,20,67,4,2
ASN00086071,309,1315,20,67,3,2
BE000006447,722,1315,20,67,7,4
ASN00086071,1212,1315,20,67,12,2
UK000056225,817,1315,20,67,8,13
ASN00086071,828,1315,20,67,8,2
UK000056225,811,1315,20,67,8,13
ASN00066062,917,1315,20,67,9,2
UK000056225,517,1315,20,67,5,13
UK000056225,722,1315,20,67,7,13
UK000056225,613,1315,20,67,6,13
UK000056225,831,1315,20,67,8,13
BE000006447,803,1315,20,67,8,4
ASN00066062,1008,1315,20,67,10,2
ASN00066062,1205,1315,20,67,12,2
BE000006447,707,1315,20,67,7,4
ITE00100550,1012,1315,20,68,10,11
EZE00100082,805,1315,20,68,8,8
BE000006447,529,1315,20,68,5,4
AU000005901,420,1315,20,68,4,3
BE000006447,831,1315,20,68,8,4
ASN00086071,305,1315,20,68,3,2
ITE00100550,928,1315,20,68,9,11
ITE00100554,423,1315,20,68,4,11
ITE00100550,513,1315,20,68,5,11
EZE00100082,527,1315,20,68,5,8
ASN00066062,1206,1315,20,68,12,2
BE000006447,708,1315,20,68,7,4
GME00125218,722,1315,20,68,7,10
AU000005901,910,1315,20,68,9,3
UK000056225,903,1315,20,68,9,13
ITE00100554,415,1315,20,68,4,11
ASN00066062,1108,1315,20,68,11,2
GM000004204,528,1315,20,68,5,9
EZE00100082,815,1315,20,68,8,8
ASN00086071,103,1315,20,68,1,2
GM000004204,504,1315,20,68,5,9
UK000056225,724,1315,20,68,7,13
BE000006447,530,1315,20,68,5,4
ASN00066062,330,1315,20,68,3,2
ITE00100550,1011,1315,20,68,10,11
BE000006447,909,1315,20,68,9,4
GME00125218,414,1315,20,68,4,10
ITE00100554,925,1315,20,68,9,11
ASN00066062,1207,1315,20,68,12,2
EZE00100082,427,1315,20,68,4,8
EZE00100082,704,1315,20,68,7,8
ASN00066062,315,1315,20,68,3,2
EZE00100082,504,1315,20,68,5,8
UK000047811,824,1315,20,68,8,13
ASN00086071,920,1315,20,68,9,2
ASN00090015,1128,1315,20,68,11,2
EIE00101859,605,1315,20,68,6,7
CA006106362,616,1315,20,68,6,5
AU000005901,410,1315,20,68,4,3
ASN00090015,129,1315,20,68,1,2
CA006158350,616,1315,20,68,6,5
ASN00090015,1210,1315,20,68,12,2
CA006158350,914,1315,20,68,9,5
CA006110549,815,1315,20,68,8,5
USC00288878,1017,1315,20,68,10,14
AGE00135039,423,1315,20,68,4,1
CA006150689,608,1315,20,68,6,5
CA006148100,802,1315,20,68,8,5
AGE00135039,424,1315,20,68,4,1
CA006139520,815,1315,20,68,8,5
EIE00101859,830,1315,20,68,8,7
CA006158350,630,1315,20,68,6,5
ASN00090015,1003,1315,20,68,10,2
ASN00090015,303,1315,20,68,3,2
CA006148100,804,1315,20,68,8,5
ASN00090015,1122,1315,20,68,11,2
CA006158350,524,1315,20,68,5,5
AGE00135039,428,1315,20,68,4,1
CA006106362,530,1315,20,68,5,5
CA006150689,1015,1315,20,68,10,5
CA006153192,917,1315,20,68,9,5
ASN00090015,1008,1315,20,68,10,2
CA006139520,917,1315,20,68,9,5
CA006148100,929,1315,20,68,9,5
GM000004204,1003,1315,20,68,10,9
CA006158350,819,1315,20,68,8,5
ASN00086071,1125,1315,20,68,11,2
EIE00101859,531,1315,20,68,5,7
EIE00101859,805,1315,20,68,8,7
ASN00086071,320,1315,20,68,3,2
EIE00101859,801,1315,20,68,8,7
CA006110549,601,1315,20,68,6,5
CA006148100,518,1315,20,68,5,5
ITE00100550,417,1315,20,68,4,11
ASN00090015,421,1315,20,68,4,2
UK000047811,822,1315,20,68,8,13
EIE00101859,703,1315,20,68,7,7
AGE00135039,317,1315,20,68,3,1
CA006148100,806,1315,20,68,8,5
CA006153192,514,1315,20,68,5,5
USC00288878,519,1315,20,68,5,14
EIE00101859,728,1315,20,68,7,7
AGE00135039,422,1315,20,68,4,1
CA006150689,820,1315,20,68,8,5
BE000006447,902,1315,20,68,9,4
UK000047811,718,1315,20,68,7,13
AGE00135039,520,1315,20,68,5,1
CA006106362,806,1315,20,68,8,5
CA006153192,1015,1315,20,68,10,5
ASN00090015,528,1315,20,68,5,2
ASN00086071,109,1315,20,68,1,2
AGE00135039,408,1315,20,68,4,1
EIE00101859,607,1315,20,68,6,7
CA006158350,826,1315,20,68,8,5
CA006106362,827,1315,20,68,8,5
ASN00090015,503,1315,20,68,5,2
EIE00101859,619,1315,20,68,6,7
USC00288878,423,1315,20,68,4,14
ASN00090015,1209,1315,20,68,12,2
ASN00066062,1203,1315,20,68,12,2
GME00125218,509,1315,20,68,5,10
ITE00100550,412,1315,20,68,4,11
CA006150689,821,1315,20,68,8,5
CA006139520,1019,1315,20,68,10,5
CA006110549,1019,1315,20,68,10,5
CA006153192,925,1315,20,68,9,5
ASN00086071,1124,1315,20,68,11,2
CA006148100,816,1315,20,68,8,5
CA006153192,602,1315,20,68,6,5
CA006106362,809,1315,20,68,8,5
CA006106362,1022,1315,20,68,10,5
ASN00090015,526,1315,20,68,5,2
CA006106362,816,1315,20,68,8,5
ASN00090015,228,1315,20,68,2,2
BE000006447,528,1315,20,68,5,4
ASN00090015,1116,1315,20,68,11,2
CA006158350,908,1315,20,68,9,5
CA006110549,821,1315,20,68,8,5
CA006106362,906,1315,20,68,9,5
CA006153192,509,1315,20,68,5,5
EIE00101859,610,1315,20,68,6,7
UK000047811,820,1315,20,68,8,13
UK000047811,708,1315,20,68,7,13
ASN00086071,1027,1315,20,68,10,2
USC00288878,419,1315,20,68,4,14
UK000047811,826,1315,20,68,8,13
AGE00135039,1110,1315,20,68,11,1
ASN00090015,1204,1315,20,68,12,2
CA006150689,907,1315,20,68,9,5
ASN00090015,301,1315,20,68,3,2
CA006166416,829,1315,20,68,8,5
GME00125218,407,1315,20,68,4,10
UK000047811,723,1315,20,68,7,13
GM000004204,810,1315,20,68,8,9
ASN00090015,420,1315,20,68,4,2
CA006153192,1006,1315,20,68,10,5
EIE00101859,709,1315,20,68,7,7
AGE00135039,519,1315,20,68,5,1
EIE00101859,614,1315,20,68,6,7
CA006158350,930,1315,20,68,9,5
ASN00090015,103,1315,20,68,1,2
UK000047811,620,1315,20,68,6,13
CA006139520,825,1315,20,68,8,5
USC00288878,824,1315,20,68,8,14
CA006150689,912,1315,20,68,9,5
ASN00090015,331,1315,20,68,3,2
CA006158350,609,1315,20,68,6,5
AGE00135039,517,1315,20,68,5,1
ASN00090015,1212,1315,20,68,12,2
EIE00101859,705,1315,20,68,7,7
CA006153192,813,1315,20,68,8,5
CA006166416,1018,1315,20,68,10,5
EIE00101859,816,1315,20,68,8,7
CA006110549,412,1315,20,68,4,5
ASN00090015,1227,1315,20,68,12,2
CA006106362,601,1315,20,68,6,5
ASN00090015,913,1315,20,68,9,2
EIE00101859,518,1315,20,68,5,7
ASN00090015,327,1315,20,68,3,2
CA006153192,913,1315,20,68,9,5
CA006150689,830,1315,20,68,8,5
GME00125218,605,1315,20,68,6,10
AU000005901,508,1315,20,68,5,3
BE000006447,614,1315,20,68,6,4
EZE00100082,417,1315,20,68,4,8
GM000004204,414,1315,20,68,4,9
GME00125218,702,1315,20,68,7,10
GME00125218,731,1315,20,68,7,10
GM000004204,719,1315,20,68,7,9
EZE00100082,911,1315,20,68,9,8
AU000005901,916,1315,20,68,9,3
BE000006447,613,1315,20,68,6,4
EZE00100082,722,1315,20,68,7,8
BE000006447,723,1315,20,68,7,4
BE000006447,619,1315,20,68,6,4
ASN00066062,1202,1315,20,68,12,2
ASN00066062,1002,1315,20,68,10,2
BE000006447,801,1315,20,68,8,4
ITE00100554,1008,1315,20,68,10,11
ASN00066062,517,1315,20,68,5,2
ASN00066062,427,1315,20,68,4,2
ITE00100550,1009,1315,20,68,10,11
UK000056225,619,1315,20,69,6,13
GME00125218,606,1315,20,69,6,10
ASN00066062,202,1315,20,69,2,2
AU000005901,904,1315,20,69,9,3
GME00125218,728,1315,20,69,7,10
BE000006447,907,1315,20,69,9,4
ASN00066062,1125,1315,20,69,11,2
ITE00100550,1015,1315,20,69,10,11
BE000006447,725,1315,20,69,7,4
GM000004204,527,1315,20,69,5,9
BE000006447,927,1315,20,69,9,4
GME00125218,614,1315,20,69,6,10
GM000004204,725,1315,20,69,7,9
UK000056225,526,1315,20,69,5,13
ASN00086071,1022,1315,20,69,10,2
ITE00100550,514,1315,20,69,5,11
GME00125218,920,1315,20,69,9,10
GM000004204,1004,1315,20,69,10,9
ASN00066062,1016,1315,20,69,10,2
ASN00066062,919,1315,20,69,9,2
AU000005901,504,1315,20,69,5,3
ASN00066062,331,1315,20,69,3,2
AU000005901,801,1315,20,69,8,3
ASN00066062,904,1315,20,69,9,2
ASN00066062,425,1315,20,69,4,2
AU000005901,419,1315,20,69,4,3
GME00125218,819,1315,20,69,8,10
ASN00066062,1201,1315,20,69,12,2
GM000004204,809,1315,20,69,8,9
EZE00100082,822,1315,20,69,8,8
ITE00100554,518,1315,20,69,5,11
GM000004204,729,1315,20,69,7,9
EZE00100082,624,1315,20,69,6,8
ASN00066062,1111,1315,20,69,11,2
AU000005901,502,1315,20,69,5,3
AU000005901,709,1315,20,69,7,3
AU000005901,730,1315,20,69,7,3
GM000004204,911,1315,20,69,9,9
AGE00135039,1016,1315,20,69,10,1
ASN00066062,429,1315,20,69,4,2
AGE00135039,605,1315,20,69,6,1
ASN00086071,504,1315,20,69,5,2
ITE00100550,927,1315,20,69,9,11
ASN00086071,330,1315,20,69,3,2
BE000006447,615,1315,20,69,6,4
AGE00135039,518,1315,20,69,5,1
ITE00100554,526,1315,20,69,5,11
ASN00086071,315,1315,20,69,3,2
GME00125218,607,1315,20,69,6,10
AGE00135039,1025,1315,20,69,10,1
AGE00135039,606,1315,20,69,6,1
AGE00135039,511,1315,20,69,5,1
ITE00100554,413,1315,20,69,4,11
GM000004204,620,1315,20,69,6,9
ITE00100554,418,1315,20,69,4,11
AGE00135039,1109,1315,20,69,11,1
GME00125218,803,1315,20,69,8,10
ASN00066062,1118,1315,20,69,11,2
AGE00135039,1015,1315,20,69,10,1
AGE00135039,502,1315,20,69,5,1
EZE00100082,731,1315,20,69,7,8
EZE00100082,816,1315,21,69,8,8
CA006106362,615,1315,21,69,6,5
CA006148100,615,1315,21,69,6,5
USC00288878,609,1315,21,69,6,14
EIE00101859,821,1315,21,69,8,7
EZE00100082,615,1315,21,69,6,8
CA006153192,822,1315,21,69,8,5
CA006150689,831,1315,21,69,8,5
ITE00100554,503,1315,21,69,5,11
ASN00066062,407,1315,21,69,4,2
ASN00066062,1026,1315,21,69,10,2
CA006106362,405,1315,21,69,4,5
ASN00090015,1108,1315,21,69,11,2
CA006110549,831,1315,21,69,8,5
EIE00101859,604,1315,21,69,6,7
CA006153192,924,1315,21,69,9,5
CA006166416,1015,1315,21,69,10,5
ASN00066062,615,1315,21,69,6,2
CA006166416,820,1315,21,69,8,5
UK000047811,622,1315,21,69,6,13
CA006110549,830,1315,21,69,8,5
ASN00090015,113,1315,21,69,1,2
UK000056225,727,1315,21,69,7,13
ASN00090015,108,1315,21,69,1,2
GME00125218,429,1315,21,69,4,10
EIE00101859,618,1315,21,69,6,7
ASN00090015,311,1315,21,69,3,2
CA006153192,825,1315,21,69,8,5
CA006137735,911,1315,21,69,9,5
CA006150689,827,1315,21,69,8,5
ASN00090015,513,1315,21,69,5,2
CA006153192,911,1315,21,69,9,5
CA006150689,1022,1315,21,69,10,5
CA006106362,419,1315,21,69,4,5
ASN00090015,203,1315,21,69,2,2
CA006139520,808,1315,21,69,8,5
CA006106362,912,1315,21,69,9,5
CA006137735,912,1315,21,69,9,5
BE000006447,1001,1315,21,69,10,4
ASN00066062,608,1315,21,69,6,2
CA006166416,912,1315,21,69,9,5
UK000047811,714,1315,21,69,7,13
CA006158350,827,1315,21,69,8,5
CA006166416,913,1315,21,69,9,5
ITE00100554,519,1315,21,69,5,11
CA006153192,525,1315,21,69,5,5
ASN00066062,1028,1315,21,69,10,2
USC00288878,813,1315,21,69,8,14
UK000047811,519,1315,21,69,5,13
CA006139520,914,1315,21,69,9,5
ASN00090015,205,1315,21,69,2,2
EIE00101859,706,1315,21,69,7,7
CA006110549,419,1315,21,69,4,5
ASN00090015,1019,1315,21,69,10,2
CA006148100,906,1315,21,69,9,5
CA006148100,1008,1315,21,69,10,5
CA006139520,1006,1315,21,69,10,5
ASN00086071,413,1315,21,69,4,2
CA006150689,419,1315,21,69,4,5
UK000047811,722,1315,21,69,7,13
EIE00101859,611,1315,21,69,6,7
ASN00090015,1103,1315,21,69,11,2
CA006137735,908,1315,21,69,9,5
GM000004204,707,1315,21,69,7,9
BE000006447,724,1315,21,69,7,4
ASN00090015,1023,1315,21,69,10,2
UK000056225,610,1315,21,69,6,13
CA006166416,1019,1315,21,69,10,5
ASN00090015,1203,1315,21,69,12,2
USC00288878,610,1315,21,69,6,14
CA006150689,1019,1315,21,69,10,5
CA006158350,909,1315,21,69,9,5
GM000004204,909,1315,21,69,9,9
ASN00066062,910,1315,21,69,9,2
CA006110549,526,1315,21,69,5,5
GME00125218,719,1315,21,69,7,10
ASN00090015,1002,1315,21,69,10,2
CA006166416,910,1315,21,69,9,5
CA006153192,908,1315,21,69,9,5
CA006158350,613,1315,21,69,6,5
ASN00090015,512,1315,21,69,5,2
BE000006447,1002,1315,21,69,10,4
EIE00101859,601,1315,21,69,6,7
CA006166416,601,1315,21,69,6,5
UK000047811,715,1315,21,69,7,13
CA006106362,518,1315,21,69,5,5
UK000047811,725,1315,21,69,7,13
ASN00090015,120,1315,21,69,1,2
ASN00066062,1130,1315,21,69,11,2
CA006153192,606,1315,21,69,6,5
EIE00101859,622,1315,21,69,6,7
CA006153192,929,1315,21,69,9,5
CA006148100,511,1315,21,69,5,5
ASN00090015,1221,1315,21,69,12,2
USC00288878,611,1315,21,69,6,14
CA006150689,421,1315,21,69,4,5
EZE00100082,617,1315,21,69,6,8
CA006150689,511,1315,21,69,5,5
UK000056225,726,1315,21,69,7,13
CA006150689,1016,1315,21,69,10,5
CA006166416,421,1315,21,69,4,5
ASN00090015,1229,1315,21,69,12,2
ASN00090015,1222,1315,21,69,12,2
EIE00101859,727,1315,21,69,7,7
UK000047811,716,1315,21,69,7,13
CA006158350,608,1315,21,69,6,5
EIE00101859,804,1315,21,69,8,7
GM000004204,1005,1315,21,69,10,9
CA006150689,814,1315,21,69,8,5
GM000004204,915,1315,21,69,9,9
USC00288878,1008,1315,21,69,10,14
CA006150689,817,1315,21,69,8,5
CA006150689,1002,1315,21,69,10,5
ITE00100554,416,1315,21,69,4,11
UK000047811,626,1315,21,69,6,13
CA006137735,421,1315,21,69,4,5
CA006106362,814,1315,21,69,8,5
ASN00086071,1210,1315,21,69,12,2
ITE00100550,926,1315,21,69,9,11
ASN00086071,102,1315,21,69,1,2
ASN00086071,215,1315,21,69,2,2
BE000006447,906,1315,21,69,9,4
ASN00066062,401,1315,21,69,4,2
ASN00066062,527,1315,21,69,5,2
UK000056225,810,1315,21,69,8,13
ASN00086071,104,1315,21,69,1,2
ITE00100550,429,1315,21,69,4,11
EZE00100082,616,1315,21,69,6,8
GME00125218,707,1315,21,69,7,10
ASN00066062,1003,1315,21,69,10,2
GM000004204,816,1315,21,69,8,9
AU000005901,721,1315,21,69,7,3
GM000004204,509,1315,21,69,5,9
UK000056225,614,1315,21,69,6,13
GM000004204,926,1315,21,69,9,9
ITE00100554,928,1315,21,69,9,11
BE000006447,605,1315,21,69,6,4
GME00125218,409,1315,21,69,4,10
GM000004204,920,1315,21,69,9,9
GM000004204,706,1315,21,69,7,9
GM000004204,429,1315,21,69,4,9
BE000006447,901,1315,21,69,9,4
GM000004204,803,1315,21,69,8,9
UK000056225,821,1315,21,69,8,13
AU000005901,720,1315,21,69,7,3
ITE00100554,417,1315,21,69,4,11
ASN00066062,1004,1315,21,69,10,2
EZE00100082,804,1315,21,69,8,8
UK000056225,606,1315,21,69,6,13
AU000005901,728,1315,21,69,7,3
ASN00090015,1120,1315,21,69,11,2
GME00125218,911,1315,21,69,9,10
GME00125218,1005,1315,21,70,10,10
ASN00086071,1019,1315,21,70,10,2
EZE00100082,917,1315,21,70,9,8
EZE00100082,819,1315,21,70,8,8
ITE00100554,530,1315,21,70,5,11
UK000056225,812,1315,21,70,8,13
GME00125218,528,1315,21,70,5,10
ITE00100554,517,1315,21,70,5,11
GM000004204,704,1315,21,70,7,9
ASN00066062,110,1315,21,70,1,2
GME00125218,830,1315,21,70,8,10
ITE00100554,507,1315,21,70,5,11
ASN00066062,328,1315,21,70,3,2
GM000004204,607,1315,21,70,6,9
GM000004204,711,1315,21,70,7,9
AU000005901,426,1315,21,70,4,3
AGE00135039,415,1315,21,70,4,1
ITE00100554,901,1315,21,70,9,11
ASN00086071,128,1315,21,70,1,2
GME00125218,504,1315,21,70,5,10
GM000004204,925,1315,21,70,9,9
AGE00135039,521,1315,21,70,5,1
GM000004204,710,1315,21,70,7,9
ASN00066062,914,1315,21,70,9,2
AGE00135039,1018,1315,21,70,10,1
EZE00100082,910,1315,21,70,9,8
ASN00066062,503,1315,21,70,5,2
ITE00100554,505,1315,21,70,5,11
EZE00100082,707,1315,21,70,7,8
AGE00135039,616,1315,21,70,6,1
GME00125218,620,1315,21,70,6,10
ASN00086071,1221,1315,21,70,12,2
AGE00135039,1023,1315,21,70,10,1
AGE00135039,524,1315,21,70,5,1
AGE00135039,1024,1315,21,70,10,1
ASN00066062,314,1315,21,70,3,2
ASN00066062,129,1315,21,70,1,2
UK000056225,717,1315,21,70,7,13
USC00288878,525,1315,21,70,5,14
EIE00101859,524,1315,21,70,5,7
USC00288878,1002,1315,21,70,10,14
CA006148100,808,1315,21,70,8,5
CA006166416,804,1315,21,70,8,5
CA006153192,524,1315,21,70,5,5
EIE00101859,612,1315,21,70,6,7
AU000005901,810,1315,21,70,8,3
ASN00090015,201,1315,21,70,2,2
ASN00090015,130,1315,21,70,1,2
ASN00066062,526,1315,21,70,5,2
CA006153192,412,1315,21,70,4,5
EIE00101859,621,1315,21,70,6,7
CA006148100,1001,1315,21,70,10,5
CA006150689,1001,1315,21,70,10,5
ASN00090015,416,1315,21,70,4,2
CA006166416,1001,1315,21,70,10,5
GM000004204,821,1315,21,70,8,9
ASN00066062,122,1315,21,70,1,2
CA006106362,821,1315,21,70,8,5
ASN00090015,122,1315,21,70,1,2
CA006158350,812,1315,21,70,8,5
USC00288878,1001,1315,21,70,10,14
ASN00090015,123,1315,21,70,1,2
ASN00090015,1228,1315,21,70,12,2
CA006110549,507,1315,21,70,5,5
CA006166416,816,1315,21,70,8,5
ASN00086071,1101,1315,21,70,11,2
CA006137735,815,1315,21,70,8,5
EZE00100082,803,1315,21,70,8,8
USC00288878,528,1315,21,70,5,14
EIE00101859,530,1315,21,70,5,7
CA006148100,1002,1315,21,70,10,5
CA006106362,802,1315,21,70,8,5
CA006148100,803,1315,21,70,8,5
EIE00101859,519,1315,21,70,5,7
USC00288878,510,1315,21,70,5,14
ASN00090015,329,1315,21,70,3,2
ASN00090015,328,1315,21,70,3,2
ASN00086071,224,1315,21,70,2,2
AU000005901,722,1315,21,70,7,3
CA006153192,721,1315,21,70,7,5
ASN00090015,401,1315,21,70,4,2
CA006158350,720,1315,21,70,7,5
ASN00090015,321,1315,21,70,3,2
ASN00066062,514,1315,21,70,5,2
CA006158350,511,1315,21,70,5,5
ASN00090015,310,1315,21,70,3,2
ASN00086071,306,1315,21,70,3,2
UK000047811,713,1315,21,70,7,13
ASN00086071,303,1315,21,70,3,2
CA006166416,718,1315,21,70,7,5
ASN00090015,1211,1315,21,70,12,2
CA006137735,510,1315,21,70,5,5
EIE00101859,613,1315,21,70,6,7
EIE00101859,802,1315,21,70,8,7
CA006166416,802,1315,21,70,8,5
UK000047811,823,1315,21,70,8,13
CA006150689,801,1315,21,70,8,5
ASN00090015,409,1315,21,70,4,2
EZE00100082,407,1315,21,70,4,8
ASN00086071,214,1315,21,70,2,2
USC00288878,509,1315,21,70,5,14
USC00288878,1003,1315,21,70,10,14
CA006158350,405,1315,21,70,4,5
BE000006447,727,1315,21,70,7,4
ASN00086071,216,1315,21,70,2,2
CA006110549,1006,1315,21,70,10,5
ASN00090015,219,1315,21,70,2,2
EIE00101859,726,1315,21,70,7,7
ASN00090015,1109,1315,21,70,11,2
ASN00090015,406,1315,21,70,4,2
USC00288878,601,1315,21,70,6,14
EZE00100082,429,1315,21,70,4,8
CA006148100,602,1315,21,70,6,5
CA006166416,928,1315,21,70,9,5
CA006106362,910,1315,21,70,9,5
EZE00100082,909,1315,21,70,9,8
CA006158350,607,1315,21,70,6,5
CA006137735,607,1315,21,70,6,5
ASN00090015,1021,1315,21,70,10,2
CA006166416,905,1315,21,70,9,5
CA006110549,910,1315,21,70,9,5
ASN00066062,607,1315,21,70,6,2
CA006148100,419,1315,21,70,4,5
ASN00086071,825,1315,21,70,8,2
ASN00090015,112,1315,21,70,1,2
CA006150689,606,1315,21,70,6,5
CA006158350,901,1315,21,70,9,5
CA006150689,929,1315,21,70,9,5
CA006166416,418,1315,21,70,4,5
USC00288878,1021,1315,21,70,10,14
CA006166416,629,1315,21,70,6,5
UK000047811,607,1315,21,70,6,13
CA006153192,629,1315,21,70,6,5
ASN00090015,102,1315,21,70,1,2
ASN00090015,1201,1315,21,70,12,2
ASN00086071,923,1315,21,70,9,2
CA006137735,927,1315,21,70,9,5
CA006148100,627,1315,21,70,6,5
CA006139520,1015,1315,21,70,10,5
CA006166416,615,1315,21,70,6,5
USC00288878,920,1315,21,70,9,14
EIE00101859,608,1315,21,70,6,7
ASN00090015,107,1315,21,70,1,2
CA006106362,629,1315,21,70,6,5
EZE00100082,915,1315,21,70,9,8
ASN00090015,914,1315,21,70,9,2
CA006137735,629,1315,21,70,6,5
CA006110549,912,1315,21,70,9,5
BE000006447,928,1315,21,70,9,4
USC00288878,911,1315,21,70,9,14
CA006166416,929,1315,21,70,9,5
CA006150689,418,1315,21,70,4,5
CA006139520,1022,1315,21,70,10,5
CA006137735,1009,1315,21,70,10,5
UK000056225,603,1315,21,70,6,13
UK000047811,825,1315,21,70,8,13
CA006148100,604,1315,21,70,6,5
USC00288878,825,1315,21,70,8,14
USC00288878,930,1315,21,70,9,14
CA006106362,829,1315,21,70,8,5
CA006158350,829,1315,21,70,8,5
ASN00090015,827,1315,21,70,8,2
CA006166416,830,1315,21,70,8,5
EZE00100082,830,1315,21,70,8,8
CA006106362,418,1315,21,70,4,5
CA006106362,605,1315,21,70,6,5
USC00288878,604,1315,21,70,6,14
CA006148100,827,1315,21,70,8,5
ASN00090015,121,1315,21,70,1,2
CA006150689,602,1315,21,70,6,5
CA006166416,831,1315,21,70,8,5
CA006148100,831,1315,21,70,8,5
ASN00090015,417,1315,21,70,4,2
EIE00101859,701,1315,21,70,7,7
USC00288878,602,1315,21,70,6,14
BE000006447,819,1315,21,70,8,4
ASN00066062,508,1315,21,70,5,2
ASN00066062,1119,1315,21,70,11,2
ITE00100554,521,1315,21,70,5,11
ASN00066062,316,1315,21,70,3,2
ASN00066062,513,1315,21,70,5,2
ASN00086071,1230,1315,21,70,12,2
ASN00066062,512,1315,21,70,5,2
ASN00086071,826,1315,21,70,8,2
ITE00100550,912,1315,21,70,9,11
BE000006447,820,1315,21,70,8,4
UK000056225,819,1315,21,70,8,13
GM000004204,914,1315,21,70,9,9
ITE00100554,927,1315,21,70,9,11
ASN00086071,827,1315,21,70,8,2
UK000056225,818,1315,21,70,8,13
ASN00066062,920,1315,21,70,9,2
AU000005901,708,1315,21,70,7,3
EZE00100082,831,1315,21,70,8,8
GM000004204,705,1315,21,70,7,9
ASN00086071,304,1315,21,70,3,2
ASN00086071,1001,1315,21,70,10,2
GME00125218,901,1315,21,70,9,10
UK000056225,527,1315,21,70,5,13
GM000004204,910,1315,21,70,9,9
GM000004204,615,1315,21,70,6,9
ASN00086071,213,1315,21,70,2,2
BE000006447,822,1315,21,70,8,4
ITE00100554,504,1315,21,70,5,11
ASN00086071,829,1315,21,70,8,2
ITE00100550,414,1315,21,70,4,11
UK000056225,801,1315,21,70,8,13
UK000056225,716,1315,21,71,7,13
GM000004204,922,1315,21,71,9,9
ASN00066062,1222,1315,21,71,12,2
GM000004204,831,1315,21,71,8,9
ASN00066062,121,1315,21,71,1,2
BE000006447,531,1315,21,71,5,4
ASN00086071,1203,1315,21,71,12,2
BE000006447,930,1315,21,71,9,4
AU000005901,407,1315,21,71,4,3
BE000006447,904,1315,21,71,9,4
ASN00066062,120,1315,21,71,1,2
ASN00066062,203,1315,21,71,2,2
GME00125218,831,1315,21,71,8,10
GME00125218,711,1315,21,71,7,10
EZE00100082,711,1315,22,71,7,8
EZE00100082,509,1315,22,71,5,8
ASN00066062,204,1315,22,71,2,2
GME00125218,704,1315,22,71,7,10
ASN00086071,125,1315,22,71,1,2
AU000005901,615,1315,22,71,6,3
AGE00135039,514,1315,22,71,5,1
AU000005901,917,1315,22,71,9,3
AGE00135039,1019,1315,22,71,10,1
GME00125218,910,1315,22,71,9,10
GM000004204,906,1315,22,71,9,9
GM000004204,820,1315,22,71,8,9
AGE00135039,1105,1315,22,71,11,1
ASN00066062,1126,1315,22,71,11,2
GM000004204,804,1315,22,71,8,9
AGE00135039,1106,1315,22,71,11,1
GM000004204,407,1315,22,71,4,9
ASN00086071,407,1315,22,71,4,2
GME00125218,816,1315,22,71,8,10
ITE00100550,520,1315,22,71,5,11
UK000056225,518,1315,22,71,5,13
AU000005901,727,1315,22,71,7,3
AGE00135039,402,1315,22,71,4,1
UK000056225,721,1315,22,71,7,13
ASN00086071,321,1315,22,71,3,2
ASN00066062,430,1315,22,71,4,2
AU000005901,607,1315,22,71,6,3
AU000005901,911,1315,22,71,9,3
ITE00100554,414,1315,22,71,4,11
ASN00086071,507,1315,22,71,5,2
ASN00066062,309,1315,22,71,3,2
ITE00100554,528,1315,22,71,5,11
ASN00066062,916,1315,22,71,9,2
GM000004204,808,1315,22,71,8,9
AU000005901,725,1315,22,71,7,3
ITE00100554,426,1315,22,71,4,11
ASN00086071,1214,1315,22,71,12,2
EZE00100082,408,1315,22,71,4,8
AU000005901,729,1315,22,71,7,3
AGE00135039,1017,1315,22,71,10,1
CA006106362,608,1315,22,71,6,5
CA006137735,1015,1315,22,71,10,5
CA006158350,1008,1315,22,71,10,5
ASN00066062,511,1315,22,71,5,2
CA006166416,606,1315,22,71,6,5
ASN00066062,428,1315,22,71,4,2
CA006150689,519,1315,22,71,5,5
CA006150689,605,1315,22,71,6,5
CA006148100,605,1315,22,71,6,5
ASN00090015,1027,1315,22,71,10,2
CA006166416,602,1315,22,71,6,5
USC00288878,531,1315,22,71,5,14
ASN00066062,1031,1315,22,71,10,2
ASN00066062,507,1315,22,71,5,2
CA006148100,611,1315,22,71,6,5
ASN00066062,1102,1315,22,71,11,2
ASN00066062,1103,1315,22,71,11,2
CA006137735,526,1315,22,71,5,5
CA006153192,519,1315,22,71,5,5
ASN00090015,525,1315,22,71,5,2
EIE00101859,520,1315,22,71,5,7
ASN00066062,506,1315,22,71,5,2
CA006110549,929,1315,22,71,9,5
ASN00066062,502,1315,22,71,5,2
CA006153192,815,1315,22,71,8,5
CA006150689,809,1315,22,71,8,5
CA006150689,1008,1315,22,71,10,5
USC00288878,614,1315,22,71,6,14
CA006148100,817,1315,22,71,8,5
EIE00101859,712,1315,22,71,7,7
CA006158350,817,1315,22,71,8,5
ASN00086071,415,1315,22,71,4,2
ASN00086071,1003,1315,22,71,10,2
CA006106362,818,1315,22,71,8,5
CA006106362,614,1315,22,71,6,5
ASN00090015,225,1315,22,71,2,2
CA006166416,818,1315,22,71,8,5
CA006110549,820,1315,22,71,8,5
CA006137735,820,1315,22,71,8,5
ASN00090015,1213,1315,22,71,12,2
CA006137735,928,1315,22,71,9,5
ASN00090015,923,1315,22,71,9,2
CA006158350,1002,1315,22,71,10,5
CA006148100,807,1315,22,71,8,5
ASN00086071,1213,1315,22,71,12,2
EIE00101859,729,1315,22,71,7,7
ASN00086071,408,1315,22,71,4,2
EIE00101859,731,1315,22,71,7,7
CA006158350,721,1315,22,71,7,5
CA006158350,719,1315,22,71,7,5
CA006148100,719,1315,22,71,7,5
CA006150689,802,1315,22,71,8,5
CA006153192,718,1315,22,71,7,5
CA006148100,718,1315,22,71,7,5
BE000006447,718,1315,22,71,7,4
CA006158350,805,1315,22,71,8,5
ASN00086071,1219,1315,22,71,12,2
ASN00090015,1219,1315,22,71,12,2
CA006166416,806,1315,22,71,8,5
ASN00090015,309,1315,22,71,3,2
CA006137735,821,1315,22,71,8,5
ASN00090015,223,1315,22,71,2,2
ASN00090015,220,1315,22,71,2,2
CA006148100,630,1315,22,71,6,5
CA006137735,830,1315,22,71,8,5
CA006106362,630,1315,22,71,6,5
CA006158350,421,1315,22,71,4,5
CA006158350,903,1315,22,71,9,5
CA006158350,904,1315,22,71,9,5
CA006137735,905,1315,22,71,9,5
CA006158350,821,1315,22,71,8,5
ASN00090015,1230,1315,22,71,12,2
ASN00086071,111,1315,22,71,1,2
CA006150689,906,1315,22,71,9,5
CA006158350,906,1315,22,71,9,5
CA006148100,420,1315,22,71,4,5
CA006139520,910,1315,22,71,9,5
CA006158350,912,1315,22,71,9,5
ASN00066062,103,1315,22,71,1,2
CA006110549,906,1315,22,71,9,5
CA006153192,630,1315,22,71,6,5
CA006150689,630,1315,22,71,6,5
CA006106362,830,1315,22,71,8,5
CA006150689,615,1315,22,71,6,5
ASN00066062,215,1315,22,71,2,2
CA006106362,417,1315,22,71,4,5
ASN00090015,1206,1315,22,71,12,2
ASN00086071,120,1315,22,71,1,2
USC00288878,826,1315,22,71,8,14
ASN00090015,131,1315,22,71,1,2
ASN00090015,206,1315,22,71,2,2
CA006150689,616,1315,22,71,6,5
EIE00101859,702,1315,22,71,7,7
CA006139520,616,1315,22,71,6,5
BE000006447,728,1315,22,71,7,4
GME00125218,804,1315,22,71,8,10
BE000006447,828,1315,22,71,8,4
AU000005901,802,1315,22,71,8,3
UK000056225,826,1315,22,71,8,13
AGE00135039,926,1315,22,71,9,1
UK000056225,731,1315,22,71,7,13
AU000005901,418,1315,22,71,4,3
GM000004204,822,1315,22,71,8,9
ITE00100554,922,1315,22,71,9,11
AU000005901,527,1315,22,71,5,3
AGE00135039,1013,1315,22,71,10,1
ASN00066062,505,1315,22,71,5,2
GM000004204,623,1315,22,71,6,9
GME00125218,623,1315,22,71,6,10
AU000005901,703,1315,22,71,7,3
ASN00066062,509,1315,22,71,5,2
GME00125218,718,1315,22,71,7,10
ASN00066062,329,1315,22,71,3,2
ASN00066062,301,1315,22,71,3,2
UK000056225,425,1315,22,71,4,13
GM000004204,819,1315,22,71,8,9
UK000056225,802,1315,22,71,8,13
EZE00100082,623,1315,22,71,6,8
EZE00100082,902,1315,22,71,9,8
BE000006447,821,1315,22,71,8,4
ITE00100550,413,1315,22,71,4,11
ITE00100550,418,1315,22,71,4,11
GM000004204,901,1315,22,71,9,9
GME00125218,922,1315,22,71,9,10
EZE00100082,922,1315,22,71,9,8
GME00125218,602,1315,22,71,6,10
ITE00100550,507,1315,22,71,5,11
AU000005901,726,1315,22,71,7,3
AU000005901,710,1315,22,71,7,3
AGE00135039,505,1315,22,72,5,1
GME00125218,427,1315,22,72,4,10
AGE00135039,414,1315,22,72,4,1
AGE00135039,527,1315,22,72,5,1
ASN00066062,1208,1315,22,72,12,2
AU000005901,921,1315,22,72,9,3
EZE00100082,531,1315,22,72,5,8
AGE00135039,1003,1315,22,72,10,1
AGE00135039,501,1315,22,72,5,1
AGE00135039,1022,1315,22,72,10,1
GME00125218,710,1315,22,72,7,10
AGE00135039,617,1315,22,72,6,1
EZE00100082,829,1315,22,72,8,8
GME00125218,821,1315,22,72,8,10
AGE00135039,425,1315,22,72,4,1
AGE00135039,1014,1315,22,72,10,1
AGE00135039,607,1315,22,72,6,1
ITE00100554,1003,1315,22,72,10,11
AGE00135039,1027,1315,22,72,10,1
GME00125218,729,1315,22,72,7,10
AGE00135039,430,1315,22,72,4,1
AGE00135039,319,1315,22,72,3,1
AGE00135039,318,1315,22,72,3,1
AGE00135039,1108,1315,22,72,11,1
ITE00100550,1007,1315,22,72,10,11
AGE00135039,1021,1315,22,72,10,1
AU000005901,408,1315,22,72,4,3
AGE00135039,1104,1315,22,72,11,1
AGE00135039,513,1315,22,72,5,1
AGE00135039,401,1315,22,72,4,1
GME00125218,706,1315,22,72,7,10
BE000006447,622,1315,22,72,6,4
EZE00100082,1005,1315,22,72,10,8
GM000004204,619,1315,22,72,6,9
EZE00100082,923,1315,22,72,9,8
GM000004204,802,1315,22,72,8,9
AU000005901,803,1315,22,72,8,3
AU000005901,830,1315,22,72,8,3
ASN00086071,1007,1315,22,72,10,2
ITE00100550,506,1315,22,72,5,11
BE000006447,729,1315,22,72,7,4
AU000005901,505,1315,22,72,5,3
ASN00066062,1106,1315,22,72,11,2
GME00125218,906,1315,22,72,9,10
AU000005901,417,1315,22,72,4,3
AU000005901,512,1315,22,72,5,3
GM000004204,602,1315,22,72,6,9
EZE00100082,810,1315,22,72,8,8
ASN00066062,1109,1315,22,72,11,2
ASN00090015,1231,1315,22,72,12,2
CA006106362,619,1315,22,72,6,5
CA006106362,1019,1315,22,72,10,5
CA006148100,828,1315,22,72,8,5
CA006110549,627,1315,22,72,6,5
CA006139520,829,1315,22,72,8,5
CA006150689,829,1315,22,72,8,5
CA006158350,905,1315,22,72,9,5
CA006137735,1019,1315,22,72,10,5
CA006148100,904,1315,22,72,9,5
USC00288878,1022,1315,22,72,10,14
CA006153192,419,1315,22,72,4,5
CA006139520,903,1315,22,72,9,5
CA006110549,607,1315,22,72,6,5
CA006110549,629,1315,22,72,6,5
ASN00090015,418,1315,22,72,4,2
ASN00066062,504,1315,22,72,5,2
CA006166416,605,1315,22,72,6,5
CA006153192,830,1315,22,72,8,5
CA006139520,830,1315,22,72,8,5
CA006137735,630,1315,22,72,6,5
CA006139520,628,1315,22,72,6,5
CA006137735,910,1315,22,72,9,5
ASN00086071,901,1315,22,72,9,2
CA006139520,908,1315,22,72,9,5
EIE00101859,623,1315,22,72,6,7
ASN00090015,214,1315,22,72,2,2
CA006166416,809,1315,22,72,8,5
ASN00090015,306,1315,22,72,3,2
CA006110549,809,1315,22,72,8,5
CA006158350,808,1315,22,72,8,5
EIE00101859,525,1315,22,72,5,7
EIE00101859,714,1315,22,72,7,7
ITE00100554,513,1315,22,72,5,11
CA006153192,1018,1315,22,72,10,5
CA006158350,804,1315,22,72,8,5
CA006158350,803,1315,22,72,8,5
CA006110549,803,1315,22,72,8,5
CA006158350,802,1315,22,72,8,5
CA006158350,718,1315,22,72,7,5
CA006153192,720,1315,22,72,7,5
USC00288878,721,1315,22,72,7,14
USC00288878,521,1315,22,72,5,14
CA006106362,519,1315,22,72,5,5
EIE00101859,521,1315,22,72,5,7
CA006137735,405,1315,22,72,4,5
CA006148100,810,1315,22,72,8,5
CA006158350,810,1315,22,72,8,5
EIE00101859,713,1315,22,72,7,7
CA006139520,811,1315,22,72,8,5
ASN00066062,1029,1315,22,72,10,2
ASN00090015,1224,1315,22,72,12,2
CA006158350,709,1315,22,72,7,5
CA006166416,821,1315,22,72,8,5
UK000047811,709,1315,22,72,7,13
ASN00086071,223,1315,22,72,2,2
CA006106362,820,1315,22,72,8,5
CA006158350,818,1315,22,72,8,5
CA006150689,818,1315,22,72,8,5
ASN00090015,204,1315,22,72,2,2
CA006148100,818,1315,22,72,8,5
USC00288878,511,1315,22,72,5,14
CA006106362,817,1315,22,72,8,5
USC00288878,816,1315,22,72,8,14
CA006153192,816,1315,22,72,8,5
CA006137735,816,1315,22,72,8,5
CA006158350,512,1315,22,72,5,5
ASN00066062,1221,1315,22,72,12,2
EIE00101859,528,1315,22,72,5,7
CA006148100,811,1315,22,72,8,5
ASN00090015,227,1315,22,72,2,2
CA006153192,914,1315,22,72,9,5
USC00288878,910,1315,22,72,9,14
CA006137735,615,1315,22,72,6,5
CA006153192,1001,1315,22,72,10,5
CA006148100,614,1315,22,72,6,5
ASN00086071,424,1315,22,72,4,2
CA006110549,928,1315,22,72,9,5
ITE00100550,919,1315,22,72,9,11
CA006139520,929,1315,22,72,9,5
ITE00100554,1007,1315,22,72,10,11
CA006137735,1001,1315,22,72,10,5
AGE00135039,1004,1315,22,72,10,1
CA006166416,1016,1315,22,72,10,5
ASN00086071,1008,1315,22,72,10,2
CA006158350,615,1315,22,72,6,5
CA006106362,1001,1315,22,72,10,5
CA006150689,614,1315,22,72,6,5
ITE00100554,1004,1315,22,72,10,11
ITE00100550,1003,1315,22,72,10,11
CA006166416,611,1315,22,72,6,5
CA006153192,926,1315,22,72,9,5
CA006150689,618,1315,22,72,6,5
CA006110549,1001,1315,22,72,10,5
USC00288878,617,1315,22,72,6,14
GME00125218,822,1315,22,72,8,10
GM000004204,427,1315,22,72,4,9
EZE00100082,823,1315,22,72,8,8
GM000004204,823,1315,22,72,8,9
GM000004204,902,1315,22,72,9,9
GME00125218,808,1315,22,72,8,10
UK000056225,725,1315,22,72,7,13
EZE00100082,409,1315,22,72,4,8
GM000004204,606,1315,22,72,6,9
ITE00100550,508,1315,22,72,5,11
AU000005901,818,1315,22,72,8,3
GM000004204,907,1315,22,72,9,9
BE000006447,426,1315,22,72,4,4
EZE00100082,907,1315,22,72,9,8
UK000056225,824,1315,22,72,8,13
EZE00100082,620,1315,22,72,6,8
GME00125218,615,1315,22,72,6,10
GM000004204,624,1315,22,72,6,9
ASN00066062,1120,1315,22,72,11,2
ASN00066062,510,1315,22,72,5,2
EZE00100082,529,1315,22,72,5,8
UK000056225,621,1315,22,72,6,13
GME00125218,809,1315,22,72,8,10
EZE00100082,614,1315,22,72,6,8
ASN00066062,1101,1315,22,72,11,2
AGE00135039,1005,1315,22,72,10,1
AU000005901,816,1315,22,72,8,3
ITE00100554,419,1315,22,72,4,11
ITE00100550,503,1315,22,72,5,11
AGE00135039,1011,1315,22,72,10,1
ASN00066062,317,1315,22,72,3,2
GM000004204,625,1315,22,72,6,9
ITE00100550,426,1315,22,72,4,11
AGE00135039,609,1315,22,72,6,1
AGE00135039,1007,1315,22,72,10,1
GME00125218,1004,1315,22,72,10,10
AGE00135039,1020,1315,22,72,10,1
UK000056225,719,1315,22,72,7,13
UK000056225,601,1315,22,72,6,13
GME00125218,802,1315,22,72,8,10
ASN00066062,213,1315,22,72,2,2
AGE00135039,1009,1315,22,72,10,1
UK000056225,718,1315,22,72,7,13
ITE00100554,420,1315,23,73,4,11
ASN00066062,130,1315,23,73,1,2
ASN00066062,224,1315,23,73,2,2
GME00125218,902,1315,23,73,9,10
BE000006447,709,1315,23,73,7,4
GM000004204,718,1315,23,73,7,9
ASN00086071,1215,1315,23,73,12,2
ASN00086071,513,1315,23,73,5,2
EZE00100082,1004,1315,23,73,10,8
ASN00066062,1021,1315,23,73,10,2
ASN00086071,1218,1315,23,73,12,2
BE000006447,606,1315,23,73,6,4
ASN00086071,404,1315,23,73,4,2
ASN00066062,1210,1315,23,73,12,2
ASN00086071,421,1315,23,73,4,2
ITE00100554,1005,1315,23,73,10,11
CA006150689,512,1315,23,73,5,5
CA006158350,814,1315,23,73,8,5
CA006106362,928,1315,23,73,9,5
CA006158350,809,1315,23,73,8,5
EIE00101859,526,1315,23,73,5,7
UK000047811,712,1315,23,73,7,13
CA006150689,609,1315,23,73,6,5
ASN00090015,316,1315,23,73,3,2
CA006110549,615,1315,23,73,6,5
CA006106362,1002,1315,23,73,10,5
CA006150689,810,1315,23,73,8,5
USC00288878,526,1315,23,73,5,14
CA006110549,818,1315,23,73,8,5
CA006158350,811,1315,23,73,8,5
ITE00100554,919,1315,23,73,9,11
ASN00090015,413,1315,23,73,4,2
CA006153192,421,1315,23,73,4,5
CA006137735,1002,1315,23,73,10,5
EIE00101859,529,1315,23,73,5,7
CA006106362,901,1315,23,73,9,5
ASN00066062,414,1315,23,73,4,2
CA006166416,1002,1315,23,73,10,5
CA006153192,901,1315,23,73,9,5
AU000005901,815,1315,23,73,8,3
CA006148100,512,1315,23,73,5,5
CA006166416,814,1315,23,73,8,5
CA006137735,412,1315,23,73,4,5
CA006137735,616,1315,23,73,6,5
CA006158350,520,1315,23,73,5,5
EIE00101859,725,1315,23,73,7,7
CA006137735,404,1315,23,73,4,5
ASN00066062,405,1315,23,73,4,2
CA006158350,620,1315,23,73,6,5
USC00288878,405,1315,23,73,4,14
EIE00101859,522,1315,23,73,5,7
CA006153192,802,1315,23,73,8,5
EIE00101859,523,1315,23,73,5,7
CA006150689,620,1315,23,73,6,5
CA006106362,611,1315,23,73,6,5
ASN00066062,1030,1315,23,73,10,2
CA006137735,929,1315,23,73,9,5
CA006139520,1001,1315,23,73,10,5
CA006106362,803,1315,23,73,8,5
UK000047811,721,1315,23,73,7,13
CA006106362,804,1315,23,73,8,5
CA006158350,828,1315,23,73,8,5
CA006139520,720,1315,23,73,7,5
CA006150689,806,1315,23,73,8,5
CA006106362,807,1315,23,73,8,5
CA006148100,620,1315,23,73,6,5
USC00288878,516,1315,23,73,5,14
CA006139520,719,1315,23,73,7,5
CA006106362,828,1315,23,73,8,5
USC00288878,520,1315,23,73,5,14
CA006139520,1016,1315,23,73,10,5
USC00288878,814,1315,23,73,8,14
CA006139520,911,1315,23,73,9,5
CA006106362,904,1315,23,73,9,5
ASN00090015,114,1315,23,73,1,2
USC00288878,909,1315,23,73,9,14
CA006150689,420,1315,23,73,4,5
ASN00090015,125,1315,23,73,1,2
CA006153192,607,1315,23,73,6,5
ASN00066062,907,1315,23,73,9,2
CA006150689,704,1315,23,73,7,5
CA006137735,1022,1315,23,73,10,5
AU000005901,1004,1315,23,73,10,3
ITE00100550,419,1315,23,73,4,11
CA006166416,906,1315,23,73,9,5
CA006139520,905,1315,23,73,9,5
CA006106362,905,1315,23,73,9,5
ITE00100550,504,1315,23,73,5,11
ASN00090015,110,1315,23,73,1,2
ASN00066062,1223,1315,23,73,12,2
ASN00090015,215,1315,23,73,2,2
CA006166416,903,1315,23,73,9,5
EZE00100082,1003,1315,23,73,10,8
CA006158350,627,1315,23,73,6,5
UK000047811,627,1315,23,73,6,13
CA006137735,1018,1315,23,73,10,5
ASN00090015,226,1315,23,73,2,2
CA006106362,627,1315,23,73,6,5
AU000005901,1005,1315,23,73,10,3
ASN00086071,225,1315,23,73,2,2
GM000004204,905,1315,23,73,9,9
EZE00100082,719,1315,23,73,7,8
EZE00100082,621,1315,23,73,6,8
ASN00086071,418,1315,23,73,4,2
ASN00066062,104,1315,23,73,1,2
ITE00100554,506,1315,23,73,5,11
AU000005901,1003,1315,23,73,10,3
EZE00100082,914,1315,23,73,9,8
BE000006447,427,1315,23,73,4,4
ASN00086071,1004,1315,23,73,10,2
AU000005901,817,1315,23,73,8,3
ASN00086071,110,1315,23,73,1,2
AU000005901,819,1315,23,73,8,3
AU000005901,809,1315,23,73,8,3
ASN00066062,501,1315,23,73,5,2
UK000056225,822,1315,23,73,8,13
AU000005901,914,1315,23,73,9,3
AGE00135039,610,1315,23,73,6,1
GME00125218,705,1315,23,73,7,10
GME00125218,527,1315,23,73,5,10
AGE00135039,615,1315,23,73,6,1
AGE00135039,526,1315,23,73,5,1
ITE00100554,930,1315,23,73,9,11
AU000005901,821,1315,23,73,8,3
AGE00135039,925,1315,23,73,9,1
AGE00135039,1012,1315,23,73,10,1
ITE00100550,930,1315,23,73,9,11
AU000005901,409,1315,23,73,4,3
AGE00135039,429,1315,23,73,4,1
BE000006447,905,1315,23,73,9,4
ITE00100554,529,1315,23,73,5,11
AGE00135039,525,1315,23,73,5,1
ITE00100550,1006,1315,23,73,10,11
EZE00100082,821,1315,23,73,8,8
BE000006447,601,1315,23,73,6,4
AGE00135039,1008,1315,23,73,10,1
ITE00100554,1002,1315,23,73,10,11
AGE00135039,1002,1315,23,73,10,1
AGE00135039,604,1315,23,73,6,1
GME00125218,1002,1315,23,73,10,10
GM000004204,613,1315,23,73,6,9
ITE00100554,514,1315,23,73,5,11
GM000004204,807,1315,23,74,8,9
GME00125218,717,1315,23,74,7,10
ITE00100550,420,1315,23,74,4,11
ITE00100550,505,1315,23,74,5,11
UK000056225,607,1315,23,74,6,13
AU000005901,510,1315,23,74,5,3
AU000005901,711,1315,23,74,7,3
ASN00066062,419,1315,23,74,4,2
BE000006447,611,1315,23,74,6,4
ASN00086071,1102,1315,23,74,11,2
ASN00066062,1110,1315,23,74,11,2
ASN00066062,306,1315,23,74,3,2
AU000005901,902,1315,23,74,9,3
UK000056225,624,1315,23,74,6,13
ASN00086071,904,1315,23,74,9,2
ASN00066062,123,1315,23,74,1,2
ASN00066062,323,1315,23,74,3,2
ASN00066062,1017,1315,23,74,10,2
ITE00100554,1006,1315,23,74,10,11
EZE00100082,808,1315,23,74,8,8
ASN00066062,417,1315,23,74,4,2
ITE00100550,911,1315,23,74,9,11
ASN00066062,1010,1315,23,74,10,2
ASN00066062,1019,1315,23,74,10,2
ASN00086071,409,1315,23,74,4,2
ASN00066062,1127,1315,23,74,11,2
CA006150689,604,1315,23,74,6,5
CA006110549,814,1315,23,74,8,5
CA006139520,912,1315,23,74,9,5
EIE00101859,716,1315,23,74,7,7
CA006110549,612,1315,23,74,6,5
CA006110549,518,1315,23,74,5,5
ASN00066062,402,1315,23,74,4,2
ASN00090015,320,1315,23,74,3,2
BE000006447,827,1315,23,74,8,4
ASN00086071,1123,1315,23,74,11,2
CA006153192,820,1315,23,74,8,5
BE000006447,428,1315,23,74,4,4
CA006148100,704,1315,23,74,7,5
ASN00086071,1021,1315,23,74,10,2
CA006106362,808,1315,23,74,8,5
ASN00090015,904,1315,23,74,9,2
ASN00066062,205,1315,23,74,2,2
ASN00090015,412,1315,23,74,4,2
CA006137735,906,1315,23,74,9,5
ASN00090015,307,1315,23,74,3,2
CA006106362,810,1315,23,74,8,5
CA006153192,912,1315,23,74,9,5
CA006148100,612,1315,23,74,6,5
CA006110549,810,1315,23,74,8,5
CA006110549,1018,1315,23,74,10,5
CA006110549,813,1315,23,74,8,5
CA006150689,905,1315,23,74,9,5
CA006166416,519,1315,23,74,5,5
EZE00100082,606,1315,23,74,6,8
CA006150689,611,1315,23,74,6,5
GME00125218,621,1315,23,74,6,10
ASN00090015,428,1315,23,74,4,2
USC00288878,527,1315,23,74,5,14
CA006166416,627,1315,23,74,6,5
UK000056225,715,1315,23,74,7,13
CA006139520,927,1315,23,74,9,5
EIE00101859,527,1315,23,74,5,7
CA006153192,927,1315,23,74,9,5
ASN00066062,1209,1315,23,74,12,2
CA006137735,831,1315,23,74,8,5
CA006153192,511,1315,23,74,5,5
ASN00066062,1219,1315,23,74,12,2
ASN00086071,210,1315,23,74,2,2
CA006150689,807,1315,23,74,8,5
CA006139520,821,1315,23,74,8,5
CA006110549,616,1315,23,74,6,5
UK000047811,717,1315,23,74,7,13
BE000006447,929,1315,23,74,9,4
CA006153192,1017,1315,23,74,10,5
CA006148100,814,1315,23,74,8,5
EIE00101859,710,1315,23,74,7,7
ASN00086071,1020,1315,23,74,10,2
CA006158350,702,1315,23,74,7,5
ASN00090015,1223,1315,23,74,12,2
CA006148100,428,1315,23,74,4,5
UK000047811,719,1315,23,74,7,13
CA006153192,821,1315,23,74,8,5
CA006137735,1020,1315,23,74,10,5
CA006150689,719,1315,23,74,7,5
USC00288878,828,1315,23,74,8,14
ASN00086071,228,1315,23,74,2,2
CA006148100,731,1315,23,74,7,5
BE000006447,620,1315,23,74,6,4
EIE00101859,730,1315,23,74,7,7
CA006150689,721,1315,23,74,7,5
ASN00066062,1112,1315,23,74,11,2
CA006137735,829,1315,23,74,8,5
CA006139520,1020,1315,23,74,10,5
UK000056225,823,1315,23,74,8,13
CA006106362,421,1315,23,74,4,5
CA006150689,803,1315,23,74,8,5
CA006139520,1017,1315,23,74,10,5
CA006150689,627,1315,23,74,6,5
UK000047811,720,1315,23,74,7,13
CA006148100,720,1315,23,74,7,5
CA006148100,623,1315,23,74,6,5
CA006110549,806,1315,23,74,8,5
EIE00101859,630,1315,23,74,6,7
CA006139520,601,1315,23,74,6,5
ASN00086071,323,1315,23,74,3,2
CA006153192,1022,1315,23,74,10,5
ASN00090015,117,1315,23,74,1,2
CA006110549,804,1315,23,74,8,5
AU000005901,922,1315,23,74,9,3
ASN00086071,1018,1315,23,74,10,2
CA006148100,721,1315,23,74,7,5
CA006106362,618,1315,23,74,6,5
CA006139520,804,1315,23,74,8,5
CA006148100,813,1315,23,74,8,5
GME00125218,619,1315,23,74,6,10
AU000005901,928,1315,23,74,9,3
EZE00100082,608,1315,23,74,6,8
EZE00100082,619,1315,23,74,6,8
BE000006447,823,1315,23,74,8,4
ITE00100550,528,1315,23,74,5,11
AU000005901,608,1315,23,74,6,3
GM000004204,621,1315,23,74,6,9
EZE00100082,706,1315,24,74,7,8
ASN00086071,1231,1315,24,74,12,2
ITE00100550,1004,1315,24,74,10,11
ITE00100550,510,1315,24,74,5,11
ITE00100554,508,1315,24,74,5,11
ASN00066062,1214,1315,24,74,12,2
ASN00086071,1229,1315,24,74,12,2
AGE00135039,1006,1315,24,74,10,1
ASN00086071,220,1315,24,74,2,2
ASN00066062,126,1315,24,74,1,2
BE000006447,623,1315,24,74,6,4
AGE00135039,528,1315,24,74,5,1
EZE00100082,710,1315,24,74,7,8
GME00125218,914,1315,24,74,9,10
BE000006447,604,1315,24,74,6,4
ASN00086071,417,1315,24,74,4,2
ITE00100550,427,1315,24,74,4,11
EZE00100082,824,1315,24,74,8,8
GM000004204,529,1315,24,74,5,9
GME00125218,608,1315,24,74,6,10
ASN00066062,1215,1315,24,74,12,2
ASN00066062,1224,1315,24,74,12,2
BE000006447,624,1315,24,74,6,4
ITE00100554,813,1315,24,74,8,11
ASN00066062,310,1315,24,74,3,2
GME00125218,625,1315,24,74,6,10
ASN00066062,418,1315,24,74,4,2
UK000056225,620,1315,24,74,6,13
ASN00086071,126,1315,24,74,1,2
GME00125218,624,1315,24,74,6,10
ASN00066062,413,1315,24,75,4,2
UK000056225,825,1315,24,75,8,13
AGE00135039,529,1315,24,75,5,1
AGE00135039,612,1315,24,75,6,1
BE000006447,717,1315,24,75,7,4
EZE00100082,820,1315,24,75,8,8
ASN00066062,403,1315,24,75,4,2
ASN00066062,424,1315,24,75,4,2
ITE00100550,428,1315,24,75,4,11
BE000006447,607,1315,24,75,6,4
ASN00066062,321,1315,24,75,3,2
ITE00100550,527,1315,24,75,5,11
ASN00066062,225,1315,24,75,2,2
EZE00100082,901,1315,24,75,9,8
GME00125218,716,1315,24,75,7,10
GM000004204,608,1315,24,75,6,9
ITE00100550,902,1315,24,75,9,11
GM000004204,712,1315,24,75,7,9
ITE00100550,1005,1315,24,75,10,11
CA006158350,701,1315,24,75,7,5
EZE00100082,705,1315,24,75,7,8
CA006166416,721,1315,24,75,7,5
CA006153192,910,1315,24,75,9,5
CA006150689,828,1315,24,75,8,5
CA006137735,518,1315,24,75,5,5
CA006110549,721,1315,24,75,7,5
GME00125218,907,1315,24,75,9,10
GME00125218,613,1315,24,75,6,10
UK000056225,426,1315,24,75,4,13
USC00288878,619,1315,24,75,6,14
EZE00100082,828,1315,24,75,8,8
CA006166416,904,1315,24,75,9,5
USC00288878,422,1315,24,75,4,14
CA006166416,704,1315,24,75,7,5
CA006137735,419,1315,24,75,4,5
CA006153192,616,1315,24,75,6,5
ASN00086071,1226,1315,24,75,12,2
ITE00100554,520,1315,24,75,5,11
ASN00086071,506,1315,24,75,5,2
ASN00090015,207,1315,24,75,2,2
ASN00066062,404,1315,24,75,4,2
ASN00090015,510,1315,24,75,5,2
CA006110549,405,1315,24,75,4,5
ASN00086071,1129,1315,24,75,11,2
CA006153192,405,1315,24,75,4,5
USC00288878,917,1315,24,75,9,14
CA006110549,827,1315,24,75,8,5
CA006158350,610,1315,24,75,6,5
CA006153192,615,1315,24,75,6,5
ASN00086071,331,1315,24,75,3,2
ASN00090015,1119,1315,24,75,11,2
USC00288878,907,1315,24,75,9,14
USC00288878,421,1315,24,75,4,14
ASN00066062,206,1315,24,75,2,2
ASN00066062,1213,1315,24,75,12,2
USC00288878,820,1315,24,75,8,14
CA006137735,604,1315,24,75,6,5
ITE00100554,924,1315,24,75,9,11
USC00288878,512,1315,24,75,5,14
ASN00090015,224,1315,24,75,2,2
ASN00066062,302,1315,24,75,3,2
ASN00090015,901,1315,24,75,9,2
EIE00101859,711,1315,24,75,7,7
CA006150689,808,1315,24,75,8,5
CA006166416,1008,1315,24,75,10,5
CA006166416,817,1315,24,75,8,5
ASN00090015,902,1315,24,75,9,2
CA006166416,810,1315,24,75,8,5
CA006150689,811,1315,24,75,8,5
CA006148100,903,1315,24,75,9,5
ASN00066062,320,1315,24,75,3,2
ASN00086071,914,1315,24,75,9,2
CA006110549,418,1315,24,75,4,5
CA006110549,606,1315,24,75,6,5
ASN00066062,106,1315,24,75,1,2
CA006137735,605,1315,24,75,6,5
EIE00101859,715,1315,24,75,7,7
USC00288878,913,1315,24,75,9,14
EZE00100082,609,1315,24,75,6,8
CA006137735,1008,1315,24,75,10,5
GME00125218,712,1315,24,75,7,10
CA006148100,621,1315,24,75,6,5
CA006153192,808,1315,24,75,8,5
CA006139520,710,1315,24,75,7,5
ASN00086071,129,1315,24,75,1,2
CA006153192,710,1315,24,75,7,5
CA006139520,820,1315,24,75,8,5
BE000006447,629,1315,24,75,6,4
CA006139520,809,1315,24,75,8,5
USC00288878,620,1315,24,75,6,14
EZE00100082,1002,1315,24,75,10,8
ASN00066062,423,1315,24,75,4,2
CA006137735,814,1315,24,75,8,5
CA006153192,904,1315,24,75,9,5
CA006153192,719,1315,24,75,7,5
CA006150689,904,1315,24,75,9,5
CA006110549,904,1315,24,75,9,5
CA006139520,810,1315,24,75,8,5
CA006110549,428,1315,24,75,4,5
EIE00101859,718,1315,24,75,7,7
ASN00086071,902,1315,24,75,9,2
ASN00066062,416,1315,24,75,4,2
ITE00100550,929,1315,24,75,9,11
ITE00100554,929,1315,24,75,9,11
AGE00135039,618,1315,24,75,6,1
GME00125218,905,1315,24,75,9,10
AGE00135039,1001,1315,24,75,10,1
AGE00135039,625,1315,24,75,6,1
AGE00135039,920,1315,24,75,9,1
AGE00135039,626,1315,24,75,6,1
AGE00135039,708,1315,24,75,7,1
ASN00086071,1002,1315,24,75,10,2
AU000005901,724,1315,24,75,7,3
ITE00100550,1001,1315,24,75,10,11
ITE00100554,920,1315,24,75,9,11
ASN00066062,327,1315,24,75,3,2
ITE00100554,921,1315,24,75,9,11
GM000004204,929,1315,24,75,9,9
ASN00066062,207,1315,24,75,2,2
AGE00135039,601,1315,24,75,6,1
AGE00135039,608,1315,24,75,6,1
AU000005901,822,1315,24,75,8,3
AGE00135039,927,1315,24,75,9,1
AGE00135039,622,1315,24,75,6,1
GME00125218,529,1315,24,75,5,10
ASN00066062,107,1315,24,75,1,2
AGE00135039,531,1315,24,75,5,1
AGE00135039,530,1315,24,75,5,1
GM000004204,1001,1315,24,75,10,9
GME00125218,807,1315,24,75,8,10
ASN00086071,429,1315,24,75,4,2
UK000056225,623,1315,24,75,6,13
ASN00066062,220,1315,24,75,2,2
UK000056225,708,1315,24,75,7,13
AU000005901,823,1315,24,75,8,3
BE000006447,825,1315,24,75,8,4
ITE00100554,427,1315,24,75,4,11
AU000005901,929,1315,24,75,9,3
ITE00100550,512,1315,24,75,5,11
GM000004204,927,1315,24,75,9,9
AU000005901,1002,1315,24,75,10,3
AU000005901,528,1315,24,75,5,3
ASN00066062,1227,1315,24,75,12,2
EZE00100082,712,1315,24,75,7,8
UK000056225,602,1315,24,76,6,13
ASN00066062,1024,1315,24,76,10,2
ITE00100554,512,1315,24,76,5,11
ITE00100550,813,1315,24,76,8,11
ITE00100554,531,1315,24,76,5,11
EZE00100082,928,1315,24,76,9,8
ITE00100554,527,1315,24,76,5,11
ASN00066062,1104,1315,24,76,11,2
ITE00100550,918,1315,24,76,9,11
ASN00066062,831,1315,24,76,8,2
ITE00100554,1001,1315,24,76,10,11
ASN00066062,1025,1315,24,76,10,2
UK000056225,622,1315,24,76,6,13
GM000004204,701,1315,24,76,7,9
AU000005901,930,1315,24,76,9,3
ITE00100554,902,1315,24,76,9,11
ASN00086071,1228,1315,24,76,12,2
ITE00100554,923,1315,24,76,9,11
AU000005901,707,1315,24,76,7,3
AU000005901,620,1315,24,76,6,3
ASN00086071,114,1315,24,76,1,2
ASN00066062,926,1315,24,76,9,2
ASN00066062,305,1315,24,76,3,2
ASN00066062,221,1315,24,76,2,2
EZE00100082,825,1315,24,76,8,8
CA006150689,720,1315,24,76,7,5
CA006137735,818,1315,24,76,8,5
CA006137735,608,1315,24,76,6,5
ASN00090015,222,1315,24,76,2,2
CA006153192,609,1315,24,76,6,5
CA006110549,719,1315,24,76,7,5
CA006166416,608,1315,24,76,6,5
EIE00101859,624,1315,24,76,6,7
CA006166416,719,1315,24,76,7,5
USC00288878,829,1315,24,76,8,14
ASN00086071,1207,1315,24,76,12,2
ITE00100554,828,1315,24,76,8,11
CA006153192,928,1315,24,76,9,5
USC00288878,818,1315,24,76,8,14
CA006153192,608,1315,24,76,6,5
CA006153192,507,1315,24,76,5,5
EIE00101859,717,1315,24,76,7,7
CA006158350,621,1315,24,76,6,5
USC00288878,926,1315,24,76,9,14
ASN00066062,1121,1315,24,76,11,2
CA006158350,714,1315,24,76,7,5
ASN00066062,1220,1315,24,76,12,2
CA006150689,813,1315,24,76,8,5
GME00125218,609,1315,24,76,6,10
CA006137735,627,1315,24,76,6,5
CA006110549,1002,1315,24,76,10,5
CA006148100,703,1315,24,76,7,5
ASN00066062,1116,1315,24,76,11,2
ASN00066062,124,1315,24,76,1,2
ASN00066062,318,1315,24,76,3,2
ITE00100550,511,1315,24,76,5,11
ASN00066062,408,1315,24,76,4,2
CA006137735,817,1315,24,76,8,5
CA006166416,511,1315,24,76,5,5
CA006139520,1018,1315,24,76,10,5
CA006166416,828,1315,24,76,8,5
CA006106362,811,1315,24,76,8,5
USC00288878,629,1315,24,76,6,14
CA006158350,710,1315,24,76,7,5
CA006106362,602,1315,24,76,6,5
CA006153192,1019,1315,24,76,10,5
CA006148100,725,1315,24,76,7,5
ITE00100550,509,1315,24,76,5,11
CA006137735,827,1315,24,76,8,5
CA006148100,622,1315,24,76,6,5
CA006148100,709,1315,24,76,7,5
CA006110549,828,1315,24,76,8,5
AU000005901,509,1315,24,76,5,3
EIE00101859,724,1315,24,76,7,7
CA006150689,622,1315,24,76,6,5
CA006139520,807,1315,24,76,8,5
CA006158350,622,1315,24,76,6,5
CA006110549,630,1315,24,76,6,5
USC00288878,821,1315,24,76,8,14
CA006148100,519,1315,24,76,5,5
CA006153192,804,1315,24,76,8,5
AU000005901,915,1315,24,76,9,3
UK000047811,623,1315,24,76,6,13
CA006150689,702,1315,24,76,7,5
CA006139520,623,1315,24,76,6,5
ITE00100554,428,1315,24,76,4,11
USC00288878,914,1315,24,76,9,14
CA006166416,616,1315,24,76,6,5
CA006137735,828,1315,24,76,8,5
CA006166416,614,1315,24,76,6,5
ASN00090015,1029,1315,24,76,10,2
ASN00086071,205,1315,24,76,2,2
CA006148100,702,1315,24,76,7,5
CA006166416,420,1315,24,76,4,5
GM000004204,609,1315,24,76,6,9
AGE00135039,929,1315,24,76,9,1
AGE00135039,713,1315,24,76,7,1
AGE00135039,712,1315,24,76,7,1
ASN00066062,415,1315,24,76,4,2
AGE00135039,628,1315,24,76,6,1
ASN00086071,310,1315,24,76,3,2
AGE00135039,611,1315,24,76,6,1
EZE00100082,929,1315,24,76,9,8
AU000005901,1001,1315,24,76,10,3
AGE00135039,1107,1315,24,76,11,1
ITE00100554,831,1315,24,76,8,11
AGE00135039,921,1315,24,76,9,1
EZE00100082,718,1315,24,76,7,8
EZE00100082,1001,1315,24,76,10,8
GM000004204,930,1315,24,76,9,9
AGE00135039,1010,1315,24,76,10,1
BE000006447,710,1315,25,76,7,4
GM000004204,1002,1315,25,76,10,9
AU000005901,706,1315,25,76,7,3
EZE00100082,807,1315,25,76,8,8
BE000006447,824,1315,25,76,8,4
ASN00066062,409,1315,25,76,4,2
BE000006447,602,1315,25,76,6,4
AU000005901,731,1315,25,76,7,3
AU000005901,831,1315,25,76,8,3
ITE00100550,1002,1315,25,76,10,11
ASN00066062,1020,1315,25,76,10,2
ASN00066062,326,1315,25,76,3,2
GM000004204,717,1315,25,76,7,9
ASN00066062,313,1315,25,76,3,2
EZE00100082,905,1315,25,76,9,8
ASN00066062,105,1315,25,76,1,2
EZE00100082,601,1315,25,76,6,8
BE000006447,716,1315,25,77,7,4
GM000004204,630,1315,25,77,6,9
ASN00066062,304,1315,25,77,3,2
ITE00100554,510,1315,25,77,5,11
AU000005901,625,1315,25,77,6,3
GME00125218,612,1315,25,77,6,10
ASN00066062,1107,1315,25,77,11,2
ITE00100554,904,1315,25,77,9,11
ITE00100550,531,1315,25,77,5,11
AU000005901,621,1315,25,77,6,3
AU000005901,616,1315,25,77,6,3
AU000005901,909,1315,25,77,9,3
ASN00086071,420,1315,25,77,4,2
ITE00100554,509,1315,25,77,5,11
ASN00090015,115,1315,25,77,1,2
ASN00090015,101,1315,25,77,1,2
ASN00086071,512,1315,25,77,5,2
CA006137735,704,1315,25,77,7,5
AGE00135039,627,1315,25,77,6,1
CA006110549,704,1315,25,77,7,5
CA006139520,619,1315,25,77,6,5
AGE00135039,710,1315,25,77,7,1
ASN00066062,131,1315,25,77,1,2
CA006137735,1017,1315,25,77,10,5
AGE00135039,919,1315,25,77,9,1
AGE00135039,711,1315,25,77,7,1
USC00288878,912,1315,25,77,9,14
UK000047811,625,1315,25,77,6,13
ASN00066062,223,1315,25,77,2,2
CA006158350,704,1315,25,77,7,5
ITE00100550,913,1315,25,77,9,11
CA006139520,904,1315,25,77,9,5
USC00288878,420,1315,25,77,4,14
CA006150689,705,1315,25,77,7,5
USC00288878,628,1315,25,77,6,14
ASN00090015,509,1315,25,77,5,2
CA006110549,903,1315,25,77,9,5
CA006110549,1008,1315,25,77,10,5
AGE00135039,629,1315,25,77,6,1
CA006106362,1006,1315,25,77,10,5
CA006153192,905,1315,25,77,9,5
CA006150689,613,1315,25,77,6,5
ITE00100554,914,1315,25,77,9,11
USC00288878,908,1315,25,77,9,14
AGE00135039,619,1315,25,77,6,1
ASN00090015,221,1315,25,77,2,2
AGE00135039,512,1315,25,77,5,1
AGE00135039,620,1315,25,77,6,1
CA006139520,1008,1315,25,77,10,5
CA006166416,803,1315,25,77,8,5
AU000005901,807,1315,25,77,8,3
CA006158350,806,1315,25,77,8,5
CA006137735,611,1315,25,77,6,5
GME00125218,823,1315,25,77,8,10
ASN00090015,410,1315,25,77,4,2
CA006139520,802,1315,25,77,8,5
ITE00100550,920,1315,25,77,9,11
CA006158350,801,1315,25,77,8,5
EIE00101859,719,1315,25,77,7,7
CA006148100,801,1315,25,77,8,5
CA006158350,731,1315,25,77,7,5
CA006137735,602,1315,25,77,6,5
CA006139520,602,1315,25,77,6,5
AGE00135039,623,1315,25,77,6,1
ASN00086071,326,1315,25,77,3,2
AGE00135039,930,1315,25,77,9,1
CA006158350,624,1315,25,77,6,5
CA006153192,828,1315,25,77,8,5
CA006166416,512,1315,25,77,5,5
CA006158350,722,1315,25,77,7,5
AGE00135039,624,1315,25,77,6,1
AU000005901,723,1315,25,77,7,3
ASN00090015,1214,1315,25,77,12,2
CA006158350,623,1315,25,77,6,5
CA006166416,827,1315,25,77,8,5
CA006110549,807,1315,25,77,8,5
CA006158350,807,1315,25,77,8,5
USC00288878,827,1315,25,77,8,14
CA006166416,807,1315,25,77,8,5
ITE00100550,609,1315,25,77,6,11
CA006148100,901,1315,25,77,9,5
AU000005901,927,1315,25,77,9,3
CA006153192,418,1315,25,77,4,5
AGE00135039,813,1315,25,77,8,1
CA006110549,817,1315,25,77,8,5
ASN00086071,311,1315,25,77,3,2
ASN00090015,313,1315,25,77,3,2
AGE00135039,716,1315,25,77,7,1
ITE00100554,811,1315,25,77,8,11
CA006137735,620,1315,25,77,6,5
AGE00135039,928,1315,25,77,9,1
CA006153192,809,1315,25,77,8,5
CA006139520,928,1315,25,77,9,5
USC00288878,819,1315,25,77,8,14
CA006166416,808,1315,25,77,8,5
ITE00100554,911,1315,25,77,9,11
BE000006447,826,1315,25,77,8,4
ASN00066062,412,1315,25,77,4,2
ASN00066062,1023,1315,25,77,10,2
ASN00086071,113,1315,25,77,1,2
ASN00086071,322,1315,25,77,3,2
ASN00066062,312,1315,25,77,3,2
ITE00100554,812,1315,25,77,8,11
AU000005901,825,1315,25,77,8,3
GME00125218,828,1315,25,77,8,10
UK000056225,609,1315,25,77,6,13
ASN00086071,430,1315,25,77,4,2
GM000004204,824,1315,25,77,8,9
AU000005901,704,1315,25,77,7,3
GME00125218,908,1315,25,77,9,10
ITE00100554,601,1315,25,77,6,11
ASN00066062,311,1315,25,77,3,2
ASN00066062,226,1315,25,77,2,2
ITE00100554,604,1315,25,77,6,11
ASN00066062,319,1315,25,77,3,2
ITE00100554,511,1315,25,77,5,11
ASN00066062,1211,1315,25,77,12,2
ASN00066062,1022,1315,25,77,10,2
ASN00086071,131,1315,25,78,1,2
BE000006447,608,1315,25,78,6,4
EZE00100082,610,1315,25,78,6,8
AU000005901,702,1315,25,78,7,3
GME00125218,824,1315,25,78,8,10
GME00125218,928,1315,25,78,9,10
AU000005901,906,1315,25,78,9,3
ASN00066062,208,1315,25,78,2,2
AU000005901,824,1315,25,78,8,3
BE000006447,630,1315,25,78,6,4
ASN00066062,201,1315,25,78,2,2
GME00125218,929,1315,25,78,9,10
ASN00090015,302,1315,25,78,3,2
AU000005901,428,1315,25,78,4,3
AU000005901,624,1315,25,78,6,3
GM000004204,828,1315,25,78,8,9
GME00125218,1001,1315,25,78,10,10
AU000005901,901,1315,25,78,9,3
AU000005901,430,1315,25,78,4,3
GM000004204,928,1315,25,78,9,9
ASN00066062,111,1315,25,78,1,2
ITE00100554,629,1315,25,78,6,11
GM000004204,612,1315,25,78,6,9
ASN00086071,1205,1315,26,78,12,2
EZE00100082,930,1315,26,78,9,8
AGE00135039,721,1315,26,78,7,1
ASN00086071,508,1315,26,78,5,2
ASN00086071,510,1315,26,78,5,2
EZE00100082,626,1315,26,78,6,8
AGE00135039,913,1315,26,78,9,1
AGE00135039,915,1315,26,78,9,1
EZE00100082,924,1315,26,78,9,8
ASN00086071,121,1315,26,78,1,2
BE000006447,711,1315,26,78,7,4
GM000004204,716,1315,26,78,7,9
BE000006447,628,1315,26,78,6,4
ASN00086071,123,1315,26,78,1,2
AU000005901,712,1315,26,78,7,3
GM000004204,428,1315,26,78,4,9
AGE00135039,714,1315,26,78,7,1
AGE00135039,728,1315,26,78,7,1
ASN00086071,1204,1315,26,78,12,2
AU000005901,905,1315,26,78,9,3
ASN00066062,214,1315,26,78,2,2
AGE00135039,603,1315,26,78,6,1
BE000006447,603,1315,26,78,6,4
CA006150689,718,1315,26,78,7,5
EIE00101859,625,1315,26,78,6,7
USC00288878,630,1315,26,78,6,14
CA006110549,614,1315,26,78,6,5
UK000047811,628,1315,26,78,6,13
ASN00090015,213,1315,26,78,2,2
CA006137735,1016,1315,26,78,10,5
USC00288878,710,1315,26,78,7,14
USC00288878,822,1315,26,78,8,14
CA006110549,1016,1315,26,78,10,5
CA006137735,420,1315,26,78,4,5
ITE00100550,829,1315,26,78,8,11
ASN00066062,1122,1315,26,78,11,2
ITE00100554,903,1315,26,78,9,11
CA006139520,827,1315,26,78,8,5
ASN00066062,324,1315,26,78,3,2
CA006139520,611,1315,26,78,6,5
CA006148100,609,1315,26,78,6,5
CA006106362,903,1315,26,78,9,5
ITE00100554,830,1315,26,78,8,11
EIE00101859,723,1315,26,78,7,7
CA006150689,903,1315,26,78,9,5
CA006148100,608,1315,26,78,6,5
ASN00090015,1017,1315,26,78,10,2
CA006153192,1016,1315,26,78,10,5
AU000005901,529,1315,26,78,5,3
ASN00066062,322,1315,26,78,3,2
CA006110549,709,1315,26,78,7,5
CA006153192,827,1315,26,78,8,5
CA006106362,1015,1315,26,78,10,5
CA006150689,711,1315,26,78,7,5
CA006166416,630,1315,26,78,6,5
ASN00090015,430,1315,26,78,4,2
CA006110549,519,1315,26,78,5,5
CA006166416,702,1315,26,78,7,5
CA006139520,817,1315,26,78,8,5
CA006110549,730,1315,26,78,7,5
CA006158350,614,1315,26,78,6,5
CA006110549,613,1315,26,78,6,5
EIE00101859,720,1315,26,78,7,7
CA006106362,831,1315,26,78,8,5
CA006158350,730,1315,26,78,7,5
CA006139520,607,1315,26,78,6,5
CA006137735,512,1315,26,78,5,5
USC00288878,406,1315,26,78,4,14
CA006150689,623,1315,26,78,6,5
CA006106362,813,1315,26,78,8,5
CA006148100,521,1315,26,78,5,5
CA006110549,723,1315,26,78,7,5
ITE00100554,913,1315,26,78,9,11
CA006148100,723,1315,26,78,7,5
CA006137735,614,1315,26,78,6,5
CA006106362,731,1315,26,78,7,5
CA006150689,723,1315,26,78,7,5
CA006153192,829,1315,26,78,8,5
CA006153192,810,1315,26,78,8,5
CA006153192,811,1315,26,78,8,5
CA006148100,710,1315,26,78,7,5
CA006150689,710,1315,26,78,7,5
ASN00066062,410,1315,26,78,4,2
ASN00066062,209,1315,26,78,2,2
USC00288878,612,1315,26,78,6,14
CA006166416,720,1315,26,78,7,5
CA006158350,723,1315,26,78,7,5
CA006166416,801,1315,26,78,8,5
AGE00135039,918,1315,26,78,9,1
ASN00086071,419,1315,26,78,4,2
UK000056225,720,1315,26,78,7,13
ASN00066062,325,1315,26,78,3,2
AU000005901,619,1315,26,78,6,3
AU000005901,923,1315,26,78,9,3
AU000005901,808,1315,26,78,8,3
AGE00135039,914,1315,26,78,9,1
BE000006447,612,1315,26,78,6,4
ASN00066062,109,1315,26,79,1,2
ITE00100550,529,1315,26,79,5,11
EZE00100082,622,1315,26,79,6,8
EZE00100082,428,1315,26,79,4,8
ASN00086071,117,1315,26,79,1,2
ASN00066062,905,1315,26,79,9,2
AU000005901,609,1315,26,79,6,3
ASN00066062,420,1315,26,79,4,2
ITE00100554,916,1315,26,79,9,11
AGE00135039,720,1315,26,79,7,1
AGE00135039,814,1315,26,79,8,1
GME00125218,825,1315,26,79,8,10
ITE00100554,917,1315,26,79,9,11
GME00125218,930,1315,26,79,9,10
AGE00135039,917,1315,26,79,9,1
AGE00135039,715,1315,26,79,7,1
ASN00086071,1227,1315,26,79,12,2
ASN00086071,130,1315,26,79,1,2
AU000005901,530,1315,26,79,5,3
AGE00135039,815,1315,26,79,8,1
EZE00100082,927,1315,26,79,9,8
AGE00135039,802,1315,26,79,8,1
AGE00135039,709,1315,26,79,7,1
ITE00100550,601,1315,26,79,6,11
BE000006447,625,1315,26,79,6,4
AGE00135039,717,1315,26,79,7,1
ASN00066062,127,1315,26,79,1,2
ASN00090015,326,1315,26,79,3,2
ASN00066062,1228,1315,26,79,12,2
CA006137735,428,1315,26,79,4,5
ASN00090015,323,1315,26,79,3,2
ASN00066062,1229,1315,26,79,12,2
CA006137735,418,1315,26,79,4,5
ASN00066062,411,1315,26,79,4,2
ASN00086071,112,1315,26,79,1,2
ASN00066062,101,1315,26,79,1,2
CA006158350,708,1315,26,79,7,5
USC00288878,605,1315,26,79,6,14
CA006148100,730,1315,26,79,7,5
CA006158350,703,1315,26,79,7,5
EZE00100082,906,1315,26,79,9,8
UK000047811,711,1315,26,79,7,13
CA006150689,621,1315,26,79,6,5
CA006166416,609,1315,26,79,6,5
USC00288878,830,1315,26,79,8,14
ASN00086071,1028,1315,26,79,10,2
USC00288878,807,1315,26,79,8,14
CA006110549,602,1315,26,79,6,5
USC00288878,815,1315,26,79,8,14
CA006166416,730,1315,26,79,7,5
USC00288878,906,1315,26,79,9,14
CA006110549,731,1315,26,79,7,5
EIE00101859,629,1315,26,79,6,7
CA006150689,731,1315,26,79,7,5
ASN00086071,1017,1315,26,79,10,2
USC00288878,701,1315,26,79,7,14
CA006150689,626,1315,26,79,6,5
USC00288878,811,1315,26,79,8,14
CA006166416,723,1315,26,79,7,5
CA006148100,724,1315,26,79,7,5
USC00288878,809,1315,26,79,8,14
CA006106362,606,1315,26,79,6,5
USC00288878,618,1315,26,79,6,14
CA006148100,705,1315,26,79,7,5
USC00288878,810,1315,26,79,8,14
CA006106362,719,1315,26,79,7,5
ASN00090015,508,1315,26,79,5,2
CA006153192,1002,1315,26,79,10,5
CA006148100,613,1315,26,79,6,5
BE000006447,627,1315,26,79,6,4
CA006139520,1002,1315,26,79,10,5
CA006150689,901,1315,26,79,9,5
CA006106362,511,1315,26,79,5,5
CA006166416,710,1315,26,79,7,5
CA006110549,901,1315,26,79,9,5
CA006153192,906,1315,26,79,9,5
CA006153192,614,1315,26,79,6,5
ASN00086071,1116,1315,26,79,11,2
CA006166416,901,1315,26,79,9,5
CA006139520,806,1315,26,79,8,5
CA006137735,623,1315,26,79,6,5
CA006153192,806,1315,26,79,8,5
CA006137735,612,1315,26,79,6,5
UK000047811,624,1315,26,79,6,13
CA006106362,623,1315,26,79,6,5
EIE00101859,627,1315,26,79,6,7
CA006148100,726,1315,26,79,7,5
CA006150689,714,1315,26,79,7,5
UK000047811,710,1315,26,79,7,13
CA006139520,831,1315,26,79,8,5
ITE00100550,604,1315,26,79,6,11
ITE00100550,830,1315,26,79,8,11
ITE00100550,921,1315,26,79,9,11
AU000005901,829,1315,26,79,8,3
ITE00100550,607,1315,26,79,6,11
UK000056225,712,1315,26,79,7,13
ASN00086071,502,1315,26,79,5,2
ITE00100554,821,1315,26,79,8,11
AU000005901,925,1315,26,79,9,3
ITE00100554,605,1315,26,79,6,11
ASN00086071,509,1315,26,79,5,2
GME00125218,428,1315,26,79,4,10
AU000005901,429,1315,26,79,4,3
GM000004204,825,1315,26,79,8,9
ITE00100554,915,1315,26,79,9,11
AGE00135039,602,1315,26,79,6,1
BE000006447,621,1315,26,80,6,4
UK000056225,608,1315,26,80,6,13
ITE00100550,605,1315,26,80,6,11
GM000004204,923,1315,26,80,9,9
ASN00066062,228,1315,26,80,2,2
GM000004204,610,1315,26,80,6,9
UK000056225,628,1315,26,80,6,13
GME00125218,927,1315,26,80,9,10
ITE00100554,910,1315,26,80,9,11
ASN00066062,227,1315,26,80,2,2
ASN00086071,511,1315,26,80,5,2
EZE00100082,925,1315,26,80,9,8
AGE00135039,831,1315,26,80,8,1
ASN00066062,217,1315,26,80,2,2
AGE00135039,621,1315,26,80,6,1
AU000005901,826,1315,26,80,8,3
AGE00135039,816,1315,26,80,8,1
AU000005901,501,1315,26,80,5,3
EZE00100082,627,1315,26,80,6,8
ASN00086071,108,1315,26,80,1,2
AGE00135039,726,1315,26,80,7,1
AU000005901,924,1315,26,80,9,3
AGE00135039,922,1315,26,80,9,1
BE000006447,712,1315,26,80,7,4
AGE00135039,809,1315,26,80,8,1
AGE00135039,811,1315,26,80,8,1
ITE00100550,922,1315,26,80,9,11
AGE00135039,803,1315,26,80,8,1
AGE00135039,810,1315,26,80,8,1
ITE00100550,923,1315,26,80,9,11
AGE00135039,808,1315,26,80,8,1
ITE00100550,815,1315,26,80,8,11
ASN00066062,1230,1315,27,80,12,2
ITE00100554,829,1315,27,80,8,11
ITE00100554,615,1315,27,80,6,11
EZE00100082,717,1315,27,80,7,8
GM000004204,603,1315,27,80,6,9
EZE00100082,926,1315,27,80,9,8
ITE00100554,905,1315,27,80,9,11
BE000006447,626,1315,27,80,6,4
CA006158350,726,1315,27,80,7,5
CA006148100,711,1315,27,80,7,5
CA006139520,906,1315,27,80,9,5
USC00288878,615,1315,27,80,6,14
CA006139520,721,1315,27,80,7,5
CA006158350,724,1315,27,80,7,5
CA006166416,620,1315,27,80,6,5
CA006150689,724,1315,27,80,7,5
CA006106362,929,1315,27,80,9,5
CA006166416,709,1315,27,80,7,5
EIE00101859,721,1315,27,80,7,7
ASN00086071,422,1315,27,80,4,2
USC00288878,722,1315,27,80,7,14
ITE00100550,615,1315,27,80,6,11
USC00288878,918,1315,27,80,9,14
CA006106362,718,1315,27,80,7,5
CA006110549,421,1315,27,80,4,5
CA006110549,718,1315,27,80,7,5
USC00288878,613,1315,27,80,6,14
CA006158350,711,1315,27,80,7,5
CA006110549,811,1315,27,80,8,5
CA006106362,512,1315,27,80,5,5
CA006110549,511,1315,27,80,5,5
CA006166416,811,1315,27,80,8,5
CA006166416,731,1315,27,80,7,5
CA006139520,630,1315,27,80,6,5
CA006158350,626,1315,27,80,6,5
CA006153192,428,1315,27,80,4,5
CA006106362,604,1315,27,80,6,5
EIE00101859,626,1315,27,80,6,7
ASN00090015,111,1315,27,80,1,2
CA006158350,902,1315,27,80,9,5
CA006139520,803,1315,27,80,8,5
CA006153192,803,1315,27,80,8,5
ASN00090015,1030,1315,27,80,10,2
ASN00066062,1231,1315,27,80,12,2
ASN00086071,412,1315,27,80,4,2
USC00288878,806,1315,27,80,8,14
CA006150689,521,1315,27,80,5,5
ITE00100554,806,1315,27,80,8,11
CA006137735,519,1315,27,80,5,5
USC00288878,805,1315,27,80,8,14
AGE00135039,804,1315,27,80,8,1
CA006137735,702,1315,27,80,7,5
USC00288878,607,1315,27,80,6,14
CA006158350,729,1315,27,80,7,5
CA006150689,707,1315,27,80,7,5
EZE00100082,716,1315,27,80,7,8
CA006139520,818,1315,27,80,8,5
CA006153192,1008,1315,27,80,10,5
CA006106362,728,1315,27,80,7,5
AGE00135039,905,1315,27,80,9,1
CA006158350,705,1315,27,80,7,5
ASN00090015,124,1315,27,80,1,2
CA006137735,904,1315,27,80,9,5
CA006153192,704,1315,27,80,7,5
EZE00100082,827,1315,27,80,8,8
CA006137735,511,1315,27,80,5,5
USC00288878,812,1315,27,80,8,14
CA006139520,703,1315,27,80,7,5
ASN00086071,1122,1315,27,80,11,2
USC00288878,608,1315,27,80,6,14
AU000005901,820,1315,27,80,8,3
GME00125218,701,1315,27,80,7,10
ASN00066062,422,1315,27,80,4,2
UK000056225,713,1315,27,80,7,13
ITE00100554,618,1315,27,80,6,11
AU000005901,804,1315,27,80,8,3
ITE00100550,618,1315,27,80,6,11
ITE00100554,815,1315,27,80,8,11
AU000005901,926,1315,27,80,9,3
UK000056225,709,1315,27,80,7,13
AU000005901,622,1315,27,80,6,3
UK000056225,625,1315,27,80,6,13
AU000005901,605,1315,27,80,6,3
EZE00100082,701,1315,27,80,7,8
ASN00066062,1216,1315,27,80,12,2
ASN00086071,206,1315,27,80,2,2
AU000005901,626,1315,27,80,6,3
ASN00086071,219,1315,27,80,2,2
BE000006447,715,1315,27,80,7,4
ITE00100550,910,1315,27,80,9,11
ASN00086071,202,1315,27,80,2,2
GME00125218,923,1315,27,80,9,10
AGE00135039,906,1315,27,81,9,1
AU000005901,907,1315,27,81,9,3
ITE00100554,906,1315,27,81,9,11
ASN00066062,303,1315,27,81,3,2
AGE00135039,830,1315,27,81,8,1
AGE00135039,904,1315,27,81,9,1
AGE00135039,912,1315,27,81,9,1
AGE00135039,901,1315,27,81,9,1
AU000005901,610,1315,27,81,6,3
AGE00135039,707,1315,27,81,7,1
AGE00135039,812,1315,27,81,8,1
AGE00135039,727,1315,27,81,7,1
AGE00135039,807,1315,27,81,8,1
AGE00135039,614,1315,27,81,6,1
ITE00100550,924,1315,27,81,9,11
GM000004204,924,1315,27,81,9,9
GME00125218,924,1315,27,81,9,10
AGE00135039,806,1315,27,81,8,1
AGE00135039,923,1315,27,81,9,1
AGE00135039,822,1315,27,81,8,1
ITE00100550,625,1315,27,81,6,11
AGE00135039,823,1315,27,81,8,1
ITE00100554,909,1315,27,81,9,11
AU000005901,705,1315,27,81,7,3
GME00125218,610,1315,27,81,6,10
AU000005901,628,1315,27,81,6,3
GM000004204,713,1315,27,81,7,9
ITE00100554,626,1315,27,81,6,11
ASN00066062,1105,1315,27,81,11,2
GM000004204,908,1315,27,81,9,9
ASN00066062,1009,1315,27,81,10,2
ASN00066062,216,1315,27,81,2,2
CA006139520,718,1315,27,81,7,5
ITE00100550,831,1315,27,81,8,11
CA006106362,723,1315,27,81,7,5
CA006166416,622,1315,27,81,6,5
CA006110549,725,1315,27,81,7,5
CA006158350,725,1315,27,81,7,5
ASN00086071,318,1315,27,81,3,2
CA006158350,727,1315,27,81,7,5
ITE00100554,807,1315,27,81,8,11
CA006137735,622,1315,27,81,6,5
CA006110549,622,1315,27,81,6,5
ASN00066062,1212,1315,27,81,12,2
CA006153192,818,1315,27,81,8,5
CA006150689,730,1315,27,81,7,5
CA006106362,730,1315,27,81,7,5
ASN00086071,316,1315,27,81,3,2
ASN00090015,502,1315,27,81,5,2
ASN00090015,411,1315,27,81,4,2
CA006150689,709,1315,27,81,7,5
USC00288878,616,1315,27,81,6,14
CA006139520,709,1315,27,81,7,5
CA006166416,626,1315,27,81,6,5
USC00288878,921,1315,27,81,9,14
ASN00090015,1028,1315,27,81,10,2
ASN00066062,115,1315,27,81,1,2
EZE00100082,630,1315,27,81,6,8
EIE00101859,628,1315,27,81,6,7
CA006153192,420,1315,27,81,4,5
CA006153192,627,1315,27,81,6,5
CA006110549,420,1315,27,81,4,5
ITE00100550,914,1315,27,81,9,11
ASN00066062,211,1315,27,81,2,2
USC00288878,513,1315,27,81,5,14
CA006148100,707,1315,27,81,7,5
CA006106362,1008,1315,27,81,10,5
CA006137735,901,1315,27,81,9,5
UK000056225,714,1315,27,81,7,13
CA006139520,704,1315,27,81,7,5
ASN00086071,503,1315,27,81,5,2
CA006137735,903,1315,27,81,9,5
CA006148100,713,1315,27,81,7,5
ASN00066062,210,1315,27,81,2,2
ASN00090015,511,1315,27,81,5,2
USC00288878,831,1315,27,81,8,14
CA006110549,512,1315,27,81,5,5
GME00125218,630,1315,27,81,6,10
ASN00086071,204,1315,27,81,2,2
GM000004204,626,1315,27,81,6,9
AU000005901,908,1315,27,81,9,3
EZE00100082,713,1315,27,81,7,8
AU000005901,827,1315,27,81,8,3
GM000004204,611,1315,27,81,6,9
ITE00100554,625,1315,27,81,6,11
ITE00100554,630,1315,27,81,6,11
ITE00100550,617,1315,27,81,6,11
UK000056225,629,1315,27,81,6,13
ITE00100554,912,1315,27,81,9,11
UK000056225,710,1315,27,81,7,13
ITE00100550,915,1315,28,82,9,11
GM000004204,826,1315,28,82,8,9
ITE00100550,925,1315,28,82,9,11
AU000005901,623,1315,28,82,6,3
ITE00100550,904,1315,28,82,9,11
ITE00100554,809,1315,28,82,8,11
ITE00100550,812,1315,28,82,8,11
ITE00100554,602,1315,28,82,6,11
GME00125218,713,1315,28,82,7,10
GM000004204,622,1315,28,82,6,9
BE000006447,610,1315,28,82,6,4
AGE00135039,824,1315,28,82,8,1
ASN00086071,1016,1315,28,82,10,2
ASN00066062,906,1315,28,82,9,2
UK000056225,627,1315,28,82,6,13
ITE00100554,817,1315,28,82,8,11
ITE00100554,814,1315,28,82,8,11
BE000006447,609,1315,28,82,6,4
ASN00066062,118,1315,28,82,1,2
ASN00086071,302,1315,28,82,3,2
CA006137735,521,1315,28,82,5,5
CA006153192,814,1315,28,82,8,5
CA006139520,814,1315,28,82,8,5
CA006139520,813,1315,28,82,8,5
CA006148100,626,1315,28,82,6,5
CA006106362,622,1315,28,82,6,5
GM000004204,629,1315,28,82,6,9
CA006110549,801,1315,28,82,8,5
CA006153192,807,1315,28,82,8,5
CA006106362,801,1315,28,82,8,5
CA006106362,1016,1315,28,82,10,5
ASN00086071,501,1315,28,82,5,2
USC00288878,731,1315,28,82,7,14
CA006110549,608,1315,28,82,6,5
USC00288878,803,1315,28,82,8,14
CA006153192,512,1315,28,82,5,5
ITE00100550,811,1315,28,82,8,11
USC00288878,808,1315,28,82,8,14
USC00288878,606,1315,28,82,6,14
CA006139520,627,1315,28,82,6,5
CA006148100,625,1315,28,82,6,5
CA006110549,1015,1315,28,82,10,5
CA006137735,709,1315,28,82,7,5
CA006110549,710,1315,28,82,7,5
CA006166416,621,1315,28,82,6,5
AGE00135039,825,1315,28,82,8,1
USC00288878,804,1315,28,82,8,14
AGE00135039,911,1315,28,82,9,1
CA006139520,615,1315,28,82,6,5
CA006106362,721,1315,28,82,7,5
CA006110549,720,1315,28,82,7,5
CA006150689,712,1315,28,82,7,5
CA006139520,828,1315,28,82,8,5
USC00288878,905,1315,28,82,9,14
ITE00100550,903,1315,28,82,9,11
CA006150689,713,1315,28,82,7,5
USC00288878,720,1315,28,82,7,14
ASN00090015,218,1315,28,82,2,2
EIE00101859,722,1315,28,82,7,7
CA006150689,726,1315,28,82,7,5
USC00288878,702,1315,28,82,7,14
CA006110549,703,1315,28,82,7,5
CA006137735,703,1315,28,82,7,5
CA006150689,703,1315,28,82,7,5
CA006153192,611,1315,28,82,6,5
CA006137735,621,1315,28,82,6,5
ASN00090015,217,1315,28,82,2,2
CA006106362,706,1315,28,82,7,5
CA006148100,728,1315,28,82,7,5
CA006148100,727,1315,28,82,7,5
CA006139520,614,1315,28,82,6,5
ASN00090015,210,1315,28,82,2,2
CA006158350,707,1315,28,82,7,5
ASN00066062,112,1315,28,82,1,2
EZE00100082,605,1315,28,82,6,8
AU000005901,828,1315,28,82,8,3
GM000004204,827,1315,28,82,8,9
AU000005901,531,1315,28,82,5,3
ITE00100554,908,1315,28,82,9,11
AGE00135039,827,1315,28,82,8,1
ITE00100550,806,1315,28,82,8,11
ITE00100550,619,1315,28,82,6,11
ITE00100554,619,1315,28,82,6,11
ITE00100550,606,1315,28,82,6,11
AGE00135039,701,1315,28,82,7,1
ITE00100550,909,1315,28,82,9,11
AGE00135039,725,1315,28,82,7,1
AU000005901,602,1315,28,82,6,3
AGE00135039,924,1315,28,82,9,1
ASN00066062,915,1315,28,82,9,2
AGE00135039,706,1315,28,82,7,1
EZE00100082,628,1315,28,83,6,8
UK000056225,626,1315,28,83,6,13
ASN00066062,421,1315,28,83,4,2
GME00125218,827,1315,28,83,8,10
AU000005901,606,1315,28,83,6,3
BE000006447,714,1315,28,83,7,4
EZE00100082,908,1315,28,83,9,8
ITE00100550,905,1315,28,83,9,11
EZE00100082,612,1315,28,83,6,8
ASN00086071,203,1315,28,83,2,2
ITE00100550,917,1315,28,83,9,11
CA006166416,714,1315,28,83,7,5
CA006106362,707,1315,28,83,7,5
CA006153192,723,1315,28,83,7,5
ITE00100554,816,1315,28,83,8,11
CA006137735,613,1315,28,83,6,5
CA006137735,609,1315,28,83,6,5
CA006166416,705,1315,28,83,7,5
USC00288878,623,1315,28,83,6,14
USC00288878,729,1315,28,83,7,14
CA006150689,725,1315,28,83,7,5
ITE00100554,616,1315,28,83,6,11
CA006139520,702,1315,28,83,7,5
CA006150689,728,1315,28,83,7,5
CA006153192,726,1315,28,83,7,5
CA006153192,620,1315,28,83,6,5
CA006150689,706,1315,28,83,7,5
ASN00090015,1016,1315,28,83,10,2
CA006153192,703,1315,28,83,7,5
CA006166416,613,1315,28,83,6,5
CA006106362,720,1315,28,83,7,5
GME00125218,826,1315,28,83,8,10
CA006158350,706,1315,28,83,7,5
CA006166416,726,1315,28,83,7,5
USC00288878,919,1315,28,83,9,14
ASN00090015,1031,1315,28,83,10,2
ASN00090015,1216,1315,28,83,12,2
CA006153192,731,1315,28,83,7,5
USC00288878,621,1315,28,83,6,14
BE000006447,713,1315,28,83,7,4
CA006137735,705,1315,28,83,7,5
CA006106362,702,1315,28,83,7,5
USC00288878,711,1315,28,83,7,14
USC00288878,901,1315,28,83,9,14
CA006148100,712,1315,28,83,7,5
CA006106362,620,1315,28,83,6,5
CA006139520,801,1315,28,83,8,5
USC00288878,801,1315,28,83,8,14
ASN00066062,307,1315,28,83,3,2
ITE00100554,617,1315,28,83,6,11
AU000005901,601,1315,28,83,6,3
AU000005901,701,1315,28,83,7,3
ITE00100554,810,1315,28,83,8,11
ITE00100554,822,1315,28,83,8,11
AGE00135039,718,1315,28,83,7,1
AGE00135039,723,1315,28,83,7,1
EZE00100082,604,1315,28,83,6,8
ITE00100554,802,1315,29,83,8,11
ITE00100554,801,1315,29,83,8,11
ITE00100550,626,1315,29,83,6,11
ITE00100554,606,1315,29,83,6,11
ASN00086071,122,1315,29,83,1,2
ITE00100554,820,1315,29,83,8,11
ITE00100554,725,1315,29,84,7,11
ITE00100550,807,1315,29,84,8,11
ASN00086071,226,1315,29,84,2,2
ASN00066062,1123,1315,29,84,11,2
ITE00100550,916,1315,29,84,9,11
ITE00100554,720,1315,29,84,7,11
EZE00100082,826,1315,29,84,8,8
AU000005901,611,1315,29,84,6,3
ITE00100554,824,1315,29,84,8,11
EZE00100082,602,1315,29,84,6,8
GME00125218,626,1315,29,84,6,10
ITE00100550,725,1315,29,84,7,11
ITE00100554,808,1315,29,84,8,11
ITE00100550,608,1315,29,84,6,11
ITE00100550,828,1315,29,84,8,11
ITE00100554,819,1315,29,84,8,11
GME00125218,629,1315,29,84,6,10
GM000004204,714,1315,29,84,7,9
EZE00100082,611,1315,29,84,6,8
ASN00086071,401,1315,29,84,4,2
CA006106362,725,1315,29,84,7,5
USC00288878,723,1315,29,84,7,14
GME00125218,603,1315,29,84,6,10
GM000004204,627,1315,29,84,6,9
ASN00086071,227,1315,29,84,2,2
CA006106362,1018,1315,29,84,10,5
CA006137735,711,1315,29,84,7,5
USC00288878,902,1315,29,84,9,14
CA006110549,702,1315,29,84,7,5
CA006153192,702,1315,29,84,7,5
CA006137735,710,1315,29,84,7,5
CA006153192,714,1315,29,84,7,5
ASN00066062,116,1315,29,84,1,2
GM000004204,604,1315,29,84,6,9
ASN00090015,312,1315,29,84,3,2
ASN00090015,317,1315,29,84,3,2
AU000005901,614,1315,29,84,6,3
ASN00086071,107,1315,29,84,1,2
ASN00090015,1225,1315,29,84,12,2
CA006106362,703,1315,29,84,7,5
EZE00100082,715,1315,29,84,7,8
ASN00090015,212,1315,29,84,2,2
CA006139520,609,1315,29,84,6,5
CA006106362,626,1315,29,84,6,5
USC00288878,726,1315,29,84,7,14
CA006106362,727,1315,29,84,7,5
CA006166416,728,1315,29,84,7,5
CA006139520,731,1315,29,84,7,5
CA006110549,726,1315,29,84,7,5
CA006110549,705,1315,29,84,7,5
CA006148100,706,1315,29,84,7,5
USC00288878,725,1315,29,84,7,14
CA006110549,623,1315,29,84,6,5
CA006166416,725,1315,29,84,7,5
CA006110549,621,1315,29,84,6,5
GME00125218,611,1315,29,84,6,10
AGE00135039,826,1315,29,84,8,1
ITE00100554,825,1315,29,84,8,11
ITE00100550,616,1315,29,84,6,11
AGE00135039,722,1315,29,84,7,1
AGE00135039,916,1315,29,84,9,1
AGE00135039,719,1315,29,84,7,1
AGE00135039,613,1315,29,84,6,1
AGE00135039,729,1315,29,84,7,1
AU000005901,604,1315,29,84,6,3
AGE00135039,805,1315,29,84,8,1
ITE00100550,906,1315,29,84,9,11
AGE00135039,907,1315,29,84,9,1
AGE00135039,705,1315,29,84,7,1
ASN00066062,1128,1315,29,84,11,2
ASN00086071,1029,1315,29,84,10,2
ITE00100550,602,1315,29,85,6,11
ITE00100554,818,1315,29,85,8,11
ASN00066062,1018,1315,29,85,10,2
ITE00100554,609,1315,29,85,6,11
ASN00066062,212,1315,29,85,2,2
ITE00100550,809,1315,29,85,8,11
EZE00100082,603,1315,29,85,6,8
GME00125218,622,1315,29,85,6,10
ASN00066062,1117,1315,29,85,11,2
ASN00086071,317,1315,29,85,3,2
ASN00086071,1128,1315,29,85,11,2
CA006110549,620,1315,29,85,6,5
CA006106362,710,1315,29,85,7,5
ASN00090015,1104,1315,29,85,11,2
CA006139520,629,1315,29,85,6,5
AU000005901,617,1315,29,85,6,3
ITE00100554,614,1315,29,85,6,11
ASN00086071,423,1315,29,85,4,2
CA006106362,704,1315,29,85,7,5
USC00288878,730,1315,29,85,7,14
CA006153192,621,1315,29,85,6,5
CA006153192,801,1315,29,85,8,5
USC00288878,622,1315,29,85,6,14
CA006153192,730,1315,29,85,7,5
USC00288878,728,1315,29,85,7,14
USC00288878,904,1315,29,85,9,14
CA006153192,521,1315,29,85,5,5
CA006153192,622,1315,29,85,6,5
CA006166416,703,1315,29,85,7,5
CA006110549,626,1315,29,85,6,5
CA006137735,707,1315,29,85,7,5
CA006166416,711,1315,29,85,7,5
CA006166416,724,1315,29,85,7,5
ASN00090015,209,1315,29,85,2,2
CA006150689,727,1315,29,85,7,5
ASN00086071,209,1315,29,85,2,2
CA006150689,625,1315,29,85,6,5
CA006110549,707,1315,29,85,7,5
ASN00066062,1225,1315,29,85,12,2
CA006106362,705,1315,29,85,7,5
AGE00135039,829,1315,30,85,8,1
AGE00135039,724,1315,30,85,7,1
AGE00135039,704,1315,30,85,7,1
GM000004204,715,1315,30,85,7,9
AU000005901,627,1315,30,85,6,3
AGE00135039,909,1315,30,85,9,1
ASN00066062,117,1315,30,85,1,2
AU000005901,603,1315,30,85,6,3
AGE00135039,801,1315,30,85,8,1
AU000005901,713,1315,30,85,7,3
ITE00100550,802,1315,30,85,8,11
GME00125218,604,1315,30,85,6,10
GM000004204,628,1315,30,85,6,9
ITE00100554,603,1315,30,85,6,11
UK000056225,711,1315,30,85,7,13
ASN00066062,1226,1315,30,85,12,2
ITE00100554,703,1315,30,86,7,11
ITE00100554,613,1315,30,86,6,11
ITE00100554,727,1315,30,86,7,11
ITE00100554,627,1315,30,86,6,11
ITE00100554,708,1315,30,86,7,11
ITE00100550,907,1315,30,86,9,11
ITE00100550,816,1315,30,86,8,11
ASN00066062,218,1315,30,86,2,2
ITE00100550,704,1315,30,86,7,11
CA006139520,901,1315,30,86,9,5
CA006139520,604,1315,30,86,6,5
AGE00135039,730,1315,30,86,7,1
ITE00100550,901,1315,30,86,9,11
ITE00100550,803,1315,30,86,8,11
ITE00100550,814,1315,30,86,8,11
ITE00100550,808,1315,30,86,8,11
CA006153192,705,1315,30,86,7,5
ITE00100554,731,1315,30,86,7,11
USC00288878,802,1315,30,86,8,14
CA006153192,711,1315,30,86,7,5
CA006153192,903,1315,30,86,9,5
AGE00135039,903,1315,30,86,9,1
AGE00135039,910,1315,30,86,9,1
AGE00135039,702,1315,30,86,7,1
ITE00100550,801,1315,30,86,8,11
AGE00135039,821,1315,30,86,8,1
ASN00086071,324,1315,30,86,3,2
ASN00090015,423,1315,30,86,4,2
CA006106362,709,1315,30,86,7,5
CA006110549,728,1315,30,86,7,5
USC00288878,727,1315,30,86,7,14
CA006166416,727,1315,30,86,7,5
ITE00100554,707,1315,30,86,7,11
USC00288878,719,1315,30,86,7,14
CA006110549,727,1315,30,86,7,5
CA006153192,623,1315,30,86,6,5
CA006139520,723,1315,30,86,7,5
CA006139520,726,1315,30,86,7,5
CA006166416,623,1315,30,86,6,5
CA006106362,724,1315,30,86,7,5
CA006110549,724,1315,30,86,7,5
ITE00100550,620,1315,30,86,6,11
CA006148100,717,1315,30,86,7,5
CA006158350,728,1315,30,86,7,5
ITE00100554,907,1315,30,86,9,11
CA006139520,621,1315,30,86,6,5
EZE00100082,629,1315,30,86,6,8
CA006153192,817,1315,30,86,8,5
CA006139520,725,1315,30,86,7,5
CA006153192,709,1315,30,86,7,5
ITE00100550,603,1315,30,86,6,11
ASN00066062,128,1315,30,86,1,2
GME00125218,715,1315,30,86,7,10
ASN00086071,1104,1315,30,86,11,2
EZE00100082,714,1315,30,86,7,8
ITE00100550,703,1315,30,86,7,11
ITE00100550,817,1315,30,86,8,11
ITE00100550,613,1315,30,86,6,11
ITE00100550,818,1315,30,86,8,11
ITE00100554,709,1315,30,86,7,11
EZE00100082,613,1315,30,87,6,8
ITE00100554,826,1315,30,87,8,11
ITE00100554,607,1315,30,87,6,11
ITE00100554,823,1315,30,87,8,11
ASN00086071,313,1315,30,87,3,2
ITE00100554,705,1315,30,87,7,11
ITE00100554,827,1315,30,87,8,11
ITE00100554,728,1315,30,87,7,11
ITE00100550,822,1315,30,87,8,11
ASN00086071,1222,1315,30,87,12,2
AGE00135039,817,1315,30,87,8,1
AGE00135039,908,1315,30,87,9,1
ITE00100554,723,1315,30,87,7,11
GME00125218,628,1315,30,87,6,10
ITE00100550,720,1315,30,87,7,11
ITE00100550,824,1315,30,87,8,11
ITE00100550,825,1315,30,87,8,11
GME00125218,714,1315,30,87,7,10
AU000005901,717,1315,30,87,7,3
ASN00086071,221,1315,30,87,2,2
USC00288878,705,1315,31,87,7,14
CA006110549,609,1315,31,87,6,5
ITE00100550,702,1315,31,87,7,11
CA006139520,711,1315,31,87,7,5
CA006139520,707,1315,31,87,7,5
CA006137735,626,1315,31,87,6,5
CA006106362,711,1315,31,87,7,5
ITE00100554,608,1315,31,87,6,11
CA006137735,706,1315,31,87,7,5
CA006153192,613,1315,31,87,6,5
CA006139520,728,1315,31,87,7,5
GME00125218,627,1315,31,87,6,10
CA006106362,521,1315,31,87,5,5
ASN00090015,1106,1315,31,87,11,2
USC00288878,724,1315,31,87,7,14
CA006153192,725,1315,31,87,7,5
CA006106362,726,1315,31,87,7,5
ITE00100554,726,1315,31,87,7,11
CA006150689,717,1315,31,87,7,5
CA006106362,717,1315,31,87,7,5
CA006139520,724,1315,31,87,7,5
CA006150689,716,1315,31,87,7,5
AU000005901,716,1315,31,87,7,3
CA006139520,730,1315,31,87,7,5
CA006153192,724,1315,31,87,7,5
CA006137735,712,1315,31,87,7,5
USC00288878,903,1315,31,87,9,14
ITE00100550,610,1315,31,87,6,11
ITE00100554,620,1315,31,87,6,11
ITE00100554,721,1315,31,87,7,11
ASN00086071,1031,1315,31,87,10,2
ITE00100554,610,1315,31,87,6,11
ITE00100554,803,1315,31,87,8,11
AU000005901,630,1315,31,88,6,3
ASN00086071,1208,1315,31,88,12,2
AU000005901,719,1315,31,88,7,3
ITE00100554,805,1315,31,88,8,11
AU000005901,629,1315,31,88,6,3
ITE00100550,708,1315,31,88,7,11
ITE00100550,826,1315,31,88,8,11
AGE00135039,828,1315,31,88,8,1
ITE00100554,719,1315,31,88,7,11
AGE00135039,703,1315,31,88,7,1
AGE00135039,731,1315,31,88,7,1
ASN00090015,208,1315,31,88,2,2
ITE00100554,706,1315,31,88,7,11
CA006158350,712,1315,31,88,7,5
USC00288878,704,1315,31,88,7,14
CA006153192,727,1315,31,88,7,5
CA006139520,712,1315,31,88,7,5
ITE00100554,704,1315,31,88,7,11
CA006153192,728,1315,31,88,7,5
CA006106362,621,1315,31,88,6,5
USC00288878,703,1315,31,88,7,14
USC00288878,712,1315,31,88,7,14
CA006106362,713,1315,31,88,7,5
CA006139520,605,1315,31,88,6,5
CA006110549,714,1315,31,88,7,5
CA006148100,714,1315,31,88,7,5
CA006110549,625,1315,31,88,6,5
USC00288878,709,1315,31,88,7,14
CA006139520,620,1315,31,88,6,5
ITE00100550,810,1315,31,88,8,11
ITE00100550,723,1315,31,88,7,11
ITE00100550,823,1315,31,88,8,11
ITE00100550,721,1315,31,88,7,11
ITE00100550,821,1315,31,88,8,11
ITE00100550,820,1315,31,88,8,11
ITE00100550,727,1315,31,88,7,11
ITE00100554,701,1315,31,88,7,11
ITE00100550,629,1315,31,88,6,11
ASN00066062,102,1315,31,88,1,2
ITE00100550,729,1315,32,89,7,11
AGE00135039,820,1315,32,89,8,1
ITE00100554,804,1315,32,89,8,11
ITE00100554,729,1315,32,89,7,11
ITE00100550,726,1315,32,89,7,11
ITE00100550,731,1315,32,89,7,11
ITE00100550,827,1315,32,89,8,11
ITE00100554,611,1315,32,89,6,11
ITE00100554,730,1315,32,89,7,11
ITE00100550,908,1315,32,89,9,11
ITE00100550,628,1315,32,89,6,11
CA006139520,705,1315,32,89,7,5
CA006110549,712,1315,32,89,7,5
CA006148100,716,1315,32,89,7,5
CA006166416,713,1315,32,89,7,5
ITE00100550,701,1315,32,89,7,11
ASN00086071,307,1315,32,89,3,2
CA006137735,625,1315,32,89,6,5
CA006139520,613,1315,32,89,6,5
CA006110549,711,1315,32,89,7,5
ITE00100550,614,1315,32,89,6,11
CA006106362,609,1315,32,89,6,5
CA006158350,717,1315,32,89,7,5
CA006153192,707,1315,32,89,7,5
CA006166416,707,1315,32,89,7,5
ITE00100550,630,1315,32,89,6,11
ITE00100550,819,1315,32,89,8,11
ITE00100550,705,1315,32,89,7,11
ITE00100554,624,1315,32,89,6,11
ITE00100554,621,1315,32,89,6,11
AGE00135039,902,1315,32,90,9,1
AGE00135039,818,1315,32,90,8,1
ITE00100554,722,1315,32,90,7,11
ASN00086071,410,1315,32,90,4,2
AGE00135039,819,1315,32,90,8,1
ITE00100550,706,1315,32,90,7,11
AU000005901,718,1315,32,90,7,3
AU000005901,714,1315,32,90,7,3
ASN00086071,1030,1315,32,90,10,2
ASN00066062,308,1315,32,90,3,2
ITE00100550,621,1315,32,90,6,11
CA006106362,712,1315,32,90,7,5
ITE00100550,622,1315,32,90,6,11
ITE00100550,804,1315,32,90,8,11
ITE00100550,709,1315,32,90,7,11
CA006166416,712,1315,32,90,7,5
CA006139520,706,1315,32,90,7,5
CA006166416,717,1315,32,90,7,5
ASN00086071,325,1315,32,90,3,2
CA006139520,727,1315,32,90,7,5
USC00288878,627,1315,32,90,6,14
CA006153192,626,1315,32,90,6,5
AU000005901,715,1315,32,90,7,3
ITE00100554,702,1315,32,90,7,11
ASN00086071,217,1315,32,90,2,2
ITE00100550,805,1315,32,90,8,11
ASN00066062,1129,1315,32,90,11,2
ITE00100550,730,1315,32,90,7,11
ITE00100550,707,1315,32,90,7,11
ASN00090015,325,1315,32,90,3,2
ITE00100554,622,1315,33,91,6,11
ITE00100554,724,1315,33,91,7,11
ASN00086071,411,1315,33,91,4,2
ASN00086071,212,1315,33,91,2,2
CA006158350,625,1315,33,91,6,5
CA006106362,714,1315,33,91,7,5
CA006139520,625,1315,33,91,6,5
CA006158350,715,1315,33,91,7,5
USC00288878,625,1315,33,91,6,14
CA006166416,716,1315,33,91,7,5
CA006106362,625,1315,33,91,6,5
ITE00100554,710,1315,33,91,7,11
CA006110549,717,1315,33,91,7,5
USC00288878,624,1315,33,91,6,14
CA006139520,608,1315,33,91,6,5
ITE00100554,612,1315,33,91,6,11
CA006166416,706,1315,33,91,7,5
CA006139520,626,1315,33,91,6,5
CA006139520,612,1315,33,91,6,5
ITE00100550,722,1315,33,91,7,11
ITE00100550,728,1315,33,91,7,11
AU000005901,612,1315,33,92,6,3
ASN00086071,1223,1315,33,92,12,2
ASN00086071,105,1315,33,92,1,2
CA006158350,716,1315,33,92,7,5
CA006110549,716,1315,33,92,7,5
CA006139520,622,1315,33,92,6,5
ASN00086071,1211,1315,33,92,12,2
CA006137735,713,1315,33,92,7,5
CA006153192,712,1315,33,92,7,5
ITE00100550,624,1315,33,92,6,11
CA006110549,713,1315,33,92,7,5
CA006153192,706,1315,33,92,7,5
AU000005901,613,1315,33,92,6,3
ASN00066062,1217,1315,33,92,12,2
ITE00100550,612,1315,34,92,6,11
ITE00100554,711,1315,34,92,7,11
ITE00100554,628,1315,34,93,6,11
ITE00100550,719,1315,34,93,7,11
ITE00100554,623,1315,34,93,6,11
CA006139520,717,1315,34,93,7,5
ASN00066062,108,1315,34,93,1,2
CA006106362,716,1315,34,93,7,5
ASN00086071,124,1315,34,93,1,2
ASN00090015,116,1315,34,93,1,2
CA006166416,625,1315,34,93,6,5
USC00288878,626,1315,34,93,6,14
CA006110549,706,1315,34,93,7,5
ITE00100550,627,1315,34,93,6,11
ITE00100550,712,1315,34,93,7,11
ITE00100554,712,1315,34,93,7,11
ASN00066062,222,1315,34,93,2,2
ITE00100550,611,1315,34,93,6,11
ITE00100550,711,1315,34,93,7,11
ITE00100550,623,1315,34,93,6,11
ITE00100550,710,1315,34,94,7,11
CA006139520,713,1315,34,94,7,5
ASN00086071,1216,1315,34,94,12,2
ITE00100554,713,1315,34,94,7,11
CA006153192,625,1315,34,94,6,5
CA006158350,713,1315,34,94,7,5
USC00288878,715,1315,34,94,7,14
CA006137735,714,1315,34,94,7,5
USC00288878,706,1315,34,94,7,14
USC00288878,713,1315,34,94,7,14
ASN00066062,113,1315,34,94,1,2
ITE00100550,713,1315,34,94,7,11
ITE00100554,718,1315,35,94,7,11
ASN00066062,125,1315,35,94,1,2
ASN00066062,114,1315,35,95,1,2
ITE00100554,714,1315,35,95,7,11
USC00288878,707,1315,35,95,7,14
ASN00086071,101,1315,35,95,1,2
CA006153192,713,1315,35,95,7,5
CA006139520,714,1315,35,95,7,5
ITE00100550,714,1315,35,95,7,11
CA006153192,717,1315,35,95,7,5
USC00288878,714,1315,35,95,7,14
CA006139520,716,1315,35,95,7,5
CA006137735,716,1315,35,95,7,5
ITE00100550,716,1315,35,95,7,11
ASN00086071,1106,1315,35,95,11,2
ASN00086071,222,1315,35,95,2,2
ITE00100554,717,1315,35,96,7,11
ASN00086071,312,1315,36,96,3,2
ITE00100550,724,1315,36,96,7,11
ITE00100554,715,1315,36,96,7,11
USC00288878,708,1315,36,96,7,14
CA006153192,716,1315,36,96,7,5
ITE00100550,715,1315,36,96,7,11
ITE00100550,717,1315,36,97,7,11
USC00288878,718,1315,36,97,7,14
ASN00086071,106,1315,36,97,1,2
ASN00086071,1225,1315,36,97,12,2
ITE00100554,716,1315,36,97,7,11
ITE00100550,718,1315,36,98,7,11
ASN00086071,218,1315,37,98,2,2
USC00288878,716,1315,37,98,7,14
ASN00090015,106,1315,37,98,1,2
USC00288878,717,1315,37,99,7,14
ASN00086071,207,1315,38,101,2,2
ASN00066062,219,1315,38,101,2,2
ASN00086071,211,1315,39,102,2,2
ASN00086071,208,1315,39,102,2,2
ASN00086071,115,1315,39,103,1,2
ASN00086071,116,1315,42,108,1,2
SZ000006717,211,1315,-22,-8,2,12
SZ000006717,210,1315,-19,-2,2,12
USC00288878,728,1315,-18,0,7,14
SZ000006717,329,1315,-18,0,3,12
SZ000006717,221,1315,-17,1,2,12
SZ000006717,330,1315,-15,4,3,12
SZ000006717,323,1315,-15,5,3,12
SZ000006717,324,1315,-15,5,3,12
SZ000006717,220,1315,-14,6,2,12
SZ000006717,328,1315,-14,6,3,12
CA006158350,117,1315,-14,7,1,5
EZE00100082,206,1315,-14,7,2,8
SZ000006717,119,1315,-14,7,1,12
SZ000006717,222,1315,-14,8,2,12
CA006148100,118,1315,-13,8,1,5
GME00125218,214,1315,-13,8,2,10
SZ000006717,118,1315,-13,9,1,12
SZ000006717,325,1315,-13,9,3,12
SZ000006717,326,1315,-13,9,3,12
GM000004204,214,1315,-12,10,2,9
CA006148100,127,1315,-12,10,1,5
CA006148100,126,1315,-12,10,1,5
CA006158350,107,1315,-12,10,1,5
SZ000006717,117,1315,-12,10,1,12
SZ000006717,309,1315,-12,10,3,12
SZ000006717,1213,1315,-12,10,12,12
SZ000006717,310,1315,-12,11,3,12
GME00125218,213,1315,-12,11,2,10
CA006158350,212,1315,-12,11,2,5
SZ000006717,209,1315,-12,11,2,12
EZE00100082,207,1315,-12,11,2,8
SZ000006717,1215,1315,-12,11,12,12
SZ000006717,116,1315,-11,12,1,12
CA006148100,1215,1315,-11,12,12,5
SZ000006717,115,1315,-11,13,1,12
GME00125218,205,1315,-11,13,2,10
SZ000006717,103,1315,-11,13,1,12
CA006148100,117,1315,-11,13,1,5
CA006158350,126,1315,-11,13,1,5
CA006148100,213,1315,-11,13,2,5
GM000004204,205,1315,-10,14,2,9
SZ000006717,206,1315,-10,14,2,12
SZ000006717,303,1315,-10,14,3,12
CA006148100,119,1315,-10,14,1,5
SZ000006717,327,1315,-10,14,3,12
GM000004204,206,1315,-10,14,2,9
SZ000006717,306,1315,-10,14,3,12
SZ000006717,223,1315,-10,14,2,12
SZ000006717,120,1315,-10,15,1,12
GME00125218,206,1315,-10,15,2,10
GM000004204,207,1315,-10,15,2,9
EZE00100082,214,1315,-10,15,2,8
CA006158350,125,1315,-9,15,1,5
CA006158350,118,1315,-9,15,1,5
CA006148100,125,1315,-9,15,1,5
CA006148100,1223,1315,-9,15,12,5
CA006158350,211,1315,-9,15,2,5
CA006158350,127,1315,-9,15,1,5
CA006148100,1222,1315,-9,15,12,5
CA006148100,1216,1315,-9,15,12,5
SZ000006717,331,1315,-9,15,3,12
SZ000006717,207,1315,-9,15,2,12
GM000004204,213,1315,-9,15,2,9
SZ000006717,212,1315,-9,16,2,12
SZ000006717,314,1315,-9,16,3,12
SZ000006717,130,1315,-9,16,1,12
CA006158350,213,1315,-9,16,2,5
CA006158350,119,1315,-9,16,1,5
CA006158350,116,1315,-9,16,1,5
SZ000006717,308,1315,-9,16,3,12
EZE00100082,208,1315,-9,16,2,8
EZE00100082,213,1315,-9,16,2,8
EZE00100082,205,1315,-9,16,2,8
SZ000006717,107,1315,-9,16,1,12
SZ000006717,131,1315,-8,17,1,12
SZ000006717,213,1315,-8,17,2,12
SZ000006717,1214,1315,-8,17,12,12
CA006148100,208,1315,-8,17,2,5
SZ000006717,218,1315,-8,17,2,12
SZ000006717,101,1315,-8,17,1,12
CA006148100,111,1315,-8,17,1,5
SZ000006717,316,1315,-8,17,3,12
SZ000006717,311,1315,-8,17,3,12
SZ000006717,215,1315,-8,17,2,12
GME00125218,211,1315,-8,17,2,10
SZ000006717,225,1315,-8,17,2,12
SZ000006717,102,1315,-8,18,1,12
SZ000006717,307,1315,-8,18,3,12
GME00125218,212,1315,-8,18,2,10
SZ000006717,1110,1315,-8,18,11,12
SZ000006717,315,1315,-8,18,3,12
GM000004204,212,1315,-8,18,2,9
SZ000006717,202,1315,-8,18,2,12
SZ000006717,104,1315,-8,18,1,12
CA006158350,1222,1315,-8,18,12,5
CA006148100,1214,1315,-8,18,12,5
GME00125218,204,1315,-8,18,2,10
CA006148100,209,1315,-8,18,2,5
CA006148100,211,1315,-8,18,2,5
CA006158350,312,1315,-8,18,3,5
EZE00100082,211,1315,-8,18,2,8
GM000004204,211,1315,-8,18,2,9
SZ000006717,1230,1315,-8,18,12,12
SZ000006717,1216,1315,-8,18,12,12
GME00125218,210,1315,-7,19,2,10
EZE00100082,216,1315,-7,19,2,8
SZ000006717,205,1315,-7,19,2,12
AU000005901,205,1315,-7,19,2,3
EZE00100082,320,1315,-7,19,3,8
SZ000006717,401,1315,-7,19,4,12
AU000005901,211,1315,-7,19,2,3
SZ000006717,204,1315,-7,19,2,12
CA006148100,124,1315,-7,19,1,5
CA006148100,207,1315,-7,19,2,5
CA006148100,120,1315,-7,19,1,5
SZ000006717,304,1315,-7,19,3,12
CA006158350,115,1315,-7,19,1,5
SZ000006717,319,1315,-7,19,3,12
SZ000006717,1212,1315,-7,19,12,12
SZ000006717,112,1315,-7,19,1,12
SZ000006717,129,1315,-7,20,1,12
AU000005901,213,1315,-7,20,2,3
EZE00100082,103,1315,-7,20,1,8
SZ000006717,113,1315,-7,20,1,12
CA006158350,1215,1315,-7,20,12,5
CA006148100,1221,1315,-7,20,12,5
EZE00100082,212,1315,-7,20,2,8
SZ000006717,214,1315,-7,20,2,12
CA006148100,107,1315,-7,20,1,5
SZ000006717,1231,1315,-7,20,12,12
SZ000006717,317,1315,-7,20,3,12
AU000005901,206,1315,-7,20,2,3
GME00125218,207,1315,-7,20,2,10
SZ000006717,128,1315,-6,20,1,12
GME00125218,321,1315,-6,20,3,10
GME00125218,102,1315,-6,20,1,10
GM000004204,102,1315,-6,21,1,9
GM000004204,210,1315,-6,21,2,9
EZE00100082,210,1315,-6,21,2,8
SZ000006717,217,1315,-6,21,2,12
GME00125218,320,1315,-6,21,3,10
CA006158350,310,1315,-6,21,3,5
CA006148100,128,1315,-6,21,1,5
CA006158350,206,1315,-6,21,2,5
CA006158350,207,1315,-6,21,2,5
CA006158350,1221,1315,-6,21,12,5
CA006158350,1214,1315,-6,21,12,5
CA006158350,209,1315,-6,21,2,5
CA006158350,208,1315,-6,21,2,5
SZ000006717,320,1315,-6,21,3,12
AU000005901,215,1315,-6,21,2,3
SZ000006717,111,1315,-6,21,1,12
AU000005901,212,1315,-6,21,2,3
GM000004204,215,1315,-6,21,2,9
SZ000006717,226,1315,-6,21,2,12
SZ000006717,302,1315,-6,21,3,12
AU000005901,320,1315,-6,21,3,3
SZ000006717,1128,1315,-6,21,11,12
GM000004204,320,1315,-6,21,3,9
SZ000006717,301,1315,-6,21,3,12
GME00125218,215,1315,-6,22,2,10
SZ000006717,1206,1315,-6,22,12,12
CA006158350,1216,1315,-6,22,12,5
CA006158350,1220,1315,-6,22,12,5
CA006148100,130,1315,-6,22,1,5
AU000005901,210,1315,-6,22,2,3
AU000005901,207,1315,-6,22,2,3
GM000004204,204,1315,-6,22,2,9
AU000005901,208,1315,-6,22,2,3
AU000005901,1229,1315,-6,22,12,3
SZ000006717,312,1315,-5,22,3,12
SZ000006717,313,1315,-5,22,3,12
SZ000006717,403,1315,-5,22,4,12
SZ000006717,208,1315,-5,22,2,12
SZ000006717,1207,1315,-5,23,12,12
CA006148100,103,1315,-5,23,1,5
CA006148100,1213,1315,-5,23,12,5
SZ000006717,1129,1315,-5,23,11,12
SZ000006717,201,1315,-5,23,2,12
EZE00100082,215,1315,-5,23,2,8
BE000006447,211,1315,-5,23,2,4
CA006148100,104,1315,-5,23,1,5
AU000005901,216,1315,-5,23,2,3
CA006158350,111,1315,-5,23,1,5
SZ000006717,227,1315,-5,23,2,12
CA006158350,129,1315,-5,23,1,5
CA006158350,124,1315,-5,23,1,5
CA006158350,101,1315,-5,23,1,5
SZ000006717,322,1315,-5,23,3,12
BE000006447,212,1315,-5,23,2,4
EZE00100082,101,1315,-5,23,1,8
SZ000006717,318,1315,-5,23,3,12
EZE00100082,217,1315,-5,23,2,8
AU000005901,209,1315,-5,23,2,3
EZE00100082,102,1315,-5,23,1,8
SZ000006717,305,1315,-5,24,3,12
BE000006447,213,1315,-5,24,2,4
SZ000006717,1209,1315,-5,24,12,12
EZE00100082,321,1315,-5,24,3,8
SZ000006717,321,1315,-5,24,3,12
SZ000006717,123,1315,-5,24,1,12
SZ000006717,1109,1315,-5,24,11,12
BE000006447,214,1315,-4,24,2,4
SZ000006717,219,1315,-4,24,2,12
AU000005901,1228,1315,-4,24,12,3
GME00125218,322,1315,-4,24,3,10
CA006148100,311,1315,-4,24,3,5
CA006148100,1220,1315,-4,24,12,5
GME00125218,103,1315,-4,24,1,10
CA006148100,210,1315,-4,24,2,5
CA006158350,214,1315,-4,24,2,5
EZE00100082,1230,1315,-4,24,12,8
CA006158350,128,1315,-4,24,1,5
AU000005901,1230,1315,-4,24,12,3
SZ000006717,203,1315,-4,24,2,12
SZ000006717,1104,1315,-4,24,11,12
SZ000006717,1229,1315,-4,24,12,12
SZ000006717,110,1315,-4,25,1,12
SZ000006717,121,1315,-4,25,1,12
EZE00100082,209,1315,-4,25,2,8
CA006148100,121,1315,-4,25,1,5
CA006148100,102,1315,-4,25,1,5
CA006148100,215,1315,-4,25,2,5
USC00288878,1215,1315,-4,25,12,14
SZ000006717,1130,1315,-4,25,11,12
CA006158350,205,1315,-4,25,2,5
CA006148100,313,1315,-4,25,3,5
CA006148100,112,1315,-4,25,1,5
EZE00100082,204,1315,-4,26,2,8
GME00125218,216,1315,-4,26,2,10
GM000004204,101,1315,-4,26,1,9
GME00125218,203,1315,-4,26,2,10
SZ000006717,1217,1315,-4,26,12,12
SZ000006717,114,1315,-4,26,1,12
SZ000006717,216,1315,-4,26,2,12
SZ000006717,402,1315,-3,26,4,12
USC00288878,1223,1315,-3,26,12,14
CA006158350,104,1315,-3,26,1,5
CA006158350,120,1315,-3,26,1,5
AU000005901,103,1315,-3,26,1,3
CA006148100,214,1315,-3,26,2,5
CA006158350,215,1315,-3,26,2,5
CA006158350,110,1315,-3,26,1,5
SZ000006717,1121,1315,-3,26,11,12
SZ000006717,1220,1315,-3,26,12,12
SZ000006717,1205,1315,-3,26,12,12
SZ000006717,1211,1315,-3,26,12,12
GM000004204,1225,1315,-3,26,12,9
AU000005901,1213,1315,-3,26,12,3
SZ000006717,1107,1315,-3,26,11,12
SZ000006717,1203,1315,-3,27,12,12
SZ000006717,1202,1315,-3,27,12,12
GME00125218,101,1315,-3,27,1,10
SZ000006717,1219,1315,-3,27,12,12
AU000005901,1227,1315,-3,27,12,3
AU000005901,319,1315,-3,27,3,3
SZ000006717,1228,1315,-3,27,12,12
SZ000006717,1218,1315,-3,27,12,12
EZE00100082,1228,1315,-3,27,12,8
AU000005901,321,1315,-3,27,3,3
EZE00100082,125,1315,-3,27,1,8
SZ000006717,1101,1315,-3,27,11,12
CA006158350,228,1315,-3,27,2,5
CA006158350,103,1315,-3,27,1,5
CA006158350,130,1315,-3,27,1,5
SZ000006717,1201,1315,-3,27,12,12
GM000004204,322,1315,-3,27,3,9
AU000005901,101,1315,-3,27,1,3
USC00288878,1216,1315,-3,27,12,14
SZ000006717,1124,1315,-3,27,11,12
GME00125218,223,1315,-3,27,2,10
CA006148100,202,1315,-3,27,2,5
SZ000006717,404,1315,-3,27,4,12
CA006148100,110,1315,-3,27,1,5
GM000004204,329,1315,-3,27,3,9
SZ000006717,106,1315,-3,27,1,12
EZE00100082,223,1315,-3,27,2,8
GME00125218,125,1315,-2,28,1,10
SZ000006717,1127,1315,-2,28,11,12
SZ000006717,1108,1315,-2,28,11,12
BE000006447,210,1315,-2,28,2,4
GME00125218,222,1315,-2,28,2,10
GM000004204,321,1315,-2,28,3,9
SZ000006717,1028,1315,-2,28,10,12
EZE00100082,329,1315,-2,28,3,8
AU000005901,214,1315,-2,28,2,3
GME00125218,319,1315,-2,28,3,10
CA006158350,210,1315,-2,28,2,5
USC00288878,1222,1315,-2,28,12,14
CA006158350,1229,1315,-2,28,12,5
SZ000006717,1031,1315,-2,28,10,12
CA006148100,301,1315,-2,28,3,5
CA006158350,108,1315,-2,28,1,5
CA006158350,1213,1315,-2,28,12,5
CA006148100,218,1315,-2,28,2,5
CA006148100,228,1315,-2,28,2,5
CA006148100,1208,1315,-2,28,12,5
CA006148100,310,1315,-2,28,3,5
CA006158350,311,1315,-2,28,3,5
CA006158350,121,1315,-2,28,1,5
CA006158350,227,1315,-2,28,2,5
AU000005901,120,1315,-2,28,1,3
AU000005901,1214,1315,-2,28,12,3
SZ000006717,1020,1315,-2,28,10,12
GME00125218,329,1315,-2,28,3,10
AU000005901,223,1315,-2,28,2,3
SZ000006717,1208,1315,-2,28,12,12
SZ000006717,127,1315,-2,28,1,12
GM000004204,221,1315,-2,28,2,9
GM000004204,222,1315,-2,28,2,9
SZ000006717,105,1315,-2,28,1,12
EZE00100082,1229,1315,-2,28,12,8
EZE00100082,1223,1315,-2,28,12,8
GM000004204,1224,1315,-2,28,12,9
EZE00100082,322,1315,-2,28,3,8
SZ000006717,1227,1315,-2,28,12,12
GME00125218,323,1315,-2,28,3,10
AU000005901,102,1315,-2,28,1,3
AU000005901,222,1315,-2,29,2,3
SZ000006717,1114,1315,-2,29,11,12
SZ000006717,122,1315,-2,29,1,12
GM000004204,103,1315,-2,29,1,9
SZ000006717,1221,1315,-2,29,12,12
EZE00100082,225,1315,-2,29,2,8
GM000004204,125,1315,-2,29,1,9
CA006158350,313,1315,-2,29,3,5
CA006158350,1230,1315,-2,29,12,5
CA006148100,1230,1315,-2,29,12,5
CA006158350,305,1315,-2,29,3,5
CA006158350,1217,1315,-2,29,12,5
CA006158350,114,1315,-2,29,1,5
CA006158350,202,1315,-2,29,2,5
CA006158350,216,1315,-2,29,2,5
UK000056225,212,1315,-2,29,2,13
CA006148100,109,1315,-2,29,1,5
CA006158350,102,1315,-2,29,1,5
CA006148100,224,1315,-2,29,2,5
EZE00100082,122,1315,-2,29,1,8
GME00125218,122,1315,-2,29,1,10
SZ000006717,1126,1315,-2,29,11,12
BE000006447,101,1315,-2,29,1,4
AU000005901,1231,1315,-2,29,12,3
GM000004204,203,1315,-2,29,2,9
GM000004204,216,1315,-1,29,2,9
EZE00100082,1227,1315,-1,29,12,8
GME00125218,208,1315,-1,29,2,10
SZ000006717,1125,1315,-1,29,11,12
GME00125218,209,1315,-1,29,2,10
EZE00100082,222,1315,-1,30,2,8
GME00125218,130,1315,-1,30,1,10
GME00125218,325,1315,-1,30,3,10
GME00125218,124,1315,-1,30,1,10
EZE00100082,203,1315,-1,30,2,8
GME00125218,328,1315,-1,30,3,10
SZ000006717,1027,1315,-1,30,10,12
SZ000006717,1204,1315,-1,30,12,12
SZ000006717,1102,1315,-1,30,11,12
EZE00100082,224,1315,-1,30,2,8
CA006148100,206,1315,-1,30,2,5
CA006148100,201,1315,-1,30,2,5
CA006158350,301,1315,-1,30,3,5
SZ000006717,1226,1315,-1,30,12,12
CA006148100,131,1315,-1,30,1,5
CA006148100,1218,1315,-1,30,12,5
UK000056225,210,1315,-1,30,2,13
CA006158350,308,1315,-1,30,3,5
CA006158350,112,1315,-1,30,1,5
GME00125218,221,1315,-1,30,2,10
SZ000006717,1019,1315,-1,30,10,12
SZ000006717,1118,1315,-1,30,11,12
EZE00100082,319,1315,-1,30,3,8
SZ000006717,109,1315,-1,30,1,12
AU000005901,203,1315,-1,30,2,3
GM000004204,122,1315,-1,30,1,9
GME00125218,1228,1315,-1,31,12,10
AU000005901,323,1315,-1,31,3,3
EZE00100082,1214,1315,-1,31,12,8
AU000005901,329,1315,-1,31,3,3
GM000004204,223,1315,-1,31,2,9
GM000004204,328,1315,-1,31,3,9
BE000006447,209,1315,-1,31,2,4
SZ000006717,1030,1315,-1,31,10,12
SZ000006717,1105,1315,-1,31,11,12
SZ000006717,1029,1315,-1,31,10,12
CA006148100,325,1315,-1,31,3,5
CA006148100,1209,1315,-1,31,12,5
CA006148100,1128,1315,-1,31,11,5
CA006158350,224,1315,-1,31,2,5
EIE00101859,126,1315,-1,31,1,7
SZ000006717,1014,1315,-1,31,10,12
GME00125218,1227,1315,-1,31,12,10
EZE00100082,201,1315,-1,31,2,8
SZ000006717,1113,1315,-1,31,11,12
CA006148100,114,1315,-1,31,1,5
CA006148100,113,1315,-1,31,1,5
CA006148100,116,1315,-1,31,1,5
CA006148100,220,1315,-1,31,2,5
CA006158350,220,1315,-1,31,2,5
AU000005901,112,1315,-1,31,1,3
CA006158350,219,1315,-1,31,2,5
CA006158350,304,1315,-1,31,3,5
UK000056225,213,1315,-1,31,2,13
SZ000006717,224,1315,-1,31,2,12
CA006148100,1229,1315,-1,31,12,5
CA006148100,304,1315,-1,31,3,5
CA006148100,216,1315,-1,31,2,5
SZ000006717,1106,1315,-1,31,11,12
USC00288878,1217,1315,-1,31,12,14
ITE00100554,121,1315,0,31,1,11
AU000005901,131,1315,0,31,1,3
EZE00100082,221,1315,0,31,2,8
EZE00100082,323,1315,0,31,3,8
AU000005901,121,1315,0,31,1,3
GM000004204,124,1315,0,31,1,9
AU000005901,1209,1315,0,31,12,3
AU000005901,202,1315,0,31,2,3
SZ000006717,1111,1315,0,31,11,12
BE000006447,124,1315,0,31,1,4
GME00125218,1225,1315,0,31,12,10
AU000005901,322,1315,0,31,3,3
GM000004204,323,1315,0,31,3,9
GME00125218,202,1315,0,31,2,10
GME00125218,123,1315,0,31,1,10
AU000005901,113,1315,0,31,1,3
BE000006447,1213,1315,0,31,12,4
EZE00100082,1213,1315,0,31,12,8
SZ000006717,1015,1315,0,31,10,12
GM000004204,319,1315,0,31,3,9
SZ000006717,124,1315,0,31,1,12
BE000006447,320,1315,0,31,3,4
EZE00100082,121,1315,0,31,1,8
BE000006447,102,1315,0,32,1,4
ITE00100554,120,1315,0,32,1,11
ITE00100554,118,1315,0,32,1,11
SZ000006717,1120,1315,0,32,11,12
EZE00100082,124,1315,0,32,1,8
UK000056225,127,1315,0,32,1,13
GME00125218,1213,1315,0,32,12,10
ITE00100550,212,1315,0,32,2,11
BE000006447,1223,1315,0,32,12,4
BE000006447,121,1315,0,32,1,4
SZ000006717,1018,1315,0,32,10,12
BE000006447,122,1315,0,32,1,4
SZ000006717,1009,1315,0,32,10,12
USC00288878,1208,1315,0,32,12,14
CA006158350,1111,1315,0,32,11,5
GME00125218,104,1315,0,32,1,10
GM000004204,1213,1315,0,32,12,9
CA006148100,324,1315,0,32,3,5
CA006148100,1027,1315,0,32,10,5
EIE00101859,123,1315,0,32,1,7
SZ000006717,414,1315,0,32,4,12
CA006148100,217,1315,0,32,2,5
EIE00101859,124,1315,0,32,1,7
EIE00101859,120,1315,0,32,1,7
ITE00100550,120,1315,0,32,1,11
EIE00101859,122,1315,0,32,1,7
CA006158350,1208,1315,0,32,12,5
EIE00101859,121,1315,0,32,1,7
CA006148100,1110,1315,0,32,11,5
CA006148100,221,1315,0,32,2,5
GME00125218,318,1315,0,32,3,10
GM000004204,1227,1315,0,32,12,9
CA006148100,1228,1315,0,32,12,5
EIE00101859,125,1315,0,32,1,7
GM000004204,209,1315,0,32,2,9
CA006158350,221,1315,0,32,2,5
SZ000006717,1210,1315,0,32,12,12
SZ000006717,1022,1315,0,32,10,12
EZE00100082,126,1315,0,32,1,8
EZE00100082,202,1315,0,32,2,8
UK000056225,214,1315,0,32,2,13
EZE00100082,1222,1315,0,32,12,8
GME00125218,313,1315,0,32,3,10
UK000047811,121,1315,0,32,1,13
EZE00100082,1226,1315,0,32,12,8
EZE00100082,130,1315,0,32,1,8
SZ000006717,1013,1315,0,32,10,12
ITE00100554,119,1315,0,32,1,11
EZE00100082,1209,1315,0,33,12,8
AU000005901,204,1315,0,33,2,3
ITE00100554,124,1315,0,33,1,11
AU000005901,217,1315,0,33,2,3
EZE00100082,104,1315,0,33,1,8
GME00125218,312,1315,0,33,3,10
GME00125218,324,1315,0,33,3,10
GME00125218,118,1315,0,33,1,10
GME00125218,1212,1315,0,33,12,10
UK000056225,211,1315,0,33,2,13
UK000047811,125,1315,0,33,1,13
GM000004204,330,1315,0,33,3,9
SZ000006717,1225,1315,0,33,12,12
GME00125218,1224,1315,0,33,12,10
AU000005901,125,1315,0,33,1,3
AU000005901,1220,1315,0,33,12,3
AU000005901,122,1315,0,33,1,3
AU000005901,301,1315,0,33,3,3
EZE00100082,1224,1315,0,33,12,8
CA006148100,1107,1315,1,33,11,5
CA006158350,1110,1315,1,33,11,5
GME00125218,317,1315,1,33,3,10
CA006148100,1206,1315,1,33,12,5
EZE00100082,112,1315,1,33,1,8
CA006158350,217,1315,1,33,2,5
CA006148100,1207,1315,1,33,12,5
EIE00101859,127,1315,1,33,1,7
SZ000006717,1023,1315,1,33,10,12
EZE00100082,1231,1315,1,33,12,8
CA006148100,1129,1315,1,33,11,5
UK000056225,125,1315,1,33,1,13
CA006148100,106,1315,1,33,1,5
CA006148100,123,1315,1,33,1,5
CA006148100,105,1315,1,33,1,5
CA006158350,131,1315,1,33,1,5
CA006148100,225,1315,1,33,2,5
EZE00100082,129,1315,1,33,1,8
EZE00100082,324,1315,1,33,3,8
BE000006447,1209,1315,1,33,12,4
BE000006447,103,1315,1,33,1,4
ITE00100554,103,1315,1,33,1,11
AU000005901,126,1315,1,33,1,3
GM000004204,104,1315,1,33,1,9
GM000004204,118,1315,1,33,1,9
GM000004204,1204,1315,1,33,12,9
AU000005901,1210,1315,1,33,12,3
BE000006447,215,1315,1,33,2,4
GME00125218,1214,1315,1,33,12,10
EZE00100082,1210,1315,1,33,12,8
GM000004204,1212,1315,1,33,12,9
UK000047811,122,1315,1,33,1,13
GME00125218,119,1315,1,33,1,10
UK000047811,123,1315,1,34,1,13
GM000004204,1223,1315,1,34,12,9
BE000006447,1212,1315,1,34,12,4
EZE00100082,328,1315,1,34,3,8
GME00125218,330,1315,1,34,3,10
BE000006447,123,1315,1,34,1,4
UK000056225,101,1315,1,34,1,13
SZ000006717,1116,1315,1,34,11,12
SZ000006717,415,1315,1,34,4,12
SZ000006717,1021,1315,1,34,10,12
AU000005901,324,1315,1,34,3,3
GM000004204,1226,1315,1,34,12,9
SZ000006717,511,1315,1,34,5,12
AU000005901,124,1315,1,34,1,3
ITE00100550,119,1315,1,34,1,11
CA006158350,109,1315,1,34,1,5
CA006148100,1111,1315,1,34,11,5
CA006148100,1028,1315,1,34,10,5
CA006158350,1027,1315,1,34,10,5
CA006158350,1107,1315,1,34,11,5
CA006148100,408,1315,1,34,4,5
GM000004204,325,1315,1,34,3,9
CA006148100,203,1315,1,34,2,5
GM000004204,121,1315,1,34,1,9
ITE00100550,121,1315,1,34,1,11
ITE00100554,122,1315,1,34,1,11
EZE00100082,118,1315,1,34,1,8
USC00288878,1218,1315,1,34,12,14
GME00125218,129,1315,1,34,1,10
CA006158350,1128,1315,1,34,11,5
UK000047811,120,1315,1,34,1,13
CA006148100,1205,1315,1,34,12,5
SZ000006717,1005,1315,1,34,10,12
SZ000006717,518,1315,1,34,5,12
EZE00100082,117,1315,1,34,1,8
EZE00100082,131,1315,1,34,1,8
SZ000006717,1222,1315,1,34,12,12
UK000056225,126,1315,1,34,1,13
ITE00100554,101,1315,1,34,1,11
SZ000006717,1115,1315,1,34,11,12
ITE00100554,212,1315,1,34,2,11
GME00125218,1210,1315,1,34,12,10
AU000005901,1219,1315,1,34,12,3
ITE00100550,322,1315,1,34,3,11
UK000056225,124,1315,1,34,1,13
GME00125218,1215,1315,1,34,12,10
EZE00100082,1215,1315,1,34,12,8
UK000047811,127,1315,1,34,1,13
SZ000006717,1103,1315,1,34,11,12
AU000005901,1215,1315,1,34,12,3
UK000047811,126,1315,1,34,1,13
SZ000006717,108,1315,1,34,1,12
EZE00100082,1225,1315,1,34,12,8
GME00125218,1222,1315,1,34,12,10
EZE00100082,113,1315,1,34,1,8
GME00125218,121,1315,1,35,1,10
BE000006447,118,1315,1,35,1,4
BE000006447,321,1315,1,35,3,4
GME00125218,220,1315,1,35,2,10
GM000004204,119,1315,1,35,1,9
ITE00100550,210,1315,2,35,2,11
EZE00100082,317,1315,2,35,3,8
AU000005901,130,1315,2,35,1,3
ITE00100550,211,1315,2,35,2,11
EZE00100082,1116,1315,2,35,11,8
GM000004204,1222,1315,2,35,12,9
GM000004204,130,1315,2,35,1,9
GM000004204,208,1315,2,35,2,9
GME00125218,218,1315,2,35,2,10
EZE00100082,119,1315,2,35,1,8
AU000005901,1216,1315,2,35,12,3
AU000005901,201,1315,2,35,2,3
UK000056225,122,1315,2,35,1,13
UK000056225,120,1315,2,35,1,13
USC00288878,1230,1315,2,35,12,14
CA006158350,1205,1315,2,35,12,5
CA006148100,1106,1315,2,35,11,5
UK000056225,215,1315,2,35,2,13
CA006148100,1201,1315,2,35,12,5
SZ000006717,1016,1315,2,35,10,12
CA006158350,218,1315,2,35,2,5
CA006158350,203,1315,2,35,2,5
CA006158350,1228,1315,2,35,12,5
ITE00100554,117,1315,2,35,1,11
SZ000006717,519,1315,2,35,5,12
EZE00100082,312,1315,2,35,3,8
CA006158350,113,1315,2,35,1,5
CA006158350,1105,1315,2,35,11,5
CA006148100,306,1315,2,35,3,5
BE000006447,119,1315,2,35,1,4
ITE00100554,201,1315,2,35,2,11
SZ000006717,1122,1315,2,35,11,12
CA006148100,314,1315,2,35,3,5
CA006148100,1227,1315,2,35,12,5
ITE00100554,322,1315,2,35,3,11
EZE00100082,1216,1315,2,35,12,8
CA006158350,201,1315,2,35,2,5
UK000056225,121,1315,2,35,1,13
EZE00100082,123,1315,2,35,1,8
EZE00100082,325,1315,2,35,3,8
SZ000006717,125,1315,2,35,1,12
GM000004204,312,1315,2,35,3,9
GME00125218,1223,1315,2,35,12,10
ITE00100550,209,1315,2,35,2,11
SZ000006717,524,1315,2,35,5,12
GME00125218,126,1315,2,35,1,10
GM000004204,316,1315,2,35,3,9
UK000056225,209,1315,2,35,2,13
EZE00100082,306,1315,2,35,3,8
AU000005901,225,1315,2,35,2,3
SZ000006717,1224,1315,2,35,12,12
GM000004204,1209,1315,2,35,12,9
AU000005901,117,1315,2,35,1,3
GM000004204,317,1315,2,35,3,9
BE000006447,204,1315,2,35,2,4
AU000005901,1225,1315,2,36,12,3
GM000004204,1215,1315,2,36,12,9
ITE00100554,1215,1315,2,36,12,11
ITE00100550,101,1315,2,36,1,11
AU000005901,129,1315,2,36,1,3
AU000005901,1212,1315,2,36,12,3
SZ000006717,405,1315,2,36,4,12
GM000004204,220,1315,2,36,2,9
ITE00100554,217,1315,2,36,2,11
AU000005901,328,1315,2,36,3,3
GM000004204,1210,1315,2,36,12,9
GME00125218,1226,1315,2,36,12,10
GME00125218,331,1315,2,36,3,10
SZ000006717,1117,1315,2,36,11,12
AU000005901,118,1315,2,36,1,3
ITE00100554,320,1315,2,36,3,11
AU000005901,224,1315,2,36,2,3
GME00125218,224,1315,2,36,2,10
GM000004204,313,1315,2,36,3,9
SZ000006717,521,1315,2,36,5,12
ITE00100550,122,1315,2,36,1,11
UK000056225,219,1315,2,36,2,13
UK000047811,213,1315,2,36,2,13
GM000004204,324,1315,2,36,3,9
AU000005901,1208,1315,2,36,12,3
AU000005901,1226,1315,2,36,12,3
CA006148100,1219,1315,2,36,12,5
SZ000006717,419,1315,2,36,4,12
CA006158350,306,1315,2,36,3,5
USC00288878,1209,1315,2,36,12,14
SZ000006717,408,1315,2,36,4,12
CA006158350,223,1315,2,36,2,5
SZ000006717,522,1315,2,36,5,12
CA006158350,1223,1315,2,36,12,5
SZ000006717,510,1315,2,36,5,12
CA006148100,1226,1315,2,36,12,5
EZE00100082,218,1315,2,36,2,8
USC00288878,1231,1315,2,36,12,14
SZ000006717,1119,1315,2,36,11,12
EZE00100082,120,1315,2,36,1,8
EZE00100082,107,1315,2,36,1,8
CA006158350,123,1315,2,36,1,5
SZ000006717,804,1315,2,36,8,12
CA006158350,1028,1315,2,36,10,5
UK000056225,128,1315,2,36,1,13
CA006148100,1124,1315,2,36,11,5
CA006158350,1209,1315,2,36,12,5
EIE00101859,101,1315,2,36,1,7
CA006158350,106,1315,2,36,1,5
GME00125218,117,1315,2,36,1,10
ITE00100554,1230,1315,2,36,12,11
GM000004204,1228,1315,2,36,12,9
GM000004204,314,1315,2,36,3,9
GME00125218,120,1315,2,36,1,10
GME00125218,303,1315,2,36,3,10
EZE00100082,313,1315,2,36,3,8
GME00125218,107,1315,2,36,1,10
UK000056225,123,1315,2,36,1,13
GM000004204,123,1315,2,36,1,9
GME00125218,326,1315,2,36,3,10
GME00125218,1216,1315,2,36,12,10
UK000056225,119,1315,2,36,1,13
UK000056225,116,1315,2,36,1,13
BE000006447,120,1315,2,36,1,4
BE000006447,220,1315,2,36,2,4
EZE00100082,1220,1315,2,36,12,8
EZE00100082,1203,1315,2,36,12,8
GME00125218,314,1315,2,36,3,10
EZE00100082,228,1315,2,36,2,8
ITE00100554,213,1315,2,36,2,11
ITE00100554,321,1315,2,36,3,11
ITE00100554,327,1315,2,36,3,11
SZ000006717,805,1315,2,36,8,12
GME00125218,308,1315,2,36,3,10
EZE00100082,1212,1315,2,36,12,8
GM000004204,129,1315,2,36,1,9
SZ000006717,1025,1315,2,36,10,12
ITE00100550,205,1315,2,36,2,11
GME00125218,1209,1315,2,36,12,10
ITE00100554,216,1315,2,36,2,11
ITE00100550,214,1315,2,36,2,11
UK000047811,214,1315,2,36,2,13
GM000004204,218,1315,2,36,2,9
SZ000006717,1011,1315,2,36,10,12
ITE00100550,321,1315,2,36,3,11
GME00125218,307,1315,2,36,3,10
EZE00100082,316,1315,2,36,3,8
GM000004204,1205,1315,2,36,12,9
EZE00100082,1114,1315,2,36,11,8
SZ000006717,1112,1315,2,36,11,12
EZE00100082,318,1315,2,36,3,8
EZE00100082,314,1315,2,36,3,8
AU000005901,1222,1315,2,36,12,3
ITE00100554,1214,1315,3,37,12,11
UK000047811,215,1315,3,37,2,13
AU000005901,127,1315,3,37,1,3
GM000004204,120,1315,3,37,1,9
UK000056225,204,1315,3,37,2,13
ITE00100554,1213,1315,3,37,12,11
EZE00100082,127,1315,3,37,1,8
UK000056225,319,1315,3,37,3,13
BE000006447,1224,1315,3,37,12,4
SZ000006717,927,1315,3,37,9,12
UK000056225,118,1315,3,37,1,13
GME00125218,316,1315,3,37,3,10
CA006158350,1201,1315,3,37,12,5
AU000005901,317,1315,3,37,3,3
CA006148100,1225,1315,3,37,12,5
EZE00100082,1117,1315,3,37,11,8
GME00125218,1203,1315,3,37,12,10
EIE00101859,128,1315,3,37,1,7
SZ000006717,418,1315,3,37,4,12
GME00125218,305,1315,3,37,3,10
CA006148100,1123,1315,3,37,11,5
GME00125218,1221,1315,3,37,12,10
CA006158350,225,1315,3,37,2,5
AU000005901,306,1315,3,37,3,3
EZE00100082,1115,1315,3,37,11,8
CA006158350,122,1315,3,37,1,5
CA006158350,409,1315,3,37,4,5
AU000005901,1120,1315,3,37,11,3
CA006158350,1207,1315,3,37,12,5
CA006158350,302,1315,3,37,3,5
BE000006447,1227,1315,3,37,12,4
CA006148100,302,1315,3,37,3,5
CA006158350,324,1315,3,37,3,5
CA006148100,309,1315,3,37,3,5
AU000005901,330,1315,3,37,3,3
AU000005901,104,1315,3,37,1,3
AU000005901,1221,1315,3,37,12,3
CA006148100,204,1315,3,37,2,5
AU000005901,221,1315,3,37,2,3
EIE00101859,119,1315,3,37,1,7
CA006158350,1122,1315,3,37,11,5
GME00125218,1230,1315,3,37,12,10
AU000005901,1121,1315,3,37,11,3
CA006158350,325,1315,3,37,3,5
CA006158350,105,1315,3,37,1,5
ITE00100550,103,1315,3,37,1,11
SZ000006717,1010,1315,3,37,10,12
ITE00100550,124,1315,3,37,1,11
GME00125218,217,1315,3,37,2,10
ITE00100550,102,1315,3,37,1,11
GME00125218,106,1315,3,37,1,10
BE000006447,329,1315,3,37,3,4
EZE00100082,305,1315,3,37,3,8
BE000006447,117,1315,3,37,1,4
ITE00100550,213,1315,3,37,2,11
EZE00100082,1221,1315,3,37,12,8
EZE00100082,304,1315,3,37,3,8
GM000004204,117,1315,3,37,1,9
UK000056225,208,1315,3,37,2,13
UK000047811,101,1315,3,37,1,13
GME00125218,131,1315,3,37,1,10
GM000004204,202,1315,3,37,2,9
SZ000006717,712,1315,3,37,7,12
AU000005901,1218,1315,3,37,12,3
AU000005901,1211,1315,3,37,12,3
ITE00100554,204,1315,3,37,2,11
SZ000006717,525,1315,3,37,5,12
ITE00100554,105,1315,3,37,1,11
SZ000006717,1026,1315,3,37,10,12
ITE00100550,1214,1315,3,38,12,11
AU000005901,1114,1315,3,38,11,3
GM000004204,126,1315,3,38,1,9
ITE00100550,1213,1315,3,38,12,11
GM000004204,1214,1315,3,38,12,9
GM000004204,1203,1315,3,38,12,9
BE000006447,208,1315,3,38,2,4
SZ000006717,702,1315,3,38,7,12
GM000004204,1221,1315,3,38,12,9
ITE00100550,204,1315,3,38,2,11
GME00125218,401,1315,3,38,4,10
BE000006447,216,1315,3,38,2,4
SZ000006717,422,1315,3,38,4,12
UK000047811,119,1315,3,38,1,13
ITE00100554,102,1315,3,38,1,11
CA006158350,1218,1315,3,38,12,5
CA006158350,408,1315,3,38,4,5
CA006148100,303,1315,3,38,3,5
CA006158350,1206,1315,3,38,12,5
ITE00100554,205,1315,3,38,2,11
USC00288878,1224,1315,3,38,12,14
GM000004204,1229,1315,3,38,12,9
GME00125218,1205,1315,3,38,12,10
BE000006447,312,1315,3,38,3,4
CA006148100,323,1315,3,38,3,5
USC00288878,1206,1315,3,38,12,14
CA006158350,309,1315,3,38,3,5
CA006158350,322,1315,3,38,3,5
ITE00100554,106,1315,3,38,1,11
GME00125218,228,1315,3,38,2,10
USC00288878,1214,1315,3,38,12,14
EZE00100082,308,1315,3,38,3,8
CA006158350,1224,1315,3,38,12,5
UK000056225,216,1315,3,38,2,13
USC00288878,1226,1315,3,38,12,14
CA006148100,1202,1315,3,38,12,5
USC00288878,1129,1315,3,38,11,14
CA006158350,1231,1315,3,38,12,5
UK000056225,318,1315,3,38,3,13
BE000006447,315,1315,3,38,3,4
GM000004204,116,1315,3,38,1,9
SZ000006717,1006,1315,3,38,10,12
SZ000006717,413,1315,3,38,4,12
UK000056225,320,1315,3,38,3,13
BE000006447,221,1315,3,38,2,4
GM000004204,307,1315,3,38,3,9
GME00125218,226,1315,3,38,2,10
GME00125218,225,1315,3,38,2,10
AU000005901,1223,1315,3,38,12,3
ITE00100554,307,1315,3,38,3,11
EZE00100082,1120,1315,3,38,11,8
BE000006447,327,1315,3,38,3,4
SZ000006717,228,1315,3,38,2,12
GM000004204,1202,1315,3,38,12,9
BE000006447,328,1315,3,38,3,4
GM000004204,1208,1315,3,38,12,9
UK000047811,217,1315,3,38,2,13
EZE00100082,401,1315,3,38,4,8
BE000006447,314,1315,3,38,3,4
SZ000006717,1024,1315,3,38,10,12
GME00125218,108,1315,3,38,1,10
BE000006447,322,1315,3,38,3,4
ITE00100554,214,1315,3,38,2,11
BE000006447,1225,1315,3,38,12,4
UK000056225,129,1315,3,38,1,13
BE000006447,129,1315,3,38,1,4
BE000006447,128,1315,3,38,1,4
BE000006447,217,1315,4,38,2,4
UK000047811,216,1315,4,38,2,13
SZ000006717,1012,1315,4,38,10,12
AU000005901,116,1315,4,38,1,3
BE000006447,107,1315,4,38,1,4
UK000056225,203,1315,4,38,2,13
GM000004204,226,1315,4,38,2,9
GME00125218,1220,1315,4,38,12,10
GME00125218,105,1315,4,38,1,10
EZE00100082,227,1315,4,38,2,8
GME00125218,227,1315,4,38,2,10
EZE00100082,108,1315,4,38,1,8
SZ000006717,1002,1315,4,38,10,12
SZ000006717,421,1315,4,38,4,12
BE000006447,313,1315,4,38,3,4
GM000004204,310,1315,4,38,3,9
ITE00100550,130,1315,4,38,1,11
AU000005901,1217,1315,4,38,12,3
ITE00100554,114,1315,4,38,1,11
GM000004204,1230,1315,4,38,12,9
UK000047811,128,1315,4,38,1,13
GM000004204,1206,1315,4,38,12,9
GM000004204,304,1315,4,38,3,9
GME00125218,304,1315,4,38,3,10
SZ000006717,512,1315,4,38,5,12
GM000004204,108,1315,4,38,1,9
ITE00100554,1212,1315,4,38,12,11
UK000047811,124,1315,4,38,1,13
SZ000006717,515,1315,4,38,5,12
GM000004204,326,1315,4,38,3,9
ITE00100554,211,1315,4,38,2,11
UK000047811,102,1315,4,38,1,13
ITE00100554,1231,1315,4,38,12,11
AU000005901,228,1315,4,38,2,3
ITE00100554,130,1315,4,38,1,11
ITE00100554,104,1315,4,38,1,11
SZ000006717,701,1315,4,39,7,12
EZE00100082,331,1315,4,39,3,8
EZE00100082,1211,1315,4,39,12,8
EZE00100082,1208,1315,4,39,12,8
BE000006447,1220,1315,4,39,12,4
EZE00100082,311,1315,4,39,3,8
SZ000006717,1008,1315,4,39,10,12
AU000005901,302,1315,4,39,3,3
GME00125218,1207,1315,4,39,12,10
EZE00100082,310,1315,4,39,3,8
AU000005901,227,1315,4,39,2,3
GME00125218,310,1315,4,39,3,10
UK000056225,207,1315,4,39,2,13
ITE00100554,113,1315,4,39,1,11
EZE00100082,1121,1315,4,39,11,8
EZE00100082,1207,1315,4,39,12,8
AU000005901,1224,1315,4,39,12,3
GME00125218,1231,1315,4,39,12,10
GM000004204,1220,1315,4,39,12,9
GME00125218,1208,1315,4,39,12,10
ITE00100554,1216,1315,4,39,12,11
AU000005901,1115,1315,4,39,11,3
EZE00100082,309,1315,4,39,3,8
GME00125218,1229,1315,4,39,12,10
GME00125218,116,1315,4,39,1,10
BE000006447,318,1315,4,39,3,4
ITE00100554,126,1315,4,39,1,11
GME00125218,201,1315,4,39,2,10
AU000005901,305,1315,4,39,3,3
EZE00100082,220,1315,4,39,2,8
SZ000006717,520,1315,4,39,5,12
GM000004204,331,1315,4,39,3,9
GM000004204,1113,1315,4,39,11,9
GM000004204,107,1315,4,39,1,9
GM000004204,1216,1315,4,39,12,9
EZE00100082,116,1315,4,39,1,8
CA006158350,1124,1315,4,39,11,5
ITE00100554,1228,1315,4,39,12,11
CA006148100,1130,1315,4,39,11,5
USC00288878,1225,1315,4,39,12,14
EZE00100082,1219,1315,4,39,12,8
CA006148100,1121,1315,4,39,11,5
CA006158350,1227,1315,4,39,12,5
CA006158350,326,1315,4,39,3,5
BE000006447,104,1315,4,39,1,4
CA006158350,314,1315,4,39,3,5
SZ000006717,407,1315,4,39,4,12
BE000006447,1222,1315,4,39,12,4
CA006148100,227,1315,4,39,2,5
GM000004204,308,1315,4,39,3,9
BE000006447,1221,1315,4,39,12,4
ITE00100554,203,1315,4,39,2,11
CA006148100,1125,1315,4,39,11,5
BE000006447,330,1315,4,39,3,4
EZE00100082,1113,1315,4,39,11,8
SZ000006717,1017,1315,4,39,10,12
SZ000006717,506,1315,4,39,5,12
ITE00100550,117,1315,4,39,1,11
SZ000006717,1223,1315,4,39,12,12
UK000056225,117,1315,4,39,1,13
GM000004204,318,1315,4,39,3,9
SZ000006717,1001,1315,4,39,10,12
SZ000006717,516,1315,4,39,5,12
GM000004204,305,1315,4,39,3,9
ITE00100554,1226,1315,4,39,12,11
BE000006447,106,1315,4,39,1,4
EZE00100082,330,1315,4,39,3,8
ITE00100554,1221,1315,4,39,12,11
BE000006447,222,1315,4,39,2,4
GM000004204,1207,1315,4,39,12,9
GM000004204,131,1315,4,39,1,9
ITE00100550,1215,1315,4,39,12,11
BE000006447,205,1315,4,39,2,4
SZ000006717,501,1315,4,39,5,12
AU000005901,313,1315,4,39,3,3
UK000047811,113,1315,4,39,1,13
UK000056225,328,1315,4,39,3,13
GM000004204,224,1315,4,39,2,9
BE000006447,319,1315,4,39,3,4
GM000004204,227,1315,4,39,2,9
UK000047811,118,1315,4,39,1,13
BE000006447,323,1315,4,39,3,4
BE000006447,309,1315,4,39,3,4
EZE00100082,105,1315,4,39,1,8
BE000006447,316,1315,4,39,3,4
ITE00100554,1227,1315,4,39,12,11
SZ000006717,409,1315,4,39,4,12
ITE00100554,1120,1315,4,40,11,11
BE000006447,125,1315,4,40,1,4
SZ000006717,126,1315,4,40,1,12
ITE00100554,112,1315,4,40,1,11
ITE00100554,1223,1315,4,40,12,11
SZ000006717,509,1315,4,40,5,12
ITE00100554,127,1315,4,40,1,11
AU000005901,123,1315,4,40,1,3
SZ000006717,830,1315,4,40,8,12
GME00125218,1114,1315,4,40,11,10
ITE00100554,208,1315,4,40,2,11
AU000005901,310,1315,4,40,3,3
GME00125218,1204,1315,4,40,12,10
AU000005901,218,1315,4,40,2,3
AU000005901,111,1315,4,40,1,3
GME00125218,109,1315,4,40,1,10
BE000006447,1214,1315,4,40,12,4
AU000005901,128,1315,4,40,1,3
ITE00100554,324,1315,4,40,3,11
UK000056225,220,1315,4,40,2,13
GME00125218,311,1315,4,40,3,10
ITE00100550,320,1315,4,40,3,11
UK000056225,1214,1315,4,40,12,13
CA006158350,204,1315,4,40,2,5
CA006158350,1210,1315,4,40,12,5
USC00288878,1210,1315,4,40,12,14
AU000005901,1117,1315,4,40,11,3
USC00288878,1221,1315,4,40,12,14
CA006148100,1026,1315,4,40,10,5
SZ000006717,807,1315,4,40,8,12
BE000006447,116,1315,4,40,1,4
ITE00100554,329,1315,4,40,3,11
USC00288878,1128,1315,4,40,11,14
CA006148100,1122,1315,4,40,11,5
UK000047811,1231,1315,4,40,12,13
UK000056225,314,1315,4,40,3,13
UK000056225,313,1315,4,40,3,13
ITE00100550,1217,1315,4,40,12,11
EZE00100082,402,1315,4,40,4,8
USC00288878,1229,1315,4,40,12,14
ITE00100554,1220,1315,4,40,12,11
UK000056225,130,1315,4,40,1,13
AU000005901,220,1315,4,40,2,3
GME00125218,112,1315,4,40,1,10
ITE00100550,1212,1315,4,40,12,11
BE000006447,1226,1315,4,40,12,4
CA006158350,1129,1315,4,40,11,5
CA006158350,1226,1315,4,40,12,5
CA006158350,1225,1315,4,40,12,5
CA006158350,303,1315,4,40,3,5
EZE00100082,326,1315,4,40,3,8
ITE00100550,206,1315,4,40,2,11
ITE00100554,1219,1315,4,40,12,11
GM000004204,327,1315,4,40,3,9
AU000005901,308,1315,4,40,3,3
SZ000006717,808,1315,4,40,8,12
SZ000006717,406,1315,4,40,4,12
ITE00100554,131,1315,4,40,1,11
GM000004204,1219,1315,4,40,12,9
AU000005901,1113,1315,4,40,11,3
AU000005901,325,1315,4,40,3,3
ITE00100550,208,1315,4,40,2,11
AU000005901,304,1315,4,40,3,3
AU000005901,312,1315,4,40,3,3
GM000004204,1231,1315,4,40,12,9
ITE00100550,215,1315,5,40,2,11
ITE00100554,125,1315,5,40,1,11
GM000004204,303,1315,5,40,3,9
AU000005901,318,1315,5,40,3,3
AU000005901,316,1315,5,40,3,3
ITE00100554,109,1315,5,40,1,11
GME00125218,1211,1315,5,40,12,10
AU000005901,1122,1315,5,40,11,3
ITE00100554,1211,1315,5,40,12,11
GM000004204,401,1315,5,40,4,9
UK000047811,219,1315,5,40,2,13
BE000006447,324,1315,5,40,3,4
AU000005901,309,1315,5,40,3,3
BE000006447,1210,1315,5,40,12,4
UK000047811,210,1315,5,40,2,13
BE000006447,206,1315,5,40,2,4
SZ000006717,1123,1315,5,40,11,12
SZ000006717,412,1315,5,40,4,12
SZ000006717,630,1315,5,40,6,12
BE000006447,310,1315,5,41,3,4
ITE00100550,203,1315,5,41,2,11
GME00125218,309,1315,5,41,3,10
BE000006447,1215,1315,5,41,12,4
SZ000006717,513,1315,5,41,5,12
ITE00100550,217,1315,5,41,2,11
ITE00100554,111,1315,5,41,1,11
GME00125218,1113,1315,5,41,11,10
GME00125218,115,1315,5,41,1,10
ITE00100550,1211,1315,5,41,12,11
ITE00100550,1226,1315,5,41,12,11
GME00125218,327,1315,5,41,3,10
ITE00100554,326,1315,5,41,3,11
EZE00100082,226,1315,5,41,2,8
UK000056225,326,1315,5,41,3,13
ITE00100550,1222,1315,5,41,12,11
ITE00100550,118,1315,5,41,1,11
ITE00100550,1216,1315,5,41,12,11
UK000056225,218,1315,5,41,2,13
GME00125218,110,1315,5,41,1,10
SZ000006717,417,1315,5,41,4,12
BE000006447,308,1315,5,41,3,4
GM000004204,309,1315,5,41,3,9
BE000006447,219,1315,5,41,2,4
GM000004204,225,1315,5,41,2,9
UK000056225,311,1315,5,41,3,13
UK000056225,325,1315,5,41,3,13
GM000004204,115,1315,5,41,1,9
UK000056225,317,1315,5,41,3,13
EZE00100082,303,1315,5,41,3,8
EZE00100082,109,1315,5,41,1,8
CA006148100,1109,1315,5,41,11,5
ITE00100550,104,1315,5,41,1,11
CA006148100,222,1315,5,41,2,5
GM000004204,1114,1315,5,41,11,9
EZE00100082,128,1315,5,41,1,8
CA006158350,410,1315,5,41,4,5
CA006158350,1029,1315,5,41,10,5
ITE00100550,131,1315,5,41,1,11
CA006148100,1127,1315,5,41,11,5
ITE00100550,1231,1315,5,41,12,11
CA006148100,1118,1315,5,41,11,5
AU000005901,307,1315,5,41,3,3
EZE00100082,115,1315,5,41,1,8
ITE00100554,1222,1315,5,41,12,11
UK000056225,1211,1315,5,41,12,13
ITE00100554,325,1315,5,41,3,11
ITE00100550,329,1315,5,41,3,11
EZE00100082,1202,1315,5,41,12,8
SZ000006717,819,1315,5,41,8,12
ITE00100550,222,1315,5,41,2,11
GME00125218,302,1315,5,41,3,10
CA006148100,223,1315,5,41,2,5
CA006158350,1106,1315,5,41,11,5
BE000006447,108,1315,5,41,1,4
GM000004204,201,1315,5,41,2,9
GM000004204,112,1315,5,41,1,9
UK000056225,307,1315,5,41,3,13
BE000006447,311,1315,5,41,3,4
UK000047811,220,1315,5,41,2,13
UK000056225,115,1315,5,41,1,13
GM000004204,105,1315,5,41,1,9
GM000004204,228,1315,5,41,2,9
UK000056225,1212,1315,5,41,12,13
BE000006447,325,1315,5,41,3,4
SZ000006717,505,1315,5,41,5,12
ITE00100554,1217,1315,5,41,12,11
SZ000006717,612,1315,5,41,6,12
ITE00100554,1116,1315,5,41,11,11
ITE00100554,1218,1315,5,41,12,11
UK000056225,316,1315,5,41,3,13
BE000006447,115,1315,5,41,1,4
SZ000006717,817,1315,5,41,8,12
ITE00100554,1210,1315,5,41,12,11
GME00125218,219,1315,5,42,2,10
BE000006447,1219,1315,5,42,12,4
EZE00100082,110,1315,5,42,1,8
GME00125218,1116,1315,5,42,11,10
UK000047811,209,1315,5,42,2,13
ITE00100550,1227,1315,5,42,12,11
BE000006447,317,1315,5,42,3,4
UK000047811,321,1315,5,42,3,13
UK000047811,218,1315,5,42,2,13
ITE00100550,207,1315,5,42,2,11
GM000004204,1211,1315,5,42,12,9
BE000006447,326,1315,5,42,3,4
AU000005901,314,1315,5,42,3,3
ITE00100554,323,1315,5,42,3,11
GM000004204,109,1315,5,42,1,9
SZ000006717,504,1315,5,42,5,12
ITE00100550,116,1315,5,42,1,11
AU000005901,1116,1315,5,42,11,3
GME00125218,402,1315,5,42,4,10
GME00125218,403,1315,5,42,4,10
ITE00100550,128,1315,5,42,1,11
AU000005901,311,1315,5,42,3,3
AU000005901,1202,1315,5,42,12,3
ITE00100550,1218,1315,5,42,12,11
EZE00100082,1201,1315,5,42,12,8
GME00125218,1219,1315,5,42,12,10
ITE00100554,306,1315,5,42,3,11
ITE00100554,116,1315,5,42,1,11
BE000006447,218,1315,5,42,2,4
EZE00100082,1218,1315,6,42,12,8
SZ000006717,613,1315,6,42,6,12
GME00125218,1218,1315,6,42,12,10
AU000005901,401,1315,6,42,4,3
UK000056225,309,1315,6,42,3,13
UK000056225,308,1315,6,42,3,13
UK000056225,322,1315,6,42,3,13
EZE00100082,219,1315,6,42,2,8
UK000056225,324,1315,6,42,3,13
UK000056225,114,1315,6,42,1,13
UK000047811,212,1315,6,42,2,13
AU000005901,219,1315,6,42,2,3
CA006158350,1202,1315,6,42,12,5
CA006148100,1108,1315,6,42,11,5
CA006148100,1104,1315,6,42,11,5
CA006158350,318,1315,6,42,3,5
GM000004204,110,1315,6,42,1,9
USC00288878,1219,1315,6,42,12,14
CA006148100,410,1315,6,42,4,5
ITE00100554,1121,1315,6,42,11,11
CA006148100,307,1315,6,42,3,5
CA006148100,1024,1315,6,42,10,5
SZ000006717,1003,1315,6,42,10,12
UK000047811,205,1315,6,42,2,13
CA006158350,222,1315,6,42,2,5
EZE00100082,1205,1315,6,42,12,8
ITE00100550,114,1315,6,42,1,11
CA006158350,1123,1315,6,42,11,5
USC00288878,1207,1315,6,42,12,14
CA006148100,1021,1315,6,42,10,5
CA006158350,1127,1315,6,42,11,5
ITE00100554,202,1315,6,42,2,11
AU000005901,1123,1315,6,42,11,3
CA006148100,1211,1315,6,42,12,5
ITE00100550,113,1315,6,42,1,11
UK000047811,319,1315,6,42,3,13
BE000006447,130,1315,6,42,1,4
ITE00100550,112,1315,6,42,1,11
EIE00101859,129,1315,6,42,1,7
EZE00100082,307,1315,6,42,3,8
CA006148100,1031,1315,6,42,10,5
ITE00100554,328,1315,6,42,3,11
GM000004204,311,1315,6,42,3,9
ITE00100550,201,1315,6,42,2,11
SZ000006717,725,1315,6,42,7,12
CA006158350,226,1315,6,42,2,5
UK000047811,129,1315,6,42,1,13
BE000006447,207,1315,6,42,2,4
BE000006447,1211,1315,6,42,12,4
ITE00100554,1225,1315,6,42,12,11
BE000006447,226,1315,6,42,2,4
ITE00100550,223,1315,6,42,2,11
SZ000006717,420,1315,6,42,4,12
UK000056225,217,1315,6,42,2,13
SZ000006717,803,1315,6,42,8,12
GM000004204,106,1315,6,42,1,9
ITE00100554,1229,1315,6,42,12,11
ITE00100554,308,1315,6,42,3,11
UK000056225,105,1315,6,42,1,13
UK000056225,321,1315,6,42,3,13
UK000047811,206,1315,6,42,2,13
ITE00100554,110,1315,6,42,1,11
UK000047811,320,1315,6,42,3,13
AU000005901,331,1315,6,42,3,3
ITE00100554,128,1315,6,42,1,11
GME00125218,1202,1315,6,42,12,10
EZE00100082,1217,1315,6,42,12,8
UK000047811,207,1315,6,42,2,13
UK000047811,208,1315,6,42,2,13
AU000005901,326,1315,6,42,3,3
EZE00100082,315,1315,6,42,3,8
GME00125218,315,1315,6,42,3,10
ITE00100554,209,1315,6,42,2,11
ITE00100554,1224,1315,6,42,12,11
ITE00100554,215,1315,6,43,2,11
AU000005901,105,1315,6,43,1,3
ITE00100550,106,1315,6,43,1,11
ITE00100550,216,1315,6,43,2,11
GM000004204,1218,1315,6,43,12,9
GM000004204,1217,1315,6,43,12,9
GME00125218,1117,1315,6,43,11,10
BE000006447,110,1315,6,43,1,4
UK000047811,308,1315,6,43,3,13
UK000056225,310,1315,6,43,3,13
SZ000006717,416,1315,6,43,4,12
GME00125218,128,1315,6,43,1,10
SZ000006717,831,1315,6,43,8,12
ITE00100550,301,1315,6,43,3,11
GM000004204,219,1315,6,43,2,9
AU000005901,303,1315,6,43,3,3
ITE00100550,330,1315,6,43,3,11
GM000004204,217,1315,6,43,2,9
GM000004204,402,1315,6,43,4,9
BE000006447,305,1315,6,43,3,4
ITE00100550,105,1315,6,43,1,11
GM000004204,111,1315,6,43,1,9
EZE00100082,1122,1315,6,43,11,8
ITE00100550,125,1315,6,43,1,11
BE000006447,307,1315,6,43,3,4
BE000006447,1216,1315,6,43,12,4
ITE00100550,324,1315,6,43,3,11
SZ000006717,605,1315,6,43,6,12
GME00125218,1206,1315,6,43,12,10
ITE00100554,123,1315,6,43,1,11
GME00125218,1217,1315,6,43,12,10
CA006148100,1120,1315,6,43,11,5
UK000047811,211,1315,6,43,2,13
SZ000006717,814,1315,6,43,8,12
UK000056225,306,1315,6,43,3,13
UK000056225,106,1315,6,43,1,13
CA006158350,320,1315,6,43,3,5
GM000004204,1116,1315,6,43,11,9
CA006148100,1030,1315,6,43,10,5
CA006148100,308,1315,6,43,3,5
CA006158350,307,1315,6,43,3,5
USC00288878,1220,1315,6,43,12,14
CA006158350,1026,1315,6,43,10,5
ITE00100550,325,1315,6,43,3,11
GM000004204,1201,1315,6,43,12,9
EZE00100082,111,1315,6,43,1,8
UK000056225,1231,1315,6,43,12,13
CA006148100,411,1315,6,43,4,5
CA006158350,1219,1315,6,43,12,5
UK000056225,315,1315,6,43,3,13
ITE00100554,206,1315,6,43,2,11
EZE00100082,403,1315,6,43,4,8
EZE00100082,301,1315,6,43,3,8
UK000056225,1217,1315,6,43,12,13
CA006148100,420,1315,6,43,4,5
CA006158350,1120,1315,6,43,11,5
CA006158350,1118,1315,6,43,11,5
GM000004204,1110,1315,6,43,11,9
EIE00101859,116,1315,6,43,1,7
GM000004204,302,1315,6,43,3,9
CA006158350,420,1315,6,43,4,5
UK000056225,323,1315,6,43,3,13
BE000006447,223,1315,6,43,2,4
SZ000006717,604,1315,6,43,6,12
UK000047811,116,1315,6,43,1,13
EZE00100082,106,1315,6,43,1,8
SZ000006717,430,1315,6,43,4,12
EZE00100082,1206,1315,6,43,12,8
ITE00100554,1119,1315,6,43,11,11
ITE00100554,1117,1315,6,43,11,11
UK000056225,305,1315,6,43,3,13
EZE00100082,302,1315,6,43,3,8
SZ000006717,523,1315,6,43,5,12
BE000006447,1208,1315,6,43,12,4
UK000056225,1215,1315,6,43,12,13
GM000004204,1117,1315,6,43,11,9
GME00125218,306,1315,6,43,3,10
GM000004204,306,1315,6,43,3,9
ITE00100550,323,1315,6,43,3,11
ITE00100550,1221,1315,6,43,12,11
ITE00100554,223,1315,6,43,2,11
AU000005901,1118,1315,6,43,11,3
UK000047811,115,1315,6,43,1,13
SZ000006717,1004,1315,6,43,10,12
UK000047811,204,1315,6,43,2,13
GM000004204,315,1315,6,43,3,9
ITE00100550,328,1315,6,43,3,11
AU000005901,109,1315,6,43,1,3
GME00125218,1110,1315,6,43,11,10
SZ000006717,502,1315,6,43,5,12
BE000006447,109,1315,6,43,1,4
ITE00100550,1219,1315,6,43,12,11
ITE00100550,221,1315,6,43,2,11
EZE00100082,1126,1315,6,43,11,8
BE000006447,114,1315,6,43,1,4
BE000006447,303,1315,6,43,3,4
SZ000006717,625,1315,6,43,6,12
SZ000006717,928,1315,6,43,9,12
GME00125218,1115,1315,6,44,11,10
GME00125218,1201,1315,6,44,12,10
SZ000006717,726,1315,6,44,7,12
UK000047811,114,1315,6,44,1,13
SZ000006717,603,1315,6,44,6,12
GME00125218,111,1315,6,44,1,10
UK000056225,1221,1315,6,44,12,13
SZ000006717,901,1315,6,44,9,12
UK000047811,314,1315,6,44,3,13
SZ000006717,1007,1315,6,44,10,12
BE000006447,224,1315,6,44,2,4
AU000005901,1124,1315,6,44,11,3
AU000005901,108,1315,6,44,1,3
EZE00100082,1204,1315,6,44,12,8
ITE00100550,309,1315,6,44,3,11
AU000005901,107,1315,6,44,1,3
BE000006447,227,1315,7,44,2,4
GME00125218,301,1315,7,44,3,10
UK000047811,117,1315,7,44,1,13
ITE00100554,207,1315,7,44,2,11
AU000005901,226,1315,7,44,2,3
ITE00100554,1209,1315,7,44,12,11
ITE00100550,1209,1315,7,44,12,11
SZ000006717,810,1315,7,44,8,12
BE000006447,1230,1315,7,44,12,4
GME00125218,1109,1315,7,44,11,10
GM000004204,1109,1315,7,44,11,9
UK000047811,106,1315,7,44,1,13
ITE00100554,330,1315,7,44,3,11
USC00288878,1228,1315,7,44,12,14
CA006158350,319,1315,7,44,3,5
UK000056225,327,1315,7,44,3,13
USC00288878,1201,1315,7,44,12,14
SZ000006717,411,1315,7,44,4,12
UK000056225,1226,1315,7,44,12,13
ITE00100554,108,1315,7,44,1,11
UK000047811,1104,1315,7,44,11,13
ITE00100554,218,1315,7,44,2,11
CA006158350,317,1315,7,44,3,5
USC00288878,1211,1315,7,44,12,14
CA006158350,1121,1315,7,44,11,5
ITE00100554,210,1315,7,44,2,11
EZE00100082,1110,1315,7,44,11,8
EIE00101859,130,1315,7,44,1,7
ITE00100554,221,1315,7,44,2,11
CA006158350,323,1315,7,44,3,5
CA006158350,1125,1315,7,44,11,5
UK000056225,312,1315,7,44,3,13
CA006158350,1203,1315,7,44,12,5
EIE00101859,216,1315,7,44,2,7
CA006158350,1126,1315,7,44,11,5
EIE00101859,103,1315,7,44,1,7
SZ000006717,811,1315,7,44,8,12
BE000006447,1217,1315,7,44,12,4
BE000006447,1228,1315,7,44,12,4
SZ000006717,514,1315,7,44,5,12
ITE00100554,331,1315,7,44,3,11
BE000006447,1218,1315,7,44,12,4
ITE00100550,331,1315,7,44,3,11
ITE00100554,1208,1315,7,44,12,11
GM000004204,1105,1315,7,44,11,9
BE000006447,331,1315,7,44,3,4
UK000056225,1222,1315,7,44,12,13
GME00125218,1105,1315,7,44,11,10
BE000006447,105,1315,7,44,1,4
AU000005901,115,1315,7,44,1,3
ITE00100550,1220,1315,7,44,12,11
GM000004204,1104,1315,7,44,11,9
UK000047811,130,1315,7,44,1,13
SZ000006717,503,1315,7,44,5,12
ITE00100550,1228,1315,7,44,12,11
UK000047811,131,1315,7,44,1,13
SZ000006717,806,1315,7,44,8,12
SZ000006717,602,1315,7,44,6,12
SZ000006717,618,1315,7,44,6,12
UK000047811,107,1315,7,44,1,13
ITE00100550,111,1315,7,44,1,11
ITE00100550,126,1315,7,44,1,11
GM000004204,114,1315,7,44,1,9
GME00125218,113,1315,7,45,1,10
UK000047811,322,1315,7,45,3,13
BE000006447,225,1315,7,45,2,4
UK000047811,318,1315,7,45,3,13
SZ000006717,526,1315,7,45,5,12
BE000006447,203,1315,7,45,2,4
UK000047811,324,1315,7,45,3,13
ITE00100554,129,1315,7,45,1,11
GM000004204,128,1315,7,45,1,9
AU000005901,1207,1315,7,45,12,3
BE000006447,1130,1315,7,45,11,4
UK000047811,309,1315,7,45,3,13
AU000005901,114,1315,7,45,1,3
UK000056225,221,1315,7,45,2,13
SZ000006717,617,1315,7,45,6,12
ITE00100554,301,1315,7,45,3,11
ITE00100554,1122,1315,7,45,11,11
UK000056225,202,1315,7,45,2,13
ITE00100550,1224,1315,7,45,12,11
SZ000006717,616,1315,7,45,6,12
BE000006447,1231,1315,7,45,12,4
AU000005901,1206,1315,7,45,12,3
ITE00100550,306,1315,7,45,3,11
EZE00100082,114,1315,7,45,1,8
BE000006447,1113,1315,7,45,11,4
ITE00100554,222,1315,7,45,2,11
UK000047811,327,1315,7,45,3,13
ITE00100554,225,1315,7,45,2,11
ITE00100550,127,1315,7,45,1,11
ITE00100550,107,1315,7,45,1,11
UK000047811,1125,1315,7,45,11,13
EIE00101859,102,1315,7,45,1,7
CA006148100,1103,1315,7,45,11,5
BE000006447,306,1315,7,45,3,4
UK000056225,1223,1315,7,45,12,13
CA006148100,429,1315,7,45,4,5
CA006158350,1024,1315,7,45,10,5
UK000056225,1216,1315,7,45,12,13
SZ000006717,710,1315,7,45,7,12
CA006158350,1211,1315,7,45,12,5
CA006158350,328,1315,7,45,3,5
CA006148100,318,1315,7,45,3,5
UK000047811,1107,1315,7,45,11,13
USC00288878,1123,1315,7,45,11,14
SZ000006717,930,1315,7,45,9,12
UK000047811,1217,1315,7,45,12,13
EIE00101859,117,1315,7,45,1,7
CA006148100,1025,1315,7,45,10,5
CA006158350,416,1315,7,45,4,5
EIE00101859,113,1315,7,45,1,7
CA006148100,1020,1315,7,45,10,5
CA006158350,423,1315,7,45,4,5
CA006158350,1108,1315,7,45,11,5
UK000047811,1124,1315,7,45,11,13
USC00288878,1130,1315,7,45,11,14
CA006158350,417,1315,7,45,4,5
SZ000006717,818,1315,7,45,8,12
SZ000006717,724,1315,7,45,7,12
EIE00101859,217,1315,7,45,2,7
AU000005901,119,1315,7,45,1,3
GME00125218,1103,1315,7,45,11,10
AU000005901,1205,1315,7,45,12,3
EZE00100082,1107,1315,7,45,11,8
UK000056225,1201,1315,7,45,12,13
ITE00100550,1223,1315,7,45,12,11
UK000056225,304,1315,7,45,3,13
UK000047811,311,1315,7,45,3,13
BE000006447,111,1315,7,45,1,4
AU000005901,1203,1315,7,45,12,3
ITE00100550,1230,1315,7,45,12,11
GM000004204,1115,1315,7,45,11,9
BE000006447,1229,1315,7,45,12,4
AU000005901,402,1315,7,45,4,3
SZ000006717,426,1315,7,45,4,12
UK000056225,1213,1315,7,45,12,13
BE000006447,1201,1315,7,45,12,4
BE000006447,1206,1315,7,45,12,4
UK000047811,111,1315,7,45,1,13
BE000006447,1106,1315,7,45,11,4
UK000047811,103,1315,7,45,1,13
UK000047811,221,1315,7,45,2,13
AU000005901,1204,1315,7,45,12,3
GME00125218,404,1315,8,46,4,10
AU000005901,1125,1315,8,46,11,3
GM000004204,301,1315,8,46,3,9
GM000004204,1106,1315,8,46,11,9
EZE00100082,1111,1315,8,46,11,8
ITE00100550,1118,1315,8,46,11,11
ITE00100550,316,1315,8,46,3,11
EZE00100082,327,1315,8,46,3,8
ITE00100550,1117,1315,8,46,11,11
ITE00100550,129,1315,8,46,1,11
ITE00100550,1210,1315,8,46,12,11
UK000056225,1207,1315,8,46,12,13
UK000047811,317,1315,8,46,3,13
EZE00100082,1125,1315,8,46,11,8
UK000056225,131,1315,8,46,1,13
SZ000006717,929,1315,8,46,9,12
UK000047811,326,1315,8,46,3,13
UK000047811,303,1315,8,46,3,13
BE000006447,201,1315,8,46,2,4
UK000047811,323,1315,8,46,3,13
UK000047811,203,1315,8,46,2,13
SZ000006717,611,1315,8,46,6,12
EZE00100082,1130,1315,8,46,11,8
GME00125218,1112,1315,8,46,11,10
UK000047811,313,1315,8,46,3,13
UK000056225,102,1315,8,46,1,13
GM000004204,1103,1315,8,46,11,9
GME00125218,114,1315,8,46,1,10
UK000056225,113,1315,8,46,1,13
UK000056225,1112,1315,8,46,11,13
UK000056225,1018,1315,8,46,10,13
BE000006447,304,1315,8,46,3,4
UK000056225,303,1315,8,46,3,13
SZ000006717,410,1315,8,46,4,12
ITE00100554,1123,1315,8,46,11,11
BE000006447,112,1315,8,46,1,4
BE000006447,301,1315,8,46,3,4
CA006148100,511,1315,8,46,5,5
UK000047811,1202,1315,8,46,12,13
UK000047811,1105,1315,8,46,11,13
UK000047811,1128,1315,8,46,11,13
EIE00101859,219,1315,8,46,2,7
CA006158350,1109,1315,8,46,11,5
CA006148100,1016,1315,8,46,10,5
UK000056225,1218,1315,8,46,12,13
EIE00101859,115,1315,8,46,1,7
UK000047811,306,1315,8,46,3,13
ITE00100550,315,1315,8,46,3,11
ITE00100550,123,1315,8,46,1,11
UK000056225,1105,1315,8,46,11,13
EIE00101859,111,1315,8,46,1,7
ITE00100550,110,1315,8,46,1,11
EIE00101859,104,1315,8,46,1,7
CA006158350,1130,1315,8,46,11,5
CA006158350,411,1315,8,46,4,5
CA006148100,1101,1315,8,46,11,5
UK000047811,307,1315,8,46,3,13
BE000006447,202,1315,8,46,2,4
UK000047811,305,1315,8,46,3,13
BE000006447,131,1315,8,46,1,4
UK000056225,1130,1315,8,46,11,13
GME00125218,1104,1315,8,46,11,10
UK000047811,1126,1315,8,46,11,13
CA006158350,1119,1315,8,46,11,5
GM000004204,1108,1315,8,46,11,9
USC00288878,1127,1315,8,46,11,14
CA006148100,1004,1315,8,46,10,5
EIE00101859,319,1315,8,46,3,7
UK000047811,1214,1315,8,46,12,13
CA006148100,327,1315,8,46,3,5
EIE00101859,106,1315,8,46,1,7
SZ000006717,606,1315,8,46,6,12
BE000006447,1202,1315,8,46,12,4
ITE00100550,108,1315,8,46,1,11
ITE00100550,1114,1315,8,46,11,11
ITE00100550,1225,1315,8,46,12,11
ITE00100550,109,1315,8,46,1,11
GME00125218,1120,1315,8,46,11,10
GM000004204,113,1315,8,46,1,9
BE000006447,302,1315,8,46,3,4
AU000005901,315,1315,8,46,3,3
ITE00100550,319,1315,8,46,3,11
BE000006447,1205,1315,8,46,12,4
ITE00100550,202,1315,8,46,2,11
AU000005901,1111,1315,8,46,11,3
GM000004204,1130,1315,8,46,11,9
ITE00100554,1115,1315,8,46,11,11
ITE00100550,115,1315,8,46,1,11
BE000006447,1207,1315,8,46,12,4
ITE00100550,224,1315,8,46,2,11
GM000004204,1120,1315,8,46,11,9
UK000047811,315,1315,8,46,3,13
AU000005901,1110,1315,8,46,11,3
GME00125218,1010,1315,8,46,10,10
GME00125218,1130,1315,8,46,11,10
ITE00100554,1118,1315,8,46,11,11
GME00125218,1108,1315,8,46,11,10
UK000047811,112,1315,8,46,1,13
GM000004204,1029,1315,8,46,10,9
SZ000006717,424,1315,8,46,4,12
SZ000006717,423,1315,8,46,4,12
GM000004204,403,1315,8,46,4,9
EZE00100082,1124,1315,8,47,11,8
GM000004204,1111,1315,8,47,11,9
GME00125218,1119,1315,8,47,11,10
ITE00100550,327,1315,8,47,3,11
BE000006447,228,1315,8,47,2,4
SZ000006717,722,1315,8,47,7,12
BE000006447,1109,1315,8,47,11,4
SZ000006717,925,1315,8,47,9,12
UK000047811,304,1315,8,47,3,13
UK000056225,1202,1315,8,47,12,13
SZ000006717,626,1315,8,47,6,12
SZ000006717,614,1315,8,47,6,12
BE000006447,401,1315,8,47,4,4
CA006158350,1030,1315,8,47,10,5
EIE00101859,213,1315,8,47,2,7
EIE00101859,131,1315,8,47,1,7
CA006158350,1023,1315,8,47,10,5
BE000006447,1110,1315,8,47,11,4
UK000047811,1226,1315,8,47,12,13
UK000047811,1218,1315,8,47,12,13
ASN00086071,712,1315,8,47,7,2
ITE00100554,401,1315,8,47,4,11
UK000047811,1229,1315,8,47,12,13
USC00288878,1121,1315,8,47,11,14
EIE00101859,109,1315,8,47,1,7
UK000056225,329,1315,8,47,3,13
CA006158350,1025,1315,8,47,10,5
EIE00101859,220,1315,8,47,2,7
EIE00101859,1231,1315,8,47,12,7
UK000047811,1227,1315,8,47,12,13
EZE00100082,1106,1315,8,47,11,8
EZE00100082,1118,1315,8,47,11,8
UK000056225,112,1315,8,47,1,13
UK000047811,1228,1315,8,47,12,13
CA006158350,504,1315,8,47,5,5
UK000056225,1126,1315,8,47,11,13
GME00125218,1106,1315,8,47,11,10
GME00125218,430,1315,8,47,4,10
UK000056225,1210,1315,8,47,12,13
CA006158350,511,1315,8,47,5,5
UK000056225,1031,1315,8,47,10,13
BE000006447,127,1315,8,47,1,4
EIE00101859,105,1315,8,47,1,7
UK000047811,1201,1315,8,47,12,13
UK000056225,302,1315,8,47,3,13
ASN00086071,722,1315,8,47,7,2
ITE00100550,326,1315,8,47,3,11
UK000047811,1215,1315,8,47,12,13
UK000056225,1027,1315,8,47,10,13
SZ000006717,508,1315,8,47,5,12
EIE00101859,318,1315,8,47,3,7
UK000047811,1225,1315,8,47,12,13
EIE00101859,320,1315,8,47,3,7
USC00288878,1202,1315,8,47,12,14
EZE00100082,404,1315,8,47,4,8
EIE00101859,112,1315,8,47,1,7
UK000047811,325,1315,8,47,3,13
UK000056225,205,1315,8,47,2,13
UK000056225,224,1315,8,47,2,13
UK000047811,1123,1315,8,47,11,13
UK000047811,227,1315,8,47,2,13
CA006158350,501,1315,8,47,5,5
EIE00101859,114,1315,8,47,1,7
GME00125218,405,1315,8,47,4,10
ITE00100550,401,1315,8,47,4,11
ITE00100550,1229,1315,8,47,12,11
UK000056225,1021,1315,8,47,10,13
UK000056225,1209,1315,8,47,12,13
AU000005901,1126,1315,8,47,11,3
SZ000006717,607,1315,8,47,6,12
AU000005901,110,1315,8,47,1,3
AU000005901,1201,1315,8,47,12,3
ITE00100554,115,1315,8,47,1,11
UK000056225,1110,1315,8,47,11,13
ITE00100554,220,1315,8,47,2,11
ITE00100554,224,1315,8,47,2,11
GME00125218,1111,1315,8,47,11,10
ITE00100550,1121,1315,8,47,11,11
ITE00100554,311,1315,8,47,3,11
GME00125218,127,1315,8,47,1,10
ITE00100550,1122,1315,8,47,11,11
EZE00100082,1128,1315,8,47,11,8
ITE00100550,1120,1315,8,47,11,11
GME00125218,1107,1315,8,47,11,10
ITE00100554,219,1315,8,47,2,11
EZE00100082,1119,1315,8,47,11,8
ITE00100550,1116,1315,8,47,11,11
ITE00100550,318,1315,8,47,3,11
AU000005901,1112,1315,8,47,11,3
UK000056225,1030,1315,9,47,10,13
SZ000006717,624,1315,9,47,6,12
UK000056225,110,1315,9,47,1,13
SZ000006717,815,1315,9,47,8,12
GM000004204,1107,1315,9,47,11,9
GME00125218,1122,1315,9,47,11,10
UK000047811,302,1315,9,47,3,13
ITE00100554,305,1315,9,47,3,11
SZ000006717,908,1315,9,47,9,12
UK000056225,1128,1315,9,47,11,13
GM000004204,1112,1315,9,47,11,9
UK000056225,1106,1315,9,47,11,13
GME00125218,1121,1315,9,47,11,10
BE000006447,126,1315,9,47,1,4
UK000047811,202,1315,9,47,2,13
ITE00100550,1115,1315,9,47,11,11
BE000006447,1028,1315,9,48,10,4
BE000006447,113,1315,9,48,1,4
EZE00100082,1112,1315,9,48,11,8
UK000047811,328,1315,9,48,3,13
EZE00100082,1127,1315,9,48,11,8
UK000047811,310,1315,9,48,3,13
EZE00100082,1029,1315,9,48,10,8
SZ000006717,902,1315,9,48,9,12
UK000056225,223,1315,9,48,2,13
ITE00100554,107,1315,9,48,1,11
UK000056225,1127,1315,9,48,11,13
SZ000006717,615,1315,9,48,6,12
UK000056225,225,1315,9,48,2,13
AU000005901,1128,1315,9,48,11,3
UK000056225,107,1315,9,48,1,13
GME00125218,1029,1315,9,48,10,10
UK000056225,111,1315,9,48,1,13
UK000056225,1109,1315,9,48,11,13
UK000056225,226,1315,9,48,2,13
UK000047811,201,1315,9,48,2,13
SZ000006717,517,1315,9,48,5,12
SZ000006717,627,1315,9,48,6,12
UK000056225,1104,1315,9,48,11,13
AU000005901,1119,1315,9,48,11,3
UK000047811,105,1315,9,48,1,13
GM000004204,1119,1315,9,48,11,9
GM000004204,1121,1315,9,48,11,9
BE000006447,1107,1315,9,48,11,4
CA006158350,401,1315,9,48,4,5
CA006158350,419,1315,9,48,4,5
UK000047811,1213,1315,9,48,12,13
USC00288878,1205,1315,9,48,12,14
EIE00101859,326,1315,9,48,3,7
EIE00101859,206,1315,9,48,2,7
UK000047811,1216,1315,9,48,12,13
UK000056225,1208,1315,9,48,12,13
EIE00101859,218,1315,9,48,2,7
CA006158350,315,1315,9,48,3,5
UK000047811,1204,1315,9,48,12,13
CA006158350,407,1315,9,48,4,5
CA006158350,413,1315,9,48,4,5
CA006158350,327,1315,9,48,3,5
UK000047811,1211,1315,9,48,12,13
UK000047811,316,1315,9,48,3,13
EIE00101859,313,1315,9,48,3,7
UK000047811,1129,1315,9,48,11,13
EIE00101859,208,1315,9,48,2,7
EZE00100082,1105,1315,9,48,11,8
EIE00101859,212,1315,9,48,2,7
EIE00101859,1230,1315,9,48,12,7
GME00125218,1129,1315,9,48,11,10
EIE00101859,1124,1315,9,48,11,7
CA006148100,428,1315,9,48,4,5
UK000047811,1027,1315,9,48,10,13
UK000047811,1210,1315,9,48,12,13
CA006148100,413,1315,9,48,4,5
UK000047811,1114,1315,9,48,11,13
USC00288878,1120,1315,9,48,11,14
ASN00086071,710,1315,9,48,7,2
EIE00101859,110,1315,9,48,1,7
CA006158350,1112,1315,9,48,11,5
EIE00101859,214,1315,9,48,2,7
SZ000006717,623,1315,9,48,6,12
ITE00100550,218,1315,9,48,2,11
UK000047811,1212,1315,9,48,12,13
EIE00101859,108,1315,9,48,1,7
EIE00101859,321,1315,9,48,3,7
USC00288878,1126,1315,9,48,11,14
CA006158350,1104,1315,9,48,11,5
EIE00101859,1120,1315,9,48,11,7
UK000047811,1203,1315,9,48,12,13
UK000047811,1127,1315,9,48,11,13
UK000047811,1130,1315,9,48,11,13
EIE00101859,118,1315,9,48,1,7
CA006148100,1102,1315,9,48,11,5
CA006158350,1021,1315,9,48,10,5
ITE00100550,225,1315,9,48,2,11
SZ000006717,429,1315,9,48,4,12
EZE00100082,1102,1315,9,48,11,8
SZ000006717,619,1315,9,48,6,12
ITE00100554,1114,1315,9,48,11,11
ITE00100554,1201,1315,9,48,12,11
SZ000006717,713,1315,9,48,7,12
GM000004204,1129,1315,9,48,11,9
ITE00100550,1201,1315,9,48,12,11
GM000004204,1010,1315,9,48,10,9
BE000006447,1114,1315,9,48,11,4
ASN00086071,713,1315,9,48,7,2
ITE00100550,308,1315,9,48,3,11
ITE00100550,305,1315,9,48,3,11
UK000047811,108,1315,9,48,1,13
UK000047811,104,1315,9,48,1,13
ITE00100550,307,1315,9,48,3,11
ITE00100550,303,1315,9,48,3,11
UK000056225,103,1315,9,49,1,13
BE000006447,1108,1315,9,49,11,4
SZ000006717,816,1315,9,49,8,12
UK000047811,312,1315,9,49,3,13
SZ000006717,608,1315,9,49,6,12
BE000006447,1103,1315,9,49,11,4
SZ000006717,428,1315,9,49,4,12
ASN00086071,721,1315,9,49,7,2
GM000004204,405,1315,9,49,4,9
UK000047811,225,1315,9,49,2,13
ITE00100550,310,1315,9,49,3,11
CA006148100,1013,1315,9,49,10,5
CA006158350,1004,1315,9,49,10,5
EIE00101859,1128,1315,9,49,11,7
CA006158350,1013,1315,9,49,10,5
EIE00101859,325,1315,9,49,3,7
ASN00086071,711,1315,9,49,7,2
EIE00101859,327,1315,9,49,3,7
EIE00101859,1127,1315,9,49,11,7
EIE00101859,317,1315,9,49,3,7
CA006148100,1005,1315,9,49,10,5
UK000056225,301,1315,9,49,3,13
CA006148100,1017,1315,9,49,10,5
EIE00101859,207,1315,9,49,2,7
ITE00100550,1126,1315,9,49,11,11
UK000056225,1103,1315,9,49,11,13
CA006148100,501,1315,9,49,5,5
ITE00100554,319,1315,9,49,3,11
EIE00101859,1220,1315,9,49,12,7
EIE00101859,1215,1315,9,49,12,7
EIE00101859,223,1315,9,49,2,7
CA006158350,1020,1315,9,49,10,5
SZ000006717,801,1315,9,49,8,12
EIE00101859,323,1315,9,49,3,7
CA006148100,1023,1315,9,49,10,5
AU000005901,1130,1315,9,49,11,3
SZ000006717,425,1315,9,49,4,12
EIE00101859,1218,1315,9,49,12,7
UK000056225,228,1315,9,49,2,13
CA006148100,1019,1315,9,49,10,5
EIE00101859,1229,1315,9,49,12,7
CA006148100,315,1315,9,49,3,5
UK000056225,1129,1315,9,49,11,13
EIE00101859,304,1315,9,49,3,7
UK000047811,1101,1315,9,49,11,13
UK000047811,1208,1315,9,49,12,13
EIE00101859,1130,1315,9,49,11,7
UK000047811,1108,1315,9,49,11,13
EIE00101859,1123,1315,9,49,11,7
CA006158350,316,1315,9,49,3,5
EIE00101859,1028,1315,9,49,10,7
CA006148100,1003,1315,9,49,10,5
AU000005901,1107,1315,9,49,11,3
EIE00101859,209,1315,9,49,2,7
EIE00101859,1121,1315,9,49,11,7
UK000047811,1109,1315,9,49,11,13
CA006158350,422,1315,9,49,4,5
UK000056225,201,1315,9,49,2,13
ITE00100550,314,1315,9,49,3,11
UK000056225,1107,1315,10,49,11,13
UK000047811,222,1315,10,49,2,13
BE000006447,1129,1315,10,49,11,4
EZE00100082,1108,1315,10,49,11,8
BE000006447,1102,1315,10,49,11,4
BE000006447,1115,1315,10,49,11,4
AU000005901,1106,1315,10,49,11,3
BE000006447,1104,1315,10,49,11,4
UK000056225,1224,1315,10,49,12,13
EZE00100082,1101,1315,10,49,11,8
GM000004204,1128,1315,10,49,11,9
ITE00100550,219,1315,10,49,2,11
UK000056225,104,1315,10,49,1,13
ITE00100554,1207,1315,10,49,12,11
AU000005901,1029,1315,10,49,10,3
BE000006447,1119,1315,10,49,11,4
UK000056225,509,1315,10,49,5,13
ITE00100550,312,1315,10,49,3,11
GM000004204,404,1315,10,49,4,9
ITE00100554,1202,1315,10,49,12,11
UK000056225,1227,1315,10,49,12,13
UK000056225,1102,1315,10,49,11,13
ITE00100554,226,1315,10,49,2,11
UK000047811,224,1315,10,49,2,13
BE000006447,1105,1315,10,49,11,4
ITE00100554,1125,1315,10,50,11,11
SZ000006717,924,1315,10,50,9,12
UK000056225,108,1315,10,50,1,13
ITE00100550,226,1315,10,50,2,11
ITE00100554,1126,1315,10,50,11,11
GME00125218,429,1315,10,50,4,10
SZ000006717,923,1315,10,50,9,12
ITE00100550,1207,1315,10,50,12,11
AU000005901,403,1315,10,50,4,3
ITE00100550,220,1315,10,50,2,11
ASN00086071,605,1315,10,50,6,2
BE000006447,1111,1315,10,50,11,4
GM000004204,127,1315,10,50,1,9
EZE00100082,1109,1315,10,50,11,8
UK000056225,1114,1315,10,50,11,13
UK000056225,1111,1315,10,50,11,13
UK000056225,206,1315,10,50,2,13
ASN00086071,628,1315,10,50,6,2
EZE00100082,1129,1315,10,50,11,8
UK000047811,301,1315,10,50,3,13
EIE00101859,1214,1315,10,50,12,7
EZE00100082,1103,1315,10,50,11,8
EIE00101859,1221,1315,10,50,12,7
EIE00101859,1201,1315,10,50,12,7
UK000047811,1230,1315,10,50,12,13
EIE00101859,1119,1315,10,50,11,7
UK000056225,1125,1315,10,50,11,13
UK000056225,1228,1315,10,50,12,13
UK000047811,1031,1315,10,50,10,13
ITE00100550,1119,1315,10,50,11,11
UK000047811,418,1315,10,50,4,13
ITE00100554,1028,1315,10,50,10,11
EIE00101859,1126,1315,10,50,11,7
EIE00101859,1118,1315,10,50,11,7
ITE00100550,1028,1315,10,50,10,11
CA006158350,430,1315,10,50,4,5
ITE00100550,1130,1315,10,50,11,11
SZ000006717,921,1315,10,50,9,12
USC00288878,1031,1315,10,50,10,14
UK000047811,511,1315,10,50,5,13
EIE00101859,312,1315,10,50,3,7
GME00125218,1128,1315,10,50,11,10
EIE00101859,1228,1315,10,50,12,7
ASN00086071,523,1315,10,50,5,2
UK000047811,1121,1315,10,50,11,13
CA006158350,402,1315,10,50,4,5
EIE00101859,1216,1315,10,50,12,7
GME00125218,1118,1315,10,50,11,10
USC00288878,1112,1315,10,50,11,14
SZ000006717,427,1315,10,50,4,12
USC00288878,1111,1315,10,50,11,14
EIE00101859,1203,1315,10,50,12,7
EIE00101859,221,1315,10,50,2,7
EIE00101859,201,1315,10,50,2,7
CA006158350,1031,1315,10,50,10,5
EIE00101859,204,1315,10,50,2,7
SZ000006717,802,1315,10,50,8,12
EIE00101859,328,1315,10,50,3,7
EIE00101859,1129,1315,10,50,11,7
USC00288878,1122,1315,10,50,11,14
BE000006447,1127,1315,10,50,11,4
EIE00101859,1027,1315,10,50,10,7
ITE00100554,1124,1315,10,50,11,11
EIE00101859,107,1315,10,50,1,7
EIE00101859,306,1315,10,50,3,7
EIE00101859,1125,1315,10,50,11,7
EIE00101859,1225,1315,10,50,12,7
UK000047811,1106,1315,10,50,11,13
EIE00101859,210,1315,10,50,2,7
ASN00086071,629,1315,10,50,6,2
EIE00101859,1202,1315,10,50,12,7
UK000047811,1019,1315,10,50,10,13
CA006158350,1101,1315,10,50,11,5
ITE00100554,314,1315,10,50,3,11
UK000047811,1102,1315,10,50,11,13
UK000056225,1020,1315,10,50,10,13
GM000004204,1127,1315,10,50,11,9
ITE00100550,304,1315,10,50,3,11
UK000056225,227,1315,10,50,2,13
EIE00101859,1219,1315,10,50,12,7
EIE00101859,1114,1315,10,50,11,7
EIE00101859,314,1315,10,50,3,7
UK000056225,1203,1315,10,50,12,13
EIE00101859,1205,1315,10,50,12,7
CA006158350,1103,1315,10,50,11,5
USC00288878,1108,1315,10,50,11,14
UK000047811,1112,1315,10,50,11,13
CA006158350,1016,1315,10,50,10,5
CA006158350,1015,1315,10,50,10,5
EIE00101859,1122,1315,10,50,11,7
UK000047811,1209,1315,10,50,12,13
ASN00090015,604,1315,10,50,6,2
EIE00101859,215,1315,10,50,2,7
EIE00101859,322,1315,10,50,3,7
EIE00101859,316,1315,10,50,3,7
EIE00101859,224,1315,10,50,2,7
BE000006447,1112,1315,10,50,11,4
UK000056225,1029,1315,10,50,10,13
SZ000006717,820,1315,10,50,8,12
BE000006447,1203,1315,10,50,12,4
SZ000006717,711,1315,10,50,7,12
UK000056225,1108,1315,10,50,11,13
UK000056225,510,1315,10,50,5,13
UK000047811,228,1315,10,50,2,13
ITE00100554,309,1315,10,50,3,11
ITE00100554,227,1315,10,50,2,11
ITE00100554,1130,1315,10,50,11,11
ITE00100554,1129,1315,10,50,11,11
UK000047811,223,1315,10,50,2,13
AU000005901,1105,1315,10,51,11,3
GME00125218,1127,1315,10,51,11,10
SZ000006717,822,1315,10,51,8,12
GME00125218,1028,1315,10,51,10,10
ITE00100550,1124,1315,10,51,11,11
GM000004204,406,1315,10,51,4,9
UK000047811,109,1315,10,51,1,13
ITE00100550,1125,1315,10,51,11,11
ITE00100550,1204,1315,10,51,12,11
AU000005901,106,1315,10,51,1,3
SZ000006717,622,1315,10,51,6,12
ITE00100554,1204,1315,10,51,12,11
ITE00100550,1112,1315,10,51,11,11
BE000006447,1101,1315,10,51,11,4
BE000006447,1116,1315,10,51,11,4
GM000004204,1122,1315,10,51,11,9
SZ000006717,620,1315,10,51,6,12
BE000006447,402,1315,10,51,4,4
ITE00100554,1113,1315,10,51,11,11
EZE00100082,1104,1315,10,51,11,8
UK000056225,109,1315,10,51,1,13
UK000056225,1019,1315,10,51,10,13
UK000047811,110,1315,10,51,1,13
BE000006447,1118,1315,10,51,11,4
ITE00100550,313,1315,10,51,3,11
EIE00101859,211,1315,11,51,2,7
EIE00101859,1117,1315,11,51,11,7
EIE00101859,1204,1315,11,51,12,7
EIE00101859,324,1315,11,51,3,7
UK000047811,1021,1315,11,51,10,13
ITE00100550,311,1315,11,51,3,11
UK000047811,1030,1315,11,51,10,13
ASN00074128,629,1315,11,51,6,2
UK000056225,1101,1315,11,51,11,13
ITE00100554,228,1315,11,51,2,11
CA006148100,1212,1315,11,51,12,5
UK000056225,1017,1315,11,51,10,13
UK000047811,1017,1315,11,51,10,13
EIE00101859,222,1315,11,51,2,7
UK000047811,1103,1315,11,51,11,13
CA006148100,317,1315,11,51,3,5
BE000006447,1204,1315,11,51,12,4
AU000005901,1101,1315,11,51,11,3
UK000056225,1204,1315,11,51,12,13
CA006148100,316,1315,11,51,3,5
ASN00074128,628,1315,11,51,6,2
EIE00101859,1217,1315,11,51,12,7
EIE00101859,1227,1315,11,51,12,7
GME00125218,1102,1315,11,51,11,10
UK000047811,1018,1315,11,51,10,13
UK000056225,1225,1315,11,51,12,13
GME00125218,406,1315,11,51,4,10
EIE00101859,315,1315,11,51,3,7
CA006148100,328,1315,11,51,3,5
UK000047811,1117,1315,11,51,11,13
EIE00101859,1211,1315,11,51,12,7
UK000047811,1120,1315,11,51,11,13
EIE00101859,205,1315,11,51,2,7
EIE00101859,307,1315,11,51,3,7
SZ000006717,926,1315,11,51,9,12
GME00125218,1126,1315,11,51,11,10
CA006158350,1012,1315,11,51,10,5
EIE00101859,1206,1315,11,51,12,7
EIE00101859,1213,1315,11,51,12,7
EIE00101859,1116,1315,11,51,11,7
UK000047811,1111,1315,11,51,11,13
ITE00100550,1203,1315,11,51,12,11
UK000047811,1110,1315,11,51,11,13
UK000047811,1020,1315,11,51,10,13
UK000047811,1022,1315,11,51,10,13
UK000047811,1029,1315,11,51,10,13
CA006158350,321,1315,11,51,3,5
EIE00101859,227,1315,11,51,2,7
UK000047811,1113,1315,11,51,11,13
CA006158350,428,1315,11,51,4,5
CA006158350,403,1315,11,51,4,5
ITE00100550,227,1315,11,51,2,11
ITE00100550,1208,1315,11,51,12,11
UK000047811,1207,1315,11,51,12,13
EIE00101859,1029,1315,11,51,10,7
UK000056225,1220,1315,11,51,12,13
EIE00101859,202,1315,11,51,2,7
EIE00101859,1207,1315,11,51,12,7
SZ000006717,922,1315,11,51,9,12
CA006148100,502,1315,11,51,5,5
CA006148100,417,1315,11,51,4,5
ITE00100554,1205,1315,11,51,12,11
BE000006447,1126,1315,11,51,11,4
EZE00100082,1023,1315,11,51,10,8
UK000047811,329,1315,11,51,3,13
SZ000006717,507,1315,11,51,5,12
ITE00100554,315,1315,11,51,3,11
SZ000006717,728,1315,11,51,7,12
SZ000006717,909,1315,11,51,9,12
UK000056225,222,1315,11,51,2,13
SZ000006717,721,1315,11,51,7,12
GME00125218,1026,1315,11,51,10,10
ITE00100554,1128,1315,11,51,11,11
SZ000006717,821,1315,11,52,8,12
GM000004204,430,1315,11,52,4,9
GM000004204,1026,1315,11,52,10,9
ASN00086071,725,1315,11,52,7,2
ITE00100550,1205,1315,11,52,12,11
SZ000006717,912,1315,11,52,9,12
ITE00100550,402,1315,11,52,4,11
EZE00100082,1026,1315,11,52,10,8
BE000006447,1128,1315,11,52,11,4
AU000005901,1108,1315,11,52,11,3
BE000006447,1117,1315,11,52,11,4
ITE00100554,304,1315,11,52,3,11
ITE00100550,1123,1315,11,52,11,11
AGE00135039,1215,1315,11,52,12,1
UK000056225,1113,1315,11,52,11,13
AGE00135039,1227,1315,11,52,12,1
SZ000006717,729,1315,11,52,7,12
AGE00135039,1229,1315,11,52,12,1
AU000005901,1006,1315,11,52,10,3
AGE00135039,1228,1315,11,52,12,1
EIE00101859,225,1315,11,52,2,7
ASN00090015,725,1315,11,52,7,2
UK000047811,509,1315,11,52,5,13
EIE00101859,1223,1315,11,52,12,7
ASN00090015,605,1315,11,52,6,2
EZE00100082,1015,1315,11,52,10,8
USC00288878,1119,1315,11,52,11,14
EIE00101859,1226,1315,11,52,12,7
EIE00101859,1209,1315,11,52,12,7
CA006158350,429,1315,11,52,4,5
EIE00101859,403,1315,11,52,4,7
EIE00101859,305,1315,11,52,3,7
CA006148100,403,1315,11,52,4,5
ASN00086071,802,1315,11,52,8,2
CA006148100,401,1315,11,52,4,5
EIE00101859,1113,1315,11,52,11,7
CA006148100,1113,1315,11,52,11,5
CA006158350,424,1315,11,52,4,5
ASN00086071,907,1315,11,52,9,2
EIE00101859,1026,1315,11,52,10,7
UK000047811,1026,1315,11,52,10,13
UK000047811,1119,1315,11,52,11,13
EIE00101859,1109,1315,11,52,11,7
UK000047811,417,1315,11,52,4,13
AU000005901,1109,1315,11,52,11,3
UK000056225,418,1315,11,52,4,13
EIE00101859,1030,1315,11,52,10,7
EIE00101859,1104,1315,11,52,11,7
CA006148100,407,1315,11,52,4,5
ASN00086071,530,1315,11,52,5,2
EIE00101859,1106,1315,11,52,11,7
AU000005901,1127,1315,11,52,11,3
EIE00101859,1222,1315,11,52,12,7
UK000056225,1229,1315,11,52,12,13
UK000056225,1219,1315,11,52,12,13
CA006158350,1212,1315,11,52,12,5
EIE00101859,1212,1315,11,52,12,7
EZE00100082,1010,1315,11,52,10,8
ASN00074128,630,1315,11,52,6,2
CA006148100,322,1315,11,52,3,5
CA006158350,1102,1315,11,52,11,5
GM000004204,1102,1315,11,52,11,9
ASN00086071,703,1315,11,52,7,2
UK000047811,1122,1315,11,52,11,13
EIE00101859,329,1315,11,52,3,7
UK000047811,504,1315,11,52,5,13
SZ000006717,905,1315,11,52,9,12
ITE00100554,1203,1315,11,52,12,11
UK000056225,1230,1315,11,52,12,13
EZE00100082,618,1315,11,52,6,8
ITE00100554,1027,1315,11,52,10,11
EZE00100082,429,1315,11,52,4,8
BE000006447,403,1315,11,52,4,4
AU000005901,1129,1315,11,52,11,3
SZ000006717,914,1315,11,52,9,12
SZ000006717,809,1315,11,52,8,12
UK000047811,226,1315,11,52,2,13
SZ000006717,704,1315,11,52,7,12
ITE00100550,1113,1315,11,52,11,11
SZ000006717,723,1315,11,52,7,12
SZ000006717,906,1315,11,52,9,12
UK000056225,330,1315,11,52,3,13
AU000005901,1005,1315,11,52,10,3
ITE00100550,1206,1315,11,52,12,11
SZ000006717,610,1315,11,53,6,12
ITE00100554,318,1315,11,53,3,11
ITE00100554,1031,1315,11,53,10,11
AU000005901,1015,1315,11,53,10,3
GME00125218,501,1315,11,53,5,10
AU000005901,1031,1315,11,53,10,3
ITE00100554,1101,1315,11,53,11,11
SZ000006717,920,1315,11,53,9,12
SZ000006717,913,1315,11,53,9,12
SZ000006717,609,1315,11,53,6,12
GME00125218,1015,1315,11,53,10,10
ITE00100554,316,1315,11,53,3,11
ITE00100554,1112,1315,12,53,11,11
ITE00100554,310,1315,12,53,3,11
ITE00100550,1110,1315,12,53,11,11
ITE00100550,1202,1315,12,53,12,11
SZ000006717,727,1315,12,53,7,12
ASN00086071,606,1315,12,53,6,2
AGE00135039,1219,1315,12,53,12,1
AGE00135039,222,1315,12,53,2,1
AGE00135039,1222,1315,12,53,12,1
SZ000006717,825,1315,12,53,8,12
AGE00135039,308,1315,12,53,3,1
AGE00135039,106,1315,12,53,1,1
EZE00100082,430,1315,12,53,4,8
ITE00100554,1108,1315,12,53,11,11
GM000004204,1024,1315,12,53,10,9
ITE00100550,1005,1315,12,53,10,11
ITE00100550,1111,1315,12,53,11,11
SZ000006717,628,1315,12,53,6,12
EZE00100082,612,1315,12,53,6,8
ITE00100550,228,1315,12,53,2,11
UK000056225,1022,1315,12,53,10,13
UK000056225,1206,1315,12,53,12,13
CA006158350,329,1315,12,53,3,5
EIE00101859,302,1315,12,53,3,7
EIE00101859,1105,1315,12,53,11,7
EIE00101859,404,1315,12,53,4,7
EIE00101859,1210,1315,12,53,12,7
UK000047811,1222,1315,12,53,12,13
EZE00100082,1014,1315,12,53,10,8
EZE00100082,406,1315,12,53,4,8
EIE00101859,330,1315,12,53,3,7
EIE00101859,402,1315,12,53,4,7
UK000047811,402,1315,12,53,4,13
ASN00086071,608,1315,12,53,6,2
UK000056225,331,1315,12,53,3,13
EIE00101859,203,1315,12,53,2,7
ASN00086071,601,1315,12,53,6,2
ASN00090015,822,1315,12,53,8,2
CA006158350,1022,1315,12,53,10,5
UK000047811,429,1315,12,53,4,13
ASN00086071,801,1315,12,53,8,2
EIE00101859,228,1315,12,53,2,7
EIE00101859,1115,1315,12,53,11,7
UK000047811,1221,1315,12,53,12,13
EIE00101859,310,1315,12,53,3,7
ASN00086071,709,1315,12,53,7,2
ASN00090015,709,1315,12,53,7,2
ASN00090015,924,1315,12,53,9,2
CA006158350,506,1315,12,53,5,5
ITE00100554,1127,1315,12,53,11,11
UK000056225,1117,1315,12,53,11,13
CA006158350,502,1315,12,53,5,5
CA006158350,514,1315,12,53,5,5
CA006158350,1017,1315,12,53,10,5
UK000056225,1119,1315,12,53,11,13
BE000006447,1121,1315,12,53,11,4
EIE00101859,1102,1315,12,53,11,7
UK000056225,1013,1315,12,53,10,13
ASN00086071,817,1315,12,53,8,2
UK000047811,413,1315,12,53,4,13
EIE00101859,1110,1315,12,53,11,7
EIE00101859,1031,1315,12,53,10,7
UK000047811,1024,1315,12,53,10,13
CA006148100,1018,1315,12,53,10,5
CA006158350,512,1315,12,53,5,5
BE000006447,1120,1315,12,53,11,4
SZ000006717,621,1315,12,53,6,12
USC00288878,1213,1315,12,53,12,14
EIE00101859,1208,1315,12,53,12,7
CA006158350,1005,1315,12,53,10,5
ASN00086071,524,1315,12,53,5,2
UK000056225,1205,1315,12,53,12,13
SZ000006717,528,1315,12,53,5,12
ITE00100554,312,1315,12,53,3,11
AU000005901,501,1315,12,53,5,3
EZE00100082,501,1315,12,53,5,8
SZ000006717,629,1315,12,53,6,12
GME00125218,1024,1315,12,53,10,10
ITE00100554,402,1315,12,53,4,11
SZ000006717,813,1315,12,53,8,12
SZ000006717,918,1315,12,53,9,12
ITE00100554,317,1315,12,53,3,11
EZE00100082,1123,1315,12,53,11,8
GM000004204,1118,1315,12,53,11,9
EZE00100082,1030,1315,12,53,10,8
GM000004204,1015,1315,12,53,10,9
SZ000006717,911,1315,12,53,9,12
SZ000006717,910,1315,12,53,9,12
AGE00135039,105,1315,12,54,1,1
AGE00135039,1226,1315,12,54,12,1
GME00125218,1025,1315,12,54,10,10
AGE00135039,1218,1315,12,54,12,1
AGE00135039,1221,1315,12,54,12,1
ASN00086071,720,1315,12,54,7,2
AGE00135039,211,1315,12,54,2,1
AGE00135039,1216,1315,12,54,12,1
AGE00135039,109,1315,12,54,1,1
SZ000006717,917,1315,12,54,9,12
ITE00100554,1206,1315,12,54,12,11
AU000005901,1102,1315,12,54,11,3
SZ000006717,823,1315,12,54,8,12
GM000004204,1028,1315,12,54,10,9
ASN00086071,731,1315,12,54,7,2
ITE00100550,317,1315,12,54,3,11
ASN00086071,630,1315,12,54,6,2
AU000005901,406,1315,12,54,4,3
EIE00101859,1108,1315,12,54,11,7
CA006148100,1204,1315,12,54,12,5
UK000047811,401,1315,12,54,4,13
UK000047811,331,1315,12,54,3,13
UK000047811,528,1315,12,54,5,13
UK000056225,1124,1315,12,54,11,13
EIE00101859,331,1315,12,54,3,7
EIE00101859,1025,1315,12,54,10,7
ASN00086071,803,1315,12,54,8,2
UK000047811,1028,1315,12,54,10,13
UK000047811,1219,1315,12,54,12,13
UK000047811,330,1315,12,54,3,13
USC00288878,1203,1315,12,54,12,14
CA006158350,425,1315,12,54,4,5
ASN00090015,802,1315,12,54,8,2
CA006148100,329,1315,12,54,3,5
UK000047811,428,1315,12,54,4,13
UK000056225,1121,1315,12,54,11,13
UK000056225,401,1315,12,54,4,13
ASN00090015,907,1315,12,54,9,2
ASN00090015,719,1315,12,54,7,2
ASN00090015,628,1315,12,54,6,2
EIE00101859,405,1315,12,54,4,7
EZE00100082,407,1315,12,54,4,8
ITE00100554,1102,1315,12,54,11,11
EIE00101859,1111,1315,12,54,11,7
CA006148100,404,1315,12,54,4,5
EIE00101859,301,1315,12,54,3,7
UK000047811,403,1315,12,54,4,13
UK000056225,1120,1315,12,54,11,13
UK000056225,1123,1315,12,54,11,13
CA006148100,412,1315,12,54,4,5
CA006158350,1204,1315,12,54,12,5
EIE00101859,1101,1315,12,54,11,7
CA006148100,524,1315,12,54,5,5
ASN00086071,528,1315,12,54,5,2
USC00288878,1029,1315,12,54,10,14
EIE00101859,418,1315,12,54,4,7
ASN00090015,827,1315,12,54,8,2
ITE00100554,313,1315,12,54,3,11
UK000047811,1223,1315,12,54,12,13
CA006148100,506,1315,12,54,5,5
CA006148100,1115,1315,12,54,11,5
UK000047811,508,1315,12,54,5,13
UK000047811,510,1315,12,54,5,13
EIE00101859,311,1315,12,54,3,7
USC00288878,1106,1315,12,54,11,14
USC00288878,1107,1315,12,54,11,14
EIE00101859,226,1315,12,54,2,7
UK000047811,1115,1315,12,54,11,13
CA006148100,513,1315,12,54,5,5
CA006158350,518,1315,12,54,5,5
CA006148100,512,1315,12,54,5,5
CA006158350,1003,1315,12,54,10,5
ASN00086071,714,1315,12,54,7,2
EIE00101859,308,1315,12,54,3,7
ASN00090015,730,1315,12,54,7,2
ASN00074128,518,1315,12,54,5,2
ASN00086071,723,1315,12,54,7,2
EZE00100082,1009,1315,12,54,10,8
AU000005901,1014,1315,12,54,10,3
GME00125218,1014,1315,12,54,10,10
ASN00086071,604,1315,12,54,6,2
SZ000006717,601,1315,12,54,6,12
ITE00100554,403,1315,12,54,4,11
SZ000006717,824,1315,12,54,8,12
EZE00100082,405,1315,12,54,4,8
GM000004204,1020,1315,12,54,10,9
GM000004204,1025,1315,12,54,10,9
UK000056225,428,1315,12,54,4,13
AU000005901,1027,1315,12,54,10,3
ITE00100550,1102,1315,12,54,11,11
ITE00100554,1103,1315,12,54,11,11
GM000004204,411,1315,12,54,4,9
AGE00135039,213,1315,12,54,2,1
AGE00135039,316,1315,12,54,3,1
GM000004204,1014,1315,12,54,10,9
AGE00135039,310,1315,12,54,3,1
SZ000006717,826,1315,12,54,8,12
EZE00100082,1025,1315,12,54,10,8
AGE00135039,1220,1315,12,54,12,1
AGE00135039,1223,1315,12,54,12,1
AU000005901,327,1315,12,54,3,3
AGE00135039,110,1315,12,54,1,1
BE000006447,1031,1315,13,55,10,4
ASN00086071,607,1315,13,55,6,2
GME00125218,428,1315,13,55,4,10
ITE00100554,1018,1315,13,55,10,11
ITE00100554,303,1315,13,55,3,11
BE000006447,1025,1315,13,55,10,4
GM000004204,429,1315,13,55,4,9
UK000056225,1122,1315,13,55,11,13
BE000006447,1122,1315,13,55,11,4
AU000005901,1026,1315,13,55,10,3
ASN00086071,609,1315,13,55,6,2
UK000056225,1115,1315,13,55,11,13
ASN00086071,912,1315,13,55,9,2
ASN00086071,814,1315,13,55,8,2
ASN00086071,610,1315,13,55,6,2
SZ000006717,527,1315,13,55,5,12
ASN00086071,908,1315,13,55,9,2
EZE00100082,411,1315,13,55,4,8
BE000006447,429,1315,13,55,4,4
ASN00086071,716,1315,13,55,7,2
ASN00086071,531,1315,13,55,5,2
ASN00066062,624,1315,13,55,6,2
ASN00066062,711,1315,13,55,7,2
ASN00086071,715,1315,13,55,7,2
ASN00090015,803,1315,13,55,8,2
ASN00090015,912,1315,13,55,9,2
ASN00090015,708,1315,13,55,7,2
CA006158350,1116,1315,13,55,11,5
ASN00090015,515,1315,13,55,5,2
EIE00101859,303,1315,13,55,3,7
ASN00090015,729,1315,13,55,7,2
ASN00090015,629,1315,13,55,6,2
CA006158350,331,1315,13,55,3,5
UK000047811,1118,1315,13,55,11,13
ASN00090015,513,1315,13,55,5,2
UK000047811,1116,1315,13,55,11,13
CA006158350,1019,1315,13,55,10,5
ASN00090015,801,1315,13,55,8,2
AU000005901,1104,1315,13,55,11,3
ASN00090015,606,1315,13,55,6,2
EIE00101859,1103,1315,13,55,11,7
SZ000006717,812,1315,13,55,8,12
EZE00100082,1027,1315,13,55,10,8
UK000047811,1025,1315,13,55,10,13
ASN00090015,731,1315,13,55,7,2
ASN00090015,724,1315,13,55,7,2
ASN00086071,804,1315,13,55,8,2
ASN00090015,630,1315,13,55,6,2
ASN00074128,606,1315,13,55,6,2
EIE00101859,401,1315,13,55,4,7
USC00288878,1105,1315,13,55,11,14
CA006148100,330,1315,13,55,3,5
EIE00101859,309,1315,13,55,3,7
EIE00101859,1224,1315,13,55,12,7
ASN00090015,713,1315,13,55,7,2
CA006158350,1002,1315,13,55,10,5
ASN00090015,625,1315,13,55,6,2
CA006148100,1014,1315,13,55,10,5
BE000006447,1020,1315,13,55,10,4
CA006158350,1008,1315,13,55,10,5
ASN00090015,531,1315,13,55,5,2
ASN00090015,913,1315,13,55,9,2
CA006158350,1014,1315,13,55,10,5
CA006158350,1114,1315,13,55,11,5
USC00288878,1124,1315,13,55,11,14
UK000047811,1205,1315,13,55,12,13
UK000056225,1026,1315,13,55,10,13
GME00125218,1123,1315,13,55,11,10
CA006148100,424,1315,13,55,4,5
UK000047811,1220,1315,13,55,12,13
EIE00101859,1112,1315,13,55,11,7
ASN00090015,626,1315,13,55,6,2
ASN00074128,531,1315,13,55,5,2
UK000047811,1206,1315,13,55,12,13
ASN00074128,627,1315,13,55,6,2
ASN00090015,514,1315,13,55,5,2
ASN00066062,712,1315,13,55,7,2
ASN00086071,516,1315,13,55,5,2
SZ000006717,530,1315,13,55,5,12
ASN00086071,514,1315,13,55,5,2
ASN00086071,928,1315,13,55,9,2
UK000056225,414,1315,13,55,4,13
ASN00086071,614,1315,13,55,6,2
UK000056225,1118,1315,13,55,11,13
AU000005901,1023,1315,13,55,10,3
GME00125218,416,1315,13,55,4,10
BE000006447,1024,1315,13,55,10,4
EZE00100082,1024,1315,13,55,10,8
ASN00086071,625,1315,13,55,6,2
ASN00086071,611,1315,13,55,6,2
ASN00066062,716,1315,13,55,7,2
EZE00100082,1006,1315,13,55,10,8
GME00125218,1020,1315,13,55,10,10
AGE00135039,224,1315,13,55,2,1
AGE00135039,111,1315,13,55,1,1
AGE00135039,107,1315,13,55,1,1
BE000006447,1023,1315,13,55,10,4
AGE00135039,223,1315,13,55,2,1
ASN00066062,1002,1315,13,55,10,2
SZ000006717,703,1315,13,55,7,12
EZE00100082,1021,1315,13,55,10,8
AGE00135039,124,1315,13,55,1,1
AGE00135039,221,1315,13,55,2,1
ASN00086071,515,1315,13,55,5,2
AGE00135039,125,1315,13,55,1,1
AGE00135039,103,1315,13,55,1,1
UK000056225,1024,1315,13,55,10,13
ASN00086071,613,1315,13,56,6,2
ASN00086071,1001,1315,13,56,10,2
SZ000006717,907,1315,13,56,9,12
GME00125218,613,1315,13,56,6,10
ASN00086071,702,1315,13,56,7,2
BE000006447,1026,1315,13,56,10,4
GME00125218,427,1315,13,56,4,10
ASN00066062,727,1315,13,56,7,2
GME00125218,1125,1315,13,56,11,10
ASN00086071,726,1315,13,56,7,2
BE000006447,1027,1315,13,56,10,4
EZE00100082,1028,1315,13,56,10,8
ASN00066062,721,1315,13,56,7,2
BE000006447,1124,1315,13,56,11,4
BE000006447,404,1315,13,56,4,4
EZE00100082,1017,1315,13,56,10,8
ASN00066062,731,1315,13,56,7,2
ASN00066062,803,1315,13,56,8,2
BE000006447,1022,1315,13,56,10,4
BE000006447,1123,1315,13,56,11,4
SZ000006717,916,1315,13,56,9,12
SZ000006717,904,1315,13,56,9,12
ASN00066062,722,1315,13,56,7,2
UK000047811,514,1315,13,56,5,13
ASN00090015,930,1315,13,56,9,2
USC00288878,1204,1315,13,56,12,14
UK000047811,513,1315,13,56,5,13
SZ000006717,731,1315,13,56,7,12
CA006158350,412,1315,13,56,4,5
ASN00090015,710,1315,13,56,7,2
ASN00090015,627,1315,13,56,6,2
USC00288878,1015,1315,13,56,10,14
ITE00100554,1106,1315,13,56,11,11
ASN00090015,727,1315,13,56,7,2
USC00288878,1022,1315,13,56,10,14
ASN00086071,513,1315,13,56,5,2
CA006148100,1114,1315,13,56,11,5
USC00288878,1212,1315,13,56,12,14
EIE00101859,406,1315,13,56,4,7
ASN00090015,707,1315,13,56,7,2
UK000047811,1023,1315,13,56,10,13
UK000047811,1224,1315,13,56,12,13
UK000047811,515,1315,13,56,5,13
ASN00086071,815,1315,13,56,8,2
UK000047811,414,1315,13,56,4,13
ASN00090015,715,1315,13,56,7,2
CA006158350,405,1315,13,56,4,5
UK000056225,429,1315,13,56,4,13
ASN00074128,505,1315,13,56,5,2
ASN00066062,614,1315,13,56,6,2
BE000006447,1021,1315,13,56,10,4
ASN00086071,522,1315,13,56,5,2
ASN00090015,908,1315,13,56,9,2
ASN00086071,904,1315,13,56,9,2
CA006148100,331,1315,13,56,3,5
ASN00074128,605,1315,13,56,6,2
EIE00101859,1023,1315,13,56,10,7
USC00288878,1110,1315,13,56,11,14
CA006148100,427,1315,13,56,4,5
ASN00090015,720,1315,13,56,7,2
ASN00090015,928,1315,13,56,9,2
EIE00101859,511,1315,13,56,5,7
CA006158350,330,1315,13,56,3,5
ASN00074128,530,1315,13,56,5,2
GME00125218,407,1315,13,56,4,10
ASN00090015,702,1315,13,56,7,2
EIE00101859,1107,1315,13,56,11,7
ASN00090015,712,1315,13,56,7,2
CA006158350,503,1315,13,56,5,5
AU000005901,1010,1315,13,56,10,3
ASN00090015,823,1315,13,56,8,2
ASN00090015,716,1315,13,56,7,2
ASN00090015,701,1315,13,56,7,2
ASN00090015,711,1315,13,56,7,2
ASN00090015,530,1315,13,56,5,2
USC00288878,1104,1315,13,56,11,14
GME00125218,1021,1315,13,56,10,10
UK000056225,413,1315,13,56,4,13
ITE00100550,1103,1315,13,56,11,11
UK000056225,404,1315,13,56,4,13
ITE00100554,1104,1315,13,56,11,11
ITE00100550,302,1315,13,56,3,11
ASN00066062,616,1315,13,56,6,2
GM000004204,1101,1315,13,56,11,9
UK000056225,1116,1315,13,56,11,13
GME00125218,1030,1315,13,56,10,10
SZ000006717,919,1315,13,56,9,12
BE000006447,1029,1315,13,56,10,4
SZ000006717,719,1315,13,56,7,12
SZ000006717,705,1315,13,56,7,12
GME00125218,1016,1315,13,56,10,10
GME00125218,1006,1315,13,56,10,10
ITE00100554,1009,1315,13,56,10,11
GM000004204,1021,1315,13,56,10,9
AGE00135039,228,1315,14,56,2,1
SZ000006717,529,1315,14,56,5,12
GME00125218,1101,1315,14,56,11,10
AGE00135039,120,1315,14,56,1,1
EZE00100082,1016,1315,14,56,10,8
GME00125218,1027,1315,14,56,10,10
ITE00100554,1107,1315,14,56,11,11
AU000005901,404,1315,14,56,4,3
ASN00066062,714,1315,14,56,7,2
AGE00135039,406,1315,14,56,4,1
AGE00135039,121,1315,14,56,1,1
AU000005901,407,1315,14,56,4,3
ITE00100554,1105,1315,14,56,11,11
AGE00135039,112,1315,14,56,1,1
ITE00100550,403,1315,14,56,4,11
GM000004204,501,1315,14,56,5,9
AU000005901,1030,1315,14,56,10,3
AU000005901,1020,1315,14,56,10,3
EZE00100082,1020,1315,14,56,10,8
AGE00135039,214,1315,14,56,2,1
ASN00086071,626,1315,14,56,6,2
GME00125218,1009,1315,14,56,10,10
SZ000006717,531,1315,14,56,5,12
ASN00066062,723,1315,14,56,7,2
SZ000006717,720,1315,14,56,7,12
BE000006447,1125,1315,14,56,11,4
ASN00086071,905,1315,14,56,9,2
GM000004204,1123,1315,14,56,11,9
GM000004204,612,1315,14,56,6,9
UK000056225,1012,1315,14,56,10,13
ITE00100550,1109,1315,14,56,11,11
ITE00100554,1022,1315,14,57,10,11
ASN00086071,529,1315,14,57,5,2
ASN00086071,519,1315,14,57,5,2
ASN00086071,518,1315,14,57,5,2
ASN00066062,806,1315,14,57,8,2
ASN00086071,816,1315,14,57,8,2
SZ000006717,718,1315,14,57,7,12
BE000006447,405,1315,14,57,4,4
ASN00086071,517,1315,14,57,5,2
GME00125218,411,1315,14,57,4,10
EZE00100082,1022,1315,14,57,10,8
AU000005901,1016,1315,14,57,10,3
ASN00066062,805,1315,14,57,8,2
EZE00100082,1005,1315,14,57,10,8
UK000056225,1014,1315,14,57,10,13
ASN00086071,701,1315,14,57,7,2
ASN00086071,612,1315,14,57,6,2
AU000005901,1009,1315,14,57,10,3
UK000056225,1015,1315,14,57,10,13
ASN00090015,1017,1315,14,57,10,2
ASN00086071,1011,1315,14,57,10,2
UK000047811,1015,1315,14,57,10,13
GME00125218,1022,1315,14,57,10,10
CA006158350,427,1315,14,57,4,5
EIE00101859,1024,1315,14,57,10,7
CA006148100,1117,1315,14,57,11,5
UK000047811,406,1315,14,57,4,13
ASN00074128,602,1315,14,57,6,2
ASN00086071,917,1315,14,57,9,2
ASN00090015,602,1315,14,57,6,2
UK000047811,1016,1315,14,57,10,13
CA006148100,321,1315,14,57,3,5
SZ000006717,829,1315,14,57,8,12
ASN00090015,817,1315,14,57,8,2
ASN00090015,929,1315,14,57,9,2
EIE00101859,407,1315,14,57,4,7
CA006148100,1006,1315,14,57,10,5
ASN00090015,601,1315,14,57,6,2
CA006148100,503,1315,14,57,5,5
ASN00086071,719,1315,14,57,7,2
CA006158350,1113,1315,14,57,11,5
ASN00090015,816,1315,14,57,8,2
ASN00090015,1015,1315,14,57,10,2
ASN00090015,904,1315,14,57,9,2
ASN00086071,729,1315,14,57,7,2
ASN00086071,724,1315,14,57,7,2
CA006158350,421,1315,14,57,4,5
UK000047811,1012,1315,14,57,10,13
ASN00066062,705,1315,14,57,7,2
UK000047811,1013,1315,14,57,10,13
UK000047811,1011,1315,14,57,10,13
ASN00090015,714,1315,14,57,7,2
CA006148100,320,1315,14,57,3,5
ASN00090015,815,1315,14,57,8,2
ASN00090015,814,1315,14,57,8,2
ASN00090015,721,1315,14,57,7,2
ASN00086071,1012,1315,14,57,10,2
CA006158350,404,1315,14,57,4,5
ASN00086071,521,1315,14,57,5,2
CA006158350,507,1315,14,57,5,5
EIE00101859,1022,1315,14,57,10,7
CA006148100,510,1315,14,57,5,5
ASN00066062,623,1315,14,57,6,2
UK000047811,419,1315,14,57,4,13
CA006148100,523,1315,14,57,5,5
UK000047811,1014,1315,14,57,10,13
ASN00090015,705,1315,14,57,7,2
ASN00090015,603,1315,14,57,6,2
CA006158350,415,1315,14,57,4,5
UK000056225,403,1315,14,57,4,13
ASN00074128,608,1315,14,57,6,2
ASN00066062,615,1315,14,57,6,2
ASN00090015,723,1315,14,57,7,2
ASN00090015,1001,1315,14,57,10,2
ASN00086071,824,1315,14,57,8,2
UK000047811,505,1315,14,57,5,13
ITE00100554,1109,1315,14,57,11,11
AGE00135039,1213,1315,14,57,12,1
AGE00135039,317,1315,14,57,3,1
AGE00135039,215,1315,14,57,2,1
GM000004204,1009,1315,14,57,10,9
BE000006447,1016,1315,14,57,10,4
BE000006447,1030,1315,14,57,10,4
GM000004204,1005,1315,14,57,10,9
AGE00135039,130,1315,14,57,1,1
AGE00135039,227,1315,14,57,2,1
AGE00135039,407,1315,14,57,4,1
GM000004204,1022,1315,14,57,10,9
AGE00135039,408,1315,14,57,4,1
GME00125218,1031,1315,14,57,10,10
AGE00135039,104,1315,14,57,1,1
AGE00135039,216,1315,14,57,2,1
AU000005901,405,1315,14,57,4,3
AGE00135039,128,1315,14,57,1,1
ASN00066062,706,1315,14,57,7,2
GM000004204,1031,1315,14,57,10,9
AGE00135039,328,1315,14,57,3,1
BE000006447,1019,1315,14,57,10,4
AGE00135039,119,1315,14,57,1,1
BE000006447,430,1315,14,57,4,4
AU000005901,408,1315,14,57,4,3
EZE00100082,408,1315,14,57,4,8
ASN00086071,1019,1315,14,57,10,2
ASN00066062,815,1315,14,57,8,2
SZ000006717,709,1315,14,57,7,12
EZE00100082,1018,1315,14,57,10,8
GME00125218,415,1315,14,57,4,10
UK000056225,511,1315,14,57,5,13
EZE00100082,1007,1315,14,57,10,8
GM000004204,1030,1315,14,57,10,9
GM000004204,1023,1315,14,57,10,9
ASN00086071,718,1315,14,57,7,2
ASN00086071,602,1315,14,57,6,2
ITE00100550,1105,1315,14,57,11,11
UK000056225,629,1315,14,57,6,13
ASN00086071,1015,1315,14,57,10,2
ASN00086071,616,1315,14,58,6,2
ITE00100554,302,1315,14,58,3,11
ASN00066062,626,1315,14,58,6,2
EZE00100082,1031,1315,14,58,10,8
ASN00066062,726,1315,14,58,7,2
SZ000006717,730,1315,14,58,7,12
GME00125218,902,1315,14,58,9,10
GM000004204,1016,1315,14,58,10,9
ASN00086071,708,1315,14,58,7,2
SZ000006717,903,1315,14,58,9,12
SZ000006717,915,1315,14,58,9,12
EZE00100082,409,1315,14,58,4,8
ASN00086071,727,1315,14,58,7,2
ASN00086071,913,1315,14,58,9,2
ASN00066062,601,1315,14,58,6,2
GM000004204,407,1315,14,58,4,9
ITE00100554,1111,1315,14,58,11,11
ASN00086071,1002,1315,14,58,10,2
ITE00100554,1029,1315,14,58,10,11
ASN00086071,805,1315,14,58,8,2
ASN00090015,914,1315,14,58,9,2
ASN00086071,914,1315,14,58,9,2
EIE00101859,419,1315,14,58,4,7
ASN00090015,829,1315,14,58,8,2
EIE00101859,1021,1315,14,58,10,7
ASN00086071,810,1315,14,58,8,2
ASN00086071,706,1315,14,58,7,2
USC00288878,1021,1315,14,58,10,14
CA006148100,415,1315,14,58,4,5
EIE00101859,1020,1315,14,58,10,7
UK000047811,409,1315,14,58,4,13
CA006158350,524,1315,14,58,5,5
ASN00090015,722,1315,14,58,7,2
GME00125218,1023,1315,14,58,10,10
AU000005901,612,1315,14,58,6,3
GM000004204,1006,1315,14,58,10,9
ASN00090015,1010,1315,14,58,10,2
BE000006447,411,1315,14,58,4,4
ASN00066062,818,1315,14,58,8,2
EIE00101859,512,1315,14,58,5,7
ASN00090015,1011,1315,14,58,10,2
UK000047811,1010,1315,14,58,10,13
ASN00086071,520,1315,14,58,5,2
ASN00090015,925,1315,14,58,9,2
CA006158350,513,1315,14,58,5,5
ASN00086071,627,1315,14,58,6,2
UK000056225,1023,1315,14,58,10,13
ASN00074128,609,1315,14,58,6,2
ASN00086071,822,1315,14,58,8,2
GME00125218,412,1315,14,58,4,10
ASN00090015,703,1315,14,58,7,2
ITE00100550,1108,1315,14,58,11,11
ASN00090015,509,1315,14,58,5,2
ASN00090015,516,1315,14,58,5,2
EIE00101859,516,1315,14,58,5,7
ASN00090015,804,1315,14,58,8,2
CA006158350,414,1315,14,58,4,5
ASN00090015,1002,1315,14,58,10,2
GM000004204,613,1315,14,58,6,9
UK000047811,516,1315,14,58,5,13
ASN00090015,607,1315,14,58,6,2
ASN00074128,607,1315,14,58,6,2
ASN00090015,517,1315,14,58,5,2
ASN00066062,801,1315,14,58,8,2
GME00125218,1002,1315,14,58,10,10
UK000047811,411,1315,14,58,4,13
ASN00090015,813,1315,14,58,8,2
UK000047811,512,1315,14,58,5,13
CA006158350,510,1315,14,58,5,5
CA006158350,509,1315,14,58,5,5
EIE00101859,518,1315,14,58,5,7
ASN00086071,705,1315,14,58,7,2
ASN00090015,828,1315,14,58,8,2
ASN00086071,1217,1315,14,58,12,2
ASN00090015,529,1315,14,58,5,2
AGE00135039,220,1315,14,58,2,1
ITE00100554,1030,1315,14,58,10,11
GM000004204,1027,1315,14,58,10,9
AGE00135039,218,1315,14,58,2,1
AGE00135039,1212,1315,14,58,12,1
AGE00135039,405,1315,14,58,4,1
AGE00135039,410,1315,14,58,4,1
AGE00135039,331,1315,14,58,3,1
BE000006447,1017,1315,14,58,10,4
AGE00135039,1211,1315,14,58,12,1
ASN00066062,713,1315,14,58,7,2
AGE00135039,323,1315,14,58,3,1
ASN00086071,728,1315,14,58,7,2
AGE00135039,304,1315,14,58,3,1
AGE00135039,123,1315,14,58,1,1
ASN00086071,603,1315,14,58,6,2
AGE00135039,325,1315,14,58,3,1
AGE00135039,324,1315,14,58,3,1
ITE00100550,1106,1315,15,58,11,11
GME00125218,612,1315,15,58,6,10
ITE00100550,1006,1315,15,58,10,11
ITE00100554,430,1315,15,58,4,11
GM000004204,1125,1315,15,58,11,9
GM000004204,805,1315,15,58,8,9
BE000006447,1014,1315,15,58,10,4
UK000056225,730,1315,15,58,7,13
UK000056225,402,1315,15,58,4,13
UK000056225,1025,1315,15,58,10,13
ASN00066062,715,1315,15,58,7,2
UK000056225,1011,1315,15,58,10,13
ASN00066062,702,1315,15,58,7,2
ASN00066062,708,1315,15,58,7,2
BE000006447,1015,1315,15,59,10,4
UK000056225,430,1315,15,59,4,13
AU000005901,1028,1315,15,59,10,3
ASN00066062,523,1315,15,59,5,2
ASN00066062,703,1315,15,59,7,2
ASN00086071,910,1315,15,59,9,2
GME00125218,408,1315,15,59,4,10
ASN00066062,724,1315,15,59,7,2
ITE00100550,1129,1315,15,59,11,11
ASN00066062,720,1315,15,59,7,2
ITE00100550,1030,1315,15,59,10,11
SZ000006717,707,1315,15,59,7,12
ASN00086071,615,1315,15,59,6,2
EZE00100082,1013,1315,15,59,10,8
GME00125218,1007,1315,15,59,10,10
GM000004204,902,1315,15,59,9,9
ASN00066062,807,1315,15,59,8,2
GME00125218,605,1315,15,59,6,10
ASN00066062,728,1315,15,59,7,2
AGE00135039,113,1315,15,59,1,1
ASN00090015,1028,1315,15,59,10,2
GME00125218,1124,1315,15,59,11,10
ASN00074128,519,1315,15,59,5,2
ASN00090015,1008,1315,15,59,10,2
GM000004204,415,1315,15,59,4,9
ASN00090015,519,1315,15,59,5,2
ITE00100550,404,1315,15,59,4,11
ASN00090015,806,1315,15,59,8,2
GM000004204,605,1315,15,59,6,9
AGE00135039,322,1315,15,59,3,1
ASN00086071,717,1315,15,59,7,2
ASN00066062,808,1315,15,59,8,2
CA006148100,419,1315,15,59,4,5
AGE00135039,315,1315,15,59,3,1
ASN00066062,717,1315,15,59,7,2
AU000005901,1007,1315,15,59,10,3
CA006158350,523,1315,15,59,5,5
GME00125218,1005,1315,15,59,10,10
CA006148100,418,1315,15,59,4,5
ASN00066062,701,1315,15,59,7,2
ITE00100550,1029,1315,15,59,10,11
UK000047811,525,1315,15,59,5,13
AGE00135039,303,1315,15,59,3,1
UK000047811,416,1315,15,59,4,13
ASN00090015,706,1315,15,59,7,2
ASN00090015,919,1315,15,59,9,2
ASN00090015,608,1315,15,59,6,2
UK000047811,404,1315,15,59,4,13
ASN00074128,610,1315,15,59,6,2
ASN00090015,610,1315,15,59,6,2
EIE00101859,1016,1315,15,59,10,7
ASN00090015,1217,1315,15,59,12,2
UK000047811,407,1315,15,59,4,13
AU000005901,1017,1315,15,59,10,3
AGE00135039,131,1315,15,59,1,1
AGE00135039,225,1315,15,59,2,1
EIE00101859,510,1315,15,59,5,7
ASN00090015,915,1315,15,59,9,2
EIE00101859,1019,1315,15,59,10,7
ITE00100550,1128,1315,15,59,11,11
CA006158350,926,1315,15,59,9,5
UK000047811,801,1315,15,59,8,13
ASN00090015,428,1315,15,59,4,2
ASN00086071,929,1315,15,59,9,2
ASN00090015,1018,1315,15,59,10,2
AGE00135039,207,1315,15,59,2,1
ASN00090015,609,1315,15,59,6,2
AGE00135039,307,1315,15,59,3,1
AGE00135039,318,1315,15,59,3,1
UK000047811,405,1315,15,59,4,13
ASN00086071,924,1315,15,59,9,2
UK000047811,1007,1315,15,59,10,13
ASN00090015,503,1315,15,59,5,2
ASN00086071,730,1315,15,59,7,2
ASN00086071,707,1315,15,59,7,2
AGE00135039,1207,1315,15,59,12,1
ASN00090015,1020,1315,15,59,10,2
ASN00090015,704,1315,15,59,7,2
ITE00100550,1107,1315,15,59,11,11
ASN00086071,704,1315,15,59,7,2
ASN00090015,902,1315,15,59,9,2
CA006148100,414,1315,15,59,4,5
EIE00101859,513,1315,15,59,5,7
CA006158350,1018,1315,15,59,10,5
GME00125218,618,1315,15,59,6,10
EZE00100082,627,1315,15,59,6,8
GM000004204,618,1315,15,59,6,9
SZ000006717,714,1315,15,59,7,12
UK000056225,802,1315,15,59,8,13
AU000005901,1004,1315,15,59,10,3
ASN00066062,629,1315,15,59,6,2
EZE00100082,902,1315,15,59,9,8
ASN00066062,608,1315,15,59,6,2
UK000056225,628,1315,15,59,6,13
ASN00066062,730,1315,15,59,7,2
ASN00066062,707,1315,15,59,7,2
UK000056225,405,1315,15,59,4,13
ASN00066062,613,1315,15,59,6,2
ASN00066062,816,1315,15,59,8,2
GME00125218,703,1315,15,60,7,10
ASN00086071,823,1315,15,60,8,2
ASN00086071,827,1315,15,60,8,2
UK000056225,601,1315,15,60,6,13
GME00125218,831,1315,15,60,8,10
EZE00100082,427,1315,15,60,4,8
GME00125218,1011,1315,15,60,10,10
EZE00100082,412,1315,15,60,4,8
GME00125218,1004,1315,15,60,10,10
EZE00100082,806,1315,15,60,8,8
UK000056225,1028,1315,15,60,10,13
ITE00100550,1009,1315,15,60,10,11
UK000056225,515,1315,15,60,5,13
AGE00135039,1209,1315,16,60,12,1
ITE00100550,1101,1315,16,60,11,11
GME00125218,625,1315,16,60,6,10
AU000005901,1021,1315,16,60,10,3
EZE00100082,628,1315,16,60,6,8
GME00125218,615,1315,16,60,6,10
ITE00100554,1110,1315,16,60,11,11
AGE00135039,206,1315,16,60,2,1
BE000006447,407,1315,16,60,4,4
ASN00086071,1017,1315,16,60,10,2
GME00125218,611,1315,16,60,6,10
AGE00135039,217,1315,16,60,2,1
AU000005901,618,1315,16,60,6,3
AU000005901,1018,1315,16,60,10,3
ASN00086071,829,1315,16,60,8,2
AGE00135039,327,1315,16,60,3,1
AGE00135039,1208,1315,16,60,12,1
CA006158350,519,1315,16,60,5,5
USC00288878,1115,1315,16,60,11,14
ASN00086071,317,1315,16,60,3,2
CA006158350,1006,1315,16,60,10,5
ASN00090015,830,1315,16,60,8,2
ASN00090015,718,1315,16,60,7,2
ASN00090015,726,1315,16,60,7,2
ASN00090015,826,1315,16,60,8,2
ASN00090015,109,1315,16,60,1,2
ASN00090015,204,1315,16,60,2,2
GME00125218,627,1315,16,60,6,10
ASN00090015,510,1315,16,60,5,2
USC00288878,1102,1315,16,60,11,14
EIE00101859,509,1315,16,60,5,7
CA006148100,509,1315,16,60,5,5
ASN00090015,317,1315,16,60,3,2
ASN00090015,1117,1315,16,60,11,2
CA006148100,713,1315,16,60,7,5
ASN00074128,603,1315,16,60,6,2
ASN00090015,911,1315,16,60,9,2
ASN00090015,520,1315,16,60,5,2
ASN00090015,203,1315,16,60,2,2
CA006148100,1116,1315,16,60,11,5
ASN00090015,518,1315,16,60,5,2
ASN00086071,1018,1315,16,60,10,2
EIE00101859,517,1315,16,60,5,7
EIE00101859,1014,1315,16,60,10,7
ASN00074128,517,1315,16,60,5,2
ASN00090015,1118,1315,16,60,11,2
ASN00090015,318,1315,16,60,3,2
EIE00101859,1012,1315,16,60,10,7
EIE00101859,515,1315,16,60,5,7
CA006158350,406,1315,16,60,4,5
USC00288878,1103,1315,16,60,11,14
UK000047811,518,1315,16,60,5,13
ASN00066062,518,1315,16,60,5,2
UK000056225,1016,1315,16,60,10,13
ASN00066062,627,1315,16,60,6,2
CA006148100,823,1315,16,60,8,5
UK000047811,503,1315,16,60,5,13
ASN00090015,1021,1315,16,60,10,2
UK000047811,502,1315,16,60,5,13
ASN00090015,502,1315,16,60,5,2
UK000047811,731,1315,16,60,7,13
EIE00101859,408,1315,16,60,4,7
ASN00090015,1022,1315,16,60,10,2
ASN00090015,504,1315,16,60,5,2
USC00288878,1125,1315,16,60,11,14
UK000047811,412,1315,16,60,4,13
CA006158350,426,1315,16,60,4,5
ASN00090015,1024,1315,16,60,10,2
ASN00090015,207,1315,16,60,2,2
USC00288878,1113,1315,16,60,11,14
USC00288878,1030,1315,16,60,10,14
ASN00090015,918,1315,16,60,9,2
ASN00090015,917,1315,16,60,9,2
ASN00090015,921,1315,16,60,9,2
ASN00086071,505,1315,16,60,5,2
UK000047811,430,1315,16,60,4,13
ASN00090015,831,1315,16,60,8,2
ASN00086071,506,1315,16,60,5,2
ASN00090015,409,1315,16,60,4,2
UK000047811,408,1315,16,60,4,13
ASN00066062,704,1315,16,60,7,2
EIE00101859,1018,1315,16,60,10,7
ASN00090015,506,1315,16,60,5,2
CA006148100,508,1315,16,60,5,5
USC00288878,1114,1315,16,60,11,14
ASN00086071,813,1315,16,60,8,2
ASN00066062,531,1315,16,60,5,2
ASN00066062,529,1315,16,60,5,2
ASN00066062,908,1315,16,60,9,2
SZ000006717,715,1315,16,60,7,12
UK000056225,506,1315,16,60,5,13
GM000004204,525,1315,16,60,5,9
EZE00100082,702,1315,16,60,7,8
ASN00066062,810,1315,16,60,8,2
GM000004204,627,1315,16,60,6,9
GME00125218,702,1315,16,60,7,10
ASN00066062,519,1315,16,60,5,2
ITE00100554,404,1315,16,60,4,11
ASN00066062,812,1315,16,60,8,2
BE000006447,1012,1315,16,60,10,4
ASN00066062,802,1315,16,60,8,2
ASN00066062,607,1315,16,60,6,2
GM000004204,1002,1315,16,60,10,9
UK000056225,514,1315,16,60,5,13
UK000056225,512,1315,16,60,5,13
AU000005901,502,1315,16,60,5,3
BE000006447,406,1315,16,60,4,4
BE000006447,1018,1315,16,61,10,4
ASN00086071,1218,1315,16,61,12,2
GME00125218,628,1315,16,61,6,10
AU000005901,422,1315,16,61,4,3
ASN00086071,909,1315,16,61,9,2
AU000005901,411,1315,16,61,4,3
GM000004204,427,1315,16,61,4,9
GM000004204,806,1315,16,61,8,9
ITE00100550,1104,1315,16,61,11,11
ASN00066062,710,1315,16,61,7,2
AGE00135039,309,1315,16,61,3,1
AGE00135039,118,1315,16,61,1,1
ITE00100550,1010,1315,16,61,10,11
GME00125218,819,1315,16,61,8,10
AGE00135039,1117,1315,16,61,11,1
AGE00135039,1120,1315,16,61,11,1
GM000004204,1124,1315,16,61,11,9
AGE00135039,117,1315,16,61,1,1
AGE00135039,208,1315,16,61,2,1
GME00125218,1017,1315,16,61,10,10
EZE00100082,1008,1315,16,61,10,8
AGE00135039,1230,1315,16,61,12,1
ITE00100550,1031,1315,16,61,10,11
AGE00135039,116,1315,16,61,1,1
AGE00135039,1206,1315,16,61,12,1
GM000004204,1003,1315,16,61,10,9
AGE00135039,311,1315,16,61,3,1
GM000004204,1007,1315,16,61,10,9
AGE00135039,210,1315,16,61,2,1
GME00125218,1008,1315,16,61,10,10
GME00125218,806,1315,16,61,8,10
CA006158350,1115,1315,16,61,11,5
ASN00066062,718,1315,16,61,7,2
ASN00086071,811,1315,16,61,8,2
ASN00090015,1116,1315,16,61,11,2
UK000047811,730,1315,16,61,7,13
ASN00090015,903,1315,16,61,9,2
CA006148100,714,1315,16,61,7,5
ASN00090015,1206,1315,16,61,12,2
ASN00090015,1123,1315,16,61,11,2
ASN00090015,1003,1315,16,61,10,2
GM000004204,1012,1315,16,61,10,9
ASN00090015,1012,1315,16,61,10,2
ASN00090015,505,1315,16,61,5,2
ASN00066062,618,1315,16,61,6,2
EIE00101859,519,1315,16,61,5,7
ASN00074128,613,1315,16,61,6,2
UK000047811,427,1315,16,61,4,13
EIE00101859,514,1315,16,61,5,7
ASN00086071,422,1315,16,61,4,2
EIE00101859,1015,1315,16,61,10,7
UK000047811,529,1315,16,61,5,13
CA006148100,1002,1315,16,61,10,5
EIE00101859,1013,1315,16,61,10,7
ASN00074128,612,1315,16,61,6,2
ASN00066062,516,1315,16,61,5,2
CA006148100,504,1315,16,61,5,5
GME00125218,1013,1315,16,61,10,10
UK000047811,420,1315,16,61,4,13
ASN00066062,517,1315,16,61,5,2
ASN00090015,1102,1315,16,61,11,2
ASN00086071,1010,1315,16,61,10,2
UK000056225,419,1315,16,61,4,13
ASN00090015,1013,1315,16,61,10,2
ASN00090015,413,1315,16,61,4,2
ASN00066062,602,1315,16,61,6,2
GM000004204,1017,1315,16,61,10,9
CA006158350,508,1315,16,61,5,5
UK000047811,507,1315,16,61,5,13
ASN00090015,423,1315,16,61,4,2
UK000047811,530,1315,16,61,5,13
ASN00090015,1219,1315,16,61,12,2
ASN00090015,1007,1315,16,61,10,2
ASN00086071,502,1315,16,61,5,2
EIE00101859,417,1315,16,61,4,7
ASN00090015,1216,1315,16,61,12,2
UK000047811,1006,1315,16,61,10,13
ASN00086071,828,1315,16,61,8,2
ASN00086071,818,1315,16,61,8,2
UK000056225,406,1315,16,61,4,13
EZE00100082,608,1315,16,61,6,8
ASN00086071,624,1315,16,61,6,2
EZE00100082,416,1315,16,61,4,8
EZE00100082,1012,1315,16,61,10,8
ASN00066062,628,1315,16,61,6,2
ASN00066062,604,1315,16,61,6,2
ASN00066062,804,1315,16,61,8,2
SZ000006717,708,1315,16,61,7,12
GM000004204,408,1315,16,61,4,9
AU000005901,1024,1315,16,61,10,3
GM000004204,615,1315,16,61,6,9
EZE00100082,626,1315,16,61,6,8
EZE00100082,613,1315,16,61,6,8
UK000056225,513,1315,16,61,5,13
AU000005901,1103,1315,16,61,11,3
GME00125218,1019,1315,16,61,10,10
ASN00066062,709,1315,16,61,7,2
ASN00086071,504,1315,16,61,5,2
ASN00066062,819,1315,16,61,8,2
UK000056225,501,1315,16,61,5,13
ITE00100550,408,1315,16,61,4,11
AU000005901,412,1315,16,61,4,3
GME00125218,409,1315,16,62,4,10
ITE00100554,1006,1315,16,62,10,11
GM000004204,628,1315,16,62,6,9
UK000056225,801,1315,16,62,8,13
GME00125218,517,1315,16,62,5,10
BE000006447,1013,1315,16,62,10,4
GME00125218,417,1315,16,62,4,10
ASN00086071,809,1315,16,62,8,2
AGE00135039,114,1315,16,62,1,1
AGE00135039,1114,1315,16,62,11,1
EZE00100082,611,1315,16,62,6,8
AU000005901,1013,1315,16,62,10,3
AGE00135039,306,1315,16,62,3,1
ITE00100554,1014,1315,16,62,10,11
AGE00135039,404,1315,16,62,4,1
AGE00135039,302,1315,16,62,3,1
AU000005901,627,1315,16,62,6,3
AGE00135039,320,1315,16,62,3,1
ITE00100554,1026,1315,16,62,10,11
AGE00135039,401,1315,16,62,4,1
AGE00135039,321,1315,16,62,3,1
ASN00086071,428,1315,16,62,4,2
AGE00135039,313,1315,16,62,3,1
ASN00066062,820,1315,16,62,8,2
AU000005901,1008,1315,16,62,10,3
GME00125218,525,1315,16,62,5,10
AGE00135039,329,1315,16,62,3,1
ASN00066062,605,1315,16,62,6,2
ASN00066062,530,1315,17,62,5,2
GME00125218,426,1315,17,62,4,10
GME00125218,626,1315,17,62,6,10
EZE00100082,614,1315,17,62,6,8
EZE00100082,605,1315,17,62,6,8
ASN00066062,520,1315,17,62,5,2
GM000004204,1013,1315,17,62,10,9
GME00125218,608,1315,17,62,6,10
GM000004204,1126,1315,17,62,11,9
GME00125218,805,1315,17,62,8,10
BE000006447,611,1315,17,62,6,4
ASN00066062,809,1315,17,62,8,2
USC00288878,1024,1315,17,62,10,14
ASN00090015,522,1315,17,62,5,2
ASN00086071,807,1315,17,62,8,2
ASN00090015,1115,1315,17,62,11,2
USC00288878,1025,1315,17,62,10,14
UK000047811,531,1315,17,62,5,13
UK000047811,601,1315,17,62,6,13
ITE00100554,1007,1315,17,62,10,11
ASN00086071,806,1315,17,62,8,2
ASN00086071,1029,1315,17,62,10,2
ASN00074128,501,1315,17,62,5,2
ASN00086071,501,1315,17,62,5,2
EIE00101859,501,1315,17,62,5,7
ASN00090015,611,1315,17,62,6,2
ASN00066062,524,1315,17,62,5,2
ASN00086071,1022,1315,17,62,10,2
EIE00101859,420,1315,17,62,4,7
ASN00086071,830,1315,17,62,8,2
ASN00090015,805,1315,17,62,8,2
ASN00086071,430,1315,17,62,4,2
ASN00090015,612,1315,17,62,6,2
CA006158350,1011,1315,17,62,10,5
ASN00090015,1218,1315,17,62,12,2
ASN00090015,422,1315,17,62,4,2
ASN00090015,1202,1315,17,62,12,2
UK000047811,1008,1315,17,62,10,13
ASN00090015,728,1315,17,62,7,2
USC00288878,1227,1315,17,62,12,14
ASN00090015,619,1315,17,62,6,2
ASN00090015,809,1315,17,62,8,2
ASN00086071,412,1315,17,62,4,2
CA006148100,518,1315,17,62,5,5
SZ000006717,706,1315,17,62,7,12
UK000047811,517,1315,17,62,5,13
UK000047811,827,1315,17,62,8,13
CA006158350,823,1315,17,62,8,5
CA006158350,918,1315,17,62,9,5
ASN00074128,504,1315,17,62,5,2
EIE00101859,827,1315,17,62,8,7
ASN00090015,906,1315,17,62,9,2
EIE00101859,409,1315,17,62,4,7
EIE00101859,814,1315,17,62,8,7
ASN00086071,1103,1315,17,62,11,2
ASN00090015,811,1315,17,62,8,2
ASN00090015,1113,1315,17,62,11,2
EIE00101859,505,1315,17,62,5,7
ASN00090015,1106,1315,17,62,11,2
CA006158350,627,1315,17,62,6,5
EIE00101859,1017,1315,17,62,10,7
ASN00090015,331,1315,17,62,3,2
UK000047811,506,1315,17,62,5,13
ASN00090015,507,1315,17,62,5,2
CA006158350,515,1315,17,62,5,5
UK000047811,920,1315,17,62,9,13
BE000006447,1006,1315,17,62,10,4
ASN00090015,412,1315,17,62,4,2
ASN00074128,520,1315,17,62,5,2
ASN00090015,808,1315,17,62,8,2
UK000047811,816,1315,17,62,8,13
UK000047811,708,1315,17,62,7,13
GME00125218,614,1315,17,62,6,10
ASN00086071,1023,1315,17,62,10,2
AGE00135039,1116,1315,17,62,11,1
UK000056225,517,1315,17,62,5,13
EZE00100082,1011,1315,17,62,10,8
GME00125218,820,1315,17,62,8,10
ITE00100554,1013,1315,17,62,10,11
ASN00066062,630,1315,17,62,6,2
GME00125218,1012,1315,17,62,10,10
ASN00066062,725,1315,17,62,7,2
ASN00066062,914,1315,17,62,9,2
GME00125218,516,1315,17,62,5,10
GM000004204,428,1315,17,62,4,9
ASN00086071,503,1315,17,62,5,2
GM000004204,625,1315,17,62,6,9
ITE00100550,1027,1315,17,62,10,11
ITE00100550,513,1315,17,62,5,11
ITE00100550,1127,1315,17,62,11,11
SZ000006717,716,1315,17,62,7,12
UK000056225,502,1315,17,62,5,13
ASN00066062,811,1315,17,62,8,2
AU000005901,430,1315,17,62,4,3
ASN00086071,930,1315,17,62,9,2
UK000056225,731,1315,17,62,7,13
GM000004204,611,1315,17,62,6,9
ASN00086071,619,1315,17,63,6,2
ASN00066062,913,1315,17,63,9,2
ITE00100554,405,1315,17,63,4,11
AGE00135039,1123,1315,17,63,11,1
AGE00135039,1214,1315,17,63,12,1
UK000056225,920,1315,17,63,9,13
AGE00135039,209,1315,17,63,2,1
GME00125218,1003,1315,17,63,10,10
GM000004204,1019,1315,17,63,10,9
AU000005901,429,1315,17,63,4,3
AGE00135039,1115,1315,17,63,11,1
AGE00135039,330,1315,17,63,3,1
AGE00135039,1202,1315,17,63,12,1
AGE00135039,314,1315,17,63,3,1
EZE00100082,805,1315,17,63,8,8
UK000056225,921,1315,17,63,9,13
ITE00100554,1015,1315,17,63,10,11
UK000056225,1010,1315,17,63,10,13
ASN00086071,819,1315,17,63,8,2
AU000005901,613,1315,17,63,6,3
ASN00066062,817,1315,17,63,8,2
BE000006447,511,1315,17,63,5,4
ASN00066062,825,1315,17,63,8,2
BE000006447,701,1315,17,63,7,4
UK000056225,610,1315,17,63,6,13
ITE00100554,1017,1315,17,63,10,11
BE000006447,614,1315,17,63,6,4
ASN00066062,525,1315,17,63,5,2
EZE00100082,804,1315,17,63,8,8
ASN00066062,526,1315,17,63,5,2
AU000005901,526,1315,17,63,5,3
ITE00100550,1015,1315,17,63,10,11
EZE00100082,428,1315,17,63,4,8
ASN00090015,521,1315,17,63,5,2
EIE00101859,503,1315,17,63,5,7
EIE00101859,1011,1315,17,63,10,7
EZE00100082,1019,1315,17,63,10,8
UK000047811,721,1315,17,63,7,13
ASN00074128,516,1315,17,63,5,2
ASN00090015,430,1315,17,63,4,2
EZE00100082,517,1315,17,63,5,8
ASN00086071,1117,1315,17,63,11,2
ASN00086071,510,1315,17,63,5,2
CA006148100,822,1315,17,63,8,5
CA006158350,1117,1315,17,63,11,5
ITE00100554,1024,1315,17,63,10,11
CA006148100,1012,1315,17,63,10,5
ITE00100554,520,1315,17,63,5,11
ASN00074128,512,1315,17,63,5,2
USC00288878,1019,1315,17,63,10,14
ASN00066062,1013,1315,17,63,10,2
EIE00101859,1008,1315,17,63,10,7
EIE00101859,830,1315,17,63,8,7
ASN00090015,523,1315,17,63,5,2
ASN00074128,502,1315,17,63,5,2
EIE00101859,826,1315,17,63,8,7
UK000056225,516,1315,17,63,5,13
ASN00090015,1223,1315,17,63,12,2
UK000047811,1009,1315,17,63,10,13
EIE00101859,813,1315,17,63,8,7
ASN00086071,1005,1315,17,63,10,2
ASN00090015,1114,1315,17,63,11,2
CA006148100,405,1315,17,63,4,5
UK000047811,410,1315,17,63,4,13
EZE00100082,912,1315,17,63,9,8
ASN00090015,927,1315,17,63,9,2
ASN00066062,617,1315,17,63,6,2
UK000047811,415,1315,17,63,4,13
UK000047811,922,1315,17,63,9,13
EIE00101859,410,1315,17,63,4,7
USC00288878,1026,1315,17,63,10,14
UK000047811,930,1315,17,63,9,13
ASN00066062,905,1315,17,63,9,2
ASN00086071,1216,1315,17,63,12,2
EIE00101859,819,1315,17,63,8,7
ASN00074128,614,1315,17,63,6,2
CA006158350,613,1315,17,63,6,5
CA006158350,418,1315,17,63,4,5
UK000047811,610,1315,17,63,6,13
ASN00090015,1030,1315,17,63,10,2
ASN00090015,410,1315,17,63,4,2
ASN00086071,617,1315,17,63,6,2
CA006158350,927,1315,17,63,9,5
UK000047811,1005,1315,17,63,10,13
ASN00090015,916,1315,17,63,9,2
BE000006447,711,1315,17,63,7,4
ASN00066062,1103,1315,17,63,11,2
UK000056225,423,1315,17,63,4,13
UK000056225,1006,1315,17,63,10,13
GME00125218,915,1315,17,63,9,10
AU000005901,1022,1315,17,63,10,3
ITE00100550,1017,1315,17,63,10,11
ASN00086071,1013,1315,17,63,10,2
GME00125218,901,1315,17,63,9,10
GM000004204,409,1315,17,63,4,9
ASN00086071,1020,1315,17,63,10,2
GME00125218,1018,1315,17,63,10,10
ASN00086071,918,1315,17,63,9,2
BE000006447,1005,1315,17,63,10,4
ASN00066062,603,1315,17,63,6,2
SZ000006717,717,1315,17,63,7,12
ITE00100550,1007,1315,17,63,10,11
GM000004204,412,1315,17,63,4,9
ASN00066062,609,1315,17,63,6,2
UK000056225,503,1315,17,63,5,13
GM000004204,1004,1315,17,63,10,9
ASN00066062,506,1315,17,63,5,2
GME00125218,606,1315,17,63,6,10
BE000006447,617,1315,17,63,6,4
AU000005901,626,1315,17,63,6,3
GME00125218,824,1315,17,63,8,10
EZE00100082,519,1315,17,63,5,8
UK000056225,928,1315,18,64,9,13
GM000004204,831,1315,18,64,8,9
BE000006447,1010,1315,18,64,10,4
UK000056225,929,1315,18,64,9,13
ITE00100554,1023,1315,18,64,10,11
EZE00100082,417,1315,18,64,4,8
GM000004204,621,1315,18,64,6,9
AGE00135039,412,1315,18,64,4,1
GM000004204,516,1315,18,64,5,9
EZE00100082,502,1315,18,64,5,8
EZE00100082,831,1315,18,64,8,8
AGE00135039,1129,1315,18,64,11,1
UK000056225,922,1315,18,64,9,13
GM000004204,416,1315,18,64,4,9
GM000004204,614,1315,18,64,6,9
ITE00100554,1021,1315,18,64,10,11
ITE00100554,1019,1315,18,64,10,11
ASN00086071,919,1315,18,64,9,2
GME00125218,519,1315,18,64,5,10
AU000005901,922,1315,18,64,9,3
GME00125218,621,1315,18,64,6,10
EZE00100082,615,1315,18,64,6,8
EZE00100082,625,1315,18,64,6,8
ITE00100554,1010,1315,18,64,10,11
ITE00100554,1025,1315,18,64,10,11
GME00125218,825,1315,18,64,8,10
EZE00100082,422,1315,18,64,4,8
ASN00086071,409,1315,18,64,4,2
ASN00086071,324,1315,18,64,3,2
BE000006447,512,1315,18,64,5,4
ASN00086071,331,1315,18,64,3,2
EZE00100082,410,1315,18,64,4,8
ITE00100554,1008,1315,18,64,10,11
ASN00066062,619,1315,18,64,6,2
ASN00086071,1124,1315,18,64,11,2
ASN00086071,402,1315,18,64,4,2
EZE00100082,819,1315,18,64,8,8
ASN00086071,808,1315,18,64,8,2
ASN00086071,903,1315,18,64,9,2
ASN00066062,814,1315,18,64,8,2
EIE00101859,1010,1315,18,64,10,7
UK000047811,802,1315,18,64,8,13
UK000047811,927,1315,18,64,9,13
ASN00066062,504,1315,18,64,5,2
EIE00101859,821,1315,18,64,8,7
ASN00090015,217,1315,18,64,2,2
EIE00101859,529,1315,18,64,5,7
ASN00090015,1014,1315,18,64,10,2
EIE00101859,825,1315,18,64,8,7
ASN00090015,1220,1315,18,64,12,2
UK000047811,717,1315,18,64,7,13
ASN00090015,909,1315,18,64,9,2
EZE00100082,1004,1315,18,64,10,8
EIE00101859,829,1315,18,64,8,7
EIE00101859,918,1315,18,64,9,7
EIE00101859,731,1315,18,64,7,7
ASN00090015,717,1315,18,64,7,2
CA006148100,715,1315,18,64,7,5
ASN00090015,1103,1315,18,64,11,2
ASN00090015,624,1315,18,64,6,2
EIE00101859,823,1315,18,64,8,7
USC00288878,1109,1315,18,64,11,14
CA006158350,716,1315,18,64,7,5
USC00288878,1014,1315,18,64,10,14
EIE00101859,909,1315,18,64,9,7
CA006148100,406,1315,18,64,4,5
ASN00090015,420,1315,18,64,4,2
EIE00101859,1007,1315,18,64,10,7
CA006158350,811,1315,18,64,8,5
EIE00101859,815,1315,18,64,8,7
ASN00090015,1016,1315,18,64,10,2
ASN00066062,507,1315,18,64,5,2
UK000047811,602,1315,18,64,6,13
UK000047811,811,1315,18,64,8,13
UK000047811,829,1315,18,64,8,13
ASN00066062,505,1315,18,64,5,2
UK000047811,527,1315,18,64,5,13
EIE00101859,502,1315,18,64,5,7
GME00125218,421,1315,18,64,4,10
BE000006447,803,1315,18,64,8,4
EIE00101859,818,1315,18,64,8,7
ASN00090015,812,1315,18,64,8,2
ASN00090015,421,1315,18,64,4,2
ASN00074128,615,1315,18,64,6,2
CA006148100,627,1315,18,64,6,5
ASN00090015,820,1315,18,64,8,2
ASN00066062,522,1315,18,64,5,2
USC00288878,1027,1315,18,64,10,14
AU000005901,912,1315,18,64,9,3
CA006158350,522,1315,18,64,5,5
ASN00066062,610,1315,18,64,6,2
ASN00066062,502,1315,18,64,5,2
UK000047811,923,1315,18,64,9,13
CA006148100,926,1315,18,64,9,5
ASN00090015,1027,1315,18,64,10,2
ASN00090015,401,1315,18,64,4,2
ITE00100554,1016,1315,18,64,10,11
EIE00101859,812,1315,18,64,8,7
ASN00090015,1009,1315,18,64,10,2
UK000047811,519,1315,18,64,5,13
ASN00090015,1221,1315,18,64,12,2
UK000047811,928,1315,18,64,9,13
ASN00090015,1023,1315,18,64,10,2
EZE00100082,901,1315,18,64,9,8
EZE00100082,526,1315,18,64,5,8
EIE00101859,506,1315,18,64,5,7
UK000047811,1001,1315,18,64,10,13
EIE00101859,520,1315,18,64,5,7
AGE00135039,1201,1315,18,64,12,1
UK000056225,1009,1315,18,64,10,13
CA006158350,525,1315,18,64,5,5
ASN00090015,1203,1315,18,64,12,2
UK000047811,501,1315,18,64,5,13
ASN00066062,909,1315,18,64,9,2
BE000006447,630,1315,18,64,6,4
GME00125218,513,1315,18,64,5,10
ITE00100550,1021,1315,18,64,10,11
GME00125218,913,1315,18,64,9,10
ITE00100554,1005,1315,18,64,10,11
ASN00086071,1125,1315,18,64,11,2
ASN00066062,423,1315,18,64,4,2
UK000056225,803,1315,18,64,8,13
GM000004204,1008,1315,18,64,10,9
BE000006447,804,1315,18,64,8,4
GM000004204,901,1315,18,64,9,9
BE000006447,1011,1315,18,64,10,4
AU000005901,926,1315,18,64,9,3
ASN00066062,823,1315,18,64,8,2
ITE00100550,928,1315,18,64,9,11
SZ000006717,827,1315,18,64,8,12
BE000006447,408,1315,18,64,4,4
ITE00100554,1020,1315,18,64,10,11
AU000005901,916,1315,18,64,9,3
GME00125218,919,1315,18,64,9,10
GM000004204,519,1315,18,64,5,9
AGE00135039,1205,1315,18,64,12,1
AGE00135039,1128,1315,18,64,11,1
AGE00135039,1025,1315,18,64,10,1
BE000006447,516,1315,18,64,5,4
AU000005901,409,1315,18,64,4,3
ITE00100550,1004,1315,18,64,10,11
AGE00135039,517,1315,18,64,5,1
UK000056225,828,1315,18,64,8,13
AGE00135039,204,1315,18,64,2,1
GME00125218,1001,1315,18,64,10,10
AU000005901,805,1315,18,64,8,3
EZE00100082,913,1315,18,64,9,8
AGE00135039,411,1315,18,64,4,1
BE000006447,612,1315,18,64,6,4
AU000005901,619,1315,18,64,6,3
ITE00100554,521,1315,18,64,5,11
GME00125218,422,1315,18,64,4,10
AGE00135039,203,1315,18,64,2,1
ASN00086071,1024,1315,18,65,10,2
ASN00086071,1028,1315,18,65,10,2
ASN00086071,1112,1315,18,65,11,2
ITE00100550,519,1315,18,65,5,11
GM000004204,712,1315,18,65,7,9
AU000005901,614,1315,18,65,6,3
ITE00100550,1008,1315,18,65,10,11
AU000005901,1011,1315,18,65,10,3
GM000004204,1011,1315,18,65,10,9
GM000004204,626,1315,18,65,6,9
AU000005901,628,1315,18,65,6,3
ITE00100550,1016,1315,18,65,10,11
GM000004204,702,1315,18,65,7,9
GM000004204,1001,1315,18,65,10,9
UK000056225,507,1315,18,65,5,13
BE000006447,619,1315,18,65,6,4
EZE00100082,1003,1315,18,65,10,8
ASN00086071,925,1315,18,65,9,2
ASN00086071,618,1315,18,65,6,2
BE000006447,501,1315,18,65,5,4
ASN00066062,1012,1315,18,65,10,2
AGE00135039,1118,1315,18,65,11,1
EZE00100082,619,1315,18,65,6,8
ASN00086071,511,1315,18,65,5,2
ASN00090015,511,1315,18,65,5,2
ASN00074128,511,1315,18,65,5,2
CA006158350,615,1315,18,65,6,5
UK000047811,425,1315,18,65,4,13
ASN00090015,905,1315,18,65,9,2
ASN00090015,1019,1315,18,65,10,2
ASN00066062,528,1315,18,65,5,2
CA006148100,426,1315,18,65,4,5
EIE00101859,527,1315,18,65,5,7
ASN00074128,616,1315,18,65,6,2
ASN00090015,616,1315,18,65,6,2
ASN00090015,819,1315,18,65,8,2
BE000006447,616,1315,18,65,6,4
EIE00101859,1009,1315,18,65,10,7
UK000047811,921,1315,18,65,9,13
ASN00090015,315,1315,18,65,3,2
UK000047811,526,1315,18,65,5,13
ASN00086071,109,1315,18,65,1,2
USC00288878,1116,1315,18,65,11,14
ASN00086071,921,1315,18,65,9,2
ASN00086071,1203,1315,18,65,12,2
GME00125218,822,1315,18,65,8,10
ASN00090015,323,1315,18,65,3,2
UK000056225,505,1315,18,65,5,13
UK000047811,426,1315,18,65,4,13
ASN00090015,807,1315,18,65,8,2
EIE00101859,831,1315,18,65,8,7
UK000047811,709,1315,18,65,7,13
GM000004204,606,1315,18,65,6,9
CA006158350,1001,1315,18,65,10,5
EIE00101859,804,1315,18,65,8,7
UK000047811,421,1315,18,65,4,13
CA006158350,930,1315,18,65,9,5
AU000005901,902,1315,18,65,9,3
ASN00074128,506,1315,18,65,5,2
UK000047811,1003,1315,18,65,10,13
UK000047811,929,1315,18,65,9,13
UK000047811,422,1315,18,65,4,13
USC00288878,1004,1315,18,65,10,14
ASN00090015,429,1315,18,65,4,2
GME00125218,712,1315,18,65,7,10
ASN00090015,1005,1315,18,65,10,2
EZE00100082,712,1315,18,65,7,8
ASN00090015,114,1315,18,65,1,2
GME00125218,423,1315,18,65,4,10
UK000047811,831,1315,18,65,8,13
CA006148100,610,1315,18,65,6,5
ASN00090015,1120,1315,18,65,11,2
CA006158350,602,1315,18,65,6,5
ASN00090015,613,1315,18,65,6,2
UK000047811,710,1315,18,65,7,13
ASN00090015,1224,1315,18,65,12,2
UK000047811,812,1315,18,65,8,13
UK000047811,822,1315,18,65,8,13
ASN00090015,618,1315,18,65,6,2
BE000006447,801,1315,18,65,8,4
GME00125218,916,1315,18,65,9,10
EIE00101859,828,1315,18,65,8,7
EIE00101859,916,1315,18,65,9,7
ASN00066062,409,1315,18,65,4,2
AGE00135039,1103,1315,18,65,11,1
EIE00101859,730,1315,18,65,7,7
ASN00090015,108,1315,18,65,1,2
CA006148100,811,1315,18,65,8,5
EIE00101859,908,1315,18,65,9,7
ASN00090015,218,1315,18,65,2,2
ASN00066062,729,1315,18,65,7,2
ITE00100550,405,1315,18,65,4,11
GME00125218,912,1315,18,65,9,10
UK000047811,729,1315,18,65,7,13
GM000004204,912,1315,18,65,9,9
UK000056225,811,1315,18,65,8,13
ASN00090015,1210,1315,18,65,12,2
UK000047811,823,1315,18,65,8,13
GM000004204,1018,1315,18,65,10,9
ASN00090015,216,1315,18,65,2,2
EIE00101859,911,1315,18,65,9,7
ASN00086071,911,1315,18,65,9,2
ASN00090015,508,1315,18,65,5,2
ASN00086071,906,1315,18,65,9,2
CA006148100,919,1315,18,65,9,5
ASN00074128,510,1315,18,65,5,2
CA006158350,919,1315,18,65,9,5
EIE00101859,820,1315,18,65,8,7
GME00125218,920,1315,18,65,9,10
ASN00090015,525,1315,18,65,5,2
ASN00086071,525,1315,18,65,5,2
ASN00090015,501,1315,18,65,5,2
EIE00101859,824,1315,18,65,8,7
ASN00090015,1222,1315,18,65,12,2
UK000056225,822,1315,18,65,8,13
CA006148100,526,1315,18,65,5,5
ASN00086071,526,1315,18,65,5,2
EIE00101859,816,1315,18,65,8,7
EIE00101859,411,1315,18,65,4,7
ASN00090015,411,1315,18,65,4,2
UK000047811,815,1315,18,65,8,13
ASN00090015,825,1315,18,65,8,2
GME00125218,410,1315,18,65,4,10
UK000047811,809,1315,18,65,8,13
CA006148100,824,1315,18,65,8,5
CA006158350,526,1315,18,65,5,5
EIE00101859,508,1315,18,65,5,7
ASN00086071,825,1315,18,65,8,2
CA006148100,719,1315,18,65,7,5
GME00125218,629,1315,18,65,6,10
GM000004204,608,1315,18,65,6,9
EZE00100082,922,1315,18,65,9,8
BE000006447,923,1315,18,65,9,4
AU000005901,418,1315,18,65,4,3
AU000005901,417,1315,18,65,4,3
ITE00100550,409,1315,18,65,4,11
GM000004204,703,1315,18,65,7,9
AU000005901,917,1315,18,65,9,3
ASN00066062,1019,1315,18,65,10,2
ASN00086071,831,1315,18,65,8,2
UK000056225,1007,1315,18,65,10,13
EZE00100082,426,1315,18,65,4,8
ASN00066062,527,1315,18,65,5,2
AU000005901,519,1315,18,65,5,3
ASN00066062,521,1315,18,65,5,2
ITE00100550,1022,1315,18,65,10,11
AGE00135039,1106,1315,18,65,11,1
AGE00135039,426,1315,18,65,4,1
AGE00135039,427,1315,18,65,4,1
EZE00100082,415,1315,18,65,4,8
BE000006447,412,1315,18,65,4,4
AGE00135039,202,1315,18,65,2,1
AGE00135039,201,1315,18,65,2,1
ITE00100554,1012,1315,18,65,10,11
ITE00100550,407,1315,18,65,4,11
ITE00100550,1014,1315,18,65,10,11
EZE00100082,823,1315,18,65,8,8
AGE00135039,403,1315,18,65,4,1
AGE00135039,505,1315,18,65,5,1
AGE00135039,1122,1315,18,65,11,1
UK000056225,1005,1315,18,65,10,13
GME00125218,419,1315,18,65,4,10
EZE00100082,421,1315,18,65,4,8
BE000006447,1003,1315,18,65,10,4
AGE00135039,301,1315,18,65,3,1
GME00125218,609,1315,18,65,6,10
ASN00066062,429,1315,19,65,4,2
UK000056225,529,1315,19,65,5,13
UK000056225,617,1315,19,65,6,13
ASN00066062,719,1315,19,65,7,2
GM000004204,913,1315,19,65,9,9
GM000004204,417,1315,19,65,4,9
UK000056225,412,1315,19,65,4,13
ASN00086071,620,1315,19,66,6,2
BE000006447,805,1315,19,66,8,4
EZE00100082,916,1315,19,66,9,8
ASN00086071,318,1315,19,66,3,2
EZE00100082,820,1315,19,66,8,8
BE000006447,627,1315,19,66,6,4
ASN00066062,1124,1315,19,66,11,2
UK000056225,816,1315,19,66,8,13
ASN00066062,509,1315,19,66,5,2
EZE00100082,926,1315,19,66,9,8
ASN00086071,413,1315,19,66,4,2
ASN00066062,612,1315,19,66,6,2
EZE00100082,516,1315,19,66,5,8
ASN00086071,1202,1315,19,66,12,2
BE000006447,624,1315,19,66,6,4
ASN00066062,515,1315,19,66,5,2
EZE00100082,606,1315,19,66,6,8
ASN00066062,514,1315,19,66,5,2
EZE00100082,703,1315,19,66,7,8
GME00125218,512,1315,19,66,5,10
ASN00066062,813,1315,19,66,8,2
ASN00066062,620,1315,19,66,6,2
AU000005901,921,1315,19,66,9,3
ASN00086071,314,1315,19,66,3,2
GME00125218,601,1315,19,66,6,10
GME00125218,924,1315,19,66,9,10
ASN00066062,115,1315,19,66,1,2
ITE00100550,1024,1315,19,66,10,11
AU000005901,1025,1315,19,66,10,3
EZE00100082,925,1315,19,66,9,8
GME00125218,830,1315,19,66,8,10
AU000005901,615,1315,19,66,6,3
UK000047811,803,1315,19,66,8,13
EIE00101859,504,1315,19,66,5,7
UK000047811,1002,1315,19,66,10,13
ASN00090015,1130,1315,19,66,11,2
ASN00066062,828,1315,19,66,8,2
CA006158350,908,1315,19,66,9,5
UK000047811,625,1315,19,66,6,13
EIE00101859,1006,1315,19,66,10,7
UK000047811,624,1315,19,66,6,13
UK000047811,623,1315,19,66,6,13
ASN00066062,915,1315,19,66,9,2
EIE00101859,915,1315,19,66,9,7
USC00288878,1018,1315,19,66,10,14
UK000047811,806,1315,19,66,8,13
ASN00090015,1029,1315,19,66,10,2
ASN00090015,424,1315,19,66,4,2
GM000004204,915,1315,19,66,9,9
ASN00090015,324,1315,19,66,3,2
EIE00101859,803,1315,19,66,8,7
EIE00101859,910,1315,19,66,9,7
UK000047811,804,1315,19,66,8,13
EIE00101859,507,1315,19,66,5,7
CA006158350,715,1315,19,66,7,5
UK000047811,728,1315,19,66,7,13
ASN00090015,824,1315,19,66,8,2
ASN00090015,322,1315,19,66,3,2
CA006148100,729,1315,19,66,7,5
ASN00090015,512,1315,19,66,5,2
EIE00101859,729,1315,19,66,7,7
UK000047811,628,1315,19,66,6,13
ASN00066062,912,1315,19,66,9,2
BE000006447,929,1315,19,66,9,4
ASN00066062,1016,1315,19,66,10,2
EZE00100082,418,1315,19,66,4,8
ASN00090015,926,1315,19,66,9,2
ASN00090015,402,1315,19,66,4,2
EIE00101859,912,1315,19,66,9,7
EIE00101859,930,1315,19,66,9,7
ASN00090015,209,1315,19,66,2,2
UK000047811,814,1315,19,66,8,13
CA006148100,525,1315,19,66,5,5
ASN00066062,606,1315,19,66,6,2
EIE00101859,526,1315,19,66,5,7
EIE00101859,1002,1315,19,66,10,7
ASN00090015,1215,1315,19,66,12,2
ASN00086071,1229,1315,19,66,12,2
EIE00101859,805,1315,19,66,8,7
GM000004204,818,1315,19,66,8,9
EIE00101859,709,1315,19,66,7,7
GME00125218,420,1315,19,66,4,10
CA006158350,822,1315,19,66,8,5
AU000005901,416,1315,19,66,4,3
UK000056225,712,1315,19,66,7,13
EIE00101859,413,1315,19,66,4,7
UK000047811,1004,1315,19,66,10,13
EIE00101859,817,1315,19,66,8,7
UK000047811,603,1315,19,66,6,13
UK000047811,524,1315,19,66,5,13
EIE00101859,822,1315,19,66,8,7
UK000047811,919,1315,19,66,9,13
BE000006447,829,1315,19,66,8,4
EIE00101859,907,1315,19,66,9,7
ASN00086071,113,1315,19,66,1,2
ASN00090015,1112,1315,19,66,11,2
ASN00090015,220,1315,19,66,2,2
ASN00086071,1021,1315,19,66,10,2
UK000047811,828,1315,19,66,8,13
GME00125218,502,1315,19,66,5,10
GME00125218,918,1315,19,66,9,10
EIE00101859,712,1315,19,66,7,7
CA006148100,422,1315,19,66,4,5
EIE00101859,521,1315,19,66,5,7
ASN00090015,305,1315,19,66,3,2
EIE00101859,919,1315,19,66,9,7
EZE00100082,803,1315,19,66,8,8
ASN00090015,304,1315,19,66,3,2
ASN00074128,620,1315,19,66,6,2
EIE00101859,807,1315,19,66,8,7
ASN00090015,316,1315,19,66,3,2
ASN00090015,1126,1315,19,66,11,2
ASN00086071,902,1315,19,66,9,2
AGE00135039,1104,1315,19,66,11,1
GM000004204,830,1315,19,66,8,9
AGE00135039,1204,1315,19,66,12,1
AGE00135039,126,1315,19,66,1,1
ASN00086071,219,1315,19,66,2,2
GM000004204,512,1315,19,66,5,9
UK000056225,410,1315,19,66,4,13
AGE00135039,513,1315,19,66,5,1
AU000005901,421,1315,19,66,4,3
AGE00135039,428,1315,19,66,4,1
UK000056225,710,1315,19,66,7,13
AGE00135039,127,1315,19,66,1,1
BE000006447,626,1315,19,66,6,4
AGE00135039,415,1315,19,66,4,1
AGE00135039,516,1315,19,66,5,1
GM000004204,804,1315,19,66,8,9
AGE00135039,425,1315,19,66,4,1
UK000056225,411,1315,19,66,4,13
GME00125218,518,1315,19,66,5,10
AU000005901,423,1315,19,66,4,3
UK000056225,630,1315,19,66,6,13
AU000005901,427,1315,19,66,4,3
EZE00100082,423,1315,19,66,4,8
GM000004204,809,1315,19,66,8,9
AU000005901,806,1315,19,66,8,3
ASN00086071,1225,1315,19,66,12,2
ASN00066062,1003,1315,19,66,10,2
GM000004204,601,1315,19,66,6,9
ASN00066062,919,1315,19,66,9,2
UK000056225,424,1315,19,66,4,13
UK000056225,611,1315,19,66,6,13
UK000056225,518,1315,19,66,5,13
GME00125218,904,1315,19,66,9,10
ASN00066062,503,1315,19,66,5,2
AU000005901,517,1315,19,66,5,3
GM000004204,410,1315,19,66,4,9
UK000056225,815,1315,19,66,8,13
UK000056225,531,1315,19,66,5,13
ASN00066062,917,1315,19,66,9,2
UK000056225,807,1315,19,66,8,13
UK000056225,420,1315,19,66,4,13
UK000056225,829,1315,19,66,8,13
EZE00100082,929,1315,19,66,9,8
AU000005901,913,1315,19,66,9,3
UK000056225,417,1315,19,66,4,13
ASN00066062,511,1315,19,66,5,2
ASN00086071,224,1315,19,66,2,2
BE000006447,615,1315,19,67,6,4
EZE00100082,818,1315,19,67,8,8
ASN00086071,325,1315,19,67,3,2
ASN00086071,102,1315,19,67,1,2
EZE00100082,629,1315,19,67,6,8
EZE00100082,602,1315,19,67,6,8
ASN00086071,112,1315,19,67,1,2
ASN00086071,208,1315,19,67,2,2
UK000056225,711,1315,19,67,7,13
BE000006447,409,1315,19,67,4,4
BE000006447,1007,1315,19,67,10,4
GME00125218,818,1315,19,67,8,10
ASN00066062,621,1315,19,67,6,2
BE000006447,817,1315,19,67,8,4
BE000006447,818,1315,19,67,8,4
GME00125218,616,1315,19,67,6,10
ASN00086071,512,1315,19,67,5,2
ITE00100554,1011,1315,19,67,10,11
GME00125218,809,1315,19,67,8,10
GM000004204,616,1315,19,67,6,9
ASN00086071,509,1315,19,67,5,2
EZE00100082,617,1315,19,67,6,8
UK000056225,407,1315,19,67,4,13
CA006158350,824,1315,19,67,8,5
CA006148100,1011,1315,19,67,10,5
ASN00086071,1206,1315,19,67,12,2
ASN00086071,1120,1315,19,67,11,2
CA006158350,730,1315,19,67,7,5
ASN00090015,302,1315,19,67,3,2
CA006158350,713,1315,19,67,7,5
EIE00101859,801,1315,19,67,8,7
ASN00090015,1127,1315,19,67,11,2
CA006158350,614,1315,19,67,6,5
UK000056225,615,1315,19,67,6,13
UK000047811,614,1315,19,67,6,13
BE000006447,428,1315,19,67,4,4
ASN00074128,523,1315,19,67,5,2
EZE00100082,616,1315,19,67,6,8
GME00125218,713,1315,19,67,7,10
ASN00090015,1125,1315,19,67,11,2
EIE00101859,711,1315,19,67,7,7
ASN00066062,114,1315,19,67,1,2
CA006158350,1009,1315,19,67,10,5
ASN00086071,114,1315,19,67,1,2
ASN00090015,414,1315,19,67,4,2
EIE00101859,806,1315,19,67,8,7
CA006158350,714,1315,19,67,7,5
EIE00101859,922,1315,19,67,9,7
UK000047811,423,1315,19,67,4,13
ASN00090015,526,1315,19,67,5,2
ASN00090015,922,1315,19,67,9,2
UK000047811,924,1315,19,67,9,13
ASN00090015,923,1315,19,67,9,2
ASN00074128,617,1315,19,67,6,2
UK000047811,711,1315,19,67,7,13
ASN00074128,525,1315,19,67,5,2
CA006148100,1007,1315,19,67,10,5
ASN00090015,1119,1315,19,67,11,2
CA006158350,528,1315,19,67,5,5
EIE00101859,528,1315,19,67,5,7
EIE00101859,904,1315,19,67,9,7
ASN00074128,601,1315,19,67,6,2
ASN00074128,524,1315,19,67,5,2
ASN00090015,617,1315,19,67,6,2
EZE00100082,924,1315,19,67,9,8
EIE00101859,809,1315,19,67,8,7
ITE00100550,1023,1315,19,67,10,11
ASN00086071,1207,1315,19,67,12,2
ASN00086071,421,1315,19,67,4,2
EIE00101859,416,1315,19,67,4,7
ASN00066062,611,1315,19,67,6,2
BE000006447,425,1315,19,67,4,4
UK000047811,629,1315,19,67,6,13
EIE00101859,913,1315,19,67,9,7
CA006148100,425,1315,19,67,4,5
EIE00101859,929,1315,19,67,9,7
ASN00086071,1118,1315,19,67,11,2
ASN00086071,311,1315,19,67,3,2
ASN00086071,623,1315,19,67,6,2
ASN00074128,508,1315,19,67,5,2
UK000047811,810,1315,19,67,8,13
CA006148100,930,1315,19,67,9,5
ASN00090015,311,1315,19,67,3,2
CA006148100,628,1315,19,67,6,5
GME00125218,507,1315,19,67,5,10
EIE00101859,412,1315,19,67,4,7
EIE00101859,811,1315,19,67,8,7
ASN00090015,112,1315,19,67,1,2
EZE00100082,507,1315,19,67,5,8
USC00288878,1028,1315,19,67,10,14
UK000047811,813,1315,19,67,8,13
EIE00101859,1001,1315,19,67,10,7
ASN00086071,1105,1315,19,67,11,2
ASN00090015,1211,1315,19,67,12,2
EIE00101859,421,1315,19,67,4,7
UK000047811,719,1315,19,67,7,13
ASN00086071,415,1315,19,67,4,2
ASN00074128,522,1315,19,67,5,2
AU000005901,819,1315,19,67,8,3
ASN00090015,620,1315,19,67,6,2
ASN00090015,319,1315,19,67,3,2
EIE00101859,716,1315,19,67,7,7
ASN00086071,1106,1315,19,67,11,2
UK000047811,818,1315,19,67,8,13
UK000047811,424,1315,19,67,4,13
ASN00086071,129,1315,19,67,1,2
EIE00101859,906,1315,19,67,9,7
ITE00100550,1026,1315,19,67,10,11
ASN00074128,515,1315,19,67,5,2
ITE00100550,1013,1315,19,67,10,11
EZE00100082,518,1315,19,67,5,8
EIE00101859,1004,1315,19,67,10,7
EIE00101859,917,1315,19,67,9,7
ASN00086071,622,1315,19,67,6,2
USC00288878,1003,1315,19,67,10,14
GM000004204,916,1315,19,67,9,9
UK000047811,612,1315,19,67,6,13
EIE00101859,718,1315,19,67,7,7
ASN00086071,927,1315,19,67,9,2
GME00125218,808,1315,19,67,8,10
UK000047811,718,1315,19,67,7,13
UK000047811,808,1315,19,67,8,13
UK000047811,726,1315,19,67,7,13
CA006158350,505,1315,19,67,5,5
GME00125218,413,1315,20,67,4,10
GME00125218,418,1315,20,67,4,10
ASN00086071,1007,1315,20,67,10,2
ASN00086071,1102,1315,20,67,11,2
ITE00100554,409,1315,20,67,4,11
GM000004204,924,1315,20,67,9,9
AU000005901,608,1315,20,67,6,3
AU000005901,713,1315,20,67,7,3
AGE00135039,1113,1315,20,67,11,1
GME00125218,804,1315,20,67,8,10
AGE00135039,413,1315,20,67,4,1
AGE00135039,526,1315,20,67,5,1
AGE00135039,512,1315,20,67,5,1
GME00125218,414,1315,20,67,4,10
BE000006447,414,1315,20,67,4,4
ASN00086071,429,1315,20,67,4,2
EZE00100082,920,1315,20,67,9,8
AGE00135039,518,1315,20,67,5,1
AU000005901,419,1315,20,67,4,3
UK000056225,717,1315,20,67,7,13
GM000004204,819,1315,20,67,8,9
ASN00086071,1209,1315,20,67,12,2
ITE00100554,515,1315,20,67,5,11
ITE00100550,1003,1315,20,67,10,11
EZE00100082,1002,1315,20,67,10,8
BE000006447,613,1315,20,67,6,4
ITE00100550,1020,1315,20,67,10,11
EZE00100082,620,1315,20,67,6,8
ITE00100550,520,1315,20,67,5,11
GM000004204,421,1315,20,67,4,9
UK000056225,508,1315,20,67,5,13
ITE00100550,422,1315,20,67,4,11
GM000004204,825,1315,20,67,8,9
UK000056225,416,1315,20,67,4,13
AU000005901,611,1315,20,67,6,3
GM000004204,920,1315,20,67,9,9
UK000056225,709,1315,20,67,7,13
UK000056225,409,1315,20,67,4,13
EZE00100082,921,1315,20,67,9,8
ASN00066062,318,1315,20,67,3,2
ITE00100550,1025,1315,20,67,10,11
GME00125218,929,1315,20,67,9,10
EZE00100082,915,1315,20,67,9,8
ITE00100554,408,1315,20,67,4,11
EZE00100082,713,1315,20,67,7,8
UK000056225,927,1315,20,67,9,13
UK000056225,809,1315,20,67,8,13
ASN00086071,1101,1315,20,67,11,2
EZE00100082,923,1315,20,67,9,8
ITE00100554,406,1315,20,67,4,11
UK000056225,824,1315,20,67,8,13
EZE00100082,918,1315,20,67,9,8
AGE00135039,520,1315,20,67,5,1
BE000006447,831,1315,20,67,8,4
UK000056225,625,1315,20,67,6,13
ASN00066062,906,1315,20,67,9,2
EZE00100082,621,1315,20,67,6,8
UK000056225,810,1315,20,67,8,13
ITE00100550,1018,1315,20,68,10,11
BE000006447,625,1315,20,68,6,4
GME00125218,930,1315,20,68,9,10
BE000006447,911,1315,20,68,9,4
ASN00086071,411,1315,20,68,4,2
EZE00100082,512,1315,20,68,5,8
ASN00066062,513,1315,20,68,5,2
BE000006447,413,1315,20,68,4,4
GM000004204,518,1315,20,68,5,9
BE000006447,830,1315,20,68,8,4
GM000004204,822,1315,20,68,8,9
BE000006447,712,1315,20,68,7,4
EZE00100082,424,1315,20,68,4,8
ASN00066062,824,1315,20,68,8,2
AU000005901,410,1315,20,68,4,3
EZE00100082,622,1315,20,68,6,8
GME00125218,925,1315,20,68,9,10
ASN00086071,1230,1315,20,68,12,2
GM000004204,925,1315,20,68,9,9
UK000056225,1004,1315,20,68,10,13
GME00125218,604,1315,20,68,6,10
ITE00100554,415,1315,20,68,4,11
UK000056225,415,1315,20,68,4,13
GME00125218,807,1315,20,68,8,10
ASN00066062,501,1315,20,68,5,2
ASN00066062,929,1315,20,68,9,2
BE000006447,618,1315,20,68,6,4
GME00125218,424,1315,20,68,4,10
EZE00100082,419,1315,20,68,4,8
GME00125218,610,1315,20,68,6,10
ASN00086071,210,1315,20,68,2,2
UK000056225,923,1315,20,68,9,13
ASN00086071,1211,1315,20,68,12,2
UK000056225,523,1315,20,68,5,13
BE000006447,530,1315,20,68,5,4
ASN00086071,228,1315,20,68,2,2
GM000004204,426,1315,20,68,4,9
EZE00100082,809,1315,20,68,8,8
EZE00100082,802,1315,20,68,8,8
UK000056225,1008,1315,20,68,10,13
GM000004204,817,1315,20,68,8,9
GM000004204,517,1315,20,68,5,9
ASN00086071,1219,1315,20,68,12,2
EIE00101859,914,1315,20,68,9,7
BE000006447,1008,1315,20,68,10,4
EIE00101859,414,1315,20,68,4,7
ASN00090015,524,1315,20,68,5,2
EIE00101859,905,1315,20,68,9,7
AGE00135039,1127,1315,20,68,11,1
EIE00101859,713,1315,20,68,7,7
EIE00101859,924,1315,20,68,9,7
CA006148100,920,1315,20,68,9,5
EIE00101859,921,1315,20,68,9,7
EIE00101859,530,1315,20,68,5,7
CA006148100,505,1315,20,68,5,5
ASN00090015,615,1315,20,68,6,2
USC00288878,1118,1315,20,68,11,14
EIE00101859,901,1315,20,68,9,7
AGE00135039,522,1315,20,68,5,1
EIE00101859,714,1315,20,68,7,7
ASN00086071,410,1315,20,68,4,2
CA006158350,601,1315,20,68,6,5
EIE00101859,601,1315,20,68,6,7
EIE00101859,728,1315,20,68,7,7
AU000005901,925,1315,20,68,9,3
EIE00101859,708,1315,20,68,7,7
AGE00135039,524,1315,20,68,5,1
EIE00101859,710,1315,20,68,7,7
BE000006447,924,1315,20,68,9,4
UK000047811,615,1315,20,68,6,13
EIE00101859,902,1315,20,68,9,7
BE000006447,710,1315,20,68,7,4
AGE00135039,523,1315,20,68,5,1
ASN00090015,821,1315,20,68,8,2
ASN00090015,1108,1315,20,68,11,2
CA006148100,527,1315,20,68,5,5
ASN00090015,120,1315,20,68,1,2
AGE00135039,424,1315,20,68,4,1
ASN00090015,117,1315,20,68,1,2
AGE00135039,509,1315,20,68,5,1
UK000047811,819,1315,20,68,8,13
AU000005901,420,1315,20,68,4,3
EIE00101859,430,1315,20,68,4,7
EIE00101859,810,1315,20,68,8,7
ASN00086071,923,1315,20,68,9,2
AGE00135039,511,1315,20,68,5,1
AU000005901,923,1315,20,68,9,3
ASN00090015,810,1315,20,68,8,2
EIE00101859,923,1315,20,68,9,7
GM000004204,502,1315,20,68,5,9
EIE00101859,802,1315,20,68,8,7
EIE00101859,525,1315,20,68,5,7
ASN00090015,224,1315,20,68,2,2
ITE00100554,407,1315,20,68,4,11
ASN00090015,417,1315,20,68,4,2
EIE00101859,920,1315,20,68,9,7
BE000006447,802,1315,20,68,8,4
ASN00090015,408,1315,20,68,4,2
UK000047811,824,1315,20,68,8,13
ASN00086071,915,1315,20,68,9,2
ASN00074128,503,1315,20,68,5,2
ASN00090015,1105,1315,20,68,11,2
ASN00090015,1104,1315,20,68,11,2
ITE00100550,927,1315,20,68,9,11
AGE00135039,515,1315,20,68,5,1
ASN00090015,425,1315,20,68,4,2
ASN00090015,123,1315,20,68,1,2
EIE00101859,629,1315,20,68,6,7
EIE00101859,928,1315,20,68,9,7
AGE00135039,1024,1315,20,68,10,1
ASN00086071,812,1315,20,68,8,2
EIE00101859,719,1315,20,68,7,7
GM000004204,413,1315,20,68,4,9
EIE00101859,721,1315,20,68,7,7
AGE00135039,1107,1315,20,68,11,1
AGE00135039,1130,1315,20,68,11,1
BE000006447,515,1315,20,68,5,4
AGE00135039,1102,1315,20,68,11,1
USC00288878,1101,1315,20,68,11,14
ASN00086071,1223,1315,20,68,12,2
CA006158350,812,1315,20,68,8,5
AGE00135039,422,1315,20,68,4,1
GM000004204,930,1315,20,68,9,9
ASN00090015,326,1315,20,68,3,2
EIE00101859,808,1315,20,68,8,7
ASN00090015,111,1315,20,68,1,2
AU000005901,927,1315,20,68,9,3
ASN00090015,910,1315,20,68,9,2
ASN00090015,1109,1315,20,68,11,2
CA006158350,628,1315,20,68,6,5
EIE00101859,717,1315,20,68,7,7
UK000047811,707,1315,20,68,7,13
BE000006447,603,1315,20,68,6,4
ASN00090015,1214,1315,20,68,12,2
GM000004204,919,1315,20,68,9,9
UK000056225,830,1315,20,68,8,13
ASN00090015,614,1315,20,68,6,2
UK000047811,830,1315,20,68,8,13
EIE00101859,1005,1315,20,68,10,7
ASN00090015,312,1315,20,68,3,2
UK000047811,727,1315,20,68,7,13
ASN00090015,211,1315,20,68,2,2
ASN00066062,110,1315,20,68,1,2
ASN00090015,1225,1315,20,68,12,2
ASN00090015,818,1315,20,68,8,2
EIE00101859,1003,1315,20,68,10,7
AGE00135039,503,1315,20,68,5,1
USC00288878,1005,1315,20,68,10,14
CA006148100,421,1315,20,68,4,5
USC00288878,1020,1315,20,68,10,14
BE000006447,524,1315,20,68,5,4
EZE00100082,904,1315,20,68,9,8
GM000004204,629,1315,20,68,6,9
ASN00066062,920,1315,20,68,9,2
GM000004204,607,1315,20,68,6,9
GM000004204,821,1315,20,68,8,9
EZE00100082,808,1315,20,68,8,8
GM000004204,423,1315,20,68,4,9
EZE00100082,928,1315,20,68,9,8
ASN00086071,621,1315,20,68,6,2
ASN00066062,622,1315,20,68,6,2
BE000006447,426,1315,20,68,4,4
ASN00066062,424,1315,20,68,4,2
AU000005901,807,1315,20,68,8,3
ASN00066062,421,1315,20,68,4,2
EZE00100082,807,1315,20,68,8,8
BE000006447,1001,1315,20,68,10,4
ASN00066062,403,1315,20,68,4,2
EZE00100082,930,1315,20,68,9,8
ASN00086071,527,1315,20,68,5,2
EZE00100082,413,1315,20,68,4,8
UK000056225,813,1315,20,68,8,13
BE000006447,1009,1315,20,68,10,4
AGE00135039,1108,1315,20,68,11,1
UK000056225,527,1315,20,68,5,13
UK000056225,602,1315,20,68,6,13
ASN00066062,1020,1315,20,68,10,2
UK000056225,530,1315,20,68,5,13
GM000004204,604,1315,20,69,6,9
BE000006447,513,1315,20,69,5,4
UK000056225,817,1315,20,69,8,13
ASN00066062,918,1315,20,69,9,2
AU000005901,606,1315,20,69,6,3
GME00125218,826,1315,20,69,8,10
GM000004204,701,1315,20,69,7,9
ASN00086071,226,1315,20,69,2,2
BE000006447,1002,1315,20,69,10,4
BE000006447,517,1315,20,69,5,4
BE000006447,506,1315,20,69,5,4
GME00125218,701,1315,20,69,7,10
GM000004204,617,1315,20,69,6,9
ASN00086071,115,1315,20,69,1,2
GM000004204,808,1315,20,69,8,9
AGE00135039,530,1315,20,69,5,1
ASN00086071,401,1315,20,69,4,2
GME00125218,531,1315,20,69,5,10
BE000006447,901,1315,20,69,9,4
GM000004204,814,1315,20,69,8,9
AGE00135039,1121,1315,20,69,11,1
AU000005901,924,1315,20,69,9,3
GME00125218,602,1315,20,69,6,10
ASN00086071,820,1315,20,69,8,2
GME00125218,617,1315,20,69,6,10
AU000005901,831,1315,20,69,8,3
ASN00086071,507,1315,20,69,5,2
ASN00066062,510,1315,20,69,5,2
GME00125218,425,1315,20,69,4,10
SZ000006717,828,1315,20,69,8,12
GM000004204,929,1315,20,69,9,9
AU000005901,919,1315,20,69,9,3
ITE00100550,605,1315,20,69,6,11
UK000056225,1003,1315,20,69,10,13
BE000006447,1004,1315,20,69,10,4
AGE00135039,421,1315,20,69,4,1
ASN00086071,1123,1315,20,69,11,2
GM000004204,507,1315,20,69,5,9
ASN00066062,1113,1315,20,69,11,2
AGE00135039,418,1315,20,69,4,1
AGE00135039,419,1315,20,69,4,1
AGE00135039,504,1315,20,69,5,1
GME00125218,710,1315,20,69,7,10
GME00125218,607,1315,20,69,6,10
AGE00135039,414,1315,20,69,4,1
BE000006447,823,1315,20,69,8,4
ASN00086071,225,1315,20,69,2,2
GM000004204,803,1315,20,69,8,9
GME00125218,821,1315,20,69,8,10
ASN00086071,106,1315,20,69,1,2
ASN00086071,1003,1315,20,69,10,2
AU000005901,1002,1315,20,69,10,3
ITE00100550,1011,1315,20,69,10,11
AU000005901,1012,1315,20,69,10,3
ASN00086071,319,1315,20,69,3,2
ASN00086071,103,1315,20,69,1,2
ITE00100550,415,1315,20,69,4,11
AGE00135039,519,1315,20,69,5,1
BE000006447,930,1315,20,69,9,4
GM000004204,422,1315,20,69,4,9
UK000056225,930,1315,20,69,9,13
GME00125218,817,1315,20,69,8,10
BE000006447,518,1315,20,69,5,4
CA006158350,610,1315,21,69,6,5
UK000047811,925,1315,21,69,9,13
UK000047811,611,1315,21,69,6,13
UK000047811,911,1315,21,69,9,13
ASN00090015,110,1315,21,69,1,2
EZE00100082,607,1315,21,69,6,8
CA006148100,927,1315,21,69,9,5
AU000005901,1003,1315,21,69,10,3
EIE00101859,628,1315,21,69,6,7
CA006148100,614,1315,21,69,6,5
AU000005901,609,1315,21,69,6,3
EZE00100082,1001,1315,21,69,10,8
CA006158350,928,1315,21,69,9,5
ASN00090015,622,1315,21,69,6,2
UK000047811,912,1315,21,69,9,13
UK000047811,916,1315,21,69,9,13
EZE00100082,513,1315,21,69,5,8
ASN00090015,623,1315,21,69,6,2
ASN00090015,621,1315,21,69,6,2
CA006148100,519,1315,21,69,5,5
UK000047811,520,1315,21,69,5,13
CA006158350,521,1315,21,69,5,5
ASN00074128,619,1315,21,69,6,2
CA006158350,921,1315,21,69,9,5
CA006148100,1010,1315,21,69,10,5
EZE00100082,420,1315,21,69,4,8
ASN00090015,219,1315,21,69,2,2
ASN00074128,526,1315,21,69,5,2
ASN00066062,430,1315,21,69,4,2
CA006148100,1009,1315,21,69,10,5
CA006158350,527,1315,21,69,5,5
CA006148100,622,1315,21,69,6,5
BE000006447,531,1315,21,69,5,4
ASN00090015,314,1315,21,69,3,2
CA006148100,925,1315,21,69,9,5
ASN00074128,529,1315,21,69,5,2
ITE00100550,1019,1315,21,69,10,11
ASN00090015,131,1315,21,69,1,2
UK000047811,713,1315,21,69,7,13
ASN00066062,1129,1315,21,69,11,2
UK000047811,720,1315,21,69,7,13
ASN00090015,124,1315,21,69,1,2
ASN00086071,201,1315,21,69,2,2
UK000047811,908,1315,21,69,9,13
ASN00066062,413,1315,21,69,4,2
CA006158350,828,1315,21,69,8,5
ASN00090015,201,1315,21,69,2,2
EIE00101859,715,1315,21,69,7,7
UK000047811,715,1315,21,69,7,13
GM000004204,820,1315,21,69,8,9
CA006158350,731,1315,21,69,7,5
UK000047811,716,1315,21,69,7,13
UK000047811,805,1315,21,69,8,13
CA006148100,908,1315,21,69,9,5
CA006148100,717,1315,21,69,7,5
BE000006447,806,1315,21,69,8,4
ASN00090015,208,1315,21,69,2,2
EIE00101859,415,1315,21,69,4,7
CA006158350,719,1315,21,69,7,5
ASN00090015,1124,1315,21,69,11,2
ASN00090015,116,1315,21,69,1,2
EZE00100082,830,1315,21,69,8,8
UK000047811,817,1315,21,69,8,13
UK000047811,807,1315,21,69,8,13
CA006148100,828,1315,21,69,8,5
UK000056225,729,1315,21,69,7,13
ASN00090015,210,1315,21,69,2,2
ASN00090015,418,1315,21,69,4,2
UK000047811,712,1315,21,69,7,13
EIE00101859,722,1315,21,69,7,7
UK000047811,903,1315,21,69,9,13
ASN00090015,122,1315,21,69,1,2
ASN00090015,1201,1315,21,69,12,2
EIE00101859,903,1315,21,69,9,7
EZE00100082,927,1315,21,69,9,8
EZE00100082,919,1315,21,69,9,8
ITE00100554,422,1315,21,69,4,11
ASN00066062,1029,1315,21,69,10,2
ASN00066062,1021,1315,21,69,10,2
EZE00100082,609,1315,21,69,6,8
UK000056225,718,1315,21,69,7,13
BE000006447,410,1315,21,69,4,4
ITE00100554,513,1315,21,69,5,11
ASN00086071,303,1315,21,69,3,2
UK000056225,812,1315,21,69,8,13
ITE00100554,519,1315,21,69,5,11
BE000006447,824,1315,21,69,8,4
EZE00100082,817,1315,21,69,8,8
ASN00086071,418,1315,21,69,4,2
AU000005901,503,1315,21,69,5,3
ITE00100554,1004,1315,21,69,10,11
BE000006447,702,1315,21,69,7,4
ASN00086071,305,1315,21,69,3,2
ASN00086071,220,1315,21,69,2,2
ASN00066062,1128,1315,21,69,11,2
BE000006447,519,1315,21,69,5,4
GME00125218,922,1315,21,69,9,10
AGE00135039,502,1315,21,69,5,1
GM000004204,710,1315,21,69,7,9
GM000004204,713,1315,21,69,7,9
ASN00066062,1018,1315,21,69,10,2
UK000056225,814,1315,21,69,8,13
GM000004204,420,1315,21,69,4,9
UK000056225,623,1315,21,69,6,13
BE000006447,815,1315,21,69,8,4
BE000006447,510,1315,21,69,5,4
UK000056225,924,1315,21,69,9,13
BE000006447,821,1315,21,69,8,4
UK000056225,526,1315,21,69,5,13
GME00125218,619,1315,21,70,6,10
AU000005901,702,1315,21,70,7,3
ASN00086071,301,1315,21,70,3,2
EZE00100082,503,1315,21,70,5,8
ITE00100550,406,1315,21,70,4,11
EZE00100082,822,1315,21,70,8,8
ASN00086071,1126,1315,21,70,11,2
GME00125218,921,1315,21,70,9,10
ITE00100554,928,1315,21,70,9,11
BE000006447,808,1315,21,70,8,4
ASN00066062,928,1315,21,70,9,2
BE000006447,816,1315,21,70,8,4
ASN00066062,830,1315,21,70,8,2
ASN00086071,320,1315,21,70,3,2
BE000006447,415,1315,21,70,4,4
ITE00100554,410,1315,21,70,4,11
ITE00100550,430,1315,21,70,4,11
BE000006447,922,1315,21,70,9,4
BE000006447,927,1315,21,70,9,4
BE000006447,819,1315,21,70,8,4
ASN00086071,826,1315,21,70,8,2
GM000004204,823,1315,21,70,8,9
GM000004204,526,1315,21,70,5,9
GM000004204,414,1315,21,70,4,9
GM000004204,807,1315,21,70,8,9
EZE00100082,826,1315,21,70,8,8
ASN00086071,118,1315,21,70,1,2
ASN00086071,307,1315,21,70,3,2
GM000004204,511,1315,21,70,5,9
ASN00086071,131,1315,21,70,1,2
AGE00135039,1111,1315,21,70,11,1
GM000004204,914,1315,21,70,9,9
GME00125218,508,1315,21,70,5,10
AGE00135039,1020,1315,21,70,10,1
EIE00101859,720,1315,21,70,7,7
USC00288878,919,1315,21,70,9,14
ASN00090015,222,1315,21,70,2,2
USC00288878,1016,1315,21,70,10,14
GME00125218,511,1315,21,70,5,10
CA006158350,909,1315,21,70,9,5
UK000047811,617,1315,21,70,6,13
ASN00074128,626,1315,21,70,6,2
EIE00101859,429,1315,21,70,4,7
CA006148100,909,1315,21,70,9,5
ASN00066062,512,1315,21,70,5,2
CA006158350,609,1315,21,70,6,5
ASN00086071,1027,1315,21,70,10,2
CA006148100,921,1315,21,70,9,5
AU000005901,928,1315,21,70,9,3
ASN00090015,1107,1315,21,70,11,2
CA006158350,920,1315,21,70,9,5
ASN00090015,415,1315,21,70,4,2
GME00125218,526,1315,21,70,5,10
UK000047811,913,1315,21,70,9,13
ASN00090015,330,1315,21,70,3,2
CA006158350,829,1315,21,70,8,5
ASN00090015,320,1315,21,70,3,2
ASN00086071,203,1315,21,70,2,2
ASN00086071,1122,1315,21,70,11,2
UK000047811,609,1315,21,70,6,13
EIE00101859,602,1315,21,70,6,7
ASN00090015,325,1315,21,70,3,2
ASN00090015,128,1315,21,70,1,2
ASN00090015,121,1315,21,70,1,2
CA006158350,721,1315,21,70,7,5
GM000004204,824,1315,21,70,8,9
ASN00090015,205,1315,21,70,2,2
ASN00086071,508,1315,21,70,5,2
CA006158350,605,1315,21,70,6,5
ASN00090015,301,1315,21,70,3,2
UK000056225,427,1315,21,70,4,13
EIE00101859,531,1315,21,70,5,7
EIE00101859,727,1315,21,70,7,7
ASN00090015,427,1315,21,70,4,2
USC00288878,1017,1315,21,70,10,14
CA006158350,1007,1315,21,70,10,5
ASN00090015,228,1315,21,70,2,2
CA006158350,924,1315,21,70,9,5
ASN00066062,201,1315,21,70,2,2
ASN00090015,107,1315,21,70,1,2
ASN00090015,226,1315,21,70,2,2
UK000047811,820,1315,21,70,8,13
ASN00090015,901,1315,21,70,9,2
EIE00101859,725,1315,21,70,7,7
EIE00101859,927,1315,21,70,9,7
ASN00090015,105,1315,21,70,1,2
USC00288878,1023,1315,21,70,10,14
ASN00090015,225,1315,21,70,2,2
ASN00090015,308,1315,21,70,3,2
EIE00101859,522,1315,21,70,5,7
ASN00090015,125,1315,21,70,1,2
UK000047811,917,1315,21,70,9,13
CA006158350,817,1315,21,70,8,5
ASN00090015,221,1315,21,70,2,2
UK000047811,622,1315,21,70,6,13
EIE00101859,422,1315,21,70,4,7
ASN00090015,115,1315,21,70,1,2
ASN00090015,113,1315,21,70,1,2
ASN00090015,130,1315,21,70,1,2
CA006158350,923,1315,21,70,9,5
USC00288878,1012,1315,21,70,10,14
ITE00100554,502,1315,21,70,5,11
ASN00090015,306,1315,21,70,3,2
ASN00090015,202,1315,21,70,2,2
USC00288878,1117,1315,21,70,11,14
GM000004204,918,1315,21,70,9,9
UK000056225,422,1315,21,70,4,13
ASN00090015,416,1315,21,70,4,2
ASN00090015,102,1315,21,70,1,2
EIE00101859,925,1315,21,70,9,7
BE000006447,514,1315,21,70,5,4
ASN00086071,423,1315,21,70,4,2
ASN00086071,207,1315,21,70,2,2
USC00288878,1002,1315,21,70,10,14
EIE00101859,707,1315,21,70,7,7
ASN00090015,403,1315,21,70,4,2
GME00125218,914,1315,21,70,9,10
GM000004204,603,1315,21,70,6,9
ASN00090015,106,1315,21,70,1,2
ASN00090015,1204,1315,21,70,12,2
ASN00086071,308,1315,21,70,3,2
BE000006447,604,1315,21,70,6,4
UK000056225,727,1315,21,70,7,13
ASN00066062,425,1315,21,70,4,2
ASN00066062,907,1315,21,70,9,2
ASN00086071,426,1315,21,70,4,2
ASN00066062,1014,1315,21,70,10,2
ASN00066062,220,1315,21,70,2,2
UK000056225,707,1315,21,70,7,13
BE000006447,925,1315,21,70,9,4
UK000056225,408,1315,21,70,4,13
UK000056225,618,1315,21,70,6,13
ASN00066062,1125,1315,21,70,11,2
ASN00086071,1210,1315,21,70,12,2
ASN00066062,831,1315,21,70,8,2
ASN00066062,1030,1315,21,70,10,2
ASN00086071,323,1315,21,70,3,2
BE000006447,825,1315,21,70,8,4
UK000056225,805,1315,21,70,8,13
GME00125218,923,1315,21,70,9,10
GM000004204,923,1315,21,70,9,9
AU000005901,607,1315,21,70,6,3
AU000005901,616,1315,21,70,6,3
UK000056225,719,1315,21,70,7,13
GME00125218,926,1315,21,70,9,10
UK000056225,825,1315,21,70,8,13
UK000056225,606,1315,21,70,6,13
ASN00066062,1025,1315,21,70,10,2
AU000005901,929,1315,21,70,9,3
ASN00086071,1228,1315,21,70,12,2
ASN00066062,916,1315,21,70,9,2
GME00125218,711,1315,21,70,7,10
BE000006447,919,1315,21,70,9,4
UK000056225,804,1315,21,70,8,13
ASN00086071,821,1315,21,70,8,2
UK000056225,706,1315,21,70,7,13
BE000006447,918,1315,21,70,9,4
BE000006447,502,1315,21,70,5,4
ITE00100550,1012,1315,21,70,10,11
ASN00086071,119,1315,21,70,1,2
AU000005901,518,1315,21,70,5,3
ASN00086071,107,1315,21,70,1,2
ASN00086071,105,1315,21,70,1,2
UK000056225,524,1315,21,70,5,13
GM000004204,513,1315,21,70,5,9
ITE00100554,414,1315,21,70,4,11
BE000006447,913,1315,21,70,9,4
UK000056225,823,1315,21,70,8,13
GM000004204,531,1315,21,70,5,9
BE000006447,912,1315,21,70,9,4
AU000005901,1019,1315,21,70,10,3
GM000004204,904,1315,21,70,9,9
BE000006447,525,1315,21,70,5,4
UK000056225,908,1315,21,71,9,13
AU000005901,413,1315,21,71,4,3
ASN00066062,331,1315,21,71,3,2
GME00125218,928,1315,21,71,9,10
GM000004204,610,1315,21,71,6,9
GM000004204,419,1315,21,71,4,9
EZE00100082,610,1315,21,71,6,8
AU000005901,820,1315,21,71,8,3
AU000005901,920,1315,21,71,9,3
UK000056225,821,1315,21,71,8,13
UK000056225,616,1315,21,71,6,13
GME00125218,603,1315,21,71,6,10
GM000004204,424,1315,21,71,4,9
GME00125218,823,1315,21,71,8,10
ASN00066062,427,1315,22,71,4,2
BE000006447,807,1315,22,71,8,4
GM000004204,619,1315,22,71,6,9
ASN00066062,112,1315,22,71,1,2
AGE00135039,501,1315,22,71,5,1
AGE00135039,1016,1315,22,71,10,1
ITE00100554,927,1315,22,71,9,11
ASN00066062,113,1315,22,71,1,2
EZE00100082,623,1315,22,71,6,8
AGE00135039,1124,1315,22,71,11,1
GME00125218,622,1315,22,71,6,10
AGE00135039,1030,1315,22,71,10,1
AGE00135039,1021,1315,22,71,10,1
AGE00135039,420,1315,22,71,4,1
AU000005901,918,1315,22,71,9,3
ITE00100550,1002,1315,22,71,10,11
EZE00100082,601,1315,22,71,6,8
AGE00135039,621,1315,22,71,6,1
AU000005901,826,1315,22,71,8,3
AGE00135039,508,1315,22,71,5,1
GME00125218,620,1315,22,71,6,10
ASN00086071,130,1315,22,71,1,2
AGE00135039,610,1315,22,71,6,1
ITE00100550,502,1315,22,71,5,11
AGE00135039,1026,1315,22,71,10,1
EZE00100082,511,1315,22,71,5,8
GM000004204,903,1315,22,71,9,9
BE000006447,728,1315,22,71,7,4
EZE00100082,914,1315,22,71,9,8
GM000004204,418,1315,22,71,4,9
AU000005901,915,1315,22,71,9,3
ASN00066062,402,1315,22,71,4,2
EZE00100082,525,1315,22,71,5,8
ASN00066062,1104,1315,22,71,11,2
UK000056225,425,1315,22,71,4,13
ITE00100554,524,1315,22,71,5,11
UK000056225,818,1315,22,71,8,13
ASN00066062,829,1315,22,71,8,2
AU000005901,817,1315,22,71,8,3
UK000056225,1002,1315,22,71,10,13
CA006148100,522,1315,22,71,5,5
ASN00074128,527,1315,22,71,5,2
ASN00090015,426,1315,22,71,4,2
CA006158350,1010,1315,22,71,10,5
ASN00074128,509,1315,22,71,5,2
ASN00066062,508,1315,22,71,5,2
UK000047811,605,1315,22,71,6,13
CA006158350,722,1315,22,71,7,5
USC00288878,824,1315,22,71,8,14
EIE00101859,523,1315,22,71,5,7
ASN00066062,312,1315,22,71,3,2
ASN00090015,129,1315,22,71,1,2
CA006148100,609,1315,22,71,6,5
EIE00101859,603,1315,22,71,6,7
CA006148100,816,1315,22,71,8,5
ASN00074128,513,1315,22,71,5,2
ASN00086071,306,1315,22,71,3,2
UK000047811,608,1315,22,71,6,13
UK000047811,724,1315,22,71,7,13
UK000056225,1001,1315,22,71,10,13
CA006158350,529,1315,22,71,5,5
EIE00101859,605,1315,22,71,6,7
CA006158350,520,1315,22,71,5,5
CA006148100,515,1315,22,71,5,5
UK000047811,821,1315,22,71,8,13
UK000047811,825,1315,22,71,8,13
UK000047811,826,1315,22,71,8,13
UK000047811,521,1315,22,71,5,13
ASN00066062,1211,1315,22,71,12,2
ASN00086071,1114,1315,22,71,11,2
BE000006447,902,1315,22,71,9,4
CA006158350,623,1315,22,71,6,5
ASN00086071,1115,1315,22,71,11,2
ASN00074128,624,1315,22,71,6,2
UK000047811,627,1315,22,71,6,13
UK000047811,904,1315,22,71,9,13
CA006148100,712,1315,22,71,7,5
UK000047811,918,1315,22,71,9,13
UK000047811,926,1315,22,71,9,13
UK000047811,909,1315,22,71,9,13
EIE00101859,706,1315,22,71,7,7
UK000047811,907,1315,22,71,9,13
UK000047811,901,1315,22,71,9,13
AGE00135039,1031,1315,22,71,10,1
CA006158350,622,1315,22,71,6,5
UK000047811,703,1315,22,71,7,13
CA006158350,702,1315,22,71,7,5
CA006158350,922,1315,22,71,9,5
UK000047811,910,1315,22,71,9,13
ASN00090015,1209,1315,22,71,12,2
ASN00086071,209,1315,22,71,2,2
CA006158350,925,1315,22,71,9,5
EIE00101859,423,1315,22,71,4,7
EIE00101859,926,1315,22,71,9,7
AU000005901,512,1315,22,71,5,3
ASN00086071,322,1315,22,71,3,2
AGE00135039,429,1315,22,71,4,1
UK000056225,716,1315,22,71,7,13
ITE00100550,423,1315,22,71,4,11
UK000056225,827,1315,22,71,8,13
BE000006447,822,1315,22,71,8,4
AU000005901,617,1315,22,71,6,3
BE000006447,628,1315,22,71,6,4
GME00125218,903,1315,22,71,9,10
GM000004204,425,1315,22,71,4,9
GM000004204,609,1315,22,71,6,9
GME00125218,704,1315,22,71,7,10
AU000005901,424,1315,22,71,4,3
ITE00100554,423,1315,22,71,4,11
AU000005901,930,1315,22,71,9,3
ASN00066062,1217,1315,22,71,12,2
UK000056225,528,1315,22,71,5,13
UK000056225,519,1315,22,71,5,13
UK000056225,421,1315,22,71,4,13
UK000056225,819,1315,22,71,8,13
ASN00086071,424,1315,22,71,4,2
UK000056225,603,1315,22,71,6,13
GME00125218,917,1315,22,71,9,10
ASN00086071,211,1315,22,71,2,2
BE000006447,826,1315,22,71,8,4
UK000056225,806,1315,22,71,8,13
ASN00086071,204,1315,22,71,2,2
ASN00066062,926,1315,22,71,9,2
ITE00100550,414,1315,22,71,4,11
GME00125218,803,1315,22,71,8,10
ASN00086071,122,1315,22,71,1,2
ITE00100550,929,1315,22,71,9,11
ITE00100550,420,1315,22,71,4,11
GME00125218,630,1315,22,71,6,10
UK000056225,820,1315,22,71,8,13
ITE00100550,930,1315,22,71,9,11
AU000005901,620,1315,22,71,6,3
ASN00066062,111,1315,22,71,1,2
UK000056225,918,1315,22,71,9,13
UK000056225,909,1315,22,71,9,13
ASN00066062,302,1315,22,72,3,2
UK000056225,722,1315,22,72,7,13
AGE00135039,1014,1315,22,72,10,1
UK000056225,504,1315,22,72,5,13
AGE00135039,1109,1315,22,72,11,1
AGE00135039,603,1315,22,72,6,1
GM000004204,620,1315,22,72,6,9
AGE00135039,609,1315,22,72,6,1
AGE00135039,601,1315,22,72,6,1
AGE00135039,620,1315,22,72,6,1
BE000006447,602,1315,22,72,6,4
EZE00100082,903,1315,22,72,9,8
AGE00135039,527,1315,22,72,5,1
GM000004204,711,1315,22,72,7,9
EZE00100082,604,1315,22,72,6,8
GME00125218,503,1315,22,72,5,10
AGE00135039,608,1315,22,72,6,1
AGE00135039,1110,1315,22,72,11,1
AGE00135039,1028,1315,22,72,10,1
ASN00066062,1227,1315,22,72,12,2
AU000005901,428,1315,22,72,4,3
AGE00135039,1012,1315,22,72,10,1
AU000005901,901,1315,22,72,9,3
AGE00135039,607,1315,22,72,6,1
AGE00135039,606,1315,22,72,6,1
AU000005901,623,1315,22,72,6,3
GME00125218,527,1315,22,72,5,10
GM000004204,926,1315,22,72,9,9
ASN00086071,124,1315,22,72,1,2
ASN00086071,1008,1315,22,72,10,2
GM000004204,927,1315,22,72,9,9
EZE00100082,825,1315,22,72,8,8
ASN00066062,428,1315,22,72,4,2
ASN00086071,1113,1315,22,72,11,2
UK000056225,916,1315,22,72,9,13
UK000056225,705,1315,22,72,7,13
EIE00101859,428,1315,22,72,4,7
ASN00090015,127,1315,22,72,1,2
ASN00066062,1023,1315,22,72,10,2
UK000047811,522,1315,22,72,5,13
BE000006447,730,1315,22,72,7,4
USC00288878,823,1315,22,72,8,14
ASN00086071,221,1315,22,72,2,2
CA006148100,529,1315,22,72,5,5
ASN00066062,410,1315,22,72,4,2
ASN00090015,1208,1315,22,72,12,2
CA006148100,621,1315,22,72,6,5
ASN00086071,111,1315,22,72,1,2
ASN00066062,404,1315,22,72,4,2
CA006158350,710,1315,22,72,7,5
CA006148100,821,1315,22,72,8,5
UK000047811,523,1315,22,72,5,13
CA006158350,530,1315,22,72,5,5
ASN00066062,209,1315,22,72,2,2
UK000047811,906,1315,22,72,9,13
ASN00090015,223,1315,22,72,2,2
EIE00101859,524,1315,22,72,5,7
ASN00066062,116,1315,22,72,1,2
UK000047811,705,1315,22,72,7,13
EIE00101859,424,1315,22,72,4,7
ASN00066062,307,1315,22,72,3,2
EZE00100082,704,1315,22,72,7,8
ASN00090015,307,1315,22,72,3,2
UK000047811,714,1315,22,72,7,13
UK000047811,613,1315,22,72,6,13
ASN00086071,926,1315,22,72,9,2
ASN00090015,1004,1315,22,72,10,2
ASN00090015,1212,1315,22,72,12,2
ASN00090015,101,1315,22,72,1,2
UK000047811,626,1315,22,72,6,13
BE000006447,608,1315,22,72,6,4
CA006158350,830,1315,22,72,8,5
EIE00101859,723,1315,22,72,7,7
BE000006447,928,1315,22,72,9,4
CA006158350,701,1315,22,72,7,5
CA006158350,827,1315,22,72,8,5
ASN00074128,623,1315,22,72,6,2
UK000047811,725,1315,22,72,7,13
CA006148100,708,1315,22,72,7,5
ASN00090015,1128,1315,22,72,11,2
EZE00100082,603,1315,22,72,6,8
ASN00086071,416,1315,22,72,4,2
USC00288878,1013,1315,22,72,10,14
EIE00101859,604,1315,22,72,6,7
ASN00090015,206,1315,22,72,2,2
UK000047811,604,1315,22,72,6,13
ASN00090015,1006,1315,22,72,10,2
USC00288878,923,1315,22,72,9,14
UK000047811,915,1315,22,72,9,13
CA006148100,520,1315,22,72,5,5
ITE00100550,418,1315,22,72,4,11
GME00125218,814,1315,22,72,8,10
ASN00086071,117,1315,22,72,1,2
BE000006447,507,1315,22,72,5,4
GME00125218,520,1315,22,72,5,10
ASN00066062,1208,1315,22,72,12,2
AU000005901,1001,1315,22,72,10,3
AU000005901,815,1315,22,72,8,3
ASN00066062,306,1315,22,72,3,2
GME00125218,927,1315,22,72,9,10
AU000005901,605,1315,22,72,6,3
UK000056225,728,1315,22,72,7,13
ASN00066062,1206,1315,22,72,12,2
AU000005901,414,1315,22,72,4,3
GME00125218,729,1315,22,72,7,10
ITE00100554,1003,1315,22,72,10,11
ASN00066062,211,1315,22,72,2,2
ASN00086071,316,1315,22,72,3,2
ASN00086071,916,1315,22,72,9,2
ITE00100550,521,1315,22,72,5,11
GM000004204,815,1315,22,72,8,9
ASN00066062,309,1315,22,72,3,2
ITE00100550,926,1315,22,72,9,11
ASN00086071,217,1315,22,72,2,2
ASN00066062,1212,1315,22,72,12,2
ITE00100550,417,1315,22,72,4,11
BE000006447,416,1315,22,72,4,4
ASN00066062,1105,1315,22,72,11,2
GM000004204,622,1315,22,72,6,9
ASN00066062,308,1315,22,72,3,2
GM000004204,503,1315,22,72,5,9
UK000056225,609,1315,22,72,6,13
ITE00100550,410,1315,22,72,4,11
ASN00066062,826,1315,22,72,8,2
ASN00066062,1008,1315,22,72,10,2
BE000006447,724,1315,22,72,7,4
ITE00100554,412,1315,22,72,4,11
ASN00066062,1106,1315,22,72,11,2
UK000056225,612,1315,22,72,6,13
UK000056225,831,1315,22,72,8,13
ASN00066062,924,1315,22,72,9,2
GM000004204,826,1315,22,72,8,9
AGE00135039,617,1315,22,72,6,1
AGE00135039,531,1315,22,72,5,1
ASN00066062,1204,1315,22,72,12,2
UK000056225,917,1315,22,72,9,13
AGE00135039,510,1315,22,72,5,1
AGE00135039,602,1315,22,72,6,1
AGE00135039,529,1315,22,72,5,1
UK000056225,904,1315,22,72,9,13
AU000005901,703,1315,22,72,7,3
ITE00100550,512,1315,22,72,5,11
GM000004204,704,1315,22,72,7,9
ITE00100550,807,1315,22,72,8,11
UK000056225,925,1315,22,72,9,13
ITE00100550,518,1315,22,72,5,11
GME00125218,810,1315,22,72,8,10
GM000004204,911,1315,22,72,9,9
AU000005901,629,1315,22,72,6,3
ASN00066062,1022,1315,23,73,10,2
UK000056225,720,1315,23,73,7,13
BE000006447,729,1315,23,73,7,4
GME00125218,623,1315,23,73,6,10
ASN00066062,1115,1315,23,73,11,2
ASN00066062,414,1315,23,73,4,2
EZE00100082,814,1315,23,73,8,8
BE000006447,509,1315,23,73,5,4
AU000005901,818,1315,23,73,8,3
ITE00100554,501,1315,23,73,5,11
ITE00100554,930,1315,23,73,9,11
BE000006447,809,1315,23,73,8,4
ASN00086071,315,1315,23,73,3,2
BE000006447,601,1315,23,73,6,4
BE000006447,605,1315,23,73,6,4
BE000006447,427,1315,23,73,4,4
EZE00100082,710,1315,23,73,7,8
EZE00100082,917,1315,23,73,9,8
BE000006447,921,1315,23,73,9,4
BE000006447,419,1315,23,73,4,4
ASN00086071,1215,1315,23,73,12,2
UK000056225,708,1315,23,73,7,13
BE000006447,920,1315,23,73,9,4
ASN00066062,1117,1315,23,73,11,2
ASN00086071,126,1315,23,73,1,2
EIE00101859,703,1315,23,73,7,7
UK000047811,630,1315,23,73,6,13
CA006148100,812,1315,23,73,8,5
ASN00090015,321,1315,23,73,3,2
GM000004204,630,1315,23,73,6,9
EIE00101859,724,1315,23,73,7,7
CA006148100,829,1315,23,73,8,5
ASN00066062,130,1315,23,73,1,2
EIE00101859,630,1315,23,73,6,7
ASN00066062,821,1315,23,73,8,2
CA006158350,516,1315,23,73,5,5
BE000006447,814,1315,23,73,8,4
CA006148100,928,1315,23,73,9,5
UK000047811,606,1315,23,73,6,13
ASN00066062,419,1315,23,73,4,2
EZE00100082,815,1315,23,73,8,8
EIE00101859,425,1315,23,73,4,7
ASN00066062,1028,1315,23,73,10,2
CA006158350,717,1315,23,73,7,5
AU000005901,625,1315,23,73,6,3
ASN00066062,325,1315,23,73,3,2
BE000006447,926,1315,23,73,9,4
ASN00090015,329,1315,23,73,3,2
ASN00090015,310,1315,23,73,3,2
ASN00090015,1231,1315,23,73,12,2
BE000006447,607,1315,23,73,6,4
EIE00101859,625,1315,23,73,6,7
ASN00066062,1226,1315,23,73,12,2
EIE00101859,606,1315,23,73,6,7
ASN00090015,1025,1315,23,73,10,2
ASN00066062,1031,1315,23,73,10,2
CA006158350,705,1315,23,73,7,5
GM000004204,921,1315,23,73,9,9
CA006148100,710,1315,23,73,7,5
GME00125218,731,1315,23,73,7,10
UK000047811,706,1315,23,73,7,13
CA006148100,922,1315,23,73,9,5
GM000004204,527,1315,23,73,5,9
ASN00066062,422,1315,23,73,4,2
ASN00090015,1226,1315,23,73,12,2
USC00288878,918,1315,23,73,9,14
BE000006447,903,1315,23,73,9,4
AU000005901,903,1315,23,73,9,3
GM000004204,729,1315,23,73,7,9
ASN00066062,923,1315,23,73,9,2
ASN00066062,1207,1315,23,73,12,2
CA006148100,530,1315,23,73,5,5
EIE00101859,726,1315,23,73,7,7
CA006158350,709,1315,23,73,7,5
CA006158350,929,1315,23,73,9,5
CA006158350,712,1315,23,73,7,5
UK000047811,905,1315,23,73,9,13
ASN00090015,303,1315,23,73,3,2
CA006158350,603,1315,23,73,6,5
BE000006447,503,1315,23,73,5,4
UK000056225,713,1315,23,73,7,13
ITE00100554,1001,1315,23,73,10,11
BE000006447,820,1315,23,73,8,4
GM000004204,928,1315,23,73,9,9
BE000006447,915,1315,23,73,9,4
GM000004204,922,1315,23,73,9,9
BE000006447,620,1315,23,73,6,4
ITE00100550,1001,1315,23,73,10,11
ASN00066062,202,1315,23,73,2,2
AGE00135039,929,1315,23,73,9,1
GME00125218,802,1315,23,73,8,10
ITE00100550,501,1315,23,73,5,11
UK000056225,905,1315,23,73,9,13
BE000006447,504,1315,23,73,5,4
AGE00135039,1019,1315,23,73,10,1
GME00125218,829,1315,23,73,8,10
AGE00135039,1011,1315,23,73,10,1
BE000006447,418,1315,23,73,4,4
EZE00100082,821,1315,23,73,8,8
GME00125218,911,1315,23,73,9,10
AGE00135039,1018,1315,23,73,10,1
AU000005901,804,1315,23,73,8,3
AGE00135039,1125,1315,23,73,11,1
AGE00135039,612,1315,23,73,6,1
BE000006447,420,1315,23,73,4,4
UK000056225,624,1315,23,73,6,13
AU000005901,712,1315,23,73,7,3
AGE00135039,1027,1315,23,73,10,1
ITE00100554,413,1315,23,73,4,11
GM000004204,816,1315,23,73,8,9
BE000006447,914,1315,23,73,9,4
GM000004204,728,1315,23,73,7,9
EZE00100082,711,1315,23,73,7,8
AGE00135039,616,1315,23,73,6,1
AGE00135039,1017,1315,23,73,10,1
AGE00135039,615,1315,23,73,6,1
UK000056225,826,1315,23,73,8,13
ITE00100554,506,1315,23,74,5,11
UK000056225,808,1315,23,74,8,13
BE000006447,422,1315,23,74,4,4
ITE00100554,512,1315,23,74,5,11
ASN00066062,1118,1315,23,74,11,2
ASN00066062,922,1315,23,74,9,2
GME00125218,510,1315,23,74,5,10
AU000005901,425,1315,23,74,4,3
ITE00100554,929,1315,23,74,9,11
BE000006447,725,1315,23,74,7,4
ASN00066062,1011,1315,23,74,10,2
ASN00066062,212,1315,23,74,2,2
ASN00066062,103,1315,23,74,1,2
ASN00086071,128,1315,23,74,1,2
AGE00135039,622,1315,23,74,6,1
ASN00066062,221,1315,23,74,2,2
ASN00066062,208,1315,23,74,2,2
ASN00086071,1030,1315,23,74,10,2
EIE00101859,427,1315,23,74,4,7
EZE00100082,414,1315,23,74,4,8
EZE00100082,425,1315,23,74,4,8
EIE00101859,426,1315,23,74,4,7
ASN00066062,311,1315,23,74,3,2
ASN00090015,404,1315,23,74,4,2
ASN00066062,321,1315,23,74,3,2
ASN00086071,321,1315,23,74,3,2
CA006158350,813,1315,23,74,8,5
ASN00066062,925,1315,23,74,9,2
CA006158350,916,1315,23,74,9,5
ASN00090015,1121,1315,23,74,11,2
CA006158350,816,1315,23,74,8,5
GM000004204,623,1315,23,74,6,9
ASN00090015,1205,1315,23,74,12,2
ASN00090015,1213,1315,23,74,12,2
CA006148100,608,1315,23,74,6,5
CA006158350,621,1315,23,74,6,5
ASN00066062,1126,1315,23,74,11,2
UK000047811,902,1315,23,74,9,13
CA006158350,517,1315,23,74,5,5
ASN00086071,1009,1315,23,74,10,2
ASN00086071,1220,1315,23,74,12,2
USC00288878,1007,1315,23,74,10,14
EIE00101859,704,1315,23,74,7,7
ITE00100554,1002,1315,23,74,10,11
ASN00090015,1229,1315,23,74,12,2
UK000047811,704,1315,23,74,7,13
USC00288878,920,1315,23,74,9,14
AU000005901,904,1315,23,74,9,3
CA006158350,606,1315,23,74,6,5
ASN00086071,1108,1315,23,74,11,2
CA006158350,818,1315,23,74,8,5
CA006148100,825,1315,23,74,8,5
UK000047811,702,1315,23,74,7,13
ASN00086071,1231,1315,23,74,12,2
UK000047811,723,1315,23,74,7,13
BE000006447,723,1315,23,74,7,4
ASN00086071,116,1315,23,74,1,2
UK000047811,722,1315,23,74,7,13
BE000006447,722,1315,23,74,7,4
EZE00100082,701,1315,23,74,7,8
CA006148100,721,1315,23,74,7,5
ASN00066062,213,1315,23,74,2,2
CA006148100,929,1315,23,74,9,5
EIE00101859,702,1315,23,74,7,7
ASN00090015,309,1315,23,74,3,2
ASN00090015,1207,1315,23,74,12,2
AGE00135039,819,1315,23,74,8,1
EZE00100082,824,1315,23,74,8,8
ASN00086071,309,1315,23,74,3,2
GM000004204,802,1315,23,74,8,9
ASN00066062,1205,1315,23,74,12,2
UK000056225,522,1315,23,74,5,13
ITE00100550,508,1315,23,74,5,11
ITE00100550,411,1315,23,74,4,11
AU000005901,823,1315,23,74,8,3
ITE00100550,413,1315,23,74,4,11
ASN00066062,1024,1315,23,74,10,2
ITE00100550,516,1315,23,74,5,11
UK000056225,521,1315,23,74,5,13
BE000006447,526,1315,23,74,5,4
BE000006447,424,1315,23,74,4,4
ASN00066062,1110,1315,23,74,11,2
ITE00100550,507,1315,23,74,5,11
BE000006447,520,1315,23,74,5,4
BE000006447,813,1315,23,74,8,4
ASN00066062,1107,1315,24,74,11,2
AGE00135039,614,1315,24,74,6,1
AGE00135039,613,1315,24,74,6,1
ASN00086071,125,1315,24,74,1,2
UK000056225,604,1315,24,74,6,13
BE000006447,421,1315,24,74,4,4
AGE00135039,1005,1315,24,74,10,1
AGE00135039,623,1315,24,74,6,1
ITE00100550,421,1315,24,74,4,11
GM000004204,508,1315,24,74,5,9
ITE00100554,831,1315,24,74,8,11
GME00125218,514,1315,24,74,5,10
ITE00100554,514,1315,24,74,5,11
AGE00135039,1013,1315,24,74,10,1
ITE00100550,616,1315,24,74,6,11
GM000004204,801,1315,24,74,8,9
AGE00135039,624,1315,24,74,6,1
AGE00135039,506,1315,24,74,5,1
AGE00135039,1007,1315,24,74,10,1
AGE00135039,1006,1315,24,74,10,1
ITE00100550,617,1315,24,74,6,11
AU000005901,905,1315,24,74,9,3
UK000056225,426,1315,24,74,4,13
EZE00100082,905,1315,24,74,9,8
GM000004204,731,1315,24,74,7,9
GME00125218,827,1315,24,74,8,10
BE000006447,910,1315,24,74,9,4
GM000004204,810,1315,24,74,8,9
EZE00100082,810,1315,24,74,8,8
BE000006447,528,1315,24,74,5,4
UK000056225,910,1315,24,74,9,13
EZE00100082,816,1315,24,74,8,8
UK000056225,525,1315,24,74,5,13
UK000056225,614,1315,24,74,6,13
EZE00100082,514,1315,24,74,5,8
ASN00066062,1026,1315,24,75,10,2
BE000006447,731,1315,24,75,7,4
ASN00066062,408,1315,24,75,4,2
BE000006447,606,1315,24,75,6,4
ASN00086071,1201,1315,24,75,12,2
BE000006447,909,1315,24,75,9,4
BE000006447,505,1315,24,75,5,4
ASN00086071,901,1315,24,75,9,2
ASN00086071,1014,1315,24,75,10,2
UK000056225,613,1315,24,75,6,13
ASN00066062,1109,1315,24,75,11,2
GM000004204,917,1315,24,75,9,9
AU000005901,525,1315,24,75,5,3
GME00125218,816,1315,24,75,8,10
UK000056225,911,1315,24,75,9,13
EZE00100082,531,1315,24,75,5,8
ASN00066062,827,1315,24,75,8,2
AU000005901,622,1315,24,75,6,3
AU000005901,809,1315,24,75,8,3
BE000006447,622,1315,24,75,6,4
UK000056225,605,1315,24,75,6,13
GME00125218,815,1315,24,75,8,10
EZE00100082,508,1315,24,75,5,8
ITE00100550,416,1315,24,75,4,11
BE000006447,703,1315,24,75,7,4
AGE00135039,1023,1315,24,75,10,1
ITE00100554,429,1315,24,75,4,11
ASN00090015,1110,1315,24,75,11,2
EZE00100082,827,1315,24,75,8,8
CA006158350,626,1315,24,75,6,5
ASN00066062,219,1315,24,75,2,2
CA006158350,729,1315,24,75,7,5
EIE00101859,627,1315,24,75,6,7
AU000005901,827,1315,24,75,8,3
CA006158350,801,1315,24,75,8,5
ASN00090015,1230,1315,24,75,12,2
ASN00066062,217,1315,24,75,2,2
BE000006447,709,1315,24,75,7,4
UK000047811,914,1315,24,75,9,13
ASN00090015,1129,1315,24,75,11,2
CA006148100,701,1315,24,75,7,5
CA006158350,703,1315,24,75,7,5
UK000047811,701,1315,24,75,7,13
UK000056225,902,1315,24,75,9,13
ASN00090015,1026,1315,24,75,10,2
CA006148100,724,1315,24,75,7,5
ASN00090015,407,1315,24,75,4,2
CA006148100,810,1315,24,75,8,5
ASN00090015,126,1315,24,75,1,2
CA006158350,804,1315,24,75,8,5
ASN00066062,1108,1315,24,75,11,2
EIE00101859,610,1315,24,75,6,7
UK000047811,616,1315,24,75,6,13
CA006158350,724,1315,24,75,7,5
CA006148100,804,1315,24,75,8,5
ASN00090015,227,1315,24,75,2,2
EIE00101859,608,1315,24,75,6,7
CA006158350,608,1315,24,75,6,5
EIE00101859,623,1315,24,75,6,7
CA006158350,807,1315,24,75,8,5
ASN00086071,101,1315,24,75,1,2
CA006148100,915,1315,24,75,9,5
ASN00066062,125,1315,24,75,1,2
ASN00074128,622,1315,24,75,6,2
ASN00086071,427,1315,24,75,4,2
ASN00066062,320,1315,24,75,3,2
CA006148100,817,1315,24,75,8,5
CA006148100,613,1315,24,75,6,5
CA006148100,918,1315,24,75,9,5
ASN00074128,621,1315,24,75,6,2
ASN00090015,405,1315,24,75,4,2
CA006148100,808,1315,24,75,8,5
AU000005901,601,1315,24,75,6,3
AU000005901,527,1315,24,75,5,3
AGE00135039,1010,1315,24,75,10,1
ITE00100554,926,1315,24,75,9,11
UK000056225,701,1315,24,75,7,13
ITE00100550,604,1315,24,75,6,11
ITE00100550,924,1315,24,75,9,11
AU000005901,415,1315,24,75,4,3
AU000005901,914,1315,24,75,9,3
BE000006447,811,1315,24,75,8,4
ITE00100550,506,1315,24,75,5,11
BE000006447,423,1315,24,75,4,4
ITE00100550,925,1315,24,75,9,11
ASN00066062,210,1315,24,75,2,2
ASN00066062,123,1315,24,75,1,2
GM000004204,506,1315,24,75,5,9
AU000005901,621,1315,24,75,6,3
ASN00066062,1224,1315,24,75,12,2
UK000056225,626,1315,24,75,6,13
AU000005901,824,1315,24,75,8,3
ASN00086071,218,1315,24,75,2,2
ASN00066062,106,1315,24,75,1,2
ASN00066062,124,1315,24,75,1,2
ITE00100550,524,1315,24,75,5,11
AU000005901,513,1315,24,75,5,3
BE000006447,713,1315,24,76,7,4
ITE00100554,411,1315,24,76,4,11
BE000006447,812,1315,24,76,8,4
BE000006447,707,1315,24,76,7,4
EZE00100082,506,1315,24,76,5,8
UK000056225,702,1315,24,76,7,13
UK000056225,919,1315,24,76,9,13
ASN00066062,319,1315,24,76,3,2
ASN00066062,118,1315,24,76,1,2
ASN00066062,104,1315,24,76,1,2
UK000056225,912,1315,24,76,9,13
BE000006447,916,1315,24,76,9,4
AU000005901,808,1315,24,76,8,3
ASN00086071,920,1315,24,76,9,2
ASN00066062,416,1315,24,76,4,2
ASN00086071,110,1315,24,76,1,2
AU000005901,507,1315,24,76,5,3
AGE00135039,928,1315,24,76,9,1
UK000056225,906,1315,24,76,9,13
AU000005901,704,1315,24,76,7,3
BE000006447,904,1315,24,76,9,4
ASN00086071,1116,1315,24,76,11,2
ITE00100550,419,1315,24,76,4,11
EZE00100082,527,1315,24,76,5,8
ITE00100554,428,1315,24,76,4,11
GME00125218,529,1315,24,76,5,10
ASN00066062,1213,1315,24,76,12,2
ASN00066062,822,1315,24,76,8,2
UK000056225,901,1315,24,76,9,13
ASN00086071,417,1315,24,76,4,2
CA006158350,821,1315,24,76,8,5
CA006148100,725,1315,24,76,7,5
ASN00066062,120,1315,24,76,1,2
CA006158350,808,1315,24,76,8,5
BE000006447,726,1315,24,76,7,4
CA006148100,818,1315,24,76,8,5
CA006148100,807,1315,24,76,8,5
CA006158350,825,1315,24,76,8,5
ASN00090015,327,1315,24,76,3,2
CA006158350,720,1315,24,76,7,5
CA006148100,623,1315,24,76,6,5
CA006148100,916,1315,24,76,9,5
GM000004204,514,1315,24,76,5,9
UK000047811,619,1315,24,76,6,13
ASN00090015,920,1315,24,76,9,2
CA006158350,616,1315,24,76,6,5
CA006148100,923,1315,24,76,9,5
AU000005901,504,1315,24,76,5,3
EIE00101859,611,1315,24,76,6,7
USC00288878,927,1315,24,76,9,14
ASN00066062,1001,1315,24,76,10,2
ITE00100554,503,1315,24,76,5,11
EIE00101859,607,1315,24,76,6,7
ITE00100554,605,1315,24,76,6,11
USC00288878,1008,1315,24,76,10,14
ASN00086071,1221,1315,24,76,12,2
ITE00100550,511,1315,24,76,5,11
USC00288878,1011,1315,24,76,10,14
BE000006447,522,1315,24,76,5,4
EIE00101859,624,1315,24,76,6,7
ITE00100550,913,1315,24,76,9,11
CA006148100,620,1315,24,76,6,5
ASN00090015,419,1315,24,76,4,2
CA006148100,718,1315,24,76,7,5
ITE00100550,831,1315,24,76,8,11
AU000005901,714,1315,24,76,7,3
CA006158350,711,1315,24,76,7,5
CA006148100,711,1315,24,76,7,5
ASN00066062,1209,1315,24,76,12,2
ASN00066062,1210,1315,24,76,12,2
BE000006447,508,1315,24,76,5,4
ASN00090015,212,1315,24,76,2,2
ASN00066062,417,1315,24,76,4,2
ITE00100550,505,1315,24,76,5,11
ASN00066062,418,1315,24,76,4,2
USC00288878,909,1315,24,76,9,14
CA006158350,630,1315,24,76,6,5
EIE00101859,701,1315,24,76,7,7
CA006158350,910,1315,24,76,9,5
BE000006447,917,1315,24,76,9,4
ASN00066062,327,1315,24,76,3,2
GM000004204,602,1315,24,76,6,9
ITE00100550,412,1315,24,76,4,11
AU000005901,603,1315,24,76,6,3
AGE00135039,1003,1315,24,76,10,1
AU000005901,821,1315,24,76,8,3
AGE00135039,1002,1315,24,76,10,1
EZE00100082,504,1315,24,76,5,8
ASN00086071,1119,1315,24,76,11,2
ASN00066062,326,1315,24,76,3,2
ASN00086071,1016,1315,24,76,10,2
EZE00100082,509,1315,25,76,5,8
ITE00100550,503,1315,25,76,5,11
AU000005901,511,1315,25,76,5,3
ITE00100550,923,1315,25,76,9,11
ASN00066062,322,1315,25,76,3,2
ASN00066062,1225,1315,25,76,12,2
AU000005901,426,1315,25,76,4,3
ITE00100554,416,1315,25,76,4,11
UK000056225,704,1315,25,76,7,13
ASN00086071,1130,1315,25,76,11,2
ITE00100550,523,1315,25,76,5,11
EZE00100082,624,1315,25,76,6,8
ASN00066062,1218,1315,25,76,12,2
ASN00066062,1216,1315,25,76,12,2
ASN00066062,1111,1315,25,76,11,2
ASN00066062,1127,1315,25,76,11,2
ASN00066062,101,1315,25,76,1,2
BE000006447,417,1315,25,76,4,4
ASN00066062,126,1315,25,76,1,2
UK000056225,926,1315,25,76,9,13
ITE00100554,516,1315,25,76,5,11
EZE00100082,729,1315,25,76,7,8
EZE00100082,723,1315,25,76,7,8
ITE00100550,613,1315,25,77,6,11
AU000005901,602,1315,25,77,6,3
AU000005901,701,1315,25,77,7,3
ASN00086071,223,1315,25,77,2,2
ASN00066062,420,1315,25,77,4,2
ASN00066062,218,1315,25,77,2,2
AU000005901,723,1315,25,77,7,3
GM000004204,827,1315,25,77,8,9
ITE00100550,429,1315,25,77,4,11
GM000004204,504,1315,25,77,5,9
BE000006447,629,1315,25,77,6,4
GME00125218,506,1315,25,77,5,10
ITE00100550,515,1315,25,77,5,11
GME00125218,905,1315,25,77,9,10
ITE00100554,604,1315,25,77,6,11
ASN00086071,420,1315,25,77,4,2
EZE00100082,714,1315,25,77,7,8
ASN00066062,222,1315,25,77,2,2
UK000056225,714,1315,25,77,7,13
ITE00100550,428,1315,25,77,4,11
UK000056225,913,1315,25,77,9,13
ASN00086071,302,1315,25,77,3,2
CA006158350,611,1315,25,77,6,5
BE000006447,610,1315,25,77,6,4
EIE00101859,613,1315,25,77,6,7
AU000005901,610,1315,25,77,6,3
AU000005901,604,1315,25,77,6,3
EIE00101859,609,1315,25,77,6,7
BE000006447,609,1315,25,77,6,4
UK000047811,607,1315,25,77,6,13
CA006148100,826,1315,25,77,8,5
GM000004204,529,1315,25,77,5,9
AGE00135039,912,1315,25,77,9,1
CA006158350,912,1315,25,77,9,5
ASN00066062,910,1315,25,77,9,2
UK000047811,618,1315,25,77,6,13
CA006148100,703,1315,25,77,7,5
BE000006447,621,1315,25,77,6,4
AU000005901,825,1315,25,77,8,3
CA006158350,820,1315,25,77,8,5
ASN00066062,1121,1315,25,77,11,2
CA006158350,814,1315,25,77,8,5
CA006148100,809,1315,25,77,8,5
CA006148100,731,1315,25,77,7,5
CA006148100,901,1315,25,77,9,5
AGE00135039,902,1315,25,77,9,1
CA006148100,726,1315,25,77,7,5
AGE00135039,904,1315,25,77,9,1
CA006148100,722,1315,25,77,7,5
CA006148100,720,1315,25,77,7,5
GM000004204,905,1315,25,77,9,9
AGE00135039,906,1315,25,77,9,1
USC00288878,712,1315,25,77,7,14
CA006158350,906,1315,25,77,9,5
BE000006447,708,1315,25,77,7,4
GME00125218,706,1315,25,77,7,10
CA006158350,706,1315,25,77,7,5
AGE00135039,706,1315,25,77,7,1
CA006148100,704,1315,25,77,7,5
AGE00135039,704,1315,25,77,7,1
ITE00100550,510,1315,25,77,5,11
CA006148100,630,1315,25,77,6,5
AGE00135039,626,1315,25,77,6,1
AGE00135039,619,1315,25,77,6,1
AGE00135039,915,1315,25,77,9,1
EIE00101859,705,1315,25,77,7,7
ASN00086071,1004,1315,25,77,10,2
AGE00135039,921,1315,25,77,9,1
ASN00066062,1015,1315,25,77,10,2
EZE00100082,505,1315,25,77,5,8
ASN00066062,214,1315,25,77,2,2
ASN00066062,1004,1315,25,77,10,2
AGE00135039,927,1315,25,77,9,1
AGE00135039,922,1315,25,77,9,1
ITE00100550,424,1315,25,77,4,11
AGE00135039,930,1315,25,77,9,1
ASN00066062,204,1315,25,77,2,2
AGE00135039,1004,1315,25,77,10,1
ASN00066062,310,1315,25,77,3,2
ASN00066062,405,1315,25,77,4,2
ASN00086071,1204,1315,25,77,12,2
UK000056225,721,1315,25,77,7,13
ASN00066062,911,1315,25,77,9,2
UK000056225,903,1315,25,77,9,13
AU000005901,810,1315,25,77,8,3
GM000004204,510,1315,25,77,5,9
GM000004204,730,1315,25,77,7,9
ASN00086071,1212,1315,25,77,12,2
ITE00100554,507,1315,25,77,5,11
ASN00066062,1114,1315,25,77,11,2
UK000056225,619,1315,25,77,6,13
UK000056225,627,1315,25,77,6,13
UK000056225,607,1315,25,77,6,13
ITE00100554,511,1315,25,77,5,11
EZE00100082,801,1315,25,77,8,8
ASN00066062,328,1315,25,77,3,2
ASN00066062,1230,1315,25,77,12,2
BE000006447,720,1315,25,77,7,4
ASN00066062,301,1315,25,77,3,2
ITE00100554,925,1315,25,77,9,11
UK000056225,608,1315,25,78,6,13
ITE00100554,418,1315,25,78,4,11
BE000006447,521,1315,25,78,5,4
BE000006447,906,1315,25,78,9,4
BE000006447,529,1315,25,78,5,4
GME00125218,714,1315,25,78,7,10
GME00125218,504,1315,25,78,5,10
GME00125218,515,1315,25,78,5,10
AU000005901,802,1315,25,78,8,3
AU000005901,803,1315,25,78,8,3
ASN00066062,205,1315,25,78,2,2
UK000056225,915,1315,25,78,9,13
ASN00066062,215,1315,25,78,2,2
BE000006447,727,1315,25,78,7,4
ASN00066062,329,1315,25,78,3,2
ITE00100554,613,1315,25,78,6,11
AU000005901,509,1315,25,78,5,3
EZE00100082,520,1315,25,78,5,8
ITE00100550,427,1315,25,78,4,11
GME00125218,509,1315,25,78,5,10
BE000006447,527,1315,25,78,5,4
ITE00100554,505,1315,25,78,5,11
ITE00100554,424,1315,25,78,4,11
ITE00100554,419,1315,25,78,4,11
ITE00100554,510,1315,25,78,5,11
GM000004204,520,1315,26,78,5,9
ASN00086071,313,1315,26,78,3,2
ASN00086071,1224,1315,26,78,12,2
AU000005901,711,1315,26,78,7,3
AU000005901,516,1315,26,78,5,3
ASN00066062,1228,1315,26,78,12,2
BE000006447,721,1315,26,78,7,4
AGE00135039,727,1315,26,78,7,1
BE000006447,718,1315,26,78,7,4
AGE00135039,905,1315,26,78,9,1
AGE00135039,913,1315,26,78,9,1
AGE00135039,918,1315,26,78,9,1
ASN00086071,425,1315,26,78,4,2
AU000005901,520,1315,26,78,5,3
AGE00135039,705,1315,26,78,7,1
AGE00135039,914,1315,26,78,9,1
AGE00135039,926,1315,26,78,9,1
GM000004204,515,1315,26,78,5,9
AGE00135039,920,1315,26,78,9,1
AGE00135039,923,1315,26,78,9,1
AGE00135039,916,1315,26,78,9,1
ASN00066062,127,1315,26,78,1,2
GME00125218,705,1315,26,78,7,10
AU000005901,624,1315,26,78,6,3
CA006158350,901,1315,26,78,9,5
ASN00090015,103,1315,26,78,1,2
USC00288878,1006,1315,26,78,10,14
AU000005901,822,1315,26,78,8,3
CA006158350,723,1315,26,78,7,5
USC00288878,1009,1315,26,78,10,14
CA006158350,809,1315,26,78,8,5
CA006158350,915,1315,26,78,9,5
CA006158350,806,1315,26,78,8,5
CA006148100,727,1315,26,78,7,5
CA006148100,728,1315,26,78,7,5
ASN00090015,213,1315,26,78,2,2
GME00125218,801,1315,26,78,8,10
ASN00066062,1130,1315,26,78,11,2
ITE00100550,901,1315,26,78,9,11
ASN00086071,1226,1315,26,78,12,2
USC00288878,910,1315,26,78,9,14
CA006148100,615,1315,26,78,6,5
EIE00101859,612,1315,26,78,6,7
CA006148100,612,1315,26,78,6,5
CA006158350,620,1315,26,78,6,5
EIE00101859,626,1315,26,78,6,7
ITE00100554,420,1315,26,78,4,11
USC00288878,924,1315,26,78,9,14
ASN00066062,315,1315,26,78,3,2
ASN00090015,313,1315,26,78,3,2
ASN00066062,226,1315,26,78,2,2
ASN00066062,927,1315,26,78,9,2
USC00288878,928,1315,26,78,9,14
CA006158350,708,1315,26,78,7,5
USC00288878,926,1315,26,78,9,14
ITE00100550,527,1315,26,78,5,11
CA006148100,906,1315,26,78,9,5
EZE00100082,911,1315,26,78,9,8
AU000005901,528,1315,26,78,5,3
CA006148100,531,1315,26,78,5,5
ITE00100550,525,1315,26,78,5,11
ITE00100554,417,1315,26,78,4,11
ITE00100554,517,1315,26,78,5,11
UK000056225,715,1315,26,78,7,13
AGE00135039,807,1315,26,78,8,1
AGE00135039,816,1315,26,78,8,1
ASN00066062,206,1315,26,78,2,2
UK000056225,726,1315,26,78,7,13
ASN00066062,930,1315,26,78,9,2
ASN00066062,128,1315,26,78,1,2
GM000004204,722,1315,26,78,7,9
ASN00066062,1203,1315,26,78,12,2
ITE00100554,822,1315,26,78,8,11
GME00125218,728,1315,26,78,7,10
GME00125218,624,1315,26,78,6,10
AU000005901,508,1315,26,78,5,3
ITE00100554,725,1315,26,78,7,11
AU000005901,514,1315,26,78,5,3
UK000056225,520,1315,26,78,5,13
ASN00066062,406,1315,26,78,4,2
ASN00066062,1102,1315,26,78,11,2
ITE00100554,913,1315,26,78,9,11
EZE00100082,908,1315,26,78,9,8
GME00125218,723,1315,26,79,7,10
ASN00066062,1201,1315,26,79,12,2
GM000004204,524,1315,26,79,5,9
GME00125218,722,1315,26,79,7,10
ITE00100550,426,1315,26,79,4,11
ITE00100554,924,1315,26,79,9,11
BE000006447,810,1315,26,79,8,4
GM000004204,908,1315,26,79,9,9
ASN00066062,107,1315,26,79,1,2
AU000005901,906,1315,26,79,9,3
ASN00066062,119,1315,26,79,1,2
GM000004204,726,1315,26,79,7,9
EZE00100082,510,1315,26,79,5,8
AGE00135039,811,1315,26,79,8,1
AGE00135039,728,1315,26,79,7,1
AGE00135039,725,1315,26,79,7,1
AGE00135039,901,1315,26,79,9,1
AGE00135039,808,1315,26,79,8,1
ITE00100550,504,1315,26,79,5,11
AGE00135039,703,1315,26,79,7,1
AGE00135039,817,1315,26,79,8,1
AGE00135039,701,1315,26,79,7,1
GM000004204,509,1315,26,79,5,9
AGE00135039,707,1315,26,79,7,1
AGE00135039,830,1315,26,79,8,1
ITE00100554,421,1315,26,79,4,11
ITE00100550,623,1315,26,79,6,11
ITE00100550,618,1315,26,79,6,11
AGE00135039,726,1315,26,79,7,1
ITE00100550,526,1315,26,79,5,11
GM000004204,723,1315,26,79,7,9
AGE00135039,919,1315,26,79,9,1
AGE00135039,805,1315,26,79,8,1
ITE00100550,514,1315,26,79,5,11
EZE00100082,906,1315,26,79,9,8
CA006158350,911,1315,26,79,9,5
EZE00100082,529,1315,26,79,5,8
CA006148100,516,1315,26,79,5,5
EZE00100082,907,1315,26,79,9,8
ITE00100554,525,1315,26,79,5,11
ITE00100554,518,1315,26,79,5,11
BE000006447,704,1315,26,79,7,4
UK000047811,621,1315,26,79,6,13
AU000005901,521,1315,26,79,5,3
ASN00066062,426,1315,26,79,4,2
ITE00100550,425,1315,26,79,4,11
ASN00086071,1222,1315,26,79,12,2
CA006148100,705,1315,26,79,7,5
CA006148100,602,1315,26,79,6,5
ASN00066062,313,1315,26,79,3,2
ASN00066062,225,1315,26,79,2,2
ASN00066062,1017,1315,26,79,10,2
CA006158350,531,1315,26,79,5,5
USC00288878,615,1315,26,79,6,14
ASN00066062,316,1315,26,79,3,2
CA006158350,629,1315,26,79,6,5
USC00288878,825,1315,26,79,8,14
ITE00100554,804,1315,26,79,8,11
ASN00086071,123,1315,26,79,1,2
ITE00100554,923,1315,26,79,9,11
ASN00066062,330,1315,26,79,3,2
GME00125218,908,1315,26,79,9,10
CA006158350,607,1315,26,79,6,5
ASN00086071,1213,1315,26,79,12,2
UK000056225,725,1315,26,79,7,13
UK000047811,620,1315,26,79,6,13
ASN00086071,922,1315,26,79,9,2
CA006158350,819,1315,26,79,8,5
CA006148100,819,1315,26,79,8,5
UK000056225,907,1315,26,79,9,13
CA006148100,805,1315,26,79,8,5
ASN00066062,921,1315,26,79,9,2
EZE00100082,731,1315,26,79,7,8
BE000006447,719,1315,26,79,7,4
BE000006447,905,1315,26,79,9,4
UK000056225,724,1315,26,79,7,13
ITE00100554,630,1315,26,79,6,11
ITE00100554,616,1315,26,79,6,11
GM000004204,624,1315,26,79,6,9
GME00125218,730,1315,26,79,7,10
AGE00135039,810,1315,26,79,8,1
ITE00100554,811,1315,26,79,8,11
ITE00100554,617,1315,26,79,6,11
ITE00100554,522,1315,26,79,5,11
BE000006447,623,1315,26,79,6,4
ITE00100554,427,1315,26,79,4,11
GM000004204,812,1315,26,79,8,9
ASN00066062,1119,1315,26,79,11,2
ASN00086071,403,1315,26,79,4,2
ITE00100554,504,1315,26,79,5,11
AU000005901,505,1315,26,79,5,3
ASN00086071,120,1315,26,79,1,2
ITE00100550,914,1315,26,79,9,11
ASN00086071,414,1315,26,79,4,2
UK000056225,723,1315,26,79,7,13
AU000005901,907,1315,26,79,9,3
ITE00100550,725,1315,26,79,7,11
ASN00066062,323,1315,26,79,3,2
ITE00100550,726,1315,26,79,7,11
ASN00066062,109,1315,26,80,1,2
ASN00066062,412,1315,26,80,4,2
ASN00066062,1231,1315,26,80,12,2
EZE00100082,521,1315,26,80,5,8
ASN00066062,401,1315,26,80,4,2
GM000004204,909,1315,26,80,9,9
ASN00066062,1006,1315,26,80,10,2
ASN00066062,304,1315,26,80,3,2
GM000004204,910,1315,26,80,9,9
ASN00086071,216,1315,26,80,2,2
ITE00100550,808,1315,26,80,8,11
AGE00135039,818,1315,26,80,8,1
AGE00135039,804,1315,26,80,8,1
AU000005901,830,1315,26,80,8,3
AGE00135039,710,1315,26,80,7,1
EZE00100082,811,1315,26,80,8,8
ASN00086071,1214,1315,26,80,12,2
AGE00135039,812,1315,26,80,8,1
AGE00135039,628,1315,26,80,6,1
ASN00066062,131,1315,27,80,1,2
BE000006447,827,1315,27,80,8,4
BE000006447,908,1315,27,80,9,4
ASN00086071,205,1315,27,80,2,2
UK000056225,703,1315,27,80,7,13
AU000005901,506,1315,27,80,5,3
BE000006447,523,1315,27,80,5,4
EZE00100082,705,1315,27,80,7,8
ITE00100554,914,1315,27,80,9,11
GM000004204,528,1315,27,80,5,9
ASN00086071,312,1315,27,80,3,2
GM000004204,705,1315,27,80,7,9
GM000004204,907,1315,27,80,9,9
ITE00100554,426,1315,27,80,4,11
USC00288878,711,1315,27,80,7,14
CA006158350,624,1315,27,80,6,5
USC00288878,714,1315,27,80,7,14
CA006158350,902,1315,27,80,9,5
AGE00135039,724,1315,27,80,7,1
ASN00086071,1127,1315,27,80,11,2
CA006148100,907,1315,27,80,9,5
ASN00066062,904,1315,27,80,9,2
CA006148100,629,1315,27,80,6,5
USC00288878,717,1315,27,80,7,14
CA006148100,911,1315,27,80,9,5
EIE00101859,622,1315,27,80,6,7
CA006148100,815,1315,27,80,8,5
ITE00100554,523,1315,27,80,5,11
USC00288878,817,1315,27,80,8,14
CA006148100,601,1315,27,80,6,5
CA006148100,912,1315,27,80,9,5
ASN00090015,328,1315,27,80,3,2
USC00288878,929,1315,27,80,9,14
EIE00101859,616,1315,27,80,6,7
ASN00066062,407,1315,27,80,4,2
ITE00100554,805,1315,27,80,8,11
ASN00090015,104,1315,27,80,1,2
CA006158350,618,1315,27,80,6,5
CA006158350,805,1315,27,80,8,5
CA006148100,814,1315,27,80,8,5
ASN00066062,223,1315,27,80,2,2
CA006158350,826,1315,27,80,8,5
EZE00100082,630,1315,27,80,6,8
ITE00100550,922,1315,27,80,9,11
BE000006447,714,1315,27,80,7,4
GME00125218,907,1315,27,80,9,10
GME00125218,727,1315,27,80,7,10
ITE00100554,509,1315,27,80,5,11
GM000004204,724,1315,27,80,7,9
GM000004204,521,1315,27,80,5,9
ASN00066062,108,1315,27,80,1,2
ITE00100550,509,1315,27,80,5,11
GM000004204,829,1315,27,80,8,9
GME00125218,709,1315,27,80,7,10
ASN00066062,314,1315,27,80,3,2
UK000056225,914,1315,27,80,9,13
GM000004204,523,1315,27,80,5,9
ITE00100554,901,1315,27,80,9,11
ITE00100550,804,1315,27,80,8,11
ITE00100550,701,1315,27,80,7,11
AGE00135039,714,1315,27,81,7,1
AGE00135039,721,1315,27,81,7,1
GM000004204,505,1315,27,81,5,9
AGE00135039,925,1315,27,81,9,1
AGE00135039,627,1315,27,81,6,1
AGE00135039,814,1315,27,81,8,1
AGE00135039,826,1315,27,81,8,1
GM000004204,906,1315,27,81,9,9
AGE00135039,908,1315,27,81,9,1
AGE00135039,708,1315,27,81,7,1
GME00125218,910,1315,27,81,9,10
GM000004204,725,1315,27,81,7,9
ITE00100554,612,1315,27,81,6,11
ITE00100554,619,1315,27,81,6,11
GME00125218,528,1315,27,81,5,10
GM000004204,811,1315,27,81,8,9
GM000004204,727,1315,27,81,7,9
ITE00100554,701,1315,27,81,7,11
ITE00100550,606,1315,27,81,6,11
GME00125218,521,1315,27,81,5,10
CA006158350,913,1315,27,81,9,5
CA006148100,517,1315,27,81,5,5
CA006158350,619,1315,27,81,6,5
ASN00066062,102,1315,27,81,1,2
ASN00090015,1101,1315,27,81,11,2
CA006148100,707,1315,27,81,7,5
CA006158350,907,1315,27,81,9,5
USC00288878,626,1315,27,81,6,14
EIE00101859,614,1315,27,81,6,7
ITE00100554,629,1315,27,81,6,11
EZE00100082,909,1315,27,81,9,8
USC00288878,921,1315,27,81,9,14
ASN00066062,129,1315,27,81,1,2
CA006148100,905,1315,27,81,9,5
CA006158350,704,1315,27,81,7,5
CA006158350,725,1315,27,81,7,5
CA006158350,802,1315,27,81,8,5
CA006158350,810,1315,27,81,8,5
ITE00100554,814,1315,27,81,8,11
AGE00135039,729,1315,27,81,7,1
BE000006447,705,1315,27,81,7,4
ASN00066062,1116,1315,27,81,11,2
EZE00100082,730,1315,27,81,7,8
GM000004204,714,1315,27,81,7,9
AU000005901,908,1315,27,81,9,3
ITE00100554,920,1315,27,81,9,11
ITE00100554,917,1315,27,81,9,11
ITE00100554,816,1315,27,81,8,11
ITE00100554,425,1315,27,81,4,11
GME00125218,505,1315,27,81,5,10
ITE00100554,815,1315,27,81,8,11
ITE00100554,818,1315,27,81,8,11
GME00125218,906,1315,27,81,9,10
ASN00066062,121,1315,27,81,1,2
ITE00100554,508,1315,28,82,5,11
ITE00100550,517,1315,28,82,5,11
ITE00100554,526,1315,28,82,5,11
AGE00135039,829,1315,28,82,8,1
BE000006447,907,1315,28,82,9,4
ITE00100550,919,1315,28,82,9,11
GME00125218,811,1315,28,82,8,10
ASN00066062,901,1315,28,82,9,2
ITE00100550,805,1315,28,82,8,11
ITE00100550,614,1315,28,82,6,11
ITE00100554,611,1315,28,82,6,11
AU000005901,828,1315,28,82,8,3
ITE00100554,922,1315,28,82,9,11
ITE00100550,628,1315,28,82,6,11
EZE00100082,528,1315,28,82,5,8
GM000004204,706,1315,28,82,7,9
ASN00066062,227,1315,28,82,2,2
AU000005901,816,1315,28,82,8,3
ITE00100554,623,1315,28,82,6,11
ITE00100554,806,1315,28,82,8,11
ITE00100554,921,1315,28,82,9,11
ITE00100554,820,1315,28,82,8,11
ASN00086071,330,1315,28,82,3,2
USC00288878,616,1315,28,82,6,14
CA006148100,616,1315,28,82,6,5
USC00288878,818,1315,28,82,8,14
ITE00100550,615,1315,28,82,6,11
USC00288878,715,1315,28,82,7,14
USC00288878,614,1315,28,82,6,14
USC00288878,917,1315,28,82,9,14
USC00288878,810,1315,28,82,8,14
ITE00100554,626,1315,28,82,6,11
CA006148100,902,1315,28,82,9,5
USC00288878,908,1315,28,82,9,14
CA006148100,801,1315,28,82,8,5
ITE00100554,713,1315,28,82,7,11
CA006158350,727,1315,28,82,7,5
AU000005901,531,1315,28,82,5,3
ITE00100554,915,1315,28,82,9,11
USC00288878,710,1315,28,82,7,14
CA006148100,914,1315,28,82,9,5
GME00125218,909,1315,28,82,9,10
EZE00100082,910,1315,28,82,9,8
CA006158350,707,1315,28,82,7,5
ITE00100550,625,1315,28,82,6,11
GM000004204,522,1315,28,82,5,9
ASN00066062,411,1315,28,82,4,2
CA006158350,917,1315,28,82,9,5
USC00288878,612,1315,28,82,6,14
EZE00100082,515,1315,28,82,5,8
USC00288878,925,1315,28,82,9,14
USC00288878,828,1315,28,82,8,14
BE000006447,828,1315,28,82,8,4
CA006158350,726,1315,28,82,7,5
ASN00066062,317,1315,28,82,3,2
EZE00100082,722,1315,28,82,7,8
ASN00090015,215,1315,28,82,2,2
CA006158350,718,1315,28,82,7,5
USC00288878,930,1315,28,82,9,14
USC00288878,1001,1315,28,82,10,14
AU000005901,729,1315,28,82,7,3
EZE00100082,709,1315,28,82,7,8
ASN00086071,1006,1315,28,82,10,2
ITE00100550,920,1315,28,82,9,11
ITE00100554,823,1315,28,82,8,11
ITE00100554,606,1315,28,82,6,11
AGE00135039,713,1315,28,82,7,1
EZE00100082,522,1315,28,82,5,8
AGE00135039,907,1315,28,82,9,1
AGE00135039,630,1315,28,82,6,1
AGE00135039,911,1315,28,82,9,1
AGE00135039,1009,1315,28,82,10,1
AU000005901,705,1315,28,82,7,3
ASN00066062,1123,1315,28,82,11,2
AU000005901,522,1315,28,82,5,3
ASN00066062,1229,1315,28,82,12,2
AU000005901,510,1315,28,82,5,3
ITE00100554,916,1315,28,82,9,11
AGE00135039,909,1315,28,82,9,1
UK000056225,621,1315,28,82,6,13
AGE00135039,831,1315,28,82,8,1
UK000056225,622,1315,28,82,6,13
ITE00100554,614,1315,28,82,6,11
ITE00100550,821,1315,28,83,8,11
ITE00100554,702,1315,28,83,7,11
GM000004204,709,1315,28,83,7,9
ITE00100554,712,1315,28,83,7,11
ITE00100554,919,1315,28,83,9,11
ASN00086071,108,1315,28,83,1,2
ITE00100550,609,1315,28,83,6,11
ITE00100550,619,1315,28,83,6,11
ITE00100550,921,1315,28,83,9,11
ITE00100554,812,1315,28,83,8,11
ITE00100554,808,1315,28,83,8,11
ASN00066062,902,1315,28,83,9,2
USC00288878,1010,1315,28,83,10,14
GME00125218,812,1315,28,83,8,10
CA006158350,617,1315,28,83,6,5
EIE00101859,621,1315,28,83,6,7
ASN00090015,1111,1315,28,83,11,2
EIE00101859,615,1315,28,83,6,7
CA006158350,612,1315,28,83,6,5
CA006148100,803,1315,28,83,8,5
CA006158350,728,1315,28,83,7,5
CA006148100,603,1315,28,83,6,5
CA006148100,606,1315,28,83,6,5
CA006158350,903,1315,28,83,9,5
ASN00086071,1104,1315,28,83,11,2
ASN00066062,1112,1315,28,83,11,2
AU000005901,909,1315,28,83,9,3
ITE00100554,609,1315,28,83,6,11
CA006148100,607,1315,28,83,6,5
ITE00100554,726,1315,28,83,7,11
GME00125218,724,1315,28,83,7,10
ITE00100554,918,1315,28,83,9,11
ASN00090015,1122,1315,28,83,11,2
ITE00100554,618,1315,28,83,6,11
ASN00066062,305,1315,28,83,3,2
ITE00100554,810,1315,28,83,8,11
ITE00100550,917,1315,28,83,9,11
ITE00100550,522,1315,28,83,5,11
ITE00100550,612,1315,28,83,6,11
GME00125218,523,1315,28,83,5,10
ITE00100554,807,1315,28,83,8,11
ITE00100554,724,1315,28,83,7,11
GM000004204,530,1315,28,83,5,9
GME00125218,828,1315,28,83,8,10
GM000004204,828,1315,28,83,8,9
ITE00100550,611,1315,28,83,6,11
AU000005901,811,1315,28,83,8,3
ASN00066062,1219,1315,28,83,12,2
ITE00100550,820,1315,28,83,8,11
ITE00100554,803,1315,28,83,8,11
ITE00100550,916,1315,28,83,9,11
ITE00100550,815,1315,28,83,8,11
AU000005901,515,1315,28,83,5,3
ASN00066062,1223,1315,28,83,12,2
ITE00100554,907,1315,29,83,9,11
GM000004204,715,1315,29,83,7,9
ITE00100554,615,1315,29,83,6,11
BE000006447,717,1315,29,83,7,4
ITE00100554,624,1315,29,83,6,11
EZE00100082,706,1315,29,83,7,8
ITE00100554,821,1315,29,84,8,11
UK000056225,620,1315,29,84,6,13
ITE00100554,527,1315,29,84,5,11
AU000005901,911,1315,29,84,9,3
ITE00100554,817,1315,29,84,8,11
ITE00100550,702,1315,29,84,7,11
ASN00086071,127,1315,29,84,1,2
AU000005901,715,1315,29,84,7,3
AGE00135039,803,1315,29,84,8,1
GME00125218,524,1315,29,84,5,10
GME00125218,726,1315,29,84,7,10
USC00288878,719,1315,29,84,7,14
USC00288878,718,1315,29,84,7,14
USC00288878,829,1315,29,84,8,14
AU000005901,630,1315,29,84,6,3
USC00288878,801,1315,29,84,8,14
CA006148100,830,1315,29,84,8,5
ASN00066062,1005,1315,29,84,10,2
ASN00090015,214,1315,29,84,2,2
ITE00100554,607,1315,29,84,6,11
USC00288878,627,1315,29,84,6,14
USC00288878,822,1315,29,84,8,14
USC00288878,808,1315,29,84,8,14
USC00288878,902,1315,29,84,9,14
EZE00100082,715,1315,29,84,7,8
CA006148100,605,1315,29,84,6,5
USC00288878,814,1315,29,84,8,14
USC00288878,812,1315,29,84,8,14
EZE00100082,812,1315,29,84,8,8
ITE00100554,825,1315,29,84,8,11
CA006148100,904,1315,29,84,9,5
ASN00090015,1031,1315,29,84,10,2
EIE00101859,618,1315,29,84,6,7
ITE00100550,902,1315,29,84,9,11
AGE00135039,720,1315,29,84,7,1
AGE00135039,802,1315,29,84,8,1
GM000004204,813,1315,29,84,8,9
AGE00135039,828,1315,29,84,8,1
AGE00135039,722,1315,29,84,7,1
ITE00100550,918,1315,29,84,9,11
AGE00135039,717,1315,29,84,7,1
AGE00135039,711,1315,29,84,7,1
AU000005901,814,1315,29,84,8,3
EZE00100082,523,1315,29,84,5,8
ITE00100550,915,1315,29,84,9,11
AGE00135039,821,1315,29,84,8,1
ITE00100550,629,1315,29,84,6,11
EZE00100082,724,1315,29,84,7,8
ITE00100550,811,1315,29,84,8,11
ASN00066062,903,1315,29,84,9,2
AU000005901,910,1315,29,84,9,3
GME00125218,725,1315,29,84,7,10
ASN00066062,1222,1315,29,84,12,2
GME00125218,708,1315,29,84,7,10
AU000005901,529,1315,29,84,5,3
AU000005901,724,1315,29,84,7,3
ITE00100550,607,1315,29,84,6,11
ASN00066062,1010,1315,29,85,10,2
GME00125218,813,1315,29,85,8,10
AU000005901,726,1315,29,85,7,3
GME00125218,530,1315,29,85,5,10
EZE00100082,726,1315,29,85,7,8
GME00125218,522,1315,29,85,5,10
ASN00086071,408,1315,29,85,4,2
USC00288878,724,1315,29,85,7,14
EIE00101859,617,1315,29,85,6,7
CA006158350,904,1315,29,85,9,5
CA006158350,625,1315,29,85,6,5
ASN00086071,1107,1315,29,85,11,2
USC00288878,610,1315,29,85,6,14
USC00288878,706,1315,29,85,7,14
CA006148100,913,1315,29,85,9,5
USC00288878,916,1315,29,85,9,14
USC00288878,713,1315,29,85,7,14
ITE00100550,712,1315,29,85,7,11
ASN00086071,1025,1315,29,85,10,2
ITE00100550,729,1315,29,85,7,11
AU000005901,731,1315,29,85,7,3
USC00288878,826,1315,29,85,8,14
ITE00100550,630,1315,29,85,6,11
AU000005901,812,1315,30,85,8,3
GM000004204,718,1315,30,85,7,9
EZE00100082,725,1315,30,85,7,8
AU000005901,710,1315,30,85,7,3
AGE00135039,809,1315,30,85,8,1
AGE00135039,823,1315,30,85,8,1
AGE00135039,731,1315,30,85,7,1
ITE00100554,909,1315,30,85,9,11
ITE00100554,903,1315,30,85,9,11
EZE00100082,727,1315,30,85,7,8
ITE00100554,904,1315,30,85,9,11
AU000005901,523,1315,30,85,5,3
ITE00100550,905,1315,30,85,9,11
EZE00100082,530,1315,30,85,5,8
EZE00100082,728,1315,30,85,7,8
ITE00100554,813,1315,30,85,8,11
ASN00066062,122,1315,30,85,1,2
ITE00100550,822,1315,30,86,8,11
EZE00100082,828,1315,30,86,8,8
ITE00100550,819,1315,30,86,8,11
ASN00066062,415,1315,30,86,4,2
ITE00100554,809,1315,30,86,8,11
ITE00100550,816,1315,30,86,8,11
ITE00100550,806,1315,30,86,8,11
GME00125218,715,1315,30,86,7,10
ITE00100550,622,1315,30,86,6,11
GME00125218,718,1315,30,86,7,10
ITE00100550,727,1315,30,86,7,11
ITE00100550,907,1315,30,86,9,11
ITE00100550,626,1315,30,86,6,11
ITE00100554,908,1315,30,86,9,11
ITE00100554,819,1315,30,86,8,11
ASN00086071,1109,1315,30,86,11,2
BE000006447,706,1315,30,86,7,4
ASN00086071,419,1315,30,86,4,2
CA006158350,905,1315,30,86,9,5
USC00288878,911,1315,30,86,9,14
CA006148100,624,1315,30,86,6,5
ASN00086071,1026,1315,30,86,10,2
ITE00100550,818,1315,30,86,8,11
ITE00100550,812,1315,30,86,8,11
ASN00086071,222,1315,30,86,2,2
USC00288878,628,1315,30,86,6,14
USC00288878,819,1315,30,86,8,14
USC00288878,922,1315,30,86,9,14
ITE00100550,703,1315,30,86,7,11
AGE00135039,712,1315,30,86,7,1
AU000005901,706,1315,30,86,7,3
CA006148100,626,1315,30,86,6,5
AGE00135039,824,1315,30,86,8,1
CA006148100,617,1315,30,86,6,5
EIE00101859,620,1315,30,86,6,7
ITE00100550,814,1315,30,86,8,11
USC00288878,903,1315,30,86,9,14
USC00288878,620,1315,30,86,6,14
CA006158350,815,1315,30,86,8,5
ITE00100550,713,1315,30,86,7,11
EIE00101859,619,1315,30,86,6,7
ASN00086071,1110,1315,30,86,11,2
ASN00066062,303,1315,30,86,3,2
ITE00100554,722,1315,30,86,7,11
ASN00066062,224,1315,30,86,2,2
EZE00100082,524,1315,30,86,5,8
ASN00066062,324,1315,30,86,3,2
AU000005901,716,1315,30,87,7,3
GME00125218,717,1315,30,87,7,10
ITE00100554,608,1315,30,87,6,11
ITE00100554,703,1315,30,87,7,11
ASN00086071,326,1315,30,87,3,2
ITE00100550,817,1315,30,87,8,11
EZE00100082,813,1315,30,87,8,8
ASN00086071,327,1315,30,87,3,2
ITE00100550,908,1315,30,87,9,11
ITE00100550,803,1315,30,87,8,11
ITE00100550,825,1315,30,87,8,11
ITE00100554,610,1315,30,87,6,11
ITE00100554,905,1315,30,87,9,11
ASN00086071,310,1315,30,87,3,2
ITE00100550,722,1315,30,87,7,11
ITE00100554,714,1315,30,87,7,11
ITE00100554,628,1315,30,87,6,11
AU000005901,727,1315,30,87,7,3
AU000005901,530,1315,31,87,5,3
USC00288878,703,1315,31,87,7,14
USC00288878,701,1315,31,87,7,14
ITE00100554,731,1315,31,87,7,11
USC00288878,913,1315,31,87,9,14
USC00288878,905,1315,31,87,9,14
ASN00066062,1202,1315,31,87,12,2
USC00288878,831,1315,31,87,8,14
CA006148100,706,1315,31,87,7,5
ITE00100550,624,1315,31,87,6,11
USC00288878,830,1315,31,87,8,14
CA006148100,802,1315,31,87,8,5
USC00288878,912,1315,31,87,9,14
USC00288878,613,1315,31,87,6,14
ITE00100550,827,1315,31,87,8,11
CA006148100,619,1315,31,87,6,5
ITE00100554,906,1315,31,87,9,11
ITE00100554,711,1315,31,87,7,11
ITE00100554,902,1315,31,87,9,11
ITE00100554,603,1315,31,87,6,11
GME00125218,719,1315,31,87,7,10
ITE00100550,906,1315,31,88,9,11
ITE00100550,909,1315,31,88,9,11
ITE00100554,528,1315,31,88,5,11
AU000005901,829,1315,31,88,8,3
BE000006447,716,1315,31,88,7,4
GM000004204,708,1315,31,88,7,9
ITE00100550,603,1315,31,88,6,11
ITE00100550,728,1315,31,88,7,11
ITE00100550,910,1315,31,88,9,11
AGE00135039,629,1315,31,88,6,1
AGE00135039,715,1315,31,88,7,1
AU000005901,728,1315,31,88,7,3
AU000005901,725,1315,31,88,7,3
ITE00100554,620,1315,31,88,6,11
AU000005901,730,1315,31,88,7,3
AGE00135039,719,1315,31,88,7,1
USC00288878,623,1315,31,88,6,14
CA006158350,831,1315,31,88,8,5
USC00288878,811,1315,31,88,8,14
ASN00086071,404,1315,31,88,4,2
CA006148100,831,1315,31,88,8,5
USC00288878,807,1315,31,88,8,14
ASN00090015,1228,1315,31,88,12,2
USC00288878,624,1315,31,88,6,14
USC00288878,809,1315,31,88,8,14
USC00288878,722,1315,31,88,7,14
CA006158350,803,1315,31,88,8,5
USC00288878,731,1315,31,88,7,14
ASN00086071,1205,1315,31,88,12,2
USC00288878,914,1315,31,88,9,14
ITE00100554,824,1315,31,88,8,11
ASN00066062,228,1315,31,88,2,2
USC00288878,621,1315,31,88,6,14
AU000005901,709,1315,31,88,7,3
USC00288878,815,1315,31,88,8,14
EZE00100082,716,1315,31,88,7,8
ASN00086071,202,1315,31,88,2,2
ITE00100554,830,1315,31,88,8,11
ASN00086071,329,1315,31,88,3,2
EZE00100082,717,1315,31,88,7,8
ASN00066062,1009,1315,31,88,10,2
ITE00100554,621,1315,31,88,6,11
ITE00100554,802,1315,31,88,8,11
ITE00100554,622,1315,31,88,6,11
ITE00100550,610,1315,31,88,6,11
ITE00100550,730,1315,31,88,7,11
ITE00100550,809,1315,31,88,8,11
ITE00100554,625,1315,31,88,6,11
ITE00100554,601,1315,31,88,6,11
AU000005901,524,1315,31,88,5,3
ITE00100554,530,1315,31,88,5,11
ITE00100554,529,1315,31,88,5,11
ITE00100550,830,1315,31,88,8,11
ITE00100550,528,1315,31,88,5,11
ITE00100550,704,1315,31,88,7,11
GME00125218,716,1315,31,89,7,10
ITE00100550,904,1315,32,89,9,11
ITE00100550,731,1315,32,89,7,11
ITE00100550,911,1315,32,89,9,11
AU000005901,717,1315,32,89,7,3
BE000006447,715,1315,32,89,7,4
ITE00100554,728,1315,32,89,7,11
GM000004204,716,1315,32,89,7,9
ITE00100550,620,1315,32,89,6,11
AU000005901,801,1315,32,89,8,3
AU000005901,813,1315,32,89,8,3
ITE00100554,704,1315,32,89,7,11
GM000004204,719,1315,32,89,7,9
ITE00100554,826,1315,32,89,8,11
ITE00100554,729,1315,32,89,7,11
USC00288878,904,1315,32,89,9,14
USC00288878,704,1315,32,89,7,14
ASN00066062,1220,1315,32,89,12,2
ASN00086071,121,1315,32,89,1,2
ASN00086071,214,1315,32,89,2,2
USC00288878,726,1315,32,89,7,14
USC00288878,617,1315,32,89,6,14
USC00288878,629,1315,32,89,6,14
USC00288878,619,1315,32,89,6,14
ITE00100554,531,1315,32,89,5,11
USC00288878,622,1315,32,89,6,14
AGE00135039,825,1315,32,89,8,1
ITE00100554,727,1315,32,89,7,11
ITE00100554,911,1315,32,89,9,11
ITE00100554,627,1315,32,89,6,11
GM000004204,717,1315,32,89,7,9
ITE00100554,723,1315,32,89,7,11
ITE00100554,827,1315,32,89,8,11
ASN00066062,1215,1315,32,89,12,2
AGE00135039,822,1315,32,90,8,1
AU000005901,722,1315,32,90,7,3
GM000004204,707,1315,32,90,7,9
AGE00135039,801,1315,32,90,8,1
ITE00100550,621,1315,32,90,6,11
EZE00100082,829,1315,32,90,8,8
ITE00100550,608,1315,32,90,6,11
ITE00100550,810,1315,32,90,8,11
ITE00100550,824,1315,32,90,8,11
ITE00100550,801,1315,32,90,8,11
ITE00100554,828,1315,32,90,8,11
USC00288878,727,1315,32,90,7,14
USC00288878,802,1315,32,90,8,14
USC00288878,805,1315,32,90,8,14
CA006158350,604,1315,32,90,6,5
USC00288878,907,1315,32,90,9,14
ITE00100554,801,1315,32,90,8,11
USC00288878,816,1315,32,90,8,14
ITE00100554,602,1315,32,90,6,11
USC00288878,705,1315,32,90,7,14
ASN00090015,406,1315,32,90,4,2
USC00288878,915,1315,32,90,9,14
USC00288878,901,1315,32,90,9,14
ASN00066062,1007,1315,32,90,10,2
ITE00100550,912,1315,32,90,9,11
GM000004204,721,1315,32,90,7,9
GME00125218,720,1315,32,90,7,10
ITE00100550,724,1315,32,90,7,11
ASN00066062,216,1315,32,90,2,2
ITE00100554,705,1315,32,90,7,11
GME00125218,707,1315,32,90,7,10
ITE00100550,714,1315,32,90,7,11
ITE00100550,826,1315,32,90,8,11
ITE00100554,730,1315,33,91,7,11
ITE00100554,910,1315,33,91,9,11
ITE00100554,912,1315,33,91,9,11
EZE00100082,718,1315,33,91,7,8
ASN00086071,405,1315,33,91,4,2
ASN00086071,1031,1315,33,91,10,2
ITE00100554,721,1315,33,91,7,11
ITE00100550,813,1315,33,91,8,11
CA006158350,914,1315,33,91,9,5
AU000005901,720,1315,33,91,7,3
GM000004204,720,1315,33,91,7,9
AGE00135039,718,1315,33,92,7,1
ITE00100554,715,1315,33,92,7,11
ITE00100550,530,1315,33,92,5,11
ITE00100550,627,1315,33,92,6,11
ITE00100554,710,1315,33,92,7,11
EZE00100082,707,1315,33,92,7,8
ITE00100550,602,1315,33,92,6,11
EZE00100082,708,1315,33,92,7,8
ITE00100554,829,1315,33,92,8,11
ITE00100550,529,1315,33,92,5,11
USC00288878,906,1315,33,92,9,14
USC00288878,720,1315,33,92,7,14
ASN00086071,213,1315,33,92,2,2
ASN00086071,206,1315,33,92,2,2
USC00288878,721,1315,33,92,7,14
ASN00066062,117,1315,33,92,1,2
USC00288878,708,1315,33,92,7,14
USC00288878,725,1315,33,92,7,14
USC00288878,821,1315,33,92,8,14
EZE00100082,721,1315,33,92,7,8
ITE00100550,802,1315,33,92,8,11
AU000005901,721,1315,34,92,7,3
ITE00100550,711,1315,34,92,7,11
ITE00100550,828,1315,34,92,8,11
AU000005901,707,1315,34,92,7,3
ITE00100550,823,1315,34,92,8,11
ITE00100550,715,1315,34,92,7,11
EZE00100082,719,1315,34,93,7,8
ITE00100550,601,1315,34,93,6,11
ITE00100554,706,1315,34,93,7,11
ITE00100550,705,1315,34,93,7,11
ITE00100550,718,1315,34,93,7,11
ITE00100550,723,1315,34,93,7,11
ASN00086071,1121,1315,34,93,11,2
ASN00066062,105,1315,34,93,1,2
USC00288878,803,1315,34,93,8,14
ASN00086071,1208,1315,34,93,12,2
ASN00086071,407,1315,34,93,4,2
ITE00100550,903,1315,34,93,9,11
GME00125218,721,1315,34,93,7,10
ITE00100554,709,1315,34,93,7,11
AU000005901,718,1315,34,93,7,3
ITE00100554,716,1315,34,93,7,11
ITE00100550,829,1315,34,94,8,11
ASN00086071,215,1315,34,94,2,2
ASN00086071,406,1315,34,94,4,2
USC00288878,608,1315,34,94,6,14
AU000005901,719,1315,34,94,7,3
ASN00086071,1128,1315,34,94,11,2
ASN00066062,1122,1315,34,94,11,2
ASN00090015,1227,1315,34,94,12,2
ASN00086071,328,1315,34,94,3,2
ASN00086071,212,1315,34,94,2,2
ITE00100554,708,1315,34,94,7,11
AU000005901,708,1315,35,94,7,3
ITE00100550,707,1315,35,94,7,11
ITE00100550,531,1315,35,94,5,11
ASN00066062,1120,1315,35,94,11,2
ITE00100554,717,1315,35,94,7,11
ITE00100550,710,1315,35,95,7,11
ITE00100550,717,1315,35,95,7,11
ITE00100550,708,1315,35,95,7,11
ITE00100554,718,1315,35,95,7,11
ITE00100550,706,1315,35,95,7,11
ASN00086071,104,1315,35,95,1,2
ITE00100554,719,1315,35,95,7,11
USC00288878,729,1315,35,95,7,14
ASN00066062,1027,1315,35,95,10,2
USC00288878,609,1315,35,95,6,14
USC00288878,630,1315,35,95,6,14
ITE00100554,707,1315,35,95,7,11
EZE00100082,720,1315,35,95,7,8
ITE00100550,721,1315,35,96,7,11
ASN00086071,1129,1315,36,96,11,2
USC00288878,618,1315,36,96,6,14
USC00288878,804,1315,36,96,8,14
USC00288878,707,1315,36,96,7,14
ASN00086071,304,1315,36,96,3,2
ITE00100554,720,1315,36,97,7,11
ASN00066062,1214,1315,36,97,12,2
ASN00066062,203,1315,36,97,2,2
ASN00066062,1101,1315,36,97,11,2
ITE00100550,720,1315,37,98,7,11
ASN00066062,207,1315,37,98,2,2
ASN00086071,1111,1315,37,99,11,2
ITE00100550,719,1315,38,100,7,11
ITE00100550,709,1315,38,100,7,11
ITE00100550,716,1315,38,100,7,11
ASN00086071,1227,1315,39,102,12,2
ASN00066062,1221,1315,39,102,12,2
ASN00086071,227,1315,40,103,2,2
SZ000006717,226,1315,-34,-29,2,12
SZ000006717,208,1315,-17,1,2,12
CA006158350,217,1315,-17,2,2,5
SZ000006717,103,1315,-16,2,1,12
CA006158350,102,1315,-16,3,1,5
SZ000006717,210,1315,-16,3,2,12
EZE00100082,114,1315,-15,5,1,8
SZ000006717,209,1315,-15,5,2,12
SZ000006717,219,1315,-15,6,2,12
SZ000006717,205,1315,-14,6,2,12
SZ000006717,220,1315,-14,6,2,12
EZE00100082,116,1315,-14,6,1,8
CA006158350,218,1315,-14,7,2,5
EZE00100082,113,1315,-14,7,1,8
SZ000006717,207,1315,-14,7,2,12
SZ000006717,218,1315,-13,8,2,12
GM000004204,105,1315,-12,10,1,9
EZE00100082,117,1315,-12,10,1,8
EZE00100082,119,1315,-12,10,1,8
GM000004204,104,1315,-12,10,1,9
SZ000006717,1223,1315,-12,11,12,12
CA006158350,1222,1315,-12,11,12,5
SZ000006717,118,1315,-12,11,1,12
SZ000006717,211,1315,-12,11,2,12
GME00125218,104,1315,-12,11,1,10
SZ000006717,330,1315,-11,12,3,12
EZE00100082,1226,1315,-11,12,12,8
SZ000006717,105,1315,-11,12,1,12
EZE00100082,1224,1315,-11,12,12,8
SZ000006717,102,1315,-11,13,1,12
GME00125218,116,1315,-11,13,1,10
CA006158350,103,1315,-11,13,1,5
EZE00100082,105,1315,-10,13,1,8
SZ000006717,104,1315,-10,13,1,12
GME00125218,114,1315,-10,13,1,10
EZE00100082,107,1315,-10,13,1,8
AU000005901,117,1315,-10,13,1,3
SZ000006717,1226,1315,-10,13,12,12
GM000004204,106,1315,-10,13,1,9
GM000004204,1227,1315,-10,14,12,9
CA006158350,108,1315,-10,14,1,5
SZ000006717,1202,1315,-10,14,12,12
GM000004204,115,1315,-10,14,1,9
SZ000006717,1127,1315,-10,14,11,12
EZE00100082,102,1315,-10,14,1,8
EZE00100082,115,1315,-10,15,1,8
SZ000006717,1222,1315,-10,15,12,12
SZ000006717,108,1315,-10,15,1,12
GME00125218,105,1315,-10,15,1,10
GM000004204,111,1315,-10,15,1,9
GM000004204,114,1315,-9,15,1,9
CA006158350,109,1315,-9,15,1,5
SZ000006717,109,1315,-9,15,1,12
GME00125218,110,1315,-9,15,1,10
CA006158350,1212,1315,-9,15,12,5
GME00125218,1223,1315,-9,15,12,10
AU000005901,1224,1315,-9,15,12,3
GME00125218,112,1315,-9,15,1,10
SZ000006717,1225,1315,-9,15,12,12
SZ000006717,129,1315,-9,15,1,12
EZE00100082,104,1315,-9,15,1,8
EZE00100082,101,1315,-9,15,1,8
EZE00100082,106,1315,-9,16,1,8
EZE00100082,103,1315,-9,16,1,8
AU000005901,116,1315,-9,16,1,3
EZE00100082,1223,1315,-9,16,12,8
SZ000006717,1221,1315,-9,16,12,12
SZ000006717,1224,1315,-9,16,12,12
SZ000006717,206,1315,-9,16,2,12
CA006158350,106,1315,-9,16,1,5
CA006158350,210,1315,-9,16,2,5
CA006158350,104,1315,-9,16,1,5
GM000004204,1226,1315,-9,16,12,9
EZE00100082,1225,1315,-9,16,12,8
SZ000006717,1125,1315,-9,16,11,12
AU000005901,1225,1315,-9,16,12,3
EZE00100082,111,1315,-9,16,1,8
GM000004204,116,1315,-9,17,1,9
AU000005901,113,1315,-9,17,1,3
GM000004204,113,1315,-9,17,1,9
AU000005901,114,1315,-8,17,1,3
SZ000006717,107,1315,-8,17,1,12
AU000005901,109,1315,-8,17,1,3
GME00125218,117,1315,-8,17,1,10
AU000005901,118,1315,-8,17,1,3
EZE00100082,112,1315,-8,17,1,8
AU000005901,119,1315,-8,17,1,3
GM000004204,1223,1315,-8,17,12,9
EZE00100082,108,1315,-8,17,1,8
CA006158350,1208,1315,-8,17,12,5
GM000004204,112,1315,-8,17,1,9
GM000004204,107,1315,-8,17,1,9
CA006158350,107,1315,-8,17,1,5
GME00125218,111,1315,-8,17,1,10
SZ000006717,130,1315,-8,17,1,12
AU000005901,112,1315,-8,17,1,3
SZ000006717,101,1315,-8,17,1,12
SZ000006717,222,1315,-8,17,2,12
GME00125218,101,1315,-8,17,1,10
SZ000006717,329,1315,-8,18,3,12
GME00125218,118,1315,-8,18,1,10
SZ000006717,331,1315,-8,18,3,12
EZE00100082,110,1315,-8,18,1,8
SZ000006717,1217,1315,-8,18,12,12
GME00125218,1216,1315,-8,18,12,10
GME00125218,113,1315,-8,18,1,10
CA006158350,322,1315,-8,18,3,5
SZ000006717,1203,1315,-8,18,12,12
GME00125218,1227,1315,-8,18,12,10
SZ000006717,1106,1315,-8,18,11,12
SZ000006717,115,1315,-8,18,1,12
GME00125218,106,1315,-8,18,1,10
SZ000006717,106,1315,-8,18,1,12
AU000005901,1223,1315,-8,18,12,3
AU000005901,103,1315,-8,18,1,3
SZ000006717,221,1315,-8,18,2,12
GME00125218,1226,1315,-8,18,12,10
ITE00100554,113,1315,-8,18,1,11
SZ000006717,1209,1315,-8,18,12,12
SZ000006717,119,1315,-7,19,1,12
GM000004204,1224,1315,-7,19,12,9
EZE00100082,1230,1315,-7,19,12,8
SZ000006717,110,1315,-7,19,1,12
GM000004204,1225,1315,-7,19,12,9
CA006158350,110,1315,-7,19,1,5
CA006158350,209,1315,-7,19,2,5
CA006158350,320,1315,-7,19,3,5
CA006158350,321,1315,-7,19,3,5
GME00125218,102,1315,-7,19,1,10
GME00125218,103,1315,-7,19,1,10
SZ000006717,408,1315,-7,19,4,12
SZ000006717,402,1315,-7,19,4,12
AU000005901,102,1315,-7,19,1,3
GM000004204,1216,1315,-7,20,12,9
EZE00100082,118,1315,-7,20,1,8
GM000004204,101,1315,-7,20,1,9
EZE00100082,1231,1315,-7,20,12,8
CA006158350,105,1315,-7,20,1,5
GM000004204,103,1315,-7,20,1,9
ITE00100554,114,1315,-7,20,1,11
GME00125218,1225,1315,-7,20,12,10
GME00125218,1224,1315,-7,20,12,10
GM000004204,109,1315,-7,20,1,9
AU000005901,110,1315,-7,20,1,3
AU000005901,105,1315,-6,20,1,3
EZE00100082,109,1315,-6,20,1,8
AU000005901,104,1315,-6,20,1,3
GME00125218,107,1315,-6,20,1,10
GM000004204,110,1315,-6,20,1,9
EZE00100082,1216,1315,-6,20,12,8
SZ000006717,1124,1315,-6,20,11,12
GME00125218,109,1315,-6,21,1,10
SZ000006717,311,1315,-6,21,3,12
GM000004204,102,1315,-6,21,1,9
BE000006447,1223,1315,-6,21,12,4
GM000004204,117,1315,-6,21,1,9
SZ000006717,1112,1315,-6,21,11,12
ITE00100550,117,1315,-6,21,1,11
SZ000006717,117,1315,-6,21,1,12
SZ000006717,1231,1315,-6,21,12,12
SZ000006717,328,1315,-6,21,3,12
SZ000006717,1218,1315,-6,21,12,12
CA006158350,1223,1315,-6,21,12,5
BE000006447,104,1315,-6,21,1,4
EZE00100082,1227,1315,-6,21,12,8
EZE00100082,120,1315,-6,21,1,8
CA006158350,1231,1315,-6,21,12,5
SZ000006717,1107,1315,-6,21,11,12
SZ000006717,228,1315,-6,21,2,12
SZ000006717,403,1315,-6,22,4,12
SZ000006717,1121,1315,-6,22,11,12
SZ000006717,1210,1315,-6,22,12,12
SZ000006717,302,1315,-6,22,3,12
SZ000006717,1130,1315,-6,22,11,12
SZ000006717,111,1315,-6,22,1,12
EZE00100082,211,1315,-6,22,2,8
CA006158350,216,1315,-6,22,2,5
CA006158350,319,1315,-6,22,3,5
SZ000006717,202,1315,-6,22,2,12
SZ000006717,1214,1315,-6,22,12,12
SZ000006717,201,1315,-6,22,2,12
CA006158350,111,1315,-6,22,1,5
CA006158350,219,1315,-6,22,2,5
GME00125218,115,1315,-6,22,1,10
BE000006447,1216,1315,-6,22,12,4
AU000005901,121,1315,-6,22,1,3
GME00125218,211,1315,-5,22,2,10
SZ000006717,1211,1315,-5,22,12,12
SZ000006717,116,1315,-5,22,1,12
GM000004204,118,1315,-5,22,1,9
SZ000006717,1111,1315,-5,22,11,12
SZ000006717,114,1315,-5,22,1,12
SZ000006717,1219,1315,-5,23,12,12
SZ000006717,406,1315,-5,23,4,12
SZ000006717,1220,1315,-5,23,12,12
BE000006447,1224,1315,-5,23,12,4
SZ000006717,1208,1315,-5,23,12,12
BE000006447,1225,1315,-5,23,12,4
SZ000006717,319,1315,-5,23,3,12
SZ000006717,1126,1315,-5,23,11,12
BE000006447,1226,1315,-5,23,12,4
SZ000006717,227,1315,-5,23,2,12
SZ000006717,1216,1315,-5,23,12,12
SZ000006717,409,1315,-5,23,4,12
ITE00100550,118,1315,-5,23,1,11
SZ000006717,203,1315,-5,23,2,12
ITE00100550,114,1315,-5,23,1,11
AU000005901,1226,1315,-5,23,12,3
AU000005901,101,1315,-5,23,1,3
EZE00100082,1217,1315,-5,23,12,8
AU000005901,115,1315,-5,23,1,3
ITE00100554,117,1315,-5,23,1,11
SZ000006717,1113,1315,-5,23,11,12
SZ000006717,1015,1315,-5,23,10,12
SZ000006717,1215,1315,-5,23,12,12
ITE00100554,118,1315,-5,23,1,11
SZ000006717,327,1315,-5,23,3,12
SZ000006717,204,1315,-5,23,2,12
GME00125218,119,1315,-5,23,1,10
AU000005901,107,1315,-5,23,1,3
EZE00100082,212,1315,-5,23,2,8
SZ000006717,301,1315,-5,23,3,12
SZ000006717,225,1315,-5,24,2,12
GME00125218,1215,1315,-5,24,12,10
GME00125218,1217,1315,-4,24,12,10
SZ000006717,1213,1315,-4,24,12,12
AU000005901,108,1315,-4,24,1,3
AU000005901,111,1315,-4,24,1,3
SZ000006717,217,1315,-4,24,2,12
GM000004204,211,1315,-4,24,2,9
SZ000006717,1212,1315,-4,24,12,12
AU000005901,106,1315,-4,24,1,3
ITE00100550,113,1315,-4,24,1,11
GM000004204,1217,1315,-4,24,12,9
GME00125218,108,1315,-4,24,1,10
SZ000006717,1129,1315,-4,24,11,12
AU000005901,120,1315,-4,24,1,3
SZ000006717,1114,1315,-4,24,11,12
EZE00100082,1218,1315,-4,24,12,8
SZ000006717,223,1315,-4,24,2,12
SZ000006717,325,1315,-4,24,3,12
SZ000006717,1227,1315,-4,24,12,12
SZ000006717,407,1315,-4,24,4,12
SZ000006717,1115,1315,-4,25,11,12
SZ000006717,1230,1315,-4,25,12,12
SZ000006717,321,1315,-4,25,3,12
SZ000006717,308,1315,-4,25,3,12
SZ000006717,224,1315,-4,25,2,12
GME00125218,1222,1315,-4,25,12,10
AU000005901,1227,1315,-4,25,12,3
UK000056225,105,1315,-4,25,1,13
GME00125218,220,1315,-4,25,2,10
SZ000006717,313,1315,-4,25,3,12
SZ000006717,1207,1315,-4,25,12,12
AU000005901,1207,1315,-4,25,12,3
GME00125218,1214,1315,-4,25,12,10
AU000005901,1205,1315,-4,25,12,3
SZ000006717,112,1315,-4,25,1,12
SZ000006717,1206,1315,-4,25,12,12
SZ000006717,1123,1315,-4,25,11,12
SZ000006717,305,1315,-4,25,3,12
SZ000006717,1122,1315,-4,26,11,12
SZ000006717,1110,1315,-4,26,11,12
BE000006447,103,1315,-4,26,1,4
GME00125218,208,1315,-4,26,2,10
GME00125218,1218,1315,-4,26,12,10
SZ000006717,1128,1315,-4,26,11,12
GM000004204,1215,1315,-4,26,12,9
GME00125218,1219,1315,-4,26,12,10
GM000004204,108,1315,-4,26,1,9
AU000005901,122,1315,-3,26,1,3
EZE00100082,219,1315,-3,26,2,8
GME00125218,219,1315,-3,26,2,10
GM000004204,1231,1315,-3,26,12,9
SZ000006717,1201,1315,-3,26,12,12
SZ000006717,1204,1315,-3,26,12,12
GM000004204,1230,1315,-3,26,12,9
SZ000006717,120,1315,-3,26,1,12
CA006158350,1229,1315,-3,26,12,5
CA006158350,1215,1315,-3,26,12,5
EZE00100082,1206,1315,-3,26,12,8
AU000005901,211,1315,-3,26,2,3
BE000006447,105,1315,-3,26,1,4
ITE00100554,116,1315,-3,26,1,11
ITE00100550,115,1315,-3,26,1,11
SZ000006717,124,1315,-3,27,1,12
AU000005901,131,1315,-3,27,1,3
SZ000006717,125,1315,-3,27,1,12
EZE00100082,209,1315,-3,27,2,8
GME00125218,1231,1315,-3,27,12,10
EZE00100082,210,1315,-3,27,2,8
EZE00100082,1228,1315,-3,27,12,8
SZ000006717,131,1315,-3,27,1,12
SZ000006717,1014,1315,-3,27,10,12
GME00125218,212,1315,-3,27,2,10
SZ000006717,309,1315,-3,27,3,12
GM000004204,119,1315,-3,27,1,9
GM000004204,1219,1315,-3,27,12,9
ITE00100554,112,1315,-3,27,1,11
GM000004204,1214,1315,-3,27,12,9
SZ000006717,410,1315,-3,27,4,12
AU000005901,1231,1315,-3,27,12,3
ITE00100550,103,1315,-3,27,1,11
CA006158350,315,1315,-3,27,3,5
SZ000006717,229,1315,-3,27,2,12
CA006158350,120,1315,-3,27,1,5
SZ000006717,320,1315,-3,27,3,12
CA006158350,1220,1315,-3,27,12,5
CA006158350,1209,1315,-3,27,12,5
GM000004204,219,1315,-3,27,2,9
BE000006447,107,1315,-3,27,1,4
SZ000006717,122,1315,-3,27,1,12
SZ000006717,430,1315,-3,27,4,12
SZ000006717,128,1315,-3,27,1,12
EZE00100082,220,1315,-2,28,2,8
AU000005901,1216,1315,-2,28,12,3
ITE00100550,116,1315,-2,28,1,11
BE000006447,102,1315,-2,28,1,4
ITE00100550,112,1315,-2,28,1,11
ITE00100554,119,1315,-2,28,1,11
BE000006447,101,1315,-2,28,1,4
GME00125218,210,1315,-2,28,2,10
GM000004204,220,1315,-2,28,2,9
GME00125218,209,1315,-2,28,2,10
EZE00100082,1204,1315,-2,28,12,8
GM000004204,208,1315,-2,28,2,9
SZ000006717,429,1315,-2,28,4,12
CA006158350,1221,1315,-2,28,12,5
CA006158350,229,1315,-2,28,2,5
BE000006447,106,1315,-2,28,1,4
SZ000006717,310,1315,-2,28,3,12
CA006158350,301,1315,-2,28,3,5
EZE00100082,1222,1315,-2,28,12,8
EZE00100082,1208,1315,-2,28,12,8
GM000004204,1222,1315,-2,28,12,9
ITE00100554,120,1315,-2,28,1,11
AU000005901,201,1315,-2,28,2,3
SZ000006717,628,1315,-2,28,6,12
BE000006447,1230,1315,-2,28,12,4
GM000004204,209,1315,-2,28,2,9
AU000005901,1222,1315,-2,28,12,3
UK000056225,106,1315,-2,28,1,13
SZ000006717,312,1315,-2,28,3,12
SZ000006717,113,1315,-2,29,1,12
ITE00100554,115,1315,-2,29,1,11
SZ000006717,326,1315,-2,29,3,12
AU000005901,1228,1315,-2,29,12,3
EZE00100082,1207,1315,-2,29,12,8
SZ000006717,324,1315,-2,29,3,12
EZE00100082,201,1315,-2,29,2,8
ITE00100550,105,1315,-2,29,1,11
EZE00100082,121,1315,-2,29,1,8
GME00125218,207,1315,-2,29,2,10
SZ000006717,1006,1315,-2,29,10,12
GM000004204,1218,1315,-2,29,12,9
SZ000006717,1019,1315,-2,29,10,12
SZ000006717,126,1315,-2,29,1,12
AU000005901,1208,1315,-2,29,12,3
UK000056225,103,1315,-2,29,1,13
GME00125218,1221,1315,-2,29,12,10
ITE00100550,211,1315,-2,29,2,11
CA006158350,1213,1315,-2,29,12,5
BE000006447,207,1315,-2,29,2,4
SZ000006717,1116,1315,-2,29,11,12
SZ000006717,1119,1315,-2,29,11,12
CA006158350,119,1315,-2,29,1,5
EZE00100082,1219,1315,-2,29,12,8
CA006158350,208,1315,-2,29,2,5
SZ000006717,610,1315,-2,29,6,12
UK000056225,104,1315,-2,29,1,13
BE000006447,1231,1315,-2,29,12,4
BE000006447,219,1315,-2,29,2,4
AU000005901,220,1315,-2,29,2,3
EZE00100082,1205,1315,-2,29,12,8
SZ000006717,825,1315,-2,29,8,12
GME00125218,1230,1315,-2,29,12,10
GME00125218,130,1315,-2,29,1,10
GM000004204,221,1315,-2,29,2,9
GM000004204,1213,1315,-2,29,12,9
GM000004204,212,1315,-2,29,2,9
ITE00100550,119,1315,-2,29,1,11
SZ000006717,1109,1315,-2,29,11,12
AU000005901,219,1315,-2,29,2,3
AU000005901,202,1315,-2,29,2,3
ITE00100550,111,1315,-2,29,1,11
GME00125218,1107,1315,-2,29,11,10
SZ000006717,127,1315,-1,29,1,12
AU000005901,209,1315,-1,29,2,3
SZ000006717,1025,1315,-1,29,10,12
SZ000006717,411,1315,-1,29,4,12
SZ000006717,1004,1315,-1,29,10,12
SZ000006717,304,1315,-1,29,3,12
SZ000006717,306,1315,-1,29,3,12
AU000005901,1212,1315,-1,30,12,3
SZ000006717,1013,1315,-1,30,10,12
SZ000006717,121,1315,-1,30,1,12
ITE00100550,106,1315,-1,30,1,11
SZ000006717,417,1315,-1,30,4,12
ITE00100554,209,1315,-1,30,2,11
AU000005901,1204,1315,-1,30,12,3
GM000004204,206,1315,-1,30,2,9
ITE00100554,105,1315,-1,30,1,11
BE000006447,1215,1315,-1,30,12,4
EZE00100082,1212,1315,-1,30,12,8
ITE00100554,106,1315,-1,30,1,11
SZ000006717,504,1315,-1,30,5,12
SZ000006717,920,1315,-1,30,9,12
SZ000006717,123,1315,-1,30,1,12
SZ000006717,1102,1315,-1,30,11,12
SZ000006717,1028,1315,-1,30,10,12
BE000006447,114,1315,-1,30,1,4
CA006158350,1214,1315,-1,30,12,5
CA006158350,226,1315,-1,30,2,5
CA006158350,1230,1315,-1,30,12,5
GME00125218,1212,1315,-1,30,12,10
ITE00100554,210,1315,-1,30,2,11
CA006158350,302,1315,-1,30,3,5
GM000004204,210,1315,-1,30,2,9
EZE00100082,130,1315,-1,30,1,8
SZ000006717,1027,1315,-1,30,10,12
EZE00100082,1220,1315,-1,30,12,8
ITE00100550,210,1315,-1,30,2,11
AU000005901,1211,1315,-1,30,12,3
AU000005901,130,1315,-1,30,1,3
SZ000006717,1108,1315,-1,30,11,12
BE000006447,220,1315,-1,30,2,4
EZE00100082,1215,1315,-1,30,12,8
AU000005901,1230,1315,-1,30,12,3
SZ000006717,1007,1315,-1,30,10,12
SZ000006717,1229,1315,-1,30,12,12
GM000004204,130,1315,-1,30,1,9
SZ000006717,418,1315,-1,30,4,12
GME00125218,1213,1315,-1,30,12,10
AU000005901,203,1315,-1,30,2,3
SZ000006717,913,1315,-1,30,9,12
ITE00100550,120,1315,-1,30,1,11
ITE00100554,104,1315,-1,30,1,11
AU000005901,1213,1315,-1,30,12,3
AU000005901,212,1315,-1,30,2,3
SZ000006717,811,1315,-1,31,8,12
SZ000006717,1012,1315,-1,31,10,12
GME00125218,1220,1315,-1,31,12,10
AU000005901,210,1315,-1,31,2,3
EZE00100082,1221,1315,-1,31,12,8
AU000005901,1210,1315,-1,31,12,3
SZ000006717,1024,1315,-1,31,10,12
SZ000006717,1010,1315,-1,31,10,12
SZ000006717,1228,1315,-1,31,12,12
AU000005901,1206,1315,-1,31,12,3
UK000056225,219,1315,-1,31,2,13
SZ000006717,1005,1315,-1,31,10,12
ITE00100554,103,1315,-1,31,1,11
GME00125218,407,1315,-1,31,4,10
CA006158350,206,1315,-1,31,2,5
BE000006447,208,1315,-1,31,2,4
CA006158350,1123,1315,-1,31,11,5
ITE00100550,208,1315,-1,31,2,11
CA006158350,1122,1315,-1,31,11,5
GM000004204,1212,1315,-1,31,12,9
BE000006447,1217,1315,0,31,12,4
SZ000006717,1022,1315,0,31,10,12
EZE00100082,1108,1315,0,31,11,8
GME00125218,221,1315,0,31,2,10
AU000005901,408,1315,0,31,4,3
AU000005901,1214,1315,0,31,12,3
AU000005901,1221,1315,0,31,12,3
GME00125218,131,1315,0,31,1,10
GM000004204,1221,1315,0,31,12,9
SZ000006717,212,1315,0,31,2,12
GM000004204,1111,1315,0,31,11,9
ITE00100554,121,1315,0,31,1,11
GME00125218,1228,1315,0,31,12,10
AU000005901,1215,1315,0,31,12,3
GM000004204,1201,1315,0,31,12,9
ITE00100550,107,1315,0,31,1,11
ITE00100550,121,1315,0,31,1,11
ITE00100554,111,1315,0,31,1,11
GME00125218,1208,1315,0,31,12,10
GM000004204,1208,1315,0,31,12,9
BE000006447,115,1315,0,31,1,4
SZ000006717,405,1315,0,31,4,12
EZE00100082,131,1315,0,31,1,8
SZ000006717,318,1315,0,31,3,12
ITE00100554,102,1315,0,31,1,11
GME00125218,201,1315,0,31,2,10
SZ000006717,827,1315,0,31,8,12
SZ000006717,1120,1315,0,31,11,12
EZE00100082,1213,1315,0,31,12,8
EZE00100082,407,1315,0,31,4,8
GME00125218,1204,1315,0,31,12,10
EZE00100082,202,1315,0,31,2,8
BE000006447,116,1315,0,31,1,4
AU000005901,1220,1315,0,31,12,3
GME00125218,1203,1315,0,31,12,10
BE000006447,1222,1315,0,32,12,4
SZ000006717,316,1315,0,32,3,12
BE000006447,1227,1315,0,32,12,4
SZ000006717,1011,1315,0,32,10,12
SZ000006717,501,1315,0,32,5,12
ITE00100554,107,1315,0,32,1,11
AU000005901,1218,1315,0,32,12,3
SZ000006717,1023,1315,0,32,10,12
UK000056225,206,1315,0,32,2,13
UK000056225,1216,1315,0,32,12,13
SZ000006717,527,1315,0,32,5,12
UK000056225,102,1315,0,32,1,13
CA006158350,116,1315,0,32,1,5
CA006158350,1115,1315,0,32,11,5
CA006158350,1210,1315,0,32,12,5
CA006158350,130,1315,0,32,1,5
ITE00100550,104,1315,0,32,1,11
AU000005901,1209,1315,0,32,12,3
ITE00100550,220,1315,0,32,2,11
CA006158350,121,1315,0,32,1,5
CA006158350,1224,1315,0,32,12,5
EIE00101859,1219,1315,0,32,12,7
SZ000006717,1030,1315,0,32,10,12
CA006158350,220,1315,0,32,2,5
GME00125218,206,1315,0,32,2,10
CA006158350,215,1315,0,32,2,5
ITE00100554,220,1315,0,32,2,11
GM000004204,1220,1315,0,32,12,9
EZE00100082,1107,1315,0,32,11,8
UK000056225,1223,1315,0,32,12,13
UK000047811,1225,1315,0,32,12,13
BE000006447,210,1315,0,32,2,4
ITE00100550,131,1315,0,32,1,11
SZ000006717,1020,1315,0,32,10,12
SZ000006717,1103,1315,0,32,11,12
UK000047811,106,1315,0,32,1,13
UK000056225,107,1315,0,32,1,13
EZE00100082,1211,1315,0,32,12,8
SZ000006717,323,1315,0,32,3,12
EZE00100082,206,1315,0,33,2,8
GME00125218,1111,1315,0,33,11,10
AU000005901,1107,1315,0,33,11,3
SZ000006717,422,1315,0,33,4,12
GM000004204,1202,1315,0,33,12,9
UK000047811,107,1315,0,33,1,13
AU000005901,123,1315,0,33,1,3
GME00125218,1108,1315,0,33,11,10
EZE00100082,1229,1315,0,33,12,8
UK000056225,220,1315,0,33,2,13
UK000056225,218,1315,0,33,2,13
SZ000006717,503,1315,0,33,5,12
SZ000006717,421,1315,0,33,4,12
GME00125218,218,1315,0,33,2,10
GM000004204,407,1315,0,33,4,9
UK000056225,1224,1315,0,33,12,13
GM000004204,201,1315,0,33,2,9
UK000056225,1222,1315,0,33,12,13
GME00125218,1202,1315,0,33,12,10
GM000004204,1203,1315,0,33,12,9
BE000006447,221,1315,0,33,2,4
EZE00100082,1203,1315,0,33,12,8
UK000056225,101,1315,0,33,1,13
ITE00100554,109,1315,0,33,1,11
UK000056225,1225,1315,0,33,12,13
AU000005901,208,1315,1,33,2,3
CA006158350,214,1315,1,33,2,5
AU000005901,204,1315,1,33,2,3
CA006158350,323,1315,1,33,3,5
SZ000006717,826,1315,1,33,8,12
CA006158350,1211,1315,1,33,12,5
ITE00100550,110,1315,1,33,1,11
CA006158350,316,1315,1,33,3,5
CA006158350,1113,1315,1,33,11,5
GM000004204,1228,1315,1,33,12,9
AU000005901,1229,1315,1,33,12,3
AU000005901,1219,1315,1,33,12,3
GM000004204,1204,1315,1,33,12,9
SZ000006717,1117,1315,1,33,11,12
BE000006447,218,1315,1,33,2,4
ITE00100554,201,1315,1,33,2,11
SZ000006717,1021,1315,1,33,10,12
ITE00100554,110,1315,1,33,1,11
BE000006447,223,1315,1,33,2,4
BE000006447,206,1315,1,33,2,4
SZ000006717,912,1315,1,33,9,12
EZE00100082,1214,1315,1,33,12,8
GM000004204,218,1315,1,33,2,9
EZE00100082,218,1315,1,33,2,8
GME00125218,120,1315,1,33,1,10
AU000005901,406,1315,1,33,4,3
AU000005901,409,1315,1,33,4,3
GME00125218,225,1315,1,33,2,10
AU000005901,1217,1315,1,33,12,3
SZ000006717,307,1315,1,33,3,12
GM000004204,207,1315,1,33,2,9
GM000004204,1108,1315,1,33,11,9
EZE00100082,1209,1315,1,33,12,8
GM000004204,1107,1315,1,33,11,9
GME00125218,202,1315,1,33,2,10
ITE00100550,102,1315,1,33,1,11
EZE00100082,207,1315,1,34,2,8
EZE00100082,1202,1315,1,34,12,8
GM000004204,1229,1315,1,34,12,9
ITE00100550,122,1315,1,34,1,11
EZE00100082,1121,1315,1,34,11,8
EZE00100082,1210,1315,1,34,12,8
ITE00100550,209,1315,1,34,2,11
UK000056225,1215,1315,1,34,12,13
BE000006447,222,1315,1,34,2,4
ITE00100550,101,1315,1,34,1,11
ITE00100554,108,1315,1,34,1,11
ITE00100554,211,1315,1,34,2,11
BE000006447,129,1315,1,34,1,4
SZ000006717,401,1315,1,34,4,12
BE000006447,211,1315,1,34,2,4
BE000006447,1107,1315,1,34,11,4
SZ000006717,1104,1315,1,34,11,12
CA006158350,112,1315,1,34,1,5
CA006158350,101,1315,1,34,1,5
CA006158350,207,1315,1,34,2,5
CA006158350,1124,1315,1,34,11,5
EIE00101859,105,1315,1,34,1,7
GME00125218,1201,1315,1,34,12,10
ITE00100550,202,1315,1,34,2,11
UK000047811,108,1315,1,34,1,13
GME00125218,1229,1315,1,34,12,10
UK000056225,1226,1315,1,34,12,13
CA006158350,1218,1315,1,34,12,5
GME00125218,1211,1315,1,34,12,10
ITE00100554,131,1315,1,34,1,11
SZ000006717,512,1315,1,34,5,12
SZ000006717,1029,1315,1,34,10,12
ITE00100554,205,1315,1,34,2,11
BE000006447,1111,1315,1,34,11,4
ITE00100550,108,1315,1,34,1,11
SZ000006717,216,1315,1,34,2,12
ITE00100550,109,1315,1,34,1,11
EZE00100082,408,1315,1,34,4,8
AU000005901,407,1315,1,34,4,3
ITE00100550,201,1315,1,34,2,11
GME00125218,205,1315,1,34,2,10
BE000006447,209,1315,1,34,2,4
UK000056225,207,1315,1,35,2,13
ITE00100554,206,1315,1,35,2,11
AU000005901,206,1315,1,35,2,3
AU000005901,1203,1315,2,35,12,3
ITE00100554,1231,1315,2,35,12,11
ITE00100550,206,1315,2,35,2,11
SZ000006717,1026,1315,2,35,10,12
EZE00100082,205,1315,2,35,2,8
BE000006447,1218,1315,2,35,12,4
BE000006447,205,1315,2,35,2,4
GME00125218,1206,1315,2,35,12,10
GME00125218,1205,1315,2,35,12,10
ITE00100550,1225,1315,2,35,12,11
BE000006447,131,1315,2,35,1,4
GM000004204,205,1315,2,35,2,9
ITE00100550,1226,1315,2,35,12,11
GME00125218,224,1315,2,35,2,10
UK000056225,1231,1315,2,35,12,13
GM000004204,131,1315,2,35,1,9
BE000006447,130,1315,2,35,1,4
CA006158350,1114,1315,2,35,11,5
CA006158350,115,1315,2,35,1,5
CA006158350,118,1315,2,35,1,5
EZE00100082,1109,1315,2,35,11,8
EIE00101859,1224,1315,2,35,12,7
EZE00100082,406,1315,2,35,4,8
CA006158350,122,1315,2,35,1,5
ITE00100554,101,1315,2,35,1,11
CA006158350,1216,1315,2,35,12,5
CA006158350,318,1315,2,35,3,5
UK000056225,1230,1315,2,35,12,13
EIE00101859,108,1315,2,35,1,7
CA006158350,203,1315,2,35,2,5
BE000006447,201,1315,2,35,2,4
EIE00101859,106,1315,2,35,1,7
CA006158350,212,1315,2,35,2,5
GM000004204,120,1315,2,35,1,9
SZ000006717,1205,1315,2,35,12,12
SZ000006717,524,1315,2,35,5,12
AU000005901,1108,1315,2,35,11,3
SZ000006717,919,1315,2,35,9,12
BE000006447,1228,1315,2,35,12,4
GME00125218,1112,1315,2,35,11,10
BE000006447,108,1315,2,35,1,4
GM000004204,225,1315,2,35,2,9
BE000006447,113,1315,2,35,1,4
EZE00100082,1110,1315,2,35,11,8
ITE00100554,129,1315,2,35,1,11
EZE00100082,203,1315,2,35,2,8
GM000004204,1109,1315,2,35,11,9
BE000006447,1219,1315,2,35,12,4
SZ000006717,314,1315,2,35,3,12
GME00125218,1209,1315,2,35,12,10
EZE00100082,208,1315,2,35,2,8
GM000004204,1112,1315,2,35,11,9
SZ000006717,1101,1315,2,35,11,12
SZ000006717,416,1315,2,35,4,12
GME00125218,222,1315,2,36,2,10
ITE00100550,1227,1315,2,36,12,11
ITE00100554,221,1315,2,36,2,11
SZ000006717,1031,1315,2,36,10,12
SZ000006717,412,1315,2,36,4,12
GM000004204,1209,1315,2,36,12,9
SZ000006717,1118,1315,2,36,11,12
GME00125218,301,1315,2,36,3,10
ITE00100554,208,1315,2,36,2,11
SZ000006717,1018,1315,2,36,10,12
AU000005901,218,1315,2,36,2,3
ITE00100554,122,1315,2,36,1,11
UK000056225,205,1315,2,36,2,13
ITE00100554,219,1315,2,36,2,11
SZ000006717,629,1315,2,36,6,12
BE000006447,1214,1315,2,36,12,4
ITE00100554,1205,1315,2,36,12,11
BE000006447,224,1315,2,36,2,4
GME00125218,121,1315,2,36,1,10
UK000056225,208,1315,2,36,2,13
GM000004204,1110,1315,2,36,11,9
GME00125218,226,1315,2,36,2,10
UK000056225,221,1315,2,36,2,13
UK000047811,221,1315,2,36,2,13
UK000056225,1217,1315,2,36,12,13
ITE00100554,1207,1315,2,36,12,11
EIE00101859,1225,1315,2,36,12,7
CA006158350,1116,1315,2,36,11,5
CA006158350,205,1315,2,36,2,5
SZ000006717,531,1315,2,36,5,12
SZ000006717,505,1315,2,36,5,12
CA006158350,211,1315,2,36,2,5
SZ000006717,602,1315,2,36,6,12
ITE00100554,123,1315,2,36,1,11
CA006158350,204,1315,2,36,2,5
CA006158350,1228,1315,2,36,12,5
CA006158350,225,1315,2,36,2,5
BE000006447,1106,1315,2,36,11,4
CA006158350,113,1315,2,36,1,5
UK000056225,1221,1315,2,36,12,13
BE000006447,112,1315,2,36,1,4
CA006158350,114,1315,2,36,1,5
SZ000006717,1009,1315,2,36,10,12
BE000006447,1229,1315,2,36,12,4
SZ000006717,1016,1315,2,36,10,12
CA006158350,303,1315,2,36,3,5
ITE00100554,124,1315,2,36,1,11
EZE00100082,1111,1315,2,36,11,8
GM000004204,222,1315,2,36,2,9
ITE00100550,1207,1315,2,36,12,11
GME00125218,406,1315,2,36,4,10
UK000056225,308,1315,2,36,3,13
EZE00100082,1201,1315,2,36,12,8
AU000005901,1111,1315,2,36,11,3
BE000006447,1110,1315,2,36,11,4
GM000004204,1205,1315,2,36,12,9
UK000047811,105,1315,2,36,1,13
GM000004204,1211,1315,2,36,12,9
UK000056225,113,1315,2,36,1,13
SZ000006717,528,1315,2,36,5,12
SZ000006717,1003,1315,2,36,10,12
ITE00100550,123,1315,2,36,1,11
AU000005901,1202,1315,2,36,12,3
GM000004204,229,1315,2,36,2,9
GM000004204,1125,1315,2,36,11,9
GM000004204,226,1315,2,36,2,9
UK000056225,1214,1315,2,36,12,13
AU000005901,1109,1315,2,36,11,3
GM000004204,1207,1315,2,36,12,9
BE000006447,117,1315,2,36,1,4
ITE00100550,212,1315,2,36,2,11
SZ000006717,413,1315,2,36,4,12
GME00125218,1121,1315,2,36,11,10
GM000004204,301,1315,2,36,3,9
GME00125218,1207,1315,2,36,12,10
GM000004204,121,1315,3,37,1,9
SZ000006717,423,1315,3,37,4,12
SZ000006717,404,1315,3,37,4,12
UK000056225,204,1315,3,37,2,13
GM000004204,1206,1315,3,37,12,9
GM000004204,223,1315,3,37,2,9
SZ000006717,317,1315,3,37,3,12
ITE00100554,207,1315,3,37,2,11
SZ000006717,601,1315,3,37,6,12
SZ000006717,904,1315,3,37,9,12
UK000056225,222,1315,3,37,2,13
EZE00100082,1129,1315,3,37,11,8
UK000056225,129,1315,3,37,1,13
ITE00100554,202,1315,3,37,2,11
GME00125218,1110,1315,3,37,11,10
SZ000006717,828,1315,3,37,8,12
CA006158350,131,1315,3,37,1,5
EZE00100082,224,1315,3,37,2,8
CA006158350,227,1315,3,37,2,5
CA006158350,306,1315,3,37,3,5
ITE00100554,1206,1315,3,37,12,11
CA006158350,1105,1315,3,37,11,5
SZ000006717,1105,1315,3,37,11,12
CA006158350,305,1315,3,37,3,5
EZE00100082,1123,1315,3,37,11,8
BE000006447,1203,1315,3,37,12,4
SZ000006717,419,1315,3,37,4,12
CA006158350,221,1315,3,37,2,5
CA006158350,317,1315,3,37,3,5
CA006158350,1204,1315,3,37,12,5
GME00125218,317,1315,3,37,3,10
SZ000006717,303,1315,3,37,3,12
CA006158350,1226,1315,3,37,12,5
GME00125218,1124,1315,3,37,11,10
ITE00100550,207,1315,3,37,2,11
SZ000006717,615,1315,3,37,6,12
UK000056225,112,1315,3,37,1,13
GME00125218,1109,1315,3,37,11,10
UK000047811,1219,1315,3,37,12,13
UK000047811,1224,1315,3,37,12,13
BE000006447,1109,1315,3,37,11,4
AU000005901,318,1315,3,37,3,3
BE000006447,1201,1315,3,37,12,4
ITE00100554,213,1315,3,37,2,11
GME00125218,408,1315,3,37,4,10
EZE00100082,204,1315,3,37,2,8
EZE00100082,1122,1315,3,37,11,8
SZ000006717,322,1315,3,37,3,12
ITE00100550,1205,1315,3,37,12,11
ITE00100550,205,1315,3,37,2,11
SZ000006717,420,1315,3,37,4,12
BE000006447,1202,1315,3,38,12,4
AU000005901,205,1315,3,38,2,3
UK000047811,227,1315,3,38,2,13
GME00125218,1129,1315,3,38,11,10
GM000004204,1210,1315,3,38,12,9
UK000047811,207,1315,3,38,2,13
UK000047811,208,1315,3,38,2,13
GME00125218,1102,1315,3,38,11,10
SZ000006717,502,1315,3,38,5,12
ITE00100550,1206,1315,3,38,12,11
SZ000006717,514,1315,3,38,5,12
GM000004204,408,1315,3,38,4,9
ITE00100550,1213,1315,3,38,12,11
ITE00100550,130,1315,3,38,1,11
SZ000006717,509,1315,3,38,5,12
UK000047811,220,1315,3,38,2,13
BE000006447,225,1315,3,38,2,4
UK000047811,1226,1315,3,38,12,13
ITE00100554,1226,1315,3,38,12,11
SZ000006717,614,1315,3,38,6,12
UK000056225,224,1315,3,38,2,13
UK000056225,225,1315,3,38,2,13
EIE00101859,109,1315,3,38,1,7
CA006158350,126,1315,3,38,1,5
CA006158350,313,1315,3,38,3,5
BE000006447,1108,1315,3,38,11,4
CA006158350,312,1315,3,38,3,5
GME00125218,126,1315,3,38,1,10
GME00125218,1210,1315,3,38,12,10
CA006158350,1217,1315,3,38,12,5
CA006158350,410,1315,3,38,4,5
CA006158350,314,1315,3,38,3,5
GME00125218,203,1315,3,38,2,10
CA006158350,310,1315,3,38,3,5
GME00125218,204,1315,3,38,2,10
CA006158350,1207,1315,3,38,12,5
ITE00100550,1231,1315,3,38,12,11
CA006158350,202,1315,3,38,2,5
GM000004204,1121,1315,3,38,11,9
UK000056225,223,1315,3,38,2,13
CA006158350,1219,1315,3,38,12,5
GME00125218,129,1315,3,38,1,10
CA006158350,129,1315,3,38,1,5
CA006158350,117,1315,3,38,1,5
BE000006447,118,1315,3,38,1,4
EIE00101859,107,1315,3,38,1,7
CA006158350,1225,1315,3,38,12,5
SZ000006717,616,1315,3,38,6,12
CA006158350,330,1315,3,38,3,5
SZ000006717,704,1315,3,38,7,12
ITE00100554,1225,1315,3,38,12,11
GME00125218,1103,1315,3,38,11,10
EZE00100082,225,1315,3,38,2,8
EZE00100082,221,1315,3,38,2,8
GME00125218,1106,1315,3,38,11,10
GM000004204,1106,1315,3,38,11,9
AU000005901,1110,1315,3,38,11,3
UK000056225,128,1315,3,38,1,13
GME00125218,1030,1315,3,38,10,10
ITE00100554,1213,1315,3,38,12,11
EZE00100082,317,1315,3,38,3,8
ITE00100550,129,1315,4,38,1,11
GME00125218,302,1315,4,38,3,10
EZE00100082,1113,1315,4,38,11,8
BE000006447,109,1315,4,38,1,4
ITE00100554,217,1315,4,38,2,11
ITE00100554,214,1315,4,38,2,11
GM000004204,203,1315,4,38,2,9
SZ000006717,608,1315,4,38,6,12
UK000047811,219,1315,4,38,2,13
GME00125218,127,1315,4,38,1,10
GM000004204,129,1315,4,38,1,9
GME00125218,1130,1315,4,38,11,10
SZ000006717,921,1315,4,38,9,12
SZ000006717,414,1315,4,38,4,12
UK000047811,308,1315,4,39,3,13
UK000047811,209,1315,4,39,2,13
EZE00100082,302,1315,4,39,3,8
BE000006447,111,1315,4,39,1,4
EZE00100082,405,1315,4,39,4,8
ITE00100554,127,1315,4,39,1,11
SZ000006717,613,1315,4,39,6,12
SZ000006717,611,1315,4,39,6,12
UK000056225,209,1315,4,39,2,13
GM000004204,1129,1315,4,39,11,9
EZE00100082,1112,1315,4,39,11,8
GM000004204,202,1315,4,39,2,9
UK000047811,222,1315,4,39,2,13
BE000006447,226,1315,4,39,2,4
GM000004204,1124,1315,4,39,11,9
ITE00100550,214,1315,4,39,2,11
ITE00100550,125,1315,4,39,1,11
ITE00100550,213,1315,4,39,2,11
SZ000006717,315,1315,4,39,3,12
AU000005901,1031,1315,4,39,10,3
GME00125218,223,1315,4,39,2,10
BE000006447,1220,1315,4,39,12,4
GM000004204,1103,1315,4,39,11,9
ITE00100550,1208,1315,4,39,12,11
CA006158350,1205,1315,4,39,12,5
CA006158350,309,1315,4,39,3,5
BE000006447,1221,1315,4,39,12,4
CA006158350,1125,1315,4,39,11,5
ITE00100554,130,1315,4,39,1,11
CA006158350,213,1315,4,39,2,5
CA006158350,331,1315,4,39,3,5
SZ000006717,905,1315,4,39,9,12
UK000056225,217,1315,4,39,2,13
CA006158350,1112,1315,4,39,11,5
GM000004204,406,1315,4,39,4,9
ITE00100550,124,1315,4,39,1,11
EZE00100082,1102,1315,4,39,11,8
GM000004204,1102,1315,4,39,11,9
GM000004204,224,1315,4,39,2,9
EZE00100082,129,1315,4,39,1,8
ITE00100550,1223,1315,4,39,12,11
SZ000006717,923,1315,4,39,9,12
UK000047811,1218,1315,4,39,12,13
UK000047811,1231,1315,4,39,12,13
ITE00100550,219,1315,4,39,2,11
SZ000006717,215,1315,4,39,2,12
ITE00100550,1224,1315,4,39,12,11
GME00125218,125,1315,4,39,1,10
SZ000006717,427,1315,4,39,4,12
UK000047811,103,1315,4,39,1,13
GM000004204,126,1315,4,39,1,9
UK000047811,1209,1315,4,39,12,13
BE000006447,202,1315,4,39,2,4
SZ000006717,522,1315,4,39,5,12
ITE00100554,222,1315,4,39,2,11
ITE00100554,212,1315,4,39,2,11
GM000004204,1030,1315,4,39,10,9
UK000047811,1222,1315,4,40,12,13
BE000006447,1102,1315,4,40,11,4
UK000047811,224,1315,4,40,2,13
ITE00100554,1208,1315,4,40,12,11
SZ000006717,1001,1315,4,40,10,12
UK000047811,223,1315,4,40,2,13
SZ000006717,1002,1315,4,40,10,12
SZ000006717,513,1315,4,40,5,12
BE000006447,110,1315,4,40,1,4
SZ000006717,916,1315,4,40,9,12
UK000047811,225,1315,4,40,2,13
ITE00100554,1223,1315,4,40,12,11
ITE00100554,1224,1315,4,40,12,11
UK000047811,102,1315,4,40,1,13
ITE00100554,1211,1315,4,40,12,11
UK000047811,104,1315,4,40,1,13
AU000005901,411,1315,4,40,4,3
UK000056225,307,1315,4,40,3,13
EZE00100082,1103,1315,4,40,11,8
EZE00100082,1130,1315,4,40,11,8
AU000005901,1112,1315,4,40,11,3
GME00125218,228,1315,4,40,2,10
ITE00100554,125,1315,4,40,1,11
UK000056225,1213,1315,4,40,12,13
AU000005901,221,1315,4,40,2,3
GM000004204,1130,1315,4,40,11,9
GM000004204,204,1315,4,40,2,9
UK000056225,115,1315,4,40,1,13
GM000004204,317,1315,4,40,3,9
ITE00100550,222,1315,4,40,2,11
CA006158350,327,1315,4,40,3,5
CA006158350,412,1315,4,40,4,5
CA006158350,401,1315,4,40,4,5
BE000006447,204,1315,4,40,2,4
EZE00100082,1124,1315,4,40,11,8
ITE00100550,217,1315,4,40,2,11
ITE00100550,127,1315,4,40,1,11
EZE00100082,1106,1315,4,40,11,8
AU000005901,1103,1315,4,40,11,3
UK000056225,1110,1315,4,40,11,13
EZE00100082,318,1315,4,40,3,8
UK000056225,108,1315,4,40,1,13
CA006158350,1119,1315,4,40,11,5
CA006158350,125,1315,4,40,1,5
UK000056225,114,1315,4,40,1,13
ITE00100550,1214,1315,4,40,12,11
EIE00101859,1222,1315,4,40,12,7
UK000047811,1220,1315,4,40,12,13
AU000005901,1113,1315,4,40,11,3
GME00125218,405,1315,4,40,4,10
GME00125218,402,1315,4,40,4,10
SZ000006717,617,1315,4,40,6,12
AU000005901,207,1315,4,40,2,3
ITE00100550,1212,1315,5,40,12,11
SZ000006717,917,1315,5,40,9,12
EZE00100082,126,1315,5,40,1,8
AU000005901,1122,1315,5,40,11,3
GME00125218,229,1315,5,40,2,10
AU000005901,317,1315,5,40,3,3
UK000047811,1221,1315,5,40,12,13
ITE00100550,128,1315,5,40,1,11
GME00125218,409,1315,5,40,4,10
UK000047811,205,1315,5,40,2,13
UK000047811,1217,1315,5,40,12,13
SZ000006717,428,1315,5,40,4,12
AU000005901,1201,1315,5,40,12,3
SZ000006717,701,1315,5,40,7,12
SZ000006717,630,1315,5,40,6,12
UK000047811,228,1315,5,40,2,13
BE000006447,125,1315,5,40,1,4
SZ000006717,1008,1315,5,41,10,12
AU000005901,228,1315,5,41,2,3
AU000005901,302,1315,5,41,3,3
UK000047811,1124,1315,5,41,11,13
SZ000006717,523,1315,5,41,5,12
GME00125218,319,1315,5,41,3,10
UK000047811,307,1315,5,41,3,13
SZ000006717,425,1315,5,41,4,12
AU000005901,1121,1315,5,41,11,3
EZE00100082,1031,1315,5,41,10,8
SZ000006717,415,1315,5,41,4,12
ITE00100554,1210,1315,5,41,12,11
UK000047811,309,1315,5,41,3,13
UK000056225,1123,1315,5,41,11,13
UK000047811,206,1315,5,41,2,13
UK000056225,1220,1315,5,41,12,13
BE000006447,119,1315,5,41,1,4
GME00125218,227,1315,5,41,2,10
EZE00100082,122,1315,5,41,1,8
UK000056225,203,1315,5,41,2,13
CA006158350,328,1315,5,41,3,5
CA006158350,1117,1315,5,41,11,5
CA006158350,1102,1315,5,41,11,5
ITE00100550,1222,1315,5,41,12,11
GME00125218,316,1315,5,41,3,10
ITE00100550,1230,1315,5,41,12,11
ITE00100550,1107,1315,5,41,11,11
AU000005901,215,1315,5,41,2,3
EZE00100082,127,1315,5,41,1,8
CA006158350,228,1315,5,41,2,5
CA006158350,326,1315,5,41,3,5
ITE00100554,1107,1315,5,41,11,11
ITE00100550,223,1315,5,41,2,11
CA006158350,405,1315,5,41,4,5
GME00125218,318,1315,5,41,3,10
SZ000006717,906,1315,5,41,9,12
ITE00100550,203,1315,5,41,2,11
BE000006447,217,1315,5,41,2,4
GME00125218,1125,1315,5,41,11,10
EIE00101859,110,1315,5,41,1,7
ITE00100550,1111,1315,5,41,11,11
SZ000006717,526,1315,5,41,5,12
EIE00101859,224,1315,5,41,2,7
ITE00100554,1214,1315,5,41,12,11
GM000004204,1128,1315,5,41,11,9
GM000004204,125,1315,5,41,1,9
BE000006447,1213,1315,5,41,12,4
GM000004204,1120,1315,5,41,11,9
GME00125218,1122,1315,5,41,11,10
UK000047811,1215,1315,5,41,12,13
UK000047811,1223,1315,5,41,12,13
AU000005901,1105,1315,5,41,11,3
SZ000006717,812,1315,5,41,8,12
SZ000006717,510,1315,5,41,5,12
ITE00100554,215,1315,5,41,2,11
EZE00100082,1030,1315,5,41,10,8
GME00125218,1113,1315,5,41,11,10
GME00125218,1128,1315,5,41,11,10
UK000047811,1227,1315,5,41,12,13
SZ000006717,525,1315,5,41,5,12
BE000006447,203,1315,5,41,2,4
UK000047811,226,1315,5,41,2,13
SZ000006717,719,1315,5,41,7,12
UK000047811,204,1315,5,41,2,13
SZ000006717,529,1315,5,41,5,12
ITE00100550,126,1315,5,42,1,11
GME00125218,504,1315,5,42,5,10
UK000047811,203,1315,5,42,2,13
UK000047811,210,1315,5,42,2,13
GME00125218,122,1315,5,42,1,10
SZ000006717,609,1315,5,42,6,12
AU000005901,1124,1315,5,42,11,3
GME00125218,1031,1315,5,42,10,10
EZE00100082,1126,1315,5,42,11,8
GME00125218,1105,1315,5,42,11,10
SZ000006717,214,1315,5,42,2,12
AU000005901,410,1315,5,42,4,3
GM000004204,318,1315,5,42,3,9
ITE00100550,204,1315,5,42,2,11
UK000056225,404,1315,5,42,4,13
UK000056225,111,1315,5,42,1,13
AU000005901,1106,1315,5,42,11,3
SZ000006717,918,1315,5,42,9,12
SZ000006717,925,1315,5,42,9,12
SZ000006717,824,1315,5,42,8,12
GM000004204,405,1315,5,42,4,9
AU000005901,1129,1315,5,42,11,3
GME00125218,1101,1315,5,42,11,10
UK000056225,1229,1315,6,42,12,13
EZE00100082,409,1315,6,42,4,8
UK000056225,1227,1315,6,42,12,13
EZE00100082,319,1315,6,42,3,8
EZE00100082,213,1315,6,42,2,8
UK000056225,1106,1315,6,42,11,13
AU000005901,319,1315,6,42,3,3
GM000004204,1118,1315,6,42,11,9
AU000005901,126,1315,6,42,1,3
UK000056225,116,1315,6,42,1,13
EZE00100082,301,1315,6,42,3,8
AU000005901,1101,1315,6,42,11,3
CA006158350,222,1315,6,42,2,5
CA006158350,224,1315,6,42,2,5
GM000004204,1031,1315,6,42,10,9
CA006158350,1111,1315,6,42,11,5
EZE00100082,1127,1315,6,42,11,8
EIE00101859,228,1315,6,42,2,7
AU000005901,229,1315,6,42,2,3
CA006158350,1101,1315,6,42,11,5
EZE00100082,1101,1315,6,42,11,8
EIE00101859,225,1315,6,42,2,7
ITE00100550,1204,1315,6,42,12,11
ITE00100554,1209,1315,6,42,12,11
CA006158350,325,1315,6,42,3,5
CA006158350,123,1315,6,42,1,5
GME00125218,1120,1315,6,42,11,10
UK000056225,325,1315,6,42,3,13
EIE00101859,1226,1315,6,42,12,7
AU000005901,129,1315,6,42,1,3
CA006158350,311,1315,6,42,3,5
GME00125218,213,1315,6,42,2,10
CA006158350,308,1315,6,42,3,5
GM000004204,1101,1315,6,42,11,9
SZ000006717,814,1315,6,42,8,12
CA006158350,307,1315,6,42,3,5
ITE00100554,1212,1315,6,42,12,11
EZE00100082,1003,1315,6,42,10,8
CA006158350,329,1315,6,42,3,5
EIE00101859,1218,1315,6,42,12,7
ITE00100554,1221,1315,6,42,12,11
SZ000006717,924,1315,6,42,9,12
GME00125218,1127,1315,6,42,11,10
BE000006447,126,1315,6,42,1,4
ITE00100554,1124,1315,6,42,11,11
BE000006447,1130,1315,6,42,11,4
ITE00100554,1220,1315,6,42,12,11
UK000056225,226,1315,6,42,2,13
ITE00100554,1230,1315,6,42,12,11
UK000047811,1216,1315,6,42,12,13
ITE00100554,223,1315,6,42,2,11
EZE00100082,320,1315,6,42,3,8
AU000005901,301,1315,6,42,3,3
ITE00100554,126,1315,6,42,1,11
EZE00100082,226,1315,6,42,2,8
UK000056225,109,1315,6,42,1,13
ITE00100554,1123,1315,6,42,11,11
GM000004204,302,1315,6,42,3,9
ITE00100554,1126,1315,6,42,11,11
ITE00100554,218,1315,6,42,2,11
UK000047811,109,1315,6,42,1,13
ITE00100554,1222,1315,6,42,12,11
GM000004204,1113,1315,6,42,11,9
AU000005901,1102,1315,6,42,11,3
SZ000006717,627,1315,6,42,6,12
AU000005901,1116,1315,6,43,11,3
AU000005901,227,1315,6,43,2,3
UK000047811,326,1315,6,43,3,13
AU000005901,225,1315,6,43,2,3
GM000004204,127,1315,6,43,1,9
ITE00100550,1108,1315,6,43,11,11
ITE00100554,216,1315,6,43,2,11
UK000047811,101,1315,6,43,1,13
GME00125218,1104,1315,6,43,11,10
BE000006447,1125,1315,6,43,11,4
UK000047811,218,1315,6,43,2,13
UK000047811,1123,1315,6,43,11,13
ITE00100554,1129,1315,6,43,11,11
AU000005901,223,1315,6,43,2,3
ITE00100554,226,1315,6,43,2,11
AU000005901,1127,1315,6,43,11,3
SZ000006717,930,1315,6,43,9,12
SZ000006717,619,1315,6,43,6,12
ITE00100550,1210,1315,6,43,12,11
GM000004204,122,1315,6,43,1,9
EZE00100082,1005,1315,6,43,10,8
EIE00101859,1220,1315,6,43,12,7
CA006158350,1121,1315,6,43,11,5
CA006158350,1118,1315,6,43,11,5
BE000006447,1204,1315,6,43,12,4
GM000004204,1105,1315,6,43,11,9
CA006158350,1227,1315,6,43,12,5
CA006158350,1120,1315,6,43,11,5
EZE00100082,1128,1315,6,43,11,8
GME00125218,1126,1315,6,43,11,10
EZE00100082,504,1315,6,43,5,8
CA006158350,1202,1315,6,43,12,5
EIE00101859,1217,1315,6,43,12,7
EIE00101859,121,1315,6,43,1,7
BE000006447,1208,1315,6,43,12,4
GM000004204,1117,1315,6,43,11,9
CA006158350,1206,1315,6,43,12,5
CA006158350,1126,1315,6,43,11,5
CA006158350,201,1315,6,43,2,5
CA006158350,127,1315,6,43,1,5
CA006158350,1031,1315,6,43,10,5
CA006158350,402,1315,6,43,4,5
EZE00100082,229,1315,6,43,2,8
EIE00101859,1223,1315,6,43,12,7
UK000056225,130,1315,6,43,1,13
BE000006447,1101,1315,6,43,11,4
BE000006447,1209,1315,6,43,12,4
EZE00100082,1114,1315,6,43,11,8
ITE00100554,1227,1315,6,43,12,11
EZE00100082,125,1315,6,43,1,8
ITE00100554,128,1315,6,43,1,11
ITE00100554,1111,1315,6,43,11,11
SZ000006717,515,1315,6,43,5,12
BE000006447,1126,1315,6,43,11,4
BE000006447,1103,1315,6,43,11,4
ITE00100550,1228,1315,6,43,12,11
ITE00100550,1221,1315,6,43,12,11
UK000056225,216,1315,6,43,2,13
GME00125218,303,1315,6,43,3,10
GME00125218,1005,1315,6,43,10,10
UK000056225,1228,1315,6,43,12,13
ITE00100550,407,1315,6,43,4,11
GM000004204,1127,1315,6,43,11,9
SZ000006717,213,1315,6,44,2,12
GM000004204,328,1315,6,44,3,9
SZ000006717,903,1315,6,44,9,12
UK000047811,217,1315,6,44,2,13
UK000047811,1110,1315,6,44,11,13
UK000047811,229,1315,6,44,2,13
UK000047811,202,1315,6,44,2,13
UK000047811,120,1315,6,44,1,13
ITE00100554,1204,1315,6,44,12,11
SZ000006717,708,1315,6,44,7,12
GME00125218,1004,1315,6,44,10,10
GME00125218,1117,1315,6,44,11,10
UK000047811,301,1315,6,44,3,13
AU000005901,1130,1315,6,44,11,3
UK000047811,211,1315,6,44,2,13
AU000005901,303,1315,6,44,3,3
GME00125218,214,1315,6,44,2,10
ITE00100550,1209,1315,6,44,12,11
UK000056225,1218,1315,6,44,12,13
SZ000006717,424,1315,6,44,4,12
GME00125218,1118,1315,6,44,11,10
EZE00100082,227,1315,6,44,2,8
ITE00100550,1127,1315,6,44,11,11
SZ000006717,927,1315,6,44,9,12
EZE00100082,1118,1315,6,44,11,8
ITE00100550,1203,1315,6,44,12,11
UK000047811,1109,1315,6,44,11,13
GM000004204,409,1315,6,44,4,9
SZ000006717,914,1315,6,44,9,12
BE000006447,1112,1315,6,44,11,4
ITE00100554,203,1315,6,44,2,11
EZE00100082,222,1315,6,44,2,8
UK000047811,118,1315,6,44,1,13
UK000056225,1109,1315,7,44,11,13
GME00125218,124,1315,7,44,1,10
GME00125218,328,1315,7,44,3,10
BE000006447,120,1315,7,44,1,4
AU000005901,125,1315,7,44,1,3
EZE00100082,123,1315,7,44,1,8
GME00125218,506,1315,7,44,5,10
BE000006447,329,1315,7,44,3,4
GME00125218,505,1315,7,44,5,10
GME00125218,128,1315,7,44,1,10
ITE00100550,1211,1315,7,44,12,11
SZ000006717,624,1315,7,44,6,12
SZ000006717,620,1315,7,44,6,12
GM000004204,402,1315,7,44,4,9
SZ000006717,829,1315,7,44,8,12
BE000006447,124,1315,7,44,1,4
GM000004204,1126,1315,7,44,11,9
ITE00100550,225,1315,7,44,2,11
UK000056225,321,1315,7,44,3,13
ITE00100550,228,1315,7,44,2,11
EZE00100082,228,1315,7,44,2,8
GME00125218,1123,1315,7,44,11,10
UK000056225,210,1315,7,44,2,13
EIE00101859,222,1315,7,44,2,7
EIE00101859,111,1315,7,44,1,7
EIE00101859,226,1315,7,44,2,7
CA006158350,511,1315,7,44,5,5
EIE00101859,103,1315,7,44,1,7
CA006158350,324,1315,7,44,3,5
UK000047811,1208,1315,7,44,12,13
EIE00101859,122,1315,7,44,1,7
CA006158350,413,1315,7,44,4,5
EZE00100082,323,1315,7,44,3,8
CA006158350,124,1315,7,44,1,5
SZ000006717,707,1315,7,44,7,12
ITE00100554,1203,1315,7,44,12,11
CA006158350,409,1315,7,44,4,5
BE000006447,127,1315,7,44,1,4
ITE00100554,1125,1315,7,44,11,11
CA006158350,128,1315,7,44,1,5
SZ000006717,607,1315,7,44,6,12
EIE00101859,120,1315,7,44,1,7
CA006158350,427,1315,7,44,4,5
CA006158350,1103,1315,7,44,11,5
EIE00101859,118,1315,7,44,1,7
CA006158350,1104,1315,7,44,11,5
UK000047811,113,1315,7,44,1,13
UK000056225,117,1315,7,44,1,13
BE000006447,327,1315,7,44,3,4
ITE00100550,226,1315,7,44,2,11
UK000047811,216,1315,7,44,2,13
AU000005901,1030,1315,7,44,10,3
BE000006447,1205,1315,7,44,12,4
EZE00100082,1120,1315,7,44,11,8
SZ000006717,1017,1315,7,44,10,12
GME00125218,329,1315,7,44,3,10
UK000047811,327,1315,7,44,3,13
GM000004204,504,1315,7,44,5,9
EZE00100082,328,1315,7,44,3,8
GM000004204,1122,1315,7,44,11,9
GME00125218,313,1315,7,44,3,10
SZ000006717,928,1315,7,44,9,12
UK000047811,306,1315,7,44,3,13
AU000005901,217,1315,7,44,2,3
ITE00100550,229,1315,7,44,2,11
UK000047811,114,1315,7,44,1,13
UK000047811,1126,1315,7,44,11,13
ITE00100550,1215,1315,7,44,12,11
GM000004204,319,1315,7,45,3,9
AU000005901,1123,1315,7,45,11,3
AU000005901,213,1315,7,45,2,3
GME00125218,320,1315,7,45,3,10
BE000006447,128,1315,7,45,1,4
AU000005901,405,1315,7,45,4,3
GM000004204,1003,1315,7,45,10,9
ITE00100554,1202,1315,7,45,12,11
AU000005901,504,1315,7,45,5,3
GME00125218,404,1315,7,45,4,10
SZ000006717,929,1315,7,45,9,12
SZ000006717,530,1315,7,45,5,12
GME00125218,324,1315,7,45,3,10
GME00125218,422,1315,7,45,4,10
EZE00100082,501,1315,7,45,5,8
SZ000006717,618,1315,7,45,6,12
ITE00100554,224,1315,7,45,2,11
GME00125218,503,1315,7,45,5,10
ITE00100550,1229,1315,7,45,12,11
EZE00100082,303,1315,7,45,3,8
AU000005901,1128,1315,7,45,11,3
GM000004204,1104,1315,7,45,11,9
GME00125218,502,1315,7,45,5,10
AU000005901,1125,1315,7,45,11,3
GM000004204,228,1315,7,45,2,9
ITE00100554,1108,1315,7,45,11,11
GM000004204,1004,1315,7,45,10,9
SZ000006717,915,1315,7,45,9,12
ITE00100550,1112,1315,7,45,11,11
GME00125218,403,1315,7,45,4,10
EZE00100082,1125,1315,7,45,11,8
UK000056225,123,1315,7,45,1,13
CA006158350,1024,1315,7,45,10,5
EIE00101859,113,1315,7,45,1,7
EZE00100082,1015,1315,7,45,10,8
EIE00101859,1221,1315,7,45,12,7
CA006158350,414,1315,7,45,4,5
CA006158350,403,1315,7,45,4,5
CA006158350,419,1315,7,45,4,5
CA006158350,1008,1315,7,45,10,5
EIE00101859,1230,1315,7,45,12,7
BE000006447,214,1315,7,45,2,4
EIE00101859,1231,1315,7,45,12,7
CA006158350,1127,1315,7,45,11,5
CA006158350,223,1315,7,45,2,5
EIE00101859,119,1315,7,45,1,7
SZ000006717,516,1315,7,45,5,12
EIE00101859,1216,1315,7,45,12,7
UK000047811,311,1315,7,45,3,13
EIE00101859,223,1315,7,45,2,7
EZE00100082,128,1315,7,45,1,8
UK000056225,1124,1315,7,45,11,13
EIE00101859,1215,1315,7,45,12,7
EIE00101859,221,1315,7,45,2,7
EIE00101859,1227,1315,7,45,12,7
EIE00101859,227,1315,7,45,2,7
CA006158350,1201,1315,7,45,12,5
UK000056225,110,1315,7,45,1,13
GME00125218,217,1315,7,45,2,10
UK000047811,310,1315,7,45,3,13
ITE00100550,1123,1315,7,45,11,11
ITE00100554,1218,1315,7,45,12,11
UK000047811,1021,1315,7,45,10,13
GME00125218,1015,1315,7,45,10,10
EZE00100082,223,1315,7,45,2,8
GME00125218,1114,1315,7,45,11,10
ITE00100554,227,1315,7,45,2,11
ITE00100550,1202,1315,7,45,12,11
UK000047811,1230,1315,7,45,12,13
ITE00100554,1216,1315,7,45,12,11
UK000056225,1219,1315,7,45,12,13
SZ000006717,603,1315,7,45,6,12
GME00125218,215,1315,7,45,2,10
UK000047811,1229,1315,7,45,12,13
UK000047811,110,1315,7,45,1,13
GME00125218,413,1315,7,45,4,10
GM000004204,322,1315,7,45,3,9
GME00125218,414,1315,7,45,4,10
GME00125218,1003,1315,7,45,10,10
ITE00100550,1219,1315,8,46,12,11
GM000004204,321,1315,8,46,3,9
GME00125218,524,1315,8,46,5,10
ITE00100550,218,1315,8,46,2,11
AU000005901,127,1315,8,46,1,3
ITE00100550,215,1315,8,46,2,11
GME00125218,331,1315,8,46,3,10
ITE00100554,225,1315,8,46,2,11
EZE00100082,413,1315,8,46,4,8
AU000005901,1005,1315,8,46,10,3
ITE00100550,1124,1315,8,46,11,11
EZE00100082,1115,1315,8,46,11,8
BE000006447,1121,1315,8,46,11,4
GM000004204,323,1315,8,46,3,9
BE000006447,1129,1315,8,46,11,4
ITE00100554,407,1315,8,46,4,11
BE000006447,1127,1315,8,46,11,4
EZE00100082,410,1315,8,46,4,8
UK000056225,320,1315,8,46,3,13
EZE00100082,1004,1315,8,46,10,8
GM000004204,215,1315,8,46,2,9
UK000047811,124,1315,8,46,1,13
ITE00100550,1218,1315,8,46,12,11
SZ000006717,902,1315,8,46,9,12
ITE00100550,1121,1315,8,46,11,11
BE000006447,1206,1315,8,46,12,4
SZ000006717,706,1315,8,46,7,12
UK000047811,316,1315,8,46,3,13
ITE00100550,1220,1315,8,46,12,11
ITE00100554,204,1315,8,46,2,11
BE000006447,1116,1315,8,46,11,4
UK000056225,1122,1315,8,46,11,13
EZE00100082,124,1315,8,46,1,8
UK000047811,1125,1315,8,46,11,13
EZE00100082,402,1315,8,46,4,8
SZ000006717,506,1315,8,46,5,12
UK000056225,1111,1315,8,46,11,13
BE000006447,1120,1315,8,46,11,4
UK000047811,1111,1315,8,46,11,13
UK000047811,302,1315,8,46,3,13
UK000056225,1114,1315,8,46,11,13
UK000056225,1125,1315,8,46,11,13
BE000006447,406,1315,8,46,4,4
UK000056225,1208,1315,8,46,12,13
EZE00100082,403,1315,8,46,4,8
EIE00101859,1126,1315,8,46,11,7
EIE00101859,116,1315,8,46,1,7
BE000006447,316,1315,8,46,3,4
EIE00101859,1229,1315,8,46,12,7
EIE00101859,104,1315,8,46,1,7
EIE00101859,220,1315,8,46,2,7
UK000056225,301,1315,8,46,3,13
SZ000006717,922,1315,8,46,9,12
EIE00101859,102,1315,8,46,1,7
UK000056225,1212,1315,8,46,12,13
EZE00100082,1104,1315,8,46,11,8
BE000006447,1210,1315,8,46,12,4
GME00125218,411,1315,8,46,4,10
ITE00100550,408,1315,8,46,4,11
EZE00100082,1116,1315,8,46,11,8
GM000004204,1123,1315,8,46,11,9
EIE00101859,114,1315,8,46,1,7
GME00125218,323,1315,8,46,3,10
CA006158350,407,1315,8,46,4,5
EZE00100082,404,1315,8,46,4,8
CA006158350,404,1315,8,46,4,5
ITE00100550,224,1315,8,46,2,11
ITE00100554,228,1315,8,46,2,11
EIE00101859,208,1315,8,46,2,7
GM000004204,128,1315,8,46,1,9
AU000005901,1104,1315,8,46,11,3
ITE00100550,1110,1315,8,46,11,11
ITE00100554,306,1315,8,46,3,11
SZ000006717,714,1315,8,46,7,12
GM000004204,313,1315,8,46,3,9
UK000056225,1207,1315,8,46,12,13
BE000006447,407,1315,8,46,4,4
UK000056225,1107,1315,8,46,11,13
GM000004204,1119,1315,8,46,11,9
SZ000006717,511,1315,8,46,5,12
UK000047811,1228,1315,8,46,12,13
BE000006447,312,1315,8,46,3,4
BE000006447,408,1315,8,46,4,4
ITE00100550,304,1315,8,46,3,11
BE000006447,1123,1315,8,46,11,4
AU000005901,416,1315,8,46,4,3
SZ000006717,813,1315,8,46,8,12
SZ000006717,705,1315,8,46,7,12
UK000056225,1130,1315,8,46,11,13
UK000047811,322,1315,8,46,3,13
UK000047811,125,1315,8,46,1,13
ITE00100554,304,1315,8,46,3,11
UK000047811,111,1315,8,46,1,13
UK000056225,405,1315,8,46,4,13
UK000047811,119,1315,8,46,1,13
GM000004204,1015,1315,8,46,10,9
GM000004204,124,1315,8,46,1,9
EZE00100082,316,1315,8,46,3,8
SZ000006717,926,1315,8,46,9,12
AU000005901,304,1315,8,46,3,3
ITE00100554,1217,1315,8,46,12,11
ITE00100550,1116,1315,8,46,11,11
AU000005901,330,1315,8,46,3,3
BE000006447,1124,1315,8,46,11,4
SZ000006717,823,1315,8,46,8,12
AU000005901,1120,1315,8,47,11,3
UK000047811,401,1315,8,47,4,13
GME00125218,330,1315,8,47,3,10
ITE00100550,216,1315,8,47,2,11
EZE00100082,1002,1315,8,47,10,8
ITE00100550,328,1315,8,47,3,11
AU000005901,1003,1315,8,47,10,3
UK000047811,323,1315,8,47,3,13
ITE00100550,1106,1315,8,47,11,11
BE000006447,328,1315,8,47,3,4
UK000056225,1209,1315,8,47,12,13
UK000047811,112,1315,8,47,1,13
ITE00100550,227,1315,8,47,2,11
GM000004204,227,1315,8,47,2,9
UK000047811,1116,1315,8,47,11,13
UK000047811,303,1315,8,47,3,13
UK000047811,1107,1315,8,47,11,13
UK000047811,312,1315,8,47,3,13
BE000006447,1104,1315,8,47,11,4
GM000004204,312,1315,8,47,3,9
SZ000006717,911,1315,8,47,9,12
UK000047811,1112,1315,8,47,11,13
BE000006447,212,1315,8,47,2,4
UK000056225,1101,1315,8,47,11,13
SZ000006717,426,1315,8,47,4,12
UK000056225,315,1315,8,47,3,13
EZE00100082,1016,1315,8,47,10,8
BE000006447,1031,1315,8,47,10,4
BE000006447,1030,1315,8,47,10,4
BE000006447,330,1315,8,47,3,4
EZE00100082,217,1315,8,47,2,8
ITE00100554,1201,1315,8,47,12,11
UK000056225,326,1315,8,47,3,13
UK000056225,1108,1315,8,47,11,13
BE000006447,1207,1315,8,47,12,4
GME00125218,312,1315,8,47,3,10
BE000006447,1105,1315,8,47,11,4
UK000056225,327,1315,8,47,3,13
AU000005901,1119,1315,8,47,11,3
ITE00100550,330,1315,8,47,3,11
GME00125218,304,1315,8,47,3,10
AU000005901,403,1315,8,47,4,3
EZE00100082,416,1315,8,47,4,8
GME00125218,305,1315,8,47,3,10
UK000056225,1105,1315,8,47,11,13
EIE00101859,203,1315,8,47,2,7
AU000005901,1126,1315,8,47,11,3
AU000005901,1004,1315,8,47,10,3
EIE00101859,125,1315,8,47,1,7
EIE00101859,306,1315,8,47,3,7
GME00125218,216,1315,8,47,2,10
GME00125218,306,1315,8,47,3,10
EIE00101859,115,1315,8,47,1,7
CA006158350,1110,1315,8,47,11,5
EZE00100082,1006,1315,8,47,10,8
GM000004204,217,1315,8,47,2,9
EZE00100082,1119,1315,8,47,11,8
GME00125218,501,1315,8,47,5,10
UK000047811,1201,1315,8,47,12,13
GME00125218,322,1315,8,47,3,10
GME00125218,123,1315,8,47,1,10
GM000004204,411,1315,8,47,4,9
CA006158350,411,1315,8,47,4,5
EIE00101859,112,1315,8,47,1,7
EIE00101859,206,1315,8,47,2,7
UK000056225,1031,1315,8,47,10,13
GME00125218,1116,1315,8,47,11,10
GME00125218,321,1315,8,47,3,10
EIE00101859,1127,1315,8,47,11,7
GME00125218,525,1315,8,47,5,10
EZE00100082,503,1315,8,47,5,8
EIE00101859,1228,1315,8,47,12,7
AU000005901,415,1315,8,47,4,3
ITE00100554,303,1315,8,47,3,11
GME00125218,1016,1315,8,47,10,10
GME00125218,1002,1315,8,47,10,10
UK000047811,1214,1315,8,47,12,13
AU000005901,1118,1315,8,47,11,3
ITE00100554,305,1315,8,47,3,11
ITE00100550,1216,1315,8,47,12,11
ITE00100554,1114,1315,8,47,11,11
GM000004204,403,1315,8,47,4,9
ITE00100550,221,1315,8,47,2,11
ITE00100554,1229,1315,8,47,12,11
GM000004204,1002,1315,8,47,10,9
UK000056225,328,1315,8,47,3,13
GM000004204,413,1315,8,47,4,9
ITE00100550,1217,1315,8,47,12,11
EZE00100082,1105,1315,8,47,11,8
ITE00100554,1215,1315,8,47,12,11
UK000047811,1106,1315,8,47,11,13
GME00125218,1115,1315,8,47,11,10
GME00125218,1119,1315,8,47,11,10
UK000047811,115,1315,8,47,1,13
ITE00100554,229,1315,8,47,2,11
BE000006447,1122,1315,8,47,11,4
ITE00100554,1109,1315,8,47,11,11
BE000006447,1115,1315,8,47,11,4
UK000047811,116,1315,8,47,1,13
UK000047811,123,1315,8,47,1,13
UK000047811,117,1315,8,47,1,13
SZ000006717,519,1315,8,47,5,12
EZE00100082,214,1315,9,47,2,8
GM000004204,1114,1315,9,47,11,9
SZ000006717,820,1315,9,47,8,12
EZE00100082,321,1315,9,47,3,8
EZE00100082,312,1315,9,47,3,8
GM000004204,213,1315,9,47,2,9
BE000006447,1211,1315,9,47,12,4
GM000004204,329,1315,9,47,3,9
EZE00100082,505,1315,9,47,5,8
GME00125218,310,1315,9,47,3,10
ITE00100554,1121,1315,9,47,11,11
UK000047811,1108,1315,9,47,11,13
AU000005901,328,1315,9,47,3,3
GM000004204,509,1315,9,47,5,9
UK000047811,328,1315,9,47,3,13
GM000004204,1116,1315,9,47,11,9
UK000047811,128,1315,9,47,1,13
UK000047811,1212,1315,9,48,12,13
SZ000006717,625,1315,9,48,6,12
SZ000006717,520,1315,9,48,5,12
UK000056225,124,1315,9,48,1,13
UK000047811,1119,1315,9,48,11,13
EZE00100082,329,1315,9,48,3,8
UK000047811,1115,1315,9,48,11,13
SZ000006717,907,1315,9,48,9,12
BE000006447,1119,1315,9,48,11,4
EZE00100082,509,1315,9,48,5,8
BE000006447,121,1315,9,48,1,4
ITE00100554,1112,1315,9,48,11,11
SZ000006717,723,1315,9,48,7,12
GME00125218,415,1315,9,48,4,10
SZ000006717,819,1315,9,48,8,12
GME00125218,325,1315,9,48,3,10
ITE00100554,307,1315,9,48,3,11
UK000056225,127,1315,9,48,1,13
GM000004204,1016,1315,9,48,10,9
GM000004204,123,1315,9,48,1,9
GM000004204,214,1315,9,48,2,9
AU000005901,226,1315,9,48,2,3
UK000056225,229,1315,9,48,2,13
AU000005901,402,1315,9,48,4,3
UK000056225,1211,1315,9,48,12,13
ITE00100550,1109,1315,9,48,11,11
UK000047811,304,1315,9,48,3,13
UK000056225,118,1315,9,48,1,13
UK000056225,125,1315,9,48,1,13
UK000056225,1103,1315,9,48,11,13
GME00125218,1006,1315,9,48,10,10
ITE00100554,1130,1315,9,48,11,11
GM000004204,505,1315,9,48,5,9
SZ000006717,722,1315,9,48,7,12
UK000056225,309,1315,9,48,3,13
ITE00100550,302,1315,9,48,3,11
ITE00100550,1130,1315,9,48,11,11
UK000056225,322,1315,9,48,3,13
EIE00101859,127,1315,9,48,1,7
CA006158350,1017,1315,9,48,10,5
UK000056225,1128,1315,9,48,11,13
EIE00101859,327,1315,9,48,3,7
EZE00100082,215,1315,9,48,2,8
UK000047811,1210,1315,9,48,12,13
CA006158350,1013,1315,9,48,10,5
EIE00101859,326,1315,9,48,3,7
EIE00101859,308,1315,9,48,3,7
CA006158350,507,1315,9,48,5,5
GME00125218,311,1315,9,48,3,10
EZE00100082,415,1315,9,48,4,8
EIE00101859,1201,1315,9,48,12,7
CA006158350,1016,1315,9,48,10,5
ITE00100554,1228,1315,9,48,12,11
EIE00101859,219,1315,9,48,2,7
BE000006447,405,1315,9,48,4,4
EIE00101859,1114,1315,9,48,11,7
EZE00100082,216,1315,9,48,2,8
ITE00100550,324,1315,9,48,3,11
GM000004204,316,1315,9,48,3,9
EIE00101859,1125,1315,9,48,11,7
EIE00101859,1103,1315,9,48,11,7
GME00125218,416,1315,9,48,4,10
EIE00101859,1128,1315,9,48,11,7
EZE00100082,324,1315,9,48,3,8
EIE00101859,202,1315,9,48,2,7
CA006158350,1009,1315,9,48,10,5
CA006158350,1106,1315,9,48,11,5
CA006158350,503,1315,9,48,5,5
EIE00101859,401,1315,9,48,4,7
UK000056225,1115,1315,9,48,11,13
CA006158350,1018,1315,9,48,10,5
EIE00101859,209,1315,9,48,2,7
EIE00101859,229,1315,9,48,2,7
CA006158350,406,1315,9,48,4,5
EIE00101859,211,1315,9,48,2,7
EZE00100082,313,1315,9,48,3,8
EIE00101859,1124,1315,9,48,11,7
EIE00101859,117,1315,9,48,1,7
GM000004204,303,1315,9,48,3,9
AU000005901,331,1315,9,48,3,3
EZE00100082,331,1315,9,48,3,8
BE000006447,1128,1315,9,48,11,4
GME00125218,509,1315,9,48,5,10
EZE00100082,412,1315,9,48,4,8
AU000005901,1114,1315,9,48,11,3
SZ000006717,622,1315,9,48,6,12
EZE00100082,506,1315,9,48,5,8
AU000005901,329,1315,9,48,3,3
AGE00135039,104,1315,9,48,1,1
UK000047811,1122,1315,9,48,11,13
BE000006447,1212,1315,9,48,12,4
ITE00100550,305,1315,9,48,3,11
AU000005901,1016,1315,9,48,10,3
GM000004204,1115,1315,9,48,11,9
SZ000006717,604,1315,9,48,6,12
AU000005901,1015,1315,9,48,10,3
UK000056225,227,1315,9,48,2,13
GM000004204,1005,1315,9,48,10,9
UK000056225,228,1315,9,49,2,13
SZ000006717,605,1315,9,49,6,12
UK000056225,316,1315,9,49,3,13
EZE00100082,1029,1315,9,49,10,8
UK000047811,1024,1315,9,49,10,13
SZ000006717,521,1315,9,49,5,12
SZ000006717,815,1315,9,49,8,12
BE000006447,229,1315,9,49,2,4
BE000006447,310,1315,9,49,3,4
SZ000006717,720,1315,9,49,7,12
ITE00100550,1201,1315,9,49,12,11
UK000047811,305,1315,9,49,3,13
BE000006447,311,1315,9,49,3,4
GME00125218,1008,1315,9,49,10,10
UK000056225,202,1315,9,49,2,13
UK000056225,215,1315,9,49,2,13
UK000056225,1201,1315,9,49,12,13
UK000056225,311,1315,9,49,3,13
UK000047811,321,1315,9,49,3,13
BE000006447,216,1315,9,49,2,4
BE000006447,317,1315,9,49,3,4
BE000006447,215,1315,9,49,2,4
GME00125218,410,1315,9,49,4,10
UK000056225,317,1315,9,49,3,13
GME00125218,417,1315,9,49,4,10
CA006158350,430,1315,9,49,4,5
UK000056225,122,1315,9,49,1,13
EIE00101859,215,1315,9,49,2,7
CA006158350,930,1315,9,49,9,5
EIE00101859,1130,1315,9,49,11,7
UK000056225,1104,1315,9,49,11,13
EIE00101859,1118,1315,9,49,11,7
EIE00101859,405,1315,9,49,4,7
EIE00101859,1119,1315,9,49,11,7
UK000056225,1102,1315,9,49,11,13
GM000004204,320,1315,9,49,3,9
EIE00101859,811,1315,9,49,8,7
EIE00101859,1121,1315,9,49,11,7
EIE00101859,128,1315,9,49,1,7
EIE00101859,1113,1315,9,49,11,7
ITE00100554,302,1315,9,49,3,11
CA006158350,1012,1315,9,49,10,5
EIE00101859,201,1315,9,49,2,7
EIE00101859,126,1315,9,49,1,7
AU000005901,1115,1315,9,49,11,3
EIE00101859,305,1315,9,49,3,7
EIE00101859,316,1315,9,49,3,7
UK000047811,1102,1315,9,49,11,13
CA006158350,416,1315,9,49,4,5
EIE00101859,101,1315,9,49,1,7
CA006158350,418,1315,9,49,4,5
EIE00101859,210,1315,9,49,2,7
EIE00101859,1214,1315,9,49,12,7
EIE00101859,1210,1315,9,49,12,7
EIE00101859,207,1315,9,49,2,7
EIE00101859,123,1315,9,49,1,7
EIE00101859,1122,1315,9,49,11,7
CA006158350,424,1315,9,49,4,5
UK000047811,1129,1315,9,49,11,13
UK000056225,1129,1315,9,49,11,13
EIE00101859,331,1315,9,49,3,7
UK000047811,1213,1315,9,49,12,13
EIE00101859,311,1315,9,49,3,7
SZ000006717,726,1315,9,49,7,12
UK000056225,119,1315,9,49,1,13
EIE00101859,204,1315,9,49,2,7
EIE00101859,124,1315,9,49,1,7
EZE00100082,422,1315,9,49,4,8
GM000004204,324,1315,9,49,3,9
CA006158350,428,1315,9,49,4,5
EIE00101859,328,1315,9,49,3,7
ITE00100550,1129,1315,9,49,11,11
EZE00100082,430,1315,10,49,4,8
AU000005901,324,1315,10,49,3,3
GM000004204,331,1315,10,49,3,9
AGE00135039,105,1315,10,49,1,1
AU000005901,321,1315,10,49,3,3
EZE00100082,414,1315,10,49,4,8
EZE00100082,1007,1315,10,49,10,8
AU000005901,414,1315,10,49,4,3
EZE00100082,502,1315,10,49,5,8
GME00125218,1007,1315,10,49,10,10
BE000006447,1004,1315,10,49,10,4
EZE00100082,304,1315,10,49,3,8
AU000005901,412,1315,10,49,4,3
EZE00100082,417,1315,10,49,4,8
UK000056225,415,1315,10,49,4,13
UK000047811,121,1315,10,49,1,13
BE000006447,315,1315,10,49,3,4
ITE00100554,1122,1315,10,49,11,11
UK000047811,1130,1315,10,49,11,13
GM000004204,414,1315,10,49,4,9
SZ000006717,626,1315,10,49,6,12
UK000047811,1206,1315,10,49,12,13
UK000047811,129,1315,10,49,1,13
GME00125218,508,1315,10,49,5,10
ITE00100550,318,1315,10,49,3,11
UK000047811,130,1315,10,49,1,13
AU000005901,128,1315,10,49,1,3
ITE00100550,422,1315,10,49,4,11
ITE00100554,1219,1315,10,49,12,11
UK000056225,131,1315,10,49,1,13
BE000006447,227,1315,10,49,2,4
BE000006447,409,1315,10,49,4,4
UK000047811,330,1315,10,49,3,13
BE000006447,402,1315,10,49,4,4
UK000047811,1019,1315,10,49,10,13
UK000056225,1206,1315,10,49,12,13
UK000047811,1020,1315,10,49,10,13
UK000047811,331,1315,10,49,3,13
UK000047811,1031,1315,10,49,10,13
UK000047811,319,1315,10,50,3,13
SZ000006717,830,1315,10,50,8,12
UK000056225,331,1315,10,50,3,13
ITE00100554,408,1315,10,50,4,11
AU000005901,1117,1315,10,50,11,3
SZ000006717,508,1315,10,50,5,12
ITE00100550,317,1315,10,50,3,11
BE000006447,323,1315,10,50,3,4
AU000005901,404,1315,10,50,4,3
AU000005901,505,1315,10,50,5,3
EZE00100082,311,1315,10,50,3,8
GME00125218,314,1315,10,50,3,10
AU000005901,1006,1315,10,50,10,3
GM000004204,311,1315,10,50,3,9
GM000004204,1007,1315,10,50,10,9
BE000006447,123,1315,10,50,1,4
UK000047811,1202,1315,10,50,12,13
GM000004204,1006,1315,10,50,10,9
BE000006447,213,1315,10,50,2,4
UK000056225,1112,1315,10,50,11,13
GM000004204,404,1315,10,50,4,9
GME00125218,1029,1315,10,50,10,10
EZE00100082,322,1315,10,50,3,8
EZE00100082,1117,1315,10,50,11,8
GM000004204,417,1315,10,50,4,9
UK000056225,302,1315,10,50,3,13
UK000056225,306,1315,10,50,3,13
SZ000006717,621,1315,10,50,6,12
UK000056225,1029,1315,10,50,10,13
GM000004204,416,1315,10,50,4,9
EZE00100082,524,1315,10,50,5,8
UK000047811,1101,1315,10,50,11,13
GM000004204,1009,1315,10,50,10,9
UK000047811,1023,1315,10,50,10,13
UK000056225,1030,1315,10,50,10,13
SZ000006717,908,1315,10,50,9,12
UK000056225,310,1315,10,50,3,13
GM000004204,503,1315,10,50,5,9
UK000056225,329,1315,10,50,3,13
EIE00101859,307,1315,10,50,3,7
ASN00086071,703,1315,10,50,7,2
CA006158350,408,1315,10,50,4,5
AGE00135039,206,1315,10,50,2,1
AU000005901,509,1315,10,50,5,3
EIE00101859,1102,1315,10,50,11,7
GME00125218,1009,1315,10,50,10,10
CA006158350,420,1315,10,50,4,5
EIE00101859,131,1315,10,50,1,7
EIE00101859,1209,1315,10,50,12,7
CA006158350,1030,1315,10,50,10,5
EIE00101859,402,1315,10,50,4,7
EIE00101859,312,1315,10,50,3,7
GM000004204,310,1315,10,50,3,9
EIE00101859,1023,1315,10,50,10,7
EIE00101859,1116,1315,10,50,11,7
UK000047811,329,1315,10,50,3,13
EIE00101859,330,1315,10,50,3,7
EIE00101859,214,1315,10,50,2,7
EIE00101859,1104,1315,10,50,11,7
ASN00090015,625,1315,10,50,6,2
GME00125218,528,1315,10,50,5,10
CA006158350,1027,1315,10,50,10,5
EZE00100082,325,1315,10,50,3,8
EIE00101859,325,1315,10,50,3,7
EIE00101859,129,1315,10,50,1,7
EIE00101859,1112,1315,10,50,11,7
EIE00101859,309,1315,10,50,3,7
EIE00101859,1110,1315,10,50,11,7
EIE00101859,1101,1315,10,50,11,7
EIE00101859,1202,1315,10,50,12,7
AU000005901,124,1315,10,50,1,3
EIE00101859,403,1315,10,50,4,7
ITE00100554,1110,1315,10,50,11,11
EIE00101859,1213,1315,10,50,12,7
EIE00101859,212,1315,10,50,2,7
EIE00101859,216,1315,10,50,2,7
CA006158350,1021,1315,10,50,10,5
ITE00100554,417,1315,10,50,4,11
UK000047811,1025,1315,10,50,10,13
CA006158350,417,1315,10,50,4,5
GME00125218,412,1315,10,50,4,10
AGE00135039,220,1315,10,50,2,1
BE000006447,1113,1315,10,50,11,4
EIE00101859,314,1315,10,50,3,7
EIE00101859,1129,1315,10,50,11,7
CA006158350,1026,1315,10,50,10,5
UK000056225,304,1315,10,50,3,13
EIE00101859,1026,1315,10,50,10,7
CA006158350,1203,1315,10,50,12,5
UK000047811,315,1315,10,50,3,13
CA006158350,415,1315,10,50,4,5
CA006158350,304,1315,10,50,3,5
EIE00101859,1211,1315,10,50,12,7
EIE00101859,1115,1315,10,50,11,7
CA006158350,1029,1315,10,50,10,5
EIE00101859,205,1315,10,50,2,7
GME00125218,1012,1315,10,50,10,10
EIE00101859,302,1315,10,50,3,7
EIE00101859,301,1315,10,50,3,7
CA006158350,1020,1315,10,50,10,5
GM000004204,410,1315,10,50,4,9
SZ000006717,711,1315,10,50,7,12
ITE00100550,417,1315,10,50,4,11
GM000004204,501,1315,10,50,5,9
UK000056225,1210,1315,10,50,12,13
ITE00100550,1113,1315,10,50,11,11
BE000006447,331,1315,10,50,3,4
ASN00086071,718,1315,10,50,7,2
ASN00086071,702,1315,10,50,7,2
UK000047811,1114,1315,10,50,11,13
GME00125218,1014,1315,10,50,10,10
UK000047811,1207,1315,10,50,12,13
ITE00100554,1116,1315,10,50,11,11
GM000004204,526,1315,10,50,5,9
GM000004204,327,1315,10,50,3,9
GME00125218,421,1315,10,50,4,10
BE000006447,1003,1315,10,50,10,4
SZ000006717,518,1315,10,50,5,12
SZ000006717,810,1315,10,50,8,12
UK000047811,1118,1315,10,50,11,13
UK000047811,214,1315,10,50,2,13
UK000047811,122,1315,10,50,1,13
ITE00100554,1128,1315,10,50,11,11
UK000047811,325,1315,10,50,3,13
UK000047811,1103,1315,10,50,11,13
ITE00100554,1118,1315,10,50,11,11
UK000047811,212,1315,10,50,2,13
ITE00100554,328,1315,10,50,3,11
BE000006447,313,1315,10,50,3,4
ASN00086071,625,1315,10,50,6,2
UK000047811,215,1315,10,51,2,13
BE000006447,122,1315,10,51,1,4
UK000047811,126,1315,10,51,1,13
GME00125218,401,1315,10,51,4,10
GME00125218,430,1315,10,51,4,10
GME00125218,418,1315,10,51,4,10
ITE00100550,319,1315,10,51,3,11
BE000006447,302,1315,10,51,3,4
GM000004204,216,1315,10,51,2,9
UK000056225,323,1315,10,51,3,13
GM000004204,1014,1315,10,51,10,9
ITE00100550,1105,1315,10,51,11,11
BE000006447,1114,1315,10,51,11,4
UK000047811,318,1315,10,51,3,13
ITE00100550,1128,1315,10,51,11,11
UK000056225,1202,1315,10,51,12,13
EZE00100082,421,1315,10,51,4,8
AU000005901,421,1315,10,51,4,3
EZE00100082,1009,1315,10,51,10,8
GM000004204,415,1315,10,51,4,9
UK000056225,1113,1315,10,51,11,13
UK000056225,1121,1315,10,51,11,13
AU000005901,214,1315,10,51,2,3
UK000056225,213,1315,10,51,2,13
AU000005901,501,1315,10,51,5,3
UK000047811,127,1315,10,51,1,13
BE000006447,318,1315,10,51,3,4
GM000004204,401,1315,10,51,4,9
ITE00100554,324,1315,10,51,3,11
UK000056225,201,1315,10,51,2,13
SZ000006717,507,1315,10,51,5,12
SZ000006717,702,1315,10,51,7,12
EZE00100082,1014,1315,10,51,10,8
EZE00100082,314,1315,10,51,3,8
GME00125218,326,1315,10,51,3,10
ASN00086071,717,1315,10,51,7,2
EZE00100082,401,1315,10,51,4,8
UK000056225,120,1315,10,51,1,13
UK000056225,1205,1315,10,51,12,13
BE000006447,301,1315,10,51,3,4
AU000005901,413,1315,10,51,4,3
AGE00135039,202,1315,10,51,2,1
UK000056225,126,1315,10,51,1,13
ITE00100554,1115,1315,10,51,11,11
BE000006447,404,1315,10,51,4,4
AU000005901,311,1315,10,51,3,3
ITE00100554,318,1315,10,51,3,11
ASN00086071,809,1315,10,51,8,2
ITE00100554,317,1315,10,51,3,11
AU000005901,222,1315,11,51,2,3
EIE00101859,218,1315,11,51,2,7
EIE00101859,213,1315,11,51,2,7
SZ000006717,818,1315,11,51,8,12
GME00125218,327,1315,11,51,3,10
GM000004204,422,1315,11,51,4,9
CA006158350,1025,1315,11,51,10,5
EIE00101859,1203,1315,11,51,12,7
BE000006447,503,1315,11,51,5,4
EIE00101859,1120,1315,11,51,11,7
GM000004204,314,1315,11,51,3,9
GM000004204,418,1315,11,51,4,9
EIE00101859,313,1315,11,51,3,7
EIE00101859,1022,1315,11,51,10,7
GM000004204,430,1315,11,51,4,9
CA006158350,423,1315,11,51,4,5
CA006158350,425,1315,11,51,4,5
EIE00101859,310,1315,11,51,3,7
EIE00101859,1024,1315,11,51,10,7
GME00125218,307,1315,11,51,3,10
UK000047811,1104,1315,11,51,11,13
GME00125218,526,1315,11,51,5,10
EIE00101859,303,1315,11,51,3,7
EIE00101859,1207,1315,11,51,12,7
EIE00101859,1212,1315,11,51,12,7
EIE00101859,329,1315,11,51,3,7
CA006158350,1128,1315,11,51,11,5
GM000004204,330,1315,11,51,3,9
EIE00101859,130,1315,11,51,1,7
EIE00101859,1123,1315,11,51,11,7
ITE00100550,1103,1315,11,51,11,11
EIE00101859,1117,1315,11,51,11,7
BE000006447,228,1315,11,51,2,4
UK000047811,402,1315,11,51,4,13
CA006158350,429,1315,11,51,4,5
EIE00101859,404,1315,11,51,4,7
CA006158350,1019,1315,11,51,10,5
UK000047811,1121,1315,11,51,11,13
ITE00100554,319,1315,11,51,3,11
ITE00100554,1102,1315,11,51,11,11
ASN00086071,818,1315,11,51,8,2
EZE00100082,1011,1315,11,51,10,8
UK000047811,131,1315,11,51,1,13
ITE00100554,1120,1315,11,51,11,11
EZE00100082,1010,1315,11,51,10,8
UK000056225,427,1315,11,51,4,13
EZE00100082,330,1315,11,51,3,8
EZE00100082,1008,1315,11,51,10,8
SZ000006717,612,1315,11,51,6,12
UK000047811,1211,1315,11,51,12,13
EZE00100082,305,1315,11,51,3,8
GM000004204,502,1315,11,51,5,9
AU000005901,1007,1315,11,51,10,3
UK000056225,312,1315,11,51,3,13
UK000047811,201,1315,11,51,2,13
GM000004204,421,1315,11,51,4,9
GME00125218,1011,1315,11,51,10,10
ITE00100550,306,1315,11,51,3,11
GM000004204,412,1315,11,51,4,9
ITE00100554,301,1315,11,51,3,11
UK000047811,1022,1315,11,51,10,13
UK000056225,530,1315,11,51,5,13
AU000005901,1002,1315,11,51,10,3
ITE00100550,327,1315,11,51,3,11
BE000006447,1029,1315,11,51,10,4
SZ000006717,821,1315,11,51,8,12
GME00125218,930,1315,11,51,9,10
BE000006447,401,1315,11,51,4,4
ITE00100554,1113,1315,11,51,11,11
AU000005901,401,1315,11,51,4,3
BE000006447,428,1315,11,51,4,4
SZ000006717,709,1315,11,51,7,12
ITE00100554,330,1315,11,51,3,11
GM000004204,528,1315,11,52,5,9
BE000006447,314,1315,11,52,3,4
AU000005901,506,1315,11,52,5,3
SZ000006717,831,1315,11,52,8,12
SZ000006717,606,1315,11,52,6,12
UK000056225,406,1315,11,52,4,13
ITE00100550,1122,1315,11,52,11,11
GME00125218,429,1315,11,52,4,10
ASN00066062,621,1315,11,52,6,2
SZ000006717,713,1315,11,52,7,12
UK000056225,401,1315,11,52,4,13
ITE00100550,301,1315,11,52,3,11
AU000005901,1029,1315,11,52,10,3
BE000006447,403,1315,11,52,4,4
GM000004204,1011,1315,11,52,10,9
GM000004204,1012,1315,11,52,10,9
ITE00100550,410,1315,11,52,4,11
SZ000006717,710,1315,11,52,7,12
AGE00135039,201,1315,11,52,2,1
ITE00100550,321,1315,11,52,3,11
ITE00100550,1117,1315,11,52,11,11
GM000004204,506,1315,11,52,5,9
GM000004204,1029,1315,11,52,10,9
EZE00100082,526,1315,11,52,5,8
BE000006447,1015,1315,11,52,10,4
ITE00100554,329,1315,11,52,3,11
AU000005901,320,1315,11,52,3,3
SZ000006717,703,1315,11,52,7,12
ITE00100554,1106,1315,11,52,11,11
AGE00135039,208,1315,11,52,2,1
GME00125218,1010,1315,11,52,10,10
SZ000006717,715,1315,11,52,7,12
UK000056225,305,1315,11,52,3,13
GM000004204,305,1315,11,52,3,9
GM000004204,1008,1315,11,52,10,9
EZE00100082,310,1315,11,52,3,8
EIE00101859,1031,1315,11,52,10,7
EIE00101859,323,1315,11,52,3,7
EIE00101859,1111,1315,11,52,11,7
EIE00101859,1205,1315,11,52,12,7
EIE00101859,1027,1315,11,52,10,7
GME00125218,1001,1315,11,52,10,10
SZ000006717,718,1315,11,52,7,12
CA006158350,1001,1315,11,52,10,5
GM000004204,525,1315,11,52,5,9
ASN00086071,730,1315,11,52,7,2
EIE00101859,217,1315,11,52,2,7
CA006158350,1014,1315,11,52,10,5
UK000056225,1117,1315,11,52,11,13
ASN00086071,704,1315,11,52,7,2
EIE00101859,1025,1315,11,52,10,7
GME00125218,1013,1315,11,52,10,10
EIE00101859,1107,1315,11,52,11,7
EIE00101859,304,1315,11,52,3,7
EIE00101859,1021,1315,11,52,10,7
EIE00101859,315,1315,11,52,3,7
GM000004204,1026,1315,11,52,10,9
CA006158350,1028,1315,11,52,10,5
GME00125218,315,1315,11,52,3,10
ASN00086071,610,1315,11,52,6,2
UK000056225,1120,1315,11,52,11,13
CA006158350,1011,1315,11,52,10,5
BE000006447,322,1315,11,52,3,4
BE000006447,308,1315,11,52,3,4
SZ000006717,901,1315,11,52,9,12
EZE00100082,306,1315,11,52,3,8
UK000047811,1127,1315,11,52,11,13
BE000006447,1002,1315,11,52,10,4
UK000056225,1003,1315,11,52,10,13
ASN00086071,712,1315,11,52,7,2
UK000047811,1128,1315,11,52,11,13
EZE00100082,527,1315,11,52,5,8
ITE00100550,1126,1315,11,52,11,11
ITE00100550,1118,1315,11,52,11,11
UK000047811,1120,1315,11,52,11,13
UK000047811,213,1315,11,52,2,13
UK000047811,1113,1315,11,52,11,13
BE000006447,303,1315,11,52,3,4
UK000056225,330,1315,11,52,3,13
ITE00100550,329,1315,11,52,3,11
UK000056225,1203,1315,11,52,12,13
AU000005901,1014,1315,11,52,10,3
ASN00086071,822,1315,11,52,8,2
SZ000006717,517,1315,11,52,5,12
ITE00100550,303,1315,11,52,3,11
GM000004204,304,1315,11,52,3,9
GME00125218,419,1315,11,52,4,10
UK000047811,1011,1315,11,52,10,13
EZE00100082,1012,1315,11,52,10,8
UK000047811,320,1315,11,52,3,13
BE000006447,324,1315,11,52,3,4
EZE00100082,418,1315,11,52,4,8
UK000047811,1028,1315,11,52,10,13
ITE00100554,308,1315,11,53,3,11
UK000047811,405,1315,11,53,4,13
BE000006447,309,1315,11,53,3,4
UK000047811,313,1315,11,53,3,13
SZ000006717,822,1315,11,53,8,12
UK000047811,406,1315,11,53,4,13
ITE00100554,1117,1315,11,53,11,11
ITE00100550,1102,1315,11,53,11,11
AGE00135039,106,1315,12,53,1,1
ASN00086071,716,1315,12,53,7,2
AGE00135039,203,1315,12,53,2,1
ITE00100550,1119,1315,12,53,11,11
BE000006447,1005,1315,12,53,10,4
AU000005901,313,1315,12,53,3,3
SZ000006717,817,1315,12,53,8,12
AGE00135039,204,1315,12,53,2,1
AGE00135039,125,1315,12,53,1,1
ASN00086071,611,1315,12,53,6,2
BE000006447,1117,1315,12,53,11,4
UK000056225,1118,1315,12,53,11,13
SZ000006717,816,1315,12,53,8,12
EZE00100082,1017,1315,12,53,10,8
UK000056225,1119,1315,12,53,11,13
BE000006447,430,1315,12,53,4,4
UK000047811,1105,1315,12,53,11,13
UK000056225,1204,1315,12,53,12,13
ASN00086071,624,1315,12,53,6,2
UK000056225,314,1315,12,53,3,13
UK000047811,324,1315,12,53,3,13
UK000047811,509,1315,12,53,5,13
GME00125218,308,1315,12,53,3,10
EZE00100082,930,1315,12,53,9,8
EZE00100082,530,1315,12,53,5,8
GM000004204,1001,1315,12,53,10,9
AU000005901,322,1315,12,53,3,3
EIE00101859,1208,1315,12,53,12,7
ASN00086071,807,1315,12,53,8,2
BE000006447,1118,1315,12,53,11,4
BE000006447,429,1315,12,53,4,4
EIE00101859,1204,1315,12,53,12,7
EZE00100082,1001,1315,12,53,10,8
ASN00086071,620,1315,12,53,6,2
ASN00086071,715,1315,12,53,7,2
EIE00101859,1105,1315,12,53,11,7
EIE00101859,324,1315,12,53,3,7
EIE00101859,1206,1315,12,53,12,7
UK000056225,211,1315,12,53,2,13
ASN00066062,610,1315,12,53,6,2
ASN00090015,818,1315,12,53,8,2
UK000047811,1030,1315,12,53,10,13
EIE00101859,1028,1315,12,53,10,7
AGE00135039,301,1315,12,53,3,1
CA006158350,1023,1315,12,53,10,5
EZE00100082,510,1315,12,53,5,8
CA006158350,510,1315,12,53,5,5
CA006158350,1130,1315,12,53,11,5
ITE00100554,320,1315,12,53,3,11
EIE00101859,1108,1315,12,53,11,7
EIE00101859,317,1315,12,53,3,7
CA006158350,502,1315,12,53,5,5
UK000047811,1018,1315,12,53,10,13
ASN00086071,1005,1315,12,53,10,2
EIE00101859,1109,1315,12,53,11,7
ITE00100550,1120,1315,12,53,11,11
SZ000006717,730,1315,12,53,7,12
AU000005901,224,1315,12,53,2,3
ITE00100554,1103,1315,12,53,11,11
BE000006447,413,1315,12,53,4,4
GME00125218,510,1315,12,53,5,10
EZE00100082,429,1315,12,53,4,8
AU000005901,1010,1315,12,53,10,3
ITE00100554,1024,1315,12,53,10,11
GM000004204,1013,1315,12,53,10,9
GM000004204,1017,1315,12,53,10,9
GME00125218,527,1315,12,53,5,10
GME00125218,530,1315,12,53,5,10
GM000004204,530,1315,12,53,5,9
ITE00100550,1007,1315,12,53,10,11
UK000056225,1002,1315,12,53,10,13
EZE00100082,528,1315,12,53,5,8
AU000005901,325,1315,12,53,3,3
UK000047811,1012,1315,12,53,10,13
BE000006447,326,1315,12,54,3,4
UK000047811,415,1315,12,54,4,13
AU000005901,1009,1315,12,54,10,3
GME00125218,1017,1315,12,54,10,10
UK000047811,317,1315,12,54,3,13
UK000047811,314,1315,12,54,3,13
AU000005901,305,1315,12,54,3,3
AGE00135039,1206,1315,12,54,12,1
AGE00135039,209,1315,12,54,2,1
AGE00135039,218,1315,12,54,2,1
AU000005901,1012,1315,12,54,10,3
GM000004204,1010,1315,12,54,10,9
AGE00135039,1230,1315,12,54,12,1
ITE00100554,1127,1315,12,54,11,11
AGE00135039,119,1315,12,54,1,1
UK000056225,1009,1315,12,54,10,13
ITE00100550,315,1315,12,54,3,11
UK000056225,121,1315,12,54,1,13
ASN00066062,901,1315,12,54,9,2
ASN00086071,606,1315,12,54,6,2
ASN00086071,719,1315,12,54,7,2
AU000005901,1008,1315,12,54,10,3
SZ000006717,803,1315,12,54,8,12
GME00125218,427,1315,12,54,4,10
EZE00100082,419,1315,12,54,4,8
GM000004204,306,1315,12,54,3,9
ITE00100554,327,1315,12,54,3,11
UK000047811,1117,1315,12,54,11,13
CA006158350,501,1315,12,54,5,5
UK000047811,1203,1315,12,54,12,13
EIE00101859,1106,1315,12,54,11,7
CA006158350,1015,1315,12,54,10,5
CA006158350,1107,1315,12,54,11,5
EIE00101859,1014,1315,12,54,10,7
ASN00090015,731,1315,12,54,7,2
UK000056225,1126,1315,12,54,11,13
CA006158350,1022,1315,12,54,10,5
UK000056225,1116,1315,12,54,11,13
ASN00086071,831,1315,12,54,8,2
ASN00090015,704,1315,12,54,7,2
UK000047811,1205,1315,12,54,12,13
ASN00090015,718,1315,12,54,7,2
UK000056225,1028,1315,12,54,10,13
AGE00135039,222,1315,12,54,2,1
EIE00101859,1030,1315,12,54,10,7
CA006158350,610,1315,12,54,6,5
EIE00101859,1029,1315,12,54,10,7
EIE00101859,407,1315,12,54,4,7
BE000006447,1013,1315,12,54,10,4
EIE00101859,322,1315,12,54,3,7
EZE00100082,411,1315,12,54,4,8
BE000006447,1008,1315,12,54,10,4
BE000006447,504,1315,12,54,5,4
ITE00100550,1005,1315,12,54,10,11
GM000004204,524,1315,12,54,5,9
ASN00086071,726,1315,12,54,7,2
AU000005901,323,1315,12,54,3,3
EZE00100082,1013,1315,12,54,10,8
UK000047811,1027,1315,12,54,10,13
UK000047811,1010,1315,12,54,10,13
GME00125218,507,1315,12,54,5,10
GM000004204,510,1315,12,54,5,9
SZ000006717,721,1315,12,54,7,12
AU000005901,417,1315,12,54,4,3
UK000056225,1008,1315,12,54,10,13
BE000006447,1007,1315,12,54,10,4
BE000006447,1009,1315,12,54,10,4
ITE00100554,1105,1315,12,54,11,11
UK000047811,417,1315,12,54,4,13
GM000004204,429,1315,12,54,4,9
GM000004204,527,1315,12,54,5,9
UK000047811,1026,1315,12,54,10,13
SZ000006717,623,1315,12,54,6,12
EZE00100082,420,1315,12,54,4,8
BE000006447,410,1315,12,54,4,4
UK000056225,313,1315,12,54,3,13
UK000047811,411,1315,12,54,4,13
ITE00100554,1119,1315,12,54,11,11
BE000006447,1014,1315,12,54,10,4
GME00125218,523,1315,12,54,5,10
AGE00135039,107,1315,12,54,1,1
BE000006447,321,1315,12,54,3,4
EZE00100082,913,1315,12,54,9,8
AGE00135039,122,1315,12,54,1,1
AU000005901,1011,1315,12,54,10,3
AGE00135039,205,1315,12,54,2,1
ITE00100550,1006,1315,12,54,10,11
ITE00100554,1020,1315,12,54,10,11
ASN00086071,819,1315,12,54,8,2
AGE00135039,121,1315,12,54,1,1
GME00125218,825,1315,12,54,8,10
AU000005901,216,1315,12,54,2,3
ITE00100550,1125,1315,12,54,11,11
AGE00135039,1228,1315,12,54,12,1
ASN00086071,902,1315,12,54,9,2
SZ000006717,727,1315,12,54,7,12
ASN00066062,715,1315,12,54,7,2
AGE00135039,126,1315,12,54,1,1
AGE00135039,130,1315,12,54,1,1
AGE00135039,120,1315,12,54,1,1
AGE00135039,1229,1315,12,54,12,1
ITE00100550,320,1315,13,55,3,11
UK000056225,214,1315,13,55,2,13
AU000005901,1028,1315,13,55,10,3
ASN00086071,701,1315,13,55,7,2
UK000047811,412,1315,13,55,4,13
UK000056225,1014,1315,13,55,10,13
ASN00066062,702,1315,13,55,7,2
UK000056225,407,1315,13,55,4,13
UK000056225,1012,1315,13,55,10,13
ITE00100554,326,1315,13,55,3,11
ASN00086071,727,1315,13,55,7,2
AGE00135039,1220,1315,13,55,12,1
BE000006447,1006,1315,13,55,10,4
ITE00100554,322,1315,13,55,3,11
UK000056225,1127,1315,13,55,11,13
BE000006447,306,1315,13,55,3,4
UK000047811,529,1315,13,55,5,13
UK000056225,1010,1315,13,55,10,13
ASN00066062,818,1315,13,55,8,2
UK000056225,1019,1315,13,55,10,13
BE000006447,305,1315,13,55,3,4
BE000006447,307,1315,13,55,3,4
UK000056225,324,1315,13,55,3,13
BE000006447,325,1315,13,55,3,4
CA006158350,513,1315,13,55,5,5
EZE00100082,1024,1315,13,55,10,8
CA006158350,512,1315,13,55,5,5
ASN00086071,901,1315,13,55,9,2
AU000005901,418,1315,13,55,4,3
ASN00090015,822,1315,13,55,8,2
AU000005901,312,1315,13,55,3,3
ASN00090015,607,1315,13,55,6,2
SZ000006717,909,1315,13,55,9,12
SZ000006717,729,1315,13,55,7,12
AU000005901,1017,1315,13,55,10,3
CA006158350,925,1315,13,55,9,5
BE000006447,501,1315,13,55,5,4
GM000004204,325,1315,13,55,3,9
UK000047811,1013,1315,13,55,10,13
ASN00090015,804,1315,13,55,8,2
EIE00101859,1018,1315,13,55,10,7
ITE00100550,1104,1315,13,55,11,11
EIE00101859,1013,1315,13,55,10,7
EIE00101859,1020,1315,13,55,10,7
BE000006447,319,1315,13,55,3,4
ASN00090015,428,1315,13,55,4,2
EIE00101859,318,1315,13,55,3,7
CA006158350,422,1315,13,55,4,5
ITE00100550,409,1315,13,55,4,11
CA006158350,1108,1315,13,55,11,5
UK000047811,1204,1315,13,55,12,13
ASN00090015,627,1315,13,55,6,2
ASN00090015,612,1315,13,55,6,2
ASN00086071,729,1315,13,55,7,2
UK000047811,1015,1315,13,55,10,13
EZE00100082,1028,1315,13,55,10,8
SZ000006717,807,1315,13,55,8,12
ASN00086071,824,1315,13,55,8,2
GM000004204,508,1315,13,55,5,9
UK000047811,1003,1315,13,55,10,13
ASN00086071,820,1315,13,55,8,2
ASN00086071,801,1315,13,55,8,2
ASN00086071,1006,1315,13,55,10,2
AU000005901,814,1315,13,55,8,3
UK000047811,1029,1315,13,55,10,13
UK000047811,1002,1315,13,55,10,13
UK000047811,1007,1315,13,55,10,13
UK000047811,426,1315,13,55,4,13
AGE00135039,1222,1315,13,55,12,1
AGE00135039,115,1315,13,55,1,1
ITE00100550,1004,1315,13,55,10,11
AGE00135039,1215,1315,13,55,12,1
AGE00135039,1227,1315,13,55,12,1
AGE00135039,123,1315,13,55,1,1
UK000056225,507,1315,13,55,5,13
AGE00135039,1205,1315,13,55,12,1
ITE00100554,309,1315,13,55,3,11
UK000047811,1009,1315,13,55,10,13
GM000004204,307,1315,13,55,3,9
BE000006447,417,1315,13,55,4,4
AGE00135039,118,1315,13,55,1,1
UK000047811,1005,1315,13,55,10,13
BE000006447,304,1315,13,55,3,4
AGE00135039,1207,1315,13,55,12,1
ITE00100550,325,1315,13,55,3,11
UK000056225,508,1315,13,55,5,13
AU000005901,326,1315,13,55,3,3
AGE00135039,1223,1315,13,55,12,1
AGE00135039,1203,1315,13,55,12,1
ASN00086071,626,1315,13,56,6,2
ASN00066062,624,1315,13,56,6,2
ASN00066062,712,1315,13,56,7,2
ASN00066062,701,1315,13,56,7,2
EZE00100082,508,1315,13,56,5,8
UK000047811,416,1315,13,56,4,13
AU000005901,1013,1315,13,56,10,3
AU000005901,306,1315,13,56,3,3
SZ000006717,808,1315,13,56,8,12
BE000006447,1010,1315,13,56,10,4
EZE00100082,1021,1315,13,56,10,8
BE000006447,526,1315,13,56,5,4
GME00125218,1021,1315,13,56,10,10
UK000056225,525,1315,13,56,5,13
UK000056225,425,1315,13,56,4,13
AU000005901,913,1315,13,56,9,3
ASN00086071,1028,1315,13,56,10,2
BE000006447,502,1315,13,56,5,4
ITE00100550,313,1315,13,56,3,11
ITE00100550,314,1315,13,56,3,11
GME00125218,929,1315,13,56,9,10
AU000005901,928,1315,13,56,9,3
ITE00100554,315,1315,13,56,3,11
UK000056225,426,1315,13,56,4,13
SZ000006717,717,1315,13,56,7,12
UK000056225,1023,1315,13,56,10,13
ITE00100554,321,1315,13,56,3,11
ASN00086071,1027,1315,13,56,10,2
ASN00066062,630,1315,13,56,6,2
UK000056225,1024,1315,13,56,10,13
UK000056225,411,1315,13,56,4,13
ASN00086071,424,1315,13,56,4,2
BE000006447,1011,1315,13,56,10,4
ASN00090015,1012,1315,13,56,10,2
BE000006447,523,1315,13,56,5,4
ASN00090015,719,1315,13,56,7,2
EIE00101859,1012,1315,13,56,10,7
ITE00100554,1029,1315,13,56,10,11
ASN00090015,831,1315,13,56,8,2
ASN00090015,1006,1315,13,56,10,2
UK000056225,1022,1315,13,56,10,13
GM000004204,427,1315,13,56,4,9
ASN00090015,929,1315,13,56,9,2
ASN00090015,930,1315,13,56,9,2
ASN00090015,915,1315,13,56,9,2
ASN00090015,1027,1315,13,56,10,2
AU000005901,510,1315,13,56,5,3
CA006158350,1002,1315,13,56,10,5
ASN00090015,902,1315,13,56,9,2
ASN00090015,717,1315,13,56,7,2
ASN00090015,1005,1315,13,56,10,2
CA006158350,421,1315,13,56,4,5
ASN00090015,829,1315,13,56,8,2
ASN00066062,703,1315,13,56,7,2
ASN00090015,826,1315,13,56,8,2
AU000005901,420,1315,13,56,4,3
ASN00086071,720,1315,13,56,7,2
CA006158350,926,1315,13,56,9,5
ASN00090015,1020,1315,13,56,10,2
ASN00090015,730,1315,13,56,7,2
ASN00086071,612,1315,13,56,6,2
EIE00101859,1015,1315,13,56,10,7
ASN00090015,728,1315,13,56,7,2
UK000056225,528,1315,13,56,5,13
ASN00090015,608,1315,13,56,6,2
ASN00090015,626,1315,13,56,6,2
ASN00086071,708,1315,13,56,7,2
EIE00101859,1017,1315,13,56,10,7
ASN00090015,525,1315,13,56,5,2
EIE00101859,319,1315,13,56,3,7
EIE00101859,1019,1315,13,56,10,7
ASN00090015,609,1315,13,56,6,2
ASN00090015,720,1315,13,56,7,2
ASN00090015,811,1315,13,56,8,2
ASN00090015,628,1315,13,56,6,2
AU000005901,316,1315,13,56,3,3
GM000004204,326,1315,13,56,3,9
UK000047811,1016,1315,13,56,10,13
GM000004204,1021,1315,13,56,10,9
ITE00100554,1019,1315,13,56,10,11
ITE00100554,316,1315,13,56,3,11
ITE00100550,1115,1315,13,56,11,11
GME00125218,309,1315,13,56,3,10
UK000056225,212,1315,13,56,2,13
EZE00100082,928,1315,13,56,9,8
ASN00066062,719,1315,13,56,7,2
BE000006447,412,1315,13,56,4,4
EZE00100082,926,1315,13,56,9,8
AGE00135039,314,1315,14,56,3,1
UK000047811,427,1315,14,56,4,13
AGE00135039,111,1315,14,56,1,1
GM000004204,315,1315,14,56,3,9
ITE00100550,316,1315,14,56,3,11
GME00125218,707,1315,14,56,7,10
AGE00135039,1107,1315,14,56,11,1
AGE00135039,113,1315,14,56,1,1
GM000004204,930,1315,14,56,9,9
ASN00066062,629,1315,14,56,6,2
EZE00100082,507,1315,14,56,5,8
AGE00135039,1202,1315,14,56,12,1
EZE00100082,1026,1315,14,56,10,8
AGE00135039,210,1315,14,56,2,1
BE000006447,1016,1315,14,56,10,4
AGE00135039,127,1315,14,56,1,1
AGE00135039,1224,1315,14,56,12,1
UK000047811,1017,1315,14,56,10,13
AU000005901,419,1315,14,56,4,3
AGE00135039,1208,1315,14,56,12,1
AGE00135039,128,1315,14,56,1,1
AGE00135039,116,1315,14,56,1,1
AGE00135039,129,1315,14,56,1,1
BE000006447,823,1315,14,56,8,4
ITE00100554,1006,1315,14,56,10,11
AGE00135039,1221,1315,14,56,12,1
GM000004204,523,1315,14,56,5,9
AU000005901,524,1315,14,56,5,3
BE000006447,1012,1315,14,56,10,4
ITE00100554,1028,1315,14,56,10,11
UK000047811,1006,1315,14,56,10,13
UK000047811,404,1315,14,56,4,13
GME00125218,928,1315,14,56,9,10
UK000056225,1020,1315,14,56,10,13
UK000056225,412,1315,14,56,4,13
UK000056225,503,1315,14,56,5,13
BE000006447,426,1315,14,56,4,4
BE000006447,1027,1315,14,56,10,4
UK000056225,408,1315,14,57,4,13
UK000056225,1015,1315,14,57,10,13
ASN00086071,623,1315,14,57,6,2
ASN00086071,629,1315,14,57,6,2
UK000047811,1008,1315,14,57,10,13
ASN00086071,425,1315,14,57,4,2
BE000006447,1017,1315,14,57,10,4
UK000056225,423,1315,14,57,4,13
ASN00086071,621,1315,14,57,6,2
ASN00086071,627,1315,14,57,6,2
ASN00086071,622,1315,14,57,6,2
ASN00086071,628,1315,14,57,6,2
ASN00086071,806,1315,14,57,8,2
ASN00086071,617,1315,14,57,6,2
ASN00086071,520,1315,14,57,5,2
ASN00086071,725,1315,14,57,7,2
SZ000006717,802,1315,14,57,8,12
UK000056225,303,1315,14,57,3,13
ASN00086071,528,1315,14,57,5,2
ASN00086071,823,1315,14,57,8,2
ASN00066062,902,1315,14,57,9,2
ASN00086071,814,1315,14,57,8,2
UK000047811,530,1315,14,57,5,13
UK000047811,531,1315,14,57,5,13
UK000056225,1027,1315,14,57,10,13
ASN00066062,819,1315,14,57,8,2
ITE00100550,416,1315,14,57,4,11
ITE00100554,1104,1315,14,57,11,11
ITE00100550,322,1315,14,57,3,11
GME00125218,902,1315,14,57,9,10
GME00125218,812,1315,14,57,8,10
ASN00066062,627,1315,14,57,6,2
EZE00100082,315,1315,14,57,3,8
ASN00086071,619,1315,14,57,6,2
CA006158350,508,1315,14,57,5,5
ASN00090015,722,1315,14,57,7,2
CA006158350,922,1315,14,57,9,5
ASN00090015,806,1315,14,57,8,2
EIE00101859,1016,1315,14,57,10,7
ASN00090015,807,1315,14,57,8,2
ASN00086071,630,1315,14,57,6,2
ASN00090015,819,1315,14,57,8,2
ASN00090015,725,1315,14,57,7,2
ITE00100554,313,1315,14,57,3,11
ASN00066062,623,1315,14,57,6,2
ASN00090015,427,1315,14,57,4,2
ITE00100554,403,1315,14,57,4,11
EIE00101859,1009,1315,14,57,10,7
ASN00090015,808,1315,14,57,8,2
EZE00100082,525,1315,14,57,5,8
CA006158350,1010,1315,14,57,10,5
ASN00086071,810,1315,14,57,8,2
ASN00090015,815,1315,14,57,8,2
UK000047811,407,1315,14,57,4,13
ASN00090015,630,1315,14,57,6,2
ASN00090015,715,1315,14,57,7,2
ASN00090015,605,1315,14,57,6,2
ASN00066062,825,1315,14,57,8,2
EZE00100082,1025,1315,14,57,10,8
ASN00090015,1001,1315,14,57,10,2
AU000005901,1001,1315,14,57,10,3
BE000006447,509,1315,14,57,5,4
ASN00090015,424,1315,14,57,4,2
ASN00090015,723,1315,14,57,7,2
ASN00086071,608,1315,14,57,6,2
ASN00090015,602,1315,14,57,6,2
ASN00090015,901,1315,14,57,9,2
ASN00090015,707,1315,14,57,7,2
ASN00090015,713,1315,14,57,7,2
EIE00101859,1011,1315,14,57,10,7
EIE00101859,320,1315,14,57,3,7
ASN00086071,804,1315,14,57,8,2
ASN00086071,805,1315,14,57,8,2
UK000047811,920,1315,14,57,9,13
ASN00090015,830,1315,14,57,8,2
ASN00090015,1022,1315,14,57,10,2
ASN00090015,803,1315,14,57,8,2
AGE00135039,102,1315,14,57,1,1
AGE00135039,114,1315,14,57,1,1
SZ000006717,731,1315,14,57,7,12
UK000047811,1014,1315,14,57,10,13
EZE00100082,327,1315,14,57,3,8
ITE00100554,312,1315,14,57,3,11
SZ000006717,805,1315,14,57,8,12
ITE00100550,326,1315,14,57,3,11
EZE00100082,927,1315,14,57,9,8
UK000056225,416,1315,14,57,4,13
ITE00100550,505,1315,14,57,5,11
ITE00100554,1004,1315,14,57,10,11
UK000047811,418,1315,14,57,4,13
GME00125218,420,1315,14,57,4,10
AGE00135039,1108,1315,14,57,11,1
AGE00135039,1219,1315,14,57,12,1
UK000047811,414,1315,14,57,4,13
ITE00100554,1005,1315,14,57,10,11
ITE00100554,1003,1315,14,57,10,11
UK000047811,413,1315,14,57,4,13
EZE00100082,1023,1315,14,57,10,8
ASN00066062,622,1315,14,57,6,2
GME00125218,529,1315,14,57,5,10
ASN00086071,602,1315,14,57,6,2
UK000047811,419,1315,14,57,4,13
UK000056225,1011,1315,14,57,10,13
ASN00086071,728,1315,14,57,7,2
UK000047811,1004,1315,14,57,10,13
GME00125218,1026,1315,14,57,10,10
UK000047811,501,1315,14,57,5,13
GM000004204,308,1315,14,57,3,9
GME00125218,926,1315,14,57,9,10
GM000004204,929,1315,14,57,9,9
UK000056225,1013,1315,14,57,10,13
ITE00100554,422,1315,14,57,4,11
UK000047811,430,1315,14,57,4,13
BE000006447,320,1315,14,57,3,4
SZ000006717,725,1315,14,57,7,12
UK000047811,601,1315,14,58,6,13
UK000056225,1004,1315,14,58,10,13
UK000056225,1016,1315,14,58,10,13
ASN00090015,606,1315,14,58,6,2
UK000056225,402,1315,14,58,4,13
UK000056225,429,1315,14,58,4,13
UK000047811,429,1315,14,58,4,13
ITE00100554,311,1315,14,58,3,11
ITE00100554,1021,1315,14,58,10,11
UK000056225,1026,1315,14,58,10,13
ASN00086071,507,1315,14,58,5,2
AU000005901,430,1315,14,58,4,3
GME00125218,1022,1315,14,58,10,10
ASN00086071,731,1315,14,58,7,2
GM000004204,812,1315,14,58,8,9
UK000056225,1025,1315,14,58,10,13
ITE00100550,307,1315,14,58,3,11
UK000047811,511,1315,14,58,5,13
ASN00086071,830,1315,14,58,8,2
UK000047811,523,1315,14,58,5,13
GM000004204,1028,1315,14,58,10,9
BE000006447,1023,1315,14,58,10,4
ASN00066062,820,1315,14,58,8,2
BE000006447,524,1315,14,58,5,4
ITE00100550,331,1315,14,58,3,11
SZ000006717,716,1315,14,58,7,12
ITE00100554,527,1315,14,58,5,11
ITE00100550,1114,1315,14,58,11,11
ITE00100550,406,1315,14,58,4,11
EZE00100082,814,1315,14,58,8,8
ASN00086071,811,1315,14,58,8,2
ASN00086071,705,1315,14,58,7,2
ASN00086071,1029,1315,14,58,10,2
ASN00090015,705,1315,14,58,7,2
ASN00090015,1103,1315,14,58,11,2
ASN00090015,629,1315,14,58,6,2
ASN00090015,1126,1315,14,58,11,2
ASN00090015,709,1315,14,58,7,2
ASN00090015,824,1315,14,58,8,2
ASN00086071,515,1315,14,58,5,2
ASN00090015,823,1315,14,58,8,2
ASN00066062,823,1315,14,58,8,2
ASN00090015,821,1315,14,58,8,2
ASN00086071,821,1315,14,58,8,2
ASN00090015,518,1315,14,58,5,2
ASN00090015,814,1315,14,58,8,2
ASN00090015,812,1315,14,58,8,2
ASN00090015,614,1315,14,58,6,2
UK000047811,525,1315,14,58,5,13
ASN00090015,526,1315,14,58,5,2
ASN00090015,809,1315,14,58,8,2
ASN00090015,613,1315,14,58,6,2
ASN00090015,805,1315,14,58,8,2
ASN00090015,729,1315,14,58,7,2
ASN00090015,726,1315,14,58,7,2
ASN00090015,611,1315,14,58,6,2
ASN00086071,1126,1315,14,58,11,2
ASN00090015,825,1315,14,58,8,2
UK000056225,1021,1315,14,58,10,13
GM000004204,825,1315,14,58,8,9
EIE00101859,509,1315,14,58,5,7
ITE00100554,331,1315,14,58,3,11
ASN00090015,624,1315,14,58,6,2
EIE00101859,1010,1315,14,58,10,7
EIE00101859,415,1315,14,58,4,7
EIE00101859,1008,1315,14,58,10,7
EIE00101859,1007,1315,14,58,10,7
ASN00090015,1007,1315,14,58,10,2
AU000005901,422,1315,14,58,4,3
ASN00090015,827,1315,14,58,8,2
ITE00100550,1003,1315,14,58,10,11
ASN00090015,621,1315,14,58,6,2
ASN00090015,610,1315,14,58,6,2
UK000047811,425,1315,14,58,4,13
ASN00090015,714,1315,14,58,7,2
ASN00090015,429,1315,14,58,4,2
UK000047811,918,1315,14,58,9,13
ASN00090015,912,1315,14,58,9,2
ASN00090015,911,1315,14,58,9,2
CA006158350,1003,1315,14,58,10,5
UK000047811,403,1315,14,58,4,13
GM000004204,701,1315,14,58,7,9
AGE00135039,1201,1315,14,58,12,1
ASN00086071,605,1315,14,58,6,2
ASN00086071,613,1315,14,58,6,2
AGE00135039,315,1315,14,58,3,1
AGE00135039,1216,1315,14,58,12,1
AU000005901,327,1315,14,58,3,3
ITE00100554,410,1315,14,58,4,11
AGE00135039,1214,1315,14,58,12,1
AGE00135039,216,1315,14,58,2,1
AGE00135039,215,1315,14,58,2,1
AGE00135039,211,1315,14,58,2,1
GME00125218,423,1315,14,58,4,10
AU000005901,314,1315,14,58,3,3
AGE00135039,109,1315,14,58,1,1
AGE00135039,1231,1315,14,58,12,1
AGE00135039,112,1315,14,58,1,1
ASN00066062,728,1315,15,58,7,2
GME00125218,1028,1315,15,58,10,10
UK000047811,602,1315,15,58,6,13
UK000047811,614,1315,15,58,6,13
ASN00066062,824,1315,15,58,8,2
ASN00066062,930,1315,15,58,9,2
GM000004204,902,1315,15,58,9,9
ASN00066062,609,1315,15,58,6,2
EZE00100082,920,1315,15,58,9,8
EZE00100082,307,1315,15,58,3,8
ITE00100550,1012,1315,15,58,10,11
ASN00066062,628,1315,15,58,6,2
ITE00100550,1101,1315,15,58,11,11
AU000005901,503,1315,15,58,5,3
UK000047811,420,1315,15,58,4,13
BE000006447,1028,1315,15,58,10,4
ITE00100554,1007,1315,15,58,10,11
UK000056225,504,1315,15,58,5,13
UK000047811,615,1315,15,58,6,13
ITE00100554,1025,1315,15,58,10,11
ASN00066062,1001,1315,15,58,10,2
UK000047811,930,1315,15,58,9,13
ASN00086071,614,1315,15,58,6,2
ITE00100554,1023,1315,15,58,10,11
UK000056225,929,1315,15,58,9,13
ASN00086071,916,1315,15,58,9,2
BE000006447,508,1315,15,58,5,4
ASN00066062,831,1315,15,59,8,2
UK000047811,923,1315,15,59,9,13
GME00125218,602,1315,15,59,6,10
UK000047811,526,1315,15,59,5,13
UK000047811,503,1315,15,59,5,13
ASN00066062,620,1315,15,59,6,2
ITE00100550,1011,1315,15,59,10,11
UK000047811,603,1315,15,59,6,13
UK000047811,502,1315,15,59,5,13
UK000047811,510,1315,15,59,5,13
GME00125218,603,1315,15,59,6,10
ITE00100550,403,1315,15,59,4,11
BE000006447,1001,1315,15,59,10,4
UK000047811,527,1315,15,59,5,13
AU000005901,1018,1315,15,59,10,3
ITE00100554,1017,1315,15,59,10,11
ASN00086071,915,1315,15,59,9,2
BE000006447,1021,1315,15,59,10,4
GME00125218,826,1315,15,59,8,10
SZ000006717,910,1315,15,59,9,12
GM000004204,826,1315,15,59,8,9
UK000056225,424,1315,15,59,4,13
GM000004204,419,1315,15,59,4,9
SZ000006717,809,1315,15,59,8,12
ASN00086071,1016,1315,15,59,10,2
ASN00086071,529,1315,15,59,5,2
EZE00100082,326,1315,15,59,3,8
GM000004204,309,1315,15,59,3,9
ASN00086071,615,1315,15,59,6,2
GM000004204,707,1315,15,59,7,9
ASN00086071,825,1315,15,59,8,2
ASN00066062,711,1315,15,59,7,2
UK000056225,319,1315,15,59,3,13
ASN00086071,601,1315,15,59,6,2
ASN00066062,720,1315,15,59,7,2
BE000006447,708,1315,15,59,7,4
GME00125218,827,1315,15,59,8,10
ITE00100554,1022,1315,15,59,10,11
UK000047811,919,1315,15,59,9,13
BE000006447,427,1315,15,59,4,4
ASN00086071,531,1315,15,59,5,2
BE000006447,411,1315,15,59,4,4
ASN00086071,829,1315,15,59,8,2
UK000056225,1007,1315,15,59,10,13
EZE00100082,828,1315,15,59,8,8
BE000006447,414,1315,15,59,4,4
UK000056225,1001,1315,15,59,10,13
ITE00100554,314,1315,15,59,3,11
UK000047811,505,1315,15,59,5,13
BE000006447,1026,1315,15,59,10,4
ASN00086071,721,1315,15,59,7,2
AU000005901,924,1315,15,59,9,3
ASN00090015,423,1315,15,59,4,2
ASN00090015,1021,1315,15,59,10,2
ASN00090015,710,1315,15,59,7,2
CA006158350,426,1315,15,59,4,5
ASN00090015,916,1315,15,59,9,2
ASN00086071,609,1315,15,59,6,2
CA006158350,528,1315,15,59,5,5
ASN00066062,903,1315,15,59,9,2
ASN00086071,903,1315,15,59,9,2
ASN00090015,425,1315,15,59,4,2
ASN00066062,716,1315,15,59,7,2
ASN00090015,1127,1315,15,59,11,2
GM000004204,926,1315,15,59,9,9
ASN00090015,716,1315,15,59,7,2
EIE00101859,419,1315,15,59,4,7
ASN00086071,1007,1315,15,59,10,2
ITE00100550,401,1315,15,59,4,11
ASN00090015,927,1315,15,59,9,2
CA006158350,919,1315,15,59,9,5
SZ000006717,724,1315,15,59,7,12
ASN00086071,1017,1315,15,59,10,2
ITE00100550,1008,1315,15,59,10,11
ASN00090015,1013,1315,15,59,10,2
AGE00135039,1217,1315,15,59,12,1
GME00125218,927,1315,15,59,9,10
ASN00090015,813,1315,15,59,8,2
ASN00090015,724,1315,15,59,7,2
ASN00090015,727,1315,15,59,7,2
GME00125218,1018,1315,15,59,10,10
CA006158350,611,1315,15,59,6,5
EIE00101859,406,1315,15,59,4,7
ITE00100550,323,1315,15,59,3,11
ITE00100550,1010,1315,15,59,10,11
EIE00101859,508,1315,15,59,5,7
GM000004204,1018,1315,15,59,10,9
ASN00090015,1026,1315,15,59,10,2
GME00125218,706,1315,15,59,7,10
ASN00090015,802,1315,15,59,8,2
AGE00135039,302,1315,15,59,3,1
GME00125218,1027,1315,15,59,10,10
ASN00090015,914,1315,15,59,9,2
ASN00066062,1028,1315,15,59,10,2
ASN00066062,704,1315,15,59,7,2
CA006158350,529,1315,15,59,5,5
ASN00066062,529,1315,15,59,5,2
ASN00090015,1031,1315,15,59,10,2
ASN00090015,530,1315,15,59,5,2
ASN00090015,817,1315,15,59,8,2
ASN00090015,706,1315,15,59,7,2
ASN00090015,906,1315,15,59,9,2
ASN00090015,816,1315,15,59,8,2
AGE00135039,108,1315,15,59,1,1
AGE00135039,312,1315,15,59,3,1
ASN00086071,709,1315,15,59,7,2
GM000004204,912,1315,15,59,9,9
UK000056225,602,1315,15,59,6,13
ASN00066062,727,1315,15,59,7,2
UK000056225,409,1315,15,59,4,13
GM000004204,420,1315,15,59,4,9
ASN00086071,417,1315,15,59,4,2
GME00125218,522,1315,15,59,5,10
ASN00086071,603,1315,15,59,6,2
ASN00066062,717,1315,15,59,7,2
ITE00100550,418,1315,15,59,4,11
SZ000006717,806,1315,15,59,8,12
SZ000006717,804,1315,15,59,8,12
GM000004204,1025,1315,15,59,10,9
UK000047811,424,1315,15,59,4,13
GM000004204,927,1315,15,59,9,9
ASN00086071,508,1315,15,59,5,2
ASN00086071,1030,1315,15,59,10,2
GM000004204,1023,1315,15,59,10,9
UK000047811,626,1315,15,59,6,13
EZE00100082,522,1315,15,59,5,8
ASN00066062,710,1315,15,59,7,2
UK000056225,509,1315,15,59,5,13
ASN00066062,801,1315,15,59,8,2
ITE00100554,401,1315,15,59,4,11
ASN00066062,731,1315,15,59,7,2
BE000006447,1020,1315,15,60,10,4
UK000047811,904,1315,15,60,9,13
ASN00066062,721,1315,15,60,7,2
GME00125218,617,1315,15,60,6,10
BE000006447,1022,1315,15,60,10,4
UK000056225,413,1315,15,60,4,13
BE000006447,527,1315,15,60,5,4
ITE00100554,1011,1315,15,60,10,11
ASN00066062,709,1315,15,60,7,2
ITE00100554,409,1315,15,60,4,11
ASN00086071,827,1315,15,60,8,2
UK000047811,623,1315,15,60,6,13
BE000006447,627,1315,15,60,6,4
UK000047811,910,1315,15,60,9,13
AU000005901,815,1315,15,60,8,3
BE000006447,930,1315,15,60,9,4
AU000005901,930,1315,15,60,9,3
UK000056225,910,1315,15,60,9,13
UK000047811,823,1315,15,60,8,13
ITE00100554,325,1315,15,60,3,11
EZE00100082,925,1315,15,60,9,8
EZE00100082,812,1315,15,60,8,8
AU000005901,927,1315,15,60,9,3
UK000047811,820,1315,15,60,8,13
UK000047811,506,1315,15,60,5,13
BE000006447,1025,1315,15,60,10,4
AU000005901,630,1315,15,60,6,3
ASN00066062,1002,1315,15,60,10,2
GME00125218,630,1315,15,60,6,10
UK000047811,512,1315,15,60,5,13
UK000056225,930,1315,15,60,9,13
UK000047811,508,1315,15,60,5,13
GME00125218,925,1315,15,60,9,10
GM000004204,925,1315,15,60,9,9
BE000006447,424,1315,15,60,4,4
UK000056225,1005,1315,15,60,10,13
ITE00100550,312,1315,15,60,3,11
BE000006447,505,1315,15,60,5,4
GM000004204,913,1315,15,60,9,9
ASN00066062,730,1315,15,60,7,2
UK000056225,1017,1315,15,60,10,13
AU000005901,502,1315,15,60,5,3
BE000006447,510,1315,15,60,5,4
AU000005901,527,1315,15,60,5,3
BE000006447,824,1315,15,60,8,4
EZE00100082,1022,1315,15,60,10,8
UK000047811,917,1315,15,60,9,13
GM000004204,706,1315,15,60,7,9
AGE00135039,1213,1315,16,60,12,1
AGE00135039,1109,1315,16,60,11,1
ASN00066062,601,1315,16,60,6,2
ASN00086071,812,1315,16,60,8,2
ITE00100554,1016,1315,16,60,10,11
AGE00135039,311,1315,16,60,3,1
ASN00086071,908,1315,16,60,9,2
GME00125218,828,1315,16,60,8,10
GM000004204,507,1315,16,60,5,9
ASN00086071,509,1315,16,60,5,2
AU000005901,513,1315,16,60,5,3
AU000005901,926,1315,16,60,9,3
UK000047811,428,1315,16,60,4,13
GME00125218,1023,1315,16,60,10,10
AGE00135039,212,1315,16,60,2,1
AGE00135039,213,1315,16,60,2,1
AGE00135039,1209,1315,16,60,12,1
AGE00135039,1129,1315,16,60,11,1
AGE00135039,1130,1315,16,60,11,1
UK000047811,504,1315,16,60,5,13
ITE00100554,323,1315,16,60,3,11
ITE00100550,1016,1315,16,60,10,11
AGE00135039,227,1315,16,60,2,1
ITE00100550,404,1315,16,60,4,11
EZE00100082,708,1315,16,60,7,8
EZE00100082,706,1315,16,60,7,8
UK000047811,528,1315,16,60,5,13
AGE00135039,1123,1315,16,60,11,1
AGE00135039,1125,1315,16,60,11,1
ASN00086071,516,1315,16,60,5,2
ASN00086071,517,1315,16,60,5,2
AGE00135039,229,1315,16,60,2,1
GM000004204,1022,1315,16,60,10,9
UK000056225,522,1315,16,60,5,13
ASN00090015,1030,1315,16,60,10,2
UK000056225,702,1315,16,60,7,13
ASN00090015,1002,1315,16,60,10,2
CA006158350,928,1315,16,60,9,5
ASN00090015,516,1315,16,60,5,2
UK000047811,1001,1315,16,60,10,13
CA006158350,1005,1315,16,60,10,5
ASN00090015,1104,1315,16,60,11,2
ASN00090015,903,1315,16,60,9,2
CA006158350,929,1315,16,60,9,5
ASN00090015,1108,1315,16,60,11,2
ASN00090015,1004,1315,16,60,10,2
CA006158350,1109,1315,16,60,11,5
EIE00101859,321,1315,16,60,3,7
ASN00066062,626,1315,16,60,6,2
ASN00090015,1123,1315,16,60,11,2
ASN00066062,722,1315,16,60,7,2
EIE00101859,917,1315,16,60,9,7
ASN00090015,708,1315,16,60,7,2
ASN00090015,917,1315,16,60,9,2
ASN00090015,1128,1315,16,60,11,2
CA006158350,612,1315,16,60,6,5
ASN00090015,703,1315,16,60,7,2
EIE00101859,503,1315,16,60,5,7
ASN00066062,811,1315,16,60,8,2
ASN00090015,510,1315,16,60,5,2
ASN00090015,1003,1315,16,60,10,2
EIE00101859,920,1315,16,60,9,7
ASN00090015,623,1315,16,60,6,2
GM000004204,1027,1315,16,60,10,9
EIE00101859,510,1315,16,60,5,7
GME00125218,818,1315,16,60,8,10
ASN00086071,618,1315,16,60,6,2
ASN00090015,1016,1315,16,60,10,2
ASN00086071,518,1315,16,60,5,2
ASN00086071,607,1315,16,60,6,2
EIE00101859,413,1315,16,60,4,7
UK000047811,912,1315,16,60,9,13
EIE00101859,923,1315,16,60,9,7
ASN00090015,923,1315,16,60,9,2
ASN00090015,619,1315,16,60,6,2
GME00125218,1025,1315,16,60,10,10
ASN00090015,527,1315,16,60,5,2
ASN00090015,820,1315,16,60,8,2
ASN00090015,517,1315,16,60,5,2
ASN00090015,1107,1315,16,60,11,2
EIE00101859,408,1315,16,60,4,7
ITE00100550,308,1315,16,60,3,11
ASN00090015,416,1315,16,60,4,2
ITE00100554,1018,1315,16,60,10,11
ASN00066062,602,1315,16,60,6,2
BE000006447,1024,1315,16,60,10,4
EIE00101859,420,1315,16,60,4,7
ASN00090015,528,1315,16,60,5,2
EIE00101859,1006,1315,16,60,10,7
CA006158350,1129,1315,16,60,11,5
ASN00090015,1203,1315,16,60,12,2
ASN00090015,1029,1315,16,60,10,2
ASN00090015,616,1315,16,60,6,2
CA006158350,913,1315,16,60,9,5
ITE00100550,1028,1315,16,60,10,11
EIE00101859,506,1315,16,60,5,7
CA006158350,1007,1315,16,60,10,5
ASN00066062,606,1315,16,60,6,2
ASN00066062,904,1315,16,60,9,2
ASN00090015,603,1315,16,60,6,2
ASN00090015,1028,1315,16,60,10,2
ASN00090015,810,1315,16,60,8,2
ASN00090015,617,1315,16,60,6,2
ITE00100550,1017,1315,16,60,10,11
ASN00090015,622,1315,16,60,6,2
ASN00086071,813,1315,16,60,8,2
ITE00100550,506,1315,16,60,5,11
ASN00086071,724,1315,16,60,7,2
UK000047811,702,1315,16,60,7,13
SZ000006717,712,1315,16,60,7,12
ASN00086071,1015,1315,16,60,10,2
ASN00066062,812,1315,16,60,8,2
ITE00100554,310,1315,16,60,3,11
ASN00066062,615,1315,16,60,6,2
ASN00066062,625,1315,16,60,6,2
ASN00066062,713,1315,16,60,7,2
GM000004204,928,1315,16,60,9,9
BE000006447,826,1315,16,60,8,4
UK000047811,703,1315,16,60,7,13
ASN00066062,618,1315,16,60,6,2
EZE00100082,929,1315,16,60,9,8
AU000005901,914,1315,16,60,9,3
EZE00100082,919,1315,16,60,9,8
GME00125218,811,1315,16,60,8,10
GME00125218,912,1315,16,60,9,10
UK000056225,417,1315,16,60,4,13
GME00125218,628,1315,16,60,6,10
GME00125218,1024,1315,16,60,10,10
UK000056225,506,1315,16,60,5,13
AU000005901,1023,1315,16,60,10,3
EZE00100082,1018,1315,16,60,10,8
EZE00100082,1020,1315,16,60,10,8
UK000047811,630,1315,16,60,6,13
GME00125218,619,1315,16,60,6,10
ASN00066062,708,1315,16,60,7,2
GM000004204,522,1315,16,60,5,9
ASN00086071,906,1315,16,60,9,2
UK000047811,611,1315,16,60,6,13
AU000005901,708,1315,16,60,7,3
GME00125218,702,1315,16,60,7,10
ITE00100554,1030,1315,16,60,10,11
EZE00100082,707,1315,16,61,7,8
ASN00086071,512,1315,16,61,5,2
ITE00100550,429,1315,16,61,4,11
AU000005901,1024,1315,16,61,10,3
UK000047811,916,1315,16,61,9,13
ASN00066062,822,1315,16,61,8,2
UK000047811,914,1315,16,61,9,13
GME00125218,923,1315,16,61,9,10
ITE00100550,1015,1315,16,61,10,11
ASN00086071,706,1315,16,61,7,2
ASN00066062,729,1315,16,61,7,2
ITE00100554,418,1315,16,61,4,11
EZE00100082,827,1315,16,61,8,8
GME00125218,424,1315,16,61,4,10
GM000004204,827,1315,16,61,8,9
EZE00100082,424,1315,16,61,4,8
UK000047811,507,1315,16,61,5,13
UK000047811,911,1315,16,61,9,13
ITE00100550,1030,1315,16,61,10,11
UK000056225,523,1315,16,61,5,13
AGE00135039,401,1315,16,61,4,1
ITE00100550,1025,1315,16,61,10,11
AGE00135039,1110,1315,16,61,11,1
GM000004204,920,1315,16,61,9,9
ITE00100554,1012,1315,16,61,10,11
GME00125218,701,1315,16,61,7,10
ASN00086071,426,1315,16,61,4,2
UK000056225,318,1315,16,61,3,13
AGE00135039,318,1315,16,61,3,1
UK000047811,915,1315,16,61,9,13
ITE00100550,311,1315,16,61,3,11
AGE00135039,1122,1315,16,61,11,1
AU000005901,429,1315,16,61,4,3
ITE00100550,415,1315,16,61,4,11
ITE00100550,1009,1315,16,61,10,11
ASN00086071,707,1315,16,61,7,2
BE000006447,529,1315,16,61,5,4
ITE00100550,414,1315,16,61,4,11
ITE00100554,506,1315,16,61,5,11
ASN00066062,1205,1315,16,61,12,2
CA006158350,530,1315,16,61,5,5
ASN00086071,912,1315,16,61,9,2
ASN00090015,712,1315,16,61,7,2
EIE00101859,918,1315,16,61,9,7
ASN00066062,805,1315,16,61,8,2
ASN00086071,519,1315,16,61,5,2
ASN00086071,711,1315,16,61,7,2
ASN00086071,510,1315,16,61,5,2
UK000047811,821,1315,16,61,8,13
CA006158350,905,1315,16,61,9,5
GM000004204,818,1315,16,61,8,9
UK000047811,822,1315,16,61,8,13
EIE00101859,916,1315,16,61,9,7
ASN00086071,802,1315,16,61,8,2
EIE00101859,914,1315,16,61,9,7
ASN00090015,904,1315,16,61,9,2
ASN00086071,815,1315,16,61,8,2
GM000004204,603,1315,16,61,6,9
GME00125218,913,1315,16,61,9,10
ASN00086071,530,1315,16,61,5,2
CA006158350,908,1315,16,61,9,5
ASN00066062,806,1315,16,61,8,2
ASN00086071,505,1315,16,61,5,2
ASN00090015,907,1315,16,61,9,2
ASN00086071,1104,1315,16,61,11,2
AU000005901,514,1315,16,61,5,3
GM000004204,811,1315,16,61,8,9
UK000056225,1006,1315,16,61,10,13
ASN00086071,816,1315,16,61,8,2
ASN00090015,928,1315,16,61,9,2
ASN00090015,417,1315,16,61,4,2
EIE00101859,416,1315,16,61,4,7
ASN00066062,611,1315,16,61,6,2
ASN00090015,618,1315,16,61,6,2
ASN00086071,526,1315,16,61,5,2
ASN00066062,619,1315,16,61,6,2
ASN00090015,512,1315,16,61,5,2
EIE00101859,922,1315,16,61,9,7
CA006158350,514,1315,16,61,5,5
EIE00101859,511,1315,16,61,5,7
ASN00086071,1004,1315,16,61,10,2
EIE00101859,1005,1315,16,61,10,7
ASN00086071,722,1315,16,61,7,2
ASN00086071,1128,1315,16,61,11,2
EIE00101859,514,1315,16,61,5,7
ITE00100554,404,1315,16,61,4,11
ASN00066062,614,1315,16,61,6,2
UK000047811,421,1315,16,61,4,13
AGE00135039,219,1315,16,61,2,1
SZ000006717,728,1315,16,61,7,12
ASN00066062,1126,1315,16,61,11,2
ASN00066062,1030,1315,16,61,10,2
ASN00086071,723,1315,16,61,7,2
UK000056225,529,1315,16,61,5,13
EZE00100082,818,1315,16,61,8,8
ASN00066062,426,1315,16,61,4,2
UK000056225,822,1315,16,61,8,13
ASN00086071,808,1315,16,61,8,2
EZE00100082,423,1315,16,61,4,8
ITE00100554,1026,1315,16,61,10,11
EZE00100082,702,1315,16,61,7,8
ASN00086071,521,1315,16,61,5,2
UK000047811,621,1315,16,61,6,13
EZE00100082,701,1315,16,61,7,8
AU000005901,920,1315,16,61,9,3
UK000047811,628,1315,16,61,6,13
GM000004204,1024,1315,16,61,10,9
ITE00100550,1024,1315,16,61,10,11
BE000006447,707,1315,16,61,7,4
UK000047811,629,1315,16,61,6,13
UK000047811,612,1315,16,61,6,13
UK000056225,510,1315,16,61,5,13
UK000047811,604,1315,16,61,6,13
ASN00086071,907,1315,16,61,9,2
UK000047811,410,1315,16,61,4,13
EZE00100082,813,1315,16,61,8,8
ASN00086071,604,1315,16,61,6,2
UK000047811,618,1315,16,61,6,13
UK000047811,422,1315,16,61,4,13
ASN00066062,705,1315,16,61,7,2
EZE00100082,523,1315,16,61,5,8
BE000006447,528,1315,16,62,5,4
UK000047811,624,1315,16,62,6,13
EZE00100082,825,1315,16,62,8,8
ASN00066062,607,1315,16,62,6,2
BE000006447,825,1315,16,62,8,4
SZ000006717,801,1315,16,62,8,12
ASN00066062,530,1315,16,62,5,2
GM000004204,822,1315,16,62,8,9
AU000005901,629,1315,16,62,6,3
AU000005901,812,1315,16,62,8,3
UK000047811,928,1315,16,62,9,13
GM000004204,813,1315,16,62,8,9
AU000005901,315,1315,16,62,3,3
GME00125218,604,1315,16,62,6,10
ASN00086071,1127,1315,16,62,11,2
AGE00135039,226,1315,16,62,2,1
EZE00100082,826,1315,16,62,8,8
GM000004204,628,1315,16,62,6,9
AU000005901,828,1315,16,62,8,3
GM000004204,702,1315,16,62,7,9
BE000006447,912,1315,16,62,9,4
AGE00135039,1112,1315,16,62,11,1
BE000006447,422,1315,16,62,4,4
ITE00100550,402,1315,16,62,4,11
AU000005901,628,1315,16,62,6,3
AU000005901,1019,1315,16,62,10,3
AGE00135039,321,1315,16,62,3,1
ASN00086071,511,1315,16,62,5,2
AGE00135039,1111,1315,16,62,11,1
AGE00135039,316,1315,16,62,3,1
UK000047811,708,1315,16,62,7,13
ASN00086071,514,1315,16,62,5,2
ITE00100550,411,1315,16,62,4,11
EZE00100082,914,1315,16,62,9,8
EZE00100082,309,1315,16,62,3,8
AGE00135039,1128,1315,16,62,11,1
AGE00135039,303,1315,16,62,3,1
ASN00086071,927,1315,16,62,9,2
AGE00135039,308,1315,16,62,3,1
AU000005901,921,1315,17,62,9,3
ITE00100554,402,1315,17,62,4,11
UK000056225,823,1315,17,62,8,13
UK000056225,824,1315,17,62,8,13
BE000006447,1018,1315,17,62,10,4
GME00125218,520,1315,17,62,5,10
UK000047811,622,1315,17,62,6,13
ITE00100554,1031,1315,17,62,10,11
ITE00100554,513,1315,17,62,5,11
UK000056225,531,1315,17,62,5,13
ITE00100554,1008,1315,17,62,10,11
ASN00066062,516,1315,17,62,5,2
UK000047811,922,1315,17,62,9,13
ITE00100554,505,1315,17,62,5,11
ASN00066062,707,1315,17,62,7,2
BE000006447,929,1315,17,62,9,4
ASN00086071,1214,1315,17,62,12,2
GME00125218,719,1315,17,62,7,10
ITE00100554,1010,1315,17,62,10,11
ASN00066062,430,1315,17,62,4,2
EIE00101859,513,1315,17,62,5,7
ASN00066062,807,1315,17,62,8,2
ASN00086071,826,1315,17,62,8,2
ASN00090015,1220,1315,17,62,12,2
CA006158350,523,1315,17,62,5,5
ASN00090015,509,1315,17,62,5,2
ASN00090015,514,1315,17,62,5,2
ASN00066062,513,1315,17,62,5,2
EIE00101859,904,1315,17,62,9,7
ASN00090015,1110,1315,17,62,11,2
ASN00090015,513,1315,17,62,5,2
UK000047811,831,1315,17,62,8,13
UK000047811,817,1315,17,62,8,13
UK000047811,827,1315,17,62,8,13
ASN00090015,701,1315,17,62,7,2
EIE00101859,1001,1315,17,62,10,7
EIE00101859,915,1315,17,62,9,7
ASN00090015,604,1315,17,62,6,2
ASN00090015,1008,1315,17,62,10,2
BE000006447,418,1315,17,62,4,4
CA006158350,917,1315,17,62,9,5
EIE00101859,421,1315,17,62,4,7
ASN00090015,918,1315,17,62,9,2
EIE00101859,1003,1315,17,62,10,7
EIE00101859,502,1315,17,62,5,7
ASN00086071,1003,1315,17,62,10,2
ITE00100554,1009,1315,17,62,10,11
ASN00066062,613,1315,17,62,6,2
UK000056225,919,1315,17,62,9,13
ASN00090015,920,1315,17,62,9,2
ASN00090015,426,1315,17,62,4,2
ASN00086071,428,1315,17,62,4,2
ASN00066062,429,1315,17,62,4,2
ASN00090015,925,1315,17,62,9,2
EIE00101859,921,1315,17,62,9,7
EIE00101859,924,1315,17,62,9,7
ASN00090015,924,1315,17,62,9,2
ASN00090015,1105,1315,17,62,11,2
EIE00101859,919,1315,17,62,9,7
EIE00101859,414,1315,17,62,4,7
EIE00101859,417,1315,17,62,4,7
EIE00101859,409,1315,17,62,4,7
ASN00090015,1227,1315,17,62,12,2
BE000006447,706,1315,17,62,7,4
ASN00086071,1012,1315,17,62,10,2
ASN00086071,1023,1315,17,62,10,2
ASN00086071,710,1315,17,62,7,2
ASN00090015,1204,1315,17,62,12,2
ASN00090015,711,1315,17,62,7,2
ASN00086071,208,1315,17,62,2,2
ASN00090015,601,1315,17,62,6,2
ASN00066062,804,1315,17,62,8,2
ASN00090015,508,1315,17,62,5,2
EIE00101859,907,1315,17,62,9,7
EIE00101859,505,1315,17,62,5,7
ASN00090015,531,1315,17,62,5,2
UK000047811,913,1315,17,62,9,13
CA006158350,914,1315,17,62,9,5
UK000056225,403,1315,17,62,4,13
ASN00090015,702,1315,17,62,7,2
GM000004204,817,1315,17,62,8,9
UK000047811,701,1315,17,62,7,13
EZE00100082,427,1315,17,62,4,8
ASN00086071,525,1315,17,62,5,2
ASN00066062,531,1315,17,62,5,2
ITE00100550,421,1315,17,62,4,11
ITE00100554,514,1315,17,62,5,11
ASN00066062,616,1315,17,62,6,2
EZE00100082,514,1315,17,62,5,8
UK000047811,408,1315,17,62,4,13
ASN00066062,726,1315,17,62,7,2
UK000047811,705,1315,17,62,7,13
ITE00100554,512,1315,17,62,5,11
GME00125218,906,1315,17,62,9,10
ITE00100554,602,1315,17,62,6,11
UK000056225,918,1315,17,62,9,13
UK000047811,605,1315,17,62,6,13
UK000056225,916,1315,17,62,9,13
EZE00100082,915,1315,17,62,9,8
UK000056225,911,1315,17,62,9,13
ASN00066062,808,1315,17,62,8,2
EZE00100082,529,1315,17,62,5,8
AU000005901,507,1315,17,62,5,3
ASN00086071,1203,1315,17,62,12,2
BE000006447,602,1315,17,62,6,4
ASN00066062,827,1315,17,62,8,2
ITE00100550,504,1315,17,62,5,11
AU000005901,915,1315,17,62,9,3
ASN00066062,617,1315,17,62,6,2
EZE00100082,627,1315,17,62,6,8
BE000006447,421,1315,17,62,4,4
ASN00066062,518,1315,17,62,5,2
ASN00066062,1029,1315,17,62,10,2
UK000047811,613,1315,17,62,6,13
GM000004204,708,1315,17,62,7,9
UK000056225,430,1315,17,62,4,13
ASN00066062,816,1315,17,62,8,2
UK000047811,921,1315,17,62,9,13
GME00125218,920,1315,17,62,9,10
BE000006447,525,1315,17,62,5,4
ASN00086071,501,1315,17,62,5,2
AGE00135039,426,1315,17,63,4,1
ASN00066062,519,1315,17,63,5,2
GME00125218,922,1315,17,63,9,10
ASN00066062,809,1315,17,63,8,2
AGE00135039,409,1315,17,63,4,1
AGE00135039,1210,1315,17,63,12,1
AGE00135039,1126,1315,17,63,11,1
AGE00135039,307,1315,17,63,3,1
GM000004204,529,1315,17,63,5,9
AGE00135039,402,1315,17,63,4,1
AGE00135039,331,1315,17,63,3,1
AGE00135039,329,1315,17,63,3,1
GME00125218,511,1315,17,63,5,10
ITE00100554,510,1315,17,63,5,11
AGE00135039,309,1315,17,63,3,1
AGE00135039,319,1315,17,63,3,1
AGE00135039,310,1315,17,63,3,1
AU000005901,310,1315,17,63,3,3
AGE00135039,317,1315,17,63,3,1
UK000047811,521,1315,17,63,5,13
ASN00086071,416,1315,17,63,4,2
BE000006447,416,1315,17,63,4,4
EZE00100082,628,1315,17,63,6,8
ITE00100554,1101,1315,17,63,11,11
ASN00066062,612,1315,17,63,6,2
BE000006447,920,1315,17,63,9,4
EZE00100082,520,1315,17,63,5,8
UK000056225,428,1315,17,63,4,13
GME00125218,918,1315,17,63,9,10
UK000047811,524,1315,17,63,5,13
BE000006447,601,1315,17,63,6,4
AGE00135039,1212,1315,17,63,12,1
UK000047811,905,1315,17,63,9,13
ITE00100554,419,1315,17,63,4,11
AGE00135039,217,1315,17,63,2,1
AGE00135039,225,1315,17,63,2,1
ASN00086071,1008,1315,17,63,10,2
GME00125218,817,1315,17,63,8,10
UK000056225,923,1315,17,63,9,13
AU000005901,1025,1315,17,63,10,3
ASN00066062,512,1315,17,63,5,2
ASN00086071,817,1315,17,63,8,2
BE000006447,630,1315,17,63,6,4
BE000006447,628,1315,17,63,6,4
ASN00066062,815,1315,17,63,8,2
GME00125218,921,1315,17,63,9,10
EZE00100082,1027,1315,17,63,10,8
UK000047811,625,1315,17,63,6,13
ASN00086071,803,1315,17,63,8,2
EZE00100082,709,1315,17,63,7,8
BE000006447,919,1315,17,63,9,4
ITE00100550,513,1315,17,63,5,11
UK000056225,917,1315,17,63,9,13
UK000056225,825,1315,17,63,8,13
GM000004204,828,1315,17,63,8,9
AU000005901,916,1315,17,63,9,3
GME00125218,822,1315,17,63,8,10
UK000047811,809,1315,17,63,8,13
UK000056225,410,1315,17,63,4,13
GME00125218,914,1315,17,63,9,10
BE000006447,625,1315,17,63,6,4
BE000006447,911,1315,17,63,9,4
ASN00086071,527,1315,17,63,5,2
CA006158350,921,1315,17,63,9,5
ASN00090015,919,1315,17,63,9,2
ASN00090015,507,1315,17,63,5,2
EIE00101859,1002,1315,17,63,10,7
EIE00101859,906,1315,17,63,9,7
ASN00090015,520,1315,17,63,5,2
CA006158350,1004,1315,17,63,10,5
EIE00101859,910,1315,17,63,9,7
ASN00066062,826,1315,17,63,8,2
ASN00066062,520,1315,17,63,5,2
ASN00086071,319,1315,17,63,3,2
EIE00101859,512,1315,17,63,5,7
ASN00086071,429,1315,17,63,4,2
EZE00100082,921,1315,17,63,9,8
EIE00101859,925,1315,17,63,9,7
ITE00100554,1013,1315,17,63,10,11
ASN00086071,909,1315,17,63,9,2
CA006158350,504,1315,17,63,5,5
EIE00101859,507,1315,17,63,5,7
CA006158350,915,1315,17,63,9,5
EIE00101859,901,1315,17,63,9,7
CA006158350,606,1315,17,63,6,5
UK000047811,810,1315,17,63,8,13
ASN00066062,718,1315,17,63,7,2
ASN00066062,810,1315,17,63,8,2
ASN00066062,523,1315,17,63,5,2
ASN00090015,521,1315,17,63,5,2
CA006158350,602,1315,17,63,6,5
BE000006447,626,1315,17,63,6,4
CA006158350,601,1315,17,63,6,5
GME00125218,813,1315,17,63,8,10
BE000006447,810,1315,17,63,8,4
UK000047811,619,1315,17,63,6,13
ASN00066062,427,1315,17,63,4,2
BE000006447,522,1315,17,63,5,4
ASN00066062,1204,1315,17,63,12,2
ASN00066062,1008,1315,17,63,10,2
UK000047811,825,1315,17,63,8,13
ITE00100550,1019,1315,17,63,10,11
ASN00086071,407,1315,17,63,4,2
UK000056225,820,1315,17,63,8,13
ASN00086071,1211,1315,17,63,12,2
ASN00086071,1114,1315,17,63,11,2
ASN00086071,1025,1315,17,63,10,2
GME00125218,904,1315,17,63,9,10
ASN00086071,1107,1315,17,63,11,2
ASN00066062,813,1315,17,63,8,2
GME00125218,814,1315,17,63,8,10
ASN00086071,713,1315,17,63,7,2
AU000005901,307,1315,17,63,3,3
GME00125218,709,1315,17,63,7,10
UK000056225,928,1315,17,63,9,13
GM000004204,814,1315,17,63,8,9
UK000047811,707,1315,17,63,7,13
GME00125218,624,1315,17,63,6,10
UK000047811,726,1315,17,63,7,13
ASN00066062,517,1315,17,63,5,2
UK000056225,913,1315,17,63,9,13
EZE00100082,617,1315,17,63,6,8
GM000004204,616,1315,17,63,6,9
BE000006447,926,1315,17,63,9,4
ASN00086071,1117,1315,18,64,11,2
ITE00100550,310,1315,18,64,3,11
UK000056225,922,1315,18,64,9,13
AGE00135039,223,1315,18,64,2,1
ASN00066062,706,1315,18,64,7,2
ITE00100550,419,1315,18,64,4,11
ITE00100550,1018,1315,18,64,10,11
AGE00135039,406,1315,18,64,4,1
AGE00135039,405,1315,18,64,4,1
GM000004204,906,1315,18,64,9,9
GM000004204,620,1315,18,64,6,9
AGE00135039,324,1315,18,64,3,1
GME00125218,708,1315,18,64,7,10
AU000005901,520,1315,18,64,5,3
UK000047811,901,1315,18,64,9,13
ITE00100550,423,1315,18,64,4,11
ITE00100550,1031,1315,18,64,10,11
ASN00086071,320,1315,18,64,3,2
AU000005901,1022,1315,18,64,10,3
UK000056225,915,1315,18,64,9,13
UK000047811,514,1315,18,64,5,13
ASN00086071,616,1315,18,64,6,2
ASN00066062,821,1315,18,64,8,2
ITE00100554,1027,1315,18,64,10,11
ASN00086071,423,1315,18,64,4,2
GM000004204,923,1315,18,64,9,9
UK000056225,418,1315,18,64,4,13
UK000056225,421,1315,18,64,4,13
ITE00100554,1015,1315,18,64,10,11
EZE00100082,811,1315,18,64,8,8
BE000006447,415,1315,18,64,4,4
ASN00066062,916,1315,18,64,9,2
ASN00066062,1118,1315,18,64,11,2
GM000004204,918,1315,18,64,9,9
BE000006447,827,1315,18,64,8,4
GME00125218,924,1315,18,64,9,10
BE000006447,927,1315,18,64,9,4
AU000005901,929,1315,18,64,9,3
ASN00066062,723,1315,18,64,7,2
GM000004204,424,1315,18,64,4,9
ASN00086071,714,1315,18,64,7,2
ASN00086071,1020,1315,18,64,10,2
ASN00066062,1105,1315,18,64,11,2
ASN00066062,724,1315,18,64,7,2
UK000047811,819,1315,18,64,8,13
ASN00086071,1204,1315,18,64,12,2
ASN00086071,430,1315,18,64,4,2
ASN00086071,513,1315,18,64,5,2
UK000056225,502,1315,18,64,5,13
UK000047811,801,1315,18,64,8,13
BE000006447,918,1315,18,64,9,4
UK000047811,808,1315,18,64,8,13
EZE00100082,923,1315,18,64,9,8
UK000056225,526,1315,18,64,5,13
ASN00086071,1024,1315,18,64,10,2
ASN00086071,427,1315,18,64,4,2
EZE00100082,626,1315,18,64,6,8
ASN00086071,911,1315,18,64,9,2
UK000056225,524,1315,18,64,5,13
ASN00090015,1111,1315,18,64,11,2
AU000005901,526,1315,18,64,5,3
AU000005901,1020,1315,18,64,10,3
UK000056225,626,1315,18,64,6,13
GME00125218,616,1315,18,64,6,10
ASN00066062,525,1315,18,64,5,2
ASN00090015,1206,1315,18,64,12,2
ASN00066062,522,1315,18,64,5,2
ASN00090015,1226,1315,18,64,12,2
EZE00100082,829,1315,18,64,8,8
ASN00090015,502,1315,18,64,5,2
ASN00090015,926,1315,18,64,9,2
GME00125218,428,1315,18,64,4,10
UK000047811,606,1315,18,64,6,13
ASN00090015,1215,1315,18,64,12,2
ASN00090015,420,1315,18,64,4,2
EIE00101859,418,1315,18,64,4,7
GME00125218,1019,1315,18,64,10,10
ASN00090015,1211,1315,18,64,12,2
EIE00101859,908,1315,18,64,9,7
AU000005901,701,1315,18,64,7,3
ASN00090015,408,1315,18,64,4,2
GM000004204,619,1315,18,64,6,9
EIE00101859,410,1315,18,64,4,7
ASN00090015,506,1315,18,64,5,2
UK000056225,601,1315,18,64,6,13
ASN00090015,1015,1315,18,64,10,2
EIE00101859,426,1315,18,64,4,7
CA006158350,505,1315,18,64,5,5
CA006158350,912,1315,18,64,9,5
EIE00101859,930,1315,18,64,9,7
GM000004204,905,1315,18,64,9,9
ASN00066062,802,1315,18,64,8,2
ASN00066062,1017,1315,18,64,10,2
ASN00090015,1011,1315,18,64,10,2
EIE00101859,913,1315,18,64,9,7
ASN00066062,1018,1315,18,64,10,2
ASN00090015,1010,1315,18,64,10,2
BE000006447,624,1315,18,64,6,4
CA006158350,603,1315,18,64,6,5
EIE00101859,902,1315,18,64,9,7
ASN00090015,1118,1315,18,64,11,2
ASN00090015,1009,1315,18,64,10,2
CA006158350,613,1315,18,64,6,5
ASN00090015,511,1315,18,64,5,2
ASN00090015,1024,1315,18,64,10,2
ASN00090015,1219,1315,18,64,12,2
ASN00090015,501,1315,18,64,5,2
EIE00101859,830,1315,18,64,8,7
AU000005901,423,1315,18,64,4,3
ITE00100554,515,1315,18,64,5,11
EIE00101859,1004,1315,18,64,10,7
ASN00090015,1025,1315,18,64,10,2
ASN00090015,615,1315,18,64,6,2
ASN00090015,1214,1315,18,64,12,2
AU000005901,824,1315,18,64,8,3
GM000004204,423,1315,18,64,4,9
ASN00090015,430,1315,18,64,4,2
ASN00066062,524,1315,18,64,5,2
ASN00090015,1205,1315,18,64,12,2
ITE00100550,1013,1315,18,64,10,11
UK000056225,821,1315,18,64,8,13
UK000047811,522,1315,18,64,5,13
GM000004204,829,1315,18,64,8,9
ASN00086071,1105,1315,18,64,11,2
UK000056225,505,1315,18,64,5,13
AU000005901,525,1315,18,64,5,3
ASN00066062,608,1315,18,64,6,2
ASN00066062,905,1315,18,64,9,2
ASN00066062,909,1315,18,64,9,2
BE000006447,507,1315,18,64,5,4
GM000004204,704,1315,18,64,7,9
BE000006447,910,1315,18,64,9,4
UK000056225,501,1315,18,64,5,13
GM000004204,904,1315,18,64,9,9
UK000047811,724,1315,18,64,7,13
ITE00100550,1029,1315,18,64,10,11
ASN00066062,910,1315,18,64,9,2
UK000056225,527,1315,18,64,5,13
ASN00086071,322,1315,18,64,3,2
BE000006447,811,1315,18,64,8,4
BE000006447,521,1315,18,64,5,4
ASN00066062,417,1315,18,64,4,2
UK000047811,610,1315,18,64,6,13
ASN00066062,1129,1315,18,64,11,2
AGE00135039,322,1315,18,64,3,1
EZE00100082,428,1315,18,64,4,8
UK000056225,920,1315,18,64,9,13
BE000006447,1019,1315,18,64,10,4
ITE00100554,412,1315,18,64,4,11
AGE00135039,323,1315,18,64,3,1
UK000056225,924,1315,18,64,9,13
AU000005901,813,1315,18,64,8,3
AGE00135039,224,1315,18,64,2,1
UK000056225,912,1315,18,64,9,13
GME00125218,823,1315,18,64,8,10
ITE00100554,416,1315,18,64,4,11
UK000056225,830,1315,18,64,8,13
BE000006447,922,1315,18,64,9,4
AU000005901,829,1315,18,64,8,3
AGE00135039,428,1315,18,64,4,1
AGE00135039,1119,1315,18,64,11,1
UK000056225,520,1315,18,64,5,13
ASN00066062,817,1315,18,64,8,2
GME00125218,1020,1315,18,64,10,10
ITE00100550,928,1315,18,64,9,11
AGE00135039,1105,1315,18,64,11,1
ITE00100550,309,1315,18,64,3,11
ITE00100554,423,1315,18,64,4,11
AGE00135039,1104,1315,18,64,11,1
EZE00100082,906,1315,18,64,9,8
AGE00135039,412,1315,18,64,4,1
GME00125218,824,1315,18,64,8,10
GME00125218,627,1315,18,65,6,10
UK000047811,818,1315,18,65,8,13
AU000005901,1026,1315,18,65,10,3
UK000056225,623,1315,18,65,6,13
GM000004204,922,1315,18,65,9,9
ITE00100550,921,1315,18,65,9,11
EZE00100082,308,1315,18,65,3,8
ITE00100550,1014,1315,18,65,10,11
ITE00100550,511,1315,18,65,5,11
AU000005901,424,1315,18,65,4,3
ITE00100550,405,1315,18,65,4,11
UK000047811,908,1315,18,65,9,13
ASN00066062,515,1315,18,65,5,2
UK000056225,422,1315,18,65,4,13
ITE00100550,420,1315,18,65,4,11
UK000047811,409,1315,18,65,4,13
UK000047811,725,1315,18,65,7,13
ASN00066062,510,1315,18,65,5,2
AU000005901,827,1315,18,65,8,3
UK000047811,902,1315,18,65,9,13
UK000056225,909,1315,18,65,9,13
BE000006447,921,1315,18,65,9,4
ASN00066062,509,1315,18,65,5,2
UK000056225,414,1315,18,65,4,13
EZE00100082,511,1315,18,65,5,8
UK000047811,826,1315,18,65,8,13
ITE00100554,406,1315,18,65,4,11
UK000056225,914,1315,18,65,9,13
UK000056225,1018,1315,18,65,10,13
UK000047811,925,1315,18,65,9,13
EZE00100082,1019,1315,18,65,10,8
AGE00135039,1124,1315,18,65,11,1
UK000047811,806,1315,18,65,8,13
UK000047811,926,1315,18,65,9,13
UK000047811,903,1315,18,65,9,13
ASN00066062,514,1315,18,65,5,2
ASN00066062,501,1315,18,65,5,2
UK000047811,802,1315,18,65,8,13
EZE00100082,618,1315,18,65,6,8
BE000006447,924,1315,18,65,9,4
UK000047811,830,1315,18,65,8,13
EZE00100082,924,1315,18,65,9,8
ASN00090015,1202,1315,18,65,12,2
CA006158350,906,1315,18,65,9,5
BE000006447,423,1315,18,65,4,4
EIE00101859,912,1315,18,65,9,7
EIE00101859,909,1315,18,65,9,7
EIE00101859,411,1315,18,65,4,7
EIE00101859,905,1315,18,65,9,7
ASN00090015,1014,1315,18,65,10,2
ASN00086071,904,1315,18,65,9,2
ASN00066062,424,1315,18,65,4,2
ASN00090015,407,1315,18,65,4,2
EIE00101859,929,1315,18,65,9,7
ASN00086071,930,1315,18,65,9,2
EZE00100082,720,1315,18,65,7,8
ASN00090015,1101,1315,18,65,11,2
GME00125218,903,1315,18,65,9,10
EIE00101859,612,1315,18,65,6,7
EIE00101859,903,1315,18,65,9,7
BE000006447,905,1315,18,65,9,4
BE000006447,629,1315,18,65,6,4
ASN00090015,921,1315,18,65,9,2
ITE00100550,527,1315,18,65,5,11
EIE00101859,831,1315,18,65,8,7
ASN00090015,418,1315,18,65,4,2
ASN00086071,321,1315,18,65,3,2
CA006158350,916,1315,18,65,9,5
GME00125218,626,1315,18,65,6,10
EIE00101859,515,1315,18,65,5,7
GM000004204,921,1315,18,65,9,9
ASN00086071,922,1315,18,65,9,2
UK000056225,808,1315,18,65,8,13
ASN00066062,1031,1315,18,65,10,2
EIE00101859,829,1315,18,65,8,7
EIE00101859,504,1315,18,65,5,7
ASN00090015,421,1315,18,65,4,2
ASN00086071,419,1315,18,65,4,2
CA006158350,607,1315,18,65,6,5
ASN00066062,425,1315,18,65,4,2
UK000056225,809,1315,18,65,8,13
EIE00101859,926,1315,18,65,9,7
GME00125218,829,1315,18,65,8,10
ASN00066062,605,1315,18,65,6,2
ASN00086071,828,1315,18,65,8,2
ASN00066062,725,1315,18,65,7,2
AU000005901,428,1315,18,65,4,3
UK000056225,630,1315,18,65,6,13
ASN00090015,1113,1315,18,65,11,2
ASN00090015,1112,1315,18,65,11,2
GME00125218,705,1315,18,65,7,10
ASN00090015,1125,1315,18,65,11,2
EZE00100082,815,1315,18,65,8,8
ASN00086071,1129,1315,18,65,11,2
UK000047811,805,1315,18,65,8,13
GME00125218,803,1315,18,65,8,10
BE000006447,925,1315,18,65,9,4
AU000005901,825,1315,18,65,8,3
UK000047811,608,1315,18,65,6,13
AU000005901,308,1315,18,65,3,3
GM000004204,428,1315,18,65,4,9
GM000004204,709,1315,18,65,7,9
GME00125218,919,1315,18,65,9,10
GM000004204,624,1315,18,65,6,9
GM000004204,919,1315,18,65,9,9
EZE00100082,620,1315,18,65,6,8
ASN00066062,908,1315,18,65,9,2
AU000005901,702,1315,18,65,7,3
ASN00066062,830,1315,18,65,8,2
GM000004204,903,1315,18,65,9,9
ASN00086071,1018,1315,18,65,10,2
BE000006447,904,1315,18,65,9,4
UK000056225,614,1315,18,65,6,13
BE000006447,923,1315,18,65,9,4
BE000006447,913,1315,18,65,9,4
BE000006447,511,1315,18,65,5,4
ASN00086071,1013,1315,18,65,10,2
ASN00066062,526,1315,18,65,5,2
GM000004204,824,1315,18,65,8,9
GM000004204,719,1315,18,65,7,9
BE000006447,705,1315,18,65,7,4
UK000056225,819,1315,18,65,8,13
GME00125218,720,1315,18,65,7,10
GM000004204,602,1315,18,65,6,9
AGE00135039,429,1315,18,65,4,1
ASN00086071,523,1315,18,65,5,2
AGE00135039,427,1315,18,65,4,1
UK000056225,925,1315,18,65,9,13
AU000005901,819,1315,18,65,8,3
GME00125218,718,1315,18,65,7,10
ASN00086071,1125,1315,18,65,11,2
AGE00135039,1028,1315,18,65,10,1
AGE00135039,413,1315,18,65,4,1
BE000006447,615,1315,18,65,6,4
EZE00100082,603,1315,18,65,6,8
GM000004204,914,1315,18,65,9,9
EZE00100082,705,1315,18,65,7,8
UK000056225,603,1315,18,65,6,13
GM000004204,1019,1315,18,65,10,9
AGE00135039,1029,1315,18,65,10,1
UK000056225,511,1315,18,65,5,13
AGE00135039,325,1315,18,65,3,1
AGE00135039,326,1315,18,65,3,1
GME00125218,512,1315,18,65,5,10
EZE00100082,916,1315,18,65,9,8
AGE00135039,330,1315,18,65,3,1
ITE00100550,412,1315,18,65,4,11
AGE00135039,419,1315,18,65,4,1
AU000005901,925,1315,18,65,9,3
ASN00086071,522,1315,18,65,5,2
UK000047811,909,1315,19,65,9,13
BE000006447,917,1315,19,65,9,4
GM000004204,924,1315,19,65,9,9
GME00125218,607,1315,19,65,6,10
EZE00100082,616,1315,19,65,6,8
BE000006447,928,1315,19,65,9,4
ITE00100550,1001,1315,19,65,10,11
GM000004204,617,1315,19,65,6,9
UK000047811,924,1315,19,65,9,13
BE000006447,506,1315,19,65,5,4
GME00125218,618,1315,19,65,6,10
ITE00100550,502,1315,19,65,5,11
ASN00066062,1003,1315,19,65,10,2
UK000056225,921,1315,19,65,9,13
UK000047811,929,1315,19,65,9,13
GM000004204,511,1315,19,65,5,9
UK000056225,904,1315,19,65,9,13
BE000006447,903,1315,19,65,9,4
GME00125218,710,1315,19,65,7,10
GM000004204,627,1315,19,65,6,9
UK000047811,513,1315,19,65,5,13
UK000047811,627,1315,19,65,6,13
GME00125218,620,1315,19,65,6,10
ASN00086071,318,1315,19,66,3,2
UK000047811,723,1315,19,66,7,13
UK000047811,423,1315,19,66,4,13
ASN00086071,1001,1315,19,66,10,2
UK000047811,704,1315,19,66,7,13
ASN00066062,502,1315,19,66,5,2
EZE00100082,719,1315,19,66,7,8
ASN00086071,923,1315,19,66,9,2
UK000056225,622,1315,19,66,6,13
ITE00100554,414,1315,19,66,4,11
UK000047811,807,1315,19,66,8,13
UK000047811,727,1315,19,66,7,13
ASN00086071,1124,1315,19,66,11,2
ASN00086071,225,1315,19,66,2,2
ITE00100554,507,1315,19,66,5,11
BE000006447,704,1315,19,66,7,4
ASN00086071,106,1315,19,66,1,2
GM000004204,803,1315,19,66,8,9
ITE00100550,1021,1315,19,66,10,11
GME00125218,905,1315,19,66,9,10
AU000005901,528,1315,19,66,5,3
ITE00100554,508,1315,19,66,5,11
EZE00100082,629,1315,19,66,6,8
AU000005901,616,1315,19,66,6,3
GM000004204,630,1315,19,66,6,9
GM000004204,520,1315,19,66,5,9
UK000047811,804,1315,19,66,8,13
GME00125218,911,1315,19,66,9,10
GM000004204,821,1315,19,66,8,9
AU000005901,818,1315,19,66,8,3
ASN00066062,814,1315,19,66,8,2
ASN00086071,303,1315,19,66,3,2
AU000005901,826,1315,19,66,8,3
ITE00100554,1001,1315,19,66,10,11
GME00125218,901,1315,19,66,9,10
AU000005901,511,1315,19,66,5,3
ASN00086071,1227,1315,19,66,12,2
GM000004204,915,1315,19,66,9,9
ASN00090015,1122,1315,19,66,11,2
ASN00086071,209,1315,19,66,2,2
CA006158350,830,1315,19,66,8,5
EIE00101859,828,1315,19,66,8,7
EIE00101859,422,1315,19,66,4,7
ASN00066062,320,1315,19,66,3,2
UK000047811,709,1315,19,66,7,13
ASN00066062,604,1315,19,66,6,2
ASN00090015,1207,1315,19,66,12,2
CA006158350,831,1315,19,66,8,5
ASN00066062,915,1315,19,66,9,2
UK000056225,703,1315,19,66,7,13
ASN00066062,1027,1315,19,66,10,2
CA006158350,924,1315,19,66,9,5
EIE00101859,821,1315,19,66,8,7
EIE00101859,516,1315,19,66,5,7
EIE00101859,807,1315,19,66,8,7
ITE00100550,1026,1315,19,66,10,11
ITE00100554,1014,1315,19,66,10,11
ASN00090015,519,1315,19,66,5,2
UK000047811,620,1315,19,66,6,13
ITE00100554,421,1315,19,66,4,11
EIE00101859,911,1315,19,66,9,7
UK000056225,629,1315,19,66,6,13
EZE00100082,912,1315,19,66,9,8
UK000047811,722,1315,19,66,7,13
UK000056225,705,1315,19,66,7,13
ASN00086071,1225,1315,19,66,12,2
ASN00066062,1215,1315,19,66,12,2
EIE00101859,530,1315,19,66,5,7
ASN00090015,922,1315,19,66,9,2
ASN00086071,126,1315,19,66,1,2
ASN00086071,1215,1315,19,66,12,2
ASN00086071,929,1315,19,66,9,2
ASN00090015,1102,1315,19,66,11,2
ASN00090015,1116,1315,19,66,11,2
ASN00066062,1127,1315,19,66,11,2
EIE00101859,523,1315,19,66,5,7
UK000056225,926,1315,19,66,9,13
CA006158350,515,1315,19,66,5,5
EIE00101859,927,1315,19,66,9,7
EIE00101859,611,1315,19,66,6,7
UK000056225,816,1315,19,66,8,13
AGE00135039,1102,1315,19,66,11,1
GM000004204,907,1315,19,66,9,9
GME00125218,915,1315,19,66,9,10
UK000047811,907,1315,19,66,9,13
GME00125218,514,1315,19,66,5,10
AGE00135039,408,1315,19,66,4,1
AGE00135039,1014,1315,19,66,10,1
UK000047811,811,1315,19,66,8,13
AGE00135039,418,1315,19,66,4,1
AU000005901,811,1315,19,66,8,3
BE000006447,818,1315,19,66,8,4
UK000056225,810,1315,19,66,8,13
AGE00135039,1031,1315,19,66,10,1
GM000004204,512,1315,19,66,5,9
AGE00135039,1026,1315,19,66,10,1
ASN00066062,210,1315,19,66,2,2
ASN00086071,210,1315,19,66,2,2
AGE00135039,1116,1315,19,66,11,1
UK000056225,708,1315,19,66,7,13
UK000047811,828,1315,19,66,8,13
AGE00135039,411,1315,19,66,4,1
UK000047811,906,1315,19,66,9,13
AGE00135039,502,1315,19,66,5,1
ITE00100550,430,1315,19,66,4,11
AU000005901,709,1315,19,66,7,3
BE000006447,812,1315,19,66,8,4
GME00125218,629,1315,19,66,6,10
ASN00066062,714,1315,19,66,7,2
ITE00100550,1022,1315,19,66,10,11
ASN00066062,419,1315,19,66,4,2
BE000006447,419,1315,19,66,4,4
GM000004204,625,1315,19,66,6,9
ITE00100554,429,1315,19,66,4,11
UK000047811,607,1315,19,66,6,13
ASN00066062,503,1315,19,66,5,2
UK000047811,927,1315,19,66,9,13
ITE00100550,1002,1315,19,66,10,11
UK000056225,817,1315,19,66,8,13
GME00125218,425,1315,19,66,4,10
UK000056225,901,1315,19,66,9,13
ITE00100554,928,1315,19,66,9,11
ASN00066062,428,1315,19,66,4,2
UK000056225,905,1315,19,66,9,13
GM000004204,618,1315,19,66,6,9
UK000047811,617,1315,19,66,6,13
UK000047811,520,1315,19,66,5,13
UK000047811,710,1315,19,66,7,13
GME00125218,908,1315,19,66,9,10
ASN00066062,907,1315,19,67,9,2
ASN00066062,319,1315,19,67,3,2
BE000006447,820,1315,19,67,8,4
BE000006447,701,1315,19,67,7,4
BE000006447,703,1315,19,67,7,4
ASN00066062,504,1315,19,67,5,2
ASN00086071,224,1315,19,67,2,2
ITE00100550,927,1315,19,67,9,11
ITE00100550,413,1315,19,67,4,11
GM000004204,705,1315,19,67,7,9
ASN00066062,917,1315,19,67,9,2
GM000004204,626,1315,19,67,6,9
BE000006447,817,1315,19,67,8,4
ASN00086071,506,1315,19,67,5,2
ASN00086071,112,1315,19,67,1,2
ASN00086071,910,1315,19,67,9,2
UK000047811,824,1315,19,67,8,13
AU000005901,309,1315,19,67,3,3
UK000056225,618,1315,19,67,6,13
ASN00066062,1015,1315,19,67,10,2
GME00125218,715,1315,19,67,7,10
ASN00086071,304,1315,19,67,3,2
ASN00086071,924,1315,19,67,9,2
ASN00086071,315,1315,19,67,3,2
GME00125218,605,1315,19,67,6,10
ASN00066062,1106,1315,19,67,11,2
ASN00066062,1130,1315,19,67,11,2
ASN00086071,316,1315,19,67,3,2
AU000005901,918,1315,19,67,9,3
ASN00066062,212,1315,19,67,2,2
ASN00066062,1009,1315,19,67,10,2
ASN00086071,418,1315,19,67,4,2
GME00125218,716,1315,19,67,7,10
CA006158350,519,1315,19,67,5,5
ASN00090015,522,1315,19,67,5,2
CA006158350,522,1315,19,67,5,5
ASN00090015,523,1315,19,67,5,2
EIE00101859,423,1315,19,67,4,7
ASN00066062,1025,1315,19,67,10,2
AU000005901,821,1315,19,67,8,3
EIE00101859,822,1315,19,67,8,7
CA006158350,820,1315,19,67,8,5
EIE00101859,613,1315,19,67,6,7
ASN00066062,1005,1315,19,67,10,2
ASN00086071,928,1315,19,67,9,2
CA006158350,608,1315,19,67,6,5
UK000047811,609,1315,19,67,6,13
CA006158350,518,1315,19,67,5,5
ASN00090015,1229,1315,19,67,12,2
EIE00101859,702,1315,19,67,7,7
GM000004204,721,1315,19,67,7,9
EIE00101859,425,1315,19,67,4,7
UK000047811,721,1315,19,67,7,13
EIE00101859,820,1315,19,67,8,7
ASN00090015,409,1315,19,67,4,2
EIE00101859,810,1315,19,67,8,7
CA006158350,911,1315,19,67,9,5
ASN00066062,1007,1315,19,67,10,2
EIE00101859,412,1315,19,67,4,7
UK000047811,728,1315,19,67,7,13
ASN00090015,1124,1315,19,67,11,2
EZE00100082,917,1315,19,67,9,8
ASN00090015,402,1315,19,67,4,2
CA006158350,509,1315,19,67,5,5
EIE00101859,606,1315,19,67,6,7
ASN00086071,325,1315,19,67,3,2
CA006158350,526,1315,19,67,5,5
UK000047811,715,1315,19,67,7,13
EIE00101859,624,1315,19,67,6,7
GM000004204,901,1315,19,67,9,9
ASN00066062,511,1315,19,67,5,2
EIE00101859,808,1315,19,67,8,7
CA006158350,902,1315,19,67,9,5
EIE00101859,731,1315,19,67,7,7
UK000047811,616,1315,19,67,6,13
ASN00066062,911,1315,19,67,9,2
ASN00090015,419,1315,19,67,4,2
GME00125218,804,1315,19,67,8,10
ITE00100554,420,1315,19,67,4,11
GM000004204,727,1315,19,67,7,9
CA006158350,910,1315,19,67,9,5
EIE00101859,601,1315,19,67,6,7
ASN00066062,920,1315,19,67,9,2
EIE00101859,803,1315,19,67,8,7
CA006158350,1006,1315,19,67,10,5
EIE00101859,501,1315,19,67,5,7
ASN00086071,524,1315,19,67,5,2
ITE00100550,514,1315,20,67,5,11
AGE00135039,1121,1315,20,67,11,1
AGE00135039,414,1315,20,67,4,1
GME00125218,916,1315,20,67,9,10
AGE00135039,1015,1315,20,67,10,1
BE000006447,425,1315,20,67,4,4
UK000056225,604,1315,20,67,6,13
AU000005901,1021,1315,20,67,10,3
AGE00135039,1118,1315,20,67,11,1
GME00125218,727,1315,20,67,7,10
BE000006447,603,1315,20,67,6,4
AGE00135039,503,1315,20,67,5,1
ITE00100554,405,1315,20,67,4,11
GM000004204,720,1315,20,67,7,9
UK000056225,927,1315,20,67,9,13
ITE00100550,507,1315,20,67,5,11
GM000004204,810,1315,20,67,8,9
ITE00100554,411,1315,20,67,4,11
UK000056225,627,1315,20,67,6,13
ASN00086071,1026,1315,20,67,10,2
UK000056225,610,1315,20,67,6,13
ITE00100554,1002,1315,20,67,10,11
UK000056225,613,1315,20,67,6,13
AU000005901,603,1315,20,67,6,3
ITE00100550,929,1315,20,67,9,11
UK000047811,731,1315,20,67,7,13
BE000006447,618,1315,20,67,6,4
EZE00100082,817,1315,20,67,8,8
AU000005901,912,1315,20,67,9,3
GM000004204,713,1315,20,67,7,9
GME00125218,713,1315,20,67,7,10
ASN00086071,113,1315,20,67,1,2
ASN00086071,1103,1315,20,67,11,2
BE000006447,514,1315,20,67,5,4
UK000047811,706,1315,20,67,7,13
AU000005901,707,1315,20,67,7,3
UK000047811,718,1315,20,67,7,13
GM000004204,819,1315,20,67,8,9
UK000056225,826,1315,20,67,8,13
UK000056225,707,1315,20,67,7,13
UK000056225,624,1315,20,67,6,13
ASN00066062,321,1315,20,67,3,2
UK000056225,512,1315,20,67,5,13
ITE00100554,601,1315,20,67,6,11
ITE00100554,413,1315,20,67,4,11
UK000056225,831,1315,20,67,8,13
UK000056225,903,1315,20,67,9,13
ITE00100554,415,1315,20,67,4,11
UK000056225,902,1315,20,67,9,13
ASN00086071,914,1315,20,67,9,2
ASN00066062,418,1315,20,67,4,2
UK000056225,801,1315,20,68,8,13
GME00125218,819,1315,20,68,8,10
AU000005901,529,1315,20,68,5,3
ASN00066062,919,1315,20,68,9,2
ASN00066062,921,1315,20,68,9,2
ASN00066062,603,1315,20,68,6,2
UK000056225,420,1315,20,68,4,13
ASN00066062,521,1315,20,68,5,2
GME00125218,704,1315,20,68,7,10
UK000047811,803,1315,20,68,8,13
BE000006447,604,1315,20,68,6,4
GME00125218,726,1315,20,68,7,10
ITE00100550,512,1315,20,68,5,11
ASN00086071,211,1315,20,68,2,2
ITE00100554,502,1315,20,68,5,11
UK000047811,713,1315,20,68,7,13
GME00125218,517,1315,20,68,5,10
GM000004204,605,1315,20,68,6,9
ASN00066062,1019,1315,20,68,10,2
EZE00100082,824,1315,20,68,8,8
EZE00100082,908,1315,20,68,9,8
GM000004204,916,1315,20,68,9,9
EZE00100082,903,1315,20,68,9,8
ASN00086071,410,1315,20,68,4,2
EIE00101859,620,1315,20,68,6,7
ASN00090015,410,1315,20,68,4,2
GM000004204,629,1315,20,68,6,9
AGE00135039,1013,1315,20,68,10,1
ASN00090015,1213,1315,20,68,12,2
AGE00135039,421,1315,20,68,4,1
EIE00101859,619,1315,20,68,6,7
AGE00135039,1022,1315,20,68,10,1
ASN00090015,422,1315,20,68,4,2
ASN00086071,1206,1315,20,68,12,2
GME00125218,622,1315,20,68,6,10
GME00125218,721,1315,20,68,7,10
AU000005901,425,1315,20,68,4,3
EIE00101859,616,1315,20,68,6,7
EIE00101859,622,1315,20,68,6,7
ASN00066062,211,1315,20,68,2,2
ASN00090015,1225,1315,20,68,12,2
GM000004204,710,1315,20,68,7,9
EIE00101859,424,1315,20,68,4,7
GM000004204,425,1315,20,68,4,9
EIE00101859,614,1315,20,68,6,7
ASN00086071,1212,1315,20,68,12,2
BE000006447,616,1315,20,68,6,4
AGE00135039,420,1315,20,68,4,1
ASN00086071,1226,1315,20,68,12,2
ASN00090015,1228,1315,20,68,12,2
AGE00135039,1103,1315,20,68,11,1
GME00125218,907,1315,20,68,9,10
EIE00101859,817,1315,20,68,8,7
GME00125218,802,1315,20,68,8,10
AGE00135039,506,1315,20,68,5,1
AGE00135039,507,1315,20,68,5,1
CA006158350,828,1315,20,68,8,5
EIE00101859,804,1315,20,68,8,7
AGE00135039,1115,1315,20,68,11,1
CA006158350,907,1315,20,68,9,5
CA006158350,829,1315,20,68,8,5
ASN00090015,505,1315,20,68,5,2
EIE00101859,809,1315,20,68,8,7
BE000006447,906,1315,20,68,9,4
AGE00135039,430,1315,20,68,4,1
EIE00101859,610,1315,20,68,6,7
BE000006447,610,1315,20,68,6,4
BE000006447,512,1315,20,68,5,4
ASN00090015,1221,1315,20,68,12,2
EIE00101859,529,1315,20,68,5,7
EIE00101859,806,1315,20,68,8,7
ASN00090015,529,1315,20,68,5,2
EIE00101859,531,1315,20,68,5,7
EIE00101859,827,1315,20,68,8,7
EIE00101859,602,1315,20,68,6,7
AGE00135039,1117,1315,20,68,11,1
ASN00090015,1114,1315,20,68,11,2
AGE00135039,518,1315,20,68,5,1
EIE00101859,819,1315,20,68,8,7
EIE00101859,605,1315,20,68,6,7
CA006158350,605,1315,20,68,6,5
AGE00135039,504,1315,20,68,5,1
EIE00101859,427,1315,20,68,4,7
EIE00101859,730,1315,20,68,7,7
CA006158350,516,1315,20,68,5,5
EIE00101859,522,1315,20,68,5,7
BE000006447,914,1315,20,68,9,4
EIE00101859,524,1315,20,68,5,7
EIE00101859,928,1315,20,68,9,7
EIE00101859,823,1315,20,68,8,7
EIE00101859,725,1315,20,68,7,7
EIE00101859,825,1315,20,68,8,7
GM000004204,514,1315,20,68,5,9
EZE00100082,803,1315,20,68,8,8
UK000056225,620,1315,20,68,6,13
BE000006447,619,1315,20,68,6,4
ASN00066062,1006,1315,20,68,10,2
EZE00100082,922,1315,20,68,9,8
UK000047811,717,1315,20,68,7,13
UK000056225,621,1315,20,68,6,13
ITE00100550,904,1315,20,68,9,11
ASN00066062,416,1315,20,68,4,2
ASN00086071,1123,1315,20,68,11,2
UK000056225,615,1315,20,68,6,13
GME00125218,830,1315,20,68,8,10
ASN00086071,317,1315,20,68,3,2
ASN00086071,223,1315,20,68,2,2
EZE00100082,513,1315,20,68,5,8
ASN00086071,1220,1315,20,68,12,2
ASN00086071,226,1315,20,68,2,2
UK000056225,721,1315,20,68,7,13
ASN00086071,420,1315,20,68,4,2
UK000056225,827,1315,20,68,8,13
UK000056225,818,1315,20,68,8,13
BE000006447,608,1315,20,68,6,4
ASN00066062,803,1315,20,68,8,2
BE000006447,802,1315,20,68,8,4
ITE00100554,920,1315,20,68,9,11
ASN00066062,527,1315,20,68,5,2
ASN00066062,420,1315,20,68,4,2
ASN00066062,505,1315,20,68,5,2
BE000006447,828,1315,20,68,8,4
GME00125218,513,1315,20,69,5,10
AU000005901,816,1315,20,69,8,3
AU000005901,617,1315,20,69,6,3
ITE00100550,1027,1315,20,69,10,11
UK000047811,729,1315,20,69,7,13
UK000056225,616,1315,20,69,6,13
ASN00086071,1230,1315,20,69,12,2
ITE00100554,430,1315,20,69,4,11
GME00125218,810,1315,20,69,8,10
ASN00086071,323,1315,20,69,3,2
ASN00066062,1115,1315,20,69,11,2
ASN00066062,528,1315,20,69,5,2
AU000005901,720,1315,20,69,7,3
GME00125218,816,1315,20,69,8,10
ITE00100550,510,1315,20,69,5,11
ASN00086071,905,1315,20,69,9,2
ASN00066062,322,1315,20,69,3,2
UK000056225,625,1315,20,69,6,13
ASN00066062,1119,1315,20,69,11,2
ITE00100550,1020,1315,20,69,10,11
ASN00086071,1002,1315,20,69,10,2
BE000006447,530,1315,20,69,5,4
AU000005901,830,1315,20,69,8,3
ASN00066062,1109,1315,20,69,11,2
AU000005901,908,1315,20,69,9,3
GME00125218,625,1315,20,69,6,10
ASN00066062,1226,1315,20,69,12,2
ASN00066062,224,1315,20,69,2,2
ITE00100550,602,1315,20,69,6,11
EZE00100082,918,1315,20,69,9,8
BE000006447,606,1315,20,69,6,4
GM000004204,622,1315,20,69,6,9
GME00125218,821,1315,20,69,8,10
EZE00100082,830,1315,20,69,8,8
ITE00100554,929,1315,20,69,9,11
ITE00100550,501,1315,20,69,5,11
ASN00066062,925,1315,20,69,9,2
ITE00100554,927,1315,20,69,9,11
EZE00100082,425,1315,20,69,4,8
ITE00100550,1023,1315,20,69,10,11
ASN00086071,110,1315,20,69,1,2
GM000004204,607,1315,20,69,6,9
AGE00135039,1012,1315,20,69,10,1
ASN00086071,1009,1315,20,69,10,2
GME00125218,601,1315,20,69,6,10
ASN00086071,129,1315,20,69,1,2
AGE00135039,1020,1315,20,69,10,1
ASN00086071,1221,1315,20,69,12,2
AGE00135039,422,1315,20,69,4,1
ASN00086071,917,1315,20,69,9,2
BE000006447,819,1315,20,69,8,4
BE000006447,822,1315,20,69,8,4
ASN00086071,1014,1315,20,69,10,2
ASN00086071,127,1315,20,69,1,2
BE000006447,725,1315,20,69,7,4
GM000004204,804,1315,20,69,8,9
UK000047811,712,1315,20,69,7,13
ASN00086071,1031,1315,20,69,10,2
AGE00135039,1017,1315,20,69,10,1
AGE00135039,613,1315,20,69,6,1
BE000006447,515,1315,20,69,5,4
EZE00100082,625,1315,21,69,6,8
EIE00101859,826,1315,21,69,8,7
EIE00101859,701,1315,21,69,7,7
EIE00101859,428,1315,21,69,4,7
EIE00101859,618,1315,21,69,6,7
EIE00101859,802,1315,21,69,8,7
EIE00101859,621,1315,21,69,6,7
CA006158350,927,1315,21,69,9,5
ASN00090015,414,1315,21,69,4,2
EIE00101859,724,1315,21,69,7,7
EIE00101859,607,1315,21,69,6,7
UK000056225,521,1315,21,69,5,13
EZE00100082,713,1315,21,69,7,8
ASN00066062,906,1315,21,69,9,2
EZE00100082,904,1315,21,69,9,8
AU000005901,508,1315,21,69,5,3
EIE00101859,528,1315,21,69,5,7
BE000006447,907,1315,21,69,9,4
EIE00101859,520,1315,21,69,5,7
BE000006447,902,1315,21,69,9,4
BE000006447,901,1315,21,69,9,4
ITE00100550,609,1315,21,69,6,11
ASN00086071,408,1315,21,69,4,2
ASN00066062,1128,1315,21,69,11,2
CA006158350,721,1315,21,69,7,5
EIE00101859,625,1315,21,69,6,7
GME00125218,714,1315,21,69,7,10
EIE00101859,726,1315,21,69,7,7
EIE00101859,801,1315,21,69,8,7
UK000047811,714,1315,21,69,7,13
CA006158350,525,1315,21,69,5,5
CA006158350,520,1315,21,69,5,5
EZE00100082,619,1315,21,69,6,8
ASN00066062,912,1315,21,69,9,2
EIE00101859,628,1315,21,69,6,7
UK000056225,704,1315,21,69,7,13
EIE00101859,604,1315,21,69,6,7
BE000006447,605,1315,21,69,6,4
EIE00101859,615,1315,21,69,6,7
ASN00066062,1116,1315,21,69,11,2
UK000056225,617,1315,21,69,6,13
CA006158350,628,1315,21,69,6,5
EIE00101859,824,1315,21,69,8,7
ITE00100550,524,1315,21,69,5,11
ASN00086071,1205,1315,21,69,12,2
BE000006447,821,1315,21,69,8,4
BE000006447,816,1315,21,69,8,4
EIE00101859,517,1315,21,69,5,7
ASN00066062,918,1315,21,69,9,2
CA006158350,822,1315,21,69,8,5
UK000056225,628,1315,21,69,6,13
ASN00086071,212,1315,21,69,2,2
UK000056225,611,1315,21,69,6,13
AGE00135039,1114,1315,21,69,11,1
ASN00086071,305,1315,21,69,3,2
ASN00066062,1014,1315,21,69,10,2
ASN00066062,928,1315,21,69,9,2
ITE00100554,826,1315,21,69,8,11
BE000006447,420,1315,21,69,4,4
UK000056225,608,1315,21,69,6,13
EZE00100082,710,1315,21,69,7,8
ASN00066062,1021,1315,21,69,10,2
ASN00066062,112,1315,21,69,1,2
ASN00066062,1023,1315,21,69,10,2
AU000005901,620,1315,21,69,6,3
GM000004204,1020,1315,21,69,10,9
AU000005901,722,1315,21,69,7,3
GM000004204,815,1315,21,69,8,9
ITE00100550,424,1315,21,69,4,11
GME00125218,606,1315,21,69,6,10
GM000004204,823,1315,21,69,8,9
AU000005901,512,1315,21,70,5,3
EZE00100082,727,1315,21,70,7,8
ASN00086071,913,1315,21,70,9,2
EZE00100082,907,1315,21,70,9,8
GM000004204,802,1315,21,70,8,9
ITE00100550,923,1315,21,70,9,11
BE000006447,813,1315,21,70,8,4
UK000047811,515,1315,21,70,5,13
EZE00100082,819,1315,21,70,8,8
UK000056225,906,1315,21,70,9,13
ASN00066062,1011,1315,21,70,10,2
ITE00100550,920,1315,21,70,9,11
AU000005901,906,1315,21,70,9,3
ITE00100550,528,1315,21,70,5,11
GME00125218,531,1315,21,70,5,10
AGE00135039,1019,1315,21,70,10,1
AU000005901,919,1315,21,70,9,3
AU000005901,723,1315,21,70,7,3
EZE00100082,703,1315,21,70,7,8
ITE00100550,509,1315,21,70,5,11
UK000047811,711,1315,21,70,7,13
UK000047811,719,1315,21,70,7,13
AGE00135039,415,1315,21,70,4,1
ITE00100550,826,1315,21,70,8,11
UK000047811,816,1315,21,70,8,13
GME00125218,515,1315,21,70,5,10
AGE00135039,513,1315,21,70,5,1
ITE00100554,525,1315,21,70,5,11
GM000004204,517,1315,21,70,5,9
GM000004204,610,1315,21,70,6,9
AU000005901,515,1315,21,70,5,3
GM000004204,513,1315,21,70,5,9
EZE00100082,721,1315,21,70,7,8
UK000047811,730,1315,21,70,7,13
AGE00135039,1027,1315,21,70,10,1
ASN00086071,1108,1315,21,70,11,2
ASN00066062,229,1315,21,70,2,2
EZE00100082,517,1315,21,70,5,8
ASN00090015,1212,1315,21,70,12,2
ASN00086071,220,1315,21,70,2,2
ASN00090015,1218,1315,21,70,12,2
CA006158350,827,1315,21,70,8,5
GME00125218,621,1315,21,70,6,10
ASN00090015,524,1315,21,70,5,2
ASN00066062,1114,1315,21,70,11,2
ASN00090015,1117,1315,21,70,11,2
EIE00101859,818,1315,21,70,8,7
EIE00101859,623,1315,21,70,6,7
EIE00101859,525,1315,21,70,5,7
ASN00066062,228,1315,21,70,2,2
CA006158350,629,1315,21,70,6,5
EIE00101859,723,1315,21,70,7,7
EIE00101859,521,1315,21,70,5,7
EIE00101859,429,1315,21,70,4,7
ASN00090015,1019,1315,21,70,10,2
ASN00066062,214,1315,21,70,2,2
EIE00101859,527,1315,21,70,5,7
CA006158350,821,1315,21,70,8,5
ASN00090015,1209,1315,21,70,12,2
EZE00100082,905,1315,21,70,9,8
ASN00086071,1228,1315,21,70,12,2
ASN00090015,415,1315,21,70,4,2
ASN00086071,203,1315,21,70,2,2
EZE00100082,714,1315,21,70,7,8
EIE00101859,729,1315,21,70,7,7
ASN00090015,404,1315,21,70,4,2
ASN00086071,1229,1315,21,70,12,2
ASN00090015,1121,1315,21,70,11,2
CA006158350,918,1315,21,70,9,5
EIE00101859,603,1315,21,70,6,7
ITE00100554,504,1315,21,70,5,11
EIE00101859,608,1315,21,70,6,7
EIE00101859,629,1315,21,70,6,7
CA006158350,920,1315,21,70,9,5
ASN00066062,1010,1315,21,70,10,2
CA006158350,923,1315,21,70,9,5
EIE00101859,805,1315,21,70,8,7
ASN00086071,123,1315,21,70,1,2
ASN00066062,1212,1315,21,70,12,2
ASN00090015,1230,1315,21,70,12,2
CA006158350,604,1315,21,70,6,5
EIE00101859,617,1315,21,70,6,7
ASN00090015,504,1315,21,70,5,2
ASN00086071,1011,1315,21,70,10,2
EIE00101859,727,1315,21,70,7,7
ITE00100550,529,1315,21,70,5,11
ASN00066062,1016,1315,21,70,10,2
UK000056225,701,1315,21,70,7,13
UK000056225,706,1315,21,70,7,13
ASN00086071,1121,1315,21,70,11,2
BE000006447,814,1315,21,70,8,4
UK000056225,811,1315,21,70,8,13
ASN00086071,502,1315,21,70,5,2
ASN00066062,213,1315,21,70,2,2
UK000056225,609,1315,21,70,6,13
BE000006447,709,1315,21,70,7,4
GM000004204,908,1315,21,70,9,9
EZE00100082,621,1315,21,70,6,8
AU000005901,703,1315,21,70,7,3
AU000005901,917,1315,21,70,9,3
GM000004204,726,1315,21,70,7,9
UK000047811,829,1315,21,70,8,13
ASN00066062,316,1315,21,70,3,2
ITE00100550,601,1315,21,70,6,11
ASN00086071,117,1315,21,70,1,2
GM000004204,714,1315,21,70,7,9
ASN00066062,829,1315,21,70,8,2
AU000005901,627,1315,21,70,6,3
ASN00086071,919,1315,21,70,9,2
GM000004204,917,1315,21,70,9,9
ITE00100550,922,1315,21,70,9,11
AU000005901,904,1315,21,70,9,3
UK000056225,612,1315,21,70,6,13
ITE00100554,509,1315,21,70,5,11
ASN00086071,504,1315,21,70,5,2
UK000056225,419,1315,21,70,4,13
ASN00086071,503,1315,21,70,5,2
ITE00100550,515,1315,21,70,5,11
ASN00066062,227,1315,21,70,2,2
UK000047811,812,1315,21,70,8,13
ASN00086071,205,1315,21,70,2,2
UK000056225,907,1315,21,70,9,13
AU000005901,621,1315,21,70,6,3
ASN00086071,1118,1315,21,70,11,2
UK000056225,731,1315,21,71,7,13
GM000004204,723,1315,21,71,7,9
ASN00086071,101,1315,21,71,1,2
ASN00066062,421,1315,21,71,4,2
GME00125218,518,1315,21,71,5,10
ASN00066062,1120,1315,21,71,11,2
AGE00135039,1011,1315,22,71,10,1
BE000006447,724,1315,22,71,7,4
ASN00086071,1213,1315,22,71,12,2
GME00125218,426,1315,22,71,4,10
EZE00100082,821,1315,22,71,8,8
GME00125218,519,1315,22,71,5,10
GM000004204,716,1315,22,71,7,9
AU000005901,706,1315,22,71,7,3
AGE00135039,1010,1315,22,71,10,1
AGE00135039,1021,1315,22,71,10,1
AGE00135039,416,1315,22,71,4,1
BE000006447,623,1315,22,71,6,4
GM000004204,426,1315,22,71,4,9
ITE00100554,424,1315,22,71,4,11
BE000006447,829,1315,22,71,8,4
EZE00100082,512,1315,22,71,5,8
AGE00135039,407,1315,22,71,4,1
AGE00135039,514,1315,22,71,5,1
EZE00100082,704,1315,22,71,7,8
AU000005901,523,1315,22,71,5,3
ASN00066062,1124,1315,22,71,11,2
AU000005901,705,1315,22,71,7,3
EZE00100082,515,1315,22,71,5,8
GME00125218,730,1315,22,71,7,10
ASN00066062,1125,1315,22,71,11,2
ASN00066062,1101,1315,22,71,11,2
GME00125218,521,1315,22,71,5,10
BE000006447,908,1315,22,71,9,4
ITE00100554,531,1315,22,71,5,11
GME00125218,807,1315,22,71,8,10
ASN00066062,927,1315,22,71,9,2
ASN00066062,1217,1315,22,71,12,2
ASN00066062,408,1315,22,71,4,2
ASN00066062,304,1315,22,71,3,2
EIE00101859,609,1315,22,71,6,7
EZE00100082,531,1315,22,71,5,8
ASN00066062,423,1315,22,71,4,2
CA006158350,903,1315,22,71,9,5
CA006158350,614,1315,22,71,6,5
CA006158350,901,1315,22,71,9,5
ASN00086071,1224,1315,22,71,12,2
CA006158350,904,1315,22,71,9,5
ASN00086071,306,1315,22,71,3,2
CA006158350,609,1315,22,71,6,5
ASN00086071,204,1315,22,71,2,2
ASN00086071,219,1315,22,71,2,2
BE000006447,622,1315,22,71,6,4
ITE00100554,615,1315,22,71,6,11
ASN00066062,327,1315,22,71,3,2
EIE00101859,526,1315,22,71,5,7
CA006158350,818,1315,22,71,8,5
UK000047811,516,1315,22,71,5,13
ASN00066062,1214,1315,22,71,12,2
ASN00090015,411,1315,22,71,4,2
CA006158350,627,1315,22,71,6,5
CA006158350,506,1315,22,71,5,5
ASN00066062,828,1315,22,71,8,2
EZE00100082,810,1315,22,71,8,8
ASN00066062,506,1315,22,71,5,2
EIE00101859,708,1315,22,71,7,7
EIE00101859,430,1315,22,71,4,7
ASN00086071,128,1315,22,71,1,2
ITE00100554,913,1315,22,71,9,11
CA006158350,707,1315,22,71,7,5
ASN00066062,415,1315,22,71,4,2
ASN00086071,202,1315,22,71,2,2
BE000006447,614,1315,22,71,6,4
UK000047811,813,1315,22,71,8,13
GM000004204,911,1315,22,71,9,9
ASN00066062,326,1315,22,71,3,2
ITE00100554,610,1315,22,71,6,11
BE000006447,617,1315,22,71,6,4
UK000056225,607,1315,22,71,6,13
BE000006447,809,1315,22,71,8,4
ASN00066062,1206,1315,22,71,12,2
ASN00086071,925,1315,22,71,9,2
ASN00086071,1113,1315,22,71,11,2
ASN00066062,922,1315,22,71,9,2
GME00125218,815,1315,22,71,8,10
ASN00066062,215,1315,22,71,2,2
UK000056225,814,1315,22,71,8,13
UK000047811,720,1315,22,71,7,13
GM000004204,830,1315,22,71,8,9
ASN00066062,508,1315,22,71,5,2
GME00125218,723,1315,22,71,7,10
AU000005901,530,1315,22,71,5,3
EZE00100082,519,1315,22,71,5,8
ASN00086071,105,1315,22,71,1,2
GME00125218,703,1315,22,71,7,10
GME00125218,717,1315,22,71,7,10
UK000056225,711,1315,22,71,7,13
EZE00100082,716,1315,22,71,7,8
ASN00086071,926,1315,22,71,9,2
ASN00066062,1024,1315,22,71,10,2
ASN00066062,507,1315,22,71,5,2
AU000005901,923,1315,22,71,9,3
BE000006447,915,1315,22,71,9,4
ASN00066062,1230,1315,22,71,12,2
AGE00135039,614,1315,22,72,6,1
ASN00066062,305,1315,22,72,3,2
AGE00135039,509,1315,22,72,5,1
GME00125218,712,1315,22,72,7,10
BE000006447,513,1315,22,72,5,4
AU000005901,903,1315,22,72,9,3
BE000006447,531,1315,22,72,5,4
GM000004204,816,1315,22,72,8,9
BE000006447,520,1315,22,72,5,4
AGE00135039,519,1315,22,72,5,1
ASN00066062,1216,1315,22,72,12,2
ASN00086071,213,1315,22,72,2,2
ASN00086071,1021,1315,22,72,10,2
ASN00066062,1208,1315,22,72,12,2
ASN00086071,409,1315,22,72,4,2
ASN00086071,104,1315,22,72,1,2
ASN00086071,327,1315,22,72,3,2
AU000005901,721,1315,22,72,7,3
ITE00100550,828,1315,22,72,8,11
BE000006447,702,1315,22,72,7,4
AU000005901,1027,1315,22,72,10,3
ASN00086071,227,1315,22,72,2,2
ASN00066062,306,1315,22,72,3,2
GM000004204,615,1315,22,72,6,9
AU000005901,719,1315,22,72,7,3
ASN00066062,1221,1315,22,72,12,2
EZE00100082,605,1315,22,72,6,8
ITE00100550,628,1315,22,72,6,11
AU000005901,922,1315,22,72,9,3
EZE00100082,802,1315,22,72,8,8
ITE00100550,913,1315,22,72,9,11
ASN00066062,107,1315,22,72,1,2
EIE00101859,630,1315,22,72,6,7
ASN00086071,115,1315,22,72,1,2
ASN00086071,130,1315,22,72,1,2
EZE00100082,518,1315,22,72,5,8
CA006158350,819,1315,22,72,8,5
ASN00066062,1225,1315,22,72,12,2
ASN00066062,412,1315,22,72,4,2
ASN00090015,1201,1315,22,72,12,2
ASN00090015,403,1315,22,72,4,2
ASN00066062,422,1315,22,72,4,2
ASN00066062,328,1315,22,72,3,2
ITE00100554,528,1315,22,72,5,11
EIE00101859,721,1315,22,72,7,7
EIE00101859,707,1315,22,72,7,7
CA006158350,524,1315,22,72,5,5
EIE00101859,627,1315,22,72,6,7
EIE00101859,709,1315,22,72,7,7
ASN00066062,929,1315,22,72,9,2
ASN00086071,222,1315,22,72,2,2
EIE00101859,704,1315,22,72,7,7
ASN00066062,301,1315,22,72,3,2
EIE00101859,703,1315,22,72,7,7
UK000056225,802,1315,22,72,8,13
ASN00066062,1231,1315,22,72,12,2
UK000056225,619,1315,22,72,6,13
AU000005901,618,1315,22,72,6,3
ITE00100554,914,1315,22,72,9,11
GME00125218,611,1315,22,72,6,10
UK000056225,605,1315,22,72,6,13
UK000047811,517,1315,22,72,5,13
ASN00086071,1115,1315,22,72,11,2
GM000004204,621,1315,22,72,6,9
GME00125218,610,1315,22,72,6,10
UK000056225,724,1315,22,72,7,13
AU000005901,710,1315,22,72,7,3
ITE00100550,525,1315,22,72,5,11
AU000005901,518,1315,22,72,5,3
BE000006447,611,1315,22,72,6,4
ASN00066062,1026,1315,22,72,10,2
ITE00100554,425,1315,22,72,4,11
GM000004204,703,1315,22,72,7,9
UK000047811,815,1315,22,72,8,13
GM000004204,519,1315,22,72,5,9
ASN00066062,1207,1315,22,72,12,2
ITE00100554,912,1315,22,72,9,11
AGE00135039,929,1315,22,72,9,1
ITE00100550,926,1315,22,72,9,11
AGE00135039,404,1315,22,72,4,1
BE000006447,916,1315,22,72,9,4
GME00125218,917,1315,22,72,9,10
ITE00100550,930,1315,22,72,9,11
AGE00135039,927,1315,22,72,9,1
AGE00135039,517,1315,22,72,5,1
BE000006447,715,1315,22,72,7,4
BE000006447,726,1315,22,72,7,4
ITE00100554,828,1315,23,73,8,11
ITE00100550,903,1315,23,73,9,11
UK000056225,712,1315,23,73,7,13
BE000006447,609,1315,23,73,6,4
GME00125218,909,1315,23,73,9,10
GM000004204,606,1315,23,73,6,9
BE000006447,713,1315,23,73,7,4
UK000056225,908,1315,23,73,9,13
BE000006447,516,1315,23,73,5,4
ASN00066062,307,1315,23,73,3,2
ASN00066062,225,1315,23,73,2,2
ASN00066062,1223,1315,23,73,12,2
ASN00086071,114,1315,23,73,1,2
BE000006447,718,1315,23,73,7,4
ASN00086071,918,1315,23,73,9,2
ASN00086071,1122,1315,23,73,11,2
ASN00086071,1216,1315,23,73,12,2
ASN00086071,422,1315,23,73,4,2
EZE00100082,726,1315,23,73,7,8
ASN00066062,1220,1315,23,73,12,2
CA006158350,704,1315,23,73,7,5
GM000004204,718,1315,23,73,7,9
GM000004204,531,1315,23,73,5,9
GM000004204,909,1315,23,73,9,9
CA006158350,909,1315,23,73,9,5
GME00125218,614,1315,23,73,6,10
EIE00101859,626,1315,23,73,6,7
BE000006447,607,1315,23,73,6,4
UK000056225,828,1315,23,73,8,13
ITE00100550,827,1315,23,73,8,11
ASN00086071,329,1315,23,73,3,2
CA006158350,823,1315,23,73,8,5
GME00125218,516,1315,23,73,5,10
ASN00066062,130,1315,23,73,1,2
GM000004204,612,1315,23,73,6,9
GM000004204,515,1315,23,73,5,9
GME00125218,615,1315,23,73,6,10
EZE00100082,723,1315,23,73,7,8
CA006158350,725,1315,23,73,7,5
ASN00086071,229,1315,23,73,2,2
AU000005901,803,1315,23,73,8,3
ASN00086071,421,1315,23,73,4,2
ASN00066062,310,1315,23,73,3,2
EIE00101859,722,1315,23,73,7,7
EIE00101859,728,1315,23,73,7,7
ASN00066062,329,1315,23,73,3,2
GME00125218,728,1315,23,73,7,10
ASN00066062,317,1315,23,73,3,2
ASN00066062,1210,1315,23,73,12,2
BE000006447,621,1315,23,73,6,4
ITE00100550,522,1315,23,73,5,11
UK000056225,727,1315,23,73,7,13
ITE00100550,428,1315,23,73,4,11
GM000004204,728,1315,23,73,7,9
GM000004204,608,1315,23,73,6,9
ASN00066062,330,1315,23,73,3,2
ASN00066062,1012,1315,23,73,10,2
ITE00100554,930,1315,23,73,9,11
EZE00100082,607,1315,23,73,6,8
AGE00135039,1007,1315,23,73,10,1
EZE00100082,602,1315,23,73,6,8
ASN00086071,221,1315,23,73,2,2
BE000006447,815,1315,23,73,8,4
AGE00135039,512,1315,23,73,5,1
BE000006447,719,1315,23,73,7,4
ASN00066062,204,1315,23,73,2,2
GM000004204,715,1315,23,73,7,9
AGE00135039,521,1315,23,73,5,1
AGE00135039,930,1315,23,73,9,1
AU000005901,905,1315,23,73,9,3
EZE00100082,630,1315,23,73,6,8
ASN00066062,1111,1315,23,73,11,2
EZE00100082,521,1315,23,73,5,8
AU000005901,522,1315,23,73,5,3
ASN00086071,1222,1315,23,73,12,2
ITE00100550,915,1315,23,73,9,11
AGE00135039,525,1315,23,73,5,1
AGE00135039,922,1315,23,73,9,1
BE000006447,620,1315,23,73,6,4
AGE00135039,1018,1315,23,73,10,1
GM000004204,604,1315,23,73,6,9
GM000004204,805,1315,23,73,8,9
GM000004204,730,1315,23,74,7,9
ASN00066062,1022,1315,23,74,10,2
ASN00066062,1020,1315,23,74,10,2
UK000047811,716,1315,23,74,7,13
BE000006447,716,1315,23,74,7,4
AU000005901,704,1315,23,74,7,3
GM000004204,518,1315,23,74,5,9
UK000056225,606,1315,23,74,6,13
ASN00086071,206,1315,23,74,2,2
ITE00100550,905,1315,23,74,9,11
ITE00100554,426,1315,23,74,4,11
ASN00066062,1222,1315,23,74,12,2
GM000004204,807,1315,23,74,8,9
ASN00086071,121,1315,23,74,1,2
BE000006447,710,1315,23,74,7,4
EZE00100082,804,1315,23,74,8,8
AGE00135039,923,1315,23,74,9,1
EZE00100082,426,1315,23,74,4,8
ASN00066062,923,1315,23,74,9,2
UK000056225,725,1315,23,74,7,13
ASN00066062,913,1315,23,74,9,2
EZE00100082,728,1315,23,74,7,8
AU000005901,727,1315,23,74,7,3
GM000004204,831,1315,23,74,8,9
ITE00100550,425,1315,23,74,4,11
ASN00086071,228,1315,23,74,2,2
CA006158350,710,1315,23,74,7,5
ASN00086071,326,1315,23,74,3,2
AU000005901,521,1315,23,74,5,3
ASN00090015,405,1315,23,74,4,2
UK000056225,710,1315,23,74,7,13
ASN00066062,323,1315,23,74,3,2
ASN00066062,1117,1315,23,74,11,2
ASN00090015,1115,1315,23,74,11,2
AU000005901,611,1315,23,74,6,3
GM000004204,611,1315,23,74,6,9
ASN00086071,1219,1315,23,74,12,2
EIE00101859,812,1315,23,74,8,7
ITE00100550,503,1315,23,74,5,11
GME00125218,608,1315,23,74,6,10
ASN00090015,413,1315,23,74,4,2
EIE00101859,814,1315,23,74,8,7
CA006158350,517,1315,23,74,5,5
EIE00101859,720,1315,23,74,7,7
CA006158350,615,1315,23,74,6,5
ASN00086071,214,1315,23,74,2,2
ASN00086071,1022,1315,23,74,10,2
AU000005901,817,1315,23,74,8,3
CA006158350,826,1315,23,74,8,5
GM000004204,516,1315,23,74,5,9
ITE00100550,516,1315,23,74,5,11
EIE00101859,519,1315,23,74,5,7
EIE00101859,705,1315,23,74,7,7
ASN00066062,108,1315,23,74,1,2
CA006158350,527,1315,23,74,5,5
ITE00100554,628,1315,23,74,6,11
BE000006447,909,1315,23,74,9,4
EZE00100082,622,1315,23,74,6,8
ITE00100550,914,1315,23,74,9,11
CA006158350,703,1315,23,74,7,5
AU000005901,625,1315,23,74,6,3
BE000006447,803,1315,23,74,8,4
ASN00066062,113,1315,23,74,1,2
ASN00066062,1004,1315,23,74,10,2
GME00125218,820,1315,23,74,8,10
ITE00100550,925,1315,23,74,9,11
UK000056225,513,1315,23,74,5,13
EZE00100082,624,1315,23,74,6,8
UK000047811,814,1315,23,74,8,13
BE000006447,722,1315,23,74,7,4
AU000005901,907,1315,23,74,9,3
ASN00086071,1231,1315,23,74,12,2
ASN00066062,331,1315,23,74,3,2
EZE00100082,724,1315,23,74,7,8
AU000005901,427,1315,23,74,4,3
ASN00086071,102,1315,23,74,1,2
ITE00100550,526,1315,23,74,5,11
UK000056225,728,1315,23,74,7,13
GME00125218,831,1315,23,74,8,10
ITE00100550,924,1315,23,74,9,11
ITE00100550,426,1315,23,74,4,11
UK000056225,709,1315,23,74,7,13
ASN00066062,924,1315,23,74,9,2
ITE00100550,610,1315,23,74,6,11
AGE00135039,1025,1315,24,74,10,1
ITE00100554,819,1315,24,74,8,11
EZE00100082,909,1315,24,74,9,8
ITE00100554,918,1315,24,74,9,11
AU000005901,426,1315,24,74,4,3
ITE00100554,921,1315,24,74,9,11
AGE00135039,511,1315,24,74,5,1
EZE00100082,608,1315,24,74,6,8
AGE00135039,920,1315,24,74,9,1
AGE00135039,921,1315,24,74,9,1
ASN00086071,207,1315,24,74,2,2
AGE00135039,924,1315,24,74,9,1
AGE00135039,524,1315,24,74,5,1
AGE00135039,510,1315,24,74,5,1
BE000006447,519,1315,24,74,5,4
AU000005901,626,1315,24,74,6,3
AGE00135039,928,1315,24,74,9,1
UK000056225,722,1315,24,74,7,13
GM000004204,601,1315,24,74,6,9
ASN00086071,124,1315,24,74,1,2
ASN00066062,1227,1315,24,74,12,2
ITE00100554,915,1315,24,74,9,11
ASN00066062,308,1315,24,74,3,2
EZE00100082,807,1315,24,74,8,8
UK000056225,515,1315,24,74,5,13
ITE00100554,529,1315,24,74,5,11
AU000005901,804,1315,24,74,8,3
GM000004204,724,1315,24,74,7,9
GM000004204,820,1315,24,74,8,9
ITE00100554,829,1315,24,75,8,11
ASN00066062,1201,1315,24,75,12,2
ASN00066062,114,1315,24,75,1,2
ASN00086071,1116,1315,24,75,11,2
ITE00100554,526,1315,24,75,5,11
ITE00100550,531,1315,24,75,5,11
ITE00100554,916,1315,24,75,9,11
ASN00066062,309,1315,24,75,3,2
ASN00066062,1013,1315,24,75,10,2
GME00125218,724,1315,24,75,7,10
BE000006447,830,1315,24,75,8,4
ITE00100550,523,1315,24,75,5,11
EZE00100082,822,1315,24,75,8,8
ASN00066062,205,1315,24,75,2,2
ITE00100550,614,1315,24,75,6,11
ASN00066062,1224,1315,24,75,12,2
AU000005901,831,1315,24,75,8,3
ASN00066062,302,1315,24,75,3,2
EZE00100082,601,1315,24,75,6,8
GM000004204,809,1315,24,75,8,9
EIE00101859,706,1315,24,75,7,7
ASN00066062,106,1315,24,75,1,2
CA006158350,802,1315,24,75,8,5
ASN00066062,403,1315,24,75,4,2
ASN00066062,401,1315,24,75,4,2
ASN00086071,328,1315,24,75,3,2
EIE00101859,710,1315,24,75,7,7
ASN00066062,402,1315,24,75,4,2
ASN00086071,415,1315,24,75,4,2
CA006158350,701,1315,24,75,7,5
EZE00100082,609,1315,24,75,6,8
EZE00100082,902,1315,24,75,9,8
ASN00066062,411,1315,24,75,4,2
ASN00086071,921,1315,24,75,9,2
ASN00066062,324,1315,24,75,3,2
ASN00090015,401,1315,24,75,4,2
ASN00086071,1218,1315,24,75,12,2
BE000006447,729,1315,24,75,7,4
ASN00090015,1217,1315,24,75,12,2
ASN00086071,111,1315,24,75,1,2
EZE00100082,816,1315,24,75,8,8
EIE00101859,719,1315,24,75,7,7
ASN00086071,1109,1315,24,75,11,2
EIE00101859,717,1315,24,75,7,7
ASN00086071,1202,1315,24,75,12,2
EZE00100082,715,1315,24,75,7,8
ASN00090015,1231,1315,24,75,12,2
ASN00066062,216,1315,24,75,2,2
CA006158350,531,1315,24,75,5,5
CA006158350,722,1315,24,75,7,5
ASN00066062,1108,1315,24,75,11,2
GM000004204,623,1315,24,75,6,9
AGE00135039,305,1315,24,75,3,1
GME00125218,805,1315,24,75,8,10
AGE00135039,615,1315,24,75,6,1
AGE00135039,620,1315,24,75,6,1
ITE00100554,919,1315,24,75,9,11
AGE00135039,1006,1315,24,75,10,1
AGE00135039,616,1315,24,75,6,1
ASN00086071,309,1315,24,75,3,2
UK000056225,729,1315,24,75,7,13
ITE00100554,629,1315,24,75,6,11
ASN00066062,404,1315,24,75,4,2
GME00125218,808,1315,24,75,8,10
BE000006447,717,1315,24,75,7,4
AU000005901,820,1315,24,75,8,3
GM000004204,722,1315,24,75,7,9
AGE00135039,914,1315,24,75,9,1
GM000004204,808,1315,24,75,8,9
GME00125218,809,1315,24,75,8,10
ITE00100554,922,1315,24,75,9,11
GME00125218,910,1315,24,75,9,10
AGE00135039,829,1315,24,75,8,1
AGE00135039,618,1315,24,75,6,1
ASN00066062,1229,1315,24,75,12,2
ASN00066062,325,1315,24,75,3,2
UK000056225,514,1315,24,75,5,13
EZE00100082,718,1315,24,75,7,8
AU000005901,609,1315,24,75,6,3
ASN00066062,111,1315,24,75,1,2
AU000005901,619,1315,24,75,6,3
BE000006447,714,1315,24,75,7,4
BE000006447,723,1315,24,75,7,4
GME00125218,623,1315,24,75,6,10
ITE00100554,427,1315,24,76,4,11
BE000006447,804,1315,24,76,8,4
BE000006447,613,1315,24,76,6,4
BE000006447,612,1315,24,76,6,4
EZE00100082,831,1315,24,76,8,8
ITE00100554,827,1315,24,76,8,11
EZE00100082,730,1315,24,76,7,8
ITE00100554,630,1315,24,76,6,11
UK000056225,815,1315,24,76,8,13
ASN00086071,307,1315,24,76,3,2
ITE00100554,516,1315,24,76,5,11
ASN00086071,107,1315,24,76,1,2
ASN00066062,209,1315,24,76,2,2
ITE00100554,501,1315,24,76,5,11
ITE00100550,829,1315,24,76,8,11
GME00125218,612,1315,24,76,6,10
ASN00066062,1203,1315,24,76,12,2
ITE00100554,428,1315,24,76,4,11
UK000056225,715,1315,24,76,7,13
ASN00086071,1207,1315,24,76,12,2
ASN00090015,503,1315,24,76,5,2
EIE00101859,718,1315,24,76,7,7
ITE00100554,511,1315,24,76,5,11
UK000047811,519,1315,24,76,5,13
CA006158350,618,1315,24,76,6,5
ITE00100550,629,1315,24,76,6,11
ASN00090015,1210,1315,24,76,12,2
ASN00066062,410,1315,24,76,4,2
GM000004204,521,1315,24,76,5,9
EIE00101859,518,1315,24,76,5,7
UK000056225,717,1315,24,76,7,13
CA006158350,713,1315,24,76,7,5
ASN00066062,101,1315,24,76,1,2
CA006158350,803,1315,24,76,8,5
ASN00066062,226,1315,24,76,2,2
EIE00101859,813,1315,24,76,8,7
CA006158350,804,1315,24,76,8,5
ASN00086071,1112,1315,24,76,11,2
EIE00101859,815,1315,24,76,8,7
ITE00100550,830,1315,24,76,8,11
GM000004204,614,1315,24,76,6,9
UK000056225,726,1315,24,76,7,13
AGE00135039,604,1315,24,76,6,1
AGE00135039,617,1315,24,76,6,1
AGE00135039,606,1315,24,76,6,1
AU000005901,604,1315,24,76,6,3
ASN00086071,312,1315,24,76,3,2
AGE00135039,621,1315,24,76,6,1
BE000006447,806,1315,24,76,8,4
EZE00100082,606,1315,24,76,6,8
UK000056225,723,1315,24,76,7,13
AGE00135039,926,1315,24,76,9,1
AGE00135039,608,1315,24,76,6,1
GM000004204,717,1315,24,76,7,9
AGE00135039,1004,1315,24,76,10,1
ITE00100550,517,1315,24,76,5,11
UK000056225,713,1315,24,76,7,13
BE000006447,712,1315,24,76,7,4
ASN00086071,1111,1315,24,76,11,2
BE000006447,801,1315,25,76,8,4
UK000056225,806,1315,25,76,8,13
AU000005901,728,1315,25,76,7,3
ITE00100550,518,1315,25,76,5,11
UK000056225,720,1315,25,76,7,13
BE000006447,808,1315,25,76,8,4
ITE00100550,916,1315,25,76,9,11
ASN00066062,103,1315,25,76,1,2
BE000006447,730,1315,25,76,7,4
ITE00100554,923,1315,25,76,9,11
ITE00100554,904,1315,25,76,9,11
EZE00100082,604,1315,25,76,6,8
ASN00066062,218,1315,25,76,2,2
ASN00066062,1213,1315,25,76,12,2
BE000006447,727,1315,25,76,7,4
ASN00066062,414,1315,25,76,4,2
ITE00100554,926,1315,25,76,9,11
ITE00100550,530,1315,25,77,5,11
AU000005901,517,1315,25,77,5,3
ASN00066062,914,1315,25,77,9,2
ITE00100550,615,1315,25,77,6,11
GM000004204,609,1315,25,77,6,9
ASN00066062,413,1315,25,77,4,2
ASN00066062,318,1315,25,77,3,2
EZE00100082,820,1315,25,77,8,8
ITE00100550,919,1315,25,77,9,11
EZE00100082,611,1315,25,77,6,8
EZE00100082,516,1315,25,77,5,8
CA006158350,825,1315,25,77,8,5
AGE00135039,609,1315,25,77,6,1
UK000056225,730,1315,25,77,7,13
AGE00135039,526,1315,25,77,5,1
AU000005901,902,1315,25,77,9,3
CA006158350,705,1315,25,77,7,5
AGE00135039,607,1315,25,77,6,1
ITE00100550,814,1315,25,77,8,11
AGE00135039,830,1315,25,77,8,1
AU000005901,516,1315,25,77,5,3
ITE00100550,813,1315,25,77,8,11
AGE00135039,630,1315,25,77,6,1
AGE00135039,1024,1315,25,77,10,1
AGE00135039,610,1315,25,77,6,1
ASN00086071,120,1315,25,77,1,2
EZE00100082,711,1315,25,77,7,8
AGE00135039,629,1315,25,77,6,1
AGE00135039,523,1315,25,77,5,1
AGE00135039,627,1315,25,77,6,1
AGE00135039,425,1315,25,77,4,1
AGE00135039,628,1315,25,77,6,1
EZE00100082,808,1315,25,77,8,8
BE000006447,807,1315,25,77,8,4
GME00125218,609,1315,25,77,6,10
UK000047811,518,1315,25,77,5,13
ASN00086071,1019,1315,25,77,10,2
UK000056225,807,1315,25,77,8,13
GME00125218,722,1315,25,77,7,10
GM000004204,910,1315,25,77,9,9
AU000005901,531,1315,25,77,5,3
ASN00086071,1210,1315,25,77,12,2
ASN00066062,409,1315,25,77,4,2
ASN00086071,116,1315,25,77,1,2
ITE00100550,427,1315,25,77,4,11
BE000006447,831,1315,25,77,8,4
ASN00066062,217,1315,25,77,2,2
EZE00100082,823,1315,25,77,8,8
AU000005901,909,1315,25,78,9,3
ASN00066062,121,1315,25,78,1,2
ASN00086071,1106,1315,25,78,11,2
ITE00100554,917,1315,25,78,9,11
UK000056225,516,1315,25,78,5,13
BE000006447,728,1315,25,78,7,4
ASN00086071,413,1315,25,78,4,2
ITE00100550,714,1315,25,78,7,11
AU000005901,714,1315,25,78,7,3
ITE00100550,917,1315,25,78,9,11
BE000006447,517,1315,25,78,5,4
ASN00066062,311,1315,25,78,3,2
AU000005901,608,1315,25,78,6,3
ITE00100554,614,1315,25,78,6,11
ITE00100554,503,1315,25,78,5,11
EZE00100082,615,1315,25,78,6,8
ASN00066062,313,1315,25,78,3,2
ASN00066062,118,1315,26,78,1,2
AGE00135039,1001,1315,26,78,10,1
ASN00066062,127,1315,26,78,1,2
AGE00135039,827,1315,26,78,8,1
AGE00135039,1005,1315,26,78,10,1
EZE00100082,612,1315,26,78,6,8
AGE00135039,625,1315,26,78,6,1
AGE00135039,528,1315,26,78,5,1
GM000004204,712,1315,26,78,7,9
AGE00135039,909,1315,26,78,9,1
ITE00100550,703,1315,26,78,7,11
AU000005901,713,1315,26,78,7,3
GM000004204,711,1315,26,78,7,9
ITE00100554,925,1315,26,78,9,11
GME00125218,729,1315,26,78,7,10
BE000006447,720,1315,26,78,7,4
GM000004204,731,1315,26,78,7,9
ASN00066062,1121,1315,26,78,11,2
ASN00086071,310,1315,26,78,3,2
ASN00066062,1122,1315,26,78,11,2
GME00125218,731,1315,26,78,7,10
ASN00086071,215,1315,26,78,2,2
CA006158350,824,1315,26,78,8,5
UK000056225,519,1315,26,78,5,13
CA006158350,712,1315,26,78,7,5
ASN00090015,1224,1315,26,78,12,2
ASN00066062,220,1315,26,78,2,2
ASN00090015,406,1315,26,78,4,2
ASN00066062,312,1315,26,78,3,2
BE000006447,721,1315,26,78,7,4
ASN00066062,1209,1315,26,78,12,2
ITE00100554,522,1315,26,78,5,11
AU000005901,724,1315,26,78,7,3
ASN00066062,109,1315,26,78,1,2
CA006158350,702,1315,26,78,7,5
CA006158350,724,1315,26,78,7,5
UK000056225,805,1315,26,78,8,13
AGE00135039,915,1315,26,78,9,1
ASN00066062,122,1315,26,78,1,2
ASN00066062,128,1315,26,78,1,2
ASN00066062,221,1315,26,78,2,2
UK000056225,812,1315,26,78,8,13
UK000056225,803,1315,26,78,8,13
ITE00100554,903,1315,26,78,9,11
ASN00066062,222,1315,26,78,2,2
GME00125218,711,1315,26,78,7,10
AU000005901,606,1315,26,78,6,3
ITE00100554,924,1315,26,78,9,11
UK000056225,829,1315,26,78,8,13
ITE00100554,830,1315,26,78,8,11
AU000005901,623,1315,26,78,6,3
ASN00066062,303,1315,26,78,3,2
GM000004204,725,1315,26,79,7,9
ASN00066062,1104,1315,26,79,11,2
ITE00100550,704,1315,26,79,7,11
BE000006447,518,1315,26,79,5,4
GM000004204,729,1315,26,79,7,9
AGE00135039,520,1315,26,79,5,1
EZE00100082,729,1315,26,79,7,8
AGE00135039,813,1315,26,79,8,1
EZE00100082,623,1315,26,79,6,8
ITE00100554,524,1315,26,79,5,11
ITE00100550,508,1315,26,79,5,11
ITE00100554,820,1315,26,79,8,11
AGE00135039,701,1315,26,79,7,1
AGE00135039,304,1315,26,79,3,1
AU000005901,715,1315,26,79,7,3
AGE00135039,919,1315,26,79,9,1
EZE00100082,901,1315,26,79,9,8
AU000005901,519,1315,26,79,5,3
ITE00100554,814,1315,26,79,8,11
ITE00100550,611,1315,26,79,6,11
AGE00135039,908,1315,26,79,9,1
AGE00135039,702,1315,26,79,7,1
AGE00135039,611,1315,26,79,6,1
ASN00086071,301,1315,26,79,3,2
CA006158350,708,1315,26,79,7,5
ITE00100550,617,1315,26,79,6,11
EZE00100082,717,1315,26,79,7,8
ASN00086071,920,1315,26,79,9,2
ASN00086071,411,1315,26,79,4,2
ASN00066062,1218,1315,26,79,12,2
EZE00100082,910,1315,26,79,9,8
CA006158350,521,1315,26,79,5,5
CA006158350,726,1315,26,79,7,5
ASN00086071,403,1315,26,79,4,2
ASN00066062,407,1315,26,79,4,2
CA006158350,621,1315,26,79,6,5
ASN00086071,1010,1315,26,79,10,2
ASN00086071,201,1315,26,79,2,2
CA006158350,617,1315,26,79,6,5
CA006158350,817,1315,26,79,8,5
EIE00101859,716,1315,26,79,7,7
CA006158350,805,1315,26,79,8,5
ASN00086071,122,1315,26,79,1,2
ITE00100554,613,1315,26,79,6,11
UK000056225,813,1315,26,79,8,13
UK000056225,714,1315,26,79,7,13
AU000005901,612,1315,26,79,6,3
ITE00100554,811,1315,26,79,8,11
ITE00100550,625,1315,26,79,6,11
GME00125218,725,1315,26,79,7,10
ITE00100550,819,1315,26,79,8,11
ITE00100554,906,1315,26,79,9,11
AU000005901,622,1315,26,79,6,3
AU000005901,725,1315,26,79,7,3
AU000005901,901,1315,26,79,9,3
ASN00066062,206,1315,26,79,2,2
ITE00100554,905,1315,26,80,9,11
ITE00100550,616,1315,26,80,6,11
ITE00100550,521,1315,26,80,5,11
AU000005901,610,1315,26,80,6,3
EZE00100082,610,1315,26,80,6,8
ITE00100554,825,1315,26,80,8,11
GME00125218,806,1315,26,80,8,10
AGE00135039,902,1315,26,80,9,1
AGE00135039,712,1315,26,80,7,1
BE000006447,731,1315,26,80,7,4
EZE00100082,731,1315,26,80,7,8
AGE00135039,826,1315,26,80,8,1
AGE00135039,907,1315,26,80,9,1
AGE00135039,905,1315,26,80,9,1
ITE00100550,519,1315,26,80,5,11
AGE00135039,1008,1315,26,80,10,1
AU000005901,716,1315,26,80,7,3
AU000005901,624,1315,26,80,6,3
AGE00135039,624,1315,26,80,6,1
AGE00135039,1003,1315,26,80,10,1
AGE00135039,527,1315,26,80,5,1
AGE00135039,916,1315,26,80,9,1
AGE00135039,901,1315,26,80,9,1
ASN00086071,1110,1315,26,80,11,2
AGE00135039,831,1315,26,80,8,1
ITE00100550,710,1315,26,80,7,11
ASN00066062,102,1315,27,80,1,2
ASN00066062,131,1315,27,80,1,2
ITE00100554,521,1315,27,80,5,11
ITE00100550,812,1315,27,80,8,11
EZE00100082,614,1315,27,80,6,8
EZE00100082,911,1315,27,80,9,8
EZE00100082,722,1315,27,80,7,8
EZE00100082,805,1315,27,80,8,8
CA006158350,806,1315,27,80,8,5
EIE00101859,711,1315,27,80,7,7
CA006158350,620,1315,27,80,6,5
ASN00066062,201,1315,27,80,2,2
ASN00066062,1102,1315,27,80,11,2
ASN00086071,1101,1315,27,80,11,2
ASN00066062,125,1315,27,80,1,2
BE000006447,711,1315,27,80,7,4
CA006158350,812,1315,27,80,8,5
ASN00066062,207,1315,27,80,2,2
ASN00086071,414,1315,27,80,4,2
ITE00100554,902,1315,27,80,9,11
CA006158350,815,1315,27,80,8,5
ASN00086071,308,1315,27,80,3,2
CA006158350,729,1315,27,80,7,5
BE000006447,805,1315,27,80,8,4
ITE00100550,912,1315,27,80,9,11
ITE00100550,918,1315,27,80,9,11
AU000005901,730,1315,27,80,7,3
ASN00066062,1112,1315,27,80,11,2
ITE00100550,831,1315,27,80,8,11
ASN00066062,119,1315,27,80,1,2
ITE00100550,906,1315,27,80,9,11
EZE00100082,809,1315,27,80,8,8
ITE00100554,517,1315,27,80,5,11
ASN00066062,115,1315,27,80,1,2
UK000056225,517,1315,27,80,5,13
AU000005901,718,1315,27,80,7,3
ITE00100554,616,1315,27,80,6,11
ITE00100554,530,1315,27,80,5,11
AGE00135039,603,1315,27,81,6,1
AGE00135039,706,1315,27,81,7,1
AGE00135039,910,1315,27,81,9,1
AGE00135039,809,1315,27,81,8,1
AGE00135039,805,1315,27,81,8,1
ITE00100550,604,1315,27,81,6,11
AGE00135039,804,1315,27,81,8,1
ITE00100550,520,1315,27,81,5,11
AGE00135039,903,1315,27,81,9,1
AGE00135039,725,1315,27,81,7,1
AGE00135039,713,1315,27,81,7,1
AGE00135039,530,1315,27,81,5,1
AGE00135039,722,1315,27,81,7,1
AGE00135039,808,1315,27,81,8,1
AGE00135039,906,1315,27,81,9,1
AU000005901,601,1315,27,81,6,3
GM000004204,613,1315,27,81,6,9
ASN00066062,314,1315,27,81,3,2
ITE00100554,523,1315,27,81,5,11
AU000005901,711,1315,27,81,7,3
ITE00100550,626,1315,27,81,6,11
EZE00100082,712,1315,27,81,7,8
ITE00100550,702,1315,27,81,7,11
EIE00101859,715,1315,27,81,7,7
EIE00101859,712,1315,27,81,7,7
CA006158350,730,1315,27,81,7,5
EIE00101859,816,1315,27,81,8,7
CA006158350,816,1315,27,81,8,5
ASN00066062,1123,1315,27,81,11,2
ITE00100554,518,1315,27,81,5,11
ASN00086071,125,1315,27,81,1,2
ASN00066062,129,1315,27,81,1,2
CA006158350,717,1315,27,81,7,5
EZE00100082,725,1315,27,81,7,8
CA006158350,619,1315,27,81,6,5
ITE00100554,604,1315,27,81,6,11
ITE00100554,901,1315,27,81,9,11
AU000005901,910,1315,27,81,9,3
AU000005901,805,1315,27,81,8,3
ITE00100550,607,1315,27,81,6,11
EZE00100082,613,1315,27,81,6,8
ITE00100554,603,1315,27,81,6,11
AU000005901,822,1315,27,81,8,3
ASN00086071,412,1315,27,81,4,2
AU000005901,605,1315,27,81,6,3
ITE00100554,702,1315,27,81,7,11
ITE00100554,609,1315,27,81,6,11
AU000005901,726,1315,27,81,7,3
ITE00100554,831,1315,27,81,8,11
ITE00100554,701,1315,27,81,7,11
ITE00100550,811,1315,27,81,8,11
UK000056225,719,1315,27,81,7,13
AGE00135039,719,1315,28,82,7,1
AGE00135039,801,1315,28,82,8,1
ITE00100550,608,1315,28,82,6,11
ASN00066062,1113,1315,28,82,11,2
AGE00135039,817,1315,28,82,8,1
AGE00135039,601,1315,28,82,6,1
UK000056225,518,1315,28,82,5,13
AGE00135039,602,1315,28,82,6,1
AGE00135039,913,1315,28,82,9,1
ITE00100550,630,1315,28,82,6,11
AGE00135039,917,1315,28,82,9,1
ITE00100550,902,1315,28,82,9,11
AGE00135039,720,1315,28,82,7,1
AGE00135039,707,1315,28,82,7,1
AGE00135039,718,1315,28,82,7,1
AU000005901,615,1315,28,82,6,3
AGE00135039,723,1315,28,82,7,1
AGE00135039,711,1315,28,82,7,1
ITE00100554,813,1315,28,82,8,11
AGE00135039,803,1315,28,82,8,1
AGE00135039,721,1315,28,82,7,1
AGE00135039,812,1315,28,82,8,1
ITE00100554,823,1315,28,82,8,11
ITE00100554,618,1315,28,82,6,11
ITE00100554,627,1315,28,82,6,11
ITE00100554,907,1315,28,82,9,11
ASN00066062,219,1315,28,82,2,2
ASN00086071,1102,1315,28,82,11,2
ITE00100554,710,1315,28,82,7,11
ITE00100550,618,1315,28,82,6,11
ITE00100550,621,1315,28,82,6,11
CA006158350,709,1315,28,82,7,5
CA006158350,727,1315,28,82,7,5
ASN00086071,406,1315,28,82,4,2
CA006158350,723,1315,28,82,7,5
UK000056225,718,1315,28,82,7,13
UK000056225,716,1315,28,82,7,13
UK000056225,804,1315,28,82,8,13
AU000005901,729,1315,28,82,7,3
ASN00086071,1119,1315,28,82,11,2
CA006158350,807,1315,28,82,8,5
GME00125218,613,1315,28,82,6,10
ASN00066062,1103,1315,28,82,11,2
ASN00086071,302,1315,28,82,3,2
CA006158350,813,1315,28,82,8,5
ASN00090015,1223,1315,28,82,12,2
ITE00100554,519,1315,28,82,5,11
AU000005901,602,1315,28,82,6,3
ITE00100554,611,1315,28,82,6,11
AU000005901,731,1315,28,82,7,3
ASN00066062,203,1315,28,82,2,2
AGE00135039,730,1315,28,82,7,1
AGE00135039,825,1315,28,82,8,1
GM000004204,801,1315,28,82,8,9
AGE00135039,822,1315,28,82,8,1
AGE00135039,802,1315,28,82,8,1
AGE00135039,806,1315,28,82,8,1
AGE00135039,816,1315,28,82,8,1
ASN00066062,223,1315,28,82,2,2
AGE00135039,423,1315,28,82,4,1
AGE00135039,705,1315,28,82,7,1
AGE00135039,811,1315,28,82,8,1
ITE00100550,603,1315,28,82,6,11
AGE00135039,622,1315,28,82,6,1
ITE00100550,620,1315,28,82,6,11
AU000005901,607,1315,28,83,6,3
ITE00100554,520,1315,28,83,5,11
ITE00100554,708,1315,28,83,7,11
ITE00100550,815,1315,28,83,8,11
ITE00100554,707,1315,28,83,7,11
ITE00100550,711,1315,28,83,7,11
ITE00100554,608,1315,28,83,6,11
ITE00100550,705,1315,28,83,7,11
ASN00066062,1228,1315,28,83,12,2
ITE00100554,617,1315,28,83,6,11
ITE00100554,911,1315,28,83,9,11
ITE00100554,812,1315,28,83,8,11
ITE00100554,822,1315,28,83,8,11
ITE00100554,620,1315,28,83,6,11
ASN00066062,926,1315,28,83,9,2
ITE00100554,612,1315,28,83,6,11
CA006158350,616,1315,28,83,6,5
ASN00086071,402,1315,28,83,4,2
GM000004204,806,1315,28,83,8,9
EIE00101859,714,1315,28,83,7,7
EIE00101859,713,1315,28,83,7,7
ASN00090015,412,1315,28,83,4,2
ASN00086071,404,1315,28,83,4,2
ASN00086071,405,1315,28,83,4,2
CA006158350,814,1315,28,83,8,5
CA006158350,714,1315,28,83,7,5
ITE00100554,910,1315,28,83,9,11
ITE00100554,714,1315,28,83,7,11
ITE00100550,911,1315,28,83,9,11
AU000005901,810,1315,28,83,8,3
ITE00100554,908,1315,28,83,9,11
ITE00100550,701,1315,28,83,7,11
ASN00066062,105,1315,28,83,1,2
AU000005901,911,1315,28,83,9,3
ITE00100550,707,1315,28,83,7,11
ITE00100550,613,1315,28,83,6,11
ITE00100550,724,1315,28,83,7,11
ITE00100550,627,1315,28,83,6,11
AGE00135039,810,1315,28,83,8,1
ITE00100550,818,1315,28,83,8,11
AGE00135039,623,1315,28,83,6,1
AGE00135039,714,1315,28,83,7,1
ASN00066062,406,1315,29,83,4,2
ASN00066062,405,1315,29,83,4,2
ASN00086071,324,1315,29,83,3,2
ITE00100554,705,1315,29,83,7,11
ITE00100554,703,1315,29,84,7,11
ITE00100550,726,1315,29,84,7,11
ASN00066062,123,1315,29,84,1,2
ITE00100550,605,1315,29,84,6,11
ITE00100550,709,1315,29,84,7,11
ASN00086071,313,1315,29,84,3,2
ITE00100550,715,1315,29,84,7,11
ITE00100550,817,1315,29,84,8,11
ITE00100554,704,1315,29,84,7,11
ITE00100554,821,1315,29,84,8,11
CA006158350,715,1315,29,84,7,5
ITE00100554,909,1315,29,84,9,11
CA006158350,706,1315,29,84,7,5
GME00125218,801,1315,29,84,8,10
AGE00135039,912,1315,29,84,9,1
ASN00086071,311,1315,29,84,3,2
ITE00100550,907,1315,29,84,9,11
AGE00135039,531,1315,29,84,5,1
ITE00100550,820,1315,29,84,8,11
AU000005901,808,1315,29,84,8,3
AU000005901,613,1315,29,84,6,3
ASN00086071,330,1315,29,84,3,2
ITE00100550,725,1315,29,84,7,11
ASN00086071,1201,1315,29,84,12,2
ASN00066062,202,1315,29,85,2,2
ITE00100550,825,1315,29,85,8,11
ITE00100550,619,1315,29,85,6,11
ITE00100550,901,1315,29,85,9,11
CA006158350,630,1315,29,85,6,5
CA006158350,718,1315,29,85,7,5
CA006158350,711,1315,29,85,7,5
AU000005901,717,1315,29,85,7,3
ASN00086071,131,1315,29,85,1,2
ASN00086071,401,1315,30,85,4,2
AGE00135039,708,1315,30,85,7,1
ITE00100554,824,1315,30,85,8,11
ITE00100550,729,1315,30,85,7,11
AU000005901,614,1315,30,85,6,3
ITE00100550,612,1315,30,85,6,11
ITE00100550,606,1315,30,85,6,11
ITE00100550,824,1315,30,85,8,11
ASN00066062,1110,1315,30,85,11,2
ITE00100554,607,1315,30,85,6,11
ASN00066062,1211,1315,30,85,12,2
ITE00100554,619,1315,30,85,6,11
EZE00100082,806,1315,30,86,8,8
ITE00100554,709,1315,30,86,7,11
ITE00100550,719,1315,30,86,7,11
EZE00100082,801,1315,30,86,8,8
ITE00100550,908,1315,30,86,9,11
ITE00100554,818,1315,30,86,8,11
AU000005901,806,1315,30,86,8,3
ITE00100550,822,1315,30,86,8,11
ITE00100550,910,1315,30,86,9,11
ITE00100550,708,1315,30,86,7,11
ITE00100550,712,1315,30,86,7,11
ASN00066062,1107,1315,30,86,11,2
ITE00100554,606,1315,30,86,6,11
ITE00100554,621,1315,30,86,6,11
ITE00100550,909,1315,30,86,9,11
CA006158350,811,1315,30,86,8,5
ASN00086071,1209,1315,30,86,12,2
AGE00135039,704,1315,30,86,7,1
AGE00135039,820,1315,30,86,8,1
ASN00090015,1120,1315,30,86,11,2
ASN00066062,116,1315,30,86,1,2
ITE00100550,623,1315,30,86,6,11
AGE00135039,824,1315,30,86,8,1
ASN00086071,109,1315,30,86,1,2
AGE00135039,729,1315,30,86,7,1
ITE00100550,803,1315,30,86,8,11
AGE00135039,728,1315,30,86,7,1
ITE00100550,706,1315,30,86,7,11
ITE00100554,715,1315,30,86,7,11
AU000005901,801,1315,30,86,8,3
ITE00100554,815,1315,30,86,8,11
AGE00135039,823,1315,30,86,8,1
ITE00100550,713,1315,30,87,7,11
ITE00100554,625,1315,30,87,6,11
ITE00100554,706,1315,30,87,7,11
AU000005901,823,1315,30,87,8,3
ASN00066062,110,1315,30,87,1,2
ITE00100550,717,1315,30,87,7,11
AU000005901,712,1315,30,87,7,3
ITE00100554,624,1315,30,87,6,11
AU000005901,809,1315,31,87,8,3
CA006158350,624,1315,31,87,6,5
ASN00086071,118,1315,31,87,1,2
CA006158350,719,1315,31,87,7,5
ITE00100554,626,1315,31,87,6,11
ASN00086071,331,1315,31,87,3,2
CA006158350,623,1315,31,87,6,5
ITE00100554,711,1315,31,87,7,11
ASN00066062,124,1315,31,87,1,2
ITE00100550,727,1315,31,87,7,11
ITE00100554,622,1315,31,87,6,11
ITE00100554,719,1315,31,87,7,11
ITE00100554,726,1315,31,87,7,11
ITE00100554,803,1315,31,87,8,11
ITE00100554,718,1315,31,87,7,11
ITE00100550,718,1315,31,87,7,11
ASN00066062,315,1315,31,87,3,2
ITE00100554,722,1315,31,87,7,11
ITE00100554,816,1315,31,88,8,11
ITE00100550,821,1315,31,88,8,11
ITE00100554,605,1315,31,88,6,11
ITE00100550,624,1315,31,88,6,11
ITE00100550,728,1315,31,88,7,11
ITE00100550,804,1315,31,88,8,11
ITE00100550,807,1315,31,88,8,11
ITE00100550,716,1315,31,88,7,11
AGE00135039,716,1315,31,88,7,1
AGE00135039,715,1315,31,88,7,1
ASN00090015,1208,1315,31,88,12,2
CA006158350,626,1315,31,88,6,5
ITE00100554,725,1315,31,88,7,11
CA006158350,716,1315,31,88,7,5
CA006158350,728,1315,31,88,7,5
ITE00100554,817,1315,31,88,8,11
CA006158350,720,1315,31,88,7,5
CA006158350,801,1315,31,88,8,5
CA006158350,622,1315,31,88,6,5
ITE00100554,712,1315,31,88,7,11
ITE00100554,724,1315,31,88,7,11
ITE00100550,730,1315,31,88,7,11
ITE00100550,823,1315,31,88,8,11
ASN00086071,217,1315,31,88,2,2
ITE00100550,622,1315,31,88,6,11
ITE00100550,731,1315,31,88,7,11
ASN00066062,1219,1315,31,88,12,2
ITE00100554,623,1315,32,89,6,11
ITE00100550,720,1315,32,89,7,11
ITE00100554,716,1315,32,89,7,11
ITE00100554,728,1315,32,89,7,11
ITE00100554,720,1315,32,89,7,11
ASN00086071,119,1315,32,89,1,2
ASN00086071,216,1315,32,89,2,2
ASN00086071,1217,1315,32,89,12,2
ITE00100550,723,1315,32,89,7,11
ITE00100550,816,1315,32,89,8,11
AGE00135039,818,1315,32,90,8,1
AGE00135039,709,1315,32,90,7,1
ITE00100554,721,1315,32,90,7,11
AGE00135039,727,1315,32,90,7,1
ITE00100550,810,1315,32,90,8,11
ITE00100554,730,1315,32,90,7,11
AU000005901,807,1315,32,90,8,3
AU000005901,802,1315,32,90,8,3
ITE00100554,804,1315,32,90,8,11
ITE00100550,722,1315,32,90,7,11
ASN00066062,117,1315,32,90,1,2
ITE00100554,713,1315,32,90,7,11
CA006158350,731,1315,32,90,7,5
ITE00100554,727,1315,32,90,7,11
ASN00086071,1120,1315,32,90,11,2
ITE00100554,723,1315,32,90,7,11
ITE00100550,721,1315,32,90,7,11
ITE00100554,731,1315,33,91,7,11
ASN00066062,208,1315,33,91,2,2
ITE00100554,717,1315,33,91,7,11
ASN00066062,1202,1315,33,91,12,2
ITE00100554,729,1315,33,91,7,11
ITE00100554,810,1315,33,91,8,11
AGE00135039,819,1315,33,91,8,1
ITE00100554,801,1315,33,92,8,11
ITE00100550,806,1315,33,92,8,11
ASN00086071,1130,1315,33,92,11,2
ASN00086071,1208,1315,33,92,12,2
ASN00086071,314,1315,33,92,3,2
CA006158350,809,1315,33,92,8,5
ITE00100554,809,1315,33,92,8,11
ITE00100550,801,1315,34,92,8,11
ITE00100550,805,1315,34,92,8,11
ITE00100554,807,1315,34,92,8,11
CA006158350,810,1315,34,93,8,5
ASN00086071,103,1315,34,93,1,2
CA006158350,625,1315,34,93,6,5
ITE00100554,808,1315,34,93,8,11
ASN00066062,120,1315,34,93,1,2
ASN00086071,1223,1315,34,93,12,2
AGE00135039,726,1315,34,93,7,1
ITE00100550,808,1315,34,93,8,11
ASN00066062,104,1315,34,94,1,2
ASN00066062,126,1315,34,94,1,2
CA006158350,808,1315,34,94,8,5
ASN00086071,218,1315,34,94,2,2
ITE00100550,802,1315,35,94,8,11
ITE00100554,806,1315,35,94,8,11
ITE00100550,809,1315,35,95,8,11
ITE00100554,805,1315,36,96,8,11
ITE00100554,802,1315,36,96,8,11
ASN00086071,108,1315,36,97,1,2
